[
    {
        "Video Name": "00faf954-74f7-4aa3-8b29-4a5dff4f9518",
        "Start Frame": 0,
        "End Frame": 120,
        "Caption": "#C C moves the box; #C C Moves a wooden brick mold on the ground; #C C moves the box; #C C Puts down a brick mold on the; #C C moves the box"
    },
    {
        "Video Name": "00faf954-74f7-4aa3-8b29-4a5dff4f9518",
        "Start Frame": 120,
        "End Frame": 240,
        "Caption": "#C C scoops soil with his hand; #C C rubs mud on the brick; #C C Spreads soil on a brick; #C C Spreads soil in a brick; #C C puts clay in the box"
    },
    {
        "Video Name": "00faf954-74f7-4aa3-8b29-4a5dff4f9518",
        "Start Frame": 240,
        "End Frame": 360,
        "Caption": "#C C rubs hands on the ground; #C C puts soil in the brick mould; #C C puts sand in a brick mould; #C C puts soil in the brick mould; #C C places soil in the box"
    },
    {
        "Video Name": "00faf954-74f7-4aa3-8b29-4a5dff4f9518",
        "Start Frame": 360,
        "End Frame": 480,
        "Caption": "#C C Molds clay on the ground; #C C rolls the mud on the ground; #C C rolls mud on the ground with; #C C rolls the mud on the ground; #C C moulds the clay"
    },
    {
        "Video Name": "00faf954-74f7-4aa3-8b29-4a5dff4f9518",
        "Start Frame": 480,
        "End Frame": 600,
        "Caption": "#C C puts clay in a brick; #C C puts mud in the brick; #C C puts clay in the box; #C C puts clay in the box; #C C puts clay in the box"
    },
    {
        "Video Name": "00faf954-74f7-4aa3-8b29-4a5dff4f9518",
        "Start Frame": 600,
        "End Frame": 720,
        "Caption": "#C C Puts down a brick mold on the; #C C places soil on the mud in the box; #C C puts sand on the brick mould; #C C moves the box; #C C moves the box"
    },
    {
        "Video Name": "00faf954-74f7-4aa3-8b29-4a5dff4f9518",
        "Start Frame": 720,
        "End Frame": 840,
        "Caption": "#C C puts brick on the ground from the brick; #C C puts brick on the ground from the brick; #C C Puts down molded clay on the ground; #C C puts brick on the ground from the brick; #C C puts brick on the ground from the brick"
    },
    {
        "Video Name": "00faf954-74f7-4aa3-8b29-4a5dff4f9518",
        "Start Frame": 840,
        "End Frame": 960,
        "Caption": "#C C Scoops clay from the; #C C scoops clay with the; #C C scoops clay with the; #C C scoops clay with the; #C C scoops clay with the"
    },
    {
        "Video Name": "00faf954-74f7-4aa3-8b29-4a5dff4f9518",
        "Start Frame": 960,
        "End Frame": 1080,
        "Caption": "#C C puts the clay in the brick mold ; #C C picks the clay; #C C moves the brick mold on the ground.; #C C puts clay in the brick mold ; #C C moves the brick mold on the ground."
    },
    {
        "Video Name": "00faf954-74f7-4aa3-8b29-4a5dff4f9518",
        "Start Frame": 1080,
        "End Frame": 1200,
        "Caption": "#C C rubs his hands with some; #C C puts mud on the brick box; #C C scoops the excess mud; #C C rubs hands with soil; #C C cuts mud from the brick mold"
    },
    {
        "Video Name": "00faf954-74f7-4aa3-8b29-4a5dff4f9518",
        "Start Frame": 1200,
        "End Frame": 1320,
        "Caption": "#C C picks brick maker; #C C puts brick maker down; #C C puts brick on the ground from the brick; #C C puts brick maker down; #C C moves the box"
    },
    {
        "Video Name": "00faf954-74f7-4aa3-8b29-4a5dff4f9518",
        "Start Frame": 1320,
        "End Frame": 1440,
        "Caption": "#C C puts sand in a brick mould; #C C pours sand from the brick; #C C puts sand in a brick mould; #C C pours sand from the brick; #C C puts sand in a brick mould"
    },
    {
        "Video Name": "00faf954-74f7-4aa3-8b29-4a5dff4f9518",
        "Start Frame": 1440,
        "End Frame": 1560,
        "Caption": "#C C rolls the clay on the ground; #C C rolls the wet clay on the; #C C mixes the concrete with sand; #C C mixes the concrete with sand; #C C moulds the clay"
    },
    {
        "Video Name": "00faf954-74f7-4aa3-8b29-4a5dff4f9518",
        "Start Frame": 1560,
        "End Frame": 1680,
        "Caption": "#C C puts mud on the heap of; #C C puts mud on the brick mould; #C C puts clay in the box; #C C puts mud in a brick mould; #C C Puts down clay on the"
    },
    {
        "Video Name": "00faf954-74f7-4aa3-8b29-4a5dff4f9518",
        "Start Frame": 1680,
        "End Frame": 1800,
        "Caption": "#C C moves the box; #C C moves the brick mold on the ground.; #C C puts brick maker down; #C C moves the brick mold; #C C moves the box"
    },
    {
        "Video Name": "00faf954-74f7-4aa3-8b29-4a5dff4f9518",
        "Start Frame": 1800,
        "End Frame": 1920,
        "Caption": "#C C puts sand in a brick; #C C rubs hands on the; #C C puts sand in a brick; #C C puts sand in a brick; #C C puts soil in the box"
    },
    {
        "Video Name": "00faf954-74f7-4aa3-8b29-4a5dff4f9518",
        "Start Frame": 1920,
        "End Frame": 2040,
        "Caption": "#C C moves the brick mold on the ground.; #C C moves the brick mold; #C C moves the brick mold on the ground.; #C C moves the brick mold on the ground.; #C C moves the brick mold on the ground."
    },
    {
        "Video Name": "00faf954-74f7-4aa3-8b29-4a5dff4f9518",
        "Start Frame": 2040,
        "End Frame": 2160,
        "Caption": "#C C puts mud in the box; #C C throws the excess wet clay on the heap of wet; #C C puts the clay in the brick mold ; #C C throws the excess wet clay on the heap of wet; #C C puts the clay in the box"
    },
    {
        "Video Name": "00faf954-74f7-4aa3-8b29-4a5dff4f9518",
        "Start Frame": 2160,
        "End Frame": 2280,
        "Caption": "#C C moves the; #C C moves the; #C C moves the; #C C moves the; #C C moves the"
    },
    {
        "Video Name": "00faf954-74f7-4aa3-8b29-4a5dff4f9518",
        "Start Frame": 2280,
        "End Frame": 2400,
        "Caption": "#C C pours soil from the brick mould; #C C puts sand in a brick mould; #C C moves the box; #C C puts soil in the brick mould; #C C puts sand in a brick mould"
    },
    {
        "Video Name": "00faf954-74f7-4aa3-8b29-4a5dff4f9518",
        "Start Frame": 2400,
        "End Frame": 2520,
        "Caption": "#C C rolls clay mix on the ground.; #C C rolls the clay on the ground.; #C C rolls the mud on the ground.; #C C rolls mud on the ground; #C C rolls clay mix on the ground."
    },
    {
        "Video Name": "00faf954-74f7-4aa3-8b29-4a5dff4f9518",
        "Start Frame": 2520,
        "End Frame": 2640,
        "Caption": "#C C moves the box; #C C moves the box; #C C Moves a brick mold on the ground; #C C moves the box; #C C puts the wet clay in the brick"
    },
    {
        "Video Name": "00faf954-74f7-4aa3-8b29-4a5dff4f9518",
        "Start Frame": 2640,
        "End Frame": 2760,
        "Caption": "#C C throws the mud on the other mud; #C C puts mud on top of the mud; #C C puts mud on the heap of mud; #C C puts mud on the heap of mud; #C C puts mud on the heap of mud"
    },
    {
        "Video Name": "00faf954-74f7-4aa3-8b29-4a5dff4f9518",
        "Start Frame": 2760,
        "End Frame": 2880,
        "Caption": "#C C puts the brick aside; #C C moves the box; #C C puts brick maker down; #C C moves the box; #C C moves the box"
    },
    {
        "Video Name": "00faf954-74f7-4aa3-8b29-4a5dff4f9518",
        "Start Frame": 2880,
        "End Frame": 3000,
        "Caption": "#C C pours sand from a brick; #C C pours sand from a brick; #C C puts sand in a brick mould; #C C moves the box; #C C pours the soil"
    },
    {
        "Video Name": "00faf954-74f7-4aa3-8b29-4a5dff4f9518",
        "Start Frame": 3000,
        "End Frame": 3120,
        "Caption": "#C C rolls clay mix on the ground.; #C C molds the mud ; #C C rolls mud on the ground with hands; #C C moulds the clay; #C C rolls the mud on the ground."
    },
    {
        "Video Name": "00faf954-74f7-4aa3-8b29-4a5dff4f9518",
        "Start Frame": 3120,
        "End Frame": 3240,
        "Caption": "#C C moves the brick mold; #C C moves the box; #C C puts clay in the brick; #C C moves the box; #C C puts mud in a brick"
    },
    {
        "Video Name": "00faf954-74f7-4aa3-8b29-4a5dff4f9518",
        "Start Frame": 3240,
        "End Frame": 3360,
        "Caption": "#C C puts clay in the box; #C C puts mud on the brick; #C C moves the box; #C C puts clay on the clay; #C C puts the mud on the"
    },
    {
        "Video Name": "00faf954-74f7-4aa3-8b29-4a5dff4f9518",
        "Start Frame": 3360,
        "End Frame": 3480,
        "Caption": "#C C moves the box; #C C holds the box ; #C C moves the box; #C C moves the box; #C C puts brick on the"
    },
    {
        "Video Name": "00faf954-74f7-4aa3-8b29-4a5dff4f9518",
        "Start Frame": 3480,
        "End Frame": 3600,
        "Caption": "#C C rubs his hands on the; #C C rubs his hands on the; #C C rubs his hands on the; #C C rubs his hands on the; #C C rubs his hands on the"
    },
    {
        "Video Name": "00faf954-74f7-4aa3-8b29-4a5dff4f9518",
        "Start Frame": 3600,
        "End Frame": 3720,
        "Caption": "#C C puts the clay on the clay mud; #C C molds the mud.; #C C moves the brick mold on the ground; #C C rolls the clay down; #C C mixes the concrete with sand"
    },
    {
        "Video Name": "00faf954-74f7-4aa3-8b29-4a5dff4f9518",
        "Start Frame": 3720,
        "End Frame": 3840,
        "Caption": "#C C puts mud in the box; #C C puts clay in the box; #C C puts mud in the brick mold; #C C puts the clay in the box; #C C puts mud in the brick mould"
    },
    {
        "Video Name": "00faf954-74f7-4aa3-8b29-4a5dff4f9518",
        "Start Frame": 3840,
        "End Frame": 3960,
        "Caption": "#C C puts clay in the brick mould; #C C puts the clay in the box; #C C puts soil on the clay mould; #C C puts clay in the brick mould; #C C puts the mud on the brick"
    },
    {
        "Video Name": "00faf954-74f7-4aa3-8b29-4a5dff4f9518",
        "Start Frame": 3960,
        "End Frame": 4080,
        "Caption": "#C C puts brick maker down ; #C C puts the brick mould on the; #C C moves the box; #C C pours sand from the brick; #C C moves the box"
    },
    {
        "Video Name": "00faf954-74f7-4aa3-8b29-4a5dff4f9518",
        "Start Frame": 4080,
        "End Frame": 4200,
        "Caption": "#C C rubs his hands on the; #C C rubs his hands on the; #C C rubs his hands on the; #C C rubs his hands on the; #C C rubs his hands on the"
    },
    {
        "Video Name": "00faf954-74f7-4aa3-8b29-4a5dff4f9518",
        "Start Frame": 4200,
        "End Frame": 4320,
        "Caption": "#C C picks up the wet clay on the; #C C presses the clay with his hands; #C C mixes the mortar with sand; #C C picks up the wet clay on the; #C C rolls clay on the ground"
    },
    {
        "Video Name": "00faf954-74f7-4aa3-8b29-4a5dff4f9518",
        "Start Frame": 4320,
        "End Frame": 4440,
        "Caption": "#C C puts clay in the; #C C puts clay in the; #C C puts clay in the; #C C puts clay in the; #C C puts clay in the"
    },
    {
        "Video Name": "00faf954-74f7-4aa3-8b29-4a5dff4f9518",
        "Start Frame": 4440,
        "End Frame": 4560,
        "Caption": "#C C puts the brick on the; #C C puts brick maker down; #C C puts brick maker down; #C C puts the brick on the; #C C puts the brick on the"
    },
    {
        "Video Name": "00faf954-74f7-4aa3-8b29-4a5dff4f9518",
        "Start Frame": 4560,
        "End Frame": 4680,
        "Caption": "#C C moves the box; #C C moves the box; #C C pours sand from the brick; #C C looks around; #C C moves the box"
    },
    {
        "Video Name": "00faf954-74f7-4aa3-8b29-4a5dff4f9518",
        "Start Frame": 4680,
        "End Frame": 4800,
        "Caption": "#C C moulds the mud ; #C C moulds the mud; #C C moulds the mud.; #C C rubs his hands on the soil; #C C rolls mud on the ground with hands"
    },
    {
        "Video Name": "00faf954-74f7-4aa3-8b29-4a5dff4f9518",
        "Start Frame": 4800,
        "End Frame": 4920,
        "Caption": "#C C moves the brick mold on the ground.; #C C moves the brick mold on the ground.; #C C moves the brick mold; #C C moves the brick mold; #C C moves the brick mold on the ground."
    },
    {
        "Video Name": "00faf954-74f7-4aa3-8b29-4a5dff4f9518",
        "Start Frame": 4920,
        "End Frame": 5040,
        "Caption": "#C C puts mud in the brick mould.; #C C puts mud in the box; #C C puts mud in the brick mold.; #C C puts mud in the box; #C C puts the clay in the brick mold"
    },
    {
        "Video Name": "00faf954-74f7-4aa3-8b29-4a5dff4f9518",
        "Start Frame": 5040,
        "End Frame": 5160,
        "Caption": "#C C puts box on the ground; #C C puts brick mold on the ground from the ground; #C C puts the brick mold on the ground; #C C moves the box; #C C puts the box down "
    },
    {
        "Video Name": "00faf954-74f7-4aa3-8b29-4a5dff4f9518",
        "Start Frame": 5160,
        "End Frame": 5280,
        "Caption": "#C C moves the box; #C C moves the box; #C C pours sand from the brick mould; #C C pours sand from the brick mould; #C C pours sand on the ground from the brick"
    },
    {
        "Video Name": "00faf954-74f7-4aa3-8b29-4a5dff4f9518",
        "Start Frame": 5280,
        "End Frame": 5400,
        "Caption": "#C C rolls mud on the ground ; #C C rolls mud on the ground; #C C rolls mud on the ground with hands; #C C rolls clay mix on the ground.; #C C rolls the clay down"
    }
]