[
    {
        "Video Name": "026a2f15-c454-4c28-80e0-24c85d7f4ecf",
        "Start Frame": 0,
        "End Frame": 120,
        "Caption": "#C C walks in the workshop; #C C holds the plank with both hands.; #C C holds the plank with both hands.; #C C walks in the room ; #C C moves the piece of wood to his right"
    },
    {
        "Video Name": "026a2f15-c454-4c28-80e0-24c85d7f4ecf",
        "Start Frame": 120,
        "End Frame": 240,
        "Caption": "#C C measures the wood; #C C places the wood plank on the table saw with both hands; #C C moves the wood on the table; #C C places the wood plank on the table saw with both hands; #C C pulls the piece of wood"
    },
    {
        "Video Name": "026a2f15-c454-4c28-80e0-24c85d7f4ecf",
        "Start Frame": 240,
        "End Frame": 360,
        "Caption": "#C C picks the wood; #C C places the wood on the table saw with both hands.; #C C drops the plank on the table saw with his left hand; #C C takes the wood ; #C C puts the wood on the table"
    },
    {
        "Video Name": "026a2f15-c454-4c28-80e0-24c85d7f4ecf",
        "Start Frame": 360,
        "End Frame": 480,
        "Caption": "#C C places the wood on the wood cutter; #C C places the piece of wood on the table saw with both hands; #C C puts the plank on the table saw with both hands.; #C C puts the wood on the table; #C C places the piece of wood on the table saw with both hands"
    },
    {
        "Video Name": "026a2f15-c454-4c28-80e0-24c85d7f4ecf",
        "Start Frame": 480,
        "End Frame": 600,
        "Caption": "#C C holds the wood ; #C C measures the wood with the measuring tape; #C C places the piece of wood on the table with his right hand; #C C holds the piece of wood with his right hand; #C C holds a wood with both hands"
    },
    {
        "Video Name": "026a2f15-c454-4c28-80e0-24c85d7f4ecf",
        "Start Frame": 600,
        "End Frame": 720,
        "Caption": "#C C holds the plank with his left; #C C pushes the wood ; #C C looks at the wood; #C C holds the wood with his right; #C C touches the wood"
    },
    {
        "Video Name": "026a2f15-c454-4c28-80e0-24c85d7f4ecf",
        "Start Frame": 720,
        "End Frame": 840,
        "Caption": "#C C passes the plank of wood from his right hand to his left hand; #C C passes the piece of wood to his right hand; #C C passes the wood plank from his right hand to his left hand.; #C C turns the wood; #C C holds the wood with his left hand."
    },
    {
        "Video Name": "026a2f15-c454-4c28-80e0-24c85d7f4ecf",
        "Start Frame": 840,
        "End Frame": 960,
        "Caption": "#C C drops the wood on the floor with his left hand; #C C puts wood on the floor; #C C walks around the workshop; #C C drops the wood on the ground with his left hand; #C C drops the plank on the floor with his left hand"
    },
    {
        "Video Name": "026a2f15-c454-4c28-80e0-24c85d7f4ecf",
        "Start Frame": 960,
        "End Frame": 1080,
        "Caption": "#C C walks around the workshop; #C C walks around the workshop; #C C walks around the room; #C C places the wood on the table saw; #C C walks towards the plank on the floor"
    },
    {
        "Video Name": "026a2f15-c454-4c28-80e0-24c85d7f4ecf",
        "Start Frame": 1080,
        "End Frame": 1200,
        "Caption": "#C C lifts the wood plank; #C C adjusts the plank on the table saw with both hands.; #C C turns the plank of wood on the table saw with both hands; #C C holds the wood with both hands; #C C drops the wood on the table saw."
    },
    {
        "Video Name": "026a2f15-c454-4c28-80e0-24c85d7f4ecf",
        "Start Frame": 1200,
        "End Frame": 1320,
        "Caption": "#C C places the wood on the table saw machine with his left hand.; #C C moves the plank on the table saw with both hands.; #C C places the wood on the table saw with his left hand.; #C C holds the plank with his left hand.; #C C holds the wood with his right hand."
    },
    {
        "Video Name": "026a2f15-c454-4c28-80e0-24c85d7f4ecf",
        "Start Frame": 1320,
        "End Frame": 1440,
        "Caption": "#C C picks a wood from the floor with his left hand; #C C walks around the workshop; #C C walks around the room; #C C walks in the room; #C C drops the wood on the floor with his left hand"
    },
    {
        "Video Name": "026a2f15-c454-4c28-80e0-24c85d7f4ecf",
        "Start Frame": 1440,
        "End Frame": 1560,
        "Caption": "#C C picks a wood from the table with his right hand.; #C C picks a wood; #C C picks the piece of wood ; #C C walks in the workshop; #C C picks a piece of wood from the table with his right hand"
    },
    {
        "Video Name": "026a2f15-c454-4c28-80e0-24c85d7f4ecf",
        "Start Frame": 1560,
        "End Frame": 1680,
        "Caption": "#C C holds the wood; #C C measures the wood with a tape; #C C holds the plank of wood with his right hand; #C C holds the piece of wood with his right hand; #C C  takes the measurements on the wood"
    },
    {
        "Video Name": "026a2f15-c454-4c28-80e0-24c85d7f4ecf",
        "Start Frame": 1680,
        "End Frame": 1800,
        "Caption": "#C C places the wood on the table saw with both hands; #C C holds the wood ; #C C picks a piece of wood; #C C picks a piece of wood; #C C holds the wood plank with his right hand."
    },
    {
        "Video Name": "026a2f15-c454-4c28-80e0-24c85d7f4ecf",
        "Start Frame": 1800,
        "End Frame": 1920,
        "Caption": "#C C adjusts the wood; #C C adjusts the wood on the table saw with his left hand; #C C touches the wood ; #C C places the wood on the table saw with his right hand; #C C puts the wood on the table saw"
    },
    {
        "Video Name": "026a2f15-c454-4c28-80e0-24c85d7f4ecf",
        "Start Frame": 1920,
        "End Frame": 2040,
        "Caption": "#C C holds the plank of wood with his left hand.; #C C marks a point on the wood with the pencil in his right hand; #C C marks the piece of wood with the pencil in his right hand.; #C C puts the pen on the wood; #C C marks the wood with a pencil"
    },
    {
        "Video Name": "026a2f15-c454-4c28-80e0-24c85d7f4ecf",
        "Start Frame": 2040,
        "End Frame": 2160,
        "Caption": "#C C holds the plank with both hands; #C C carries the wood ; #C C holds the wood with both hands; #C C holds the wood with both hands; #C C adjusts the wood"
    },
    {
        "Video Name": "026a2f15-c454-4c28-80e0-24c85d7f4ecf",
        "Start Frame": 2160,
        "End Frame": 2280,
        "Caption": "#C C drops the wood on the floor with his left hand.; #C C holds the piece of wood with his right hand.; #C C places the wood in his left hand on the floor.; #C C drops the piece of wood in his left hand on the ground; #C C passes the wooden plank in his right hand to his left hand"
    },
    {
        "Video Name": "026a2f15-c454-4c28-80e0-24c85d7f4ecf",
        "Start Frame": 2280,
        "End Frame": 2400,
        "Caption": "#C C walks towards the table saw.; #C C puts the piece of wood on the table saw machine ; #C C puts the piece of wood on the table saw machine; #C C carries the wood with both hands.; #C C moves the wood plank on the table saw with both hands"
    },
    {
        "Video Name": "026a2f15-c454-4c28-80e0-24c85d7f4ecf",
        "Start Frame": 2400,
        "End Frame": 2520,
        "Caption": "#C C cuts the piece of wood with the table saw; #C C cuts the piece of wood with the table saw; #C C moves the piece of wood on the table saw; #C C cuts the piece of wood with the table saw; #C C moves the wood on the table saw"
    },
    {
        "Video Name": "026a2f15-c454-4c28-80e0-24c85d7f4ecf",
        "Start Frame": 2520,
        "End Frame": 2640,
        "Caption": "#C C adjusts the table saw with his left hand; #C C touches the table saw with his left hand; #C C adjusts the table saw with his left hand; #C C touches the wood with his left hand; #C C moves the wood "
    },
    {
        "Video Name": "026a2f15-c454-4c28-80e0-24c85d7f4ecf",
        "Start Frame": 2640,
        "End Frame": 2760,
        "Caption": "#C C cuts the piece of wood with the table saw; #C C cuts the wood with the cutting machine; #C C cuts the wood with the table saw ; #C C slices the plank of wood with the table saw with both hands; #C C cuts the piece of wood with the table saw."
    },
    {
        "Video Name": "026a2f15-c454-4c28-80e0-24c85d7f4ecf",
        "Start Frame": 2760,
        "End Frame": 2880,
        "Caption": "#C C cuts the piece of wood with the table saw with his right hand; #C C cuts the piece of wood with the table saw ; #C C cuts the block of wood with the table saw; #C C cuts the piece of wood with the table saw with both hands.; #C C cuts the piece of wood with the table saw with his right hand"
    },
    {
        "Video Name": "026a2f15-c454-4c28-80e0-24c85d7f4ecf",
        "Start Frame": 2880,
        "End Frame": 3000,
        "Caption": "#C C slices the wood with the table saw; #C C cuts the piece of wood with the saw with his right hand.; #C C cuts the piece of wood with a saw; #C C cuts the piece of wood in his hands with the table saw.; #C C cuts the piece of wood with the table saw with his right hand"
    },
    {
        "Video Name": "026a2f15-c454-4c28-80e0-24c85d7f4ecf",
        "Start Frame": 3000,
        "End Frame": 3120,
        "Caption": "#C C cuts the piece of wood with the table saw with both hands; #C C cuts the piece of wood with a table saw; #C C holds the wood; #C C cuts the piece of wood with a table saw; #C C cuts the piece of wood with the table saw"
    },
    {
        "Video Name": "026a2f15-c454-4c28-80e0-24c85d7f4ecf",
        "Start Frame": 3120,
        "End Frame": 3240,
        "Caption": "#C C cuts the piece of wood with a table saw; #C C cuts the plank with the table saw.; #C C cuts a piece of wood with a wood cutter ; #C C cuts the piece of wood with the table saw with his right hand; #C C cuts the plank in his left hand with the table saw. "
    },
    {
        "Video Name": "026a2f15-c454-4c28-80e0-24c85d7f4ecf",
        "Start Frame": 3240,
        "End Frame": 3360,
        "Caption": "#C C cuts the piece of wood with the table saw with his right hand; #C C cuts the piece of wood with the saw; #C C cuts the piece of wood with a table saw; #C C cuts the piece of wood with the saw in his right hand.; #C C cuts the plank of wood with the table saw with his right hand"
    },
    {
        "Video Name": "026a2f15-c454-4c28-80e0-24c85d7f4ecf",
        "Start Frame": 3360,
        "End Frame": 3480,
        "Caption": "#C C cuts the piece of wood with a table saw; #C C cuts the plank of wood in his hands with the table saw; #C C cuts the piece of wood with the table saw; #C C cuts the piece of wood with a table saw; #C C cuts the piece of wood with the table saw."
    },
    {
        "Video Name": "026a2f15-c454-4c28-80e0-24c85d7f4ecf",
        "Start Frame": 3480,
        "End Frame": 3600,
        "Caption": "#C C cuts the piece of wood with the table saw with his right hand; #C C cuts the piece of wood with a table saw; #C C cuts the wood with the table saw; #C C cuts the plank with the table saw with both hands.; #C C cuts the piece of wood with the table saw"
    },
    {
        "Video Name": "026a2f15-c454-4c28-80e0-24c85d7f4ecf",
        "Start Frame": 3600,
        "End Frame": 3720,
        "Caption": "#C C cuts the wood with the saw; #C C cuts the piece of wood with the saw; #C C holds a piece of wood; #C C slices the wood; #C C cuts the piece of wood in his hands with the table saw"
    },
    {
        "Video Name": "026a2f15-c454-4c28-80e0-24c85d7f4ecf",
        "Start Frame": 3720,
        "End Frame": 3840,
        "Caption": "#C C cuts the piece of wood with a wood cutter; #C C cuts the wood with a table saw; #C C cuts the piece of wood with the table saw; #C C slices the piece of wood with the table saw; #C C cuts the wood with the saw"
    },
    {
        "Video Name": "026a2f15-c454-4c28-80e0-24c85d7f4ecf",
        "Start Frame": 3840,
        "End Frame": 3960,
        "Caption": "#C C cuts the piece of wood on the table saw with the circular saw in his right hand; #C C cuts the piece of wood with the table saw with both hands.; #C C cuts the piece of wood with the table saw with both hands. ; #C C cuts the wood with a table saw; #C C cuts the piece of wood with the table saw"
    },
    {
        "Video Name": "026a2f15-c454-4c28-80e0-24c85d7f4ecf",
        "Start Frame": 3960,
        "End Frame": 4080,
        "Caption": "#C C cuts the piece of wood with the table saw with both hands; #C C cuts the piece of wood with the saw with his right hand; #C C cuts the wood with a saw; #C C cuts the piece of wood with the table saw with both hands; #C C cuts the piece of wood with the table saw with both hands"
    },
    {
        "Video Name": "026a2f15-c454-4c28-80e0-24c85d7f4ecf",
        "Start Frame": 4080,
        "End Frame": 4200,
        "Caption": "#C C cuts the piece of wood on the table saw with the table saw blade with both hands; #C C cuts the piece of wood with the table saw; #C C cuts the wood; #C C cuts the wood ; #C C cuts the piece of wood with the table saw with both hands."
    },
    {
        "Video Name": "026a2f15-c454-4c28-80e0-24c85d7f4ecf",
        "Start Frame": 4200,
        "End Frame": 4320,
        "Caption": "#C C places the wood on the table saw with his right hand.; #C C places the wood on the table saw; #C C drops the wood plank on the table saw with his left hand; #C C places the wood on the table saw with his hands.; #C C holds the wood plank with his right hand."
    },
    {
        "Video Name": "026a2f15-c454-4c28-80e0-24c85d7f4ecf",
        "Start Frame": 4320,
        "End Frame": 4440,
        "Caption": "#C C passes the wood clamp from his right hand to his left hand.; #C C passes the piece of wood from his right hand to his left hand; #C C holds the folding ruler with both hands.; #C C walks towards a table saw.; #C C passes the folding rule to his right hand."
    },
    {
        "Video Name": "026a2f15-c454-4c28-80e0-24c85d7f4ecf",
        "Start Frame": 4440,
        "End Frame": 4560,
        "Caption": "#C C drops the piece of wood in his right hand into the box on the floor. ; #C C puts the tube in the box; #C C drops the piece of wood on the table saw with his right hand.; #C C picks a wood plank from a table saw with his right hand. ; #C C drops the wood shavings in his right hand into the dustbin on the table"
    },
    {
        "Video Name": "026a2f15-c454-4c28-80e0-24c85d7f4ecf",
        "Start Frame": 4560,
        "End Frame": 4680,
        "Caption": "#C C picks a piece of wood from the box on the table with his right hand; #C C picks the sand paper with his right hand; #C C picks a sanding disc from the box with his right hand.; #C C takes a sandpaper ; #C C picks a plastic box from the table with his right hand."
    },
    {
        "Video Name": "026a2f15-c454-4c28-80e0-24c85d7f4ecf",
        "Start Frame": 4680,
        "End Frame": 4800,
        "Caption": "#C C puts a pen on the table; #C C picks a piece of wood from the carton with his right hand; #C C picks a ruler from the table with his right hand.; #C C puts the block on the table; #C C puts the pencil on the table"
    },
    {
        "Video Name": "026a2f15-c454-4c28-80e0-24c85d7f4ecf",
        "Start Frame": 4800,
        "End Frame": 4920,
        "Caption": "#C C picks a small piece of wood from the floor with his right hand.; #C C picks up the wood from the table with his right hand.; #C C picks a piece of wood from the table with his right hand.; #C C picks the small piece of wood from the workshop table with his right hand; #C C picks a wood block on the table with his right hand."
    },
    {
        "Video Name": "026a2f15-c454-4c28-80e0-24c85d7f4ecf",
        "Start Frame": 4920,
        "End Frame": 5040,
        "Caption": "#C C drops the plank on the table saw.; #C C drops the plank on the table saw with his left hand.; #C C looks around; #C C moves the piece of wood on the table with his left hand; #C C takes the plank from the table saw with his left hand."
    },
    {
        "Video Name": "026a2f15-c454-4c28-80e0-24c85d7f4ecf",
        "Start Frame": 5040,
        "End Frame": 5160,
        "Caption": "#C C looks around the room ; #C C turns around ; #C C puts a piece of wood on the; #C C picks a piece of wood; #C C turns to the other side"
    },
    {
        "Video Name": "026a2f15-c454-4c28-80e0-24c85d7f4ecf",
        "Start Frame": 5160,
        "End Frame": 5280,
        "Caption": "#C C walks around the; #C C walks in the; #C C walks around the; #C C walks around the; #C C walks around the"
    },
    {
        "Video Name": "026a2f15-c454-4c28-80e0-24c85d7f4ecf",
        "Start Frame": 5280,
        "End Frame": 5400,
        "Caption": "#C C walks around the room; #C C walks in the room; #C C looks around ; #C C walks in the room; #C C walks around the room"
    }
]