[
    {
        "Video Name": "0437cf5f-5014-47d6-b4b3-f299380aa688",
        "Start Frame": 0,
        "End Frame": 120,
        "Caption": "#C C pushes the books ; #C C adjusts books in the shelf with his right hand; #C C adjusts the books; #C C adjusts the books on the shelf ; #C C removes a book from the shelf"
    },
    {
        "Video Name": "0437cf5f-5014-47d6-b4b3-f299380aa688",
        "Start Frame": 120,
        "End Frame": 240,
        "Caption": "#C C places books in the shelf; #C C puts the books on the shelf; #C C puts the books on the shelf ; #C C picks up the books from the floor; #C C puts books on shelf"
    },
    {
        "Video Name": "0437cf5f-5014-47d6-b4b3-f299380aa688",
        "Start Frame": 240,
        "End Frame": 360,
        "Caption": "#C C puts the books on the floor; #C C puts books on top of the pile of; #C C puts the books on the floor ; #C C puts books on top of books; #C C puts the book down"
    },
    {
        "Video Name": "0437cf5f-5014-47d6-b4b3-f299380aa688",
        "Start Frame": 360,
        "End Frame": 480,
        "Caption": "#C C picks the book; #C C picks a book; #C C picks a book; #C C puts book on the; #C C takes book"
    },
    {
        "Video Name": "0437cf5f-5014-47d6-b4b3-f299380aa688",
        "Start Frame": 480,
        "End Frame": 600,
        "Caption": "#C C wipes the book with the; #C C peruses the book; #C C wipes the book; #C C wipes the book with the; #C C wipes the book"
    },
    {
        "Video Name": "0437cf5f-5014-47d6-b4b3-f299380aa688",
        "Start Frame": 600,
        "End Frame": 720,
        "Caption": "#C C opens the book; #C C opens the pages of the book; #C C flips the pages of the book; #C C flaps the pages with his right hand; #C C opens the book"
    },
    {
        "Video Name": "0437cf5f-5014-47d6-b4b3-f299380aa688",
        "Start Frame": 720,
        "End Frame": 840,
        "Caption": "#C C opens the book; #C C peruses through the pages; #C C opens the book; #C C opens the book; #C C flips through the pages"
    },
    {
        "Video Name": "0437cf5f-5014-47d6-b4b3-f299380aa688",
        "Start Frame": 840,
        "End Frame": 960,
        "Caption": "#C C opens the; #C C opens the; #C C picks a; #C C opens the; #C C picks the"
    },
    {
        "Video Name": "0437cf5f-5014-47d6-b4b3-f299380aa688",
        "Start Frame": 960,
        "End Frame": 1080,
        "Caption": "#C C puts the book aside; #C C puts down the book; #C C puts the book aside ; #C C wipes the book with the cloth; #C C puts the book on the pile of"
    },
    {
        "Video Name": "0437cf5f-5014-47d6-b4b3-f299380aa688",
        "Start Frame": 1080,
        "End Frame": 1200,
        "Caption": "#C C flips through pages of the; #C C flips the pages of the; #C C flips the pages of the; #C C peruses through the pages; #C C flips the pages of the"
    },
    {
        "Video Name": "0437cf5f-5014-47d6-b4b3-f299380aa688",
        "Start Frame": 1200,
        "End Frame": 1320,
        "Caption": "#C C puts the book on the floor; #C C puts the book down ; #C C puts the book away; #C C puts the book aside; #C C puts the book on top of the pile of"
    },
    {
        "Video Name": "0437cf5f-5014-47d6-b4b3-f299380aa688",
        "Start Frame": 1320,
        "End Frame": 1440,
        "Caption": "#C C peruses through the; #C C peruses through the; #C C opens the book; #C C opens the book; #C C opens the book"
    },
    {
        "Video Name": "0437cf5f-5014-47d6-b4b3-f299380aa688",
        "Start Frame": 1440,
        "End Frame": 1560,
        "Caption": "#C C wipes the book with the clothe; #C C wipes the book; #C C wipes the book with the cloth ; #C C wipes the book; #C C wipes the book with the piece of"
    },
    {
        "Video Name": "0437cf5f-5014-47d6-b4b3-f299380aa688",
        "Start Frame": 1560,
        "End Frame": 1680,
        "Caption": "#C C puts the book on top of the pile of; #C C puts the book on the pile of books; #C C puts the book on top of the pile of; #C C puts the book on the floor; #C C puts the book aside"
    },
    {
        "Video Name": "0437cf5f-5014-47d6-b4b3-f299380aa688",
        "Start Frame": 1680,
        "End Frame": 1800,
        "Caption": "#C C opens the book; #C C flips the pages of the; #C C opens the book; #C C flips the page of the; #C C opens the book"
    },
    {
        "Video Name": "0437cf5f-5014-47d6-b4b3-f299380aa688",
        "Start Frame": 1800,
        "End Frame": 1920,
        "Caption": "#C C puts the book on the floor; #C C puts the book on the floor; #C C puts the book on the floor; #C C puts the book on top of the pile of; #C C puts the book on the floor"
    },
    {
        "Video Name": "0437cf5f-5014-47d6-b4b3-f299380aa688",
        "Start Frame": 1920,
        "End Frame": 2040,
        "Caption": "#C C opens the book; #C C flaps the; #C C opens the book; #C C opens the book; #C C opens the book"
    },
    {
        "Video Name": "0437cf5f-5014-47d6-b4b3-f299380aa688",
        "Start Frame": 2040,
        "End Frame": 2160,
        "Caption": "#C C opens a book; #C C opens the book; #C C opens the book; #C C opens the book; #C C opens the book"
    },
    {
        "Video Name": "0437cf5f-5014-47d6-b4b3-f299380aa688",
        "Start Frame": 2160,
        "End Frame": 2280,
        "Caption": "#C C picks the book; #C C puts the book on top of the pile of; #C C puts the book down ; #C C takes the book; #C C picks a book"
    },
    {
        "Video Name": "0437cf5f-5014-47d6-b4b3-f299380aa688",
        "Start Frame": 2280,
        "End Frame": 2400,
        "Caption": "#C C wipes the book; #C C wipes the book ; #C C wipes a book; #C C wipes a book with a cloth; #C C wipes the book with a piece of cloth"
    },
    {
        "Video Name": "0437cf5f-5014-47d6-b4b3-f299380aa688",
        "Start Frame": 2400,
        "End Frame": 2520,
        "Caption": "#C C picks book; #C C picks a book from the floor with his left hand; #C C puts the book aside; #C C puts the book on the floor; #c c picks a book"
    },
    {
        "Video Name": "0437cf5f-5014-47d6-b4b3-f299380aa688",
        "Start Frame": 2520,
        "End Frame": 2640,
        "Caption": "#C C flips the pages of the book; #C C flips the pages of the book; #C C flips the pages of the book with his right hand; #C C peruses through the pages; #C C flips the pages of the book"
    },
    {
        "Video Name": "0437cf5f-5014-47d6-b4b3-f299380aa688",
        "Start Frame": 2640,
        "End Frame": 2760,
        "Caption": "#C C puts the book on top of the pile of; #C C puts the book on the pile of books; #C C puts the book aside; #C C puts the book aside ; #C C puts the book on top of the other books"
    },
    {
        "Video Name": "0437cf5f-5014-47d6-b4b3-f299380aa688",
        "Start Frame": 2760,
        "End Frame": 2880,
        "Caption": "#C C opens the pages of the; #C C flips the pages of the; #C C flips the pages of the; #C C flips the pages of the; #C C closes the book"
    },
    {
        "Video Name": "0437cf5f-5014-47d6-b4b3-f299380aa688",
        "Start Frame": 2880,
        "End Frame": 3000,
        "Caption": "#C C opens the; #C C picks a; #C C picks the; #C C opens the; #C C picks a"
    },
    {
        "Video Name": "0437cf5f-5014-47d6-b4b3-f299380aa688",
        "Start Frame": 3000,
        "End Frame": 3120,
        "Caption": "#C C puts the book on the floor; #C C puts the book aside; #C C puts the book on top of the pile of; #C C puts the book on the floor; #C C puts the book on top of the pile of"
    },
    {
        "Video Name": "0437cf5f-5014-47d6-b4b3-f299380aa688",
        "Start Frame": 3120,
        "End Frame": 3240,
        "Caption": "#C C reads the; #C C reads a; #C C reads the; #C C reads the; #C C reads the"
    },
    {
        "Video Name": "0437cf5f-5014-47d6-b4b3-f299380aa688",
        "Start Frame": 3240,
        "End Frame": 3360,
        "Caption": "#C C flips the pages of the; #C C looks at the book; #C C reads the book; #C C reads a book; #C C looks at the book"
    },
    {
        "Video Name": "0437cf5f-5014-47d6-b4b3-f299380aa688",
        "Start Frame": 3360,
        "End Frame": 3480,
        "Caption": "#C C opens the book page; #C C flips the pages of the; #C C reads the book; #C C flips a page ; #C C peruses a book"
    },
    {
        "Video Name": "0437cf5f-5014-47d6-b4b3-f299380aa688",
        "Start Frame": 3480,
        "End Frame": 3600,
        "Caption": "#C C wipes the book with a piece of; #C C wipes the book ; #C C wipes the book ; #C C wipes the book; #C C wipes the book"
    },
    {
        "Video Name": "0437cf5f-5014-47d6-b4b3-f299380aa688",
        "Start Frame": 3600,
        "End Frame": 3720,
        "Caption": "#C C opens the book; #C C peruses through the book; #C C opens the book; #C C flips the pages of the book; #C C peruses through the pages of the"
    },
    {
        "Video Name": "0437cf5f-5014-47d6-b4b3-f299380aa688",
        "Start Frame": 3720,
        "End Frame": 3840,
        "Caption": "#C C places the book on the floor ; #C C adjusts a book on the floor with his left hand; #C C puts book on the floor; #C C puts the book on top of the pile of books; #C C picks a book"
    },
    {
        "Video Name": "0437cf5f-5014-47d6-b4b3-f299380aa688",
        "Start Frame": 3840,
        "End Frame": 3960,
        "Caption": "#C C opens the; #C C opens the; #C C picks the; #C C picks a; #C C opens the"
    },
    {
        "Video Name": "0437cf5f-5014-47d6-b4b3-f299380aa688",
        "Start Frame": 3960,
        "End Frame": 4080,
        "Caption": "#C C opens the book; #C C opens the book; #C C opens the pages of the book; #C C flips the pages of the book; #C C peruses through the pages of the"
    },
    {
        "Video Name": "0437cf5f-5014-47d6-b4b3-f299380aa688",
        "Start Frame": 4080,
        "End Frame": 4200,
        "Caption": "#C C picks a book; #C C picks the book; #C C picks the book; #C C takes the book; #C C takes a book"
    },
    {
        "Video Name": "0437cf5f-5014-47d6-b4b3-f299380aa688",
        "Start Frame": 4200,
        "End Frame": 4320,
        "Caption": "#C C places the book on the floor; #C C picks books from the floor; #C C puts down the book with his left hand; #C C puts the book down ; #C C puts the book down"
    },
    {
        "Video Name": "0437cf5f-5014-47d6-b4b3-f299380aa688",
        "Start Frame": 4320,
        "End Frame": 4440,
        "Caption": "#C C flips pages of the book; #C C opens the pages of the book; #C C peruses the pages of the; #C C peruses a book; #C C peruses through the pages "
    },
    {
        "Video Name": "0437cf5f-5014-47d6-b4b3-f299380aa688",
        "Start Frame": 4440,
        "End Frame": 4560,
        "Caption": "#C C puts the book aside; #C C puts the book aside; #C C puts book on the; #C C places book on the; #C C puts the book down"
    },
    {
        "Video Name": "0437cf5f-5014-47d6-b4b3-f299380aa688",
        "Start Frame": 4560,
        "End Frame": 4680,
        "Caption": "#C C  flips a page; #C C picks a cloth; #C C picks the cloth; #C C picks the clothe; #C C picks cloth from laps"
    },
    {
        "Video Name": "0437cf5f-5014-47d6-b4b3-f299380aa688",
        "Start Frame": 4680,
        "End Frame": 4800,
        "Caption": "#C C opens the book; #C C opens the book; #C C flips through the pages of the; #C C opens the book; #C C opens a book"
    },
    {
        "Video Name": "0437cf5f-5014-47d6-b4b3-f299380aa688",
        "Start Frame": 4800,
        "End Frame": 4920,
        "Caption": "#C C picks up the; #C C picks a book; #C C picks a book; #C C picks a book; #C C opens the book"
    },
    {
        "Video Name": "0437cf5f-5014-47d6-b4b3-f299380aa688",
        "Start Frame": 4920,
        "End Frame": 5040,
        "Caption": "#C C puts the book aside; #C C puts the book aside; #C C puts the book on the; #C C opens the book; #C C closes the book"
    },
    {
        "Video Name": "0437cf5f-5014-47d6-b4b3-f299380aa688",
        "Start Frame": 5040,
        "End Frame": 5160,
        "Caption": "#C C flips the pages of the book; #C C opens the book; #C C opens the book; #C C peruses through the pages of the; #C C opens the book"
    },
    {
        "Video Name": "0437cf5f-5014-47d6-b4b3-f299380aa688",
        "Start Frame": 5160,
        "End Frame": 5280,
        "Caption": "#C C opens the pages of the book; #C C opens the book; #C C opens the book; #C C flips through the pages of the; #C C opens the book"
    },
    {
        "Video Name": "0437cf5f-5014-47d6-b4b3-f299380aa688",
        "Start Frame": 5280,
        "End Frame": 5400,
        "Caption": "#C C puts the book on the; #C C closes the book; #C C flips the pages of the; #C C opens the book; #C C closes the book"
    }
]