[
    {
        "Video Name": "057f8774-15c2-4e2e-b9fd-75f26d4b3b83",
        "Start Frame": 0,
        "End Frame": 120,
        "Caption": "#C C mixes the dough with the flour; #C C gathers flour in the tray with her right hand; #C C mixes the dough in the tray with her right; #C C scoops flour; #C C mixes the dough with water"
    },
    {
        "Video Name": "057f8774-15c2-4e2e-b9fd-75f26d4b3b83",
        "Start Frame": 120,
        "End Frame": 240,
        "Caption": "#C C mixes the water in the bowl in her left hand with her right hand; #C C pours water on her hands; #C C pours water on her hands ; #C C pours water on the bowl with her left hand.; #C C applies water on her hands"
    },
    {
        "Video Name": "057f8774-15c2-4e2e-b9fd-75f26d4b3b83",
        "Start Frame": 240,
        "End Frame": 360,
        "Caption": "#C C touches the dough; #C C kneads the dough; #C C mixes the dough; #C C mixes the dough; #C C picks dough from the tray with her right hand"
    },
    {
        "Video Name": "057f8774-15c2-4e2e-b9fd-75f26d4b3b83",
        "Start Frame": 360,
        "End Frame": 480,
        "Caption": "#C C mixes the dough with flour in the; #C C adjusts the kneading  board; #C C mixes the dough with her right hand; #C C kneads the dough; #C C touches the flour"
    },
    {
        "Video Name": "057f8774-15c2-4e2e-b9fd-75f26d4b3b83",
        "Start Frame": 480,
        "End Frame": 600,
        "Caption": "#C C kneads the dough; #C C mixes the dough ; #C C mixes the dough; #C C  scoops dough from the bowl with her right hand; #C C mixes the dough with her hands"
    },
    {
        "Video Name": "057f8774-15c2-4e2e-b9fd-75f26d4b3b83",
        "Start Frame": 600,
        "End Frame": 720,
        "Caption": "#C C  kneads dough; #C C kneads dough ; #C C kneads dough; #C C puts the dough in the; #C C kneads dough "
    },
    {
        "Video Name": "057f8774-15c2-4e2e-b9fd-75f26d4b3b83",
        "Start Frame": 720,
        "End Frame": 840,
        "Caption": "#C C kneads dough; #C C kneads dough ; #C C cuts dough; #C C kneads the dough; #C C kneads dough "
    },
    {
        "Video Name": "057f8774-15c2-4e2e-b9fd-75f26d4b3b83",
        "Start Frame": 840,
        "End Frame": 960,
        "Caption": "#C C wipes her hands; #C C kneads the dough with her; #C C rubs her palms together.; #C C rubs her hands together.; #C C rubs her hands together."
    },
    {
        "Video Name": "057f8774-15c2-4e2e-b9fd-75f26d4b3b83",
        "Start Frame": 960,
        "End Frame": 1080,
        "Caption": "#C C kneads the dough with her; #C C rubs her hands; #C C rubs the dough on her hands; #C C kneads dough with her hands; #C C dusts her hands together."
    },
    {
        "Video Name": "057f8774-15c2-4e2e-b9fd-75f26d4b3b83",
        "Start Frame": 1080,
        "End Frame": 1200,
        "Caption": "#O The man X walks past C.; #C C kneads the dough in the bowl with both hands; #C C kneads the dough with both hands.; #C C kneads the dough with both hands.; #C C rubs the flour on the basin "
    },
    {
        "Video Name": "057f8774-15c2-4e2e-b9fd-75f26d4b3b83",
        "Start Frame": 1200,
        "End Frame": 1320,
        "Caption": "#C C rubs her palms together; #C C dusts her hands.; #C C dusts her hands.; #C C rubs her hands; #C C dusts her hands."
    },
    {
        "Video Name": "057f8774-15c2-4e2e-b9fd-75f26d4b3b83",
        "Start Frame": 1320,
        "End Frame": 1440,
        "Caption": "#C C picks a tray of yam from a heap on the floor with her left hand; #C C takes the pot cover; #C C picks the tray; #C C picks a tray from a pot on the floor with her right hand.; #C C picks a stainless bowl from the ground with her right hand."
    },
    {
        "Video Name": "057f8774-15c2-4e2e-b9fd-75f26d4b3b83",
        "Start Frame": 1440,
        "End Frame": 1560,
        "Caption": "#C C pours the water in the pot into the pot on the stove with the spoon in her right hand; #C C pours the rice into the pot from the spoon in her right hand.; #C C puts the serving spoon in the pot on the stove with her right hand.; #C C puts the lid on the pot.; #C C puts the spoon in the pot with her right hand."
    },
    {
        "Video Name": "057f8774-15c2-4e2e-b9fd-75f26d4b3b83",
        "Start Frame": 1560,
        "End Frame": 1680,
        "Caption": "#C C puts the spoon on the tray; #C C puts spoon on a platter; #C C puts the cooking spoon on the; #C C puts the serving spoon down.; #C C puts the spoon in the tray"
    },
    {
        "Video Name": "057f8774-15c2-4e2e-b9fd-75f26d4b3b83",
        "Start Frame": 1680,
        "End Frame": 1800,
        "Caption": "#C C opens the pot on the stove with her left hand.; #C C picks a tray from the floor; #C C picks the tray from the pot on the floor with her left hand; #C C opens the pot on the stove with her left hand.; #C C picks a tray from a pot on the floor with her left hand"
    },
    {
        "Video Name": "057f8774-15c2-4e2e-b9fd-75f26d4b3b83",
        "Start Frame": 1800,
        "End Frame": 1920,
        "Caption": "#C C picks the spoon from the pan with her right hand. ; #C C puts food into the pan; #C C scoops the oil with the spoon; #C C pours the rice into the pan. ; #C C pours rice into the pot with the spoon in her right hand"
    },
    {
        "Video Name": "057f8774-15c2-4e2e-b9fd-75f26d4b3b83",
        "Start Frame": 1920,
        "End Frame": 2040,
        "Caption": "#C C stirs the food ; #C C picks the spoon from the pot with her right hand. ; #C C stirs the vegetable soup with the spoon in her right hand; #C C puts the food on the cooking pot; #C C pours the vegetables inside the pot. "
    },
    {
        "Video Name": "057f8774-15c2-4e2e-b9fd-75f26d4b3b83",
        "Start Frame": 2040,
        "End Frame": 2160,
        "Caption": "#C C pushes food into the cooking pot; #C C stirs the vegetable soup with the spoon in her right hand.; #C C stirs the rice in the pot with the spoon in her right hand; #C C picks the spoon on the pot with her right hand.; #C C pushes the pot on the stove with her left hand. "
    },
    {
        "Video Name": "057f8774-15c2-4e2e-b9fd-75f26d4b3b83",
        "Start Frame": 2160,
        "End Frame": 2280,
        "Caption": "#C C stirs the vegetable; #C C mixes the vegetable in the pot with the spoon in her right hand; #C C stirs the food; #C C mixes the vegetables in the  pot with the spoon.; #C C stirs food with spoon"
    },
    {
        "Video Name": "057f8774-15c2-4e2e-b9fd-75f26d4b3b83",
        "Start Frame": 2280,
        "End Frame": 2400,
        "Caption": "#C C puts the spoon in the pot; #C C stirs the vegetables in the pot with the spoon in her right hand.; #C C holds the spoon; #C C stirs the vegetables in the pot with the spoon in her right hand.; #C C stirs the vegetable with the spoon in her right hand."
    },
    {
        "Video Name": "057f8774-15c2-4e2e-b9fd-75f26d4b3b83",
        "Start Frame": 2400,
        "End Frame": 2520,
        "Caption": "#C C mixes the food in the pot with the spoon in her right hand.; #C C stirs the food in the pot with the spoon in her right hand; #C C stirs the vegetables in the pot with the spoon in her right hand; #C C stirs the vegetables with the spoon. ; #C C stirs the vegetables in the pot with the spoon in her right hand"
    },
    {
        "Video Name": "057f8774-15c2-4e2e-b9fd-75f26d4b3b83",
        "Start Frame": 2520,
        "End Frame": 2640,
        "Caption": "#C C stirs the food in the pot with the spoon in her right hand.; # C C puts food on cooking pot; #C C stirs the vegetables in the pot with the spoon in her right hand.; #C C puts the food into the pot on the stove with the spoon in her right hand; #C C stirs the rice in the pot with the spoon in her right hand."
    },
    {
        "Video Name": "057f8774-15c2-4e2e-b9fd-75f26d4b3b83",
        "Start Frame": 2640,
        "End Frame": 2760,
        "Caption": "#C C picks the spoon from the pot on the stove with her right hand; #C C drops the spoon in the pot with her right hand.; #C C  stirs food in the pan ; #C C picks the lid from the pot with her left hand.; #C C covers the pot with the pot cover in her right hand."
    },
    {
        "Video Name": "057f8774-15c2-4e2e-b9fd-75f26d4b3b83",
        "Start Frame": 2760,
        "End Frame": 2880,
        "Caption": "#C C puts the serving spoon in the tray; #C C puts down the spoon; #C C places the steel flat cooking spoon on the tray; #C C puts the tray on the floor; #C C drops the spoon on the tray with her right hand"
    },
    {
        "Video Name": "057f8774-15c2-4e2e-b9fd-75f26d4b3b83",
        "Start Frame": 2880,
        "End Frame": 3000,
        "Caption": "#C C carries the napkin on the floor with her right hand; #C C holds the cloth on her leg with her right hand.; #C C picks the cloth; #C C picks up the piece of cloth; #C C picks up a cloth from the floor with her right hand"
    },
    {
        "Video Name": "057f8774-15c2-4e2e-b9fd-75f26d4b3b83",
        "Start Frame": 3000,
        "End Frame": 3120,
        "Caption": "#C C drops the water bottle on the ground with her right hand; #C C moves hands; #C C picks a cloth ; #C C picks a bottle of water; #C C places a bottle on the floor "
    },
    {
        "Video Name": "057f8774-15c2-4e2e-b9fd-75f26d4b3b83",
        "Start Frame": 3120,
        "End Frame": 3240,
        "Caption": "#C C picks cow dung pallet; #C C picks cow dung pallet; #C C pushes mud with her hand; #C C picks cow dung pallet; #C C picks cow dung pallet"
    },
    {
        "Video Name": "057f8774-15c2-4e2e-b9fd-75f26d4b3b83",
        "Start Frame": 3240,
        "End Frame": 3360,
        "Caption": "#C C adjusts the dry dung in the stove with her right hand; #C C picks cow dung pallet ; #C C moves the dry dung on the floor with her right hand; #C C drops the stone on the ground with her right hand.; #C C pushes cow dung cake into the fire"
    },
    {
        "Video Name": "057f8774-15c2-4e2e-b9fd-75f26d4b3b83",
        "Start Frame": 3360,
        "End Frame": 3480,
        "Caption": "#C C picks up cow dung pallet ; #C C picks cow dung pallet ; #C C picks a dry dung from the ground with her right hand; #C C picks a piece of paper; #C C picks a piece of wood"
    },
    {
        "Video Name": "057f8774-15c2-4e2e-b9fd-75f26d4b3b83",
        "Start Frame": 3480,
        "End Frame": 3600,
        "Caption": "#C C takes a dry dung from the ground with her right hand; #C C picks a piece of wood; #C C picks a piece of wood on the ground with her right hand; #C C touches a dry dung with her right hand.; #C C picks a dry leaf from the ground with her right hand."
    },
    {
        "Video Name": "057f8774-15c2-4e2e-b9fd-75f26d4b3b83",
        "Start Frame": 3600,
        "End Frame": 3720,
        "Caption": "#C C puts the cow dung charcoal in the stove; #C C pushes firewood into the fire; #C C adjusts the cow dung pallet in the fire place; #C C breaks the dry dung with her right hand.; #C C pushes mud in stove "
    },
    {
        "Video Name": "057f8774-15c2-4e2e-b9fd-75f26d4b3b83",
        "Start Frame": 3720,
        "End Frame": 3840,
        "Caption": "#C C picks cow dung pallet ; #C C picks a piece of cow dung pallet ; #C C picks a piece of wood; #C C takes a dry dung from the ground with her right hand; #C C picks the cow dung pallet"
    },
    {
        "Video Name": "057f8774-15c2-4e2e-b9fd-75f26d4b3b83",
        "Start Frame": 3840,
        "End Frame": 3960,
        "Caption": "#C C moves the bowl on the ground with her right hand.; #C C adjusts the bowl of water on the floor with her right hand; #C C moves the tray on the ground with her left hand.; #C C moves the bowl on the floor with her right hand.; #C C adjusts a bowl on the ground with her left hand."
    },
    {
        "Video Name": "057f8774-15c2-4e2e-b9fd-75f26d4b3b83",
        "Start Frame": 3960,
        "End Frame": 4080,
        "Caption": "#C C rubs the oil on her palms; #C C rubs the mixture on her palms; #C C rubs her hands; #C C rubs her palms together.; #C C rubs her hands together."
    },
    {
        "Video Name": "057f8774-15c2-4e2e-b9fd-75f26d4b3b83",
        "Start Frame": 4080,
        "End Frame": 4200,
        "Caption": "#C C kneads dough in the bowl; #C C takes the water in the bowl; #C C places her right hand on the bowl of water.; #C C kneads the flour in the bowl with her hands; #C C kneads the dough with both hands."
    },
    {
        "Video Name": "057f8774-15c2-4e2e-b9fd-75f26d4b3b83",
        "Start Frame": 4200,
        "End Frame": 4320,
        "Caption": "#C C scoops the dough; #C C kneads dough; #C C puts the kneaded flour in the tray; #C C kneads the dough; #C C kneads the dough in the flour in the bowl with her hands"
    },
    {
        "Video Name": "057f8774-15c2-4e2e-b9fd-75f26d4b3b83",
        "Start Frame": 4320,
        "End Frame": 4440,
        "Caption": "#C C kneads dough ; #C C kneads the dough; #C C kneads the dough; #C C cuts the dough into the; #C C cuts dough"
    },
    {
        "Video Name": "057f8774-15c2-4e2e-b9fd-75f26d4b3b83",
        "Start Frame": 4440,
        "End Frame": 4560,
        "Caption": "#C C moves hands; #C C places the piece of dough in her right hand on her left hand; #C C puts the dough on the board.; #C C moves hand ; #C C adjusts her position"
    },
    {
        "Video Name": "057f8774-15c2-4e2e-b9fd-75f26d4b3b83",
        "Start Frame": 4560,
        "End Frame": 4680,
        "Caption": "#C C scoops water from the bowl with her right hand. ; #C C picks the bowl; #C C places the bowl of water on the floor with her left hand.; #C C picks a bowl of water from the floor with her right hand.; #C C takes water from a bowl of water on the floor with her right hand"
    },
    {
        "Video Name": "057f8774-15c2-4e2e-b9fd-75f26d4b3b83",
        "Start Frame": 4680,
        "End Frame": 4800,
        "Caption": "#C C scoops water from the bowl with her right hand.; #C C kneads dough ; #C C dips her left hand in the water in the bowl.; #C C cuts a piece of dough ; #C C kneads dough"
    },
    {
        "Video Name": "057f8774-15c2-4e2e-b9fd-75f26d4b3b83",
        "Start Frame": 4800,
        "End Frame": 4920,
        "Caption": "#C C kneads dough ; #C C kneads dough ; #C C kneads dough in a basin; #C C kneads dough ; #C C kneads dough "
    },
    {
        "Video Name": "057f8774-15c2-4e2e-b9fd-75f26d4b3b83",
        "Start Frame": 4920,
        "End Frame": 5040,
        "Caption": "#C C kneads dough ; #C C picks up dough from the bowl with her right hand.; #C C takes water from the bowl of water with her right hand; #C C kneads dough ; #C C kneads dough "
    },
    {
        "Video Name": "057f8774-15c2-4e2e-b9fd-75f26d4b3b83",
        "Start Frame": 5040,
        "End Frame": 5160,
        "Caption": "#C C kneads dough ; #C C kneads dough with both; #C C kneads dough; #C C kneads dough ; #C C kneads dough "
    },
    {
        "Video Name": "057f8774-15c2-4e2e-b9fd-75f26d4b3b83",
        "Start Frame": 5160,
        "End Frame": 5280,
        "Caption": "#C C kneads the dough with both; #C C kneads dough ; #C C kneads dough with her hands; #C C kneads dough ; #C C kneads dough "
    },
    {
        "Video Name": "057f8774-15c2-4e2e-b9fd-75f26d4b3b83",
        "Start Frame": 5280,
        "End Frame": 5400,
        "Caption": "#C C kneads dough ; #C C kneads the dough with both hands; #C C kneads dough with both hands; #C C kneads the dough; #C C kneads the dough"
    }
]