[
    {
        "Video Name": "05defeef-40bd-4b08-b341-72879a6cf63e",
        "Start Frame": 0,
        "End Frame": 120,
        "Caption": "#C C presses the clay with his hand; #C C moves the brick mold on the ground; #C C moves the brick mold ; #C C presses the clay with his hand; #C C moves the brick mold "
    },
    {
        "Video Name": "05defeef-40bd-4b08-b341-72879a6cf63e",
        "Start Frame": 120,
        "End Frame": 240,
        "Caption": "#C C puts clay on the ground; #C C puts the clay on the brick; #C C puts clay on the heap of; #C C picks clay; #C C picks clay"
    },
    {
        "Video Name": "05defeef-40bd-4b08-b341-72879a6cf63e",
        "Start Frame": 240,
        "End Frame": 360,
        "Caption": "#C C turns the brick mold.; #C C drops the brick mould on the ground; #C C removes the brick mold from the brick; #C C drops the brick mould on the ground; #C C removes the wooden box from the brick"
    },
    {
        "Video Name": "05defeef-40bd-4b08-b341-72879a6cf63e",
        "Start Frame": 360,
        "End Frame": 480,
        "Caption": "#C C puts a brick mold on the ground ; #C C rubs his hands on the ground.; #C C rubs his hand on the ground; #C C puts the brick mold on the ground; #C C rubs his right hand on the ground"
    },
    {
        "Video Name": "05defeef-40bd-4b08-b341-72879a6cf63e",
        "Start Frame": 480,
        "End Frame": 600,
        "Caption": "#C C rolls the mud on the ground.; #C C molds the mud with his hands; #C C rolls the mud on the ground.; #C C molds the clay on the ground.; #C C molds the clay on the ground with his hand"
    },
    {
        "Video Name": "05defeef-40bd-4b08-b341-72879a6cf63e",
        "Start Frame": 600,
        "End Frame": 720,
        "Caption": "#C C puts the clay in the brick mold ; #C C puts clay in the brick mold ; #C C presses the clay with his hands; #C C throws the clay into the brick mold.; #C  C removes excess mud in the pan with his hands"
    },
    {
        "Video Name": "05defeef-40bd-4b08-b341-72879a6cf63e",
        "Start Frame": 720,
        "End Frame": 840,
        "Caption": "#C C turns the brick mold on the ground; #C C picks the brick mold from the ground; #C  C turns the pan on the floor; #C C picks up the brick mould from the; #C C drops mold "
    },
    {
        "Video Name": "05defeef-40bd-4b08-b341-72879a6cf63e",
        "Start Frame": 840,
        "End Frame": 960,
        "Caption": "#C C puts the brick mold on the ground; #C C removes the wooden box from the brick mould; #C C lifts the  wooden brick mold off the; #C C puts the brick mold on the ground; #C C hits the brick mold on the ground"
    },
    {
        "Video Name": "05defeef-40bd-4b08-b341-72879a6cf63e",
        "Start Frame": 960,
        "End Frame": 1080,
        "Caption": "#C C rubs his hands on the; #C C puts brick mold on the ground; #C C throws clay down; #C C puts the brick mold on the; #C C wipes hands on soil."
    },
    {
        "Video Name": "05defeef-40bd-4b08-b341-72879a6cf63e",
        "Start Frame": 1080,
        "End Frame": 1200,
        "Caption": "#C C rolls the clay on the ground.; #C C molds the mud with his hand; #C C molds the mud with his hand; #C C molds the mud with his hands; #C C molds the clay"
    },
    {
        "Video Name": "05defeef-40bd-4b08-b341-72879a6cf63e",
        "Start Frame": 1200,
        "End Frame": 1320,
        "Caption": "#C C puts clay in the brick; #C C puts clay in the brick; #C C puts clay in the brick; #C C puts clay in the brick; #C C puts clay in the brick"
    },
    {
        "Video Name": "05defeef-40bd-4b08-b341-72879a6cf63e",
        "Start Frame": 1320,
        "End Frame": 1440,
        "Caption": "#C C removes the excess concrete from the iron brick mold.; #C  C removes excess mud from the pan with his hands; #C C throws the clay on a clay on the ground; #C C removes clay from the brick mold ; #C C cuts clay"
    },
    {
        "Video Name": "05defeef-40bd-4b08-b341-72879a6cf63e",
        "Start Frame": 1440,
        "End Frame": 1560,
        "Caption": "#C  C turns the pan on the floor; #C C removes the brick mold from the brick; #C C removes the brick mold from the brick; #C C lifts the brick mold.; #C C lifts the brick mold"
    },
    {
        "Video Name": "05defeef-40bd-4b08-b341-72879a6cf63e",
        "Start Frame": 1560,
        "End Frame": 1680,
        "Caption": "#C C pours sand from the ground into the iron brick mold; #C  C puts the pan on the sand.; #C C puts soil in the wooden brick mold ; #C C puts soil in mold ; #C C puts sand in the brick mold "
    },
    {
        "Video Name": "05defeef-40bd-4b08-b341-72879a6cf63e",
        "Start Frame": 1680,
        "End Frame": 1800,
        "Caption": "#C C molds the clay on the ground with his hand; #C C molds the mortar on the ground.; #C C rolls the clay on the ground.; #C C rolls the clay ; #C C rolls the mud on the ground."
    },
    {
        "Video Name": "05defeef-40bd-4b08-b341-72879a6cf63e",
        "Start Frame": 1800,
        "End Frame": 1920,
        "Caption": "#C C puts clay in the brick mold; #C C puts clay in the brick mold; #C C puts clay in the brick mold; #C C puts clay in the brick mold; #C C puts clay in the brick mold"
    },
    {
        "Video Name": "05defeef-40bd-4b08-b341-72879a6cf63e",
        "Start Frame": 1920,
        "End Frame": 2040,
        "Caption": "#C C puts clay on the heap of clay; #C C throws clay on the clay on the; #C C puts clay on the heap of clay; #C C puts clay on the clay hip; #C C puts clay on the heap of clay"
    },
    {
        "Video Name": "05defeef-40bd-4b08-b341-72879a6cf63e",
        "Start Frame": 2040,
        "End Frame": 2160,
        "Caption": "#C C drops mold ; #C C puts the brick mold on the ground; #C C drops the plastic trough on the ground with his; #C C picks up a brick mould from the ground; #C C drops the brick mold on the ground"
    },
    {
        "Video Name": "05defeef-40bd-4b08-b341-72879a6cf63e",
        "Start Frame": 2160,
        "End Frame": 2280,
        "Caption": "#C C drops the brick mold on the ground; #C  C drops the pan on the floor; #C C puts the brick mold aside; #C C puts the brick mold aside; #C C puts the brick mold on the ground"
    },
    {
        "Video Name": "05defeef-40bd-4b08-b341-72879a6cf63e",
        "Start Frame": 2280,
        "End Frame": 2400,
        "Caption": "#C C rolls the clay on the ground.; #C C rolls the wet clay on the ground; #C C molds the mud with his hand ; #C C  rolls molding clay on the ground; #C C rolls molding clay on the ground "
    },
    {
        "Video Name": "05defeef-40bd-4b08-b341-72879a6cf63e",
        "Start Frame": 2400,
        "End Frame": 2520,
        "Caption": "#C C removes excess clay from the brick mold ; #C C scrapes clay from the molding box ; #C C scrapes mortar from the brick mold with his hands; #C C levels the clay in the plastic trough with both hands; #C C rubs his hand with some sand in the crate"
    },
    {
        "Video Name": "05defeef-40bd-4b08-b341-72879a6cf63e",
        "Start Frame": 2520,
        "End Frame": 2640,
        "Caption": "#C C lifts the brick mold.; #C C puts down the brick mold.; #C C puts brick on the ground; #C  C removes the mold mud from the pan on the floor; #C C lifts the brick box "
    },
    {
        "Video Name": "05defeef-40bd-4b08-b341-72879a6cf63e",
        "Start Frame": 2640,
        "End Frame": 2760,
        "Caption": "#C C puts sand in the brick mold; #C C puts sand in the brick mold; #C C puts sand in the brick mold; #C C puts sand in the brick mold; #C C puts soil in the brick mold"
    },
    {
        "Video Name": "05defeef-40bd-4b08-b341-72879a6cf63e",
        "Start Frame": 2760,
        "End Frame": 2880,
        "Caption": "#C C molds the mortar on the ground; #C C rolls the clay on the ground.; #C C rolls the clay down; #C C molds the mortar on the ground; #C C rolls the clay on the ground."
    },
    {
        "Video Name": "05defeef-40bd-4b08-b341-72879a6cf63e",
        "Start Frame": 2880,
        "End Frame": 3000,
        "Caption": "#C C puts clay in the brick mold ; #C C molds the clay; #C  C presses the mud in the pan with his hands; #C  C presses the mud in the pan with his hands; #C C puts clay in a brick mold"
    },
    {
        "Video Name": "05defeef-40bd-4b08-b341-72879a6cf63e",
        "Start Frame": 3000,
        "End Frame": 3120,
        "Caption": "#C C picks up the box; #C C picks the brick mold from the ground; #C C puts down the brick mold.; #C C picks up the brick mould from the; #C C picks up the box"
    },
    {
        "Video Name": "05defeef-40bd-4b08-b341-72879a6cf63e",
        "Start Frame": 3120,
        "End Frame": 3240,
        "Caption": "#C C looks around; #C C places the wooden box on the ground; #C C moves the brick mold on the ground; #C C turns around; #C C turns around"
    },
    {
        "Video Name": "05defeef-40bd-4b08-b341-72879a6cf63e",
        "Start Frame": 3240,
        "End Frame": 3360,
        "Caption": "#C C removes sand from the brick mold; #C C puts the brick mold on the; #C C puts the brick mold aside; #C C turns the brick mold.; #C C pours the sand down"
    },
    {
        "Video Name": "05defeef-40bd-4b08-b341-72879a6cf63e",
        "Start Frame": 3360,
        "End Frame": 3480,
        "Caption": "#C C rolls the clay down; #C C mixes the concrete on the ground with his hands; #C C molds the mud with his hands; #C C rolls the clay soil on the ground; #C C molds the mud with his hands"
    },
    {
        "Video Name": "05defeef-40bd-4b08-b341-72879a6cf63e",
        "Start Frame": 3480,
        "End Frame": 3600,
        "Caption": "#C C puts clay in the brick; #C C puts clay on the brick; #C C puts clay in the brick; #C C puts clay in the brick; #C C puts clay on the brick"
    },
    {
        "Video Name": "05defeef-40bd-4b08-b341-72879a6cf63e",
        "Start Frame": 3600,
        "End Frame": 3720,
        "Caption": "#C C turns the brick mold on the ground; #C C puts the brick box on the ground; #C C flips the brick mold upside down.; #C C drops the brick mold on the ground; #C C drops the brick mould on the ground"
    },
    {
        "Video Name": "05defeef-40bd-4b08-b341-72879a6cf63e",
        "Start Frame": 3720,
        "End Frame": 3840,
        "Caption": "#C C moves the brick mold on the ground ; #C C holds the brick mold with his right hand; #C C moves the brick mold on the ground with his hands; #C C holds the brick mold.; #C C carries the brick mold."
    },
    {
        "Video Name": "05defeef-40bd-4b08-b341-72879a6cf63e",
        "Start Frame": 3840,
        "End Frame": 3960,
        "Caption": "#C C molds the mortar on the ground; #C C molds the mortar on the ground; #C C molds the mortar on the ground; #C C molds the mortar on the ground; #C C rolls mud with hand "
    },
    {
        "Video Name": "05defeef-40bd-4b08-b341-72879a6cf63e",
        "Start Frame": 3960,
        "End Frame": 4080,
        "Caption": "#C C molds the mud.; #C C puts clay in a brick mold; #C C puts clay in the brick mold ; #C C puts the clay in the brick mold; #C  C presses the mud with his hands"
    },
    {
        "Video Name": "05defeef-40bd-4b08-b341-72879a6cf63e",
        "Start Frame": 4080,
        "End Frame": 4200,
        "Caption": "#C C moves the brick mold on the ground with his hands; #C C picks the brick mold from the ground ; #C C picks the brick mold from the ground; #C C picks the brick mold on the ground; #C C puts the brick mold on the ground"
    },
    {
        "Video Name": "05defeef-40bd-4b08-b341-72879a6cf63e",
        "Start Frame": 4200,
        "End Frame": 4320,
        "Caption": "#C C picks the  wooden brick mold from the ground; #C C picks the brick mold from the ground; #C C moves the brick mold on the ground with his hands; #C C carries mold to mud ; #C C lifts the  wooden brick mold off the ground"
    },
    {
        "Video Name": "05defeef-40bd-4b08-b341-72879a6cf63e",
        "Start Frame": 4320,
        "End Frame": 4440,
        "Caption": "#C C cuts mud with his hands.; #C C cuts clay on the ground with his; #C C cuts the mud with the hands.; #C C cuts mud with his hands.; #C C scoops clay from the ground with"
    },
    {
        "Video Name": "05defeef-40bd-4b08-b341-72879a6cf63e",
        "Start Frame": 4440,
        "End Frame": 4560,
        "Caption": "#C C rolls mud on the ground.; #C C rolls the clay on the ground; #C C kneads the clay; #C C molds the mud with his hands; #C C molds the mud with his hand"
    },
    {
        "Video Name": "05defeef-40bd-4b08-b341-72879a6cf63e",
        "Start Frame": 4560,
        "End Frame": 4680,
        "Caption": "#C C puts clay on the heap of; #C C puts clay on the heap of; #C C puts clay on the brick box; #C C puts clay on the heap of; #C C puts clay on the brick mold"
    },
    {
        "Video Name": "05defeef-40bd-4b08-b341-72879a6cf63e",
        "Start Frame": 4680,
        "End Frame": 4800,
        "Caption": "#C C turns the brick mold on the ground; #C C drops the brick mold on the ground; #C C turns the brick mold on the ground; #C C turns the brick mold on the ground; #C C lifts the brick mold from the ground"
    },
    {
        "Video Name": "05defeef-40bd-4b08-b341-72879a6cf63e",
        "Start Frame": 4800,
        "End Frame": 4920,
        "Caption": "#C C moves the brick mold on the ground with his hands.; #C C picks the brick mold on the ground; #C C moves the brick mold with his hands\n; #C C moves the brick mold on the ground with his right hand; #C C moves the brick mold with his hands\n"
    },
    {
        "Video Name": "05defeef-40bd-4b08-b341-72879a6cf63e",
        "Start Frame": 4920,
        "End Frame": 5040,
        "Caption": "#C C puts the brick mold on the ground; #C C puts molding box down ; #C C puts the brick mold on the ground; #C C removes the clay from the brick mold; #C C throws the brick mold aside "
    },
    {
        "Video Name": "05defeef-40bd-4b08-b341-72879a6cf63e",
        "Start Frame": 5040,
        "End Frame": 5160,
        "Caption": "#C C rolls the mud on the ground.; #C C rolls mud with hand ; #C C molds the clay on the ground with his hand; #C C molds the mud with his hands; #C C molds the mud with his hands"
    },
    {
        "Video Name": "05defeef-40bd-4b08-b341-72879a6cf63e",
        "Start Frame": 5160,
        "End Frame": 5280,
        "Caption": "#C C puts clay in the brick mold; #C C takes a brick mold; #C C removes clay from the brick mold ; #C C removes extra molding clay from the brick mold; #C C levels the clay in the molding box "
    },
    {
        "Video Name": "05defeef-40bd-4b08-b341-72879a6cf63e",
        "Start Frame": 5280,
        "End Frame": 5400,
        "Caption": "#C C puts the brick box on the; #C C puts the brick box on the; #C C puts brick mold on the ground; #C C puts the brick box down; #C C puts brick box down"
    }
]