[
    {
        "Video Name": "0a8109fe-15b9-4f5c-b5f2-993013cb216b",
        "Start Frame": 0,
        "End Frame": 120,
        "Caption": "#C C wipes hands with the paper; #C C cleans his hands with the tissue; #C C wipes hands with the tissue; #C C wipes hands with paper; #C C picks the tissue from the plastic"
    },
    {
        "Video Name": "0a8109fe-15b9-4f5c-b5f2-993013cb216b",
        "Start Frame": 120,
        "End Frame": 240,
        "Caption": "#C C wipes his hands; #C C wipes hands; #C C walks towards the dough mixer; #C C walks around the room; #C C walks around the room"
    },
    {
        "Video Name": "0a8109fe-15b9-4f5c-b5f2-993013cb216b",
        "Start Frame": 240,
        "End Frame": 360,
        "Caption": "#C C picks up a bucket.; #C C picks a bucket of water; #C C picks a bucket from the ground.; #C C picks up a bucket from the floor with his right hand; #C C picks a rag from the floor with his right hand."
    },
    {
        "Video Name": "0a8109fe-15b9-4f5c-b5f2-993013cb216b",
        "Start Frame": 360,
        "End Frame": 480,
        "Caption": "#C C picks the piece of cloth.; #C C picks a piece of cloth from the bag of dough on the floor with his right hand; #C C picks a napkin from the ground.; #C C picks a rag with his right hand.; #C C picks a kitchen cloth"
    },
    {
        "Video Name": "0a8109fe-15b9-4f5c-b5f2-993013cb216b",
        "Start Frame": 480,
        "End Frame": 600,
        "Caption": "#C C puts the bucket on the floor ; #C C puts the bucket on the floor ; #C C puts the bucket down; #C C puts the bag of flour in the bucket; #C C puts the sack on the floor with his left hand"
    },
    {
        "Video Name": "0a8109fe-15b9-4f5c-b5f2-993013cb216b",
        "Start Frame": 600,
        "End Frame": 720,
        "Caption": "#C C carries the bowl of flour.; #C C carries the mixing bowl from the table with his left hand.; #C C carries a stainless bowl with flour on the table with his left hand; #C C picks up the stainless bowl.; #C C carries the bowl of flour with his left hand."
    },
    {
        "Video Name": "0a8109fe-15b9-4f5c-b5f2-993013cb216b",
        "Start Frame": 720,
        "End Frame": 840,
        "Caption": "#C C spreads flour on the plank with his right hand; #C C packs flour from the table with his right hand; #C C spreads flour on the plank with his right hand; #C C spreads flour on the plank with his right hand; #C C spreads flour on the plank with his right hand"
    },
    {
        "Video Name": "0a8109fe-15b9-4f5c-b5f2-993013cb216b",
        "Start Frame": 840,
        "End Frame": 960,
        "Caption": "#C C spreads flour on the plank with his right hand.; #C  C takes some flour from the plank with his right hand.; #C C spreads flour on the plank with his right hand.; #C C scoops flour ; #C  C takes some flour from the plank with his right hand."
    },
    {
        "Video Name": "0a8109fe-15b9-4f5c-b5f2-993013cb216b",
        "Start Frame": 960,
        "End Frame": 1080,
        "Caption": "#C C picks the scrapper from the table with his right hand.; #C  C cuts the dough on the table with a bench scrapper; #C C puts the dough cutter on the dough; #C C moves the dough on the table with his right hand.; #C C takes flour from the table with his right hand."
    },
    {
        "Video Name": "0a8109fe-15b9-4f5c-b5f2-993013cb216b",
        "Start Frame": 1080,
        "End Frame": 1200,
        "Caption": "#C C rolls the dough on the table with both hands; #C C rolls dough on the table with both hands.; #C C rolls dough on the table; #C C rolls the dough on the table with both hands; #C C rolls the dough on the table with both hands"
    },
    {
        "Video Name": "0a8109fe-15b9-4f5c-b5f2-993013cb216b",
        "Start Frame": 1200,
        "End Frame": 1320,
        "Caption": "#C C carries the dough from the table with both hands; #C C carries the dough from the table with both hands; #C C carries the dough from the table with both hands; #C C carries the dough from the table with both hands; #C C carries the dough from the table with both hands"
    },
    {
        "Video Name": "0a8109fe-15b9-4f5c-b5f2-993013cb216b",
        "Start Frame": 1320,
        "End Frame": 1440,
        "Caption": "#C C drops the scrapper on the table with his right hand.; #C C drops the scrapper on the table with his right hand.; #C C drops the scraper on the table with his right hand.; #C C picks the scrapper from the table with his right hand.; #C C puts the knife down"
    },
    {
        "Video Name": "0a8109fe-15b9-4f5c-b5f2-993013cb216b",
        "Start Frame": 1440,
        "End Frame": 1560,
        "Caption": "#C C drops the scraper on the table with his right hand.; #C C drops the scraper on the table with his right hand.; #C C puts the scraper on the table.; #C C drops the scrapper on the table with his right hand.; #C C drops the scraper on the table with his right hand."
    },
    {
        "Video Name": "0a8109fe-15b9-4f5c-b5f2-993013cb216b",
        "Start Frame": 1560,
        "End Frame": 1680,
        "Caption": "#C C rolls the dough; #C C rolls dough on the stainless steel work table with both hands; #C C rolls the dough on the table; #C C rolls the dough on the table with both hands.; #C C rolls dough on the table with both hands."
    },
    {
        "Video Name": "0a8109fe-15b9-4f5c-b5f2-993013cb216b",
        "Start Frame": 1680,
        "End Frame": 1800,
        "Caption": "#C C drops dough on the plank with both hands.; #C C puts the dough on the table ; #C C drops the dough on the plank with both hands; #C C drops the dough on the plank with both hands; #C C Puts the dough on the table"
    },
    {
        "Video Name": "0a8109fe-15b9-4f5c-b5f2-993013cb216b",
        "Start Frame": 1800,
        "End Frame": 1920,
        "Caption": "#C C takes the scraper from the table with his right hand.; #C C touches the table with his left hand.; #C C touches the dough on the table with his left hand.; #C C touches the dough on the table with his left hand.; #C C touches the dough on the stainless steel work table with his left hand"
    },
    {
        "Video Name": "0a8109fe-15b9-4f5c-b5f2-993013cb216b",
        "Start Frame": 1920,
        "End Frame": 2040,
        "Caption": "#C C moves flour on the dough with his left hand. ; #C C spreads flour on the dough; #C C rolls the dough on the stainless steel work table with both hands; #C C kneads the dough on the table with both hands.; #C C kneads the dough with both hands."
    },
    {
        "Video Name": "0a8109fe-15b9-4f5c-b5f2-993013cb216b",
        "Start Frame": 2040,
        "End Frame": 2160,
        "Caption": "#C C kneads the dough on the table with both hands; #C C carries the dough from the table with both hands.; #C C rolls the dough; #C C kneads the dough on the table with both hands; #C C rolls the dough on the table with both hands."
    },
    {
        "Video Name": "0a8109fe-15b9-4f5c-b5f2-993013cb216b",
        "Start Frame": 2160,
        "End Frame": 2280,
        "Caption": "#C C takes the scrapper on the table with his right hand; #C C drops the scraper on the table with his right hand; #C C drops the scraper on the table with his right hand; #C C Puts the knife on the table; #C C drops the scrapper on the table."
    },
    {
        "Video Name": "0a8109fe-15b9-4f5c-b5f2-993013cb216b",
        "Start Frame": 2280,
        "End Frame": 2400,
        "Caption": "#C C holds the dough; #C C adjusts the dough with both hands.; #C C carries the dough from the table with both hands; #C C drops the scrapper on the table.; #C C Holds the dough with hands"
    },
    {
        "Video Name": "0a8109fe-15b9-4f5c-b5f2-993013cb216b",
        "Start Frame": 2400,
        "End Frame": 2520,
        "Caption": "#C C rolls the dough; #C C rolls the dough; #C C puts the dough on the table; #C C rolls dough on the table with both hands.; #C C rolls the dough on the table with both hands"
    },
    {
        "Video Name": "0a8109fe-15b9-4f5c-b5f2-993013cb216b",
        "Start Frame": 2520,
        "End Frame": 2640,
        "Caption": "#C C carries the dough from the table with both hands; #C C adjusts the dough on the table with both hands; #C C touches the dough.; #C C touches the dough.; #C C picks the dough from the table with both hands"
    },
    {
        "Video Name": "0a8109fe-15b9-4f5c-b5f2-993013cb216b",
        "Start Frame": 2640,
        "End Frame": 2760,
        "Caption": "#C C drops the scraper on the table with his right hand; #C C moves the scraper on the table with his right hand; #C C moves the scraper on the table with his right hand; #C C takes the scrapper on the table with his right hand; #C C puts the scraper on the table with his right hand"
    },
    {
        "Video Name": "0a8109fe-15b9-4f5c-b5f2-993013cb216b",
        "Start Frame": 2760,
        "End Frame": 2880,
        "Caption": "#C C drops the scraper on the table with his right hand; #C C puts the dough on the table; #C C picks the scrapper from the table with his right hand; #C C picks the scraper from the table with his right hand; #C C spreads flour on the table with his right hand."
    },
    {
        "Video Name": "0a8109fe-15b9-4f5c-b5f2-993013cb216b",
        "Start Frame": 2880,
        "End Frame": 3000,
        "Caption": "#C C kneads the dough on the table with both hands; #C C kneads the dough on the table with both hands; #C C rolls the dough on the table with both hands.; #C C kneads dough on the table with both hands.; #C C rolls the dough"
    },
    {
        "Video Name": "0a8109fe-15b9-4f5c-b5f2-993013cb216b",
        "Start Frame": 3000,
        "End Frame": 3120,
        "Caption": "#C C rolls the dough on the table with his right hand.; #C C kneads the dough on the table with both hands.; #C C rolls the dough on the stainless steel work table with both hands; #C C rolls the dough on the table with both hands.; #C C rolls dough on the table with his right hand."
    },
    {
        "Video Name": "0a8109fe-15b9-4f5c-b5f2-993013cb216b",
        "Start Frame": 3120,
        "End Frame": 3240,
        "Caption": "#C C adjusts the dough on the plank with both hands.; #C C touches the dough; #C C adjusts the dough on the plank with both hands.; #C C adjusts the dough on the plank with his hands.; #C C picks the scrapper on the plank with his right hand"
    },
    {
        "Video Name": "0a8109fe-15b9-4f5c-b5f2-993013cb216b",
        "Start Frame": 3240,
        "End Frame": 3360,
        "Caption": "#C C spreads flour on the table with his right hand.; #C C picks dough scraper ; #C C picks a scrapper; #C C picks the scraper from the table with his right hand; #C C holds the scrapper"
    },
    {
        "Video Name": "0a8109fe-15b9-4f5c-b5f2-993013cb216b",
        "Start Frame": 3360,
        "End Frame": 3480,
        "Caption": "#C C picks the dough from the table with both hands; #C C carries the dough from the table with both hands; #C C moves dough on the table with both hands.; #C C moves the dough on the table with both hands; #C C moves flour on the table with his right hand"
    },
    {
        "Video Name": "0a8109fe-15b9-4f5c-b5f2-993013cb216b",
        "Start Frame": 3480,
        "End Frame": 3600,
        "Caption": "#C C rolls dough on the table with both hands.; #C C rolls the dough on the table with both hands; #C C rolls the dough on the table with both hands; #C C rolls the dough on the table with both hands; #C C rolls the dough on the table with both hands"
    },
    {
        "Video Name": "0a8109fe-15b9-4f5c-b5f2-993013cb216b",
        "Start Frame": 3600,
        "End Frame": 3720,
        "Caption": "#C C puts the dough on the table.; #C C picks dough on the table; #C C Picks the dough; #C  C picks the bench scrapper from the table; #C C adjusts the dough on the plank with both hands"
    },
    {
        "Video Name": "0a8109fe-15b9-4f5c-b5f2-993013cb216b",
        "Start Frame": 3720,
        "End Frame": 3840,
        "Caption": "#C C removes hand from the table; #C C takes the dough from the table with his left hand; #C C turns around ; #C C wipes hand with the clothe ; #C C walks around the kitchen"
    },
    {
        "Video Name": "0a8109fe-15b9-4f5c-b5f2-993013cb216b",
        "Start Frame": 3840,
        "End Frame": 3960,
        "Caption": "#C  C takes a bench scrapper from the table.; #C C carries the plank from the table with his left hand; #C C takes a scrapper. ; #C C drops the dough on the plank with his left hand; #C C picks the scraper from the table."
    },
    {
        "Video Name": "0a8109fe-15b9-4f5c-b5f2-993013cb216b",
        "Start Frame": 3960,
        "End Frame": 4080,
        "Caption": "#C C picks the scrapper on the table with his right hand.; #C C picks the scrapper from the table with his right hand.; #C C picks up the scrapper from the table.; #C C picks a dough cutter; #C C takes the scraper from the table with his right hand."
    },
    {
        "Video Name": "0a8109fe-15b9-4f5c-b5f2-993013cb216b",
        "Start Frame": 4080,
        "End Frame": 4200,
        "Caption": "#C  C cuts another dough on the plank with the bench scraper.; #C  C cuts the dough on the plank with the bench scraper.; #C C cuts the dough on the plank with the scraper in his right hand; #C C cuts a dough on the plank with a scrapper in his right hand; #C C puts the dough on the table."
    },
    {
        "Video Name": "0a8109fe-15b9-4f5c-b5f2-993013cb216b",
        "Start Frame": 4200,
        "End Frame": 4320,
        "Caption": "#C  C cuts another dough on the plank with the bench scrapper.; #C C cuts dough on the plank with the scraper in his right hand.; #C C cuts dough on the plank with a scraper.; #C C cuts the dough on the plank with the scraper in his right hand; #C C cuts the dough on the plank with the scraper."
    },
    {
        "Video Name": "0a8109fe-15b9-4f5c-b5f2-993013cb216b",
        "Start Frame": 4320,
        "End Frame": 4440,
        "Caption": "#C C cuts another dough on the plank with the scraper in his right hand; #C C cuts another dough on the plank with the scrapper in his right hand; #C C cuts dough; #C C cuts the dough on the plank with the scraper in his right hand; #C C cuts dough"
    },
    {
        "Video Name": "0a8109fe-15b9-4f5c-b5f2-993013cb216b",
        "Start Frame": 4440,
        "End Frame": 4560,
        "Caption": "#C C drops the dough on the plank with his left hand.; #C C cuts dough with the scraper.; #C C cuts the dough on the plank with the scraper in his right hand.; #C C cuts the dough with a dough cutter ; #C C picks the scraper from the stainless steel work table with his right hand."
    },
    {
        "Video Name": "0a8109fe-15b9-4f5c-b5f2-993013cb216b",
        "Start Frame": 4560,
        "End Frame": 4680,
        "Caption": "#C  C cuts the dough on the plank with the bench scrapper.; #C C cuts the dough on the plank with the scrapper in his right hand; #C C cuts the dough with a scrapper; #C  C cuts another dough on the plank with the bench scrapper.; #C  C cuts another dough on the plank with the bench scrapper.\n"
    },
    {
        "Video Name": "0a8109fe-15b9-4f5c-b5f2-993013cb216b",
        "Start Frame": 4680,
        "End Frame": 4800,
        "Caption": "#C  C cuts another dough on the plank with the bench scrapper.; #C C cuts dough with a dough cutter; #C C cuts the dough on the plank with the scraper in his right hand; #C  C cuts another dough on the plank with the bench scraper.; #C C cuts the dough with a dough cutter "
    },
    {
        "Video Name": "0a8109fe-15b9-4f5c-b5f2-993013cb216b",
        "Start Frame": 4800,
        "End Frame": 4920,
        "Caption": "#C C cuts dough on the plank with a scrapper in his right hand; #C C drops the scrapper on the table.; #C  C drops the bench scraper on the table.; #C  C drops the bench scrapper on the table.; #C  C cuts another dough on the plank with the bench scraper."
    },
    {
        "Video Name": "0a8109fe-15b9-4f5c-b5f2-993013cb216b",
        "Start Frame": 4920,
        "End Frame": 5040,
        "Caption": "#C  C cuts another dough on the plank with the bench scrapper.; #C  C cuts another dough on the plank with the bench scrapper.; #C C cuts the dough on the plank with the scraper in his right hand; #C C cuts the dough on the plank with the scraper in his right hand; #C C cuts the dough"
    },
    {
        "Video Name": "0a8109fe-15b9-4f5c-b5f2-993013cb216b",
        "Start Frame": 5040,
        "End Frame": 5160,
        "Caption": "#C C picks the dough from the table with his right hand; #C C picks a dough cutter; #C C moves the plank on the table with his left hand; #C C lifts up the scraper; #C C puts the dough cutter on the table"
    },
    {
        "Video Name": "0a8109fe-15b9-4f5c-b5f2-993013cb216b",
        "Start Frame": 5160,
        "End Frame": 5280,
        "Caption": "#C C walks around the kitchen.; #C C walks around a room; #C C walks in the room.; #C C walks around.; #C  C carries the plank from the table"
    },
    {
        "Video Name": "0a8109fe-15b9-4f5c-b5f2-993013cb216b",
        "Start Frame": 5280,
        "End Frame": 5400,
        "Caption": "#C C walks towards the table.; #C C walks around.; #C C carries the wooden board to a table; #C C carries the plank with both hands.; #C C walks towards the table."
    }
]