[
    {
        "Video Name": "0aadf5ce-07eb-4934-9e07-317a46bc0b21",
        "Start Frame": 0,
        "End Frame": 120,
        "Caption": "#C C walks towards the table; #C C walks in the room; #C C walks around the house; #C C walks towards the table; #C C walks in the room"
    },
    {
        "Video Name": "0aadf5ce-07eb-4934-9e07-317a46bc0b21",
        "Start Frame": 120,
        "End Frame": 240,
        "Caption": "#C C sits on the floor.; #C C kneels on the floor.; #C C sits on the floor.; #C C stands up from the floor.; #C C stands up"
    },
    {
        "Video Name": "0aadf5ce-07eb-4934-9e07-317a46bc0b21",
        "Start Frame": 240,
        "End Frame": 360,
        "Caption": "#C C puts the wood on the floor; #C C touches a wood on the floor with his left hand; #C C picks a plank from the floor with his left hand; #C C puts the plank on the floor with his left hand; #C C stands up"
    },
    {
        "Video Name": "0aadf5ce-07eb-4934-9e07-317a46bc0b21",
        "Start Frame": 360,
        "End Frame": 480,
        "Caption": "#C C puts wood on the floor; #C C puts wood on the floor; #C C puts wood down; #C C puts the piece of wood on the floor; #C C places the plank on the ground with his hands"
    },
    {
        "Video Name": "0aadf5ce-07eb-4934-9e07-317a46bc0b21",
        "Start Frame": 480,
        "End Frame": 600,
        "Caption": "#C C passes the folding ruler from his left hand to his right hand; #C C holds tape measure with both hands; #C C passes the measuring tool to his right hand with his left hand; #C C holds the ruler with both hands.; #C C unfolds the measuring tape with both hands."
    },
    {
        "Video Name": "0aadf5ce-07eb-4934-9e07-317a46bc0b21",
        "Start Frame": 600,
        "End Frame": 720,
        "Caption": "#C C measures the floor with the meter stick in his left hand; #C C holds the ruler in his right hand.; #C C holds the ruler with his right hand.; #C C measures the floor with the tape measure in his left hand; #C C adjusts the plank on the floor with both hands."
    },
    {
        "Video Name": "0aadf5ce-07eb-4934-9e07-317a46bc0b21",
        "Start Frame": 720,
        "End Frame": 840,
        "Caption": "#C C measures the plank with the measuring tape in his right hand; #C C places the measuring stick on the floor with his right hand; #C C drops the stick on the floor with his right hand.; #C C measures the plank with the folding ruler in his right hand; #C C measures wood with a tape measure"
    },
    {
        "Video Name": "0aadf5ce-07eb-4934-9e07-317a46bc0b21",
        "Start Frame": 840,
        "End Frame": 960,
        "Caption": "#C C picks the wood with his left hand.; #C C places the wooden plank on the floor with his left hand; #C C holds the wood on the floor with his left hand.; #C C takes the plank from the floor with his left hand.; #C C places the tape measure on the floor with his left hand"
    },
    {
        "Video Name": "0aadf5ce-07eb-4934-9e07-317a46bc0b21",
        "Start Frame": 960,
        "End Frame": 1080,
        "Caption": "#C C measures the plank with the folding ruler in his right hand; #C C measures wood with a tape measure ; #C C holds the ruler with both hands.; #C C measures wood; #C C measures the wood with the tape measure"
    },
    {
        "Video Name": "0aadf5ce-07eb-4934-9e07-317a46bc0b21",
        "Start Frame": 1080,
        "End Frame": 1200,
        "Caption": "#C C marks a point on the plank with the pencil in his right hand; #C C marks the wood with the pen in his right hand.; #C C marks the plank on the floor with the pen in his right hand; #C C marks the plank with the pencil in his right hand.; #C C marks the wood with the pen in his right hand."
    },
    {
        "Video Name": "0aadf5ce-07eb-4934-9e07-317a46bc0b21",
        "Start Frame": 1200,
        "End Frame": 1320,
        "Caption": "#C C pushes a plank on the floor with his left hand.; #C C looks around; #C C places his left hand on the wooden plank.; #C C takes a wood plank on the floor with his left hand; #C C adjusts the plank on the floor with his left hand."
    },
    {
        "Video Name": "0aadf5ce-07eb-4934-9e07-317a46bc0b21",
        "Start Frame": 1320,
        "End Frame": 1440,
        "Caption": "#C C stands; #C C stands; #C C turns; #C C stands; #C C turns"
    },
    {
        "Video Name": "0aadf5ce-07eb-4934-9e07-317a46bc0b21",
        "Start Frame": 1440,
        "End Frame": 1560,
        "Caption": "#C C walks in the room; #C C walks towards the woodworking; #C C walks to the workshop.; #C C walks to the table.; #C C walks around the workshop"
    },
    {
        "Video Name": "0aadf5ce-07eb-4934-9e07-317a46bc0b21",
        "Start Frame": 1560,
        "End Frame": 1680,
        "Caption": "#C C walks towards a man X; #C C walks to the door; #C C walks around the room; #C C walks to the table.; #C C walks into a workshop."
    },
    {
        "Video Name": "0aadf5ce-07eb-4934-9e07-317a46bc0b21",
        "Start Frame": 1680,
        "End Frame": 1800,
        "Caption": "#C C picks a F-clamp from the bag on the floor with his left hand; #C C picks up a caliper; #C C picks a ruler from the tool bag ; #C C takes the angle ruler; #C C picks the combination square from the tool bag with his left hand."
    },
    {
        "Video Name": "0aadf5ce-07eb-4934-9e07-317a46bc0b21",
        "Start Frame": 1800,
        "End Frame": 1920,
        "Caption": "#C C walks to a table.; #C C holds the plank with both hands; #C C walks around the workshop; #C C walks towards a wooden platform.; #C C walks around the workshop"
    },
    {
        "Video Name": "0aadf5ce-07eb-4934-9e07-317a46bc0b21",
        "Start Frame": 1920,
        "End Frame": 2040,
        "Caption": "#C C sits on the floor.; #C C places his left hand on his left leg; #C C stands up ; #C C moves on the floor; #C C sits on the floor."
    },
    {
        "Video Name": "0aadf5ce-07eb-4934-9e07-317a46bc0b21",
        "Start Frame": 2040,
        "End Frame": 2160,
        "Caption": "#C C marks the wood with the pencil in his left hand; #C C marks the plank with the pencil in his right hand; #C C measures the wood; #C C marks the wood with the pen in his right hand; #C C marks the wood with the pencil in his right hand"
    },
    {
        "Video Name": "0aadf5ce-07eb-4934-9e07-317a46bc0b21",
        "Start Frame": 2160,
        "End Frame": 2280,
        "Caption": "#C C marks the wood with the pencil in his left hand.; #C C draws a line on the plank with the pencil in his left hand.; #C C draws a line on the floor with the pen in his left hand.; #C C marks the plank on the floor with the pen in his left hand.; #C C marks on the wood with a pen"
    },
    {
        "Video Name": "0aadf5ce-07eb-4934-9e07-317a46bc0b21",
        "Start Frame": 2280,
        "End Frame": 2400,
        "Caption": "#C C measures the plank with the folding rule with both hands.; #C C marks the piece of wood with the pencil in his right hand; #C C measures the plank with the tape measure with both hands.; #C C measures the wood plank with the folding rule with both hands.; #C C places the folding rule on the plank with his right hand."
    },
    {
        "Video Name": "0aadf5ce-07eb-4934-9e07-317a46bc0b21",
        "Start Frame": 2400,
        "End Frame": 2520,
        "Caption": "#C C marks the wooden plank with the pen in his right hand.; #C C passes the folding rule from his left hand to his right hand; #C C measures the plank with the folding rule with both hands.; #C C holds the tape measure with both hands; #C C moves the measuring tape on the wood with his right hand."
    },
    {
        "Video Name": "0aadf5ce-07eb-4934-9e07-317a46bc0b21",
        "Start Frame": 2520,
        "End Frame": 2640,
        "Caption": "#C C marks the wood with the pen in his right hand.; #C C marks the wood  plank with pen; #C C draws a line on the wood with the pen in his right hand; #C C marks the wood  plank with a pencil; #C C marks the wood with the pencil in his right hand."
    },
    {
        "Video Name": "0aadf5ce-07eb-4934-9e07-317a46bc0b21",
        "Start Frame": 2640,
        "End Frame": 2760,
        "Caption": "#C C measures on the floor.; #C C measures a wood with the folding ruler with both hands; #C C measures the floor with the tape measure using both hands; #C C measures wood; #C C measures wood"
    },
    {
        "Video Name": "0aadf5ce-07eb-4934-9e07-317a46bc0b21",
        "Start Frame": 2760,
        "End Frame": 2880,
        "Caption": "#C C measures the floor with the tape measure; #C C measures wood; #C C holds the tape measure; #c c measures with tape measure; #C C removes the measuring tape from the wall with both hands"
    },
    {
        "Video Name": "0aadf5ce-07eb-4934-9e07-317a46bc0b21",
        "Start Frame": 2880,
        "End Frame": 3000,
        "Caption": "#C C pulls out the measuring tape with his right hand.; #C C holds the tape measure with both hands; #C C passes the tape measure to his left hand with his right hand; #C C holds a measuring tape with both hands.; #C C holds the measuring tape with both hands."
    },
    {
        "Video Name": "0aadf5ce-07eb-4934-9e07-317a46bc0b21",
        "Start Frame": 3000,
        "End Frame": 3120,
        "Caption": "#C C holds the tape measure with his right hand; #C C holds the tape measure with both hands.; #C C holds the folding ruler with his right hand; #C C holds the folding ruler with his right hand; #C C pulls a tape measure"
    },
    {
        "Video Name": "0aadf5ce-07eb-4934-9e07-317a46bc0b21",
        "Start Frame": 3120,
        "End Frame": 3240,
        "Caption": "#C C measures wood; #C C measures the wood with the folding rule in both hands; #C C measures wood with a tape measure; #C C measures the wood with the ruler in both hands.; #C C measures the plank with the tape measure using both hands"
    },
    {
        "Video Name": "0aadf5ce-07eb-4934-9e07-317a46bc0b21",
        "Start Frame": 3240,
        "End Frame": 3360,
        "Caption": "#C C measures the wood with the tape measure; #C C measures the table with the measuring tape in both hands.; #C C measures the wood with the folding ruler with both hands.; #C C measures the plank with the tape measure in his right hand; #C C measures the wood"
    },
    {
        "Video Name": "0aadf5ce-07eb-4934-9e07-317a46bc0b21",
        "Start Frame": 3360,
        "End Frame": 3480,
        "Caption": "#C C measures the board with the folding ruler in his right hand; #C C measures the wood with the tape measure; #C C measures the plank with the tape measure in his right hand; #C C measures the wood ; #C C measures the shelf with the tape measure with both hands."
    },
    {
        "Video Name": "0aadf5ce-07eb-4934-9e07-317a46bc0b21",
        "Start Frame": 3480,
        "End Frame": 3600,
        "Caption": "#C C holds the wooden furniture with both hands; #C C fixes the wood; #C C places his left hand on the side of the wooden shelf; #C C fixes the wood on the wooden structure; #C C holds the wood with his right hand."
    },
    {
        "Video Name": "0aadf5ce-07eb-4934-9e07-317a46bc0b21",
        "Start Frame": 3600,
        "End Frame": 3720,
        "Caption": "#C C marks the plank on the floor with the pencil in his right hand; #C C measures the plank with the folding ruler in his right hand.; #C C marks the floor with the pen in his right hand.; #C C writes on the measuring tape; #C C marks the wood with the pen"
    },
    {
        "Video Name": "0aadf5ce-07eb-4934-9e07-317a46bc0b21",
        "Start Frame": 3720,
        "End Frame": 3840,
        "Caption": "#C C holds the wood ; #C C turns to the side; #C C moves the plank on the floor with his left hand; #C C looks around; #C C holds a plank with his left hand."
    },
    {
        "Video Name": "0aadf5ce-07eb-4934-9e07-317a46bc0b21",
        "Start Frame": 3840,
        "End Frame": 3960,
        "Caption": "#C C picks a folding rule from the floor with his right hand.; #C C picks the folding ruler from the floor with his right hand.; #C C picks the folding rule from the floor with his right hand.; #C C picks a ruler from the floor with his right hand.; #C C picks the folding ruler with his right hand."
    },
    {
        "Video Name": "0aadf5ce-07eb-4934-9e07-317a46bc0b21",
        "Start Frame": 3960,
        "End Frame": 4080,
        "Caption": "#C C moves the plank on the floor with his left hand; #C C places his left hand on the floor.; #C C holds the plank with his left hand.; #C C puts the piece of wood on the floor; #C C picks a stick from the floor with his left hand"
    },
    {
        "Video Name": "0aadf5ce-07eb-4934-9e07-317a46bc0b21",
        "Start Frame": 4080,
        "End Frame": 4200,
        "Caption": "#C C picks a metal; #C C moves the insulation on the floor with his left hand; #C C picks the wire mesh; #C C picks the fan ; #C C picks a fan on the floor with his left hand"
    },
    {
        "Video Name": "0aadf5ce-07eb-4934-9e07-317a46bc0b21",
        "Start Frame": 4200,
        "End Frame": 4320,
        "Caption": "#C C drops the metal rack on the floor with his left hand; #C C holds the metal structure; #C C moves the metal; #C C drops the metal rack; #C C puts the metal on the floor"
    },
    {
        "Video Name": "0aadf5ce-07eb-4934-9e07-317a46bc0b21",
        "Start Frame": 4320,
        "End Frame": 4440,
        "Caption": "#C C measures the plank with the folding ruler with both hands.; #C C drops the tape measure on the floor with his right hand; #C C picks the measuring tape from the floor with his right hand; #C C moves the folding ruler on the ground with his left hand; #C C places his right hand on the wood."
    },
    {
        "Video Name": "0aadf5ce-07eb-4934-9e07-317a46bc0b21",
        "Start Frame": 4440,
        "End Frame": 4560,
        "Caption": "#C C marks the plank with the pencil in his right hand; #C C marks the wood with the pencil in his right hand; #C C marks the wood with the pen in his right hand; #C C marks the wood  plank; #C C marks the wood with the pen in his right hand"
    },
    {
        "Video Name": "0aadf5ce-07eb-4934-9e07-317a46bc0b21",
        "Start Frame": 4560,
        "End Frame": 4680,
        "Caption": "#C C drops the try square on the ground with his right hand.; #C C takes the wood plank from the floor with his left hand.; #C C holds the level with his left hand.; #C C places his right hand on the plank on the floor.; #C C moves the piece of wood on the floor with his left hand"
    },
    {
        "Video Name": "0aadf5ce-07eb-4934-9e07-317a46bc0b21",
        "Start Frame": 4680,
        "End Frame": 4800,
        "Caption": "#C C marks the piece of wood with the pencil in his right hand.; #C C marks the piece of wood with the pen in his right hand.; #C C marks the plank on the floor with the pencil in his right hand; #C C marks on the wood; #C C marks the plank with the pencil in his right hand."
    },
    {
        "Video Name": "0aadf5ce-07eb-4934-9e07-317a46bc0b21",
        "Start Frame": 4800,
        "End Frame": 4920,
        "Caption": "#C C marks the wooden plank with the pen in his right hand; #C C measures wood; #C C moves the measuring tape on the plank with his right hand; #C C removes the tape measure from the wood ; #C C places his left hand on the wood."
    },
    {
        "Video Name": "0aadf5ce-07eb-4934-9e07-317a46bc0b21",
        "Start Frame": 4920,
        "End Frame": 5040,
        "Caption": "#C C marks on the wood with a pen; #C C marks the wood with the pen in his right hand; #C C marks the plank with the pen in his right hand; #C C removes his left hand from the wood.; #C C marks the plank with the pen in his right hand"
    },
    {
        "Video Name": "0aadf5ce-07eb-4934-9e07-317a46bc0b21",
        "Start Frame": 5040,
        "End Frame": 5160,
        "Caption": "#C C marks the wooden plank with the pen in his right hand.; #C C marks the wood with the pen; #C C marks on the board ; #C C marks the plank with the pencil in his right hand.; #C C draws a line on the plank with the pencil in his right hand"
    },
    {
        "Video Name": "0aadf5ce-07eb-4934-9e07-317a46bc0b21",
        "Start Frame": 5160,
        "End Frame": 5280,
        "Caption": "#C C picks a pencil from the floor with his left hand.; #C C picks the measuring tape from the floor with his left hand; #C C places his left hand on a plank.; #C C moves the wood; #C C picks a measuring ruler"
    },
    {
        "Video Name": "0aadf5ce-07eb-4934-9e07-317a46bc0b21",
        "Start Frame": 5280,
        "End Frame": 5400,
        "Caption": "#C C measures the plank with the folding ruler with both hands; #C C stares at the ruler; #C C measures the wood; #C C measures the wood ; #C C measures the wood"
    }
]