[
    {
        "Video Name": "0d173aa3-9a94-4ba4-84bc-949d3254a63d",
        "Start Frame": 0,
        "End Frame": 120,
        "Caption": "#C C holds the dough mixer; #C C touches the dough mixer with his right hand; #C C holds the guard with his right hand.; #C C holds the dough mixer; #C C Walks toward the dough mixer"
    },
    {
        "Video Name": "0d173aa3-9a94-4ba4-84bc-949d3254a63d",
        "Start Frame": 120,
        "End Frame": 240,
        "Caption": "#C C moves a plastic bucket on the floor with his right hand; #C C picks the bucket; #C C picks the plastic bowl ; #C C moves the bucket of flour with his right hand.; #C C pushes the bucket"
    },
    {
        "Video Name": "0d173aa3-9a94-4ba4-84bc-949d3254a63d",
        "Start Frame": 240,
        "End Frame": 360,
        "Caption": "#C C picks a scrapper from the floor with his right hand; #C C drops the dough in the bucket; #C C puts his right hand in the bucket.; #C C picks up a knife.; #C C puts the flour in the bucket."
    },
    {
        "Video Name": "0d173aa3-9a94-4ba4-84bc-949d3254a63d",
        "Start Frame": 360,
        "End Frame": 480,
        "Caption": "#C C holds the mixer with his right hand; #C C opens the mixer with his right hand; #C C closes the dough mixer machine; #C C holds the mixer; #C C holds the dough mixer"
    },
    {
        "Video Name": "0d173aa3-9a94-4ba4-84bc-949d3254a63d",
        "Start Frame": 480,
        "End Frame": 600,
        "Caption": "#C C picks dough from the dough mixer.; #C C picks the dough from the mixer.; #C C touches the dough in the dough mixer with his right hand; #C C touches dough in the mixer with his right hand.; #C C holds the mixer with his left hand."
    },
    {
        "Video Name": "0d173aa3-9a94-4ba4-84bc-949d3254a63d",
        "Start Frame": 600,
        "End Frame": 720,
        "Caption": "#C C takes the dough from the mixer with both hands.; #C C carries the dough.; #C C moves the dough from the mixer to the dough sheeter with his hands; #C C carries the dough.; #C C removes the dough from the mixer"
    },
    {
        "Video Name": "0d173aa3-9a94-4ba4-84bc-949d3254a63d",
        "Start Frame": 720,
        "End Frame": 840,
        "Caption": "#C C picks a dough; #C C picks a napkin from a bucket on the floor.; #C C picks a rag from a bowl on the table with his right hand; #C C picks a piece of cloth.; #C C picks a cloth"
    },
    {
        "Video Name": "0d173aa3-9a94-4ba4-84bc-949d3254a63d",
        "Start Frame": 840,
        "End Frame": 960,
        "Caption": "#C C puts the cloth on the floor.; #C C puts the piece of cloth on the table; #C  C drops the dough on the machine.; #C C takes the cloth; #C C puts a piece of cloth on the dough kneading"
    },
    {
        "Video Name": "0d173aa3-9a94-4ba4-84bc-949d3254a63d",
        "Start Frame": 960,
        "End Frame": 1080,
        "Caption": "#C C walks towards the table; #C C walks around the room; #C C walks around the kitchen; #C C walks around.; #C C walks around the bakery"
    },
    {
        "Video Name": "0d173aa3-9a94-4ba4-84bc-949d3254a63d",
        "Start Frame": 1080,
        "End Frame": 1200,
        "Caption": "#C C walks towards the table; #C C walks towards a shelf; #C C walks in the room; #C C walks towards the shelf; #C C walks around"
    },
    {
        "Video Name": "0d173aa3-9a94-4ba4-84bc-949d3254a63d",
        "Start Frame": 1200,
        "End Frame": 1320,
        "Caption": "#C C takes a bag of flour from a carton with both hands; #C C opens the bag; #C C takes flour from the bag.; #C C opens the bag of flour.; #C C opens the sack with both hands."
    },
    {
        "Video Name": "0d173aa3-9a94-4ba4-84bc-949d3254a63d",
        "Start Frame": 1320,
        "End Frame": 1440,
        "Caption": "#C C takes flour from the sack with the cup.; #C C scoops flour from the bag with the flour scoop.; #C C scoops flour with the package bag.; #C C takes flour from the sack.; #C C scoops flour with a flour scooper in the"
    },
    {
        "Video Name": "0d173aa3-9a94-4ba4-84bc-949d3254a63d",
        "Start Frame": 1440,
        "End Frame": 1560,
        "Caption": "#C C scoops flour; #C C scoops flour with the measuring cup; #C C pours flour in the paper; #C C takes a flour from the paper bag; #C C holds the flour bag with his left"
    },
    {
        "Video Name": "0d173aa3-9a94-4ba4-84bc-949d3254a63d",
        "Start Frame": 1560,
        "End Frame": 1680,
        "Caption": "#C C takes a scoop of flour; #C C puts flour in the polythene bag; #C C moves the packet of flour; #C C scoops flour with a measuring cup; #C C scoops flour with a measuring cup"
    },
    {
        "Video Name": "0d173aa3-9a94-4ba4-84bc-949d3254a63d",
        "Start Frame": 1680,
        "End Frame": 1800,
        "Caption": "#C C takes flour from the bag with his right hand; #C C takes the flour bag ; #C C moves the sack.; #C C takes flour; #C C picks a sack of flour"
    },
    {
        "Video Name": "0d173aa3-9a94-4ba4-84bc-949d3254a63d",
        "Start Frame": 1800,
        "End Frame": 1920,
        "Caption": "#C C scoops flour with the flour bag; #C C turns the flour bag ; #C C picks up the flour packet; #C C picks up the flour; #C C adjusts the carton on the table with his hands"
    },
    {
        "Video Name": "0d173aa3-9a94-4ba4-84bc-949d3254a63d",
        "Start Frame": 1920,
        "End Frame": 2040,
        "Caption": "#C C lifts a paper bag; #C C picks the bag of flour from the floor; #C C puts the paper bag on the floor; #C C removes a bag of flour from the nylon; #C C puts the polythene bag on the"
    },
    {
        "Video Name": "0d173aa3-9a94-4ba4-84bc-949d3254a63d",
        "Start Frame": 2040,
        "End Frame": 2160,
        "Caption": "#C C removes the flour; #C C drops the packet on the shelf; #C C opens the sack; #C C puts the bag of flour into a bag; #C C walks in the room."
    },
    {
        "Video Name": "0d173aa3-9a94-4ba4-84bc-949d3254a63d",
        "Start Frame": 2160,
        "End Frame": 2280,
        "Caption": "#C C takes flour with the right hand.; #C C opens the bag of flour with both hands.; #C C walks towards the dough mixer.; #C C moves the sack on the floor with his left hand; #C C puts the flour bag on the floor."
    },
    {
        "Video Name": "0d173aa3-9a94-4ba4-84bc-949d3254a63d",
        "Start Frame": 2280,
        "End Frame": 2400,
        "Caption": "#C C throws the packet of powder in the bucket with his right hand.; #C C picks a container from the floor with his right hand.; #C C drops the paper inside a bag; #C C picks a plastic bag from a sack on the floor with his right hand; #C C puts the paper on the sack "
    },
    {
        "Video Name": "0d173aa3-9a94-4ba4-84bc-949d3254a63d",
        "Start Frame": 2400,
        "End Frame": 2520,
        "Caption": "#C C scoops flour with a flour scooper in the sack ; #C C scoops flour from the bag with the scoop in his right hand.; #C C scoops flour with a flour scooper ; #C C takes flour from a bag of flour with a cup in his right hand; #C C takes a scooped flour"
    },
    {
        "Video Name": "0d173aa3-9a94-4ba4-84bc-949d3254a63d",
        "Start Frame": 2520,
        "End Frame": 2640,
        "Caption": "#C C holds the bag of flour with his right hand.; #C C holds the sack with his right hand; #C C takes flour from the bag of flour with the stainless scoop in his right hand; #C C holds the sack of flour; #C C picks flour"
    },
    {
        "Video Name": "0d173aa3-9a94-4ba4-84bc-949d3254a63d",
        "Start Frame": 2640,
        "End Frame": 2760,
        "Caption": "#C C puts flour in the bucket; #C C pours flour in the flour bag into the plastic container; #C C puts the flour in the bucket; #C C picks flour from the bag; #C C pours flour from the bag into the plastic scoop."
    },
    {
        "Video Name": "0d173aa3-9a94-4ba4-84bc-949d3254a63d",
        "Start Frame": 2760,
        "End Frame": 2880,
        "Caption": "#C C scoops flour; #C C scoops flour; #C C scoops flour with a tin ; #C C packs grains from the bag with the cup in his right hand; #C C takes the cup of flour with his right hand."
    },
    {
        "Video Name": "0d173aa3-9a94-4ba4-84bc-949d3254a63d",
        "Start Frame": 2880,
        "End Frame": 3000,
        "Caption": "#C C scoops flour ; #C C scoops flour with a plastic scoop ; #C C takes flour from the bag with the cup; #C C scoops flour with a cup; #C C takes flour with the cup."
    },
    {
        "Video Name": "0d173aa3-9a94-4ba4-84bc-949d3254a63d",
        "Start Frame": 3000,
        "End Frame": 3120,
        "Caption": "#C C takes flour with the cup.; #C C scoops flour from the bag with the cup in his right hand; #C C scoops flour with a cup ; #C C scoops flour; #C C scoops flour"
    },
    {
        "Video Name": "0d173aa3-9a94-4ba4-84bc-949d3254a63d",
        "Start Frame": 3120,
        "End Frame": 3240,
        "Caption": "#C C scoops wheat flour with a jug; #C C scoops flour; #C C fetches flour with a cup; #C C scoops flour with the cup.; #C C scoops the flour with the cup"
    },
    {
        "Video Name": "0d173aa3-9a94-4ba4-84bc-949d3254a63d",
        "Start Frame": 3240,
        "End Frame": 3360,
        "Caption": "#C C picks a scoop from the bag on the floor with his right hand.; #C C picks up the cup; #C C turns around; #C C picks a scoop from the bag.; #C C takes water from the cup of water in his left hand with the cup in his right hand"
    },
    {
        "Video Name": "0d173aa3-9a94-4ba4-84bc-949d3254a63d",
        "Start Frame": 3360,
        "End Frame": 3480,
        "Caption": "#C C walks around the room; #C C walks towards a bakery; #C C folds the paper ; #C C walks around the room; #C C takes the bag"
    },
    {
        "Video Name": "0d173aa3-9a94-4ba4-84bc-949d3254a63d",
        "Start Frame": 3480,
        "End Frame": 3600,
        "Caption": "#C C walks around the bakery; #C C walks around the room; #C C walks around the bakery; #C C walks around the kitchen; #C C walks around the kitchen"
    },
    {
        "Video Name": "0d173aa3-9a94-4ba4-84bc-949d3254a63d",
        "Start Frame": 3600,
        "End Frame": 3720,
        "Caption": "#C C walks around the kitchen; #C C walks around the bakery; #C C walks around the kitchen; #C C walks around the bakery; #C C walks around the room"
    },
    {
        "Video Name": "0d173aa3-9a94-4ba4-84bc-949d3254a63d",
        "Start Frame": 3720,
        "End Frame": 3840,
        "Caption": "#C C holds the pack of flour with both hands. ; #C C puts the polythene bag under the table; #C C looks at the dough mixer; #C C carries the bag of flour from the table with both hands; #C C looks around"
    },
    {
        "Video Name": "0d173aa3-9a94-4ba4-84bc-949d3254a63d",
        "Start Frame": 3840,
        "End Frame": 3960,
        "Caption": "#C C takes the sack ; #C C walks in the room; #C C walks around the room; #C C walks in the kitchen; #C C holds a sack "
    },
    {
        "Video Name": "0d173aa3-9a94-4ba4-84bc-949d3254a63d",
        "Start Frame": 3960,
        "End Frame": 4080,
        "Caption": "#C C pours the flour in the dough maker ; #C C pours the flour into the spiral dough mixer bowl; #C C pours the flour into a mixer with both hands; #C C pours flour in the dough mixer; #C C pours the flour into the mixer."
    },
    {
        "Video Name": "0d173aa3-9a94-4ba4-84bc-949d3254a63d",
        "Start Frame": 4080,
        "End Frame": 4200,
        "Caption": "#C C pours the flour into the dough mixer with both hands; #C C pours flour into the dough mixer.; #C C pours the flour into the spiral dough mixer bowl.; #C C pours flour in the dough mixer.; #C C pours the flour in the dough mixer "
    },
    {
        "Video Name": "0d173aa3-9a94-4ba4-84bc-949d3254a63d",
        "Start Frame": 4200,
        "End Frame": 4320,
        "Caption": "#C C drops the paper bag of flour in the industrial mixer.; #C C walks towards the mixer with the scoop in his right hand; #C C turns around; #C C walks around the room; #C C walks towards the door"
    },
    {
        "Video Name": "0d173aa3-9a94-4ba4-84bc-949d3254a63d",
        "Start Frame": 4320,
        "End Frame": 4440,
        "Caption": "#C C walks to the bench; #C C takes a bucket from the table with his right hand; #C C walks around the room; #C C drops the bowl on the table.; #C C walks around the kitchen "
    },
    {
        "Video Name": "0d173aa3-9a94-4ba4-84bc-949d3254a63d",
        "Start Frame": 4440,
        "End Frame": 4560,
        "Caption": "#C C pours the dirt in the dustpan into the dustbin with his right hand; #C C puts the dustpan on the floor; #C C drops the broom on the floor with his right hand.; #C C drops the plastic bin on the floor.; #C C walks towards the garbage bag."
    },
    {
        "Video Name": "0d173aa3-9a94-4ba4-84bc-949d3254a63d",
        "Start Frame": 4560,
        "End Frame": 4680,
        "Caption": "#C C takes a nylon bag; #C C takes a bag from the shelf.; #C C takes a bag from a shelf with his left hand; #C C puts the sack on the floor; #C C puts the bag on the floor"
    },
    {
        "Video Name": "0d173aa3-9a94-4ba4-84bc-949d3254a63d",
        "Start Frame": 4680,
        "End Frame": 4800,
        "Caption": "#C C pours flour in the paper; #C C takes flour from the bag of flour with the scoop in his right hand; #C C scoops flour with the plastic scoop in his right hand.; #C C fetches flour with a container; #C C scoops the flour"
    },
    {
        "Video Name": "0d173aa3-9a94-4ba4-84bc-949d3254a63d",
        "Start Frame": 4800,
        "End Frame": 4920,
        "Caption": "#C C picks a bag of flour from the floor with his right hand; #C C walks around the bakery ; #C C picks flour bag.; #C C takes flour from the bag; #C C carries flour bag"
    },
    {
        "Video Name": "0d173aa3-9a94-4ba4-84bc-949d3254a63d",
        "Start Frame": 4920,
        "End Frame": 5040,
        "Caption": "#C C walks towards the table; #C C walks towards the table; #C C walks around the room; #C C walks around the room; #C C walks around the room"
    },
    {
        "Video Name": "0d173aa3-9a94-4ba4-84bc-949d3254a63d",
        "Start Frame": 5040,
        "End Frame": 5160,
        "Caption": "#C C walks around the room; #C C pours the flour into the mixer with his right hand.; #C C sprinkles flour on the dough in the mixer with his right hand; #C C moves towards the mixer.; #C C walks around the kitchen"
    },
    {
        "Video Name": "0d173aa3-9a94-4ba4-84bc-949d3254a63d",
        "Start Frame": 5160,
        "End Frame": 5280,
        "Caption": "#C C walks around the bakery; #C C walks in the kitchen; #C C walks around ; #C C walks around; #C C walks around the room"
    },
    {
        "Video Name": "0d173aa3-9a94-4ba4-84bc-949d3254a63d",
        "Start Frame": 5280,
        "End Frame": 5400,
        "Caption": "#C C picks the bucket of dough.; #C C opens the measuring scale; #C C opens a bucket of flour with his left hand.; #C C opens the plastic container.; #C C opens the bowl on the table with his left hand"
    }
]