[
    {
        "Video Name": "0f9d1d44-8a15-4135-a77e-d64064afc1e4",
        "Start Frame": 0,
        "End Frame": 120,
        "Caption": "#C C walks around the kitchen; #C C walks in the house; #C C walks around the house; #C C walks around the house; #C C walks around the house"
    },
    {
        "Video Name": "0f9d1d44-8a15-4135-a77e-d64064afc1e4",
        "Start Frame": 120,
        "End Frame": 240,
        "Caption": "#C C opens the tap; #C C  opens a tap ; #C C opens the tap; #C C rinses the bowl; #C C closes tap"
    },
    {
        "Video Name": "0f9d1d44-8a15-4135-a77e-d64064afc1e4",
        "Start Frame": 240,
        "End Frame": 360,
        "Caption": "#C C looks around; #C C turns around; #C C walks around the house; #O A man Y holds a; #C C looks around"
    },
    {
        "Video Name": "0f9d1d44-8a15-4135-a77e-d64064afc1e4",
        "Start Frame": 360,
        "End Frame": 480,
        "Caption": "#C C walks towards the door; #c c walks in the house; #C C Walks towards the; #C C walks in a room; #C C walks in the house"
    },
    {
        "Video Name": "0f9d1d44-8a15-4135-a77e-d64064afc1e4",
        "Start Frame": 480,
        "End Frame": 600,
        "Caption": "#C C opens the door; #C C looks around; #C C walks in the room; #C C walks in a room; #C C turns on a tap with her right hand"
    },
    {
        "Video Name": "0f9d1d44-8a15-4135-a77e-d64064afc1e4",
        "Start Frame": 600,
        "End Frame": 720,
        "Caption": "#C C opens the door; #C C opens the door; #c c opens the door; #C C opens a door; #C C opens a door"
    },
    {
        "Video Name": "0f9d1d44-8a15-4135-a77e-d64064afc1e4",
        "Start Frame": 720,
        "End Frame": 840,
        "Caption": "#C C walks around the house; #C C walks to the other side of the; #C C Walks around a house; #C C walks around the house ; #C C walks towards the sink"
    },
    {
        "Video Name": "0f9d1d44-8a15-4135-a77e-d64064afc1e4",
        "Start Frame": 840,
        "End Frame": 960,
        "Caption": "#C C  places a spray bottle on the countertop; #C C pours water in a house; #C C pours water into the flower pot; #C C holds a bucket ; #C C puts water in the vase"
    },
    {
        "Video Name": "0f9d1d44-8a15-4135-a77e-d64064afc1e4",
        "Start Frame": 960,
        "End Frame": 1080,
        "Caption": "#C C pours water on the plant ; #C C pours water in the flower pot; #C C pours the water in the flower; #C C pours water into the flower pot; #C C pours water on the vase"
    },
    {
        "Video Name": "0f9d1d44-8a15-4135-a77e-d64064afc1e4",
        "Start Frame": 1080,
        "End Frame": 1200,
        "Caption": "#C C Puts down a plant; #C C puts the tin on the window; #C C holds a flower pot; #C C puts the flower pot on the window; #C C puts the flower in the flower pot"
    },
    {
        "Video Name": "0f9d1d44-8a15-4135-a77e-d64064afc1e4",
        "Start Frame": 1200,
        "End Frame": 1320,
        "Caption": "#C C puts the jug on the; #C C picks up the bucket; #C C puts the bowl down; #C C puts the container on the; #C C puts the bucket down"
    },
    {
        "Video Name": "0f9d1d44-8a15-4135-a77e-d64064afc1e4",
        "Start Frame": 1320,
        "End Frame": 1440,
        "Caption": "#C C walks around the house; #C C walks around the veranda; #C C walks in the veranda; #C C walks around the house; #C C walks around the veranda"
    },
    {
        "Video Name": "0f9d1d44-8a15-4135-a77e-d64064afc1e4",
        "Start Frame": 1440,
        "End Frame": 1560,
        "Caption": "#C C places the paper in the bucket; #C C puts the container in the box; #C C puts the plastic paper down; #C C puts the polythene bag on the; #C C puts the plastic bag on the box"
    },
    {
        "Video Name": "0f9d1d44-8a15-4135-a77e-d64064afc1e4",
        "Start Frame": 1560,
        "End Frame": 1680,
        "Caption": "#C C pulls carton ; #C C picks the box; #C C moves carton ; #C C moves carton box ; #C C picks carton from the"
    },
    {
        "Video Name": "0f9d1d44-8a15-4135-a77e-d64064afc1e4",
        "Start Frame": 1680,
        "End Frame": 1800,
        "Caption": "#C C puts the box on the; #C C puts the box aside ; #C C puts down a carton; #C C moves the box ; #C C drops the box"
    },
    {
        "Video Name": "0f9d1d44-8a15-4135-a77e-d64064afc1e4",
        "Start Frame": 1800,
        "End Frame": 1920,
        "Caption": "#C C touches soil; #C C touches the soil; #C C removes the dirt from the soil; #C C Adjusts a flower in a; #C C Mixes the soil with the"
    },
    {
        "Video Name": "0f9d1d44-8a15-4135-a77e-d64064afc1e4",
        "Start Frame": 1920,
        "End Frame": 2040,
        "Caption": "#C C Moves the sack; #C C touches the bucket; #C C mixes soil in the bucket; #C C rubs soil on the; #C C puts the soil in the"
    },
    {
        "Video Name": "0f9d1d44-8a15-4135-a77e-d64064afc1e4",
        "Start Frame": 2040,
        "End Frame": 2160,
        "Caption": "#C C Scoops soil from the; #C C touches the bucket; #C C removes soil from the bucket; #C C touches the soil; #C C moves soil in the bucket"
    },
    {
        "Video Name": "0f9d1d44-8a15-4135-a77e-d64064afc1e4",
        "Start Frame": 2160,
        "End Frame": 2280,
        "Caption": "#C C mixes soil with hand; #C C removes dirt from the bucket; #C C puts the chaffs in the bucket; #C C touches the soil; #C C removes dirt from the bucket "
    },
    {
        "Video Name": "0f9d1d44-8a15-4135-a77e-d64064afc1e4",
        "Start Frame": 2280,
        "End Frame": 2400,
        "Caption": "#C C mixes the soil; #C C removes dirt from the basin; #C C drops soil on the sack; #C C stirs manure with hand; #C C picks the soil from the"
    },
    {
        "Video Name": "0f9d1d44-8a15-4135-a77e-d64064afc1e4",
        "Start Frame": 2400,
        "End Frame": 2520,
        "Caption": "#C C takes soil; #C C wipes the bucket with the tissue; #C C removes the soil from the bucket; #C C stirs the soil; #C C holds the bucket"
    },
    {
        "Video Name": "0f9d1d44-8a15-4135-a77e-d64064afc1e4",
        "Start Frame": 2520,
        "End Frame": 2640,
        "Caption": "#C C touches the soil; #C C Scoops the soil from the; #C C moves the soil; #C C takes soil from the bucket; #C C mixes the soil with the water"
    },
    {
        "Video Name": "0f9d1d44-8a15-4135-a77e-d64064afc1e4",
        "Start Frame": 2640,
        "End Frame": 2760,
        "Caption": "#C C Mixes the soil on the basin with; #C C puts soil in the bucket; #C C picks dirt from the bucket ; #C C fetches water from the bucket; #C C touches the mixture in the bucket "
    },
    {
        "Video Name": "0f9d1d44-8a15-4135-a77e-d64064afc1e4",
        "Start Frame": 2760,
        "End Frame": 2880,
        "Caption": "#C C wipes the bucket; #C C touches the soil; #C C touches the soil; #C C touches the soil; #C C picks a nylon"
    },
    {
        "Video Name": "0f9d1d44-8a15-4135-a77e-d64064afc1e4",
        "Start Frame": 2880,
        "End Frame": 3000,
        "Caption": "#C C touches soil ; #C C picks dirt; #C C puts the soil in the bucket; #C C mixes the soil with the hand; #C C Mixes the soil with the"
    },
    {
        "Video Name": "0f9d1d44-8a15-4135-a77e-d64064afc1e4",
        "Start Frame": 3000,
        "End Frame": 3120,
        "Caption": "#C C Collects soil from the; #C C wipes the bucket; #C C mixes manure with soil; #C C takes soil from the bucket; #C C collects soil from the bucket"
    },
    {
        "Video Name": "0f9d1d44-8a15-4135-a77e-d64064afc1e4",
        "Start Frame": 3120,
        "End Frame": 3240,
        "Caption": "#C C opens box ; #c c picks carton; #C C picks the cart; #C C moves the box; #C C puts carton"
    },
    {
        "Video Name": "0f9d1d44-8a15-4135-a77e-d64064afc1e4",
        "Start Frame": 3240,
        "End Frame": 3360,
        "Caption": "#C C picks nylon paper; #C C picks the paper ; #C C picks a polythene bag; #c c takes a nylon paper; #C C picks the polythene bag"
    },
    {
        "Video Name": "0f9d1d44-8a15-4135-a77e-d64064afc1e4",
        "Start Frame": 3360,
        "End Frame": 3480,
        "Caption": "#C C puts on the helmet; #C C puts on a helmet; #C C puts on the helmet; #C C wears the camera; #C C holds the cap "
    },
    {
        "Video Name": "0f9d1d44-8a15-4135-a77e-d64064afc1e4",
        "Start Frame": 3480,
        "End Frame": 3600,
        "Caption": "#C C opens door; #C C opens a door; #C C opens door; #C C opens the door; #c c opens a door"
    },
    {
        "Video Name": "0f9d1d44-8a15-4135-a77e-d64064afc1e4",
        "Start Frame": 3600,
        "End Frame": 3720,
        "Caption": "#C C looks around; #C C holds a chair; #C C holds a bag; #C C moves around the; #C C moves the hand"
    },
    {
        "Video Name": "0f9d1d44-8a15-4135-a77e-d64064afc1e4",
        "Start Frame": 3720,
        "End Frame": 3840,
        "Caption": "#C C opens a door ; #C C opens the window ; #C C pushes a glass door ; #C C holds the window; #C C opens the window with his left"
    },
    {
        "Video Name": "0f9d1d44-8a15-4135-a77e-d64064afc1e4",
        "Start Frame": 3840,
        "End Frame": 3960,
        "Caption": "#C C opens the window ; #C C opens the window; #C C moves the hand; #C C puts the mask on the window; #C C looks outside the window"
    },
    {
        "Video Name": "0f9d1d44-8a15-4135-a77e-d64064afc1e4",
        "Start Frame": 3960,
        "End Frame": 4080,
        "Caption": "#C C pulls the curtain; #C C opens the window; #C C opens the curtain; #C C puts the door knob on the; #C C lifts his hand"
    },
    {
        "Video Name": "0f9d1d44-8a15-4135-a77e-d64064afc1e4",
        "Start Frame": 4080,
        "End Frame": 4200,
        "Caption": "#C C walks in the house; #C C walks in the house; #C C walks around the house; #C C walks around the house; #C C walks around the house"
    },
    {
        "Video Name": "0f9d1d44-8a15-4135-a77e-d64064afc1e4",
        "Start Frame": 4200,
        "End Frame": 4320,
        "Caption": "#C C walks in the; #C C walks around the; #C C walks around the; #C C walks around the; #C C walks to the"
    },
    {
        "Video Name": "0f9d1d44-8a15-4135-a77e-d64064afc1e4",
        "Start Frame": 4320,
        "End Frame": 4440,
        "Caption": "#C C walks around; #C C walks around the; #C C walks on the; #C C walks in the; #C C looks around the"
    },
    {
        "Video Name": "0f9d1d44-8a15-4135-a77e-d64064afc1e4",
        "Start Frame": 4440,
        "End Frame": 4560,
        "Caption": "#C C picks kitchen towel; #C C wipes her hands with a towel; #C C wipes the pot; #C C puts the kitchen towel on the; #C C wipes the kitchen "
    },
    {
        "Video Name": "0f9d1d44-8a15-4135-a77e-d64064afc1e4",
        "Start Frame": 4560,
        "End Frame": 4680,
        "Caption": "#C C takes off the kitchen; #C C walks around; #C C takes off the clot; #C C looks around; #C C looks around "
    },
    {
        "Video Name": "0f9d1d44-8a15-4135-a77e-d64064afc1e4",
        "Start Frame": 4680,
        "End Frame": 4800,
        "Caption": "#C C picks up a container; #C C picks a bowl ; #C C moves the container; #C C picks a container from the; #C C picks up a container"
    },
    {
        "Video Name": "0f9d1d44-8a15-4135-a77e-d64064afc1e4",
        "Start Frame": 4800,
        "End Frame": 4920,
        "Caption": "#C C closes tap water; #C C closes the tap; #C C closes tap water; #C C closes the tap; #C C closes the tap"
    },
    {
        "Video Name": "0f9d1d44-8a15-4135-a77e-d64064afc1e4",
        "Start Frame": 4920,
        "End Frame": 5040,
        "Caption": "#C C closes the tap; #C C closes the tap; #C C closes the tap; #C C closes the tap; #C C closes the tap"
    },
    {
        "Video Name": "0f9d1d44-8a15-4135-a77e-d64064afc1e4",
        "Start Frame": 5040,
        "End Frame": 5160,
        "Caption": "#C C picks a plastic cover on the; #C C opens the tin; #C C covers a tin with a lid; #C C opens the tin of peanut butter; #C C covers the bowl"
    },
    {
        "Video Name": "0f9d1d44-8a15-4135-a77e-d64064afc1e4",
        "Start Frame": 5160,
        "End Frame": 5280,
        "Caption": "#C C opens the tin; #C C closes tin ; #C C holds container; #C C covers the dish with a; #c c opens container"
    },
    {
        "Video Name": "0f9d1d44-8a15-4135-a77e-d64064afc1e4",
        "Start Frame": 5280,
        "End Frame": 5400,
        "Caption": "#C C walks around the house; #C C walks around the house; #C C looks around the house; #C C walks in the house; #C C looks around the house"
    }
]