[
    {
        "Video Name": "101628a9-37be-4555-99c0-589ced677ee6",
        "Start Frame": 0,
        "End Frame": 120,
        "Caption": "#C C sews the pieces of clothes together; #C C presses the pieces of cloth on the table with her; #C C places the piece of cloth on the craft; #C C places the piece of cloth on a piece of cloth; #C C places the piece of cloth on the other piece of"
    },
    {
        "Video Name": "101628a9-37be-4555-99c0-589ced677ee6",
        "Start Frame": 120,
        "End Frame": 240,
        "Caption": "#C C picks up the glue gun with her right; #C C puts the glue gun on the table; #C C puts the glue gun on the table; #C C drops the glue gun on the table; #C C picks up the glue gun"
    },
    {
        "Video Name": "101628a9-37be-4555-99c0-589ced677ee6",
        "Start Frame": 240,
        "End Frame": 360,
        "Caption": "#C C applies glue to the white fabric; #C C applies glue on the paper; #C C applies glue on the piece of paper ; #C C applies glue on the felt fabric with glue; #C C applies glue on the fabric with the glue"
    },
    {
        "Video Name": "101628a9-37be-4555-99c0-589ced677ee6",
        "Start Frame": 360,
        "End Frame": 480,
        "Caption": "#C C puts glue on the paper alphabet with the glue; #C C puts glue on the paper alphabet with the glue; #C C puts glue on the paper alphabet with the glue; #C C puts glue on the paper alphabet with the glue; #C C puts glue on the felt fabric "
    },
    {
        "Video Name": "101628a9-37be-4555-99c0-589ced677ee6",
        "Start Frame": 480,
        "End Frame": 600,
        "Caption": "#C C removes the glue on the craft; #C C holds the craft; #C C puts the pieces of cloths; #C C holds a craft on the table; #C C adjusts the craft on the table"
    },
    {
        "Video Name": "101628a9-37be-4555-99c0-589ced677ee6",
        "Start Frame": 600,
        "End Frame": 720,
        "Caption": "#C C drops the scissors on the table; #C C drops the piece of cloth on the; #C C places the needle on the table; #C C places the needle on the table; #C C holds the needle with both hands"
    },
    {
        "Video Name": "101628a9-37be-4555-99c0-589ced677ee6",
        "Start Frame": 720,
        "End Frame": 840,
        "Caption": "#C C cleans her left hand with her right; #C C picks a needle from the table; #C C cleans her hands; #C C cleans her hands with the tissue paper; #C C picks up a needle from the table"
    },
    {
        "Video Name": "101628a9-37be-4555-99c0-589ced677ee6",
        "Start Frame": 840,
        "End Frame": 960,
        "Caption": "#C C puts the glue gun on the table; #C C drops the needle on the table.; #C C removes a piece of thread from the; #C C removes a thread from her hands; #C C picks up the needle from the table"
    },
    {
        "Video Name": "101628a9-37be-4555-99c0-589ced677ee6",
        "Start Frame": 960,
        "End Frame": 1080,
        "Caption": "#C C drops the needle into the container; #C C puts the needle in the plastic; #C C drops the needle in the box; #C C opens the box; #C C returns the needle into the container"
    },
    {
        "Video Name": "101628a9-37be-4555-99c0-589ced677ee6",
        "Start Frame": 1080,
        "End Frame": 1200,
        "Caption": "#C C takes the thread; #C C puts the scissors in the container; #C C picks the thread from the table with her right; #C C drops the scissors on the table; #C C drops the thread on the table with her right"
    },
    {
        "Video Name": "101628a9-37be-4555-99c0-589ced677ee6",
        "Start Frame": 1200,
        "End Frame": 1320,
        "Caption": "#C C puts the needle on the table; #C C puts the thread on the table; #C C raises her hands; #C C drops the scissors on the table; #C C passes the scissors to her right"
    },
    {
        "Video Name": "101628a9-37be-4555-99c0-589ced677ee6",
        "Start Frame": 1320,
        "End Frame": 1440,
        "Caption": "#C C inserts the thread in her right hand into the needle in her left; #C C puts the thread in the needle; #C C fixes the thread into the needle; #C C inserts the thread in the needle; #C C inserts the thread in her left hand into the needle in her right"
    },
    {
        "Video Name": "101628a9-37be-4555-99c0-589ced677ee6",
        "Start Frame": 1440,
        "End Frame": 1560,
        "Caption": "#C C drops the needle on the; #C C puts the thread on the; #C C places the needle on the; #C C raises her right hand; #C C drops the needle on the"
    },
    {
        "Video Name": "101628a9-37be-4555-99c0-589ced677ee6",
        "Start Frame": 1560,
        "End Frame": 1680,
        "Caption": "#C C picks up a needle; #C C picks the needle from the table with her right hand; #C C drops the needle on the table; #C C picks up a needle; #C C picks up the needle from the table with her right"
    },
    {
        "Video Name": "101628a9-37be-4555-99c0-589ced677ee6",
        "Start Frame": 1680,
        "End Frame": 1800,
        "Caption": "#C C drops the needle on the table; #C C removes the thread from the needle; #C C drops the needle on the table; #C C drops the thread on the table; #C C puts the thread on the table"
    },
    {
        "Video Name": "101628a9-37be-4555-99c0-589ced677ee6",
        "Start Frame": 1800,
        "End Frame": 1920,
        "Caption": "#C C ties the ends of the thread; #C C ties the thread together; #C C ties the thread ; #C C pulls the thread with her hands; #C C ties the thread together with both"
    },
    {
        "Video Name": "101628a9-37be-4555-99c0-589ced677ee6",
        "Start Frame": 1920,
        "End Frame": 2040,
        "Caption": "#C C picks the craft on the table with her left; #C C picks a piece of cloth; #C C picks up the craft paper from the table; #C C picks the piece of cloth from the table; #C C arranges the craft on the table"
    },
    {
        "Video Name": "101628a9-37be-4555-99c0-589ced677ee6",
        "Start Frame": 2040,
        "End Frame": 2160,
        "Caption": "#C C puts the piece of cloth on the table; #C C sews the craft paper with the needle in her right; #C C sews the pieces of cloths together; #C C places the piece of cloth on the table; #C C places the second craft on the first craft"
    },
    {
        "Video Name": "101628a9-37be-4555-99c0-589ced677ee6",
        "Start Frame": 2160,
        "End Frame": 2280,
        "Caption": "#C C puts the piece of cloth on the table; #C C removes a piece of cloth; #C C adjusts the craft on the table with her right; #C C removes a needle from the craft paper; #C C adjusts the craft on the table"
    },
    {
        "Video Name": "101628a9-37be-4555-99c0-589ced677ee6",
        "Start Frame": 2280,
        "End Frame": 2400,
        "Caption": "#C C removes her right hand from the; #C C drops the craft on the table; #C C places the craft on the table; #C C picks the craft from the table; #C C places the craft on the table"
    },
    {
        "Video Name": "101628a9-37be-4555-99c0-589ced677ee6",
        "Start Frame": 2400,
        "End Frame": 2520,
        "Caption": "#C C adjusts the craft on the table; #C C drops the piece of cloth on the; #C C puts the pieces of cloth on the; #C C drops the craft on the table; #C C adjusts the craft on the table"
    },
    {
        "Video Name": "101628a9-37be-4555-99c0-589ced677ee6",
        "Start Frame": 2520,
        "End Frame": 2640,
        "Caption": "#C C places the craft on the table; #C C places the craft on the table; #C C puts the decoration on the table; #C C adjusts the craft on the table with both; #C C places the craft on the craft on the"
    },
    {
        "Video Name": "101628a9-37be-4555-99c0-589ced677ee6",
        "Start Frame": 2640,
        "End Frame": 2760,
        "Caption": "#C C puts the piece of cloth on the; #C C adjusts the cut piece of cloth ; #C C places the piece of cloth on the; #C C places the piece of cloth on the; #C C places the piece of cloth on the"
    },
    {
        "Video Name": "101628a9-37be-4555-99c0-589ced677ee6",
        "Start Frame": 2760,
        "End Frame": 2880,
        "Caption": "#C C places her right hand on the craft; #C C adjusts the craft on the table with her left; #C C adjusts the craft on the table with her right; #C C adjusts the craft on the table; #C C adjusts the craft on the table"
    },
    {
        "Video Name": "101628a9-37be-4555-99c0-589ced677ee6",
        "Start Frame": 2880,
        "End Frame": 3000,
        "Caption": "#C C drops the scissors on the table; #C C cuts a piece of cloth with the; #C C cuts off the unwanted part of the; #C C cuts the piece of cloth; #C C cuts the thread with the scissors"
    },
    {
        "Video Name": "101628a9-37be-4555-99c0-589ced677ee6",
        "Start Frame": 3000,
        "End Frame": 3120,
        "Caption": "#C C removes the cut piece of cloth on the; #C C adjusts the craft on the table; #C C places the piece of cloth on the table; #C C arranges the pieces of cloth on the; #C C removes the needle from the piece of cloth"
    },
    {
        "Video Name": "101628a9-37be-4555-99c0-589ced677ee6",
        "Start Frame": 3120,
        "End Frame": 3240,
        "Caption": "#C C puts the piece of cloth on the table; #C C places the piece of cloth on the table; #C C removes a piece of cloth; #C C puts the piece of cloth on the table; #C C puts the piece of cloth on the table"
    },
    {
        "Video Name": "101628a9-37be-4555-99c0-589ced677ee6",
        "Start Frame": 3240,
        "End Frame": 3360,
        "Caption": "#C C sews the piece of cloth; #C C stitches the piece of cloth; #C C stiches the craft on the; #C C sews the piece of cloth; #C C inserts the needle into the craft"
    },
    {
        "Video Name": "101628a9-37be-4555-99c0-589ced677ee6",
        "Start Frame": 3360,
        "End Frame": 3480,
        "Caption": "#C C sews the craft with the threaded needle; #C C sews the craft with the threaded needle; #C C sews the craft with the needle and; #C C inserts the needle into the craft; #C C sews a piece of cloth with a"
    },
    {
        "Video Name": "101628a9-37be-4555-99c0-589ced677ee6",
        "Start Frame": 3480,
        "End Frame": 3600,
        "Caption": "#C C sews the piece of cloth; #C C sews a piece of cloth on the craft; #C C sews a piece of cloth on the craft; #C C sews on the pieces of cloths; #C C stitches the craft on the table"
    },
    {
        "Video Name": "101628a9-37be-4555-99c0-589ced677ee6",
        "Start Frame": 3600,
        "End Frame": 3720,
        "Caption": "#C C sews the pieces of clothes together; #C C sews the piece of cloth; #C C sews the piece of cloth ; #C C sews the pieces of cloths; #C C sews the piece of cloth"
    },
    {
        "Video Name": "101628a9-37be-4555-99c0-589ced677ee6",
        "Start Frame": 3720,
        "End Frame": 3840,
        "Caption": "#C C sews the craft with the threaded needle; #C C sews on the piece of cloth; #C C stitches the craft with the needle; #C C sews the piece of cloth; #C C stitches the craft with the needle in her right"
    },
    {
        "Video Name": "101628a9-37be-4555-99c0-589ced677ee6",
        "Start Frame": 3840,
        "End Frame": 3960,
        "Caption": "#C C sews on the piece of cloth; #C C sews the piece of cloth with needle on the table; #C C sews a piece of cloth with needle and thread; #C C sews the piece of cloth; #C C sews a piece of the cloth "
    },
    {
        "Video Name": "101628a9-37be-4555-99c0-589ced677ee6",
        "Start Frame": 3960,
        "End Frame": 4080,
        "Caption": "#C C sews the pieces of cloths together; #C C stitches the craft with the needle in her right hand; #C C sews on the craft with the needle in her right; #C C sews the craft with the needle ; #C C sews the piece of cloth"
    },
    {
        "Video Name": "101628a9-37be-4555-99c0-589ced677ee6",
        "Start Frame": 4080,
        "End Frame": 4200,
        "Caption": "#C C sets the craft on the table; #C C adjusts the piece of cloth on the; #C C sews the craft with the threaded; #C C puts the piece of cloth on the; #C C puts the craft on the table"
    },
    {
        "Video Name": "101628a9-37be-4555-99c0-589ced677ee6",
        "Start Frame": 4200,
        "End Frame": 4320,
        "Caption": "#C C sews on the decoration; #C C sews the craft with the needle; #C C sews the craft with the threaded; #C C stitches the craft with the threaded needle; #C C sews the craft with the needle"
    },
    {
        "Video Name": "101628a9-37be-4555-99c0-589ced677ee6",
        "Start Frame": 4320,
        "End Frame": 4440,
        "Caption": "#C C sews the decoration; #C C sews the decoration; #C C sews on the; #C C sews the decoration; #C C sews on the"
    },
    {
        "Video Name": "101628a9-37be-4555-99c0-589ced677ee6",
        "Start Frame": 4440,
        "End Frame": 4560,
        "Caption": "#C C sews the craft with the needle and thread; #C C sews on the craft with the threaded needle; #C C sews the craft with her left hand; #C C sews the craft with the needle in her right; #C C sews the craft with the needle"
    },
    {
        "Video Name": "101628a9-37be-4555-99c0-589ced677ee6",
        "Start Frame": 4560,
        "End Frame": 4680,
        "Caption": "#C C sews the piece of cloth; #C C stitches the craft with the threaded needle in her right; #C C adjusts the craft on the table; #C C sews the piece of cloth; #C C presses the craft on the table with her left hand"
    },
    {
        "Video Name": "101628a9-37be-4555-99c0-589ced677ee6",
        "Start Frame": 4680,
        "End Frame": 4800,
        "Caption": "#C C sews the pieces of clothes together; #C C sews the piece of cloth; #C C sews the pieces of clothing materials; #C C sews the craft with the needle; #C C sews on the craft with the"
    },
    {
        "Video Name": "101628a9-37be-4555-99c0-589ced677ee6",
        "Start Frame": 4800,
        "End Frame": 4920,
        "Caption": "#C C sews the pieces of cloths together; #C C sews the craft with a needle; #C C sews the pieces of cloths together; #C C sews a piece of the craft with the; #C C sews the piece of cloth"
    },
    {
        "Video Name": "101628a9-37be-4555-99c0-589ced677ee6",
        "Start Frame": 4920,
        "End Frame": 5040,
        "Caption": "#C C sews the craft with the threaded needle; #C C sews on the craft with her hand; #C C stitches the craft; #C C sews the piece of cloth with a; #C C sews on the craft with a needle"
    },
    {
        "Video Name": "101628a9-37be-4555-99c0-589ced677ee6",
        "Start Frame": 5040,
        "End Frame": 5160,
        "Caption": "#C C stitches the craft; #C C sews the craft with the needle; #C C stitches a piece of the cloth; #C C sews the pieces of cloths; #C C sews the piece of cloth"
    },
    {
        "Video Name": "101628a9-37be-4555-99c0-589ced677ee6",
        "Start Frame": 5160,
        "End Frame": 5280,
        "Caption": "#C C sews the pieces of clothes together with the threaded needle; #C C sews a piece of cloth with a needle; #C C sews the craft paper with the needle in her right; #C C sews the piece of cloth; #C C sews the piece of cloth"
    },
    {
        "Video Name": "101628a9-37be-4555-99c0-589ced677ee6",
        "Start Frame": 5280,
        "End Frame": 5400,
        "Caption": "#C C sews the piece of cloth; #C C sews the piece of cloth; #C C sews the piece of cloth; #C C sews the pieces of clothes together; #C C sews the craft with the needle and"
    }
]