[
    {
        "Video Name": "15bae307-992b-4359-9fe0-3f622f957d42",
        "Start Frame": 0,
        "End Frame": 120,
        "Caption": "#C C stares the dog; #C C stares at the; #C C stops ; #C C looks at the; #C C looks at the"
    },
    {
        "Video Name": "15bae307-992b-4359-9fe0-3f622f957d42",
        "Start Frame": 120,
        "End Frame": 240,
        "Caption": "#C C looks around; #C C looks around; #C C stands on the; #C C looks at the; #C C looks at dog"
    },
    {
        "Video Name": "15bae307-992b-4359-9fe0-3f622f957d42",
        "Start Frame": 240,
        "End Frame": 360,
        "Caption": "#C C walks the dog; #C C looks at the; #C C stares at the; #C C walks the dog; #C C scratches her face"
    },
    {
        "Video Name": "15bae307-992b-4359-9fe0-3f622f957d42",
        "Start Frame": 360,
        "End Frame": 480,
        "Caption": "#C C walks on the road; #C C walks the dog; #C C walks with the dog on the; #C C walks the dog; #C C walks the dog along the road"
    },
    {
        "Video Name": "15bae307-992b-4359-9fe0-3f622f957d42",
        "Start Frame": 480,
        "End Frame": 600,
        "Caption": "#C C walks the dog; #C C walks the dog; #C C walks the dog ; #C C walks the dog along the; #C C walks on the road"
    },
    {
        "Video Name": "15bae307-992b-4359-9fe0-3f622f957d42",
        "Start Frame": 600,
        "End Frame": 720,
        "Caption": "#C C walks on the road; #C C walks the dog; #C C walks the dog along the; #C C walks the dog along the; #C C walks the dog"
    },
    {
        "Video Name": "15bae307-992b-4359-9fe0-3f622f957d42",
        "Start Frame": 720,
        "End Frame": 840,
        "Caption": "#C C raises the right hand; #C C walks the dog; #C C walks the dog; #C C touches her hair; #C C raises her right hand"
    },
    {
        "Video Name": "15bae307-992b-4359-9fe0-3f622f957d42",
        "Start Frame": 840,
        "End Frame": 960,
        "Caption": "#C C touches her face; #C C touches her hair; #C C walks with the dog on the; #C C touches her face with her right; #C C touches her head"
    },
    {
        "Video Name": "15bae307-992b-4359-9fe0-3f622f957d42",
        "Start Frame": 960,
        "End Frame": 1080,
        "Caption": "#C C touches her face with her hand; #C C touches her hair with her right; #C C touches her hair; #C C touches her hair ; #C C lifts hand to head "
    },
    {
        "Video Name": "15bae307-992b-4359-9fe0-3f622f957d42",
        "Start Frame": 1080,
        "End Frame": 1200,
        "Caption": "#C C walks on the road with the dog; #C C walks on the road with the dog; #C C walks the dog along the road; #C C walks with the dog on the road; #C C walks along the road"
    },
    {
        "Video Name": "15bae307-992b-4359-9fe0-3f622f957d42",
        "Start Frame": 1200,
        "End Frame": 1320,
        "Caption": "#C C walks along the road with the; #C C walks with the dog on the; #C C walks the dog; #C C walks with dog on the road; #C C looks at the dog"
    },
    {
        "Video Name": "15bae307-992b-4359-9fe0-3f622f957d42",
        "Start Frame": 1320,
        "End Frame": 1440,
        "Caption": "#C C stops with dog; #C C stops with the; #C C stares at the; #C C stops with the; #C C stops with the"
    },
    {
        "Video Name": "15bae307-992b-4359-9fe0-3f622f957d42",
        "Start Frame": 1440,
        "End Frame": 1560,
        "Caption": "#C C stops on the road; #C C stops on the road; #C C stops on the road; #C C stops on the road; #C C stops on the road with the dog"
    },
    {
        "Video Name": "15bae307-992b-4359-9fe0-3f622f957d42",
        "Start Frame": 1560,
        "End Frame": 1680,
        "Caption": "#C C stares at the dog; #C C stops with the dog on the; #C C stops on the road; #C C stops on the road; #C C stops on the road"
    },
    {
        "Video Name": "15bae307-992b-4359-9fe0-3f622f957d42",
        "Start Frame": 1680,
        "End Frame": 1800,
        "Caption": "#C C stares at the dog; #C C stops ; #C C stands on the road with the; #C C stops on the road; #C C stops walking"
    },
    {
        "Video Name": "15bae307-992b-4359-9fe0-3f622f957d42",
        "Start Frame": 1800,
        "End Frame": 1920,
        "Caption": "#C C looks at her dog; #C C touches the face; #C C lifts her right hand; #C C looks at the dog; #C C adjusts the camera"
    },
    {
        "Video Name": "15bae307-992b-4359-9fe0-3f622f957d42",
        "Start Frame": 1920,
        "End Frame": 2040,
        "Caption": "#C C stops on the; #C C stares at the; #C C stops with the; #C C stops with the; #C C looks at the"
    },
    {
        "Video Name": "15bae307-992b-4359-9fe0-3f622f957d42",
        "Start Frame": 2040,
        "End Frame": 2160,
        "Caption": "#C C touches her hair ; #C C walks the dog on the road; #C C walks the dog on the road; #C C walks a dog along the road; #C C touches the face "
    },
    {
        "Video Name": "15bae307-992b-4359-9fe0-3f622f957d42",
        "Start Frame": 2160,
        "End Frame": 2280,
        "Caption": "#C C walks a dog on the road; #C C walks with her dog on the; #C C wipes face ; #C C touches her face ; #C C touches her face"
    },
    {
        "Video Name": "15bae307-992b-4359-9fe0-3f622f957d42",
        "Start Frame": 2280,
        "End Frame": 2400,
        "Caption": "#C C walks with a dog; #C C looks at the dog; #C C walks the dog; #C C touches her face; #C C walks the dog on the"
    },
    {
        "Video Name": "15bae307-992b-4359-9fe0-3f622f957d42",
        "Start Frame": 2400,
        "End Frame": 2520,
        "Caption": "#C C walks the dog; #C C walks the dog; #C C walks along the road; #C C walks the dog along the road; #C C walks with the dog on the"
    },
    {
        "Video Name": "15bae307-992b-4359-9fe0-3f622f957d42",
        "Start Frame": 2520,
        "End Frame": 2640,
        "Caption": "#C C walks the dog along the road; #C C walks with a dog in front of; #C C walks on the road with the dog; #C C walks with dog along the road; #C C walks with her dog on the road"
    },
    {
        "Video Name": "15bae307-992b-4359-9fe0-3f622f957d42",
        "Start Frame": 2640,
        "End Frame": 2760,
        "Caption": "#C C touches her face ; #C C touches her face; #C C lifts the dog's; #C C touches her nose; #C C walks the dog "
    },
    {
        "Video Name": "15bae307-992b-4359-9fe0-3f622f957d42",
        "Start Frame": 2760,
        "End Frame": 2880,
        "Caption": "#C C touches her; #C C scratches her; #C C touches the; #C C touches her; #C C touches her"
    },
    {
        "Video Name": "15bae307-992b-4359-9fe0-3f622f957d42",
        "Start Frame": 2880,
        "End Frame": 3000,
        "Caption": "#C C walks the dog; #C C touches herself; #C C walks on the road with the; #C C walks along the road; #C C walks the dog"
    },
    {
        "Video Name": "15bae307-992b-4359-9fe0-3f622f957d42",
        "Start Frame": 3000,
        "End Frame": 3120,
        "Caption": "#C C walks the dog along the pavement; #C C walks with the dog on the; #C C walks with her dog on the; #C C walks the dog; #C C walks with a dog along the"
    },
    {
        "Video Name": "15bae307-992b-4359-9fe0-3f622f957d42",
        "Start Frame": 3120,
        "End Frame": 3240,
        "Caption": "#C C walks the dog on the road; #C C walks the dog on the road; #C C walks with the dog on the road; #C C walks on the road with the dog; #C C walks the dog on the road"
    },
    {
        "Video Name": "15bae307-992b-4359-9fe0-3f622f957d42",
        "Start Frame": 3240,
        "End Frame": 3360,
        "Caption": "#C C walks the dog along the walkway; #C C walks with a dog besides her; #C C walks on the road with the dog; #C C walks the dog; #C C walks on the road"
    },
    {
        "Video Name": "15bae307-992b-4359-9fe0-3f622f957d42",
        "Start Frame": 3360,
        "End Frame": 3480,
        "Caption": "#C C raises his right hand; #C C raises up hand ; #C C walks on the road; #C C raises right hand; #C C walks on the road with dogs"
    },
    {
        "Video Name": "15bae307-992b-4359-9fe0-3f622f957d42",
        "Start Frame": 3480,
        "End Frame": 3600,
        "Caption": "#C C touches her hair; #C C adjusts her hair; #C C lifts her right hand; #C C raises her right hand; #C C touches her hair"
    },
    {
        "Video Name": "15bae307-992b-4359-9fe0-3f622f957d42",
        "Start Frame": 3600,
        "End Frame": 3720,
        "Caption": "#C C looks at the dog; #C C walks along the road; #C C walks on the road; #C C walks along the road with the; #C C walks dog on the road"
    },
    {
        "Video Name": "15bae307-992b-4359-9fe0-3f622f957d42",
        "Start Frame": 3720,
        "End Frame": 3840,
        "Caption": "#C C walks the dog on the; #C C walks along the road; #C C walks the dog ; #C C walks the dog on the; #C C looks at the dog"
    },
    {
        "Video Name": "15bae307-992b-4359-9fe0-3f622f957d42",
        "Start Frame": 3840,
        "End Frame": 3960,
        "Caption": "#C C walks with the dog; #C C stops on the road; #C C looks at the dog; #C C stares at the dog; #C C walks the dog on the"
    },
    {
        "Video Name": "15bae307-992b-4359-9fe0-3f622f957d42",
        "Start Frame": 3960,
        "End Frame": 4080,
        "Caption": "#C C looks around; #C C stops on the; #C C stops on the; #C C looks at the; #C C stares the dog"
    },
    {
        "Video Name": "15bae307-992b-4359-9fe0-3f622f957d42",
        "Start Frame": 4080,
        "End Frame": 4200,
        "Caption": "#C C looks at the; #C C stares at the; #C C stops ; #C C stares the dog; #C C looks at the"
    },
    {
        "Video Name": "15bae307-992b-4359-9fe0-3f622f957d42",
        "Start Frame": 4200,
        "End Frame": 4320,
        "Caption": "#C C stares at the; #C C stops with the; #C C stands on the; #C C stares at the; #C C stares at the"
    },
    {
        "Video Name": "15bae307-992b-4359-9fe0-3f622f957d42",
        "Start Frame": 4320,
        "End Frame": 4440,
        "Caption": "#C C stops on the road; #C C stops with the dog; #C C stands on the road; #C C stops with the dog on the; #C C walks the dog"
    },
    {
        "Video Name": "15bae307-992b-4359-9fe0-3f622f957d42",
        "Start Frame": 4440,
        "End Frame": 4560,
        "Caption": "#C C looks at the dog; #C C stands on the road; #C C stares at the dog; #C C walks the dog ; #C C stops with the dog"
    },
    {
        "Video Name": "15bae307-992b-4359-9fe0-3f622f957d42",
        "Start Frame": 4560,
        "End Frame": 4680,
        "Caption": "#C C pulls the dog leash; #C C stares at the dog; #C C looks at the dog; #C C stares the dog ; #C C looks at the dog"
    },
    {
        "Video Name": "15bae307-992b-4359-9fe0-3f622f957d42",
        "Start Frame": 4680,
        "End Frame": 4800,
        "Caption": "#C C walks along the road; #C C walks the dog; #C C stops with dog; #C C stares at the dog; #C C walks the dog on the"
    },
    {
        "Video Name": "15bae307-992b-4359-9fe0-3f622f957d42",
        "Start Frame": 4800,
        "End Frame": 4920,
        "Caption": "#C C walks with dog on the road; #C C walks on the road with the dog; #C C walks the dog ; #C C walks with the dog on the road; #C C walks the dog"
    },
    {
        "Video Name": "15bae307-992b-4359-9fe0-3f622f957d42",
        "Start Frame": 4920,
        "End Frame": 5040,
        "Caption": "#C C walks the dog ; #C C lifts right hand ; #C C touches face with right hand; #C C walks a dog on the road; #C C walks the dog on the road"
    },
    {
        "Video Name": "15bae307-992b-4359-9fe0-3f622f957d42",
        "Start Frame": 5040,
        "End Frame": 5160,
        "Caption": "#C C holds dog leash; #C C walks on the road; #C C walks the dog on the; #C C walks the dog; #C C walks dog on the road"
    },
    {
        "Video Name": "15bae307-992b-4359-9fe0-3f622f957d42",
        "Start Frame": 5160,
        "End Frame": 5280,
        "Caption": "#C C walks on the; #C C walks the dog; #C C walks the dog; #C C walks with the; #C C walks on the"
    },
    {
        "Video Name": "15bae307-992b-4359-9fe0-3f622f957d42",
        "Start Frame": 5280,
        "End Frame": 5400,
        "Caption": "#C C stares at the dog; #C C stops on the road; #C C looks at the dog; #C C looks at the dog; #C C stops with the dog"
    }
]