[
    {
        "Video Name": "16eb6914-00e7-4692-a7d7-d6ba36f61a5d",
        "Start Frame": 0,
        "End Frame": 120,
        "Caption": "#C C picks the bowl of eggs on the table with her right hand; #C C puts the bowl on the countertop; #C C takes the bowl; #C C takes a bowl ; #C C takes the bowl"
    },
    {
        "Video Name": "16eb6914-00e7-4692-a7d7-d6ba36f61a5d",
        "Start Frame": 120,
        "End Frame": 240,
        "Caption": "#C C washes the pan with his left hand; #C C washes the pan with the sponge.; #C C washes the pan with the sponge.; #C C washes the pan with water.; #C C washes the pan with the sponge."
    },
    {
        "Video Name": "16eb6914-00e7-4692-a7d7-d6ba36f61a5d",
        "Start Frame": 240,
        "End Frame": 360,
        "Caption": "#C C washes the fry pan with the sponge in his right hand; #C C washes the pan with the sponge.; #C C cleans the pan with the sponge.; #C C washes the pan with the sponge.; #C C washes the frying pan "
    },
    {
        "Video Name": "16eb6914-00e7-4692-a7d7-d6ba36f61a5d",
        "Start Frame": 360,
        "End Frame": 480,
        "Caption": "#C C washes the pan with the sponge.; #C C washes the pan.; #C C washes the fry pan ; #C C washes the frying pan with the sponge in his right hand.; #C C washes the fry pan in his left hand with the sponge in his right hand"
    },
    {
        "Video Name": "16eb6914-00e7-4692-a7d7-d6ba36f61a5d",
        "Start Frame": 480,
        "End Frame": 600,
        "Caption": "#C C rinses the frying pan in the sink with his left hand; #C C drops the sponge in the sink.; #C C rinses the fry pan under the tap.; #C C rinses the frying pan.; #C C washes the frying pan"
    },
    {
        "Video Name": "16eb6914-00e7-4692-a7d7-d6ba36f61a5d",
        "Start Frame": 600,
        "End Frame": 720,
        "Caption": "#C C rinses the frying pan.; #C C rinses the frying pan with water from the tap; #C C rinses the pan; #C C rinses the frying pan; #C C rinses the frying pan with water from the tap"
    },
    {
        "Video Name": "16eb6914-00e7-4692-a7d7-d6ba36f61a5d",
        "Start Frame": 720,
        "End Frame": 840,
        "Caption": "#C C rinses the frying pan with water from the tap.; #C C washes the pan with the scouring pad; #C C washes the frying pan with the sponge.; #C C pours the water in the pan into the sink with his left hand; #C C pours the water in the fry pan into the sink."
    },
    {
        "Video Name": "16eb6914-00e7-4692-a7d7-d6ba36f61a5d",
        "Start Frame": 840,
        "End Frame": 960,
        "Caption": "#C C rinses the frypan under the tap.; #C C rinses the frying pan with water from the tap; #C C rinses the fry pan under the tap.; #C C rinses the pan with water.; #C C rinses the frypan with water from the tap"
    },
    {
        "Video Name": "16eb6914-00e7-4692-a7d7-d6ba36f61a5d",
        "Start Frame": 960,
        "End Frame": 1080,
        "Caption": "#C C washes the pan with the sponge.; #C C washes the frying pan with the sponge; #C C cleans the frying pan with the sponge.; #C C washes the frying pan with the sponge; #C C washes the frying pan with the sponge"
    },
    {
        "Video Name": "16eb6914-00e7-4692-a7d7-d6ba36f61a5d",
        "Start Frame": 1080,
        "End Frame": 1200,
        "Caption": "#C C washes the sponge; #C C rinses the sponge with water.; #C C washes the sponge.; #C C rinses the sponge.; #C C rinses the sponge with water from the tap"
    },
    {
        "Video Name": "16eb6914-00e7-4692-a7d7-d6ba36f61a5d",
        "Start Frame": 1200,
        "End Frame": 1320,
        "Caption": "#C C rinses the frying pan in the sink.; #C C rinses the frying pan with his left hand; #C C rinses the fry pan.; #C C rinses the frying pan ; #C C washes the pan"
    },
    {
        "Video Name": "16eb6914-00e7-4692-a7d7-d6ba36f61a5d",
        "Start Frame": 1320,
        "End Frame": 1440,
        "Caption": "#C C washes the frying pan; #C C rinses the pan; #C C rinses the fry; #C C opens the tap; #C C opens the tap"
    },
    {
        "Video Name": "16eb6914-00e7-4692-a7d7-d6ba36f61a5d",
        "Start Frame": 1440,
        "End Frame": 1560,
        "Caption": "#C C opens the tap; #C C opens the tap; #C C holds the handle of the tap with his left hand; #C C turns on the tap; #C C rinses the pan"
    },
    {
        "Video Name": "16eb6914-00e7-4692-a7d7-d6ba36f61a5d",
        "Start Frame": 1560,
        "End Frame": 1680,
        "Caption": "#C C rinses the pan; #C C closes the tap.; #C C closes the tap.; #C C closes the tap; #C C holds the tap with his right hand"
    },
    {
        "Video Name": "16eb6914-00e7-4692-a7d7-d6ba36f61a5d",
        "Start Frame": 1680,
        "End Frame": 1800,
        "Caption": "#C C walks to the; #C C walks in the; #C C walks to the; #C C walks around the; #C C walks to the"
    },
    {
        "Video Name": "16eb6914-00e7-4692-a7d7-d6ba36f61a5d",
        "Start Frame": 1800,
        "End Frame": 1920,
        "Caption": "#C C walks towards the table.; #C C walks towards the fridge.; #C C walks around the room; #C C walks around the room; #C C walks towards the kitchen countertop"
    },
    {
        "Video Name": "16eb6914-00e7-4692-a7d7-d6ba36f61a5d",
        "Start Frame": 1920,
        "End Frame": 2040,
        "Caption": "#C C looks around the room; #C C touches the laptop with his right hand; #C C turns off the laptop; #C C looks around the room; #C C touches the laptop"
    },
    {
        "Video Name": "16eb6914-00e7-4692-a7d7-d6ba36f61a5d",
        "Start Frame": 2040,
        "End Frame": 2160,
        "Caption": "#C C types on the laptop ; #C C operates the laptop ; #C C operates the laptop with his right hand.; #C C operates the laptop with his right hand.; #C C presses a button on the laptop with his right index finger"
    },
    {
        "Video Name": "16eb6914-00e7-4692-a7d7-d6ba36f61a5d",
        "Start Frame": 2160,
        "End Frame": 2280,
        "Caption": "#C C walks around the house; #C C walks towards the cooker; #C C walks around the kitchen; #C C walks to the cooker; #C C walks around the house"
    },
    {
        "Video Name": "16eb6914-00e7-4692-a7d7-d6ba36f61a5d",
        "Start Frame": 2280,
        "End Frame": 2400,
        "Caption": "#C C takes the bread; #C C takes the packet of dough; #C C removes the bread from the box; #C C picks the packet of bread from the; #C C takes the bread"
    },
    {
        "Video Name": "16eb6914-00e7-4692-a7d7-d6ba36f61a5d",
        "Start Frame": 2400,
        "End Frame": 2520,
        "Caption": "#C C puts the minced meat in the frying pan; #C C puts the packet of  bread in the frying pan; #C C cuts the packet of sausage. ; #C C puts the packet of unleavened bread in the; #C C puts the bread in the cooking pan "
    },
    {
        "Video Name": "16eb6914-00e7-4692-a7d7-d6ba36f61a5d",
        "Start Frame": 2520,
        "End Frame": 2640,
        "Caption": "#C C picks the bag from the floor; #C C puts the bag in the fridge; #C C puts the packet of #usure in the cabinet; #C C closes the compartment in the refrigerator with his right hand; #C C puts the packet in the fridge."
    },
    {
        "Video Name": "16eb6914-00e7-4692-a7d7-d6ba36f61a5d",
        "Start Frame": 2640,
        "End Frame": 2760,
        "Caption": "#C C closes the fridge; #C C closes the fridge; #C C closes the fridge; #C C closes the fridge; #C C closes the fridge"
    },
    {
        "Video Name": "16eb6914-00e7-4692-a7d7-d6ba36f61a5d",
        "Start Frame": 2760,
        "End Frame": 2880,
        "Caption": "#C C holds the pan; #C C adjusts the cooker; #C C adjusts the cooker; #C C touches the gas; #c c adjusts the cooker"
    },
    {
        "Video Name": "16eb6914-00e7-4692-a7d7-d6ba36f61a5d",
        "Start Frame": 2880,
        "End Frame": 3000,
        "Caption": "#C C presses a button on the cooker; #C C puts on the cooker; #C C presses the button on the cooker; #C C presses the buttons on the cooker; #C C presses the buttons"
    },
    {
        "Video Name": "16eb6914-00e7-4692-a7d7-d6ba36f61a5d",
        "Start Frame": 3000,
        "End Frame": 3120,
        "Caption": "#C C picks up a fridge; #C C closes the fridge.; #C C opens the fridge; #C C closes the fridge; #C C opens the fridge"
    },
    {
        "Video Name": "16eb6914-00e7-4692-a7d7-d6ba36f61a5d",
        "Start Frame": 3120,
        "End Frame": 3240,
        "Caption": "#C C takes a banana ; #C C picks the apple; #C C puts the apple in the fridge; #C C picks a fruit from the fridge; #C C picks the potato from the fridge"
    },
    {
        "Video Name": "16eb6914-00e7-4692-a7d7-d6ba36f61a5d",
        "Start Frame": 3240,
        "End Frame": 3360,
        "Caption": "#C C walks towards the counter top; #C C walks around the house; #C C walks towards the counter top; #C C walks towards the fridge.; #C C walks towards the refrigerator."
    },
    {
        "Video Name": "16eb6914-00e7-4692-a7d7-d6ba36f61a5d",
        "Start Frame": 3360,
        "End Frame": 3480,
        "Caption": "#C C looks around the kitchen; #C C looks at the potatoes; #C C places the apple on the; #C C stands in the kitchen ; #C C adjusts the camera"
    },
    {
        "Video Name": "16eb6914-00e7-4692-a7d7-d6ba36f61a5d",
        "Start Frame": 3480,
        "End Frame": 3600,
        "Caption": "#C C looks around the kitchen; #C C closes the tap; #C C closes the tap; #C C washes the potato; #C C washes the apple"
    },
    {
        "Video Name": "16eb6914-00e7-4692-a7d7-d6ba36f61a5d",
        "Start Frame": 3600,
        "End Frame": 3720,
        "Caption": "#C C walks to the counter; #C C walks to the dishwasher; #C C walks towards the dishwasher; #C C walks towards the countertop; #C C walks around the house "
    },
    {
        "Video Name": "16eb6914-00e7-4692-a7d7-d6ba36f61a5d",
        "Start Frame": 3720,
        "End Frame": 3840,
        "Caption": "#C C picks a plate from the fridge with her left hand; #C C picks the plate ; #C C picks a bowl from the fridge with her left hand; #C C picks up the fruit from the fridge; #c c takes apple"
    },
    {
        "Video Name": "16eb6914-00e7-4692-a7d7-d6ba36f61a5d",
        "Start Frame": 3840,
        "End Frame": 3960,
        "Caption": "#C C puts the lettuce in the tray ; #C C drops the knife ; #C C places the lettuce in the utensil rack; #C C drops the sieve in his left hand in the basket on the cabinet; #C C puts the spoons in the rack"
    },
    {
        "Video Name": "16eb6914-00e7-4692-a7d7-d6ba36f61a5d",
        "Start Frame": 3960,
        "End Frame": 4080,
        "Caption": "#C C picks a bowl from the drawer; #C C picks the bowls ; #C C picks up the serving spoon; #C C takes a plate from the cabinet; #C C puts the wooden spoon in the"
    },
    {
        "Video Name": "16eb6914-00e7-4692-a7d7-d6ba36f61a5d",
        "Start Frame": 4080,
        "End Frame": 4200,
        "Caption": "#C C puts the bowl in the dish dr; #C C puts a bowl on top of a; #C C puts the bowl on the rack; #C C picks a bowl; #C C places the spoon on the kitchen cabinet"
    },
    {
        "Video Name": "16eb6914-00e7-4692-a7d7-d6ba36f61a5d",
        "Start Frame": 4200,
        "End Frame": 4320,
        "Caption": "#C C opens the utensils tray; #C C pulls out the rack; #C C pushes the tray inside the dish was; #C C pulls a dish rack ; #C C pushes out the drawer"
    },
    {
        "Video Name": "16eb6914-00e7-4692-a7d7-d6ba36f61a5d",
        "Start Frame": 4320,
        "End Frame": 4440,
        "Caption": "#C C closes the dishwasher; #C C closes the drawer; #C C opens the dishwasher; #C C closes the dishwasher; #C C closes the dishwasher"
    },
    {
        "Video Name": "16eb6914-00e7-4692-a7d7-d6ba36f61a5d",
        "Start Frame": 4440,
        "End Frame": 4560,
        "Caption": "#C C washes his hands.; #C C washes his hand; #C C washes the pawpaw in the sink; #C C washes the vegetables in the sink; #C C washes the green pea with both hands under the tap"
    },
    {
        "Video Name": "16eb6914-00e7-4692-a7d7-d6ba36f61a5d",
        "Start Frame": 4560,
        "End Frame": 4680,
        "Caption": "#C C washes the apple; #C C washes the potatoes; #C C washes the potatoes.; #C C washes the pumpkin under the tap; #C C washes the sweet potato."
    },
    {
        "Video Name": "16eb6914-00e7-4692-a7d7-d6ba36f61a5d",
        "Start Frame": 4680,
        "End Frame": 4800,
        "Caption": "#C C washes the pawpaw under the tap with both hands; #C C washes the pumpkin; #C C washes the pumpkin with both hands.; #C C washes the pawpaw; #C C washes the pawpaw with both hands."
    },
    {
        "Video Name": "16eb6914-00e7-4692-a7d7-d6ba36f61a5d",
        "Start Frame": 4800,
        "End Frame": 4920,
        "Caption": "#C C washes the celery; #C C washes the spinach; #C C washes the lettuce; #C C washes the spinach ; #C C picks a spinach from the"
    },
    {
        "Video Name": "16eb6914-00e7-4692-a7d7-d6ba36f61a5d",
        "Start Frame": 4920,
        "End Frame": 5040,
        "Caption": "#C C puts the spinach in the basin; #C C washes the spinach; #C C puts the leaves in the colander; #C C rinses the leaves in his left hand; #C C washes the vegetable in the sink"
    },
    {
        "Video Name": "16eb6914-00e7-4692-a7d7-d6ba36f61a5d",
        "Start Frame": 5040,
        "End Frame": 5160,
        "Caption": "#C C washes the vegetables in the; #C C washes the lettuce; #C C washes the spinach in the; #C C washes the spinach in the; #C C washes the spinach in the"
    },
    {
        "Video Name": "16eb6914-00e7-4692-a7d7-d6ba36f61a5d",
        "Start Frame": 5160,
        "End Frame": 5280,
        "Caption": "#C C washes the spinach; #C C picks the lettuce from the colander; #C C picks up spinach from the sink; #C C washes the vegetables under the tap with both hands; #C C washes the vegetable with both hands."
    },
    {
        "Video Name": "16eb6914-00e7-4692-a7d7-d6ba36f61a5d",
        "Start Frame": 5280,
        "End Frame": 5400,
        "Caption": "#C C washes the spinach in the sink; #C C rinses the lettuce with both hands; #C C washes the vegetables with both hands.; #C C washes the spinach; #C C rinses the spinach in the sink"
    }
]