[
    {
        "Video Name": "17d3ed08-b062-4197-9497-d06c6fd4f562",
        "Start Frame": 0,
        "End Frame": 120,
        "Caption": "#C C moves the hand; #C C scoops the maize; #C C adds maize in the flour; #C C picks the maize from the; #C C takes maize from the tray"
    },
    {
        "Video Name": "17d3ed08-b062-4197-9497-d06c6fd4f562",
        "Start Frame": 120,
        "End Frame": 240,
        "Caption": "#C C removes dirt from her right hand; #C C puts maize on the hand; #C C adjusts her hand; #C C shakes the hands ; #C C puts maize on the pan"
    },
    {
        "Video Name": "17d3ed08-b062-4197-9497-d06c6fd4f562",
        "Start Frame": 240,
        "End Frame": 360,
        "Caption": "#C C looks at the grains; #C C touches the flour ; #C C pours the corn into the pot with her right hand; #C C puts hand on the pan; #C C rubs her right hand on her lap."
    },
    {
        "Video Name": "17d3ed08-b062-4197-9497-d06c6fd4f562",
        "Start Frame": 360,
        "End Frame": 480,
        "Caption": "#C C rubs her right hand together; #C C removes dirt from her right hand; #C C puts her hand on the lap; #C C takes the maize corn from the; #C C Puts the rice on the"
    },
    {
        "Video Name": "17d3ed08-b062-4197-9497-d06c6fd4f562",
        "Start Frame": 480,
        "End Frame": 600,
        "Caption": "#C C holds her left hand ; #C C looks at the rice; #C C wipes off the hands; #C C looks at the wheat; #C C pours the wheat flakes in her right hand into the stainless bowl of water"
    },
    {
        "Video Name": "17d3ed08-b062-4197-9497-d06c6fd4f562",
        "Start Frame": 600,
        "End Frame": 720,
        "Caption": "#C C shakes the hand ; #C C shakes her right hand ; #C C shakes her hand ; #C C shakes her hand ; #C C takes corn flakes from the stainless bowl with her right hand"
    },
    {
        "Video Name": "17d3ed08-b062-4197-9497-d06c6fd4f562",
        "Start Frame": 720,
        "End Frame": 840,
        "Caption": "#C C takes maize from the bowl; #C C looks at the food in the bowl ; #C C puts the coriander on the bowl; #C C picks up a bowl of chili pepper from the ground with her right hand.; #C C takes maize from the bowl"
    },
    {
        "Video Name": "17d3ed08-b062-4197-9497-d06c6fd4f562",
        "Start Frame": 840,
        "End Frame": 960,
        "Caption": "#C C stirs the grains; #C C stirs the flour ; #C C stirs the wheat flour in the pot with her right hand; #C C mixes up the food ; #C C mixes the food in the pot with her right hand."
    },
    {
        "Video Name": "17d3ed08-b062-4197-9497-d06c6fd4f562",
        "Start Frame": 960,
        "End Frame": 1080,
        "Caption": "#C C holds a steel bowl on the floor with her left hand; #C C Scoops dough from a cooking pan with a hand; #C C moves her hand; #C C picks the cooking spoon; #C C scoops the wheat"
    },
    {
        "Video Name": "17d3ed08-b062-4197-9497-d06c6fd4f562",
        "Start Frame": 1080,
        "End Frame": 1200,
        "Caption": "#C C looks at the flour; #C C takes maize corn from the tray with her right hand.; #C C touches the grains; #C C puts her hand on the tray; #C C removes hand from the maize"
    },
    {
        "Video Name": "17d3ed08-b062-4197-9497-d06c6fd4f562",
        "Start Frame": 1200,
        "End Frame": 1320,
        "Caption": "#C C moves hand on the tray; #C C touches the wheat; #C C touches the wheat; #C C puts the maize in the basin ; #C C pours the grains in her right hand in the pot on the ground"
    },
    {
        "Video Name": "17d3ed08-b062-4197-9497-d06c6fd4f562",
        "Start Frame": 1320,
        "End Frame": 1440,
        "Caption": "#C C touches the grains; #C C squeezes the maize corn ; #C C shakes the hand; #C C taps the wheat kernels with her right hand.; #C C Shakes the hand"
    },
    {
        "Video Name": "17d3ed08-b062-4197-9497-d06c6fd4f562",
        "Start Frame": 1440,
        "End Frame": 1560,
        "Caption": "#C C touches the wheat; #C C wipes hand on the cooking pot ; #C C takes wheat flakes from the stainless bowl with her right hand; #C C places her right hand on her lap.; #C C presses the grains with right hand "
    },
    {
        "Video Name": "17d3ed08-b062-4197-9497-d06c6fd4f562",
        "Start Frame": 1560,
        "End Frame": 1680,
        "Caption": "#C C pours the grains in her right hand into the pot of rice on the gas cooker; #C C mixes the wheat with right hand; #C C puts her right hand in the stainless bowl.; #C C looks at the hand ; #C C touches the flour in the tray with her right hand."
    },
    {
        "Video Name": "17d3ed08-b062-4197-9497-d06c6fd4f562",
        "Start Frame": 1680,
        "End Frame": 1800,
        "Caption": "#C C rubs her right hand. ; #C C rubs her right hand together.; #C C spreads the maize on her fingers ; #C C removes a small amount of wheat from the dough in her left hand with her right hand; #C C picks the maize corn from the bowl on the floor with her right hand."
    },
    {
        "Video Name": "17d3ed08-b062-4197-9497-d06c6fd4f562",
        "Start Frame": 1800,
        "End Frame": 1920,
        "Caption": "#C C shakes her hand ; #C C looks at the hand; #C C looks at the hand; #C C rubs her right hand together; #C C Rubs her fingers"
    },
    {
        "Video Name": "17d3ed08-b062-4197-9497-d06c6fd4f562",
        "Start Frame": 1920,
        "End Frame": 2040,
        "Caption": "#C C picks up a garlic from the bowl with her right hand; #C C pours the maize in the bowl; #C C takes the corn from the bowl with her right hand.; #C C puts the beans in the bowl ; #C C picks the maize from the bowl"
    },
    {
        "Video Name": "17d3ed08-b062-4197-9497-d06c6fd4f562",
        "Start Frame": 2040,
        "End Frame": 2160,
        "Caption": "#C C looks at the wheat flour; #C C puts hand on the basin; #C C rubs her right hand on the floor; #C C touches the grains; #C C shakes her right hand."
    },
    {
        "Video Name": "17d3ed08-b062-4197-9497-d06c6fd4f562",
        "Start Frame": 2160,
        "End Frame": 2280,
        "Caption": "#C C shakes off flour from her right hand.; #C C rubs her right fingers together.; #C C squeezes the rice in her right hand; #C C looks at the hand ; #C C removes her right hand from the stainless bowl"
    },
    {
        "Video Name": "17d3ed08-b062-4197-9497-d06c6fd4f562",
        "Start Frame": 2280,
        "End Frame": 2400,
        "Caption": "#C C removes the dirt on the maize; #C C shakes hand ; #C C rubs her right fingers.; #C C looks at the hand ; #C C rubs her right fingers together"
    },
    {
        "Video Name": "17d3ed08-b062-4197-9497-d06c6fd4f562",
        "Start Frame": 2400,
        "End Frame": 2520,
        "Caption": "#C C rubs her right hand.; #C C puts the rice on the hand; #C C rubs her right fingers together; #C C looks at the hand; #C C rubs her right hand together"
    },
    {
        "Video Name": "17d3ed08-b062-4197-9497-d06c6fd4f562",
        "Start Frame": 2520,
        "End Frame": 2640,
        "Caption": "#C C  touches the wheat kernels ; #C C looks at the hand ; #C C looks at the rice; #C C rubs her right fingers.; #C C removes extra corn from the s"
    },
    {
        "Video Name": "17d3ed08-b062-4197-9497-d06c6fd4f562",
        "Start Frame": 2640,
        "End Frame": 2760,
        "Caption": "#C C puts the maize in the basin ; #C C picks the maize from the tray; #C C takes a corn from the tray with her right hand.; #C C picks a piece of corn from a bowl with her right hand; #C C picks the grains of rice from the stainless basin"
    },
    {
        "Video Name": "17d3ed08-b062-4197-9497-d06c6fd4f562",
        "Start Frame": 2760,
        "End Frame": 2880,
        "Caption": "#C C moves hand up; #C C rubs her right hand on her left hand; #C C shakes the hand ; #C C removes her right hand from the bowl of flour; #C C puts the maize corns in the cooking pan"
    },
    {
        "Video Name": "17d3ed08-b062-4197-9497-d06c6fd4f562",
        "Start Frame": 2880,
        "End Frame": 3000,
        "Caption": "#C C shakes the hand; #C C shakes the hand ; #C C looks at the maize; #C C shakes her right hand; #C C looks at the hands"
    },
    {
        "Video Name": "17d3ed08-b062-4197-9497-d06c6fd4f562",
        "Start Frame": 3000,
        "End Frame": 3120,
        "Caption": "#C C shakes her right hand. ; #C C rubs her right hand together; #C C shakes hand ; #C C shakes the hand ; #C C rubs her right fingers together"
    },
    {
        "Video Name": "17d3ed08-b062-4197-9497-d06c6fd4f562",
        "Start Frame": 3120,
        "End Frame": 3240,
        "Caption": "#C C looks at the hand ; #C C rubs her right hand together.; #C C shakes her right hand.; #C C shakes her right hand.; #C C puts the grains of rice in her right hand in the tray"
    },
    {
        "Video Name": "17d3ed08-b062-4197-9497-d06c6fd4f562",
        "Start Frame": 3240,
        "End Frame": 3360,
        "Caption": "#C C picks a dough; #C C dips her right hand into the bowl on the floor; #C C takes  the chopped vegetables ; #C C touches the bowl with her right hand.; #C C picks a beef from the bowl with her right hand"
    },
    {
        "Video Name": "17d3ed08-b062-4197-9497-d06c6fd4f562",
        "Start Frame": 3360,
        "End Frame": 3480,
        "Caption": "#C C picks up the maize; #C C pours maize from the maize flakes in her right hand into the pot on the floor; #C C rubs her right hand on the edge of the steel bowl on the ground.; #C C removes a maize corns from the tray with her right hand.; #C C touches wheat flakes in the tray with her right hand."
    },
    {
        "Video Name": "17d3ed08-b062-4197-9497-d06c6fd4f562",
        "Start Frame": 3480,
        "End Frame": 3600,
        "Caption": "#C C pours the maize in the tray ; #C C   moves the hand; #C C removes the wheat flour from the hand; #C C adds the maize to the dough; #C C rubs her right hand on the edge of the metal basin"
    },
    {
        "Video Name": "17d3ed08-b062-4197-9497-d06c6fd4f562",
        "Start Frame": 3600,
        "End Frame": 3720,
        "Caption": "#C C rubs her fingers ; #C C rubs her right hand together.; #C C taps her right hand with her left hand; #C C looks at the hands; #C C puts the maize corn into the basin"
    },
    {
        "Video Name": "17d3ed08-b062-4197-9497-d06c6fd4f562",
        "Start Frame": 3720,
        "End Frame": 3840,
        "Caption": "#C C pours the wheat starch from her right hand into the bowl on the floor; #C C puts the maize corns in the hand; #C C shakes her fingers ; #C C rubs her right fingers.; #C C moves hand up"
    },
    {
        "Video Name": "17d3ed08-b062-4197-9497-d06c6fd4f562",
        "Start Frame": 3840,
        "End Frame": 3960,
        "Caption": "#C C squeezes the maize in the hand ; #C C shakes her right hand.; #C C shakes her right hand.; #C C sprinkles the wheat flour on her right hand.; #C C scoops some maize corn"
    },
    {
        "Video Name": "17d3ed08-b062-4197-9497-d06c6fd4f562",
        "Start Frame": 3960,
        "End Frame": 4080,
        "Caption": "#C C shakes her right hand ; #C C rubs her right hand on her cloth; #C C shakes the hand; #C C looks at the hand ; #C C rubs her fingers"
    },
    {
        "Video Name": "17d3ed08-b062-4197-9497-d06c6fd4f562",
        "Start Frame": 4080,
        "End Frame": 4200,
        "Caption": "#C C stares at the dough in the; #C C looks at the hand ; #C C looks at the hand ; #C C turns the hand; #C C removes the hand from the spoon"
    },
    {
        "Video Name": "17d3ed08-b062-4197-9497-d06c6fd4f562",
        "Start Frame": 4200,
        "End Frame": 4320,
        "Caption": "#C C places hand on the basin; #C C picks the maize from the basin; #C C removes her right hand from her lap; #C C removes hand from the maize; #C C puts the maize in the basin"
    },
    {
        "Video Name": "17d3ed08-b062-4197-9497-d06c6fd4f562",
        "Start Frame": 4320,
        "End Frame": 4440,
        "Caption": "#C C picks the corn from the stainless bowl with her right hand.; #C C scoops the beans; #C C touches # unsure on the pot; #C C takes a corn from the bowl of corn flour with her right hand; #C C touches the flour with her right hand. "
    },
    {
        "Video Name": "17d3ed08-b062-4197-9497-d06c6fd4f562",
        "Start Frame": 4440,
        "End Frame": 4560,
        "Caption": "#C C squeezes the maize; #C C shakes off her hand; #C C looks at the grains; #C C rubs her right hand together; #C C wipes the hand"
    },
    {
        "Video Name": "17d3ed08-b062-4197-9497-d06c6fd4f562",
        "Start Frame": 4560,
        "End Frame": 4680,
        "Caption": "#C C shakes hand ; #C C adds popcorn corn in the pot; #C C touches the flour; #C C looks at the wheat flour; #C C taps the tray with her right hand"
    },
    {
        "Video Name": "17d3ed08-b062-4197-9497-d06c6fd4f562",
        "Start Frame": 4680,
        "End Frame": 4800,
        "Caption": "#C C wipes her right hand on her cloth.; #C C rubs her right hand together.; #C C removes the hand from the sack; #C C rubs her right fingers together.; #C C  rubs her right hand  together."
    },
    {
        "Video Name": "17d3ed08-b062-4197-9497-d06c6fd4f562",
        "Start Frame": 4800,
        "End Frame": 4920,
        "Caption": "#C C looks at the food in the bowl ; #C C takes a bowl ; #C C takes the corn from the bowl with her right hand; #C C picks a potato ; #C C puts the hands on the sieve"
    },
    {
        "Video Name": "17d3ed08-b062-4197-9497-d06c6fd4f562",
        "Start Frame": 4920,
        "End Frame": 5040,
        "Caption": "#C C pours the maize in the basin ; #C C scoops some wheat flour from the stainless bowl with her right hand. ; #C C squeezes the maize; #C C touches the wheat flakes in the bowl of wheat flakes on the ground with her right hand; #C C puts wheat grains in the tray "
    },
    {
        "Video Name": "17d3ed08-b062-4197-9497-d06c6fd4f562",
        "Start Frame": 5040,
        "End Frame": 5160,
        "Caption": "#C C looks at the grains; #C C moves her right hand ; #C C holds the bowl; #C C rubs her right hand on the edge of the bowl.; #C C shakes her right hand "
    },
    {
        "Video Name": "17d3ed08-b062-4197-9497-d06c6fd4f562",
        "Start Frame": 5160,
        "End Frame": 5280,
        "Caption": "#C C touches the food with right hand ; #C C looks at the maize; #C C rubs her right fingers.; #C C wipes her right hand on the stainless bowl; #C C removes the right hand from the food"
    },
    {
        "Video Name": "17d3ed08-b062-4197-9497-d06c6fd4f562",
        "Start Frame": 5280,
        "End Frame": 5400,
        "Caption": "#C C rubs her right hand on her left hand; #C C shakes her right hand ; #C C rubs her right fingers together. ; #C C touches the wheat grains; #C C removes her right hand from the silver bowl."
    }
]