[
    {
        "Video Name": "1a463736-fb76-45e4-862f-5bd77f5ee60e",
        "Start Frame": 0,
        "End Frame": 120,
        "Caption": "#C C picks the pottery; #C C picks a pottery; #C C Picks a sculpture; #C C Moves the sculpture; #C C Moves the sculpture"
    },
    {
        "Video Name": "1a463736-fb76-45e4-862f-5bd77f5ee60e",
        "Start Frame": 120,
        "End Frame": 240,
        "Caption": "#C C puts the pottery on the table; #C C Puts the sculpture on the table; #C C Puts the pottery on the; #C C Places the sculpture on the table; #C C puts the pottery on the table"
    },
    {
        "Video Name": "1a463736-fb76-45e4-862f-5bd77f5ee60e",
        "Start Frame": 240,
        "End Frame": 360,
        "Caption": "#C C puts the clay on the table; #C C picks the clay; #C C  places down a clay; #C C Puts the sculpture on the; #C C moves the hand on the table"
    },
    {
        "Video Name": "1a463736-fb76-45e4-862f-5bd77f5ee60e",
        "Start Frame": 360,
        "End Frame": 480,
        "Caption": "#C C moves the sculpture; #C C picks the pottery ; #C C puts the pottery on the; #C C picks a pottery ; #C C picks the pottery"
    },
    {
        "Video Name": "1a463736-fb76-45e4-862f-5bd77f5ee60e",
        "Start Frame": 480,
        "End Frame": 600,
        "Caption": "#C C puts clay on the table; #C C Dips the clay in the molding; #C C Picks the molding clay; #C C Picks some clay; #C C puts the clay on the table"
    },
    {
        "Video Name": "1a463736-fb76-45e4-862f-5bd77f5ee60e",
        "Start Frame": 600,
        "End Frame": 720,
        "Caption": "#C C puts the clay on the table; #C C Places the pottery on the; #C C places the clay on the table; #C C Puts the clay on the; #C C Puts the clay on the"
    },
    {
        "Video Name": "1a463736-fb76-45e4-862f-5bd77f5ee60e",
        "Start Frame": 720,
        "End Frame": 840,
        "Caption": "#C C dips the clay in the water; #C C Dips the clay in the molding; #C C dips sponge in the water; #C C dips sponge in the water; #C C dips the clay in water"
    },
    {
        "Video Name": "1a463736-fb76-45e4-862f-5bd77f5ee60e",
        "Start Frame": 840,
        "End Frame": 960,
        "Caption": "#C C molds the clay; #C C rolls the clay with his; #C C rolls clay ; #C C molds the clay; #C C molds the clay"
    },
    {
        "Video Name": "1a463736-fb76-45e4-862f-5bd77f5ee60e",
        "Start Frame": 960,
        "End Frame": 1080,
        "Caption": "#C C Puts the clay in the container; #C C Puts the molding clay in the; #C C Puts the clay in the container; #C C Puts the clay on the pottery; #C C Puts the molding clay in the"
    },
    {
        "Video Name": "1a463736-fb76-45e4-862f-5bd77f5ee60e",
        "Start Frame": 1080,
        "End Frame": 1200,
        "Caption": "#C C Makes a hole in the; #C C Picks a clay; #C C dips the stick in the; #C C Picks a wood; #C C Picks a wooden stick"
    },
    {
        "Video Name": "1a463736-fb76-45e4-862f-5bd77f5ee60e",
        "Start Frame": 1200,
        "End Frame": 1320,
        "Caption": "#C C Picks the molding oil; #C C Places the bottle on the; #c c puts unsure on the table; #C C places the clay in the; #C C puts the clay on the"
    },
    {
        "Video Name": "1a463736-fb76-45e4-862f-5bd77f5ee60e",
        "Start Frame": 1320,
        "End Frame": 1440,
        "Caption": "#C C Picks some molding clay; #C C picks clay ; #C C Picks a sculpture from the; #C C picks a clay ; #C C picks clay "
    },
    {
        "Video Name": "1a463736-fb76-45e4-862f-5bd77f5ee60e",
        "Start Frame": 1440,
        "End Frame": 1560,
        "Caption": "#C C puts the stone on the table; #C C picks a pottery on the; #C C picks a clay ; #C C picks the clay; #C C puts the pottery on the"
    },
    {
        "Video Name": "1a463736-fb76-45e4-862f-5bd77f5ee60e",
        "Start Frame": 1560,
        "End Frame": 1680,
        "Caption": "#C C picks the clay; #C C picks the  art ; #C C picks a mold ; #C C picks up the pottery; #C C picks a pottery on the"
    },
    {
        "Video Name": "1a463736-fb76-45e4-862f-5bd77f5ee60e",
        "Start Frame": 1680,
        "End Frame": 1800,
        "Caption": "#C C puts the wood on the table; #C C puts the decor on the table; #C C puts the  paper on the; #C C puts the decor on the table; #C C puts the pottery on the"
    },
    {
        "Video Name": "1a463736-fb76-45e4-862f-5bd77f5ee60e",
        "Start Frame": 1800,
        "End Frame": 1920,
        "Caption": "#C C picks a clay ; #c c puts the clay on the table; #C C puts the model on the table; #C C puts the molds on the table; #c c places the clay on the table"
    },
    {
        "Video Name": "1a463736-fb76-45e4-862f-5bd77f5ee60e",
        "Start Frame": 1920,
        "End Frame": 2040,
        "Caption": "#C C puts the stick on the; #C C puts clay on the table; #C C puts the stick on the; #C C picks a knife; #C C puts the knife on the"
    },
    {
        "Video Name": "1a463736-fb76-45e4-862f-5bd77f5ee60e",
        "Start Frame": 2040,
        "End Frame": 2160,
        "Caption": "#C C Wipes the molding clay with the; #C C dips the sponge in the water; #c c dips the sponge in the bowl of water; #c c dips the sponge in the bowl of water; #C C Picks the super bright"
    },
    {
        "Video Name": "1a463736-fb76-45e4-862f-5bd77f5ee60e",
        "Start Frame": 2160,
        "End Frame": 2280,
        "Caption": "#C C wipes the sculpture with the sponge ; #C C wipes the molding with the sponge; #C C Wipes the  sculpture with sponge; #C C Wipes the molding; #C C wipes the clay"
    },
    {
        "Video Name": "1a463736-fb76-45e4-862f-5bd77f5ee60e",
        "Start Frame": 2280,
        "End Frame": 2400,
        "Caption": "#C C picks the m; #c c picks the clay; #C C Picks the sponge; #C C picks the clay; #C C Picks a super"
    },
    {
        "Video Name": "1a463736-fb76-45e4-862f-5bd77f5ee60e",
        "Start Frame": 2400,
        "End Frame": 2520,
        "Caption": "#C C Wipes the sculpture with the sponge; #C C wipes the clay; #C C wipes the pottery ; #C C wipes the pottery with the sponge; #C C Wipes the pottery"
    },
    {
        "Video Name": "1a463736-fb76-45e4-862f-5bd77f5ee60e",
        "Start Frame": 2520,
        "End Frame": 2640,
        "Caption": "#C C wipes the pottery with the sponge; #C C Wipes the sculpture; #C C wipes the clay; #C C Wipes the molding clay with a; #C C wipes the   molded clay "
    },
    {
        "Video Name": "1a463736-fb76-45e4-862f-5bd77f5ee60e",
        "Start Frame": 2640,
        "End Frame": 2760,
        "Caption": "#C C cleans the clay; #C C Wipes the pottery with a; #C C wipes the pottery ; #C C smoothens the clay; #C C wipes the  moulded clay"
    },
    {
        "Video Name": "1a463736-fb76-45e4-862f-5bd77f5ee60e",
        "Start Frame": 2760,
        "End Frame": 2880,
        "Caption": "#C C picks up the; #C C picks up the; #C C picks a sponge; #C C picks a sponge; #C C picks the sponge"
    },
    {
        "Video Name": "1a463736-fb76-45e4-862f-5bd77f5ee60e",
        "Start Frame": 2880,
        "End Frame": 3000,
        "Caption": "#C C wipes the clay; #C C wipes the clay; #C C Wipes the molding clay; #C C Wipes the molding clay with a; #C C Wipes the pottery with a sponge"
    },
    {
        "Video Name": "1a463736-fb76-45e4-862f-5bd77f5ee60e",
        "Start Frame": 3000,
        "End Frame": 3120,
        "Caption": "#C C picks a clay ; #C C puts the clay on the table; #C C Wipes the molding clay with a; #C C picks the clay; #C C picks a sponge "
    },
    {
        "Video Name": "1a463736-fb76-45e4-862f-5bd77f5ee60e",
        "Start Frame": 3120,
        "End Frame": 3240,
        "Caption": "#C C wipes the pottery ; #C C wipes the sculpture with a sponge; #C C wipes the ceramic plate with the; #C C picks the sponge; #C C picks the sponge"
    },
    {
        "Video Name": "1a463736-fb76-45e4-862f-5bd77f5ee60e",
        "Start Frame": 3240,
        "End Frame": 3360,
        "Caption": "#C C wipes the pottery with  the sponge; #C C cleans the pottery with  the sponge; #C C Wipes the pottery with the sponge; #C C Wipes the pottery; #C C Wipes the sculpture with the sponge"
    },
    {
        "Video Name": "1a463736-fb76-45e4-862f-5bd77f5ee60e",
        "Start Frame": 3360,
        "End Frame": 3480,
        "Caption": "#C C wipes the table ; #C C picks the clay; #C C places the clay on the; #C C wipes the clay; #C C rubs the clay"
    },
    {
        "Video Name": "1a463736-fb76-45e4-862f-5bd77f5ee60e",
        "Start Frame": 3480,
        "End Frame": 3600,
        "Caption": "#C C wipes the pottery with the; #C C Wipes the sculpture with the; #C C wipes the clay; #C C wipes the pottery with a; #C C wipes the pottery with the"
    },
    {
        "Video Name": "1a463736-fb76-45e4-862f-5bd77f5ee60e",
        "Start Frame": 3600,
        "End Frame": 3720,
        "Caption": "#C C wipes the pottery with the sponge; #C C Wipes the pottery with a sponge; #C C wipes the pottery with  the sponge; #C C wipes the clay; #C C wipes the clay"
    },
    {
        "Video Name": "1a463736-fb76-45e4-862f-5bd77f5ee60e",
        "Start Frame": 3720,
        "End Frame": 3840,
        "Caption": "#C C Picks a sponge; #C C picks the super bright on the; #C C picks the clay; #C C picks the sponge; #C C picks the clay"
    },
    {
        "Video Name": "1a463736-fb76-45e4-862f-5bd77f5ee60e",
        "Start Frame": 3840,
        "End Frame": 3960,
        "Caption": "#C C Wipes the molding clay; #C C wipes the sculpture with the sponge; #C C wipes the ceramic plate with the; #C C Wipes the sculpture with the; #C C smoothens the clay"
    },
    {
        "Video Name": "1a463736-fb76-45e4-862f-5bd77f5ee60e",
        "Start Frame": 3960,
        "End Frame": 4080,
        "Caption": "#C C holds the clay; #C C picks the sponge ; #C C picks the sponge ; #C C puts the clay on the; #C C puts the sponge on the"
    },
    {
        "Video Name": "1a463736-fb76-45e4-862f-5bd77f5ee60e",
        "Start Frame": 4080,
        "End Frame": 4200,
        "Caption": "#C C picks clay; #C C picks clay; #C C picks the; #C C picks a; #C C picks the"
    },
    {
        "Video Name": "1a463736-fb76-45e4-862f-5bd77f5ee60e",
        "Start Frame": 4200,
        "End Frame": 4320,
        "Caption": "#C C dips the brush in the glue; #C C applies some liquid on the clay; #C C pours the water on the clay; #C C pours the liquid on the mold; #C C pours the clay solution in the"
    },
    {
        "Video Name": "1a463736-fb76-45e4-862f-5bd77f5ee60e",
        "Start Frame": 4320,
        "End Frame": 4440,
        "Caption": "#C C picks a clay; #C C picks the clay; #C C Puts the molding clay on the; #C C picks the clay; #C C picks a container from the table"
    },
    {
        "Video Name": "1a463736-fb76-45e4-862f-5bd77f5ee60e",
        "Start Frame": 4440,
        "End Frame": 4560,
        "Caption": "#C C picks clay; #C C Picks a super bright; #C C opens the molding clay ; #C C Picks some molding clay; #C C picks the super bright on the"
    },
    {
        "Video Name": "1a463736-fb76-45e4-862f-5bd77f5ee60e",
        "Start Frame": 4560,
        "End Frame": 4680,
        "Caption": "#C C attaches the clay; #C C puts the clay on the; #C C Puts the clay together; #C C puts the clay on the; #C C puts the clay on the"
    },
    {
        "Video Name": "1a463736-fb76-45e4-862f-5bd77f5ee60e",
        "Start Frame": 4680,
        "End Frame": 4800,
        "Caption": "#C C molds the clay; #C C attaches the pottery together; #C C Adjusts clay on a sculpture; #C C attaches the leaf clay on the; #C C molds the clay"
    },
    {
        "Video Name": "1a463736-fb76-45e4-862f-5bd77f5ee60e",
        "Start Frame": 4800,
        "End Frame": 4920,
        "Caption": "#C C Puts the clay in the molding; #C C places the clay in the clay pot; #C C puts the clay on the pottery ; #C C puts the clay in the pottery ; #C C fixes the clay in the clay"
    },
    {
        "Video Name": "1a463736-fb76-45e4-862f-5bd77f5ee60e",
        "Start Frame": 4920,
        "End Frame": 5040,
        "Caption": "#C C puts the clay in the pottery; #C C puts the clay in the bowl; #C C Puts the clay in the pot; #C C puts the clay in the container; #C C Puts the clay on the sculpture"
    },
    {
        "Video Name": "1a463736-fb76-45e4-862f-5bd77f5ee60e",
        "Start Frame": 5040,
        "End Frame": 5160,
        "Caption": "#C C puts clay in the container; #C C Adjusts a rod on a clay; #C C picks a flat spoon; #C C picks a clay; #C C cuts the clay"
    },
    {
        "Video Name": "1a463736-fb76-45e4-862f-5bd77f5ee60e",
        "Start Frame": 5160,
        "End Frame": 5280,
        "Caption": "#C C operates the phone; #C C uses phone; #C C picks a phone ; #C C picks the phone from the; #C C dials the phone"
    },
    {
        "Video Name": "1a463736-fb76-45e4-862f-5bd77f5ee60e",
        "Start Frame": 5280,
        "End Frame": 5400,
        "Caption": "#C C uses phone; #C C operates phone; #C C uses phone; #C C operates phone; #C C uses phone"
    }
]