[
    {
        "Video Name": "1b332cec-98c0-4428-bf7b-d6477235f025",
        "Start Frame": 0,
        "End Frame": 120,
        "Caption": "#O A man Y holds a paper; #O A man X holds the shopping; #C C looks around the supermarket.; #O a man X stands at the; #C C looks at the products"
    },
    {
        "Video Name": "1b332cec-98c0-4428-bf7b-d6477235f025",
        "Start Frame": 120,
        "End Frame": 240,
        "Caption": "#C C removes the camera; #O Man E moves his hands; #O Person A gives C the; #C C looks around; #C C looks around"
    },
    {
        "Video Name": "1b332cec-98c0-4428-bf7b-d6477235f025",
        "Start Frame": 240,
        "End Frame": 360,
        "Caption": "#C C looks around; #C C looks at the floor; #C C looks around; #C C looks around; #O lady B holds a bag"
    },
    {
        "Video Name": "1b332cec-98c0-4428-bf7b-d6477235f025",
        "Start Frame": 360,
        "End Frame": 480,
        "Caption": "#C C holds a phone ; #C C gives person G a key; #C C picks the phone ; #C C takes a charger from man; #O person Z gives person C a"
    },
    {
        "Video Name": "1b332cec-98c0-4428-bf7b-d6477235f025",
        "Start Frame": 480,
        "End Frame": 600,
        "Caption": "#O man Z talks to C; #C C passes money to person X; #C C looks at man X; #C C gives man Y money; #C C picks money from man D"
    },
    {
        "Video Name": "1b332cec-98c0-4428-bf7b-d6477235f025",
        "Start Frame": 600,
        "End Frame": 720,
        "Caption": "#O A man X walks around the; #C C walks around the shop; #C C walks to a counter; #C C talks to woman X; #C C holds the money"
    },
    {
        "Video Name": "1b332cec-98c0-4428-bf7b-d6477235f025",
        "Start Frame": 720,
        "End Frame": 840,
        "Caption": "#C C looks at the; #C C looks around ; #C C looks at the; #C C stares at the; #C C looks around"
    },
    {
        "Video Name": "1b332cec-98c0-4428-bf7b-d6477235f025",
        "Start Frame": 840,
        "End Frame": 960,
        "Caption": "#C C walks around; #C C walks towards the counter; #C C stares at the money; #C C talks to a woman; #C C looks at the money"
    },
    {
        "Video Name": "1b332cec-98c0-4428-bf7b-d6477235f025",
        "Start Frame": 960,
        "End Frame": 1080,
        "Caption": "#C C walks towards the counter; #O A man Y walks around the; #O man Y walks in the supermarket; #C C walks to the counter; #C C walks around"
    },
    {
        "Video Name": "1b332cec-98c0-4428-bf7b-d6477235f025",
        "Start Frame": 1080,
        "End Frame": 1200,
        "Caption": "#C C scrolls the phone; #C C scrolls the phone; #C C operates the phone; #C C operates the phone; #O Woman Y talks to"
    },
    {
        "Video Name": "1b332cec-98c0-4428-bf7b-d6477235f025",
        "Start Frame": 1200,
        "End Frame": 1320,
        "Caption": "#C C talks to man Y; #C C talks to woman X; #O Woman Y talks to C; #O Woman Y talks to C; #O A woman X talks to"
    },
    {
        "Video Name": "1b332cec-98c0-4428-bf7b-d6477235f025",
        "Start Frame": 1320,
        "End Frame": 1440,
        "Caption": "#O woman X picks the container; #O man X puts the drink back to the shopping basket; #O woman X picks the item in the shopping basket; #O person X picks up a shopping basket; #O person X picks a container of oil on a shopping"
    },
    {
        "Video Name": "1b332cec-98c0-4428-bf7b-d6477235f025",
        "Start Frame": 1440,
        "End Frame": 1560,
        "Caption": "#C C converses with woman; #O woman X talks to C; #C C holds phone with both; #O A man X uses the; #C C converses with woman"
    },
    {
        "Video Name": "1b332cec-98c0-4428-bf7b-d6477235f025",
        "Start Frame": 1560,
        "End Frame": 1680,
        "Caption": "#C C operates the phone; #C C uses phone ; #C C operates the phone; #C C dials the; #C C scrolls phone "
    },
    {
        "Video Name": "1b332cec-98c0-4428-bf7b-d6477235f025",
        "Start Frame": 1680,
        "End Frame": 1800,
        "Caption": "#C C looks at the items in the supermarket; #C C looks at the items on the shelf; #C C looks at the phone; #C C looks around; #C C looks around the supermarket"
    },
    {
        "Video Name": "1b332cec-98c0-4428-bf7b-d6477235f025",
        "Start Frame": 1800,
        "End Frame": 1920,
        "Caption": "#O Lady X talks to; #O lady X talks to; #O Lady Y talks to; #O Lady X talks to; #C C talks to man"
    },
    {
        "Video Name": "1b332cec-98c0-4428-bf7b-d6477235f025",
        "Start Frame": 1920,
        "End Frame": 2040,
        "Caption": "#C C hands the phone to woman; #C C gives woman Y a phone; #C C gives woman Y a phone; #O woman A gives C the phone; #C C gives the lady X the"
    },
    {
        "Video Name": "1b332cec-98c0-4428-bf7b-d6477235f025",
        "Start Frame": 2040,
        "End Frame": 2160,
        "Caption": "#O woman Y holds the phone; #C C holds the phone; #O Lady Y talks to C; #C C puts the phone in the; #C C talks to #O Woman"
    },
    {
        "Video Name": "1b332cec-98c0-4428-bf7b-d6477235f025",
        "Start Frame": 2160,
        "End Frame": 2280,
        "Caption": "#O man X holds a phone; #O Man Y looks at the phone; #O man Y walks in the supermarket; #O Woman X walks; #O Man B walks on the floor"
    },
    {
        "Video Name": "1b332cec-98c0-4428-bf7b-d6477235f025",
        "Start Frame": 2280,
        "End Frame": 2400,
        "Caption": "#C C walks along the; #C C walks around the; #C C walks around the; #C C walks around; #C C walks around"
    },
    {
        "Video Name": "1b332cec-98c0-4428-bf7b-d6477235f025",
        "Start Frame": 2400,
        "End Frame": 2520,
        "Caption": "#C C looks around; #O person A moves his hand; #C C looks around ; #C C looks around the clothing; #C C walks around the mall"
    },
    {
        "Video Name": "1b332cec-98c0-4428-bf7b-d6477235f025",
        "Start Frame": 2520,
        "End Frame": 2640,
        "Caption": "#C C walks around; #C C uses phone; #C C looks at a; #C C scrolls the phone; #C C uses the phone"
    },
    {
        "Video Name": "1b332cec-98c0-4428-bf7b-d6477235f025",
        "Start Frame": 2640,
        "End Frame": 2760,
        "Caption": "#C C walks around; #O man A walks in a; #C C walks around the shop; #C C walks around ; #O Lady B walks around"
    },
    {
        "Video Name": "1b332cec-98c0-4428-bf7b-d6477235f025",
        "Start Frame": 2760,
        "End Frame": 2880,
        "Caption": "#O woman X walks; #C C looks around; #O A woman X puts the bottle in the basket; #C C walks around ; #C C walks around the store"
    },
    {
        "Video Name": "1b332cec-98c0-4428-bf7b-d6477235f025",
        "Start Frame": 2880,
        "End Frame": 3000,
        "Caption": "#O person X picks up a shoe; #O person X picks a belt from the; #O person X picks a shoe; #O person X picks a boot; #O person X picks a shoe"
    },
    {
        "Video Name": "1b332cec-98c0-4428-bf7b-d6477235f025",
        "Start Frame": 3000,
        "End Frame": 3120,
        "Caption": "#O woman Y holds the shoe; #O person X puts a belt on the table; #O man X holds shoe; #O A woman Y touches the shoe; #O A lady X puts shoes on the table"
    },
    {
        "Video Name": "1b332cec-98c0-4428-bf7b-d6477235f025",
        "Start Frame": 3120,
        "End Frame": 3240,
        "Caption": "#C C talks to a woman X; #O A woman X takes the shoe ; #O A woman X takes the shoes ; #O a lady Y picks a hat from the; #O a woman X checks the items"
    },
    {
        "Video Name": "1b332cec-98c0-4428-bf7b-d6477235f025",
        "Start Frame": 3240,
        "End Frame": 3360,
        "Caption": "#C C looks at the; #O person X touches the; #C C looks around ; #C C uses her phone; #O person X talks to"
    },
    {
        "Video Name": "1b332cec-98c0-4428-bf7b-d6477235f025",
        "Start Frame": 3360,
        "End Frame": 3480,
        "Caption": "#O a woman X checks the belt; #O a man X walks around the shop; #C C looks around the table; #O person A takes the belt from the; #O A man X picks the shoes"
    },
    {
        "Video Name": "1b332cec-98c0-4428-bf7b-d6477235f025",
        "Start Frame": 3480,
        "End Frame": 3600,
        "Caption": "#O Person B picks the phone; #O person A picks a pouch on the; #O Person A picks a phone; #o o picks a wallet; #O A man X picks a pouch"
    },
    {
        "Video Name": "1b332cec-98c0-4428-bf7b-d6477235f025",
        "Start Frame": 3600,
        "End Frame": 3720,
        "Caption": "#O lady Y picks a purse from the table; #C C uses the phone; #O O uses the phone; #C C uses the phone; #C C converses with female B"
    },
    {
        "Video Name": "1b332cec-98c0-4428-bf7b-d6477235f025",
        "Start Frame": 3720,
        "End Frame": 3840,
        "Caption": "#O person X stares at the; #C C looks around; #c c looks around; #C C moves around the store; #C C looks around the store"
    },
    {
        "Video Name": "1b332cec-98c0-4428-bf7b-d6477235f025",
        "Start Frame": 3840,
        "End Frame": 3960,
        "Caption": "#O The woman X touches a blouse on the clothes rack with her left hand; #C C touches a clothe; #C C touches the clothes ; #C C looks at the cloth; #O A woman X touches the cloth"
    },
    {
        "Video Name": "1b332cec-98c0-4428-bf7b-d6477235f025",
        "Start Frame": 3960,
        "End Frame": 4080,
        "Caption": "#C C points out with his hand; #C C looks around; #O A man Y gestures his hand; #C C walks around the store; #C C looks around "
    },
    {
        "Video Name": "1b332cec-98c0-4428-bf7b-d6477235f025",
        "Start Frame": 4080,
        "End Frame": 4200,
        "Caption": "#O A woman X fits the blouse; #C C converses with Woman Y; #O woman Y touches the cloth ; #O A woman X holds a cloth; #C C holds the cloth on the hug"
    },
    {
        "Video Name": "1b332cec-98c0-4428-bf7b-d6477235f025",
        "Start Frame": 4200,
        "End Frame": 4320,
        "Caption": "#O A woman X talks to woman C; #O Woman Y talks to C; #O woman X puts the cloth on the h; #O A woman X talks to man C; #O woman X touches the cloth "
    },
    {
        "Video Name": "1b332cec-98c0-4428-bf7b-d6477235f025",
        "Start Frame": 4320,
        "End Frame": 4440,
        "Caption": "#O man X puts the clothe on the rack; #O woman X puts the cloth back on the h; #O man X holds a cloth; #C C looks at the price tag; #o woman x  puts the tag on the cloth"
    },
    {
        "Video Name": "1b332cec-98c0-4428-bf7b-d6477235f025",
        "Start Frame": 4440,
        "End Frame": 4560,
        "Caption": "#O The man X touches a shirt on the hanger with his left hand; #O A man X talks to man C; #C C converses with X; #C C talks to person X ; #C C looks at the cloths "
    },
    {
        "Video Name": "1b332cec-98c0-4428-bf7b-d6477235f025",
        "Start Frame": 4560,
        "End Frame": 4680,
        "Caption": "#C C interacts with a man Y; #C C looks around the shop; #O man X takes the belt; #O man X holds a phone; #C C converses with a man X"
    },
    {
        "Video Name": "1b332cec-98c0-4428-bf7b-d6477235f025",
        "Start Frame": 4680,
        "End Frame": 4800,
        "Caption": "#C C looks at the shoes; #O person X picks a shoe; #C C talks to a woman; #O woman X picks a shoe; #C C puts shoes down"
    },
    {
        "Video Name": "1b332cec-98c0-4428-bf7b-d6477235f025",
        "Start Frame": 4800,
        "End Frame": 4920,
        "Caption": "#O A woman X picks a; #O person W picks a h; #O person X removes the sweater; #O Person A holds the clot; #O person X touches cloth"
    },
    {
        "Video Name": "1b332cec-98c0-4428-bf7b-d6477235f025",
        "Start Frame": 4920,
        "End Frame": 5040,
        "Caption": "#c c looks at the sweatshirt; #C C holds the hanger; #C C looks at the cloth; #C C holds a cloth on a hugger; #C C woman Y puts the clothe on the h"
    },
    {
        "Video Name": "1b332cec-98c0-4428-bf7b-d6477235f025",
        "Start Frame": 5040,
        "End Frame": 5160,
        "Caption": "#O woman B takes off the; #C C converses with woman; #O Lady X touches the price; #C C looks at the tag; #O Lady X moves a tag"
    },
    {
        "Video Name": "1b332cec-98c0-4428-bf7b-d6477235f025",
        "Start Frame": 5160,
        "End Frame": 5280,
        "Caption": "#C C looks at the clothes; #C C touches the clothes ; #C C moves the cloths; #C C checks the sweatshirt; #C C looks at the clothes"
    },
    {
        "Video Name": "1b332cec-98c0-4428-bf7b-d6477235f025",
        "Start Frame": 5280,
        "End Frame": 5400,
        "Caption": "#O A woman X talks to C; #C C touches a dress ; #O person X converses with person Y; #C C touches the clothes ; #C C holds a cloth on the h"
    }
]