[
    {
        "Video Name": "1bd933df-3575-4fa7-839f-765c7108259e",
        "Start Frame": 0,
        "End Frame": 120,
        "Caption": "#C C plays the clar; #C C plays the clar; #C C plays the clar; #C C plays the fl; #C C plays the fl"
    },
    {
        "Video Name": "1bd933df-3575-4fa7-839f-765c7108259e",
        "Start Frame": 120,
        "End Frame": 240,
        "Caption": "#C C plays the clar; #C C plays clarinet; #C C plays the fl; #C C plays the fl; #C C plays clarinet"
    },
    {
        "Video Name": "1bd933df-3575-4fa7-839f-765c7108259e",
        "Start Frame": 240,
        "End Frame": 360,
        "Caption": "#C C plays clarinet; #C C plays clarinet; #C C plays the reed instrument.; #C C plays with a  reed instrument; #C C plays a reed instrument."
    },
    {
        "Video Name": "1bd933df-3575-4fa7-839f-765c7108259e",
        "Start Frame": 360,
        "End Frame": 480,
        "Caption": "#C C plays the clarinet; #C C plays the clarinet; #C C plays the clarinet; #C C plays a reed instrument; #C C holds a reed instrument"
    },
    {
        "Video Name": "1bd933df-3575-4fa7-839f-765c7108259e",
        "Start Frame": 480,
        "End Frame": 600,
        "Caption": "#C C plays the clar; #C C plays the clar; #C C uses phone; #C C uses the phone; #C C touches her cellphone"
    },
    {
        "Video Name": "1bd933df-3575-4fa7-839f-765c7108259e",
        "Start Frame": 600,
        "End Frame": 720,
        "Caption": "#C C plays the clarinet; #C C plays with a  reed instrument; #C C plays the clarinet; #C C plays the clarinet; #C C plays clarinet"
    },
    {
        "Video Name": "1bd933df-3575-4fa7-839f-765c7108259e",
        "Start Frame": 720,
        "End Frame": 840,
        "Caption": "#C C plays a reed instrument; #C C plays the flute; #C C plays the clarinet; #C C plays clarinet; #C C plays the clarinet"
    },
    {
        "Video Name": "1bd933df-3575-4fa7-839f-765c7108259e",
        "Start Frame": 840,
        "End Frame": 960,
        "Caption": "#C C plays clarinet; #C C plays the fl; #C C plays the clar; #C C plays the fl; #C C plays the fl"
    },
    {
        "Video Name": "1bd933df-3575-4fa7-839f-765c7108259e",
        "Start Frame": 960,
        "End Frame": 1080,
        "Caption": "#C C plays the flute; #C C plays the clarinet; #C C plays the clarinet; #C C plays a reed instrument; #C C plays the clarinet"
    },
    {
        "Video Name": "1bd933df-3575-4fa7-839f-765c7108259e",
        "Start Frame": 1080,
        "End Frame": 1200,
        "Caption": "#C C plays with a  reed instrument; #C C plays clarinet; #C C plays with a  reed instrument; #C C plays clarinet; #C C plays the flute"
    },
    {
        "Video Name": "1bd933df-3575-4fa7-839f-765c7108259e",
        "Start Frame": 1200,
        "End Frame": 1320,
        "Caption": "#C C plays the clarinet; #C C plays the clarinet; #C C plays the clarinet; #C C plays a reed instrument; #C C plays the clarinet"
    },
    {
        "Video Name": "1bd933df-3575-4fa7-839f-765c7108259e",
        "Start Frame": 1320,
        "End Frame": 1440,
        "Caption": "#C C plays the clar; #C C plays the clar; #C C plays the clar; #C C plays the clar; #C C plays clarinet"
    },
    {
        "Video Name": "1bd933df-3575-4fa7-839f-765c7108259e",
        "Start Frame": 1440,
        "End Frame": 1560,
        "Caption": "#C C plays the clarinet; #C C plays a reed instrument; #C C plays a reed instrument; #C C plays a reed instrument; #C C plays the flute"
    },
    {
        "Video Name": "1bd933df-3575-4fa7-839f-765c7108259e",
        "Start Frame": 1560,
        "End Frame": 1680,
        "Caption": "#C C plays the clarinet; #C C plays the clarinet; #C C plays with  reed instrument; #C C plays a reed instrument.; #C C plays a reed instrument."
    },
    {
        "Video Name": "1bd933df-3575-4fa7-839f-765c7108259e",
        "Start Frame": 1680,
        "End Frame": 1800,
        "Caption": "#C C plays the clarinet; #C C plays the clarinet; #C C plays the clarinet; #C C plays the clarinet; #C C plays a reed instrument"
    },
    {
        "Video Name": "1bd933df-3575-4fa7-839f-765c7108259e",
        "Start Frame": 1800,
        "End Frame": 1920,
        "Caption": "#C C operates her cellphone; #C C uses the phone; #C C dials the; #C C taps on the; #C C uses the phone"
    },
    {
        "Video Name": "1bd933df-3575-4fa7-839f-765c7108259e",
        "Start Frame": 1920,
        "End Frame": 2040,
        "Caption": "#C C moves the hand; #C C touches the clar; #C C touches the mouth; #C C touches her mouth; #C C moves the hands"
    },
    {
        "Video Name": "1bd933df-3575-4fa7-839f-765c7108259e",
        "Start Frame": 2040,
        "End Frame": 2160,
        "Caption": "#C C plays clarinet; #C C plays clarinet; #C C plays the fl; #C C plays the clar; #C C plays clarinet"
    },
    {
        "Video Name": "1bd933df-3575-4fa7-839f-765c7108259e",
        "Start Frame": 2160,
        "End Frame": 2280,
        "Caption": "#C C plays the clarinet; #C C plays the clarinet; #C C plays the clarinet; #C C plays the clarinet; #C C plays a reed instrument"
    },
    {
        "Video Name": "1bd933df-3575-4fa7-839f-765c7108259e",
        "Start Frame": 2280,
        "End Frame": 2400,
        "Caption": "#C C plays the clarinet; #C C plays the clarinet; #C C plays the clarinet; #C C plays a reed instrument; #C C plays a reed instrument"
    },
    {
        "Video Name": "1bd933df-3575-4fa7-839f-765c7108259e",
        "Start Frame": 2400,
        "End Frame": 2520,
        "Caption": "#C C plays the clarinet; #C C plays the clarinet; #C C plays the flute; #C C plays a reed instrument; #C C plays the clarinet"
    },
    {
        "Video Name": "1bd933df-3575-4fa7-839f-765c7108259e",
        "Start Frame": 2520,
        "End Frame": 2640,
        "Caption": "#C C plays the flute; #C C plays the flute; #C C plays a reed instrument; #C C plays a reed instrument; #C C plays clarinet"
    },
    {
        "Video Name": "1bd933df-3575-4fa7-839f-765c7108259e",
        "Start Frame": 2640,
        "End Frame": 2760,
        "Caption": "#C C plays a reed instrument; #C C plays the clarinet; #C C plays the clarinet; #C C plays the clarinet; #C C plays the clarinet"
    },
    {
        "Video Name": "1bd933df-3575-4fa7-839f-765c7108259e",
        "Start Frame": 2760,
        "End Frame": 2880,
        "Caption": "#C C plays the clarinet; #C C plays a reed instrument; #C C plays the clarinet; #C C plays the clarinet; #C C plays clarinet"
    },
    {
        "Video Name": "1bd933df-3575-4fa7-839f-765c7108259e",
        "Start Frame": 2880,
        "End Frame": 3000,
        "Caption": "#C C plays the clarinet; #C C plays the flute; #C C plays the flute; #C C plays with a  reed instrument; #C C plays clarinet"
    },
    {
        "Video Name": "1bd933df-3575-4fa7-839f-765c7108259e",
        "Start Frame": 3000,
        "End Frame": 3120,
        "Caption": "#C C plays the flute; #C C plays the reed; #C C plays the clarinet; #C C plays the clarinet; #C C plays the clarinet"
    },
    {
        "Video Name": "1bd933df-3575-4fa7-839f-765c7108259e",
        "Start Frame": 3120,
        "End Frame": 3240,
        "Caption": "#C C operates the phone; #C C taps the phone; #C C uses phone; #C C uses phone; #C C uses phone"
    },
    {
        "Video Name": "1bd933df-3575-4fa7-839f-765c7108259e",
        "Start Frame": 3240,
        "End Frame": 3360,
        "Caption": "#C C moves the saxophone towards her; #C C plays a reed instrument.; #C C plays the reed instrument.; #C C plays the reed instrument.; #C C plays clarinet"
    },
    {
        "Video Name": "1bd933df-3575-4fa7-839f-765c7108259e",
        "Start Frame": 3360,
        "End Frame": 3480,
        "Caption": "#C C plays the clar; #C C plays the clar; #C C plays the clar; #C C plays the fl; #C C plays the clar"
    },
    {
        "Video Name": "1bd933df-3575-4fa7-839f-765c7108259e",
        "Start Frame": 3480,
        "End Frame": 3600,
        "Caption": "#C C plays the clarinet; #C C plays the clarinet; #C C plays the flute; #C C plays a reed instrument; #C C plays the clarinet"
    },
    {
        "Video Name": "1bd933df-3575-4fa7-839f-765c7108259e",
        "Start Frame": 3600,
        "End Frame": 3720,
        "Caption": "#C C plays the clar; #C C plays the clar; #C C plays the clar; #C C plays clarinet; #C C plays the clar"
    },
    {
        "Video Name": "1bd933df-3575-4fa7-839f-765c7108259e",
        "Start Frame": 3720,
        "End Frame": 3840,
        "Caption": "#C C plays the clar; #C C plays the clar; #C C plays the clar; #C C plays the clar; #C C plays clarinet"
    },
    {
        "Video Name": "1bd933df-3575-4fa7-839f-765c7108259e",
        "Start Frame": 3840,
        "End Frame": 3960,
        "Caption": "#C C plays the clarinet; #C C plays a reed instrument; #C C plays the clarinet; #C C plays a reed instrument; #C C plays the clarinet"
    },
    {
        "Video Name": "1bd933df-3575-4fa7-839f-765c7108259e",
        "Start Frame": 3960,
        "End Frame": 4080,
        "Caption": "#C C plays with a  reed instrument; #C C plays the clarinet; #C C plays the clarinet; #C C plays the clarinet; #C C plays the clarinet"
    },
    {
        "Video Name": "1bd933df-3575-4fa7-839f-765c7108259e",
        "Start Frame": 4080,
        "End Frame": 4200,
        "Caption": "#C C plays a reed instrument; #C C plays the clarinet; #C C plays the clarinet; #C C plays the clarinet; #C C plays clarinet"
    },
    {
        "Video Name": "1bd933df-3575-4fa7-839f-765c7108259e",
        "Start Frame": 4200,
        "End Frame": 4320,
        "Caption": "#C C plays the fl; #C C plays the clar; #C C plays the fl; #C C plays the fl; #C C plays clarinet"
    },
    {
        "Video Name": "1bd933df-3575-4fa7-839f-765c7108259e",
        "Start Frame": 4320,
        "End Frame": 4440,
        "Caption": "#C C plays the clar; #C C plays the clar; #C C plays the clar; #C C plays the clar; #C C plays the clar"
    },
    {
        "Video Name": "1bd933df-3575-4fa7-839f-765c7108259e",
        "Start Frame": 4440,
        "End Frame": 4560,
        "Caption": "#C C plays clarinet; #C C plays the fl; #C C plays clarinet; #C C plays the clar; #C C plays the clar"
    },
    {
        "Video Name": "1bd933df-3575-4fa7-839f-765c7108259e",
        "Start Frame": 4560,
        "End Frame": 4680,
        "Caption": "#C C plays the clar; #C C plays clarinet; #C C plays the clar; #C C plays clarinet; #C C plays the clar"
    },
    {
        "Video Name": "1bd933df-3575-4fa7-839f-765c7108259e",
        "Start Frame": 4680,
        "End Frame": 4800,
        "Caption": "#C C plays the clar; #C C plays clarinet; #C C plays the clar; #C C plays the clar; #C C plays the clar"
    },
    {
        "Video Name": "1bd933df-3575-4fa7-839f-765c7108259e",
        "Start Frame": 4800,
        "End Frame": 4920,
        "Caption": "#C C touches the phone; #C C uses phone; #C C uses phone; #C C plays the clar; #C C uses phone"
    },
    {
        "Video Name": "1bd933df-3575-4fa7-839f-765c7108259e",
        "Start Frame": 4920,
        "End Frame": 5040,
        "Caption": "#C C holds the reed instrument.; #C C holds a reed instrument.; #C C touches the clarinet; #C C holds the saxophone with both; #C C lifts the saxophone"
    },
    {
        "Video Name": "1bd933df-3575-4fa7-839f-765c7108259e",
        "Start Frame": 5040,
        "End Frame": 5160,
        "Caption": "#C C plays the flute; #C C plays the clarinet; #C C plays clarinet; #C C plays with a  reed instrument; #C C plays the clarinet"
    },
    {
        "Video Name": "1bd933df-3575-4fa7-839f-765c7108259e",
        "Start Frame": 5160,
        "End Frame": 5280,
        "Caption": "#C C plays the clar; #C C plays the clar; #C C plays the clar; #C C plays the clar; #C C plays the clar"
    },
    {
        "Video Name": "1bd933df-3575-4fa7-839f-765c7108259e",
        "Start Frame": 5280,
        "End Frame": 5400,
        "Caption": "#C C plays the clarinet; #C C plays a reed instrument; #C C plays the clarinet; #C C plays the clarinet; #C C plays the clarinet"
    }
]