[
    {
        "Video Name": "1dace116-5838-4b5b-9876-54bbfb6b1e06",
        "Start Frame": 0,
        "End Frame": 120,
        "Caption": "#C C inserts screwdriver in the machine; #C C attaches the screw in his left hand to the extruder of the 3D printer on the countertop; #C C fixes the screw in the machine; #C C holds the screw driver with the left hand; #C C places the screw in the screw driver "
    },
    {
        "Video Name": "1dace116-5838-4b5b-9876-54bbfb6b1e06",
        "Start Frame": 120,
        "End Frame": 240,
        "Caption": "#C C removes the screw driver ; #C C looks at the machine; #C C removes the screw from the machine with a screw; #C C removes the screw driver from the printer; #C C looks around the room"
    },
    {
        "Video Name": "1dace116-5838-4b5b-9876-54bbfb6b1e06",
        "Start Frame": 240,
        "End Frame": 360,
        "Caption": "#C C picks pliers; #C C holds the plier with both hands; #C C picks pliers ; #C C places pliers on the table; #C C picks pliers"
    },
    {
        "Video Name": "1dace116-5838-4b5b-9876-54bbfb6b1e06",
        "Start Frame": 360,
        "End Frame": 480,
        "Caption": "#C C removes the screw with the pliers; #C C removes screw with pliers; #C C removes the screw with the pliers; #C C fixes the screw on the machine; #C C fixes the machine with screw driver"
    },
    {
        "Video Name": "1dace116-5838-4b5b-9876-54bbfb6b1e06",
        "Start Frame": 480,
        "End Frame": 600,
        "Caption": "#C C puts the screwdriver on the machine ; #C C holds the screwdriver with his left hand; #C C holds the screwdriver with the left hand; #C C holds the screw driver with the left hand; #C C holds the screw driver with his right hand"
    },
    {
        "Video Name": "1dace116-5838-4b5b-9876-54bbfb6b1e06",
        "Start Frame": 600,
        "End Frame": 720,
        "Caption": "#C C removes the screw from the machine; #C C removes the screw from the screwdriver with his left hand.; #C C removes the screw driver from the extruder nozzle with his left hand.; #C C puts the screw in the screwdriver; #C C holds the screw driver with both hands"
    },
    {
        "Video Name": "1dace116-5838-4b5b-9876-54bbfb6b1e06",
        "Start Frame": 720,
        "End Frame": 840,
        "Caption": "#C C holds the screw driver with the left hand; #C C places the screwdriver on the screw in the extruder nozzle with his left hand; #C C adjusts the screw in the extruder nozzle with his left hand.; #C C screws the bolt into the extruder nozzle with the screwdriver in his right hand; #C C holds the screwdriver with both hands."
    },
    {
        "Video Name": "1dace116-5838-4b5b-9876-54bbfb6b1e06",
        "Start Frame": 840,
        "End Frame": 960,
        "Caption": "#C C fixes the screw on the extruder nozzle with the pair of pliers in his right hand; #C C holds the allen key with the plier in his right hand.; #C C removes the screw with the pliers ; #C C holds the screwdriver with his left hand.; #C C picks the screw on the prusa "
    },
    {
        "Video Name": "1dace116-5838-4b5b-9876-54bbfb6b1e06",
        "Start Frame": 960,
        "End Frame": 1080,
        "Caption": "#C C places pliers on the table; #C C drops the pliers; #C C places pliers on the table ; #C C drops the plier on the countertop with his right hand; #C C drops the plier on the table with his right hand."
    },
    {
        "Video Name": "1dace116-5838-4b5b-9876-54bbfb6b1e06",
        "Start Frame": 1080,
        "End Frame": 1200,
        "Caption": "#C C puts the pliers on the table; #C C picks a pliers from the table; #C C drops the pliers on the table; #C C picks the pliers; #C C takes the pliers "
    },
    {
        "Video Name": "1dace116-5838-4b5b-9876-54bbfb6b1e06",
        "Start Frame": 1200,
        "End Frame": 1320,
        "Caption": "#C C fixes the hex screwdriver into the prusa ; #C C adjusts the screw with the plier in his right hand.; #C C holds the pliers with both hands ; #C C loosens the screw on the pliers with his left hand; #C C hits the plier on the hex key with his right hand"
    },
    {
        "Video Name": "1dace116-5838-4b5b-9876-54bbfb6b1e06",
        "Start Frame": 1320,
        "End Frame": 1440,
        "Caption": "#C C adjusts the screw driver; #C C inserts the clip in the plier into the extruder nozzle with his left hand; #C C puts the pliers on the screw driver; #C C removes a screw driver from the pliers ; #C C holds the pliers"
    },
    {
        "Video Name": "1dace116-5838-4b5b-9876-54bbfb6b1e06",
        "Start Frame": 1440,
        "End Frame": 1560,
        "Caption": "#C C fixes the pliers ; #C C holds the pliers with both hands; #C C holds the pliers with both hands; #C C adjusts the pliers ; #C C holds the plier with both hands"
    },
    {
        "Video Name": "1dace116-5838-4b5b-9876-54bbfb6b1e06",
        "Start Frame": 1560,
        "End Frame": 1680,
        "Caption": "#C C holds the pliers with both hands; #C C holds the pliers with both hands; #C C looks at the pliers ; #C C holds a pliers; #C C holds the pliers with both hands"
    },
    {
        "Video Name": "1dace116-5838-4b5b-9876-54bbfb6b1e06",
        "Start Frame": 1680,
        "End Frame": 1800,
        "Caption": "#C C holds the pliers ; #C C holds the plier with his right hand; #C C removes the pliers; #C C holds a pliers; #C C looks around"
    },
    {
        "Video Name": "1dace116-5838-4b5b-9876-54bbfb6b1e06",
        "Start Frame": 1800,
        "End Frame": 1920,
        "Caption": "#C C picks a pliers; #C C picks the pliers from the; #C C picks a pliers from the; #C C picks pliers from the floor; #C C picks a pliers"
    },
    {
        "Video Name": "1dace116-5838-4b5b-9876-54bbfb6b1e06",
        "Start Frame": 1920,
        "End Frame": 2040,
        "Caption": "#C C holds the pliers with both hands ; #C C holds the pliers with both hands; #C C holds the metal with his left hand.; #C C holds the pliers with his right hand; #C C holds a metal with his left hand."
    },
    {
        "Video Name": "1dace116-5838-4b5b-9876-54bbfb6b1e06",
        "Start Frame": 2040,
        "End Frame": 2160,
        "Caption": "#C C removes the extruder nozzle from the extruder with his left hand.; #C C places the plier on the extruder of the 3D printer with his right hand; #C C inserts the screwdriver in his right hand into the extruder.; #C C removes the screw from the plier with his left hand.; #C C holds the extruder nozzle with his left hand."
    },
    {
        "Video Name": "1dace116-5838-4b5b-9876-54bbfb6b1e06",
        "Start Frame": 2160,
        "End Frame": 2280,
        "Caption": "#C C holds the pliers with both hands; #C C screws the threaded nipple of the 3d printer on the countertop with the screwdriver in his hands; #C C holds pliers; #C C holds wire with pliers ; #C C screws the extruder nozzle with the hex key in his right hand."
    },
    {
        "Video Name": "1dace116-5838-4b5b-9876-54bbfb6b1e06",
        "Start Frame": 2280,
        "End Frame": 2400,
        "Caption": "#C C holds the screw with the pliers ; #C C tightens the screw in the printer with the plier in his right hand; #C C places the pliers on the machine ; #C C tightens screw on the printer; #C C holds a screw driver with the right hand"
    },
    {
        "Video Name": "1dace116-5838-4b5b-9876-54bbfb6b1e06",
        "Start Frame": 2400,
        "End Frame": 2520,
        "Caption": "#C C fixes the screw with pliers; #C C touches the wire ; #C C adjusts the pliers ; #C C adjusts the pliers ; #C C holds pliers "
    },
    {
        "Video Name": "1dace116-5838-4b5b-9876-54bbfb6b1e06",
        "Start Frame": 2520,
        "End Frame": 2640,
        "Caption": "#C C inserts the pliers in the machine; #C C cuts the wire with pliers; #C C inserts the screw into the cartridge of the mini printer with the plier in his right hand.; #C C holds the wire with pliers ; #C C holds the screw driver with both hands"
    },
    {
        "Video Name": "1dace116-5838-4b5b-9876-54bbfb6b1e06",
        "Start Frame": 2640,
        "End Frame": 2760,
        "Caption": "#C C cuts the wire with the pliers ; #C C adjusts the plier with his right hand; #C C fixes the screw ; #C C holds the machine with the pliers ; #C C holds the pliers with both hands"
    },
    {
        "Video Name": "1dace116-5838-4b5b-9876-54bbfb6b1e06",
        "Start Frame": 2760,
        "End Frame": 2880,
        "Caption": "#C C cuts the wire with pliers; #C C cuts the screw with the pl; #C C fixes the screw on the printer; #C C looks at the pliers ; #C C fixes the screw driver to the"
    },
    {
        "Video Name": "1dace116-5838-4b5b-9876-54bbfb6b1e06",
        "Start Frame": 2880,
        "End Frame": 3000,
        "Caption": "#C C puts the pliers on the bolt; #C C removes screwdriver from the machine; #C C removes the screw with the pliers ; #C C removes the screw from the machine; #C C fixes the screw on the 3D printer with the plier in his right hand"
    },
    {
        "Video Name": "1dace116-5838-4b5b-9876-54bbfb6b1e06",
        "Start Frame": 3000,
        "End Frame": 3120,
        "Caption": "#C C uses the screwdriver on the 3D printer; #C C uses screwdriver on the machine; #C C puts the screw driver in the machine; #C C cuts the wire ; #C C tightens the screw"
    },
    {
        "Video Name": "1dace116-5838-4b5b-9876-54bbfb6b1e06",
        "Start Frame": 3120,
        "End Frame": 3240,
        "Caption": "#C C tightens the screw; #C C holds wire with pliers; #C C fixes the wire in the 3D printer with a screw; #C C fixes the machine ; #C C holds the screw driver"
    },
    {
        "Video Name": "1dace116-5838-4b5b-9876-54bbfb6b1e06",
        "Start Frame": 3240,
        "End Frame": 3360,
        "Caption": "#C C fixes the screw into the extruder of the 3D printer with the plier in his right hand; #C C fixes the screw on the 3D printer with the plier in his right hand.; #C C holds screwdriver with the left hand ; #C C cuts a wire in the extruder nozzle with the plier in his right hand.; #C C loosens screw"
    },
    {
        "Video Name": "1dace116-5838-4b5b-9876-54bbfb6b1e06",
        "Start Frame": 3360,
        "End Frame": 3480,
        "Caption": "#C C cuts a wire with the plier; #C C holds the wire with the pliers ; #C C holds the machine with the pliers ; #C C holds pliers; #C C fixes the screw into the extruder nozzle with the plier"
    },
    {
        "Video Name": "1dace116-5838-4b5b-9876-54bbfb6b1e06",
        "Start Frame": 3480,
        "End Frame": 3600,
        "Caption": "#C C tightens bolt with pliers ; #C C tightens bolt; #C C holds the screwdriver with both hands; #C C screws the extruder of the 3D printer with the hex key wrench in his right hand; #C C tightens the screw on the 3D printer with the hex key wrench in his right hand"
    },
    {
        "Video Name": "1dace116-5838-4b5b-9876-54bbfb6b1e06",
        "Start Frame": 3600,
        "End Frame": 3720,
        "Caption": "#C C picks pliers; #C C picks a pliers; #C C takes pliers; #C C picks pliers; #C C picks pliers"
    },
    {
        "Video Name": "1dace116-5838-4b5b-9876-54bbfb6b1e06",
        "Start Frame": 3720,
        "End Frame": 3840,
        "Caption": "#C C places a screw driver on the; #C C holds pliers; #C C holds metal rod with pliers; #C C holds a holder ; #C C loosens screw with pliers"
    },
    {
        "Video Name": "1dace116-5838-4b5b-9876-54bbfb6b1e06",
        "Start Frame": 3840,
        "End Frame": 3960,
        "Caption": "#C C holds the screw driver with the left hand; #C C holds the pliers with both hands; #C C takes the pliers ; #C C looks at the machine ; #C C takes screwdriver "
    },
    {
        "Video Name": "1dace116-5838-4b5b-9876-54bbfb6b1e06",
        "Start Frame": 3960,
        "End Frame": 4080,
        "Caption": "#C C looks at the screw ; #C C holds the screw driver with both hands; #C C holds a pliers ; #C C removes the extruder nozzle from the extruder with the plier in his right hand; #C C removes screw on the pliers "
    },
    {
        "Video Name": "1dace116-5838-4b5b-9876-54bbfb6b1e06",
        "Start Frame": 4080,
        "End Frame": 4200,
        "Caption": "#C C unscrews the bolt with the plier in his right hand.; #C C touches the screwdriver with the left hand; #C C removes the screw driver from the screw; #C C presses the hex key wrench with his left hand.; #C C adjusts the screw on the extruder of the 3D printer with the plier in his left hand"
    },
    {
        "Video Name": "1dace116-5838-4b5b-9876-54bbfb6b1e06",
        "Start Frame": 4200,
        "End Frame": 4320,
        "Caption": "#C C loosens screw with screw driver ; #C C holds the screwdriver; #C C holds the screwdriver with his hands; #C C holds the screw driver with the left; #C C holds the screwdriver with the left"
    },
    {
        "Video Name": "1dace116-5838-4b5b-9876-54bbfb6b1e06",
        "Start Frame": 4320,
        "End Frame": 4440,
        "Caption": "#C C holds the screwdriver with both hands.; #C C holds the screwdriver with his right hand; #C C holds the screw driver with the left hand; #C C fixes the screw on the machine ; #C C loosens the screw "
    },
    {
        "Video Name": "1dace116-5838-4b5b-9876-54bbfb6b1e06",
        "Start Frame": 4440,
        "End Frame": 4560,
        "Caption": "#C C removes the screw driver ; #C C places the screwdriver on the extruder nozzle with his left hand.; #C C fixes the screw on the extruder nozzle with the pliers in his left hand; #C C removes the screw driver from the extruder nozzle with his left hand.; #C C removes the screw driver from the screw"
    },
    {
        "Video Name": "1dace116-5838-4b5b-9876-54bbfb6b1e06",
        "Start Frame": 4560,
        "End Frame": 4680,
        "Caption": "#C C holds the screw driver with the left hand; #C C fixes the screw driver on the screw ; #C C holds the screwdriver with his left hand.; #C C fixes the screw on the machine; #C C fixes the screwdriver on the extruder nozzle with his left hand"
    },
    {
        "Video Name": "1dace116-5838-4b5b-9876-54bbfb6b1e06",
        "Start Frame": 4680,
        "End Frame": 4800,
        "Caption": "#C C holds the screw driver ; #C C removes the screw from the extruder nozzle with his left hand; #C C puts the screw driver in the screw; #C C holds the screwdriver with his left hand.; #C C holds the screw driver with both hands."
    },
    {
        "Video Name": "1dace116-5838-4b5b-9876-54bbfb6b1e06",
        "Start Frame": 4800,
        "End Frame": 4920,
        "Caption": "#C C holds the screw driver with both hands.; #C C fixes the screw on the machine; #C C screws the screw into the cartridge of the mini printer with the allen key in his left hand.; #C C removes the screw driver in the extruder nozzle with his left hand.; #C C removes the screw from the extruder of the 3D printer on the countertop with the plier in his right hand"
    },
    {
        "Video Name": "1dace116-5838-4b5b-9876-54bbfb6b1e06",
        "Start Frame": 4920,
        "End Frame": 5040,
        "Caption": "#C C lifts the screwdriver; #C C removes the screwdriver from the screw on the extruder with his left hand; #C C loosens the screw on the machine ; #C C removes the screwdriver from the 3D printer with his left hand.; #C C tightens screw with pliers"
    },
    {
        "Video Name": "1dace116-5838-4b5b-9876-54bbfb6b1e06",
        "Start Frame": 5040,
        "End Frame": 5160,
        "Caption": "#C C holds pliers; #C C fixes the screw into the printer with the screw driver in his right hand; #C C holds the screw driver; #C C holds the screw with pliers; #C C tightens the bolt with the screw driver "
    },
    {
        "Video Name": "1dace116-5838-4b5b-9876-54bbfb6b1e06",
        "Start Frame": 5160,
        "End Frame": 5280,
        "Caption": "#C C drops the pliers ; #C C drops pliers on the table ; #C C drops pliers; #C C puts pliers on the table; #C C drops the plier on the cabinet with his right hand"
    },
    {
        "Video Name": "1dace116-5838-4b5b-9876-54bbfb6b1e06",
        "Start Frame": 5280,
        "End Frame": 5400,
        "Caption": "#C C holds phone; #C C operates phone; #C C uses phone; #C C holds phone; #C C holds phone"
    }
]