[
    {
        "Video Name": "1e99206e-c4f1-4d0e-8caf-d8795acdbda9",
        "Start Frame": 0,
        "End Frame": 120,
        "Caption": "#C C drops the food processor on the counter top with her left hand.; #C C holds the handle of the food processor with her right hand.; #C C stirs the food in the pot.; #C C stirs the food in the pot with the spoon in her left hand; #C C drops the food processor engine on the counter top."
    },
    {
        "Video Name": "1e99206e-c4f1-4d0e-8caf-d8795acdbda9",
        "Start Frame": 120,
        "End Frame": 240,
        "Caption": "#C C stirs the vegetables in the big glass bowl with the fork.; #C C stirs the mixture of cucumber, shredded carrots, and chopped celery; #C C stirs the salad.; #C C stirs the food.; #C C stirs the vegetable."
    },
    {
        "Video Name": "1e99206e-c4f1-4d0e-8caf-d8795acdbda9",
        "Start Frame": 240,
        "End Frame": 360,
        "Caption": "#C C stirs the vegetables.; #C C stirs the mixture in the bowl with the spoon in her right hand; #C C stirs the salad with the spoon.; #C C stirs the vegetable.; #C C stirs the vegetable."
    },
    {
        "Video Name": "1e99206e-c4f1-4d0e-8caf-d8795acdbda9",
        "Start Frame": 360,
        "End Frame": 480,
        "Caption": "#C C adjusts the camera.; #C C touches her face with her left hand; #C C drops the leaves in the food flask; #C C touches her face.; #C C raises her left hand."
    },
    {
        "Video Name": "1e99206e-c4f1-4d0e-8caf-d8795acdbda9",
        "Start Frame": 480,
        "End Frame": 600,
        "Caption": "#C C mixes the vegetables with her right hand.; #C C mixes the vegetables.; #C C shakes the grater.; #C C stirs the greens in the glass bowl with her right hand; #C C takes the greens."
    },
    {
        "Video Name": "1e99206e-c4f1-4d0e-8caf-d8795acdbda9",
        "Start Frame": 600,
        "End Frame": 720,
        "Caption": "#C C scoops out the vegetable from the pot with her right hand; #C C scoops out the vegetable in the food cup.; #C C presses the greens.; #C C removes the leaves from the colander.; #C C puts the greens in the food cup."
    },
    {
        "Video Name": "1e99206e-c4f1-4d0e-8caf-d8795acdbda9",
        "Start Frame": 720,
        "End Frame": 840,
        "Caption": "#C C removes the leaves from the colander with her right hand; #C C hits the pot with the spoon in her right hand.; #C C puts the greens in the food cup.; #C C puts the greens in the food cup.; #C C puts the greens in the jar."
    },
    {
        "Video Name": "1e99206e-c4f1-4d0e-8caf-d8795acdbda9",
        "Start Frame": 840,
        "End Frame": 960,
        "Caption": "#C C scrapes the food inside the glass bowl with the spoon in her right hand; #C C puts the greens in the food cup.; #C C pours the vegetables in the sieve with her right hand.; #C C puts the leaves in the food cup.; #C C drains the mixture."
    },
    {
        "Video Name": "1e99206e-c4f1-4d0e-8caf-d8795acdbda9",
        "Start Frame": 960,
        "End Frame": 1080,
        "Caption": "#C C scoops out the remaining green peas in the pot.; #C C scoops out the beans from the pot with the spoon in her right hand; #C C pours the beans in the blender jug into the pot with her right hand; #C C cleans the spoon with her left hand.; #C C puts the greens in the pot."
    },
    {
        "Video Name": "1e99206e-c4f1-4d0e-8caf-d8795acdbda9",
        "Start Frame": 1080,
        "End Frame": 1200,
        "Caption": "#C C scoops vegetable from the pot with the spoon in her right hand; #C C wipes the vegetables from the spoon into the pot with her right hand; #C C puts the vegetables in the pot with her right hand.; #C C holds the strainer with her left hand.; #C C puts the leaves in the food cup."
    },
    {
        "Video Name": "1e99206e-c4f1-4d0e-8caf-d8795acdbda9",
        "Start Frame": 1200,
        "End Frame": 1320,
        "Caption": "#C C scoops the mixture; #C C scoops out the cucumber inside the pot with the spoon in her right hand.; #C C scoops the cucumber into the food cup.; #C C scrapes the water off the spoon in her right hand on the edge of the pot; #C C hits the spoon on the pot."
    },
    {
        "Video Name": "1e99206e-c4f1-4d0e-8caf-d8795acdbda9",
        "Start Frame": 1320,
        "End Frame": 1440,
        "Caption": "#C C picks a spoon from the food processor bowl with her right hand.; #C C scoops the vegetable.; #C C puts the greens in the metal basin.; #C C puts the vegetables in the food cup.; #C C scoops water from the pot with the spoon in her right hand"
    },
    {
        "Video Name": "1e99206e-c4f1-4d0e-8caf-d8795acdbda9",
        "Start Frame": 1440,
        "End Frame": 1560,
        "Caption": "#C C scrapes the food into the glass bowl with the spoon.; #C C scoops the pudding in the bowl with the spoon.; #C C puts the spoon in the bowl.; #C C scoops the vegetables with the fork.; #C C stirs the ingredients in the glass bowl with the spoon in her right hand"
    },
    {
        "Video Name": "1e99206e-c4f1-4d0e-8caf-d8795acdbda9",
        "Start Frame": 1560,
        "End Frame": 1680,
        "Caption": "#C C drops the spoon in the pot with her right hand.; #C C removes the hand from the spoon.; #C C drops the spoon in the bowl with her right hand.; #C C picks the spoon from the pot on the kitchen counter with her right hand; #C C puts the spoon in the saucepan."
    },
    {
        "Video Name": "1e99206e-c4f1-4d0e-8caf-d8795acdbda9",
        "Start Frame": 1680,
        "End Frame": 1800,
        "Caption": "#C C puts the tomatoes on the chopping board.; #C C picks the fork from the bowl with her right hand; #C C stirs the food.; #C C puts the hand on the table.; #C C drops the fork in the glass bowl."
    },
    {
        "Video Name": "1e99206e-c4f1-4d0e-8caf-d8795acdbda9",
        "Start Frame": 1800,
        "End Frame": 1920,
        "Caption": "#C C picks the greens.; #C C puts greens in the glass.; #C C puts greens in a glass bowl.; #C C puts the greens in the glass bowl; #C C puts the greens in the glass bowl"
    },
    {
        "Video Name": "1e99206e-c4f1-4d0e-8caf-d8795acdbda9",
        "Start Frame": 1920,
        "End Frame": 2040,
        "Caption": "#C C puts the greens in the glass jar.; #C C puts the celery stalks in the glass bowl on the chopping board; #C C picks up a celery stalk from the chopping board with her right hand; #C C puts the greens in the bowl.; #C C takes some greens from the chopping board."
    },
    {
        "Video Name": "1e99206e-c4f1-4d0e-8caf-d8795acdbda9",
        "Start Frame": 2040,
        "End Frame": 2160,
        "Caption": "#C C gathers the greens on the chopping board with the knife in her right hand and her left hand; #C C chops the broccoli.; #C C picks up a knife.; #C C takes the knife.; #C C wipes the knife."
    },
    {
        "Video Name": "1e99206e-c4f1-4d0e-8caf-d8795acdbda9",
        "Start Frame": 2160,
        "End Frame": 2280,
        "Caption": "#C C gathers the greens.; #C C wipes the knife.; #C C removes the chopped greens from the knife; #C C removes the greens from the knife.; #C C touches the greens."
    },
    {
        "Video Name": "1e99206e-c4f1-4d0e-8caf-d8795acdbda9",
        "Start Frame": 2280,
        "End Frame": 2400,
        "Caption": "#C C puts the pieces of celery into the glass bowl.; #C C puts the knife on the chopping board.; #C C picks the knife.; #C C puts the knife down.; #C C puts the chopped celery into the bowl with her left hand"
    },
    {
        "Video Name": "1e99206e-c4f1-4d0e-8caf-d8795acdbda9",
        "Start Frame": 2400,
        "End Frame": 2520,
        "Caption": "#C C drops the bowl of food on the table.; #C C picks up the bowl of lettuce with her left hand.; #C C picks the bowl from the counter top with her left hand; #C C puts the bowl on the counter top.; #C C places the glass bowl on the table."
    },
    {
        "Video Name": "1e99206e-c4f1-4d0e-8caf-d8795acdbda9",
        "Start Frame": 2520,
        "End Frame": 2640,
        "Caption": "#C C turns off the food processor with her right hand.; #C C turns off the food processor engine with her right hand.; #C C removes the food processor engine on the lid with her right hand.; #C C blends the food in the food processor bowl with the blender motor with both hands; #C C puts on the machine."
    },
    {
        "Video Name": "1e99206e-c4f1-4d0e-8caf-d8795acdbda9",
        "Start Frame": 2640,
        "End Frame": 2760,
        "Caption": "#C C blends the mixture of fruits and nuts in the; #C C blends the food; #C C blends the food ; #C C blends the vegetable with the blender.; #C C turns off the blender."
    },
    {
        "Video Name": "1e99206e-c4f1-4d0e-8caf-d8795acdbda9",
        "Start Frame": 2760,
        "End Frame": 2880,
        "Caption": "#C C operates the blender.; #C C blends the food; #C C blends the ingredients.; #C C blends the blended coriander in her right hand with the food processor engine; #C C blends the fruits."
    },
    {
        "Video Name": "1e99206e-c4f1-4d0e-8caf-d8795acdbda9",
        "Start Frame": 2880,
        "End Frame": 3000,
        "Caption": "#C C pushes the button on the food processor with her right hand.; #C C holds the electric grinder with both hands.; #C C turns on the food processor with her left hand.; #C C blends the food in the food processor with the food processor engine with both hands; #C C holds the blender with both hands."
    },
    {
        "Video Name": "1e99206e-c4f1-4d0e-8caf-d8795acdbda9",
        "Start Frame": 3000,
        "End Frame": 3120,
        "Caption": "#C C places the greens on the lid.; #C C puts the greens in the glass.; #C C places the vegetable in the lid.; #C C peels off a leaf from the food cup; #C C cleans the food cup."
    },
    {
        "Video Name": "1e99206e-c4f1-4d0e-8caf-d8795acdbda9",
        "Start Frame": 3120,
        "End Frame": 3240,
        "Caption": "#C C covers the food cup.; #C C hits the food cup.; #C C opens the jug.; #C C closes the food processor bowl with its cover in her right hand; #C C covers the glass bowl with the lid."
    },
    {
        "Video Name": "1e99206e-c4f1-4d0e-8caf-d8795acdbda9",
        "Start Frame": 3240,
        "End Frame": 3360,
        "Caption": "#C C blends the food ; #C C puts the food processor engine on the food processor bowl; #C C shakes the food processor bowl with both hands.; #C C shakes the food processor engine with both hands.; #C C blends the groundnuts."
    },
    {
        "Video Name": "1e99206e-c4f1-4d0e-8caf-d8795acdbda9",
        "Start Frame": 3360,
        "End Frame": 3480,
        "Caption": "#C C presses the button on the blender.; #C C adjusts the knob of the food processor with her left hand; #C C blends the food; #C C blends the banana.; #C C blends the blended melon"
    },
    {
        "Video Name": "1e99206e-c4f1-4d0e-8caf-d8795acdbda9",
        "Start Frame": 3480,
        "End Frame": 3600,
        "Caption": "#C C blends the vegetable with the blender.; #C C blends the green gram with the blender; #C C blends the food ; #C C blends the vegetables; #C C blends the green grams"
    },
    {
        "Video Name": "1e99206e-c4f1-4d0e-8caf-d8795acdbda9",
        "Start Frame": 3600,
        "End Frame": 3720,
        "Caption": "#C C pushes the blender forward.; #C C removes the food processor engine from the food processor bowl with her right hand; #C C adjusts the knob on the food processor with her right hand.; #C C holds the food processor engine with her left hand.; #C C removes the food processor engine cover with her right hand. "
    },
    {
        "Video Name": "1e99206e-c4f1-4d0e-8caf-d8795acdbda9",
        "Start Frame": 3720,
        "End Frame": 3840,
        "Caption": "#C C scrapes the food processor bowl with the fork in her right hand; #C C scrapes the blender jar.; #C C hits the spoon on the food cup.; #C C removes the food into the food cup.; #C C puts the food in the blender."
    },
    {
        "Video Name": "1e99206e-c4f1-4d0e-8caf-d8795acdbda9",
        "Start Frame": 3840,
        "End Frame": 3960,
        "Caption": "#C C moves the food processor engine with her right hand.; #C C removes the bowl from the machine.; #C C adjusts the knob on the blender with her right hand; #C C holds the food processor engine with her right hand.; #C C holds the food processor engine with both hands."
    },
    {
        "Video Name": "1e99206e-c4f1-4d0e-8caf-d8795acdbda9",
        "Start Frame": 3960,
        "End Frame": 4080,
        "Caption": "#C C blends the green grams; #C C blends the mixture; #C C blends the blended melon; #C C blends the ingredients; #C C blends the mixture of ground nuts and chocolate with the blender"
    },
    {
        "Video Name": "1e99206e-c4f1-4d0e-8caf-d8795acdbda9",
        "Start Frame": 4080,
        "End Frame": 4200,
        "Caption": "#C C turns off the blender with her right hand.; #C C puts the rice cooker on the table.; #C C puts the lid on the food processor with both hands.; #C C drops the food processor engine on the counter top with her right hand; #C C drops the blender cup on the kitchen countertop."
    },
    {
        "Video Name": "1e99206e-c4f1-4d0e-8caf-d8795acdbda9",
        "Start Frame": 4200,
        "End Frame": 4320,
        "Caption": "#C C takes out some leaves from the food processor bowl with her right hand.; #C C holds the vegetables.; #C C touches the lettuce.; #C C holds the vegetable.; #C C presses the vegetable."
    },
    {
        "Video Name": "1e99206e-c4f1-4d0e-8caf-d8795acdbda9",
        "Start Frame": 4320,
        "End Frame": 4440,
        "Caption": "#C C removes her right hand from the food processor.; #C C puts the food cup on the counter top.; #C C touches the food processor bowl with her left hand.; #C C places the food processor engine on the counter top with her right hand; #C C presses the button on the food processor with her left hand."
    },
    {
        "Video Name": "1e99206e-c4f1-4d0e-8caf-d8795acdbda9",
        "Start Frame": 4440,
        "End Frame": 4560,
        "Caption": "#C C removes a stuck root from the meat processor bowl with her left hand; #C C cleans the blade of the food processor with her left hand.; #C C cleans the spoon with her left hand.; #C C puts the tomato paste in the blender jug.; #C C presses the knife in her right hand into the food processor."
    },
    {
        "Video Name": "1e99206e-c4f1-4d0e-8caf-d8795acdbda9",
        "Start Frame": 4560,
        "End Frame": 4680,
        "Caption": "#C C removes the knob on the food processor bowl with her left hand.; #C C removes a stuck rice particle from the blade with her left finger.; #C C removes the vegetable.; #C C rubs the spoon in her right hand on the food processor bowl lid; #C C removes the cover of the food processor bowl with her left hand."
    },
    {
        "Video Name": "1e99206e-c4f1-4d0e-8caf-d8795acdbda9",
        "Start Frame": 4680,
        "End Frame": 4800,
        "Caption": "#C C turns off the tap with her right hand; #C C closes the tap with her right hand.; #C C opens the tap.; #C C opens the tap; #C C opens the tap."
    },
    {
        "Video Name": "1e99206e-c4f1-4d0e-8caf-d8795acdbda9",
        "Start Frame": 4800,
        "End Frame": 4920,
        "Caption": "#C C rinses the spoon with her hands.; #C C rinses the scissors.; #C C rinses the knife.; #C C rinses the blade.; #C C rinses the chopstick under the tap"
    },
    {
        "Video Name": "1e99206e-c4f1-4d0e-8caf-d8795acdbda9",
        "Start Frame": 4920,
        "End Frame": 5040,
        "Caption": "#C C rinses the clip with water from the tap; #C C drops the scissors on the counter.; #C C rinses the knife under the tap.; #C C puts the knife on the kitchen area; #C C puts the rubber on the sink."
    },
    {
        "Video Name": "1e99206e-c4f1-4d0e-8caf-d8795acdbda9",
        "Start Frame": 5040,
        "End Frame": 5160,
        "Caption": "#C C adjusts the vegetable in the colander with her left hand; #C C touches the vegetables.; #C C takes some greens from the blender.; #C C puts the greens in the bowl.; #C C picks up a vegetable."
    },
    {
        "Video Name": "1e99206e-c4f1-4d0e-8caf-d8795acdbda9",
        "Start Frame": 5160,
        "End Frame": 5280,
        "Caption": "#C C holds the knife with her right hand.; #C C picks the knife on the chopping board with her right hand; #C C picks the knife.; #C C chops the celery stalk.; #C C scoops the vegetable from the chopping board with the knife"
    },
    {
        "Video Name": "1e99206e-c4f1-4d0e-8caf-d8795acdbda9",
        "Start Frame": 5280,
        "End Frame": 5400,
        "Caption": "#C C cuts the ginger in her left hand on the chopping board with the knife in her right hand; #C C chops the celery stalk on the chopping board with the knife in her right hand.; #C C chops the celery with the knife in her right hand.; #C C cuts the garlic.; #C C cuts the celery stalks in her left hand with the knife in her right hand."
    }
]