[
    {
        "Video Name": "1efd3bbf-4096-4317-913c-7d89778badf1",
        "Start Frame": 0,
        "End Frame": 120,
        "Caption": "#C C paints on the canvas pad on the table with the paint brush in her right hand; #C C paints on the canvas pad on the table with the paint brush in her right hand; #C C paints on the canvas pad on the table with the paint brush in her right hand; #C C paints on the canvas pad on the table with the paint brush in her right hand; #C C paints on the canvas pad on the table with the paint brush in her right hand"
    },
    {
        "Video Name": "1efd3bbf-4096-4317-913c-7d89778badf1",
        "Start Frame": 120,
        "End Frame": 240,
        "Caption": "#C C paints on the canvas pad on the table with the paint brush in her right hand; #C C Paints the drawing; #C C Paints the drawing; #C C Paints the drawing; #C C paints on the canvas pad on the table with the paint brush in her right hand"
    },
    {
        "Video Name": "1efd3bbf-4096-4317-913c-7d89778badf1",
        "Start Frame": 240,
        "End Frame": 360,
        "Caption": "#C C looks at the painted square; #C C paints on the canvas pad on the table with the paint brush in her right hand; #C C looks at the painting; #C C Looks at the drawing; #C C Holds the paintbrush"
    },
    {
        "Video Name": "1efd3bbf-4096-4317-913c-7d89778badf1",
        "Start Frame": 360,
        "End Frame": 480,
        "Caption": "#C C paints on the canvas pad on the table with the paint brush in her right hand; #C C paints on the canvas pad on the table with the paint brush in her right hand; #C C paints on the canvas pad on the table with the paint brush in her right hand; #C C paints on the canvas pad on the table with the paint brush in her right hand; #C C Paints the drawing"
    },
    {
        "Video Name": "1efd3bbf-4096-4317-913c-7d89778badf1",
        "Start Frame": 480,
        "End Frame": 600,
        "Caption": "#C C places her right arm on the table.; #C C Holds the paintbrush; #C C Paints the drawing; #C C Holds the paint brush; #C C paints on the canvas pad on the table with the paint brush in her right hand"
    },
    {
        "Video Name": "1efd3bbf-4096-4317-913c-7d89778badf1",
        "Start Frame": 600,
        "End Frame": 720,
        "Caption": "#C C Holds the paintbrush; #C C Looks at the drawing; #C C Holds the paint brush; #C C places her right arm on the table; #C C rests her right arm on the table"
    },
    {
        "Video Name": "1efd3bbf-4096-4317-913c-7d89778badf1",
        "Start Frame": 720,
        "End Frame": 840,
        "Caption": "#C C dips the paint brush into the color palette on the table with her right hand; #C C dips the paint brush into the color palette on the table with her right hand; #C C dips the paint brush in her right hand into the color palette on the table; #C C Applies the paint on the paint brush; #C C dips the paint brush into the color palette on the table with her right hand"
    },
    {
        "Video Name": "1efd3bbf-4096-4317-913c-7d89778badf1",
        "Start Frame": 840,
        "End Frame": 960,
        "Caption": "#C C Applies the paint on the paintbrush; #C C paints on the canvas pad on the table with the paint brush in her right hand; #C C rests her left elbow on the dining table.; #C C paints the canvas pad on the table with the paint brush in her right hand.; #C C Applies the paint on the paint brush"
    },
    {
        "Video Name": "1efd3bbf-4096-4317-913c-7d89778badf1",
        "Start Frame": 960,
        "End Frame": 1080,
        "Caption": "#C C places her left arm on the dining table.; #C C Holds the paintbrush; #C C Puts the hand on the table; #C C places her right hand on the table.; #C C adjusts the canvas pad on the table with her left hand"
    },
    {
        "Video Name": "1efd3bbf-4096-4317-913c-7d89778badf1",
        "Start Frame": 1080,
        "End Frame": 1200,
        "Caption": "#C C paints on the canvas pad on the table with the paint brush in her right hand; #C C paints on the canvas pad on the table with the paint brush in her right hand; #C C paints on the canvas pad on the table with the paint brush in her right hand; #C C Holds the paintbrush; #C C paints on the canvas pad on the table with the paint brush in her right hand"
    },
    {
        "Video Name": "1efd3bbf-4096-4317-913c-7d89778badf1",
        "Start Frame": 1200,
        "End Frame": 1320,
        "Caption": "#C C paints on the canvas pad on the table with the paint brush in her right hand; #C C paints on the canvas pad on the table with the paint brush in her right hand; #C C paints on the canvas pad on the table with the paint brush in her right hand; #C C paints on the canvas pad on the table with the paint brush in her right hand; #C C paints on the canvas pad on the table with the paint brush in her right hand"
    },
    {
        "Video Name": "1efd3bbf-4096-4317-913c-7d89778badf1",
        "Start Frame": 1320,
        "End Frame": 1440,
        "Caption": "#C C paints on the canvas pad on the table with the paint brush in her right hand; #C C paints on the canvas pad on the table with the paint brush in her right hand; #C C paints on the canvas pad on the table with the paint brush in her right hand; #C C paints on the canvas pad on the table with the paint brush in her right hand; #C C paints on the canvas pad on the table with the paint brush in her right hand"
    },
    {
        "Video Name": "1efd3bbf-4096-4317-913c-7d89778badf1",
        "Start Frame": 1440,
        "End Frame": 1560,
        "Caption": "#O Man X holds a table with his left hand.; #O The man X picks the paint brush from the table with his right hand; #O The man X picks a paint brush from the table with his right hand; #O The man X places his right hand on the table.; #O The man X picks a napkin from the floor with his left hand"
    },
    {
        "Video Name": "1efd3bbf-4096-4317-913c-7d89778badf1",
        "Start Frame": 1560,
        "End Frame": 1680,
        "Caption": "#C C dips the paint brush into the cup of water on the table with her right hand.; #C C rinses the paint brush in the bowl of water on the table with her right hand; #C C dips the paint brush into the cup of water on the dining table with her right hand.; #C C rinses the paint brush in her right hand in the bowl of water on the table; #C C dips the paint brush in her right hand into the cup of water on the dining table."
    },
    {
        "Video Name": "1efd3bbf-4096-4317-913c-7d89778badf1",
        "Start Frame": 1680,
        "End Frame": 1800,
        "Caption": "#C C rests her right arm on the dining table.; #C C Applies the paint on the paintbrush; #C C Holds the paint brush; #C C rubs the paint brush on a paint set on the dining table with her right hand; #C C paints on the table with the paint brush in her right hand."
    },
    {
        "Video Name": "1efd3bbf-4096-4317-913c-7d89778badf1",
        "Start Frame": 1800,
        "End Frame": 1920,
        "Caption": "#C C Holds the paintbrush; #C C looks at the painting; #C C Looks at the drawing; #C C rests her right arm on the dining table; #C C Holds the paintbrush"
    },
    {
        "Video Name": "1efd3bbf-4096-4317-913c-7d89778badf1",
        "Start Frame": 1920,
        "End Frame": 2040,
        "Caption": "#C C Looks at the drawing; #C C Holds the paint brush; #C C places her right arm on the table.; #C C paints on the canvas pad on the table with the paint brush in her right hand; #C C Holds the paintbrush"
    },
    {
        "Video Name": "1efd3bbf-4096-4317-913c-7d89778badf1",
        "Start Frame": 2040,
        "End Frame": 2160,
        "Caption": "#C C paints on the canvas pad on the table with the paint brush in her right hand; #C C paints on the canvas pad on the table with the paint brush in her right hand; #C C paints on the canvas pad on the table with the paint brush in her right hand; #C C paints on the canvas pad on the table with the paint brush in her right hand; #C C paints on the canvas pad on the table with the paint brush in her right hand"
    },
    {
        "Video Name": "1efd3bbf-4096-4317-913c-7d89778badf1",
        "Start Frame": 2160,
        "End Frame": 2280,
        "Caption": "#C C rubs the paint brush on a paint set on the dining table with her right hand; #C C dips the paint brush into the color palette on the table with her right hand.; #C C dips the paint brush into the color palette on the table with her right hand.; #C C dips the paint brush into the color palette on the table with her right hand.; #C C Applies the paint on the paintbrush"
    },
    {
        "Video Name": "1efd3bbf-4096-4317-913c-7d89778badf1",
        "Start Frame": 2280,
        "End Frame": 2400,
        "Caption": "#C C paints on the canvas pad on the table with the paint brush in her right hand; #C C paints on the canvas pad on the table with the paint brush in her right hand; #C C paints on the canvas pad on the table with the paint brush in her right hand; #C C paints on the canvas pad on the table with the paint brush in her right hand; #C C paints on the canvas pad on the table with the paint brush in her right hand"
    },
    {
        "Video Name": "1efd3bbf-4096-4317-913c-7d89778badf1",
        "Start Frame": 2400,
        "End Frame": 2520,
        "Caption": "#C C places her right arm on the dining table.; #C C places her right arm on the dining table.; #C C rests her right arm on the dining table.; #C C paints on the canvas pad on the table with the paint brush in her right hand; #C C paints on the canvas pad on the table with the paint brush in her right hand"
    },
    {
        "Video Name": "1efd3bbf-4096-4317-913c-7d89778badf1",
        "Start Frame": 2520,
        "End Frame": 2640,
        "Caption": "#C C Moves the drawing; #C C moves the canvas pad on the table with her left hand; #C C moves the canvas pad on the table with both hands.; #C C adjusts the canvas pad on the table with both hands.; #C C moves the canvas pad on the table with both hands."
    },
    {
        "Video Name": "1efd3bbf-4096-4317-913c-7d89778badf1",
        "Start Frame": 2640,
        "End Frame": 2760,
        "Caption": "#C C Holds the paintbrush; #C C adjusts the canvas pad on the table with both hands; #C C adjusts the canvas pad on the table with both hands; #C C Holds the paintbrush; #C C Holds the drawing"
    },
    {
        "Video Name": "1efd3bbf-4096-4317-913c-7d89778badf1",
        "Start Frame": 2760,
        "End Frame": 2880,
        "Caption": "#C C rinses the paint brush in the bowl of water on the table with her right hand; #C C rinses the paint brush in the bowl of water on the table with her right hand; #C C rinses the paint brush in her right hand in the bowl of water on the table; #C C Dips the paintbrush in the glass; #C C rubs the side of the cup with her left hand."
    },
    {
        "Video Name": "1efd3bbf-4096-4317-913c-7d89778badf1",
        "Start Frame": 2880,
        "End Frame": 3000,
        "Caption": "#C C dips the paint brush in her right hand into the color palette on the table.; #C C Applies the paint on the paintbrush; #C C rubs the paint brush into the color palette on the table with her right hand.; #C C rubs the bristles of the paint brush in her right hand on the paint set on the dining table; #C C Applies the paint on the paintbrush"
    },
    {
        "Video Name": "1efd3bbf-4096-4317-913c-7d89778badf1",
        "Start Frame": 3000,
        "End Frame": 3120,
        "Caption": "#C C rubs the paint brush into the paint set on the dining table with her right hand.; #C C dips the paint brush in her right hand into the color palette on the table.; #C C dips the paint brush into the color palette on the table with her right hand.; #C C rubs the bristles of the paint brush in her right hand on the side of the paint set on the dining table; #C C Applies the paint on the paintbrush"
    },
    {
        "Video Name": "1efd3bbf-4096-4317-913c-7d89778badf1",
        "Start Frame": 3120,
        "End Frame": 3240,
        "Caption": "#C C paints on the canvas pad on the table with the paint brush in her right hand; #C C paints on the canvas pad on the table with the paint brush in her right hand; #C C paints on the canvas pad on the table with the paint brush in her right hand; #C C paints on the canvas pad on the table with the paint brush in her right hand; #C C Paints the drawing"
    },
    {
        "Video Name": "1efd3bbf-4096-4317-913c-7d89778badf1",
        "Start Frame": 3240,
        "End Frame": 3360,
        "Caption": "#C C paints on the canvas pad on the table with the paint brush in her right hand; #C C paints on the canvas pad on the table with the paint brush in her right hand; #C C paints on the canvas pad on the table with the paint brush in her right hand; #C C paints on the canvas pad on the table with the paint brush in her right hand; #C C paints on the canvas pad on the table with the paint brush in her right hand"
    },
    {
        "Video Name": "1efd3bbf-4096-4317-913c-7d89778badf1",
        "Start Frame": 3360,
        "End Frame": 3480,
        "Caption": "#C C paints on the canvas pad on the table with the paint brush in her right hand; #C C paints on the canvas pad on the table with the paint brush in her right hand; #C C paints on the canvas pad on the table with the paint brush in her right hand; #C C paints on the canvas pad on the table with the paint brush in her right hand; #C C paints on the canvas pad on the table with the paint brush in her right hand"
    },
    {
        "Video Name": "1efd3bbf-4096-4317-913c-7d89778badf1",
        "Start Frame": 3480,
        "End Frame": 3600,
        "Caption": "#C C Holds the paintbrush; #C C rests her right hand on the dining table.; #C C adjusts the canvas pad on the table with both hands; #C C Applies the paint on the paintbrush; #C C rests her right arm on the dining table."
    },
    {
        "Video Name": "1efd3bbf-4096-4317-913c-7d89778badf1",
        "Start Frame": 3600,
        "End Frame": 3720,
        "Caption": "#C C rests her left arm on the dining table; #C C Holds the paintbrush; #C C Holds the paintbrush; #C C Holds the paintbrush; #C C Holds the paintbrush"
    },
    {
        "Video Name": "1efd3bbf-4096-4317-913c-7d89778badf1",
        "Start Frame": 3720,
        "End Frame": 3840,
        "Caption": "#C C paints on the canvas pad on the table with the paint brush in her right hand; #C C paints on the canvas pad on the table with the paint brush in her right hand; #C C paints on the canvas pad on the table with the paint brush in her right hand; #C C paints on the canvas pad on the table with the paint brush in her right hand; #C C paints on the canvas pad on the table with the paint brush in her right hand"
    },
    {
        "Video Name": "1efd3bbf-4096-4317-913c-7d89778badf1",
        "Start Frame": 3840,
        "End Frame": 3960,
        "Caption": "#C C paints on the canvas pad on the table with the paint brush in her right hand; #C C paints on the canvas pad on the table with the paint brush in her right hand; #C C paints on the canvas pad on the table with the paint brush in her right hand; #C C paints on the canvas pad on the table with the paint brush in her right hand; #C C paints on the canvas pad on the table with the paint brush in her right hand"
    },
    {
        "Video Name": "1efd3bbf-4096-4317-913c-7d89778badf1",
        "Start Frame": 3960,
        "End Frame": 4080,
        "Caption": "#C C Holds the paintbrush; #C C rests her right hand on the table; #C C Holds the paintbrush; #C C Puts the hand on the table; #C C places her left arm on the table"
    },
    {
        "Video Name": "1efd3bbf-4096-4317-913c-7d89778badf1",
        "Start Frame": 4080,
        "End Frame": 4200,
        "Caption": "#C C Holds the paintbrush; #C C rests her right hand on the dining table; #C C Holds the paintbrush; #C C looks at the drawing; #C C Looks at the drawing"
    },
    {
        "Video Name": "1efd3bbf-4096-4317-913c-7d89778badf1",
        "Start Frame": 4200,
        "End Frame": 4320,
        "Caption": "#C C Applies the paint on the paint brush; #C C dips the paint brush into the color palette on the table with her right hand; #C C Applies the paint on the paintbrush; #C C Applies the paint on the paintbrush; #C C dips the paint brush in her right hand into the color palette on the table"
    },
    {
        "Video Name": "1efd3bbf-4096-4317-913c-7d89778badf1",
        "Start Frame": 4320,
        "End Frame": 4440,
        "Caption": "#C C paints on the canvas pad on the table with the paint brush in her right hand; #C C paints on the canvas pad on the table with the paint brush in her right hand; #C C paints on the canvas pad on the table with the paint brush in her right hand; #C C paints on the canvas pad on the table with the paint brush in her right hand; #C C paints on the canvas pad on the table with the paint brush in her right hand"
    },
    {
        "Video Name": "1efd3bbf-4096-4317-913c-7d89778badf1",
        "Start Frame": 4440,
        "End Frame": 4560,
        "Caption": "#C C Paints the drawing; #C C paints on the canvas pad on the table with the paint brush in her right hand; #C C paints on the canvas pad on the table with the paint brush in her right hand; #C C Paints the drawing; #C C paints on the canvas pad on the table with the paint brush in her right hand"
    },
    {
        "Video Name": "1efd3bbf-4096-4317-913c-7d89778badf1",
        "Start Frame": 4560,
        "End Frame": 4680,
        "Caption": "#C C Paints the drawing; #C C paints on the canvas pad on the table with the paint brush in her right hand; #C C paints on the canvas pad on the table with the paint brush in her right hand; #C C paints on the canvas pad on the table with the paint brush in her right hand; #C C paints on the canvas pad on the table with the paint brush in her right hand"
    },
    {
        "Video Name": "1efd3bbf-4096-4317-913c-7d89778badf1",
        "Start Frame": 4680,
        "End Frame": 4800,
        "Caption": "#C C adjusts the canvas pad on the table with both hands; #C C adjusts the canvas pad on the table with both hands; #C C Holds the drawing; #C C Moves the drawing; #C C Holds the paintbrush"
    },
    {
        "Video Name": "1efd3bbf-4096-4317-913c-7d89778badf1",
        "Start Frame": 4800,
        "End Frame": 4920,
        "Caption": "#C C Holds the paint; #C C Holds the paint; #C C Holds the paint; #C C Holds the paint; #C C Holds the paint"
    },
    {
        "Video Name": "1efd3bbf-4096-4317-913c-7d89778badf1",
        "Start Frame": 4920,
        "End Frame": 5040,
        "Caption": "#C C Looks at the drawing; #C C Holds the paint; #C C Holds the paint; #C C Holds the paint; #C C Holds the paint"
    },
    {
        "Video Name": "1efd3bbf-4096-4317-913c-7d89778badf1",
        "Start Frame": 5040,
        "End Frame": 5160,
        "Caption": "#C C Holds the paintbrush; #C C cleans the paint brush in her right hand with her left hand; #C C rubs her left arm with her right hand.; #C C Holds the paintbrush; #C C rubs the paint brush with his left hand."
    },
    {
        "Video Name": "1efd3bbf-4096-4317-913c-7d89778badf1",
        "Start Frame": 5160,
        "End Frame": 5280,
        "Caption": "#C C dips the paint brush into the color palette on the table with her right hand; #C C dips the paint brush in her right hand into the color palette on the table; #C C Applies the paint on the paintbrush; #C C Applies the paint on the paintbrush; #C C Applies the paint on the paintbrush"
    },
    {
        "Video Name": "1efd3bbf-4096-4317-913c-7d89778badf1",
        "Start Frame": 5280,
        "End Frame": 5400,
        "Caption": "#C C places her left arm on the table; #C C removes her left hand from the table; #C C Holds the paintbrush; #C C Holds the paintbrush; #C C Holds the paintbrush"
    }
]