[
    {
        "Video Name": "21195533-2e83-48ce-ab48-a754c4fd61fc",
        "Start Frame": 0,
        "End Frame": 120,
        "Caption": "#C C drops the stick; #C C throws stick on the ground ; #C C drops stick on ground ; #C C puts piece of wood on the ground; #C C drops the twig on the ground with his left hand"
    },
    {
        "Video Name": "21195533-2e83-48ce-ab48-a754c4fd61fc",
        "Start Frame": 120,
        "End Frame": 240,
        "Caption": "#C C puts stick on fence; #C C puts stick on ground; #C C puts a dry branch on the; #C C puts stick on fence; #C C puts stick on fence"
    },
    {
        "Video Name": "21195533-2e83-48ce-ab48-a754c4fd61fc",
        "Start Frame": 240,
        "End Frame": 360,
        "Caption": "#C C puts stick on ground; #C C drops stick on ground; #C C walks around; #C C drops stick on ground; #C C drops stick on ground"
    },
    {
        "Video Name": "21195533-2e83-48ce-ab48-a754c4fd61fc",
        "Start Frame": 360,
        "End Frame": 480,
        "Caption": "#C C holds stick on fence ; #C C pulls stick on fence ; #C C holds stick on fence ; #C C touches stick; #C C cuts stick with a she"
    },
    {
        "Video Name": "21195533-2e83-48ce-ab48-a754c4fd61fc",
        "Start Frame": 480,
        "End Frame": 600,
        "Caption": "#C C pulls sticks on fence ; #C C pulls stick with both hands ; #C C drops sticks on ground ; #C C passes the twigs from his left hand to his right hand; #C C picks sticks "
    },
    {
        "Video Name": "21195533-2e83-48ce-ab48-a754c4fd61fc",
        "Start Frame": 600,
        "End Frame": 720,
        "Caption": "#C C pulls stick with the left; #C C pulls stick on fence ; #C C pulls stick with left hand; #C C pulls sticks on fence ; #C C pulls stick on fence "
    },
    {
        "Video Name": "21195533-2e83-48ce-ab48-a754c4fd61fc",
        "Start Frame": 720,
        "End Frame": 840,
        "Caption": "#C C drops stick on ground ; #C C drops stick on ground ; #C C puts a dry branch on the ground; #C C drops the branch on the ground with his left hand; #C C drops the branch on the ground with his left hand"
    },
    {
        "Video Name": "21195533-2e83-48ce-ab48-a754c4fd61fc",
        "Start Frame": 840,
        "End Frame": 960,
        "Caption": "#C C drops stick on ground; #C C pulls stick ; #C C drops sticks on fence; #C C pulls stick from pole; #C C pulls stick"
    },
    {
        "Video Name": "21195533-2e83-48ce-ab48-a754c4fd61fc",
        "Start Frame": 960,
        "End Frame": 1080,
        "Caption": "#C C pulls a branch from the wire with his left hand.; #C C removes pieces of wood from the fence with his left hand.; #C C pulls a branch from the welded fence with his left hand to the floor; #C C pulls stick ; #C C removes piece of wood from the fence"
    },
    {
        "Video Name": "21195533-2e83-48ce-ab48-a754c4fd61fc",
        "Start Frame": 1080,
        "End Frame": 1200,
        "Caption": "#C C removes the twigs from the barb wire with his left hand.; #C C drags some dried sticks from the barbed wire fence with both hands; #C C pulls a branch from the wire with his left hand.; #C C drags the twig from the barbed wire with both hands.; #C C pulls a branch from the wired fence with his left hand."
    },
    {
        "Video Name": "21195533-2e83-48ce-ab48-a754c4fd61fc",
        "Start Frame": 1200,
        "End Frame": 1320,
        "Caption": "#C C puts stick on ground; #C C drops stick on ground ; #C C drops stick on ground ; #C C drops the twig in his left hand on the ground; #C C drops stick on ground "
    },
    {
        "Video Name": "21195533-2e83-48ce-ab48-a754c4fd61fc",
        "Start Frame": 1320,
        "End Frame": 1440,
        "Caption": "#C C puts stick on ground; #C C puts stick on ground; #C C drops stick on ground; #C C drops stick on ground; #C C drops the sticks "
    },
    {
        "Video Name": "21195533-2e83-48ce-ab48-a754c4fd61fc",
        "Start Frame": 1440,
        "End Frame": 1560,
        "Caption": "#C C pulls stick with both hands; #C C pulls stick with hand; #C C pulls sticks on fence ; #C C cuts stick with pliers; #C C cuts stick with pliers"
    },
    {
        "Video Name": "21195533-2e83-48ce-ab48-a754c4fd61fc",
        "Start Frame": 1560,
        "End Frame": 1680,
        "Caption": "#C C drops stick on ground ; #C C drops the branch on the ground with both hands.; #C C drops the stick on the floor with his left hand; #C C drops stick on ground ; #C C drops the stick in his left hand on the floor"
    },
    {
        "Video Name": "21195533-2e83-48ce-ab48-a754c4fd61fc",
        "Start Frame": 1680,
        "End Frame": 1800,
        "Caption": "#C C picks stick with both hands; #C C holds stick on fence ; #C C pulls a stick from the barbed wire with both hands; #C C pulls stick on fence ; #C C removes stick on fence "
    },
    {
        "Video Name": "21195533-2e83-48ce-ab48-a754c4fd61fc",
        "Start Frame": 1800,
        "End Frame": 1920,
        "Caption": "#C C drops the stick in his hands on the floor.; #C C drops the twig on the ground with his right hand; #C C drops the branch on the ground with his right hand.; #C C drops the twig on the floor with his hands.; #C C holds the stick on the barb wire with his left hand"
    },
    {
        "Video Name": "21195533-2e83-48ce-ab48-a754c4fd61fc",
        "Start Frame": 1920,
        "End Frame": 2040,
        "Caption": "#C C pulls stick on fence ; #C C pulls the branch from the wire with both hands.; #C C pulls a branch from the barbed wire with his hands; #C C pulls sticks from fence ; #C C removes twigs from the fence"
    },
    {
        "Video Name": "21195533-2e83-48ce-ab48-a754c4fd61fc",
        "Start Frame": 2040,
        "End Frame": 2160,
        "Caption": "#C C pulls stick with both hands ; #C C holds stick with both hands ; #C C holds the twig with both hands; #C C holds a branch with both hands ; #C C removes twigs from the fence"
    },
    {
        "Video Name": "21195533-2e83-48ce-ab48-a754c4fd61fc",
        "Start Frame": 2160,
        "End Frame": 2280,
        "Caption": "#C C drops stick on ground ; #C C removes sticks from fence ; #C C picks stick on fence ; #C C removes a stick from the fence with his left hand; #C C pulls stick "
    },
    {
        "Video Name": "21195533-2e83-48ce-ab48-a754c4fd61fc",
        "Start Frame": 2280,
        "End Frame": 2400,
        "Caption": "#C C removes twigs from the barbed wire fence with both hands; #C C pulls stick on fence ; #C C drops stick on ground ; #C C drops sticks on ground ; #C C removes twigs from the barb wire with both hands."
    },
    {
        "Video Name": "21195533-2e83-48ce-ab48-a754c4fd61fc",
        "Start Frame": 2400,
        "End Frame": 2520,
        "Caption": "#C C picks stick with pliers; #C C holds stick with both hands; #C C touches a branch on the fence; #C C holds a stick; #C C pulls a stick from the barbed wire with his right hand"
    },
    {
        "Video Name": "21195533-2e83-48ce-ab48-a754c4fd61fc",
        "Start Frame": 2520,
        "End Frame": 2640,
        "Caption": "#C C drops the stick; #C C puts a dry stem on the ground; #C C drops the twig on the ground with his left hand; #C C drops the stick; #C C drops the stick on the ground with his left hand."
    },
    {
        "Video Name": "21195533-2e83-48ce-ab48-a754c4fd61fc",
        "Start Frame": 2640,
        "End Frame": 2760,
        "Caption": "#C C pulls twigs with his left hand.; #C C pulls stick with plier; #C C removes twigs from the barbed fence with his left hand.; #C C picks stick; #C C picks a twig on the barbed fence with his left hand"
    },
    {
        "Video Name": "21195533-2e83-48ce-ab48-a754c4fd61fc",
        "Start Frame": 2760,
        "End Frame": 2880,
        "Caption": "#C C cuts a branch from the ground with the pruner in his right hand.; #C C cuts the twig with the plier in his right hand.; #C C cuts a twig in his left hand with the pruner in his right hand; #C C cuts the twig with the plier in his right hand.; #C C cuts the twig with the plier in his right hand."
    },
    {
        "Video Name": "21195533-2e83-48ce-ab48-a754c4fd61fc",
        "Start Frame": 2880,
        "End Frame": 3000,
        "Caption": "#C C pulls a branch from the pole with his left hand.; #C C removes twigs from the fence; #C C removes branches from the welded fence with his hands to the floor; #C C pulls stick on fence ; #C C removes sticks from fence "
    },
    {
        "Video Name": "21195533-2e83-48ce-ab48-a754c4fd61fc",
        "Start Frame": 3000,
        "End Frame": 3120,
        "Caption": "#C C pulls stick; #C C pulls the twigs from the barb wire with both hands.; #C C pulls stick on fence ; #C C cuts the twig with the plier in his right hand; #C C holds a branch with his left hand."
    },
    {
        "Video Name": "21195533-2e83-48ce-ab48-a754c4fd61fc",
        "Start Frame": 3120,
        "End Frame": 3240,
        "Caption": "#C C cuts branch with shears; #C C pulls wood with the left hand ; #C C holds stick with both hands ; #C C drops the twig on the ground with his left hand; #C C drops the branch on the ground with his left hand."
    },
    {
        "Video Name": "21195533-2e83-48ce-ab48-a754c4fd61fc",
        "Start Frame": 3240,
        "End Frame": 3360,
        "Caption": "#C C cuts a twig with the pair of pliers in his right hand; #C C cuts the branch with the side cutter in his right hand.; #C C drops the stick on the ground with his left hand.; #C C cuts the stick ; #C C cuts branch with shears"
    },
    {
        "Video Name": "21195533-2e83-48ce-ab48-a754c4fd61fc",
        "Start Frame": 3360,
        "End Frame": 3480,
        "Caption": "#C C picks sticks ; #C C pulls stick on fence; #C C pulls stick from fence; #C C picks sticks ; #C C pulls stick on fence"
    },
    {
        "Video Name": "21195533-2e83-48ce-ab48-a754c4fd61fc",
        "Start Frame": 3480,
        "End Frame": 3600,
        "Caption": "#C C puts stick down; #C C drops the stick on the ground with both hands.; #C C drops the twig on the ground with both hands; #C C pulls the stick from the barb wire with both hands; #C C drops stick on ground "
    },
    {
        "Video Name": "21195533-2e83-48ce-ab48-a754c4fd61fc",
        "Start Frame": 3600,
        "End Frame": 3720,
        "Caption": "#C C pulls branch from the; #C C pulls stick on fence; #C C pulls stick on fence; #C C drops stick on ground; #C C moves the stick"
    },
    {
        "Video Name": "21195533-2e83-48ce-ab48-a754c4fd61fc",
        "Start Frame": 3720,
        "End Frame": 3840,
        "Caption": "#C C drops the sticks; #C C pulls a stick away from the fence with his left hand; #C C puts piece of wood on the ground; #C C drops the dry stem in his left hand on the ground; #C C removes a dried stick from the wire fence with his hands"
    },
    {
        "Video Name": "21195533-2e83-48ce-ab48-a754c4fd61fc",
        "Start Frame": 3840,
        "End Frame": 3960,
        "Caption": "#C C pulls the stick from the barbed wire fence with both hands.; #C C holds a twig; #C C pulls the twig from the barbed wire with his left hand.; #C C cuts a branch in his left hand with a pruner in his right hand; #C C cuts the twig with the plier in his right hand."
    },
    {
        "Video Name": "21195533-2e83-48ce-ab48-a754c4fd61fc",
        "Start Frame": 3960,
        "End Frame": 4080,
        "Caption": "#C C pulls the stick from the barbed wire with his left hand; #C C pulls wood with the left hand ; #C C pulls the twig from the wire with his right hand.; #C C drops the twigs on the ground with both hands.; #C C holds sticks with both hands "
    },
    {
        "Video Name": "21195533-2e83-48ce-ab48-a754c4fd61fc",
        "Start Frame": 4080,
        "End Frame": 4200,
        "Caption": "#C C drops sticks on ground; #C C drops the sticks; #C C drops the sticks; #C C drops the stick; #C C drops the sticks"
    },
    {
        "Video Name": "21195533-2e83-48ce-ab48-a754c4fd61fc",
        "Start Frame": 4200,
        "End Frame": 4320,
        "Caption": "#C C pulls branch from the fence; #C C holds stick on fence ; #C C pulls stick on fence ; #C C pulls stick on fence ; #C C holds the stick with both hands"
    },
    {
        "Video Name": "21195533-2e83-48ce-ab48-a754c4fd61fc",
        "Start Frame": 4320,
        "End Frame": 4440,
        "Caption": "#C C puts stick on the ground; #C C picks stick; #C C drops stick on ground ; #C C drops twig on the; #C C puts stick down "
    },
    {
        "Video Name": "21195533-2e83-48ce-ab48-a754c4fd61fc",
        "Start Frame": 4440,
        "End Frame": 4560,
        "Caption": "#C C pulls stick from fence; #C C holds stick on fence; #C C throws stick on ground; #C C pulls stick on fence; #C C pulls stick on fence"
    },
    {
        "Video Name": "21195533-2e83-48ce-ab48-a754c4fd61fc",
        "Start Frame": 4560,
        "End Frame": 4680,
        "Caption": "#C C pulls stick on fence ; #C C picks stick on fence; #C C drops stick on ground ; #C C picks stick ; #C C pulls stick with the left hand"
    },
    {
        "Video Name": "21195533-2e83-48ce-ab48-a754c4fd61fc",
        "Start Frame": 4680,
        "End Frame": 4800,
        "Caption": "#C C puts down the stick; #C C drops the twig on the ground with his left hand; #C C drops the twig on the ground with his left hand; #C C drops the stick on the floor with his left hand.; #C C drops the twig on the ground with his left hand"
    },
    {
        "Video Name": "21195533-2e83-48ce-ab48-a754c4fd61fc",
        "Start Frame": 4800,
        "End Frame": 4920,
        "Caption": "#C C throws stick on the ground ; #C C puts a stick on the ground ; #C C drops the stick on the floor with both hands.; #C C drops the stick on the ground with his left hand; #C C throws sticks on ground "
    },
    {
        "Video Name": "21195533-2e83-48ce-ab48-a754c4fd61fc",
        "Start Frame": 4920,
        "End Frame": 5040,
        "Caption": "#C C cuts the twig with the pliers in his right hand; #C C drops the twig on the ground with his left hand.; #C C drops the twig on the ground with his left hand.; #C C picks sticks ; #C C drops the twig in his left hand on the ground."
    },
    {
        "Video Name": "21195533-2e83-48ce-ab48-a754c4fd61fc",
        "Start Frame": 5040,
        "End Frame": 5160,
        "Caption": "#C C cuts the twig with the plier in his right hand.; #C C cuts the twig with the pair of pliers in his right hand; #C C cuts the stick ; #C C cuts the stick with the secateurs in his right hand.; #C C cuts the twig with the plier in his right hand."
    },
    {
        "Video Name": "21195533-2e83-48ce-ab48-a754c4fd61fc",
        "Start Frame": 5160,
        "End Frame": 5280,
        "Caption": "#C C holds a twig; #C C picks sticks ; #C C holds a twig with his left hand; #C C holds a branch on the fence; #C C picks a stick"
    },
    {
        "Video Name": "21195533-2e83-48ce-ab48-a754c4fd61fc",
        "Start Frame": 5280,
        "End Frame": 5400,
        "Caption": "#C C drops the twig on the floor with his left hand; #C C drops the stick; #C C drops the twig on the ground with his left hand; #C C drops the stick on the floor with his left hand.; #C C drops the twig on the ground with both hands."
    }
]