[
    {
        "Video Name": "2297b62e-33bc-4910-8d80-e304526b537d",
        "Start Frame": 0,
        "End Frame": 120,
        "Caption": "#C C turns the dress; #C C straightens the; #C C folds the dress; #C C turns the dress; #C C straightens the"
    },
    {
        "Video Name": "2297b62e-33bc-4910-8d80-e304526b537d",
        "Start Frame": 120,
        "End Frame": 240,
        "Caption": "#C C adjusts the dress on the ironing board with both hands.; #C C straightens the dress on the ironing board with both hands; #C C straightens the dress; #C C straightens the dress; #C C straightens the dress"
    },
    {
        "Video Name": "2297b62e-33bc-4910-8d80-e304526b537d",
        "Start Frame": 240,
        "End Frame": 360,
        "Caption": "#C C adjusts the dress; #C C adjusts the dress; #C C adjusts the dress on the table with her hands; #C C places the dress on the ironing board; #C C folds the dress "
    },
    {
        "Video Name": "2297b62e-33bc-4910-8d80-e304526b537d",
        "Start Frame": 360,
        "End Frame": 480,
        "Caption": "#C C irons the dress on the ironing board with the pressing iron in her right hand; #C C irons the dress on the ironing board with the pressing iron in her right hand; #C C irons the dress ; #C C irons the dress ; #C C irons the dress"
    },
    {
        "Video Name": "2297b62e-33bc-4910-8d80-e304526b537d",
        "Start Frame": 480,
        "End Frame": 600,
        "Caption": "#C C holds the cloth iron; #C C holds the cloth iron with the right; #C C lifts the iron box ; #C C  folds the cloth ; #C C moves the cable"
    },
    {
        "Video Name": "2297b62e-33bc-4910-8d80-e304526b537d",
        "Start Frame": 600,
        "End Frame": 720,
        "Caption": "#C C irons the dress; #C C irons the dress; #C C irons the dress; #C C irons the dress on the; #C C irons the dress"
    },
    {
        "Video Name": "2297b62e-33bc-4910-8d80-e304526b537d",
        "Start Frame": 720,
        "End Frame": 840,
        "Caption": "#C C irons the shirt; #C C irons the dress; #C C irons the shirt; #C C irons the clot; #C C irons the dress"
    },
    {
        "Video Name": "2297b62e-33bc-4910-8d80-e304526b537d",
        "Start Frame": 840,
        "End Frame": 960,
        "Caption": "#C C places the iron box on the table; #C C places the iron box on the table ; #C C  moves iron box cable; #C C puts the iron box on the table ; #C C drops the pressing iron on the table with her right hand"
    },
    {
        "Video Name": "2297b62e-33bc-4910-8d80-e304526b537d",
        "Start Frame": 960,
        "End Frame": 1080,
        "Caption": "#C C folds the dress; #C C folds the dress; #C C folds the dress; #C C folds the dress; #C C folds the dress"
    },
    {
        "Video Name": "2297b62e-33bc-4910-8d80-e304526b537d",
        "Start Frame": 1080,
        "End Frame": 1200,
        "Caption": "#C C folds the dress; #C C folds the dress; #C C adjusts the dress on the ironing board with both hands; #C C folds the dress ; #C C adjusts the dress"
    },
    {
        "Video Name": "2297b62e-33bc-4910-8d80-e304526b537d",
        "Start Frame": 1200,
        "End Frame": 1320,
        "Caption": "#C C irons the clothe; #C C irons the dress; #C C irons the dress; #C C irons the dress; #C C irons the dress"
    },
    {
        "Video Name": "2297b62e-33bc-4910-8d80-e304526b537d",
        "Start Frame": 1320,
        "End Frame": 1440,
        "Caption": "#C C irons the dress; #C C irons the dress; #C C irons the dress ; #C C irons the dress ; #C C adjusts the dress on the ironing board with his left hand"
    },
    {
        "Video Name": "2297b62e-33bc-4910-8d80-e304526b537d",
        "Start Frame": 1440,
        "End Frame": 1560,
        "Caption": "#C C folds the dress on the ironing board with both hands; #C C folds the dress on the ironing board with both hands; #C C adjusts the dress; #C C straightens the dress; #C C adjusts the dress "
    },
    {
        "Video Name": "2297b62e-33bc-4910-8d80-e304526b537d",
        "Start Frame": 1560,
        "End Frame": 1680,
        "Caption": "#C C straightens the; #C C folds the dress; #C C folds the cloth; #C C folds the cloth; #C C folds the cloth"
    },
    {
        "Video Name": "2297b62e-33bc-4910-8d80-e304526b537d",
        "Start Frame": 1680,
        "End Frame": 1800,
        "Caption": "#C C adjusts the hem of the dress on the iron board with both hands; #C C presses cloth; #C C folds the cloth; #C C opens the box with both hands; #C C removes a label on the cloth with both hands"
    },
    {
        "Video Name": "2297b62e-33bc-4910-8d80-e304526b537d",
        "Start Frame": 1800,
        "End Frame": 1920,
        "Caption": "#C C irons the dress; #C C irons the dress ; #C C irons the dress on the table; #C C irons the dress ; #C C irons the dress on the ironing board with the pressing iron in her right hand"
    },
    {
        "Video Name": "2297b62e-33bc-4910-8d80-e304526b537d",
        "Start Frame": 1920,
        "End Frame": 2040,
        "Caption": "#C C picks the dress ; #C C puts the dress on the ironing; #C C picks the dress ; #C C folds the cloth on the table; #C C picks the dress on the table"
    },
    {
        "Video Name": "2297b62e-33bc-4910-8d80-e304526b537d",
        "Start Frame": 2040,
        "End Frame": 2160,
        "Caption": "#C C straightens the dress ; #C C folds the dress ; #C C adjusts the dress ; #C C folds the dress on the ironing board with both hands; #C C straightens cloth"
    },
    {
        "Video Name": "2297b62e-33bc-4910-8d80-e304526b537d",
        "Start Frame": 2160,
        "End Frame": 2280,
        "Caption": "#C C irons the dress; #C C irons the dress ; #C C irons the dress on the table ; #C C irons the dress; #C C irons the dress on the table with the iron in her right hand"
    },
    {
        "Video Name": "2297b62e-33bc-4910-8d80-e304526b537d",
        "Start Frame": 2280,
        "End Frame": 2400,
        "Caption": "#C C picks iron box; #C C picks the iron box; #C C picks the iron box; #C C takes iron box ; #C C takes the iron box"
    },
    {
        "Video Name": "2297b62e-33bc-4910-8d80-e304526b537d",
        "Start Frame": 2400,
        "End Frame": 2520,
        "Caption": "#C C puts down the clothe; #C C picks the shirt on top of the; #C C puts the dress on the table; #C C puts the shirt on the bed; #C C puts the cloth on the table"
    },
    {
        "Video Name": "2297b62e-33bc-4910-8d80-e304526b537d",
        "Start Frame": 2520,
        "End Frame": 2640,
        "Caption": "#C C picks a clothe; #C C picks a t-shirt; #C C holds the cloth with both hands; #C C picks the cloth from the table; #C C picks the cloth "
    },
    {
        "Video Name": "2297b62e-33bc-4910-8d80-e304526b537d",
        "Start Frame": 2640,
        "End Frame": 2760,
        "Caption": "#C C turns the shirt; #C C holds the blouse with both; #C C straightens the dress; #C C holds up the cloth; #C C checks the clothe"
    },
    {
        "Video Name": "2297b62e-33bc-4910-8d80-e304526b537d",
        "Start Frame": 2760,
        "End Frame": 2880,
        "Caption": "#C C adjusts the shirt on the table with both hands; #C C puts the iron box on the table ; #C C puts the iron box on the table; #C C picks iron box from the table; #C C places the iron box on the table"
    },
    {
        "Video Name": "2297b62e-33bc-4910-8d80-e304526b537d",
        "Start Frame": 2880,
        "End Frame": 3000,
        "Caption": "#C C picks up the cloth; #C C picks the clothe; #C C picks the dress from the; #C C picks up the cloth; #C C lifts the cloth "
    },
    {
        "Video Name": "2297b62e-33bc-4910-8d80-e304526b537d",
        "Start Frame": 3000,
        "End Frame": 3120,
        "Caption": "#C C picks the iron; #C C irons the; #C C picks the iron; #C C picks the iron; #C C picks the iron"
    },
    {
        "Video Name": "2297b62e-33bc-4910-8d80-e304526b537d",
        "Start Frame": 3120,
        "End Frame": 3240,
        "Caption": "#C C presses the switch ; #C C presses the switch ; #C C presses the button; #C C presses the button ; #C C presses the switch with the right"
    },
    {
        "Video Name": "2297b62e-33bc-4910-8d80-e304526b537d",
        "Start Frame": 3240,
        "End Frame": 3360,
        "Caption": "#C C adjusts the cloth ; #C C adjusts the cloth; #C C adjusts the dress; #C C adjusts the clothe; #C C adjusts the cloth"
    },
    {
        "Video Name": "2297b62e-33bc-4910-8d80-e304526b537d",
        "Start Frame": 3360,
        "End Frame": 3480,
        "Caption": "#C C irons the dress on the table ; #C C irons the shirt ; #C C irons the shirt; #C C irons the shirt ; #C C irons the shirt with the electric iron"
    },
    {
        "Video Name": "2297b62e-33bc-4910-8d80-e304526b537d",
        "Start Frame": 3480,
        "End Frame": 3600,
        "Caption": "#C C folds the clothe; #C C puts the iron box on the; #C C adjusts the clothe ; #C C picks the clothe ; #C C picks the clothe"
    },
    {
        "Video Name": "2297b62e-33bc-4910-8d80-e304526b537d",
        "Start Frame": 3600,
        "End Frame": 3720,
        "Caption": "#C C picks the iron box; #C C picks the iron box; #C C picks the iron box; #C C picks the iron box; #C C picks the iron box"
    },
    {
        "Video Name": "2297b62e-33bc-4910-8d80-e304526b537d",
        "Start Frame": 3720,
        "End Frame": 3840,
        "Caption": "#C C folds the cloth; #C C straightens the piece of cloth with both; #C C picks the cloth; #C C folds the cloth on the table; #C C folds the cloth with both hands"
    },
    {
        "Video Name": "2297b62e-33bc-4910-8d80-e304526b537d",
        "Start Frame": 3840,
        "End Frame": 3960,
        "Caption": "#C C irons the clothe ; #C C irons the clothe ; #C C irons the clothe ; #C C irons the dress ; #C C irons the cloth with the iron"
    },
    {
        "Video Name": "2297b62e-33bc-4910-8d80-e304526b537d",
        "Start Frame": 3960,
        "End Frame": 4080,
        "Caption": "#C C spreads the piece of cloth on the; #C C folds the dress; #C C picks the clothe; #C C lifts up the shirt; #C C picks the cloth"
    },
    {
        "Video Name": "2297b62e-33bc-4910-8d80-e304526b537d",
        "Start Frame": 4080,
        "End Frame": 4200,
        "Caption": "#C C moves the cloth ; #C C picks the cloth; #C C picks up the cloth; #C C picks the cloth on the; #C C holds the dress with both"
    },
    {
        "Video Name": "2297b62e-33bc-4910-8d80-e304526b537d",
        "Start Frame": 4200,
        "End Frame": 4320,
        "Caption": "#C C irons the dress; #C C irons the clothe ; #C C takes the iron box ; #C C irons the shirt ; #C C irons the cloth with the iron"
    },
    {
        "Video Name": "2297b62e-33bc-4910-8d80-e304526b537d",
        "Start Frame": 4320,
        "End Frame": 4440,
        "Caption": "#C C irons the cloth on the table with the iron in her right hand; #C C irons the shirt with an iron box; #C C irons the shirt; #C C irons the shirt; #C C irons the shirt "
    },
    {
        "Video Name": "2297b62e-33bc-4910-8d80-e304526b537d",
        "Start Frame": 4440,
        "End Frame": 4560,
        "Caption": "#C C irons the shirt ; #C C irons the shirt                                                                    ; #C C irons the shirt ; #C C irons the shirt; #C C irons the shirt "
    },
    {
        "Video Name": "2297b62e-33bc-4910-8d80-e304526b537d",
        "Start Frame": 4560,
        "End Frame": 4680,
        "Caption": "#C C spreads the cloth on the table; #C C straightens the dress; #C C folds the dress; #C C folds the dress; #C C adjusts the dress "
    },
    {
        "Video Name": "2297b62e-33bc-4910-8d80-e304526b537d",
        "Start Frame": 4680,
        "End Frame": 4800,
        "Caption": "#C C puts the iron box on the ironing; #C C places her right hand on the dress.; #C C touches the dress; #C C touches dress ; #C C folds cloth with both hands"
    },
    {
        "Video Name": "2297b62e-33bc-4910-8d80-e304526b537d",
        "Start Frame": 4800,
        "End Frame": 4920,
        "Caption": "#C C picks iron box ; #C C irons the cloth with the iron box; #C C lifts the right hand; #C C irons the dress; #C C irons the dress"
    },
    {
        "Video Name": "2297b62e-33bc-4910-8d80-e304526b537d",
        "Start Frame": 4920,
        "End Frame": 5040,
        "Caption": "#C C irons cloth with iron box; #C C irons the dress; #C C irons the shirt; #C C irons cloth with an iron; #C C irons the dress"
    },
    {
        "Video Name": "2297b62e-33bc-4910-8d80-e304526b537d",
        "Start Frame": 5040,
        "End Frame": 5160,
        "Caption": "#C C irons the dress; #C C irons the dress on the ironing; #C C irons the dress; #C C irons the dress ; #C C irons the dress"
    },
    {
        "Video Name": "2297b62e-33bc-4910-8d80-e304526b537d",
        "Start Frame": 5160,
        "End Frame": 5280,
        "Caption": "#C C puts down the iron box; #C C puts the iron box on the table ; #C C puts iron box on the table; #C C puts the iron box on the ironing; #C C puts the iron box on the ironing"
    },
    {
        "Video Name": "2297b62e-33bc-4910-8d80-e304526b537d",
        "Start Frame": 5280,
        "End Frame": 5400,
        "Caption": "#C C lifts the cloth ; #C C spreads the cloth on the table; #C C straightens the cloth with both; #C C spreads the dress on the table; #C C lifts the cloth"
    }
]