[
    {
        "Video Name": "263666b2-3229-429a-b5a7-defc6433dc29",
        "Start Frame": 0,
        "End Frame": 120,
        "Caption": "#C C presses on the mixture with her; #C C presses on the clay with her; #C C presses on the mixture with her; #C C holds the clay with both hands; #C C moves her hands towards her"
    },
    {
        "Video Name": "263666b2-3229-429a-b5a7-defc6433dc29",
        "Start Frame": 120,
        "End Frame": 240,
        "Caption": "#C C picks up the clay; #C C mixes the mix with her hands; #C C adjusts the clay structure; #C C presses on the mixture with her; #C C moulds the clay"
    },
    {
        "Video Name": "263666b2-3229-429a-b5a7-defc6433dc29",
        "Start Frame": 240,
        "End Frame": 360,
        "Caption": "#C C molds the mixture on the; #C C presses on the mixture with her; #C C presses on the mixture with her; #C C presses on the mixture with her; #C C presses on the mixture with her"
    },
    {
        "Video Name": "263666b2-3229-429a-b5a7-defc6433dc29",
        "Start Frame": 360,
        "End Frame": 480,
        "Caption": "#C C pulls his hand off the mixture; #C C adjusts the structure; #C C presses on the structure with her; #C C shakes hands ; #C C places her left hand on the"
    },
    {
        "Video Name": "263666b2-3229-429a-b5a7-defc6433dc29",
        "Start Frame": 480,
        "End Frame": 600,
        "Caption": "#C C presses on the mixture with her hands; #C C presses on the mixture with her hands; #C C presses on the mixture with her hands; #C C presses the mixture on the structure; #C C carries the clay structure from the floor with both"
    },
    {
        "Video Name": "263666b2-3229-429a-b5a7-defc6433dc29",
        "Start Frame": 600,
        "End Frame": 720,
        "Caption": "#C C moves her hands forward; #C C lifts up the structure; #C C holds the structure with her right; #C C holds the mixture with both hands; #C C moves her hands forward"
    },
    {
        "Video Name": "263666b2-3229-429a-b5a7-defc6433dc29",
        "Start Frame": 720,
        "End Frame": 840,
        "Caption": "#C C presses on the mixture with her; #C C presses on the mixture with her; #C C presses the mixture with her hands; #C C presses on the mixture with her; #C C presses on the mixture with her"
    },
    {
        "Video Name": "263666b2-3229-429a-b5a7-defc6433dc29",
        "Start Frame": 840,
        "End Frame": 960,
        "Caption": "#C C presses the clay soil; #C C presses on the clay with her hands; #C C presses the clay structure together with both hands; #C C presses the clay on the structure; #C C presses clay soil"
    },
    {
        "Video Name": "263666b2-3229-429a-b5a7-defc6433dc29",
        "Start Frame": 960,
        "End Frame": 1080,
        "Caption": "#C C holds the clay with her left; #C C moves her hands; #C C bends down; #C C moves forward; #C C moves a bit"
    },
    {
        "Video Name": "263666b2-3229-429a-b5a7-defc6433dc29",
        "Start Frame": 1080,
        "End Frame": 1200,
        "Caption": "#C C presses on the mixture with her hands; #C C moves her right hand away from the clay.; #C C holds clay soil ; #C C moves hand towards the mixture; #C C molds the clay on the ground with both hands"
    },
    {
        "Video Name": "263666b2-3229-429a-b5a7-defc6433dc29",
        "Start Frame": 1200,
        "End Frame": 1320,
        "Caption": "#C C squeezes the mixture together with both hands.; #C C picks the clay from the floor with her hands; #C C molds the wet clay on the floor with both; #C C presses on the clay with her hands; #C C presses the mixture with her hands"
    },
    {
        "Video Name": "263666b2-3229-429a-b5a7-defc6433dc29",
        "Start Frame": 1320,
        "End Frame": 1440,
        "Caption": "#C C presses the clay with her hands; #C C lifts up the mixture; #C C presses on the clay with both; #C C presses on the mixture with her; #C C places her hands on the clay"
    },
    {
        "Video Name": "263666b2-3229-429a-b5a7-defc6433dc29",
        "Start Frame": 1440,
        "End Frame": 1560,
        "Caption": "#C C presses the clay with her hands; #C C adjusts the structure; #C C presses clay soil ; #C C presses the clay together.; #C C presses the clay with her hands"
    },
    {
        "Video Name": "263666b2-3229-429a-b5a7-defc6433dc29",
        "Start Frame": 1560,
        "End Frame": 1680,
        "Caption": "#C C presses the clay together.; #C C lifts clay soil ; #C C presses the clay soil ; #C C smoothens the clay structure with her hands; #C C moves hands away from the clay"
    },
    {
        "Video Name": "263666b2-3229-429a-b5a7-defc6433dc29",
        "Start Frame": 1680,
        "End Frame": 1800,
        "Caption": "#C C presses on the mixture with her; #C C presses clay soil ; #C C presses clay soil ; #C C presses on the mixture with her; #C C presses clay soil "
    },
    {
        "Video Name": "263666b2-3229-429a-b5a7-defc6433dc29",
        "Start Frame": 1800,
        "End Frame": 1920,
        "Caption": "#C C picks up the clay on the sack with her right; #C C mixes the clay with her right hand.; #C C picks up a bowl of water.; #C C pulls the polythene bag towards herself.; #C C presses on the mixture with her right hand."
    },
    {
        "Video Name": "263666b2-3229-429a-b5a7-defc6433dc29",
        "Start Frame": 1920,
        "End Frame": 2040,
        "Caption": "#C C rolls clay soil ; #C C moulds clay; #C C presses the clay together with both hands; #C C molds the clay; #C C rubs the clay with both hands"
    },
    {
        "Video Name": "263666b2-3229-429a-b5a7-defc6433dc29",
        "Start Frame": 2040,
        "End Frame": 2160,
        "Caption": "#C C presses clay soil ; #C C bends clay soil ; #C C molds clay soil ; #C C molds clay; #C C molds the clay on the table with both hands"
    },
    {
        "Video Name": "263666b2-3229-429a-b5a7-defc6433dc29",
        "Start Frame": 2160,
        "End Frame": 2280,
        "Caption": "#C C moves the pot with both hands; #C C holds the structure with both hands; #C C turns around; #C C holds the clay structure with both hands; #C C smoothens the pot with her hands"
    },
    {
        "Video Name": "263666b2-3229-429a-b5a7-defc6433dc29",
        "Start Frame": 2280,
        "End Frame": 2400,
        "Caption": "#C C spreads the mixture with her right hand; #C C presses the clay with her right hand; #C C applies the water on the clay structure; #C C presses clay soil ; #C C presses clay soil "
    },
    {
        "Video Name": "263666b2-3229-429a-b5a7-defc6433dc29",
        "Start Frame": 2400,
        "End Frame": 2520,
        "Caption": "#C C presses clay soil ; #C C molds clay soil ; #C C presses the clay with her right hand; #C C presses the clay on the pot; #C C smoothens the structure with her hand"
    },
    {
        "Video Name": "263666b2-3229-429a-b5a7-defc6433dc29",
        "Start Frame": 2520,
        "End Frame": 2640,
        "Caption": "#C C shapes the structure with both hands; #C C holds the clay structure with her right; #C C presses clay soil ; #C C removes extra clay from the structure; #C C presses the clay soil"
    },
    {
        "Video Name": "263666b2-3229-429a-b5a7-defc6433dc29",
        "Start Frame": 2640,
        "End Frame": 2760,
        "Caption": "#C C presses the clay soil ; #C C presses clay soil ; #C C presses the clay on the structure; #C C presses the clay soil ; #C C presses on the clay structure with her"
    },
    {
        "Video Name": "263666b2-3229-429a-b5a7-defc6433dc29",
        "Start Frame": 2760,
        "End Frame": 2880,
        "Caption": "#C C presses on the mixture with her; #C C presses the clay with both hands; #C C presses the mixture with her hands; #C C presses on the mixture with her; #C C presses on the clay with her"
    },
    {
        "Video Name": "263666b2-3229-429a-b5a7-defc6433dc29",
        "Start Frame": 2880,
        "End Frame": 3000,
        "Caption": "#C C rubs her hands together; #C C removes hand from the pot; #C C presses the clay flower pot; #C C spreads water on the clay; #C C presses clay soil "
    },
    {
        "Video Name": "263666b2-3229-429a-b5a7-defc6433dc29",
        "Start Frame": 3000,
        "End Frame": 3120,
        "Caption": "#C C holds clay; #C C smoothens the clay structure; #C C holds clay soil ; #C C holds the structure with her; #C C presses clay soil "
    },
    {
        "Video Name": "263666b2-3229-429a-b5a7-defc6433dc29",
        "Start Frame": 3120,
        "End Frame": 3240,
        "Caption": "#C C presses clay soil ; #C C smoothens the clay structure with her; #C C presses the clay with both hands; #C C molds the pot with both hands; #C C smoothens the clay structure"
    },
    {
        "Video Name": "263666b2-3229-429a-b5a7-defc6433dc29",
        "Start Frame": 3240,
        "End Frame": 3360,
        "Caption": "#C C adjusts the clay structure with both hands; #C C moves her left hand towards the clay; #C C adjusts the clay structure with both hands; #C C rotates the pot; #C C places her left hand on the pot"
    },
    {
        "Video Name": "263666b2-3229-429a-b5a7-defc6433dc29",
        "Start Frame": 3360,
        "End Frame": 3480,
        "Caption": "#C C adjusts her position; #C C moves hand away from pot; #C C moves her right hand; #C C adjusts the clay on the; #C C stands up"
    },
    {
        "Video Name": "263666b2-3229-429a-b5a7-defc6433dc29",
        "Start Frame": 3480,
        "End Frame": 3600,
        "Caption": "#C C presses clay soil on the pot; #C C presses the clay soil ; #C C molds the pot with her hands.; #C C moves the pot on the floor with her right hand; #C C moves the hands"
    },
    {
        "Video Name": "263666b2-3229-429a-b5a7-defc6433dc29",
        "Start Frame": 3600,
        "End Frame": 3720,
        "Caption": "#C C molds the pot with her right hand; #C C places her right hand on the pot.; #C C smoothens the pot with her right hand; #C C removes her right hand from the clay pot; #C C molds the pot with her right hand"
    },
    {
        "Video Name": "263666b2-3229-429a-b5a7-defc6433dc29",
        "Start Frame": 3720,
        "End Frame": 3840,
        "Caption": "#C C molds the clay pot with both hands; #C C rotates the clay pot; #C C moves her hands; #C C rubs her left hand on the pot; #C C holds the pot"
    },
    {
        "Video Name": "263666b2-3229-429a-b5a7-defc6433dc29",
        "Start Frame": 3840,
        "End Frame": 3960,
        "Caption": "#C C touches the pot with his left hand; #C C presses the pot; #C C moves hand towards the pot; #C C adjusts her left hand; #C C moves the pot"
    },
    {
        "Video Name": "263666b2-3229-429a-b5a7-defc6433dc29",
        "Start Frame": 3960,
        "End Frame": 4080,
        "Caption": "#C C adjusts the pot; #C C  aligns clay soil ; #C C holds the pot; #C C molds the pot with both hands; #C C moves hands towards the pot"
    },
    {
        "Video Name": "263666b2-3229-429a-b5a7-defc6433dc29",
        "Start Frame": 4080,
        "End Frame": 4200,
        "Caption": "#C C moves hand away from the pot; #C C moves hand away from the pot; #C C moves hand away from the pot; #C C adjusts her hands; #C C moves the pot with her left"
    },
    {
        "Video Name": "263666b2-3229-429a-b5a7-defc6433dc29",
        "Start Frame": 4200,
        "End Frame": 4320,
        "Caption": "#C C moves the; #C C stands up; #C C moves backward; #C C moves backwards; #C C moves her"
    },
    {
        "Video Name": "263666b2-3229-429a-b5a7-defc6433dc29",
        "Start Frame": 4320,
        "End Frame": 4440,
        "Caption": "#C C removes clay particles from the clay structure; #C C rubs her right hand on the pottery.; #C C holds clay soil ; #C C removes hand from the structure; #C C smoothens the body of the pot with her right"
    },
    {
        "Video Name": "263666b2-3229-429a-b5a7-defc6433dc29",
        "Start Frame": 4440,
        "End Frame": 4560,
        "Caption": "#C C stands up; #C C puts her left hand in the clay; #C C bends down; #C C stands up; #C C dips her right hand into the mixture"
    },
    {
        "Video Name": "263666b2-3229-429a-b5a7-defc6433dc29",
        "Start Frame": 4560,
        "End Frame": 4680,
        "Caption": "#C C spreads the sawdust over the clay.; #C C removes excess mortar from the structure; #C C dips her right hand into the clay pot; #C C removes hand from the clay; #C C removes excess clay from the structure"
    },
    {
        "Video Name": "263666b2-3229-429a-b5a7-defc6433dc29",
        "Start Frame": 4680,
        "End Frame": 4800,
        "Caption": "#C C moves her hands; #C C removes hand from the pot; #C C moves her hand away from the pot; #C C places her right hand on the pot; #C C bends towards the clay"
    },
    {
        "Video Name": "263666b2-3229-429a-b5a7-defc6433dc29",
        "Start Frame": 4800,
        "End Frame": 4920,
        "Caption": "#C C holds the pot with both hands; #C C removes her left hand from the pottery.; #C C holds clay structure; #C C presses clay soil ; #C C molds the clay on the box on the ground"
    },
    {
        "Video Name": "263666b2-3229-429a-b5a7-defc6433dc29",
        "Start Frame": 4920,
        "End Frame": 5040,
        "Caption": "#C C holds the pot with both hands; #C C smoothens the body of the pot with her; #C C holds clay with both hands; #C C places hand on the pot; #C C holds the clay structure with both hands"
    },
    {
        "Video Name": "263666b2-3229-429a-b5a7-defc6433dc29",
        "Start Frame": 5040,
        "End Frame": 5160,
        "Caption": "#C C molds the pot; #C C molds the pot; #C C molds the pot with both hands.; #C C adjusts the clay on the pot with both hands; #C C molds the structure with his hands"
    },
    {
        "Video Name": "263666b2-3229-429a-b5a7-defc6433dc29",
        "Start Frame": 5160,
        "End Frame": 5280,
        "Caption": "#C C molds the clay with both hands; #C C mixes mortar mix with her hands.; #C C presses clay soil ; #C C holds the mixture with both hands; #C C presses the mixture together with his hands"
    },
    {
        "Video Name": "263666b2-3229-429a-b5a7-defc6433dc29",
        "Start Frame": 5280,
        "End Frame": 5400,
        "Caption": "#C C presses the clay with both hands; #C C holds clay soil ; #C C smoothens the structure with her; #C C presses the clay soil ; #C C holds clay structure with both hands"
    }
]