[
    {
        "Video Name": "287d71bd-8911-40fa-b6f9-515c5b0eaf60",
        "Start Frame": 0,
        "End Frame": 120,
        "Caption": "#C C picks a bottle; #C C picks the bottle top; #C C picks a tape measure; #C C picks a cable from the table with his right hand.; #C C takes a box of a bottle of water"
    },
    {
        "Video Name": "287d71bd-8911-40fa-b6f9-515c5b0eaf60",
        "Start Frame": 120,
        "End Frame": 240,
        "Caption": "#C C scrubs the cabinet with a; #C C picks a brush; #C C picks a sandpaper; #C C cleans the cupboard; #C C holds a brush"
    },
    {
        "Video Name": "287d71bd-8911-40fa-b6f9-515c5b0eaf60",
        "Start Frame": 240,
        "End Frame": 360,
        "Caption": "#C C wipes the wall with the piece of cloth; #C C rubs the wall with the brush in his right hand; #C C paints the wall with the brush ; #C C paints the wall with the brush.; #C C paints the wall"
    },
    {
        "Video Name": "287d71bd-8911-40fa-b6f9-515c5b0eaf60",
        "Start Frame": 360,
        "End Frame": 480,
        "Caption": "#C C smoothens the wall with the sandpaper; #c c scrubs wall with brush; #C C scrubs the wall with the scrubber ; #C C touches the wall with his left hand; #C C scrubs the wall with the scrubber in his right hand"
    },
    {
        "Video Name": "287d71bd-8911-40fa-b6f9-515c5b0eaf60",
        "Start Frame": 480,
        "End Frame": 600,
        "Caption": "#C C cleans the floor with the piece of; #C C wipes the floor; #C C rubs the floor; #C C wipes the floor; #C C wipes the floor with the wipe towel"
    },
    {
        "Video Name": "287d71bd-8911-40fa-b6f9-515c5b0eaf60",
        "Start Frame": 600,
        "End Frame": 720,
        "Caption": "#C C rubs the wall; #C C wipes the wall with the wipe; #C C smoothens the wall; #C C rubs the wall with the; #C C rubs the wall with a"
    },
    {
        "Video Name": "287d71bd-8911-40fa-b6f9-515c5b0eaf60",
        "Start Frame": 720,
        "End Frame": 840,
        "Caption": "#C C sands the wall; #c c scrubs the wall; #C C scrubs the wall; #C C scrubs wall with sand; #C C smoothens the wall"
    },
    {
        "Video Name": "287d71bd-8911-40fa-b6f9-515c5b0eaf60",
        "Start Frame": 840,
        "End Frame": 960,
        "Caption": "#C C rubs the wall with the; #C C scrubs the wall; #C C scrubs the wall; #C C scrubs wall with brush; #c c scrubs wall"
    },
    {
        "Video Name": "287d71bd-8911-40fa-b6f9-515c5b0eaf60",
        "Start Frame": 960,
        "End Frame": 1080,
        "Caption": "#C C cleans the wall with the wall scrubber; #C C cleans the wall; #C C smoothens the wall; #c c scrubs wall with brush; #C C scrubs the wall with a scru"
    },
    {
        "Video Name": "287d71bd-8911-40fa-b6f9-515c5b0eaf60",
        "Start Frame": 1080,
        "End Frame": 1200,
        "Caption": "#C C picks up a card from a box on the floor with his right hand.; #C C picks a bottle from the box on the floor with her right hand.; #C C puts a card in a box; #C C picks a card from a box; #C C puts the card in the box"
    },
    {
        "Video Name": "287d71bd-8911-40fa-b6f9-515c5b0eaf60",
        "Start Frame": 1200,
        "End Frame": 1320,
        "Caption": "#C C sands the wall with the sandpaper; #C C wipes the wall; #C C rubs the wall with the brush; #c c scrubs the wall; #C C cleans the wall with the brush in his right hand"
    },
    {
        "Video Name": "287d71bd-8911-40fa-b6f9-515c5b0eaf60",
        "Start Frame": 1320,
        "End Frame": 1440,
        "Caption": "#C C brushes a wall; #C C scrubs the wall with the sand; #C C scrubs the wall with the sand; #C C scrubs the wall with the sand; #C C continues to scrub the wall"
    },
    {
        "Video Name": "287d71bd-8911-40fa-b6f9-515c5b0eaf60",
        "Start Frame": 1440,
        "End Frame": 1560,
        "Caption": "#C C scrubs the wall with a sand; #C C cleans the wall with the foam; #C C scrubs the wall with the sand; #C C scrubs the wall with the sand; #C C scrubs the wall with a sand"
    },
    {
        "Video Name": "287d71bd-8911-40fa-b6f9-515c5b0eaf60",
        "Start Frame": 1560,
        "End Frame": 1680,
        "Caption": "#C C touches the socket; #C C touches the socket; #C C touches the socket; #C C touches the wall; #C C touches the socket"
    },
    {
        "Video Name": "287d71bd-8911-40fa-b6f9-515c5b0eaf60",
        "Start Frame": 1680,
        "End Frame": 1800,
        "Caption": "#C C searches the box ; #C C picks a nail from the; #C C opens the box; #C C puts the cable in a; #C C picks the cable"
    },
    {
        "Video Name": "287d71bd-8911-40fa-b6f9-515c5b0eaf60",
        "Start Frame": 1800,
        "End Frame": 1920,
        "Caption": "#C C takes the phone; #C C looks around; #C C touches the wall; #C C walks around the house; #C C walks around"
    },
    {
        "Video Name": "287d71bd-8911-40fa-b6f9-515c5b0eaf60",
        "Start Frame": 1920,
        "End Frame": 2040,
        "Caption": "#c c wipes the wall with the sponge; #C C  wipes a wall with a tissue; #C C scrubs the wall; #c c wipes the wall with the sponge; #C C wipes the wall with the wipes"
    },
    {
        "Video Name": "287d71bd-8911-40fa-b6f9-515c5b0eaf60",
        "Start Frame": 2040,
        "End Frame": 2160,
        "Caption": "#c c rubs the wall; #C C wipes the wall with the; #C C wipes the wall; #C C smoothens the wall; #C C wipes the wall"
    },
    {
        "Video Name": "287d71bd-8911-40fa-b6f9-515c5b0eaf60",
        "Start Frame": 2160,
        "End Frame": 2280,
        "Caption": "#C C rubs his left hand on a; #C C touches door; #C C lifts a brush; #C C touches a door with his left hand; #C C touches the door"
    },
    {
        "Video Name": "287d71bd-8911-40fa-b6f9-515c5b0eaf60",
        "Start Frame": 2280,
        "End Frame": 2400,
        "Caption": "#C C cleans the wall with the rag in his right hand; #C C scrubs the wall with a sandpaper; #C C touches the wall with his left hand.; #C C wipes the wall; #C C scrubs the wall"
    },
    {
        "Video Name": "287d71bd-8911-40fa-b6f9-515c5b0eaf60",
        "Start Frame": 2400,
        "End Frame": 2520,
        "Caption": "#C C picks a brush from the cupboard; #C C scrubs the shelf with the sand; #C C wipes the shelf; #C C picks a scrubber ; #C C holds the pocket with the right hand"
    },
    {
        "Video Name": "287d71bd-8911-40fa-b6f9-515c5b0eaf60",
        "Start Frame": 2520,
        "End Frame": 2640,
        "Caption": "#C C scrubs wall; #C C smoothens the wall; #C C  smoothens a wall with a sandpaper; #C C wipes the wall with a sponge; #C C cleans the wall"
    },
    {
        "Video Name": "287d71bd-8911-40fa-b6f9-515c5b0eaf60",
        "Start Frame": 2640,
        "End Frame": 2760,
        "Caption": "#C C throws the screw in the; #C C walks in the house; #C C picks the screw from the; #C C walks in the house ; #C C walks around"
    },
    {
        "Video Name": "287d71bd-8911-40fa-b6f9-515c5b0eaf60",
        "Start Frame": 2760,
        "End Frame": 2880,
        "Caption": "#C C picks a screw driver; #C C picks a bottle in the; #C C picks up a torch; #C C picks a bottle from the; #C C picks a small box "
    },
    {
        "Video Name": "287d71bd-8911-40fa-b6f9-515c5b0eaf60",
        "Start Frame": 2880,
        "End Frame": 3000,
        "Caption": "#C C paints the wall; #C C cleans the wall with the foam in his right hand; #C C wipes the wall; #C C scrubs the wall with the scrubber ; #C C wipes the wall"
    },
    {
        "Video Name": "287d71bd-8911-40fa-b6f9-515c5b0eaf60",
        "Start Frame": 3000,
        "End Frame": 3120,
        "Caption": "#C C picks up the small piece of paper; #C C picks a headset from the floor with his right hand; #C C picks a key from the floor with his right hand; #C C picks up a tag; #C C picks a key from the floor with his right hand"
    },
    {
        "Video Name": "287d71bd-8911-40fa-b6f9-515c5b0eaf60",
        "Start Frame": 3120,
        "End Frame": 3240,
        "Caption": "#C C drops the sponge into the bucket of water with his right hand.; #C C drops the piece of cloth in the bucket of water on the floor with his right hand; #C C drops the foam in the bucket with his right hand.; #C C drops the piece of plastic in his right hand into the bucket of water on the floor; #C C dips the sponge in the bucket"
    },
    {
        "Video Name": "287d71bd-8911-40fa-b6f9-515c5b0eaf60",
        "Start Frame": 3240,
        "End Frame": 3360,
        "Caption": "#C C  cleans a water pipe.; #C C picks a brush from the floor with his right hand.; #C C picks up a tooth brush from the floor with his right hand; #C C washes the brush; #C C washes hands "
    },
    {
        "Video Name": "287d71bd-8911-40fa-b6f9-515c5b0eaf60",
        "Start Frame": 3360,
        "End Frame": 3480,
        "Caption": "#C C wipes the wall with the sponge in his right hand; #C C cleans the wall with the cloth in his right hand; #C C wipes the wall; #C C wipes on the wall with a cloth; #C C cleans a glass door with a tissue paper"
    },
    {
        "Video Name": "287d71bd-8911-40fa-b6f9-515c5b0eaf60",
        "Start Frame": 3480,
        "End Frame": 3600,
        "Caption": "#C C cleans the wall with the brush; #C C scrubs the wall with the sand; #C C cleans the wall with a brush; #C C scrubs the wall with the sand; #C C wipes the wall with the scrubber"
    },
    {
        "Video Name": "287d71bd-8911-40fa-b6f9-515c5b0eaf60",
        "Start Frame": 3600,
        "End Frame": 3720,
        "Caption": "#C C washes the wall with the sponge in his right hand; #C C washes the plastic; #C C washes the wall; #C C washes the wall; #C C puts the sponge in the bucket"
    },
    {
        "Video Name": "287d71bd-8911-40fa-b6f9-515c5b0eaf60",
        "Start Frame": 3720,
        "End Frame": 3840,
        "Caption": "#C C smoothens the wall with the sand; #C C wipes the wall; #C C rubs the wall with the sponge; #C C rubs the wall; #C C touches wall"
    },
    {
        "Video Name": "287d71bd-8911-40fa-b6f9-515c5b0eaf60",
        "Start Frame": 3840,
        "End Frame": 3960,
        "Caption": "#C C rubs the wall with a sponge; #C C rubs the wall with the sponge; #C C scrubs the wall; #C C smoothens the wall with the sand; #C C rubs the wall with the sponge"
    },
    {
        "Video Name": "287d71bd-8911-40fa-b6f9-515c5b0eaf60",
        "Start Frame": 3960,
        "End Frame": 4080,
        "Caption": "#C C moves a mobile phone on the wall with his right hand; #C C touches the wall with his right hand.; #C C rubs the phone on the wall with his right hand; #C C presses a button on the wall with his right hand.; #C C touches the wall"
    },
    {
        "Video Name": "287d71bd-8911-40fa-b6f9-515c5b0eaf60",
        "Start Frame": 4080,
        "End Frame": 4200,
        "Caption": "#C C scrubs the wall with the scrubber; #C C cleans the wall with the foam in his right hand; #C C wipes the wall; #C C scrubs the wall with the sandpaper; #C C scrubs the wall with the brush"
    },
    {
        "Video Name": "287d71bd-8911-40fa-b6f9-515c5b0eaf60",
        "Start Frame": 4200,
        "End Frame": 4320,
        "Caption": "#C C wipes the wall with a piece of; #C C sands the wall with the sandpaper; #C C touches the wall with his left hand; #C C rubs the wall with the sponge; #C C wipes the wall"
    },
    {
        "Video Name": "287d71bd-8911-40fa-b6f9-515c5b0eaf60",
        "Start Frame": 4320,
        "End Frame": 4440,
        "Caption": "#C C wipes the wall with the sponge; #C C wipes the wall with the sponge; #C C sands the wall with a sand; #C C wipes the wall with the sponge; #C C wipes the wall with the sponge"
    },
    {
        "Video Name": "287d71bd-8911-40fa-b6f9-515c5b0eaf60",
        "Start Frame": 4440,
        "End Frame": 4560,
        "Caption": "#C C cleans the wall with the napkin in his right hand.; #C C rubs the wall with a sponge ; #C C rubs the wall with the sandpaper in his right hand; #C C picks the dust on the wall with his left hand.; #C C scrubs the wall"
    },
    {
        "Video Name": "287d71bd-8911-40fa-b6f9-515c5b0eaf60",
        "Start Frame": 4560,
        "End Frame": 4680,
        "Caption": "#C C holds the phone; #C C puts the phone in the bucket with his left hand.; #C C removes his phone from the bucket with his left hand.; #C C picks a phone ; #C C picks a phone from the bucket on the floor with her left hand"
    },
    {
        "Video Name": "287d71bd-8911-40fa-b6f9-515c5b0eaf60",
        "Start Frame": 4680,
        "End Frame": 4800,
        "Caption": "#C C puts sponge on the; #C C puts sponge on the; #C C puts the sponge down; #C C puts sponge on the; #C C puts sponge on the"
    },
    {
        "Video Name": "287d71bd-8911-40fa-b6f9-515c5b0eaf60",
        "Start Frame": 4800,
        "End Frame": 4920,
        "Caption": "#C C picks a brush from the wall; #C C picks a brush from the wall with his right hand.; #C C picks the dustpan; #C C picks up a broom from the ground.; #C C picks a dustpan from the wall with his right hand"
    },
    {
        "Video Name": "287d71bd-8911-40fa-b6f9-515c5b0eaf60",
        "Start Frame": 4920,
        "End Frame": 5040,
        "Caption": "#C C rubs the wall with the brush; #C C scraps the wall; #C C scraps the wall; #C C scraps the wall with the scraper; #C C scrapes the wall with the scra"
    },
    {
        "Video Name": "287d71bd-8911-40fa-b6f9-515c5b0eaf60",
        "Start Frame": 5040,
        "End Frame": 5160,
        "Caption": "#C C scrapes the wall with the scraper in his right hand; #C C removes the dirt with the scraper; #C C scrubs the wall; #C C scraps the wall with the scraper in his right hand.; #C C scrapes the wall with the scraper in his right hand"
    },
    {
        "Video Name": "287d71bd-8911-40fa-b6f9-515c5b0eaf60",
        "Start Frame": 5160,
        "End Frame": 5280,
        "Caption": "#C C scrapes the wall ; #C C scrapes the wall; #C C removes the wall with the brush; #C C scrapes off paint; #C C smoothens the wall with the sand"
    },
    {
        "Video Name": "287d71bd-8911-40fa-b6f9-515c5b0eaf60",
        "Start Frame": 5280,
        "End Frame": 5400,
        "Caption": "#C C touches the wall with his left hand.; #C C  scrubs the wall with a brush; #C C  wipes the wall with a brush; #C C scrapes the wall with the scraper in his right hand; #C C removes the dried paint on the wall with his left hand"
    }
]