[
    {
        "Video Name": "293f6799-01e3-485c-8e89-bfd0e0c7b545",
        "Start Frame": 0,
        "End Frame": 120,
        "Caption": "#C C looks around the table; #C C shuffles cards ; #C C shuffles the cards ; #C C picks up the cards from the table; #C C shuffles her cards"
    },
    {
        "Video Name": "293f6799-01e3-485c-8e89-bfd0e0c7b545",
        "Start Frame": 120,
        "End Frame": 240,
        "Caption": "#C C places cards on the table ; #C C picks up the cards from the; #C C picks cards from the table ; #C C arranges the cards on the; #C C shuffles the cards"
    },
    {
        "Video Name": "293f6799-01e3-485c-8e89-bfd0e0c7b545",
        "Start Frame": 240,
        "End Frame": 360,
        "Caption": "#C C places a card on the table; #C C puts the cards on the table; #C C puts cards on the table ; #C C places a card on the table; #C C places the cards on the table"
    },
    {
        "Video Name": "293f6799-01e3-485c-8e89-bfd0e0c7b545",
        "Start Frame": 360,
        "End Frame": 480,
        "Caption": "#C C picks the cards from the table; #C C picks cards from the table ; #C C picks the cards on the table; #C C picks up the cards from the table; #C C arranges cards on the table"
    },
    {
        "Video Name": "293f6799-01e3-485c-8e89-bfd0e0c7b545",
        "Start Frame": 480,
        "End Frame": 600,
        "Caption": "#C C picks cards from the table ; #C C picks a card from the table ; #C C picks cards from the table ; #C C picks up a card from the table; #C C picks a card from the table "
    },
    {
        "Video Name": "293f6799-01e3-485c-8e89-bfd0e0c7b545",
        "Start Frame": 600,
        "End Frame": 720,
        "Caption": "#C C checks the cards; #O person X arranges cards on the table ; #C C organizes his cards; #C C and a man X plays card game with each other; #C C stares at the cards in her hands "
    },
    {
        "Video Name": "293f6799-01e3-485c-8e89-bfd0e0c7b545",
        "Start Frame": 720,
        "End Frame": 840,
        "Caption": "#C C shuffles her cards ; #C C places cards on the table; #C C arranges his cards ; #C C puts cards on the table; #C C places cards on the table"
    },
    {
        "Video Name": "293f6799-01e3-485c-8e89-bfd0e0c7b545",
        "Start Frame": 840,
        "End Frame": 960,
        "Caption": "#C C stares at the table; #C C looks around the table ; #C C stares at the table; #C C looks at the cards in his hands; #C C stares at the table"
    },
    {
        "Video Name": "293f6799-01e3-485c-8e89-bfd0e0c7b545",
        "Start Frame": 960,
        "End Frame": 1080,
        "Caption": "#O person X places a card on the table; #O person X drops a card on the table; #O person X puts a card on the table; #O person X puts a card on the table; #O person X drops a card on the table"
    },
    {
        "Video Name": "293f6799-01e3-485c-8e89-bfd0e0c7b545",
        "Start Frame": 1080,
        "End Frame": 1200,
        "Caption": "#O person X picks cards on the table ; #O A man R distributes the cards; #O person X picks up his cards on the table; #O person X picks up the cards from the table; #O person X picks cards from the table "
    },
    {
        "Video Name": "293f6799-01e3-485c-8e89-bfd0e0c7b545",
        "Start Frame": 1200,
        "End Frame": 1320,
        "Caption": "#C C puts a card on the table; #C C places cards on the table ; #C C puts a card on the table ; #O person X picks a card on the table; #C C puts a card on the table "
    },
    {
        "Video Name": "293f6799-01e3-485c-8e89-bfd0e0c7b545",
        "Start Frame": 1320,
        "End Frame": 1440,
        "Caption": "#C C picks a card from the table; #C C picks a card from the table; #C C picks a card from the table; #C C picks a card on the table; #C C picks a card on the table"
    },
    {
        "Video Name": "293f6799-01e3-485c-8e89-bfd0e0c7b545",
        "Start Frame": 1440,
        "End Frame": 1560,
        "Caption": "#O person X picks a card from the table; #O person X picks a card from the table; #C C picks a card from the table ; #O person X picks a card from the table; #O person X picks a card from the table"
    },
    {
        "Video Name": "293f6799-01e3-485c-8e89-bfd0e0c7b545",
        "Start Frame": 1560,
        "End Frame": 1680,
        "Caption": "#O person X places card on the table ; #O A man R drops the card on the; #O A man R places a card on the; #O person X puts cards on the table ; #C C arranges the cards on the table"
    },
    {
        "Video Name": "293f6799-01e3-485c-8e89-bfd0e0c7b545",
        "Start Frame": 1680,
        "End Frame": 1800,
        "Caption": "#O A man R organizes his cards; #C C puts card on the table ; #C C looks at the cards in his hands; #O A man R places a card on the; #C C stares at the cards in her hands"
    },
    {
        "Video Name": "293f6799-01e3-485c-8e89-bfd0e0c7b545",
        "Start Frame": 1800,
        "End Frame": 1920,
        "Caption": "#O person X touches the cards on the table; #O A man R places a card on the; #O person Y touches the cards on the table; #O person Y touches the cards on the table; #O person X places a card on the table"
    },
    {
        "Video Name": "293f6799-01e3-485c-8e89-bfd0e0c7b545",
        "Start Frame": 1920,
        "End Frame": 2040,
        "Caption": "#C C picks a card from the table; #C C picks a card on the table; #C C arranges his cards ; #C C picks a card from the table; #C C puts a card on the table"
    },
    {
        "Video Name": "293f6799-01e3-485c-8e89-bfd0e0c7b545",
        "Start Frame": 2040,
        "End Frame": 2160,
        "Caption": "#C C looks at the cards in her; #C C looks at the cards; #C C looks at the cards; #C C looks at her cards ; #C C looks at the cards "
    },
    {
        "Video Name": "293f6799-01e3-485c-8e89-bfd0e0c7b545",
        "Start Frame": 2160,
        "End Frame": 2280,
        "Caption": "#C C organizes her cards; #C C arranges her cards; #O A man R holds the cards with his; #O A man R moves the cards on the; #O person X arranges cards on his hands"
    },
    {
        "Video Name": "293f6799-01e3-485c-8e89-bfd0e0c7b545",
        "Start Frame": 2280,
        "End Frame": 2400,
        "Caption": "#O A man R plays card game with C; #O A man R places the card on the table; #O person X stares at the cards in his hands; #O A man R touches the card; #C C stares at the cards in her hands "
    },
    {
        "Video Name": "293f6799-01e3-485c-8e89-bfd0e0c7b545",
        "Start Frame": 2400,
        "End Frame": 2520,
        "Caption": "#C C arranges her cards; #C C arranges her cards ; #C C stares at the cards in his hands; #C C organizes her cards; #C C checks the cards in his hands "
    },
    {
        "Video Name": "293f6799-01e3-485c-8e89-bfd0e0c7b545",
        "Start Frame": 2520,
        "End Frame": 2640,
        "Caption": "#C C stares at the cards in his hands ; #C C stares at the cards in his hands ; #C C checks the cards in her hands ; #O person X looks at the cards in his hands; #C C looks at the cards in her hands"
    },
    {
        "Video Name": "293f6799-01e3-485c-8e89-bfd0e0c7b545",
        "Start Frame": 2640,
        "End Frame": 2760,
        "Caption": "#C C places the cards on the table; #C C touches cards on the table ; #C C puts his cards on the table ; #O person X collects his cards on the table; #C C places a card on the table "
    },
    {
        "Video Name": "293f6799-01e3-485c-8e89-bfd0e0c7b545",
        "Start Frame": 2760,
        "End Frame": 2880,
        "Caption": "#C C picks a card from the table; #C C puts cards on the table ; #C C picks a card on the table; #C C picks a card from the table; #C C picks a card from the table"
    },
    {
        "Video Name": "293f6799-01e3-485c-8e89-bfd0e0c7b545",
        "Start Frame": 2880,
        "End Frame": 3000,
        "Caption": "#C C taps on the table ; #C C picks a card from the table; #C C points at the cards on the; #C C picks a card on the table; #C C touches the cards on the table"
    },
    {
        "Video Name": "293f6799-01e3-485c-8e89-bfd0e0c7b545",
        "Start Frame": 3000,
        "End Frame": 3120,
        "Caption": "#O person X picks up a card from the table; #O person Y picks a card from the table ; #O person Y picks a card from the table ; #O A man R picks a card from the table; #O person X picks up the cards on the table"
    },
    {
        "Video Name": "293f6799-01e3-485c-8e89-bfd0e0c7b545",
        "Start Frame": 3120,
        "End Frame": 3240,
        "Caption": "#O person X picks a card from the table; #O person X picks a card from the table; #O person X picks cards from the table ; #O person X picks a card from the table; #O person X touches the cards on the table"
    },
    {
        "Video Name": "293f6799-01e3-485c-8e89-bfd0e0c7b545",
        "Start Frame": 3240,
        "End Frame": 3360,
        "Caption": "#C C looks at the cards in her hands; #C C looks at the cards in her hands; #C C looks at the cards in his hands; #O A man R touches the cards on the; #C C stares at the cards in her hands"
    },
    {
        "Video Name": "293f6799-01e3-485c-8e89-bfd0e0c7b545",
        "Start Frame": 3360,
        "End Frame": 3480,
        "Caption": "#C C picks a card from the table; #C C picks a card from the table; #C C picks a card on the table; #C C picks a card from the table; #C C picks a card from the table"
    },
    {
        "Video Name": "293f6799-01e3-485c-8e89-bfd0e0c7b545",
        "Start Frame": 3480,
        "End Frame": 3600,
        "Caption": "#C C puts a card on the table; #C C puts the card on the table; #C C puts the cards on the table; #C C puts a card on the table; #C C puts a card on the table"
    },
    {
        "Video Name": "293f6799-01e3-485c-8e89-bfd0e0c7b545",
        "Start Frame": 3600,
        "End Frame": 3720,
        "Caption": "#C C looks at the cards in his hands; #C C looks at the cards in her hands; #C C talks to person X; #C C stares at the cards in his hands; #C C looks at the cards in his hands"
    },
    {
        "Video Name": "293f6799-01e3-485c-8e89-bfd0e0c7b545",
        "Start Frame": 3720,
        "End Frame": 3840,
        "Caption": "#C C puts a card on the table ; #C C puts a card on the table ; #C C stares at the cards in her hands; #C C picks a card from the table ; #C C stares at the cards in her hands"
    },
    {
        "Video Name": "293f6799-01e3-485c-8e89-bfd0e0c7b545",
        "Start Frame": 3840,
        "End Frame": 3960,
        "Caption": "#C C places a card on the table; #C C puts a card on the table; #C C picks a card from the table; #C C puts the card on the table; #C C puts a card on the table"
    },
    {
        "Video Name": "293f6799-01e3-485c-8e89-bfd0e0c7b545",
        "Start Frame": 3960,
        "End Frame": 4080,
        "Caption": "#O person X puts the dice on the table; #O person X puts the cards on the table; #O person X puts the cards on the table; #O person X puts the cards on the table; #O person X puts the dice on the table"
    },
    {
        "Video Name": "293f6799-01e3-485c-8e89-bfd0e0c7b545",
        "Start Frame": 4080,
        "End Frame": 4200,
        "Caption": "#C C arranges his cards on the; #C C picks a card on the table; #C C picks a card on the table; #C C puts the card on the table; #C C picks a card on the table"
    },
    {
        "Video Name": "293f6799-01e3-485c-8e89-bfd0e0c7b545",
        "Start Frame": 4200,
        "End Frame": 4320,
        "Caption": "#C C puts a card on the table; #C C touches the card on the table; #C C puts the card on the table; #C C puts a card on the table; #C C puts the cards on the table"
    },
    {
        "Video Name": "293f6799-01e3-485c-8e89-bfd0e0c7b545",
        "Start Frame": 4320,
        "End Frame": 4440,
        "Caption": "#O person X picks a dice from the table; #O person X puts the dice on the table; #O person X puts the dice on the table; #O A man R moves the dice on the; #O A man R places the dice on the"
    },
    {
        "Video Name": "293f6799-01e3-485c-8e89-bfd0e0c7b545",
        "Start Frame": 4440,
        "End Frame": 4560,
        "Caption": "#O A man R picks the dice from the table; #O person X picks up a dice from the table; #O A man R places the dice on the table; #O A man R picks a dice from the table; #O A man R places the dice on the table"
    },
    {
        "Video Name": "293f6799-01e3-485c-8e89-bfd0e0c7b545",
        "Start Frame": 4560,
        "End Frame": 4680,
        "Caption": "#O person Y stares at the cards in his hands; #C C stares at the table; #O A man R picks a card on the table; #C C looks at the cards in his hands ; #C C stares at the table"
    },
    {
        "Video Name": "293f6799-01e3-485c-8e89-bfd0e0c7b545",
        "Start Frame": 4680,
        "End Frame": 4800,
        "Caption": "#O A man X nods his head ; #O A man R holds the cards in his; #C C looks at the cards in her hands; #C C stares at the cards in his hands; #C C stares at the table"
    },
    {
        "Video Name": "293f6799-01e3-485c-8e89-bfd0e0c7b545",
        "Start Frame": 4800,
        "End Frame": 4920,
        "Caption": "#C C stares at the table; #C C points on the cards on the; #C C looks around; #C C picks a card from the table; #C C looks at the cards on the"
    },
    {
        "Video Name": "293f6799-01e3-485c-8e89-bfd0e0c7b545",
        "Start Frame": 4920,
        "End Frame": 5040,
        "Caption": "#C C touches the cards on the table; #C C picks a card on the table; #C C picks a card from the table; #C C picks a card on the table; #C C touches the cards on the table"
    },
    {
        "Video Name": "293f6799-01e3-485c-8e89-bfd0e0c7b545",
        "Start Frame": 5040,
        "End Frame": 5160,
        "Caption": "#O person X picks up a card on the table; #C C touches the cards on the table ; #C C pushes the cards on the table; #O person X puts a card on the table ; #C C picks a dice from the table "
    },
    {
        "Video Name": "293f6799-01e3-485c-8e89-bfd0e0c7b545",
        "Start Frame": 5160,
        "End Frame": 5280,
        "Caption": "#C C picks a card from the table ; #C C picks a card from the table ; #C C picks a card from the table ; #O person X picks a card from the table ; #C C picks a cup of coffee from the table"
    },
    {
        "Video Name": "293f6799-01e3-485c-8e89-bfd0e0c7b545",
        "Start Frame": 5280,
        "End Frame": 5400,
        "Caption": "#C C drinks from the cup; #C C drinks coffee; #C C drinks from the cup; #C C drinks tea; #C C sips from the"
    }
]