[
    {
        "Video Name": "2c3c743d-96fd-4772-ba8c-e28f5a6ea741",
        "Start Frame": 0,
        "End Frame": 120,
        "Caption": "#O man X  points on the table; #O man X  takes a dice ; #O man X points the board ; #O A man Y points on the board; #O man X points on the table "
    },
    {
        "Video Name": "2c3c743d-96fd-4772-ba8c-e28f5a6ea741",
        "Start Frame": 120,
        "End Frame": 240,
        "Caption": "#O man X arranges cards ; #O man X juggles the cards; #O man X spreads cards; #O man X holds cards ; #O man X holds the cards"
    },
    {
        "Video Name": "2c3c743d-96fd-4772-ba8c-e28f5a6ea741",
        "Start Frame": 240,
        "End Frame": 360,
        "Caption": "#C C looks around ; #O A man Y arranges; #C C looks around; #C C looks around; #C C looks around"
    },
    {
        "Video Name": "2c3c743d-96fd-4772-ba8c-e28f5a6ea741",
        "Start Frame": 360,
        "End Frame": 480,
        "Caption": "#C C looks around; #C C arranges cards; #C C looks around ; #C C looks around ; #C C looks around "
    },
    {
        "Video Name": "2c3c743d-96fd-4772-ba8c-e28f5a6ea741",
        "Start Frame": 480,
        "End Frame": 600,
        "Caption": "#o man x takes a card from the; #O man X puts the cards on the; #O man X takes a card ; #C C puts the cards on the table; #O man X places cards on the table"
    },
    {
        "Video Name": "2c3c743d-96fd-4772-ba8c-e28f5a6ea741",
        "Start Frame": 600,
        "End Frame": 720,
        "Caption": "#O man X picks a card ; #O man X  takes a card; #O man X picks a card; #O man X puts cards on the; #O man X picks a card "
    },
    {
        "Video Name": "2c3c743d-96fd-4772-ba8c-e28f5a6ea741",
        "Start Frame": 720,
        "End Frame": 840,
        "Caption": "#C C picks cards from the table; #O man X puts the dices on the; #C C takes dice from man X ; #C C picks dice from the table; #O man X takes a card"
    },
    {
        "Video Name": "2c3c743d-96fd-4772-ba8c-e28f5a6ea741",
        "Start Frame": 840,
        "End Frame": 960,
        "Caption": "#C C looks around; #C C looks around the; #C C looks around; #C C looks around; #C C looks around"
    },
    {
        "Video Name": "2c3c743d-96fd-4772-ba8c-e28f5a6ea741",
        "Start Frame": 960,
        "End Frame": 1080,
        "Caption": "#C C touches  a card; #C C looks at the cards on the table; #C C picks a card; #C C picks a card ; #O man X arranges the cards on the"
    },
    {
        "Video Name": "2c3c743d-96fd-4772-ba8c-e28f5a6ea741",
        "Start Frame": 1080,
        "End Frame": 1200,
        "Caption": "#C C puts the card on the; #C C arranges cards on the; #C C puts the card on the; #C C picks a card from the; #C C puts card on the table"
    },
    {
        "Video Name": "2c3c743d-96fd-4772-ba8c-e28f5a6ea741",
        "Start Frame": 1200,
        "End Frame": 1320,
        "Caption": "#C C picks a card; #C C picks a card; #C C picks a card; #C C picks a card from the table; #C C picks a card"
    },
    {
        "Video Name": "2c3c743d-96fd-4772-ba8c-e28f5a6ea741",
        "Start Frame": 1320,
        "End Frame": 1440,
        "Caption": "#C C looks around ; #C C looks at the cards; #C C looks around ; #C C looks at the cards; #C C looks at the cards"
    },
    {
        "Video Name": "2c3c743d-96fd-4772-ba8c-e28f5a6ea741",
        "Start Frame": 1440,
        "End Frame": 1560,
        "Caption": "#O man X takes dice; #O man X picks a dice; #O man X picks the cubes; #O man X takes a dice; #O man X takes a dice"
    },
    {
        "Video Name": "2c3c743d-96fd-4772-ba8c-e28f5a6ea741",
        "Start Frame": 1560,
        "End Frame": 1680,
        "Caption": "#O man X holds cards ; #O man X picks a dice ; #O man X puts cards on the table; #O man X picks cards ; #O man X takes a card "
    },
    {
        "Video Name": "2c3c743d-96fd-4772-ba8c-e28f5a6ea741",
        "Start Frame": 1680,
        "End Frame": 1800,
        "Caption": "#O man X arranges the cards; #O man X picks the cards; #C C looks around; #O man X arranges his cards; #O man X shuffles the cards"
    },
    {
        "Video Name": "2c3c743d-96fd-4772-ba8c-e28f5a6ea741",
        "Start Frame": 1800,
        "End Frame": 1920,
        "Caption": "#o man x picks a card from the table; #O man X takes a dice ; #O man X  puts a card on the table; #O man X takes a dice ; #O man X picks a dice "
    },
    {
        "Video Name": "2c3c743d-96fd-4772-ba8c-e28f5a6ea741",
        "Start Frame": 1920,
        "End Frame": 2040,
        "Caption": "#O man X  puts the brick on the table ; #O man X  takes a brick ; #O man X  puts a cube on the table ; #O man X takes a brick ; #O man X  arranges the numbers on the board"
    },
    {
        "Video Name": "2c3c743d-96fd-4772-ba8c-e28f5a6ea741",
        "Start Frame": 2040,
        "End Frame": 2160,
        "Caption": "#C C looks around; #O man X puts card on the table; #O man X holds the cards ; #O man X puts card on the table; #C C looks around"
    },
    {
        "Video Name": "2c3c743d-96fd-4772-ba8c-e28f5a6ea741",
        "Start Frame": 2160,
        "End Frame": 2280,
        "Caption": "#O man X puts the dice on the table; #O man X puts the cubes together ; #O man X puts the dice on the table; #O man X  puts the dice down ; #O man X takes a brick "
    },
    {
        "Video Name": "2c3c743d-96fd-4772-ba8c-e28f5a6ea741",
        "Start Frame": 2280,
        "End Frame": 2400,
        "Caption": "#C C takes dice from man X ; #C C takes the dice from man X; #C C picks the dice from man X; #C C picks dice from man X ; #C C passes the dice to person X"
    },
    {
        "Video Name": "2c3c743d-96fd-4772-ba8c-e28f5a6ea741",
        "Start Frame": 2400,
        "End Frame": 2520,
        "Caption": "#C C puts dice on the; #C C looks around ; #C C looks around ; #C C moves hands; #C C looks around"
    },
    {
        "Video Name": "2c3c743d-96fd-4772-ba8c-e28f5a6ea741",
        "Start Frame": 2520,
        "End Frame": 2640,
        "Caption": "#O man X picks a card; #O man X picks a card from the table; #O man X stretches hand; #O man X stretches his hand ; #O person X picks a card from the table"
    },
    {
        "Video Name": "2c3c743d-96fd-4772-ba8c-e28f5a6ea741",
        "Start Frame": 2640,
        "End Frame": 2760,
        "Caption": "#O A man X points on the table; #O man X touches cards on the table; #O man X  points the table ; #O man X touches a card on the; #O man X points on the table "
    },
    {
        "Video Name": "2c3c743d-96fd-4772-ba8c-e28f5a6ea741",
        "Start Frame": 2760,
        "End Frame": 2880,
        "Caption": "#C C picks a card on the; #O man X arranges cards ; #C C points on the table ; #C C points on the table; #O man X touches the cards"
    },
    {
        "Video Name": "2c3c743d-96fd-4772-ba8c-e28f5a6ea741",
        "Start Frame": 2880,
        "End Frame": 3000,
        "Caption": "#C C picks a card ; #C C picks a card ; #O man X picks a card; #C C picks a card ; #C C counts cards"
    },
    {
        "Video Name": "2c3c743d-96fd-4772-ba8c-e28f5a6ea741",
        "Start Frame": 3000,
        "End Frame": 3120,
        "Caption": "#O A man Y puts card on the table; #O A man Y puts a card on the; #O man X  picks dice; #O A man Y  arranges cards; #O man X drops the dice "
    },
    {
        "Video Name": "2c3c743d-96fd-4772-ba8c-e28f5a6ea741",
        "Start Frame": 3120,
        "End Frame": 3240,
        "Caption": "#O man X puts the dice down ; #O A man Y puts dices on the; #o man x takes a card ; #O man X  picks dice ; #O man X moves the dice "
    },
    {
        "Video Name": "2c3c743d-96fd-4772-ba8c-e28f5a6ea741",
        "Start Frame": 3240,
        "End Frame": 3360,
        "Caption": "#O man X pushes  dice ; #O man X takes a dice ; #O man X plays the dice; #O man X pushes the dice on the table; #O man X  takes the dice "
    },
    {
        "Video Name": "2c3c743d-96fd-4772-ba8c-e28f5a6ea741",
        "Start Frame": 3360,
        "End Frame": 3480,
        "Caption": "#O man X  picks a dice; #O man X takes a number ; #O man X  takes a card; #O man X takes a brick ; #O man X picks a card "
    },
    {
        "Video Name": "2c3c743d-96fd-4772-ba8c-e28f5a6ea741",
        "Start Frame": 3480,
        "End Frame": 3600,
        "Caption": "#O man X gives C the card; #O man X takes a card; #C C picks a card from man; #o man x gives man y a; #O man X gives C the card"
    },
    {
        "Video Name": "2c3c743d-96fd-4772-ba8c-e28f5a6ea741",
        "Start Frame": 3600,
        "End Frame": 3720,
        "Caption": "#O man X gives C a card; #O a man X  picks a card; #C C shuffles his cards; #C C shuffles the cards; #O man X puts a card on the table"
    },
    {
        "Video Name": "2c3c743d-96fd-4772-ba8c-e28f5a6ea741",
        "Start Frame": 3720,
        "End Frame": 3840,
        "Caption": "#C C gives dice to man X ; #C C passes dices to person X; #C C gives dices to man Y; #C C gives man Y the dice; #C C rolls the dice"
    },
    {
        "Video Name": "2c3c743d-96fd-4772-ba8c-e28f5a6ea741",
        "Start Frame": 3840,
        "End Frame": 3960,
        "Caption": "#O man X puts the dice on the table; #O man X  takes a card ; #O man X picks dice ; #O man X touches the table; #O man X touches the table"
    },
    {
        "Video Name": "2c3c743d-96fd-4772-ba8c-e28f5a6ea741",
        "Start Frame": 3960,
        "End Frame": 4080,
        "Caption": "#C C picks a card; #C C picks a card; #C C picks a card; #C C picks a card; #c c takes a card"
    },
    {
        "Video Name": "2c3c743d-96fd-4772-ba8c-e28f5a6ea741",
        "Start Frame": 4080,
        "End Frame": 4200,
        "Caption": "#C C picks a card ; #C C counts the cards ; #C C looks at the cards; #C C picks a card ; #C C arranges cards "
    },
    {
        "Video Name": "2c3c743d-96fd-4772-ba8c-e28f5a6ea741",
        "Start Frame": 4200,
        "End Frame": 4320,
        "Caption": "#C C looks at the cards; #C C arranges cards; #C C arranges cards; #C C arranges cards ; #C C looks at the cards"
    },
    {
        "Video Name": "2c3c743d-96fd-4772-ba8c-e28f5a6ea741",
        "Start Frame": 4320,
        "End Frame": 4440,
        "Caption": "#C C looks around; #C C looks around; #C C looks around; #C C looks around; #C C looks around"
    },
    {
        "Video Name": "2c3c743d-96fd-4772-ba8c-e28f5a6ea741",
        "Start Frame": 4440,
        "End Frame": 4560,
        "Caption": "#O man X  arranges cards; #O man X arranges cards; #O man X puts cards on the table; #O man X plays the card game with; #O man X  arranges cards"
    },
    {
        "Video Name": "2c3c743d-96fd-4772-ba8c-e28f5a6ea741",
        "Start Frame": 4560,
        "End Frame": 4680,
        "Caption": "#O man X puts the dice on the table; #O man X drops the dice ; #O man X puts the dice on the table; #O man X places the dice on the table; #O man X takes dice "
    },
    {
        "Video Name": "2c3c743d-96fd-4772-ba8c-e28f5a6ea741",
        "Start Frame": 4680,
        "End Frame": 4800,
        "Caption": "#O man X arranges cards on the table; #C C looks around ; #O man X holds the dices ; #O man X takes a dice ; #O man X takes a cube "
    },
    {
        "Video Name": "2c3c743d-96fd-4772-ba8c-e28f5a6ea741",
        "Start Frame": 4800,
        "End Frame": 4920,
        "Caption": "#C C throws the dices on the; #C C picks a dice from man X; #C C picks a dice from man X; #C C talks to man X ; #C C gives dice to person X "
    },
    {
        "Video Name": "2c3c743d-96fd-4772-ba8c-e28f5a6ea741",
        "Start Frame": 4920,
        "End Frame": 5040,
        "Caption": "#O man X picks a card from the table; #O man X picks a card ; #O man X picks a card from the table; #C C picks a card from the table; #o man x picks a card from the table"
    },
    {
        "Video Name": "2c3c743d-96fd-4772-ba8c-e28f5a6ea741",
        "Start Frame": 5040,
        "End Frame": 5160,
        "Caption": "#C C arranges cards; #C C arranges cards; #C C selects the cards; #C C looks at the; #C C arranges his"
    },
    {
        "Video Name": "2c3c743d-96fd-4772-ba8c-e28f5a6ea741",
        "Start Frame": 5160,
        "End Frame": 5280,
        "Caption": "#C C looks at the cards; #C C shuffles the cards; #C C arranges the cards; #C C looks at her cards; #C C shuffles his cards"
    },
    {
        "Video Name": "2c3c743d-96fd-4772-ba8c-e28f5a6ea741",
        "Start Frame": 5280,
        "End Frame": 5400,
        "Caption": "#C C looks at the cards; #C C looks at the cards; #C C looks at the cards; #C C looks at the card; #C C touches the face"
    }
]