[
    {
        "Video Name": "2d0cbcf9-3ae9-4149-8d45-8b31dfc0631c",
        "Start Frame": 0,
        "End Frame": 120,
        "Caption": "#C C pulls down the lever ; #C C turns a dough roller; #C C operates the dough cutting machine; #C C opens the dough sheeter; #C C operates the dough press machine"
    },
    {
        "Video Name": "2d0cbcf9-3ae9-4149-8d45-8b31dfc0631c",
        "Start Frame": 120,
        "End Frame": 240,
        "Caption": "#C C takes dough ; #C C puts dough on the; #c c pick the dough; #C C picks the dough; #C C picks dough"
    },
    {
        "Video Name": "2d0cbcf9-3ae9-4149-8d45-8b31dfc0631c",
        "Start Frame": 240,
        "End Frame": 360,
        "Caption": "#C C looks around; #C C puts dough on table; #C C puts dough on the; #C C places dough on the; #C C puts dough on the"
    },
    {
        "Video Name": "2d0cbcf9-3ae9-4149-8d45-8b31dfc0631c",
        "Start Frame": 360,
        "End Frame": 480,
        "Caption": "#C C picks dough from the table; #C C takes flour from the table; #c c take the dough on the; #C C picks dough; #C C picks dough"
    },
    {
        "Video Name": "2d0cbcf9-3ae9-4149-8d45-8b31dfc0631c",
        "Start Frame": 480,
        "End Frame": 600,
        "Caption": "#C C puts dough in the machine; #C C puts the dough in the dough divider machine with both hands; #C C puts dough on the dough maker ; #C C puts dough in the machine; #C C puts dough on the machine"
    },
    {
        "Video Name": "2d0cbcf9-3ae9-4149-8d45-8b31dfc0631c",
        "Start Frame": 600,
        "End Frame": 720,
        "Caption": "#C C spreads flour on dough; #C C spreads flour on dough; #C C spreads flour on dough; #C C spreads flour on dough; #C C spreads dough in the"
    },
    {
        "Video Name": "2d0cbcf9-3ae9-4149-8d45-8b31dfc0631c",
        "Start Frame": 720,
        "End Frame": 840,
        "Caption": "#C C opens the machine; #C C closes the dough divider with both hands.; #C C adjusts the dough press; #C C opens the dough cutting machine; #C C closes the dough divider machine with both hands"
    },
    {
        "Video Name": "2d0cbcf9-3ae9-4149-8d45-8b31dfc0631c",
        "Start Frame": 840,
        "End Frame": 960,
        "Caption": "#C C pulls down the lever on the dough divider with his right hand; #C C opens the dough divider machine with his right hand.; #C C moves hand up; #C C pulls the lever of the dough divider up with his right hand; #C C adjusts the machine"
    },
    {
        "Video Name": "2d0cbcf9-3ae9-4149-8d45-8b31dfc0631c",
        "Start Frame": 960,
        "End Frame": 1080,
        "Caption": "#C C picks a scrapper from a dough mixer with his right hand; #C C looks around; #C C moves around ; #C C takes the dough cutter; #C C walks around"
    },
    {
        "Video Name": "2d0cbcf9-3ae9-4149-8d45-8b31dfc0631c",
        "Start Frame": 1080,
        "End Frame": 1200,
        "Caption": "#C C picks a bucket; #C C picks bucket from the floor; #C C picks a bucket; #C C picks a bucket; #C C picks the bucket from the floor with his left hand"
    },
    {
        "Video Name": "2d0cbcf9-3ae9-4149-8d45-8b31dfc0631c",
        "Start Frame": 1200,
        "End Frame": 1320,
        "Caption": "#C C opens a bag with his right hand.; #C C drops the bag of flour on the floor.; #C C drops the bag on the floor with his right hand; #C C opens the sack of flour; #C C throws the bag down"
    },
    {
        "Video Name": "2d0cbcf9-3ae9-4149-8d45-8b31dfc0631c",
        "Start Frame": 1320,
        "End Frame": 1440,
        "Caption": "#C C pours flour in the; #C C pours flour in the; #C C puts dough in the bucket; #C C scoops flour; #C C pours flour in the"
    },
    {
        "Video Name": "2d0cbcf9-3ae9-4149-8d45-8b31dfc0631c",
        "Start Frame": 1440,
        "End Frame": 1560,
        "Caption": "#C C takes a dough; #C C puts down the flour; #C C puts flour on the; #C C takes flour; #C C picks the flour"
    },
    {
        "Video Name": "2d0cbcf9-3ae9-4149-8d45-8b31dfc0631c",
        "Start Frame": 1560,
        "End Frame": 1680,
        "Caption": "#C C sprinkles flour on the; #C C moves around; #C C turns around; #C C moves flour on the table; #C C moves hand"
    },
    {
        "Video Name": "2d0cbcf9-3ae9-4149-8d45-8b31dfc0631c",
        "Start Frame": 1680,
        "End Frame": 1800,
        "Caption": "#C C spreads flour on the tray; #C C spreads flour on the baking; #C C moves around; #C C puts dough on the baking; #C C turns around"
    },
    {
        "Video Name": "2d0cbcf9-3ae9-4149-8d45-8b31dfc0631c",
        "Start Frame": 1800,
        "End Frame": 1920,
        "Caption": "#C C puts dough on the; #C C rolls dough on table; #C C places dough on table; #c c move the dough; #C C picks dough"
    },
    {
        "Video Name": "2d0cbcf9-3ae9-4149-8d45-8b31dfc0631c",
        "Start Frame": 1920,
        "End Frame": 2040,
        "Caption": "#C C rolls dough on the table; #C C rolls dough; #C C rolls dough on table; #C C rolls dough; #C C rolls the doughs on the table with his hands."
    },
    {
        "Video Name": "2d0cbcf9-3ae9-4149-8d45-8b31dfc0631c",
        "Start Frame": 2040,
        "End Frame": 2160,
        "Caption": "#C C picks dough; #c c take the dough from the table; #C C takes the doughs from the table with both hands; #C C picks dough; #C C picks dough from the table"
    },
    {
        "Video Name": "2d0cbcf9-3ae9-4149-8d45-8b31dfc0631c",
        "Start Frame": 2160,
        "End Frame": 2280,
        "Caption": "#C C rolls dough on table; #C C rolls dough on the table; #C C rolls dough on table; #C C rolls dough on table; #C C rolls the dough on the table with his left hand"
    },
    {
        "Video Name": "2d0cbcf9-3ae9-4149-8d45-8b31dfc0631c",
        "Start Frame": 2280,
        "End Frame": 2400,
        "Caption": "#C C rolls dough on the table; #C C picks the doughs from the work table with his hands.; #C C rolls dough on table; #C C rolls the doughs on the flour on the table with both hands; #C C rolls the doughs on the table with both hands."
    },
    {
        "Video Name": "2d0cbcf9-3ae9-4149-8d45-8b31dfc0631c",
        "Start Frame": 2400,
        "End Frame": 2520,
        "Caption": "#C C rolls dough; #C C rolls dough on the table; #C C rolls the doughs on the table with both hands; #C C rolls dough on table; #C C rolls dough on table"
    },
    {
        "Video Name": "2d0cbcf9-3ae9-4149-8d45-8b31dfc0631c",
        "Start Frame": 2520,
        "End Frame": 2640,
        "Caption": "#C C puts dough in the flour; #C C takes the doughs from the table with his hands.; #C C rolls dough on the table; #C C rolls dough on the table; #C C rolls the doughs in flour on the table with both hands"
    },
    {
        "Video Name": "2d0cbcf9-3ae9-4149-8d45-8b31dfc0631c",
        "Start Frame": 2640,
        "End Frame": 2760,
        "Caption": "#C C picks dough; #C C rolls the doughs on the table with both hands; #C C rolls dough on the table; #C C rolls dough on table; #C C rolls dough on the table"
    },
    {
        "Video Name": "2d0cbcf9-3ae9-4149-8d45-8b31dfc0631c",
        "Start Frame": 2760,
        "End Frame": 2880,
        "Caption": "#C C rolls the doughs on the baking table with both hands; #c c pick the dough; #C C picks dough; #C C rolls dough on table; #C C picks dough"
    },
    {
        "Video Name": "2d0cbcf9-3ae9-4149-8d45-8b31dfc0631c",
        "Start Frame": 2880,
        "End Frame": 3000,
        "Caption": "#C C picks dough from the; #C C picks dough; #C C picks dough; #C C picks dough; #C C picks a dough"
    },
    {
        "Video Name": "2d0cbcf9-3ae9-4149-8d45-8b31dfc0631c",
        "Start Frame": 3000,
        "End Frame": 3120,
        "Caption": "#C C puts dough on the table; #C C places the dough on the table with both hands; #C C puts dough on the table; #C C puts dough on the table; #C C puts dough on the table"
    },
    {
        "Video Name": "2d0cbcf9-3ae9-4149-8d45-8b31dfc0631c",
        "Start Frame": 3120,
        "End Frame": 3240,
        "Caption": "#C C takes dough ; #C C picks dough; #C C picks dough on table; #C C picks dough on the; #C C picks dough"
    },
    {
        "Video Name": "2d0cbcf9-3ae9-4149-8d45-8b31dfc0631c",
        "Start Frame": 3240,
        "End Frame": 3360,
        "Caption": "#C C picks dough from the table; #C C picks dough from the table; #C C picks dough from the table; #C C picks dough on table; #C C takes the doughs from the table with his hands"
    },
    {
        "Video Name": "2d0cbcf9-3ae9-4149-8d45-8b31dfc0631c",
        "Start Frame": 3360,
        "End Frame": 3480,
        "Caption": "#C C rolls the dough; #C C rolls dough on the; #C C rolls dough; #C C arranges dough on; #C C rolls dough on a"
    },
    {
        "Video Name": "2d0cbcf9-3ae9-4149-8d45-8b31dfc0631c",
        "Start Frame": 3480,
        "End Frame": 3600,
        "Caption": "#C C rolls dough; #C C rolls dough on the; #C C rolls dough; #C C rolls dough on the; #C C rolls dough"
    },
    {
        "Video Name": "2d0cbcf9-3ae9-4149-8d45-8b31dfc0631c",
        "Start Frame": 3600,
        "End Frame": 3720,
        "Caption": "#C C picks dough; #C C places dough on table; #C C arranges doughs on the table with his hands; #C C places dough on the table; #c c put dough on the table"
    },
    {
        "Video Name": "2d0cbcf9-3ae9-4149-8d45-8b31dfc0631c",
        "Start Frame": 3720,
        "End Frame": 3840,
        "Caption": "#C C rolls dough on table; #C C rolls dough on table; #C C rolls dough on the table; #c c roll the dough on the; #C C rolls dough on table"
    },
    {
        "Video Name": "2d0cbcf9-3ae9-4149-8d45-8b31dfc0631c",
        "Start Frame": 3840,
        "End Frame": 3960,
        "Caption": "#C C picks up dough; #C C rolls dough on the table; #C C takes the dough from the; #C C picks dough; #C C picks dough from the table"
    },
    {
        "Video Name": "2d0cbcf9-3ae9-4149-8d45-8b31dfc0631c",
        "Start Frame": 3960,
        "End Frame": 4080,
        "Caption": "#C C rolls dough on table; #C C rolls the doughs on the table with his hands.; #c c arrange dough; #C C picks the doughs from the work table with both hands; #C C rolls dough on the table"
    },
    {
        "Video Name": "2d0cbcf9-3ae9-4149-8d45-8b31dfc0631c",
        "Start Frame": 4080,
        "End Frame": 4200,
        "Caption": "#C C rolls the doughs on the table with his hands.; #C C rolls dough on the table; #C C rolls the dough on the table with his hands.; #C C rolls dough on table; #C C rolls the doughs on the flour on the table with both hands"
    },
    {
        "Video Name": "2d0cbcf9-3ae9-4149-8d45-8b31dfc0631c",
        "Start Frame": 4200,
        "End Frame": 4320,
        "Caption": "#C C picks the doughs from the table with his hands; #C C picks dough; #c c pick the dough; #C C picks dough from the table; #C C picks doughs from the table with both hands."
    },
    {
        "Video Name": "2d0cbcf9-3ae9-4149-8d45-8b31dfc0631c",
        "Start Frame": 4320,
        "End Frame": 4440,
        "Caption": "#C C rolls the doughs on the table with his hands.; #C C rolls the doughs on the table with both hands.; #C C rolls dough on the table; #C C rolls dough on table; #C C rolls dough"
    },
    {
        "Video Name": "2d0cbcf9-3ae9-4149-8d45-8b31dfc0631c",
        "Start Frame": 4440,
        "End Frame": 4560,
        "Caption": "#C C picks the doughs from the work table with his hands; #C C picks dough from the table; #C C puts dough on the table; #C C picks the dough; #C C picks dough"
    },
    {
        "Video Name": "2d0cbcf9-3ae9-4149-8d45-8b31dfc0631c",
        "Start Frame": 4560,
        "End Frame": 4680,
        "Caption": "#C C rolls dough on table; #C C rolls the dough on the; #C C rolls dough on the table; #C C rolls dough on table; #C C rolls dough on table"
    },
    {
        "Video Name": "2d0cbcf9-3ae9-4149-8d45-8b31dfc0631c",
        "Start Frame": 4680,
        "End Frame": 4800,
        "Caption": "#C C picks dough; #C C turns around; #C C rolls dough; #C C puts dough on the table; #C C picks the doughs from the table with his hands"
    },
    {
        "Video Name": "2d0cbcf9-3ae9-4149-8d45-8b31dfc0631c",
        "Start Frame": 4800,
        "End Frame": 4920,
        "Caption": "#C C rolls dough on table; #C C rolls the doughs on the table with his hands; #C C rolls dough on the table; #C C rolls dough; #C C rolls dough on table"
    },
    {
        "Video Name": "2d0cbcf9-3ae9-4149-8d45-8b31dfc0631c",
        "Start Frame": 4920,
        "End Frame": 5040,
        "Caption": "#C C picks dough from the; #C C picks dough; #C C picks dough from the; #C C picks dough; #C C picks dough from the"
    },
    {
        "Video Name": "2d0cbcf9-3ae9-4149-8d45-8b31dfc0631c",
        "Start Frame": 5040,
        "End Frame": 5160,
        "Caption": "#C C places dough on table; #C C puts dough on the; #C C puts dough on the; #c c put dough on the; #C C places dough on the"
    },
    {
        "Video Name": "2d0cbcf9-3ae9-4149-8d45-8b31dfc0631c",
        "Start Frame": 5160,
        "End Frame": 5280,
        "Caption": "#C C rolls dough; #C C picks the doughs from the table with both hands; #C C picks dough; #C C rolls dough on table; #C C picks dough from the table"
    },
    {
        "Video Name": "2d0cbcf9-3ae9-4149-8d45-8b31dfc0631c",
        "Start Frame": 5280,
        "End Frame": 5400,
        "Caption": "#C C puts dough on the; #C C takes dough; #C C picks a dough; #c c takes a dough; #C C picks dough"
    }
]