[
    {
        "Video Name": "2d954171-9ee2-4538-b1fd-80f4f77e6a06",
        "Start Frame": 0,
        "End Frame": 120,
        "Caption": "#C C touches a table saw with his left hand.; #C C turns on the machine; #C C turns off the machine; #C C turns the knob on the table saw with his left hand; #C C turns on the machine"
    },
    {
        "Video Name": "2d954171-9ee2-4538-b1fd-80f4f77e6a06",
        "Start Frame": 120,
        "End Frame": 240,
        "Caption": "#C C picks the wood on the table saw; #C C adjusts the knob with his right hand; #C C picks the wrench from the table ; #C C picks up the spanner; #C C switches on the machine"
    },
    {
        "Video Name": "2d954171-9ee2-4538-b1fd-80f4f77e6a06",
        "Start Frame": 240,
        "End Frame": 360,
        "Caption": "#C C turns the knob on the machine; #C C touches the knob ; #C C touches the knob with his right; #C C turns the knob; #C C turns on the machine"
    },
    {
        "Video Name": "2d954171-9ee2-4538-b1fd-80f4f77e6a06",
        "Start Frame": 360,
        "End Frame": 480,
        "Caption": "#C C holds the part of the machine with both; #C C adjusts the machine ; #C C adjusts the machine; #C C loosens the nut; #C C holds the machine with both hands"
    },
    {
        "Video Name": "2d954171-9ee2-4538-b1fd-80f4f77e6a06",
        "Start Frame": 480,
        "End Frame": 600,
        "Caption": "#C C adjusts the knob; #C C adjusts the machine; #C C holds the clamp; #C C holds the nut with the left; #C C tightens the knob "
    },
    {
        "Video Name": "2d954171-9ee2-4538-b1fd-80f4f77e6a06",
        "Start Frame": 600,
        "End Frame": 720,
        "Caption": "#C C pushes the machine down; #C C stops walking ; #C C adjusts the wood tr; #C C tightens the knob; #C C tightens the knob"
    },
    {
        "Video Name": "2d954171-9ee2-4538-b1fd-80f4f77e6a06",
        "Start Frame": 720,
        "End Frame": 840,
        "Caption": "#C C loosens the knob; #C C adjusts the knob; #C C tightens the knob; #C C loosens the knob; #C C touches the knob "
    },
    {
        "Video Name": "2d954171-9ee2-4538-b1fd-80f4f77e6a06",
        "Start Frame": 840,
        "End Frame": 960,
        "Caption": "#C C tightens the knob; #C C rotates the machine; #C C tightens the knob; #C C tightens the knob; #C C loosens the knob"
    },
    {
        "Video Name": "2d954171-9ee2-4538-b1fd-80f4f77e6a06",
        "Start Frame": 960,
        "End Frame": 1080,
        "Caption": "#C C adjusts the knob on the machine; #C C loosens the knob ; #C C tightens the knob; #C C turns the handle of the machine with his right; #C C touches the clamp"
    },
    {
        "Video Name": "2d954171-9ee2-4538-b1fd-80f4f77e6a06",
        "Start Frame": 1080,
        "End Frame": 1200,
        "Caption": "#C C holds the machine with both; #C C tightens the knob; #C C Adjusts the machine; #C C adjusts the wood cutter machine; #C C operates the machine"
    },
    {
        "Video Name": "2d954171-9ee2-4538-b1fd-80f4f77e6a06",
        "Start Frame": 1200,
        "End Frame": 1320,
        "Caption": "#C C Picks up a wood from a wood car; #C C pushes wood on the clamp ; #C C unscrews the nut with both hands; #C C removes the wood from the wood lathe; #C C adjusts the knob on the machine"
    },
    {
        "Video Name": "2d954171-9ee2-4538-b1fd-80f4f77e6a06",
        "Start Frame": 1320,
        "End Frame": 1440,
        "Caption": "#C C adjusts the part of the machine with his hands; #C C holds the machine with the right hand; #C C holds the machine with both hands; #C C adjusts the knob with both hands ; #C C tightens the knob"
    },
    {
        "Video Name": "2d954171-9ee2-4538-b1fd-80f4f77e6a06",
        "Start Frame": 1440,
        "End Frame": 1560,
        "Caption": "#C C holds the knob ; #C C tightens the knob; #C C turns on the machine; #C C turns the knob; #C C adjusts the knob"
    },
    {
        "Video Name": "2d954171-9ee2-4538-b1fd-80f4f77e6a06",
        "Start Frame": 1560,
        "End Frame": 1680,
        "Caption": "#C C tightens the knob with his left hand; #C C holds the knob; #C C holds the knob with the right hand; #C C closes the knob; #C C removes the metal from the machine "
    },
    {
        "Video Name": "2d954171-9ee2-4538-b1fd-80f4f77e6a06",
        "Start Frame": 1680,
        "End Frame": 1800,
        "Caption": "#C C tightens the machine with the span; #C C adjusts the knob on the machine; #C C holds the clamp with his right hand; #C C holds the machine; #C C fixes the blade on the clamp"
    },
    {
        "Video Name": "2d954171-9ee2-4538-b1fd-80f4f77e6a06",
        "Start Frame": 1800,
        "End Frame": 1920,
        "Caption": "#C C turns the nut on the; #C C adjusts the clamp ; #C C rotates the knob ; #C C loosens the knob; #C C tightens the knob"
    },
    {
        "Video Name": "2d954171-9ee2-4538-b1fd-80f4f77e6a06",
        "Start Frame": 1920,
        "End Frame": 2040,
        "Caption": "#C C picks up a wood; #C C adjusts the machine ; #C C adjusts a machine ; #C C holds the wood; #C C adjusts the wood lathe"
    },
    {
        "Video Name": "2d954171-9ee2-4538-b1fd-80f4f77e6a06",
        "Start Frame": 2040,
        "End Frame": 2160,
        "Caption": "#C C adjusts the knob; #C C touches the machine; #C C adjusts the knob; #C C turns off the machine; #C C loosens the machine"
    },
    {
        "Video Name": "2d954171-9ee2-4538-b1fd-80f4f77e6a06",
        "Start Frame": 2160,
        "End Frame": 2280,
        "Caption": "#C C picks up the spanner; #C C picks up the spanner; #C C takes the spanner ; #C C puts the spanner on the table; #C C drops the spanner"
    },
    {
        "Video Name": "2d954171-9ee2-4538-b1fd-80f4f77e6a06",
        "Start Frame": 2280,
        "End Frame": 2400,
        "Caption": "#C C picks a small white paper on the table with his left; #C C picks up a plastic bag; #C C walks around the workshop; #C C moves towards the table saw; #C C takes a earphone from the top of the table"
    },
    {
        "Video Name": "2d954171-9ee2-4538-b1fd-80f4f77e6a06",
        "Start Frame": 2400,
        "End Frame": 2520,
        "Caption": "#C C puts the glasses on the table; #C C puts the eye glasses on the; #C C puts the glasses on the table; #C C puts the glasses on the table; #C C removes glasses from his face "
    },
    {
        "Video Name": "2d954171-9ee2-4538-b1fd-80f4f77e6a06",
        "Start Frame": 2520,
        "End Frame": 2640,
        "Caption": "#C C turns off the table saw; #C C turns off the light; #C C turns off the wood cutting; #C C puts the saw on the; #C C turns off the table saw"
    },
    {
        "Video Name": "2d954171-9ee2-4538-b1fd-80f4f77e6a06",
        "Start Frame": 2640,
        "End Frame": 2760,
        "Caption": "#C C turns off the table saw; #C C picks the wood from the machine; #C C holds the wood; #C C turns the table saw; #C C walks in the workshop"
    },
    {
        "Video Name": "2d954171-9ee2-4538-b1fd-80f4f77e6a06",
        "Start Frame": 2760,
        "End Frame": 2880,
        "Caption": "#C C pushes the wood forward on the table; #C C pushes the wood forward on the machine; #C C pushes the wood through the machine.; #C C pushes wood through the table saw; #C C Looks at the wood"
    },
    {
        "Video Name": "2d954171-9ee2-4538-b1fd-80f4f77e6a06",
        "Start Frame": 2880,
        "End Frame": 3000,
        "Caption": "#C C pushes wood through the wood smoothing machine.; #C C places wood on the wood smoothing machine.; #C C pushes the wood through the machine with his right; #C C pushes wood through the wood smoothing machine.; #C C Pushes the wood against the smoothing machine"
    },
    {
        "Video Name": "2d954171-9ee2-4538-b1fd-80f4f77e6a06",
        "Start Frame": 3000,
        "End Frame": 3120,
        "Caption": "#C C inspects the wood; #C C looks at the wood; #C C examines the wood; #C C looks at the wood; #C C examines the wood"
    },
    {
        "Video Name": "2d954171-9ee2-4538-b1fd-80f4f77e6a06",
        "Start Frame": 3120,
        "End Frame": 3240,
        "Caption": "#C C Puts the wood on the smoothing; #C C Puts the wood on the smoothing; #C C places wood on the wood smoothing machine; #C C Puts the wood on the smoothing; #C C Puts the wood on the smoothing"
    },
    {
        "Video Name": "2d954171-9ee2-4538-b1fd-80f4f77e6a06",
        "Start Frame": 3240,
        "End Frame": 3360,
        "Caption": "#C C Puts the wood on the smoothing; #C C places wood on the wood smoothing machine; #C C Puts the wood on the smoothing; #C C Puts the wood on the smoothing; #C C Puts the wood on the smoothing"
    },
    {
        "Video Name": "2d954171-9ee2-4538-b1fd-80f4f77e6a06",
        "Start Frame": 3360,
        "End Frame": 3480,
        "Caption": "#C C Pushes the wood against the smoothing; #C C Puts the wood on the smoothing; #C C Pushes the wood against the smoothing; #C C Puts the wood on the smoothing; #C C Puts the wood on the smoothing"
    },
    {
        "Video Name": "2d954171-9ee2-4538-b1fd-80f4f77e6a06",
        "Start Frame": 3480,
        "End Frame": 3600,
        "Caption": "#C C removes the wood from the machine; #C C pushes the wood through the machine with his left; #C C moves hand along the wood; #C C removes the wood from the machine; #C C Holds the wood"
    },
    {
        "Video Name": "2d954171-9ee2-4538-b1fd-80f4f77e6a06",
        "Start Frame": 3600,
        "End Frame": 3720,
        "Caption": "#C C picks the wood planks; #C C takes the planks from the floor; #C C picks the pieces of wood.; #C C picks the woods from the floor; #C C picks a wood from the ground"
    },
    {
        "Video Name": "2d954171-9ee2-4538-b1fd-80f4f77e6a06",
        "Start Frame": 3720,
        "End Frame": 3840,
        "Caption": "#C C places the wood on the saw table; #C C carries the timber.; #C C places the wood on a wood cutter; #C C places the wood on the table ; #C C puts the wood on the table "
    },
    {
        "Video Name": "2d954171-9ee2-4538-b1fd-80f4f77e6a06",
        "Start Frame": 3840,
        "End Frame": 3960,
        "Caption": "#C C holds the wood ; #C C takes the woods; #C C takes the woods; #C C picks the wood.; #C C places the wood on the floor"
    },
    {
        "Video Name": "2d954171-9ee2-4538-b1fd-80f4f77e6a06",
        "Start Frame": 3960,
        "End Frame": 4080,
        "Caption": "#C C places the wood on the wood cutting machine; #C C places the wood on the table saw.; #C C places the wood on the wood cutting machine; #C C places the wood on the table.; #C C places the wood on the table saw."
    },
    {
        "Video Name": "2d954171-9ee2-4538-b1fd-80f4f77e6a06",
        "Start Frame": 4080,
        "End Frame": 4200,
        "Caption": "#C C carries the wood.; #C C holds the wood with both hands; #C C holds the wood; #C C carries the wooden planks with both hands; #C C carries the woods"
    },
    {
        "Video Name": "2d954171-9ee2-4538-b1fd-80f4f77e6a06",
        "Start Frame": 4200,
        "End Frame": 4320,
        "Caption": "#C C turns off the machine; #C C walks around the workshop ; #C C walks to the other side of the; #C C carries the wood with both hands; #C C walks around the workshop "
    },
    {
        "Video Name": "2d954171-9ee2-4538-b1fd-80f4f77e6a06",
        "Start Frame": 4320,
        "End Frame": 4440,
        "Caption": "#C C places the wood on top of the wood smoothing machine; #C C places the wood on the wood smoothing machine.; #C C puts the wood on the table saw.; #C C places wood on the wood smoothing machine.; #C C puts the wood on the wood smoothing machine."
    },
    {
        "Video Name": "2d954171-9ee2-4538-b1fd-80f4f77e6a06",
        "Start Frame": 4440,
        "End Frame": 4560,
        "Caption": "#C C pushes wood through the wood smoothing machine.; #C C pushes the wood through the nut.; #C C Puts the wood on the smoothing machine; #C C pushes wood through the nut; #C C pushes the wood through the wood smoothing machine"
    },
    {
        "Video Name": "2d954171-9ee2-4538-b1fd-80f4f77e6a06",
        "Start Frame": 4560,
        "End Frame": 4680,
        "Caption": "#C C Pushes the wood against the smoothing; #C C Pushes the wood against the smoothing; #C C Smoothens the wood; #C C pushes wood through the wood smoothing machine; #C C Puts the wood on the smoothing"
    },
    {
        "Video Name": "2d954171-9ee2-4538-b1fd-80f4f77e6a06",
        "Start Frame": 4680,
        "End Frame": 4800,
        "Caption": "#C C removes the wood from the smoothing machine.; #C C pushes the wood forward on the wood smoothing machine; #C C picks a wood from the wood smoothing machine.; #C C removes the wood from the table saw.; #C C picks the wood from the wood smoothing machine."
    },
    {
        "Video Name": "2d954171-9ee2-4538-b1fd-80f4f77e6a06",
        "Start Frame": 4800,
        "End Frame": 4920,
        "Caption": "#C C pushes wood through the machine.; #C C pushes wood through the wood smoothing machine; #C C Puts the wood on the smoothing; #C C Puts the wood on the smoothing; #C C pushes wood through the wood smoothing machine"
    },
    {
        "Video Name": "2d954171-9ee2-4538-b1fd-80f4f77e6a06",
        "Start Frame": 4920,
        "End Frame": 5040,
        "Caption": "#C C Puts the wood on the smoothing; #C C Pushes the wood against the smoothing; #C C Pushes the wood against the smoothing; #C C Pushes the wood against the smoothing; #C C Puts the wood on the smoothing"
    },
    {
        "Video Name": "2d954171-9ee2-4538-b1fd-80f4f77e6a06",
        "Start Frame": 5040,
        "End Frame": 5160,
        "Caption": "#C C removes the wood from the wood smoothing machine; #C C turns the other side of the flat wood.; #C C removes the wood from the table saw. ; #C C moves the wood to the front; #C C removes the wood from the wood planer"
    },
    {
        "Video Name": "2d954171-9ee2-4538-b1fd-80f4f77e6a06",
        "Start Frame": 5160,
        "End Frame": 5280,
        "Caption": "#C C places wood on the wood smoothing machine; #C C Puts the wood in the smoothing; #C C removes the other wood from the machine; #C C moves the wood ; #C C pushes wood through the wood smoothing machine"
    },
    {
        "Video Name": "2d954171-9ee2-4538-b1fd-80f4f77e6a06",
        "Start Frame": 5280,
        "End Frame": 5400,
        "Caption": "#C C Pushes the wood against the smoothing; #C C Pushes the wood against the smoothing; #C C pushes wood through the wood smoothing machine; #C C pushes wood through the wood smoothing machine; #C C Pushes the wood against the smoothing"
    }
]