[
    {
        "Video Name": "2e22aafd-1fbb-4e73-ab6f-d8f628b66ba1",
        "Start Frame": 0,
        "End Frame": 120,
        "Caption": "#C C turns off the air blower with his right hand; #C C pulls the pipe of the blower with his right; #C C puts the hose pipe on the floor; #C C pulls the hose from the nozzle of the dust bl; #C C holds the hose with his left hand"
    },
    {
        "Video Name": "2e22aafd-1fbb-4e73-ab6f-d8f628b66ba1",
        "Start Frame": 120,
        "End Frame": 240,
        "Caption": "#C C picks up the cable; #C C picks the vacuum cleaner; #C C carries a vacuum cleaner with both hands; #C C picks the hose of the air blower on the floor with her left hand; #C C picks the machine"
    },
    {
        "Video Name": "2e22aafd-1fbb-4e73-ab6f-d8f628b66ba1",
        "Start Frame": 240,
        "End Frame": 360,
        "Caption": "#C C puts the dust collector pump in the; #C C pulls the vacuum cleaner from the car; #C C puts the vacuum cleaner on the floor; #C C places the cleaning machine on the car; #C C pulls the car's boot"
    },
    {
        "Video Name": "2e22aafd-1fbb-4e73-ab6f-d8f628b66ba1",
        "Start Frame": 360,
        "End Frame": 480,
        "Caption": "#C C turns off the; #C C walks into the; #C C opens the door; #C C walks into the; #C C enters the garage"
    },
    {
        "Video Name": "2e22aafd-1fbb-4e73-ab6f-d8f628b66ba1",
        "Start Frame": 480,
        "End Frame": 600,
        "Caption": "#C C picks a glove from the floor with her right hand; #C C drops the glove on the floor with his right hand; #C C picks a glove with his right hand.; #C C picks a glove; #C C picks up the glove with his right hand."
    },
    {
        "Video Name": "2e22aafd-1fbb-4e73-ab6f-d8f628b66ba1",
        "Start Frame": 600,
        "End Frame": 720,
        "Caption": "#C C holds a vacuum cleaner hose with both hands.; #C C picks the vacuum cleaner; #C C picks a vacuum cleaner hose from the floor with his right hand; #C C picks a vacuum cleaner hose from the floor with both hands.; #C C picks the vacuum cleaner"
    },
    {
        "Video Name": "2e22aafd-1fbb-4e73-ab6f-d8f628b66ba1",
        "Start Frame": 720,
        "End Frame": 840,
        "Caption": "#C C cleans the floor mat with the vacuum; #C C places the vacuum cleaner on the floor; #C C places the vacuum cleaner on the floor; #C C cleans the floor with the vacuum cleaner; #C C cleans the floor mat with the vacuum"
    },
    {
        "Video Name": "2e22aafd-1fbb-4e73-ab6f-d8f628b66ba1",
        "Start Frame": 840,
        "End Frame": 960,
        "Caption": "#C C puts the dust extractor on the floor with his right hand.; #C C lifts the floor brush with his right hand.; #C C picks the vacuum cleaner from the floor with his left hand; #C C cleans the floor mat with the vacuum cleaner.; #C C cleans the floor mat in the garage with the floor brush in his hands"
    },
    {
        "Video Name": "2e22aafd-1fbb-4e73-ab6f-d8f628b66ba1",
        "Start Frame": 960,
        "End Frame": 1080,
        "Caption": "#C C moves the vacuum cleaner; #C C drops the mower on the floor with his hands; #C C picks a machine; #C C cleans the floor mat with the vacuum cleaner; #C C removes the dust collector from the floor mat with his right hand"
    },
    {
        "Video Name": "2e22aafd-1fbb-4e73-ab6f-d8f628b66ba1",
        "Start Frame": 1080,
        "End Frame": 1200,
        "Caption": "#C C cleans the floor mat; #C C cleans the floor mat in the room with the vacuum cleaner; #C C cleans the floor mat; #C C cleans the floor mat on the floor with the vacuum cleaner; #C C cleans the floor mat with the vacuum cleaner."
    },
    {
        "Video Name": "2e22aafd-1fbb-4e73-ab6f-d8f628b66ba1",
        "Start Frame": 1200,
        "End Frame": 1320,
        "Caption": "#C C cleans the floor mat with the vacuum cleaner; #C C cleans the floor mat with the vacuum cleaner; #C C cleans the floor mat with the cordless vacuum cleaner in his right hand; #C C vacuum cleans the floor mat with the air compressor.; #C C cleans the floor mat on the floor with the vacuum cleaner"
    },
    {
        "Video Name": "2e22aafd-1fbb-4e73-ab6f-d8f628b66ba1",
        "Start Frame": 1320,
        "End Frame": 1440,
        "Caption": "#C C cleans the floor mat; #C C cleans the floor mat ; #C C cleans the floor mat with the hose in his right hand; #C C vacuums the floor mat with the hose in his right hand; #C C cleans the floor"
    },
    {
        "Video Name": "2e22aafd-1fbb-4e73-ab6f-d8f628b66ba1",
        "Start Frame": 1440,
        "End Frame": 1560,
        "Caption": "#C C cleans the floor with the vacuum cleaner; #C C blows the floor mat ; #C C cleans the floor mat with the blower; #C C blows the floor mat on the floor with the blower in his right hand; #C C cleans the floor mat with the vacuum cleaner"
    },
    {
        "Video Name": "2e22aafd-1fbb-4e73-ab6f-d8f628b66ba1",
        "Start Frame": 1560,
        "End Frame": 1680,
        "Caption": "#C C cleans the tire with the cordless vacuum cleaner; #C C cleans the floor mat in the garage with the vacuum cleaner in both of his hands; #C C removes a part of the vacuum cleaner; #C C puts the machine down ; #C C cleans the floor mat with the air blower"
    },
    {
        "Video Name": "2e22aafd-1fbb-4e73-ab6f-d8f628b66ba1",
        "Start Frame": 1680,
        "End Frame": 1800,
        "Caption": "#C C cleans the floor mat of the floor with the vacuum cleaner; #C C cleans the floor mat with the vacuum cleaner; #C C vacuum cleans the floor; #C C cleans the floor mat with the vacuum cleaner.; #C C cleans the floor mat with the vacuum cleaner."
    },
    {
        "Video Name": "2e22aafd-1fbb-4e73-ab6f-d8f628b66ba1",
        "Start Frame": 1800,
        "End Frame": 1920,
        "Caption": "#C C cleans the floor of the room with the vacuum cleaner.; #C C holds the vaccum cleaner on the floor with his right hand; #C C cleans the floor mat with the vacuum cleaner; #C C cleans the floor mat on the floor with the vacuum cleaner; #C C cleans the floor mat with the vacuum cleaner."
    },
    {
        "Video Name": "2e22aafd-1fbb-4e73-ab6f-d8f628b66ba1",
        "Start Frame": 1920,
        "End Frame": 2040,
        "Caption": "#C C cleans floor; #C C vacuum cleans the floor; #C C cleans the mat with the vacuum cleaner; #C C cleans the mat with the vacuum cleaner; #C C cleans the carpet "
    },
    {
        "Video Name": "2e22aafd-1fbb-4e73-ab6f-d8f628b66ba1",
        "Start Frame": 2040,
        "End Frame": 2160,
        "Caption": "#C C cleans floor with a vacuum cleaner; #C C cleans the mat on the floor with the vacuum cleaner; #C C cleans the floor; #C C cleans the floor board with the vacuum cleaner.; #C C cleans the floor mat with the vacuum cleaner."
    },
    {
        "Video Name": "2e22aafd-1fbb-4e73-ab6f-d8f628b66ba1",
        "Start Frame": 2160,
        "End Frame": 2280,
        "Caption": "#C C cleans the floor with the floor brush in his right hand; #C C vacuum cleans the floor board with the vacuum cleaner.; #C C cleans the floor with the floor cleaning brush; #C C cleans the floor mat with the vacuum cleaner.; #C C vacuums the floor mat with the vacuum cleaner."
    },
    {
        "Video Name": "2e22aafd-1fbb-4e73-ab6f-d8f628b66ba1",
        "Start Frame": 2280,
        "End Frame": 2400,
        "Caption": "#C C vacuums the floor mat with the vacuum cleaner in his left hand.; #C C blows the floor mat on the floor with the blower in his right hand; #C C cleans the floor mat with the vacuum cleaner.; #C C blows the floor mat with the vacuum cleaner in both hands.; #C C puts the brush cutter on the floor"
    },
    {
        "Video Name": "2e22aafd-1fbb-4e73-ab6f-d8f628b66ba1",
        "Start Frame": 2400,
        "End Frame": 2520,
        "Caption": "#C C cleans the floor mat with the vacuum cleaner.; #C C vacuums the floor mat with the vacuum cleaner; #C C vacuums the floor mat with the vacuum cleaner; #C C vacuum cleans the carpet; #C C cleans the floor with the vacuum cleaner"
    },
    {
        "Video Name": "2e22aafd-1fbb-4e73-ab6f-d8f628b66ba1",
        "Start Frame": 2520,
        "End Frame": 2640,
        "Caption": "#C C cleans the floor with the vacuum cleaner; #C C blows the floor mat ; #C C cleans the floor of the garage with the vacuum cleaner in his left hand; #C C turns the brush cutter ; #C C cleans the floor mat with the vacuum cleaner"
    },
    {
        "Video Name": "2e22aafd-1fbb-4e73-ab6f-d8f628b66ba1",
        "Start Frame": 2640,
        "End Frame": 2760,
        "Caption": "#C C cleans the floor mat with the vacuum cleaner; #C C vacuums the floor board with the vacuum cleaner.; #C C cleans the floor board with the vacuum cleaner.; #C C cleans the floor mat with the vacuum cleaner.; #C C cleans the floor mat with the hose of the vacuum cleaner"
    },
    {
        "Video Name": "2e22aafd-1fbb-4e73-ab6f-d8f628b66ba1",
        "Start Frame": 2760,
        "End Frame": 2880,
        "Caption": "#C C cleans the carpet on the floor with the vacuum cleaner.; #C C cleans the mat with the vacuum cleaner.; #C C cleans the carpet ; #C C cleans the floor mat with the vacuum cleaner.; #C C cleans the floor mat on the floor with the vacuum cleaner"
    },
    {
        "Video Name": "2e22aafd-1fbb-4e73-ab6f-d8f628b66ba1",
        "Start Frame": 2880,
        "End Frame": 3000,
        "Caption": "#C C vacuums the floor mat on the floor with the vacuum cleaner in his right hand; #C C vacuum cleans the floor mat with the vacuum cleaner.; #C C vacuums the floor mat on the floor with the vacuum cleaner.; #C C cleans the floor board with the vacuum cleaner in his right hand.; #C C vacuums the floor mat"
    },
    {
        "Video Name": "2e22aafd-1fbb-4e73-ab6f-d8f628b66ba1",
        "Start Frame": 3000,
        "End Frame": 3120,
        "Caption": "#C C cleans the floor board with the vacuum cleaner.; #C C vacuums the floor mat with the vacuum cleaner.; #C C cleans the floor mat with the vacuum cleaner.; #C C cleans the floor of the room with the vacuum cleaner.; #C C cleans the floor mat with the floor brush with both hands"
    },
    {
        "Video Name": "2e22aafd-1fbb-4e73-ab6f-d8f628b66ba1",
        "Start Frame": 3120,
        "End Frame": 3240,
        "Caption": "#C C cleans the floor ; #C C uses the vacuum cleaner to clean the floor mat on the floor; #C C cleans the floor mat with the vacuum cleaner.; #C C cleans floor with the vacuum cleaner; #C C cleans the floor with the floor brush with his left hand."
    },
    {
        "Video Name": "2e22aafd-1fbb-4e73-ab6f-d8f628b66ba1",
        "Start Frame": 3240,
        "End Frame": 3360,
        "Caption": "#C C cleans the floor mat with the vacuum cleaner.; #C C vacuums the floor mat with the vacuum cleaner in both hands; #C C cleans the floor with the floor cleaner.; #C C blows the mat; #C C cleans the floor with the floor brush in his right hand."
    },
    {
        "Video Name": "2e22aafd-1fbb-4e73-ab6f-d8f628b66ba1",
        "Start Frame": 3360,
        "End Frame": 3480,
        "Caption": "#C C cleans the floor with the vacuum cleaner.; #C C cleans the floor mat with the vacuum cleaner.; #C C cleans the floor mat; #C C vacuums the floor with the vacuum cleaner; #C C vacuums the floor"
    },
    {
        "Video Name": "2e22aafd-1fbb-4e73-ab6f-d8f628b66ba1",
        "Start Frame": 3480,
        "End Frame": 3600,
        "Caption": "#C C cleans the floor; #C C cleans the floor; #C C holds the floor brush with both hands.; #C C cleans the floor with the floor brush; #C C cleans the floor mat with the vacuum cleaner"
    },
    {
        "Video Name": "2e22aafd-1fbb-4e73-ab6f-d8f628b66ba1",
        "Start Frame": 3600,
        "End Frame": 3720,
        "Caption": "#C C cleans floor with vacuum cleaner; #C C cleans floor with cleaner ; #C C cleans the floor mat with the vacuum cleaner; #C C picks up the vacuum cleaner.; #C C cleans the floor"
    },
    {
        "Video Name": "2e22aafd-1fbb-4e73-ab6f-d8f628b66ba1",
        "Start Frame": 3720,
        "End Frame": 3840,
        "Caption": "#C C cleans floor with a vacuum cleaner; #C C cleans the floor of the workshop with the vacuum cleaner; #C C vacuums the floor mat with the vacuum cleaner; #C C cleans the floor mat with the vacuum cleaner; #C C cleans the floor mat with the vacuum cleaner"
    },
    {
        "Video Name": "2e22aafd-1fbb-4e73-ab6f-d8f628b66ba1",
        "Start Frame": 3840,
        "End Frame": 3960,
        "Caption": "#C C cleans the floor with the floor cleaner; #C C cleans the floor with the vacuum cleaner; #C C cleans the carpet with the vacuum cleaner; #C C cleans the floor with the vacuum cleaner; #C C cleans the floor with the vacuum cleaner"
    },
    {
        "Video Name": "2e22aafd-1fbb-4e73-ab6f-d8f628b66ba1",
        "Start Frame": 3960,
        "End Frame": 4080,
        "Caption": "#C C moves the floor brush on the floor with her left hand.; #C C puts the floor cover under the floor dust collector with his left hand.; #C C cleans the floor of the room with the floor cleaning machine with her left hand; #C C cleans the floor mat with the vacuum cleaner; #C C places the dust collector on the floor. "
    },
    {
        "Video Name": "2e22aafd-1fbb-4e73-ab6f-d8f628b66ba1",
        "Start Frame": 4080,
        "End Frame": 4200,
        "Caption": "#C C vacuum cleans the floor ; #C C cleans the floor with the floor brush in his left hand; #C C cleans the floor mat with the vacuum cleaner.; #C C cleans the floor with the vacuum cleaner; #C C vacuums the floor with the vacuum cleaner."
    },
    {
        "Video Name": "2e22aafd-1fbb-4e73-ab6f-d8f628b66ba1",
        "Start Frame": 4200,
        "End Frame": 4320,
        "Caption": "#C C cleans the floor mat on the floor with the vacuum; #C C vacuums the floor mat.; #C C puts the vacuum cleaner on the floor; #C C places his left hand on a vacuum cleaner.; #C C cleans the floor with the vacuum cleaner"
    },
    {
        "Video Name": "2e22aafd-1fbb-4e73-ab6f-d8f628b66ba1",
        "Start Frame": 4320,
        "End Frame": 4440,
        "Caption": "#C C cleans the floor with the floor cleaner; #C C cleans the floor with the vacuum cleaner in his left hand.; #C C vacuum cleans the floor with the vacuum cleaner; #C C vacuums the floor with the vacuum cleaner in both of his hands; #C C puts the machine down"
    },
    {
        "Video Name": "2e22aafd-1fbb-4e73-ab6f-d8f628b66ba1",
        "Start Frame": 4440,
        "End Frame": 4560,
        "Caption": "#C C picks up the handle; #C C moves a vacuum cleaner on the floor; #C C moves the floor brush with his right hand; #C C cleans the floor with the vacuum cleaner.; #C C cleans the floor with the vacuum cleaner."
    },
    {
        "Video Name": "2e22aafd-1fbb-4e73-ab6f-d8f628b66ba1",
        "Start Frame": 4560,
        "End Frame": 4680,
        "Caption": "#C C fixes the vacuum cleaner on the floor; #C C  uses a vacuum cleaner ; #C C bends down ; #C C pulls the handle of the vacuum cleaner with his left hand; #C C pulls a brush cutter"
    },
    {
        "Video Name": "2e22aafd-1fbb-4e73-ab6f-d8f628b66ba1",
        "Start Frame": 4680,
        "End Frame": 4800,
        "Caption": "#C C blows the floor; #C C cleans the floor; #C C blows dirt on the ; #C C vacuums the floor mat in the workshop with the vacuum cleaner; #C C cleans the floor with the vacuum cleaner"
    },
    {
        "Video Name": "2e22aafd-1fbb-4e73-ab6f-d8f628b66ba1",
        "Start Frame": 4800,
        "End Frame": 4920,
        "Caption": "#C C cleans the floor mat with the floor cleaner.; #C C cleans the floor mat with the vacuum cleaner; #C C cleans a mat on the floor with the vacuum cleaner; #C C cleans a mat on the floor with the vacuum cleaner; #C C cleans carpet with vacuum cleaner "
    },
    {
        "Video Name": "2e22aafd-1fbb-4e73-ab6f-d8f628b66ba1",
        "Start Frame": 4920,
        "End Frame": 5040,
        "Caption": "#C C puts the dust blower on the; #C C picks a vacuum cleaner ; #C C puts the vacuum cleaner on the floor; #C C puts the dust collector on the floor; #C C moves the mat on the floor"
    },
    {
        "Video Name": "2e22aafd-1fbb-4e73-ab6f-d8f628b66ba1",
        "Start Frame": 5040,
        "End Frame": 5160,
        "Caption": "#C C puts the mat on the floor; #C C picks up the mat; #C C picks up a mat; #C C picks up the mat; #C C picks up the carpet from the floor with his left hand"
    },
    {
        "Video Name": "2e22aafd-1fbb-4e73-ab6f-d8f628b66ba1",
        "Start Frame": 5160,
        "End Frame": 5280,
        "Caption": "#C C walks towards the door.; #C C walks out of the car.; #C C walks away from the table; #C C walks towards a door.; #C C walks with the board to the room"
    },
    {
        "Video Name": "2e22aafd-1fbb-4e73-ab6f-d8f628b66ba1",
        "Start Frame": 5280,
        "End Frame": 5400,
        "Caption": "#C C holds the mat; #C C covers the car boot; #C C walks to the car; #C C opens the car boot; #C C closes the car boot"
    }
]