[
    {
        "Video Name": "2ef57a94-853e-4f98-a8e0-d0d5d95526ce",
        "Start Frame": 0,
        "End Frame": 120,
        "Caption": "#C C throws the cloth on the floor with her right hand; #C C throws the cloth on the floor with her right hand; #C C drops the cloth on the floor with her right hand; #C C drops a cloth on the floor with her right hand; #C C throws the cloth to the ground with her right hand"
    },
    {
        "Video Name": "2ef57a94-853e-4f98-a8e0-d0d5d95526ce",
        "Start Frame": 120,
        "End Frame": 240,
        "Caption": "#C C picks a black cloth from the floor with her left hand.; #C C picks a clothe from the floor with her right hand.; #C C picks a cloth from the floor with her left hand.; #C C picks a white clothe from the floor with her right hand; #C C lifts the clothe"
    },
    {
        "Video Name": "2ef57a94-853e-4f98-a8e0-d0d5d95526ce",
        "Start Frame": 240,
        "End Frame": 360,
        "Caption": "#C C drops the cloth on the floor with his right hand.; #C C picks a cloth from the floor with her right hand.; #C C drops the towel in her right hand on the floor.; #C C drops the clothe on the floor with his right hand; #C C holds a clothe with her right hand."
    },
    {
        "Video Name": "2ef57a94-853e-4f98-a8e0-d0d5d95526ce",
        "Start Frame": 360,
        "End Frame": 480,
        "Caption": "#C C picks up the cloth from the floor with her left hand; #C C picks a cloth from the floor with her left hand.; #C C puts the clothe in the basket; #C C holds a black clothe with his left hand.; #C C drops the cloth on the ground with his left hand."
    },
    {
        "Video Name": "2ef57a94-853e-4f98-a8e0-d0d5d95526ce",
        "Start Frame": 480,
        "End Frame": 600,
        "Caption": "#C C picks a cloth on the floor with her left hand.; #C C picks a black cloth from the floor with his left hand; #C C picks a white cloth on the ground with her right hand; #C C picks a cloth; #C C picks a white cloth on the floor with his right hand"
    },
    {
        "Video Name": "2ef57a94-853e-4f98-a8e0-d0d5d95526ce",
        "Start Frame": 600,
        "End Frame": 720,
        "Caption": "#C C drops the towel on the floor with his right hand.; #C C picks a cloth from the floor with his right hand.; #C C throws the cloth in her left hand into the laundry basket; #C C picks a cloth on the floor; #C C picks the cloth"
    },
    {
        "Video Name": "2ef57a94-853e-4f98-a8e0-d0d5d95526ce",
        "Start Frame": 720,
        "End Frame": 840,
        "Caption": "#C C picks the clothe from the; #C C walks around the house; #C C walks around the house; #C C picks up a cloth; #C C walks towards the bedroom"
    },
    {
        "Video Name": "2ef57a94-853e-4f98-a8e0-d0d5d95526ce",
        "Start Frame": 840,
        "End Frame": 960,
        "Caption": "#C C walks to the toilet; #C C walks into the wash; #C C walks in the room; #C C walks towards the bathroom; #C C walks in the room"
    },
    {
        "Video Name": "2ef57a94-853e-4f98-a8e0-d0d5d95526ce",
        "Start Frame": 960,
        "End Frame": 1080,
        "Caption": "#C C walks into a bathroom.; #C C walks around the house ; #C C walks into the laundry room; #C C walks into the bathroom.; #C C walks out of the bathroom"
    },
    {
        "Video Name": "2ef57a94-853e-4f98-a8e0-d0d5d95526ce",
        "Start Frame": 1080,
        "End Frame": 1200,
        "Caption": "#C C walks around the room; #C C walks to the wardrobe; #C C walks around the room; #C C walks around; #C C walks towards a closet"
    },
    {
        "Video Name": "2ef57a94-853e-4f98-a8e0-d0d5d95526ce",
        "Start Frame": 1200,
        "End Frame": 1320,
        "Caption": "#C C picks a cloth on the floor with her left hand.; #C C Picks cloths from the floor with a hand; #C C touches the clothes on the floor; #C C picks up a cloth from the floor with her left hand; #C C picks up the piece of cloth"
    },
    {
        "Video Name": "2ef57a94-853e-4f98-a8e0-d0d5d95526ce",
        "Start Frame": 1320,
        "End Frame": 1440,
        "Caption": "#C C walks around the; #C C walks in the; #C C walks in the; #C C walks around the; #C C moves in the"
    },
    {
        "Video Name": "2ef57a94-853e-4f98-a8e0-d0d5d95526ce",
        "Start Frame": 1440,
        "End Frame": 1560,
        "Caption": "#C C picks a cloth; #C C walks in the room; #C C stares at the bed; #C C picks a cloth from a basket.; #C C moves towards a wardrobe in the room"
    },
    {
        "Video Name": "2ef57a94-853e-4f98-a8e0-d0d5d95526ce",
        "Start Frame": 1560,
        "End Frame": 1680,
        "Caption": "#C C walks to the; #C C Looks around a; #C C looks around; #C C moves the head; #C C looks around"
    },
    {
        "Video Name": "2ef57a94-853e-4f98-a8e0-d0d5d95526ce",
        "Start Frame": 1680,
        "End Frame": 1800,
        "Caption": "#C C walks around the room; #C C walks towards a door; #C C walks to the wardrobe; #C C moves around the house; #C C walks around the room"
    },
    {
        "Video Name": "2ef57a94-853e-4f98-a8e0-d0d5d95526ce",
        "Start Frame": 1800,
        "End Frame": 1920,
        "Caption": "#C C closes the door with her right hand; #C C opens the door; #C C walks around the house ; #C C walks around the house; #C C opens a door with her right hand"
    },
    {
        "Video Name": "2ef57a94-853e-4f98-a8e0-d0d5d95526ce",
        "Start Frame": 1920,
        "End Frame": 2040,
        "Caption": "#C C walks towards the kitchen; #C C walks in the house; #C C walks to the sitting room; #C C walks towards the kitchen; #C C walks into the kitchen"
    },
    {
        "Video Name": "2ef57a94-853e-4f98-a8e0-d0d5d95526ce",
        "Start Frame": 2040,
        "End Frame": 2160,
        "Caption": "#C C walks around; #C C walks into the sitting room; #C C walks into a room.; #C C walks into a room.; #C C walks in the house"
    },
    {
        "Video Name": "2ef57a94-853e-4f98-a8e0-d0d5d95526ce",
        "Start Frame": 2160,
        "End Frame": 2280,
        "Caption": "#C C walks into the sitting room; #C C walks out of the room; #C C walks into the living room; #C C walks into the room.; #C C enters a room."
    },
    {
        "Video Name": "2ef57a94-853e-4f98-a8e0-d0d5d95526ce",
        "Start Frame": 2280,
        "End Frame": 2400,
        "Caption": "#C C walks into a living room.; #C C walks out of the sitting room; #C C walks around; #C C walks to the bedroom.; #C C walks out of the room."
    },
    {
        "Video Name": "2ef57a94-853e-4f98-a8e0-d0d5d95526ce",
        "Start Frame": 2400,
        "End Frame": 2520,
        "Caption": "#C C looks at the; #C C looks around; #C C looks around; #C C looks around the; #C C opens the purse"
    },
    {
        "Video Name": "2ef57a94-853e-4f98-a8e0-d0d5d95526ce",
        "Start Frame": 2520,
        "End Frame": 2640,
        "Caption": "#C C looks around the house; #C C holds the phone with both hands.; #C C walks through the corridor in the apartment; #C C talks to the woman X.; #C C walks into the living room."
    },
    {
        "Video Name": "2ef57a94-853e-4f98-a8e0-d0d5d95526ce",
        "Start Frame": 2640,
        "End Frame": 2760,
        "Caption": "#C C walks around the house; #C C walks around the house; #C C walks towards a sitting room; #C C walks around; #C C walks around the house"
    },
    {
        "Video Name": "2ef57a94-853e-4f98-a8e0-d0d5d95526ce",
        "Start Frame": 2760,
        "End Frame": 2880,
        "Caption": "#C C walks into a room; #C C walks in the room; #C C walks towards a bedroom; #C C walks around; #C C walks to the room"
    },
    {
        "Video Name": "2ef57a94-853e-4f98-a8e0-d0d5d95526ce",
        "Start Frame": 2880,
        "End Frame": 3000,
        "Caption": "#C C walks in the house; #C C looks around; #C C looks around ; #C C picks the phone on the table with her right hand.; #C C picks a bottle of water from the floor with her left hand"
    },
    {
        "Video Name": "2ef57a94-853e-4f98-a8e0-d0d5d95526ce",
        "Start Frame": 3000,
        "End Frame": 3120,
        "Caption": "#C C looks around; #C C Looks at the; #C C moves hand; #C C looks around; #C C looks around"
    },
    {
        "Video Name": "2ef57a94-853e-4f98-a8e0-d0d5d95526ce",
        "Start Frame": 3120,
        "End Frame": 3240,
        "Caption": "#C C stands from the floor; #C C looks around the room; #C C picks a bottle from the floor with his left hand; #C C looks around the house ; #C C holds a black box with his left hand."
    },
    {
        "Video Name": "2ef57a94-853e-4f98-a8e0-d0d5d95526ce",
        "Start Frame": 3240,
        "End Frame": 3360,
        "Caption": "#C C looks around; #C C looks around; #C C moves towards the window; #C C looks around; #C C drops the phone on the floor with his left hand"
    },
    {
        "Video Name": "2ef57a94-853e-4f98-a8e0-d0d5d95526ce",
        "Start Frame": 3360,
        "End Frame": 3480,
        "Caption": "#C C walks in the house; #C C walks around; #C C looks around; #C C looks around the house; #C C looks around"
    },
    {
        "Video Name": "2ef57a94-853e-4f98-a8e0-d0d5d95526ce",
        "Start Frame": 3480,
        "End Frame": 3600,
        "Caption": "#C C walks around the room; #C C walks out of the; #C C walks around the house; #C C walks towards the door; #C C walks in the room"
    },
    {
        "Video Name": "2ef57a94-853e-4f98-a8e0-d0d5d95526ce",
        "Start Frame": 3600,
        "End Frame": 3720,
        "Caption": "#C C walks towards the room.; #C C walks around; #C C walks around the room; #C C walks into a bedroom.; #C C walks into a bedroom from the living room"
    },
    {
        "Video Name": "2ef57a94-853e-4f98-a8e0-d0d5d95526ce",
        "Start Frame": 3720,
        "End Frame": 3840,
        "Caption": "#C C walks towards a wardrobe; #C C walks around the room; #C C walks towards a closet; #C C walks towards a wardrobe; #C C looks around the room"
    },
    {
        "Video Name": "2ef57a94-853e-4f98-a8e0-d0d5d95526ce",
        "Start Frame": 3840,
        "End Frame": 3960,
        "Caption": "#C C picks a cloth from the laundry basket with her right hand; #C C picks a clothe from the floor with her right hand; #C C picks a trouser from the floor with her right hand; #C C looks around the room; #C C throws clothes on the floor"
    },
    {
        "Video Name": "2ef57a94-853e-4f98-a8e0-d0d5d95526ce",
        "Start Frame": 3960,
        "End Frame": 4080,
        "Caption": "#C C puts the cloth on the floor; #C C puts a cloth into the basket with her left hand; #C C walks around the house ; #C C walks towards the wardrobe; #C C walks around the house"
    },
    {
        "Video Name": "2ef57a94-853e-4f98-a8e0-d0d5d95526ce",
        "Start Frame": 4080,
        "End Frame": 4200,
        "Caption": "#C C walks into the room.; #C C walks around the house ; #C C walks into the room.; #C C walks into a bedroom.; #C C walks out of the bedroom into a room."
    },
    {
        "Video Name": "2ef57a94-853e-4f98-a8e0-d0d5d95526ce",
        "Start Frame": 4200,
        "End Frame": 4320,
        "Caption": "#C C walks around the house; #C C walks around the room; #C C walks towards the room.; #C C walks in the room; #C C walks towards a bed in the room"
    },
    {
        "Video Name": "2ef57a94-853e-4f98-a8e0-d0d5d95526ce",
        "Start Frame": 4320,
        "End Frame": 4440,
        "Caption": "#C C puts the clothes in the drawer.; #C C picks the black belt on the floor with her left hand.; #C C picks a black clothe from the floor with her right hand; #C C picks a black cloth on the floor with her left hand.; #C C bends towards the floor."
    },
    {
        "Video Name": "2ef57a94-853e-4f98-a8e0-d0d5d95526ce",
        "Start Frame": 4440,
        "End Frame": 4560,
        "Caption": "#C C picks a cloth on the floor with her left hand; #C C picks a cloth from the floor with her left hand; #C C picks a cloth from the floor with her left hand; #C C picks a cloth on the floor with her left hand; #C C picks a cloth from the floor with her left hand"
    },
    {
        "Video Name": "2ef57a94-853e-4f98-a8e0-d0d5d95526ce",
        "Start Frame": 4560,
        "End Frame": 4680,
        "Caption": "#C C picks clothes from the floor with her right hand.; #C C looks around the room; #C C picks a cloth from the floor with her right hand.; #C C picks a clothe from the floor with her right hand.; #C C picks a cloth from the floor with her right hand."
    },
    {
        "Video Name": "2ef57a94-853e-4f98-a8e0-d0d5d95526ce",
        "Start Frame": 4680,
        "End Frame": 4800,
        "Caption": "#C C walks into the parlor.; #C C walks in the house; #C C walks into the room from the corridor; #C C walks into the room.; #C C walks into the sitting room."
    },
    {
        "Video Name": "2ef57a94-853e-4f98-a8e0-d0d5d95526ce",
        "Start Frame": 4800,
        "End Frame": 4920,
        "Caption": "#C C walks around the house; #C C walks around; #C C walks around the house ; #C C walks out of the room; #C C walks to the kitchen"
    },
    {
        "Video Name": "2ef57a94-853e-4f98-a8e0-d0d5d95526ce",
        "Start Frame": 4920,
        "End Frame": 5040,
        "Caption": "#C C walks to the bedroom from the corridor; #C C walks in the house; #C C walks to another room.; #C C walks out of the room; #C C walks around the house"
    },
    {
        "Video Name": "2ef57a94-853e-4f98-a8e0-d0d5d95526ce",
        "Start Frame": 5040,
        "End Frame": 5160,
        "Caption": "#C C walks to the toilet; #C C walks out of the bathroom; #C C walks to a bedroom.; #C C walks in the house; #C C walks out of the kitchen"
    },
    {
        "Video Name": "2ef57a94-853e-4f98-a8e0-d0d5d95526ce",
        "Start Frame": 5160,
        "End Frame": 5280,
        "Caption": "#C C walks around; #C C picks a bottle of soap from the cabinet with her right hand; #C C turns on the lights.; #C C looks around.; #C C puts the spray bottle on the shelf"
    },
    {
        "Video Name": "2ef57a94-853e-4f98-a8e0-d0d5d95526ce",
        "Start Frame": 5280,
        "End Frame": 5400,
        "Caption": "#C C opens the door with his right hand; #C C opens a door with her left hand; #C C opens the door with his left hand; #C C closes the door with her right hand; #C C opens the door with his left hand"
    }
]