[
    {
        "Video Name": "31c47e50-5044-4eae-8314-ebc4b1d0c1fe",
        "Start Frame": 0,
        "End Frame": 120,
        "Caption": "#C C looks around the house; #C C looks around the house; #C C looks at the table; #C C looks at man X; #O The man X drinks from the glass cup in his right hand"
    },
    {
        "Video Name": "31c47e50-5044-4eae-8314-ebc4b1d0c1fe",
        "Start Frame": 120,
        "End Frame": 240,
        "Caption": "#C C stares at the scrabble board game on the table; #O Man X Touches the chin; #O The man M places his right hand on the table.; #O A man X looks at the scrabble game on the table; #O The man M holds the scrabble tile in his right hand"
    },
    {
        "Video Name": "31c47e50-5044-4eae-8314-ebc4b1d0c1fe",
        "Start Frame": 240,
        "End Frame": 360,
        "Caption": "#C C looks around the room; #O The man P removes his right hand from the table.; #O A man X stares at the table; #O A man X lifts the hand; #O The man P takes a pen from his pocket with his left hand"
    },
    {
        "Video Name": "31c47e50-5044-4eae-8314-ebc4b1d0c1fe",
        "Start Frame": 360,
        "End Frame": 480,
        "Caption": "#O The man M picks a tile from the scrabble tray with his right hand.; #O The man M picks a tile from the scrabble rack with his right hand.; #O The man M picks the tile from the scrabble tray with his right hand. ; #O The man M moves the tile from the scrabble board to the scrabble rack with his right hand; #O The man M picks the scrabble tile from the scrabble rack with his right hand."
    },
    {
        "Video Name": "31c47e50-5044-4eae-8314-ebc4b1d0c1fe",
        "Start Frame": 480,
        "End Frame": 600,
        "Caption": "#O The man M drops the pen on the table with his right hand.; #O The man M drops the pen on the table with his right hand.; #O The man M places the pen in his right hand on the table.; #O The man X picks a pen from the table with his right hand.; #O The man M writes on the paper with the pen in his right hand"
    },
    {
        "Video Name": "31c47e50-5044-4eae-8314-ebc4b1d0c1fe",
        "Start Frame": 600,
        "End Frame": 720,
        "Caption": "#C C looks around the house ; #O The man M picks a pen from the table with his right hand.; #O The man M writes on a paper with the pen in his right hand.; #O The man M writes on a jotter on the dining table with the pen in his right hand; #O The man M writes on the paper with the pen in his right hand."
    },
    {
        "Video Name": "31c47e50-5044-4eae-8314-ebc4b1d0c1fe",
        "Start Frame": 720,
        "End Frame": 840,
        "Caption": "#C C moves her hand; #C C converses with the man X; #C C looks around; #C C looks at the table; #O The man M raises his right hand"
    },
    {
        "Video Name": "31c47e50-5044-4eae-8314-ebc4b1d0c1fe",
        "Start Frame": 840,
        "End Frame": 960,
        "Caption": "#C C looks around the room; #C C looks around the room ; #O The man P places his right hand on his left arm; #O The man M touches his face with his right hand.; #O The man M rests his left arm on the dining table"
    },
    {
        "Video Name": "31c47e50-5044-4eae-8314-ebc4b1d0c1fe",
        "Start Frame": 960,
        "End Frame": 1080,
        "Caption": "#O The man B rests his right hand on the dining table.; #O The man M writes on a jotter on the dining table with his right hand; #O The man M holds the pen with his right hand.; #O The man X drops the pen on the table with his right hand.; #C C turns to the side"
    },
    {
        "Video Name": "31c47e50-5044-4eae-8314-ebc4b1d0c1fe",
        "Start Frame": 1080,
        "End Frame": 1200,
        "Caption": "#O The man M picks a tile from the scrabble tray with his right hand.; #O The man M picks the tile from the scrabble tray with his left hand.; #O A man X picks a scrabble tile; #O The man M holds the scrabble tray with his left hand.; #O The man M picks a scrabble tile from the scrabble board with his right hand"
    },
    {
        "Video Name": "31c47e50-5044-4eae-8314-ebc4b1d0c1fe",
        "Start Frame": 1200,
        "End Frame": 1320,
        "Caption": "#O The man M picks a tile from the scrabble tray with his right hand; #O The man M moves a tile on the scrabble board with his left hand; #O The man M picks a tile from the scrabble tray with his right hand; #O The man M places the tile in his right hand in the scrabble tray; #O A man X places scrabble on the board"
    },
    {
        "Video Name": "31c47e50-5044-4eae-8314-ebc4b1d0c1fe",
        "Start Frame": 1320,
        "End Frame": 1440,
        "Caption": "#O The man M picks a tile from the scrabble tray with his right hand; #O The man M picks a tile from the scrabble tray with his right hand; #O man X picks a scrabble tile; #O The man M picks a tile from the scrabble tray with his right hand; #O The man M picks a tile from the scrabble tray with his right hand"
    },
    {
        "Video Name": "31c47e50-5044-4eae-8314-ebc4b1d0c1fe",
        "Start Frame": 1440,
        "End Frame": 1560,
        "Caption": "#O The man M moves the tile on the scrabble board with his right hand.; #O The man M moves a tile on the scrabble board with his right hand.; #O The man M places the tile in his right hand on the scrabble board.; #O The man M places the tile on the scrabble board with his right hand.; #O The man M moves a tile on the scrabble board with his right hand."
    },
    {
        "Video Name": "31c47e50-5044-4eae-8314-ebc4b1d0c1fe",
        "Start Frame": 1560,
        "End Frame": 1680,
        "Caption": "#O The man X drops the pen on the table with his right hand; #O The man M gesticulates with his right hand.; #O The man M places his right hand on the table.; #O A man X drops a pen on the table with his right hand; #O man X touches the table with his right hand."
    },
    {
        "Video Name": "31c47e50-5044-4eae-8314-ebc4b1d0c1fe",
        "Start Frame": 1680,
        "End Frame": 1800,
        "Caption": "#O The man X drops the bottle on the table with his right hand.; #O man X holds a spoon ; #O The man X holds the cup with his right hand.; #O The man P picks a napkin on the table with his right hand; #O A man X touches the table"
    },
    {
        "Video Name": "31c47e50-5044-4eae-8314-ebc4b1d0c1fe",
        "Start Frame": 1800,
        "End Frame": 1920,
        "Caption": "#O The man M picks a glass cup of water from the dining table with his right hand; #C C looks at the scrabble board game on the table; #C C looks at the man P; #O The man X places the fork in his right hand in the plate.; #O The man X gesticulates with his right hand."
    },
    {
        "Video Name": "31c47e50-5044-4eae-8314-ebc4b1d0c1fe",
        "Start Frame": 1920,
        "End Frame": 2040,
        "Caption": "#O The man M picks a glass of water on the dining table with his right hand; #O The man P drops the cover of the spice in his left hand on the table; #O man X holds the cup; #O man X holds a bottle; #O The man P picks a cup of tea from the table with his right hand."
    },
    {
        "Video Name": "31c47e50-5044-4eae-8314-ebc4b1d0c1fe",
        "Start Frame": 2040,
        "End Frame": 2160,
        "Caption": "#O The man M picks a tile from the scrabble tray with his right hand; #O The man M touches the scrabble tray on the table with his left hand; #O The man M picks a tile from the scrabble tray with his right hand; #O man X puts the tiles in the box; #O The man M adjusts the scrabble rack on the table with his right hand"
    },
    {
        "Video Name": "31c47e50-5044-4eae-8314-ebc4b1d0c1fe",
        "Start Frame": 2160,
        "End Frame": 2280,
        "Caption": "#O The man M picks a pen from the table with his right hand.; #O the man M drops the pen on the table with his right hand.; #O The man M touches the pen on the table with his left hand.; #O The man M places his left hand on the table.; #O The man M picks a pen from the table with his right hand."
    },
    {
        "Video Name": "31c47e50-5044-4eae-8314-ebc4b1d0c1fe",
        "Start Frame": 2280,
        "End Frame": 2400,
        "Caption": "#O The man M holds a tile with his right hand.; #O the man M drops the pen on the table with his right hand.; #O The man M places the tile in his right hand on the scrabble board; #O The man M picks a tile from the scrabble tray with his right hand; #O The man M moves the tile on the scrabble board with his right hand"
    },
    {
        "Video Name": "31c47e50-5044-4eae-8314-ebc4b1d0c1fe",
        "Start Frame": 2400,
        "End Frame": 2520,
        "Caption": "#O man X puts the hand on the table; #O A man X drinks from the glass of; #O The man P drops his right hand.; #O man X holds a glass of water ; #O A man X touches the nose "
    },
    {
        "Video Name": "31c47e50-5044-4eae-8314-ebc4b1d0c1fe",
        "Start Frame": 2520,
        "End Frame": 2640,
        "Caption": "#O A man X lifts his right hand; #O The man M picks a spoon from the dining table with his right hand; #O The man P places his left hand on the dining table.; #C C Looks at X; #O man X drinks from the glass"
    },
    {
        "Video Name": "31c47e50-5044-4eae-8314-ebc4b1d0c1fe",
        "Start Frame": 2640,
        "End Frame": 2760,
        "Caption": "#C C plays scrabble game; #O The man P lifts his right hand from the table; #C C plays the board game; #C C counts on the game board; #C C places scrabble on the board game"
    },
    {
        "Video Name": "31c47e50-5044-4eae-8314-ebc4b1d0c1fe",
        "Start Frame": 2760,
        "End Frame": 2880,
        "Caption": "#C C touches the scrabble board on the table with her left hand; #C C places scrabble tile on the scrabble board; #C C arranges the scrabble tiles ; #C C removes her left hand from the scrabble board.; #C C places scrabble tile on the scrabble board"
    },
    {
        "Video Name": "31c47e50-5044-4eae-8314-ebc4b1d0c1fe",
        "Start Frame": 2880,
        "End Frame": 3000,
        "Caption": "#O The man M writes on the jotter with the pen in his right hand.; #O A man X writes on the book ; #C C writes on a paper on the table with a pen in her right hand.; #O The boy X picks a pen on the table with his right hand.; #O The man X writes on the jotter on the dining table with the pen in his right hand"
    },
    {
        "Video Name": "31c47e50-5044-4eae-8314-ebc4b1d0c1fe",
        "Start Frame": 3000,
        "End Frame": 3120,
        "Caption": "#O man X holds a pen; #O The man X touches a napkin on the table with his right hand; #O The man X puts his right hand in his mouth.; #O man X holds a pen; #O A man X stares at the table"
    },
    {
        "Video Name": "31c47e50-5044-4eae-8314-ebc4b1d0c1fe",
        "Start Frame": 3120,
        "End Frame": 3240,
        "Caption": "#O The man B picks a pen from the table with his right hand; #O man X holds a pen; #C C interacts with the man X.; #C C holds a pen in her right hand.; #O A man X looks at the scrabble board "
    },
    {
        "Video Name": "31c47e50-5044-4eae-8314-ebc4b1d0c1fe",
        "Start Frame": 3240,
        "End Frame": 3360,
        "Caption": "#O A man X holds the pen; #O The man M touches his face with his right hand.; #O man X holds a pen; #O The man P drops his left hand on his laps.; #O The man M puts his right hand on his right lap"
    },
    {
        "Video Name": "31c47e50-5044-4eae-8314-ebc4b1d0c1fe",
        "Start Frame": 3360,
        "End Frame": 3480,
        "Caption": "#C C talks to the man P.; #O The man X lifts the spoon from the plate with his right hand; #C C talks to the man M.; #O The man M places his right hand on his left hand.; #O The man M picks a pen from a table with his right hand"
    },
    {
        "Video Name": "31c47e50-5044-4eae-8314-ebc4b1d0c1fe",
        "Start Frame": 3480,
        "End Frame": 3600,
        "Caption": "#O The man B holds the fork with his right hand; #C C looks at X; #O A man X looks at a baby ; #O A man X talks to C; #O The man P holds the fork with his right hand"
    },
    {
        "Video Name": "31c47e50-5044-4eae-8314-ebc4b1d0c1fe",
        "Start Frame": 3600,
        "End Frame": 3720,
        "Caption": "#O A man X drops the fork on the table; #O The man P picks the fork from the plate with his right hand.; #C C looks around the room; #O The man X eats the piece of carrot with the fork in his right hand; #C C looks around the house"
    },
    {
        "Video Name": "31c47e50-5044-4eae-8314-ebc4b1d0c1fe",
        "Start Frame": 3720,
        "End Frame": 3840,
        "Caption": "#O A man X stares at the table; #O The man P eats from the fork in his right hand; #O The man P picks a fork with his right hand.; #C C looks at a man X; #O The man P picks up the fork with his right hand"
    },
    {
        "Video Name": "31c47e50-5044-4eae-8314-ebc4b1d0c1fe",
        "Start Frame": 3840,
        "End Frame": 3960,
        "Caption": "#O man X moves his hand; #O The man P drinks from the glass of water with his right hand; #O A man X holds a spoon in his mouth; #O The man P touches his face with his left hand.; #O man X drinks from the glass"
    },
    {
        "Video Name": "31c47e50-5044-4eae-8314-ebc4b1d0c1fe",
        "Start Frame": 3960,
        "End Frame": 4080,
        "Caption": "#O Man X Looks at the table; #C C looks around the table; #O The man M holds the pen with both hands.; #O The man P touches a phone on the table with his right hand; #C C looks around the table "
    },
    {
        "Video Name": "31c47e50-5044-4eae-8314-ebc4b1d0c1fe",
        "Start Frame": 4080,
        "End Frame": 4200,
        "Caption": "#O The man P holds the fork with his left hand; #C C talks to man X; #C C looks around the house; #C C looks at the table; #C C looks around the room"
    },
    {
        "Video Name": "31c47e50-5044-4eae-8314-ebc4b1d0c1fe",
        "Start Frame": 4200,
        "End Frame": 4320,
        "Caption": "#O A man X talks to man C; #O the man A places his right hand on the dining table.; #O The man X touches his face with his left hand.; #O The man X picks a piece of cloth on the table with his right hand; #C C talks to the man X."
    },
    {
        "Video Name": "31c47e50-5044-4eae-8314-ebc4b1d0c1fe",
        "Start Frame": 4320,
        "End Frame": 4440,
        "Caption": "#O The man X places his left hand on the dining table.; #O The man X drops the spoon in his right hand on the table.; #O The man X drops the bowl of food on the dining table with his right hand; #O The man X eats the food in the spoon with his right hand. ; #O The man X drinks from the glass cup with his right hand."
    },
    {
        "Video Name": "31c47e50-5044-4eae-8314-ebc4b1d0c1fe",
        "Start Frame": 4440,
        "End Frame": 4560,
        "Caption": "#O The man P places his left hand on the dining table.; #O The man P picks a pen on the table with his right hand.; #O A man X stares at the room; #O The man P picks the piece of cheese from the table with his right hand; #O The man X drinks from the glass cup in his right hand."
    },
    {
        "Video Name": "31c47e50-5044-4eae-8314-ebc4b1d0c1fe",
        "Start Frame": 4560,
        "End Frame": 4680,
        "Caption": "#O The man P folds his hands.; #O The man X picks a glass cup from the dining table with his right hand; #O A man X places his right hand on his mouth.; #O The man P places the glass cup on the table with his right hand.; #C C looks around the house"
    },
    {
        "Video Name": "31c47e50-5044-4eae-8314-ebc4b1d0c1fe",
        "Start Frame": 4680,
        "End Frame": 4800,
        "Caption": "#O man X touches the chin; #O The man P places his left hand on the dining table.; #O The man P drops the pen in his right hand on the table; #C C stares at man X; #O The man P rests his right hand on the dining table."
    },
    {
        "Video Name": "31c47e50-5044-4eae-8314-ebc4b1d0c1fe",
        "Start Frame": 4800,
        "End Frame": 4920,
        "Caption": "#O The man M picks a tile from the scrabble tray with his right hand; #O The man M picks a tile from the scrabble tray with his right hand; #O man X picks a scrabble tile from the scrabble board; #O man X picks the tiles from the table; #O The man M picks a tile from the scrabble tray with his right hand"
    },
    {
        "Video Name": "31c47e50-5044-4eae-8314-ebc4b1d0c1fe",
        "Start Frame": 4920,
        "End Frame": 5040,
        "Caption": "#O The man X places the tile in his right hand on the scrabble board; #O The man M drops the tile on the scrabble board with his right hand; #O The man M moves a tile on the scrabble board with his right hand; #O The man X moves a tile on the scrabble board with his right hand; #O man X places a tile on scrabble board"
    },
    {
        "Video Name": "31c47e50-5044-4eae-8314-ebc4b1d0c1fe",
        "Start Frame": 5040,
        "End Frame": 5160,
        "Caption": "#O The man M picks a pen from the table with his right hand.; #O The man M picks up a pen on the table with his right hand; #O The man P picks a pen from the table with his right hand.; #O The man M picks a pen from the table with his right hand.; #O The man P picks a pen from a table with his right hand."
    },
    {
        "Video Name": "31c47e50-5044-4eae-8314-ebc4b1d0c1fe",
        "Start Frame": 5160,
        "End Frame": 5280,
        "Caption": "#O The man M writes in the jotter on the table with the pen in his right hand; #O The man X picks the pen on the table with his right hand.; #O the man M drops the pen on the table with his right hand.; #O The man M lifts a pen on the table with his right hand.; #O The man M picks a pen from the table with his right hand."
    },
    {
        "Video Name": "31c47e50-5044-4eae-8314-ebc4b1d0c1fe",
        "Start Frame": 5280,
        "End Frame": 5400,
        "Caption": "#C C stares at the table; #O man X puts a pen on the table ; #O The man M gestures with his right hand.; #O man X holds the pen; #O The man X touches his face with his left hand"
    }
]