[
    {
        "Video Name": "3223ece4-dc21-4ca9-8e78-2af8036ec4e8",
        "Start Frame": 0,
        "End Frame": 120,
        "Caption": "#C C picks up the screw driver; #C C picks up a screwdriver from the ground; #C C drops the screw driver on the motorcycle seat. ; #C C drops the screw driver on the ground with his left; #C C picks a screw driver from the ground"
    },
    {
        "Video Name": "3223ece4-dc21-4ca9-8e78-2af8036ec4e8",
        "Start Frame": 120,
        "End Frame": 240,
        "Caption": "#C C holds the screw driver with his right hand; #C C passes the screwdriver from his left hand to his right; #C C drops the screw on the motorcycle with his left hand; #C C removes the screw driver from the motorcycle; #C C places the screw driver on the motorbike"
    },
    {
        "Video Name": "3223ece4-dc21-4ca9-8e78-2af8036ec4e8",
        "Start Frame": 240,
        "End Frame": 360,
        "Caption": "#C C screws the screw into the motorcycle with the screw; #C C unscrews the rear-brake pedal; #C C screws the rear fender with the screwdriver; #C C unscrews the screw; #C C removes the screw from the Vespa scooter"
    },
    {
        "Video Name": "3223ece4-dc21-4ca9-8e78-2af8036ec4e8",
        "Start Frame": 360,
        "End Frame": 480,
        "Caption": "#C C  fixes the screw on the Vespa scooter; #C C uses the screw driver on the mower; #C C screws the screw on the battery terminal with the screw; #C C takes a screwdriver; #C C removes a screw with the screwdriver."
    },
    {
        "Video Name": "3223ece4-dc21-4ca9-8e78-2af8036ec4e8",
        "Start Frame": 480,
        "End Frame": 600,
        "Caption": "#C C screws the screw to the motorcycle with the screwdriver; #C C removes the screw on the motorcycle; #C C puts the screw on the Vespa scooter; #C C holds the screwdriver with both hands; #C C tightens the screw on the Vespa scooter with the screw"
    },
    {
        "Video Name": "3223ece4-dc21-4ca9-8e78-2af8036ec4e8",
        "Start Frame": 600,
        "End Frame": 720,
        "Caption": "#C C screws in the screw with the screw; #C C loosens the screw; #C C adjusts a screw with the screwdriver; #C C takes a screw driver ; #C C removes the screw with the screwdriver"
    },
    {
        "Video Name": "3223ece4-dc21-4ca9-8e78-2af8036ec4e8",
        "Start Frame": 720,
        "End Frame": 840,
        "Caption": "#C C screws the screw with the screwdriver; #C C screws the screw to the cover; #C C drives out the screw; #C C screws the screw to the car with the screw; #C C screws the screw"
    },
    {
        "Video Name": "3223ece4-dc21-4ca9-8e78-2af8036ec4e8",
        "Start Frame": 840,
        "End Frame": 960,
        "Caption": "#C C puts the screw on the screwdriver; #C C fixes the screw to the motorcycle with the screw; #C C fixes the screw to the bike with the screw; #C C removes the screw with the screw driver; #C C puts the screw driver on the screw"
    },
    {
        "Video Name": "3223ece4-dc21-4ca9-8e78-2af8036ec4e8",
        "Start Frame": 960,
        "End Frame": 1080,
        "Caption": "#C C opens the motorcycle's ignition; #C C opens a screw ; #C C opens the motorcycle door; #C C opens the motorcycle's engine; #C C closes the motorcycle's front"
    },
    {
        "Video Name": "3223ece4-dc21-4ca9-8e78-2af8036ec4e8",
        "Start Frame": 1080,
        "End Frame": 1200,
        "Caption": "#C C screws the screw into the battery with the screwdriver; #C C places the screw driver on a screw in the battery; #C C inserts the screw into the battery compartment with the screw; #C C puts the screw on the battery; #C C screws the screw into the battery compartment with the screw"
    },
    {
        "Video Name": "3223ece4-dc21-4ca9-8e78-2af8036ec4e8",
        "Start Frame": 1200,
        "End Frame": 1320,
        "Caption": "#C C removes the screwdriver from the battery; #C C unscrews a screw on the battery; #C C removes the screw from the battery with the screw; #C C unscrews a screw with the screwdriver; #C C unscrews a screw"
    },
    {
        "Video Name": "3223ece4-dc21-4ca9-8e78-2af8036ec4e8",
        "Start Frame": 1320,
        "End Frame": 1440,
        "Caption": "#C C removes the battery from the battery compartment of the electric motorcycle with his right; #C C drops the screwdriver on the floor with his right hand; #C C drops the screwdriver on the ground; #C C removes the battery with his left hand; #C C drops the screw on the floor with his right hand"
    },
    {
        "Video Name": "3223ece4-dc21-4ca9-8e78-2af8036ec4e8",
        "Start Frame": 1440,
        "End Frame": 1560,
        "Caption": "#C C picks a screwdriver from the scooter with his right hand; #C C looks at the mower; #C C puts the battery into the battery compartment of the motorcycle; #C C drops the battery on the motorcycle seat; #C C takes a flash light from the engine of the motorbike with his left"
    },
    {
        "Video Name": "3223ece4-dc21-4ca9-8e78-2af8036ec4e8",
        "Start Frame": 1560,
        "End Frame": 1680,
        "Caption": "#C C unscrews a screw from a battery with the screwdriver ; #C C screws the screw to the battery compartment with the screwdriver in both; #C C screws the battery to the battery cable terminal with the screw driver; #C C unscrews a screw in the battery with the screwdriver; #C C unscrews the screw of the battery with the screwdriver"
    },
    {
        "Video Name": "3223ece4-dc21-4ca9-8e78-2af8036ec4e8",
        "Start Frame": 1680,
        "End Frame": 1800,
        "Caption": "#C C screws the screw to the battery with the screwdriver; #C C unscrews a screw on the battery with the screw; #C C unscrews the screw with the screwdriver; #C C screws the battery with the screw driver; #C C unscrews a screw from the battery with the screw"
    },
    {
        "Video Name": "3223ece4-dc21-4ca9-8e78-2af8036ec4e8",
        "Start Frame": 1800,
        "End Frame": 1920,
        "Caption": "#C C unscrews the battery with his left hand; #C C adjusts the battery's cable on the battery compartment with his left; #C C puts the battery in the front bumper of the scooter; #C C removes a screw on the battery ; #C C fixes the battery into the battery compartment of the motorcycle"
    },
    {
        "Video Name": "3223ece4-dc21-4ca9-8e78-2af8036ec4e8",
        "Start Frame": 1920,
        "End Frame": 2040,
        "Caption": "#C C picks up a battery from the scooter with his gloved left hand; #C C takes a battery from the motorbike; #C C picks up a battery from the motorcycle; #C C places the battery on the motorbike; #C C picks up the battery"
    },
    {
        "Video Name": "3223ece4-dc21-4ca9-8e78-2af8036ec4e8",
        "Start Frame": 2040,
        "End Frame": 2160,
        "Caption": "#C C holds the battery with his right; #C C places the battery in the battery; #C C looks at the battery; #C C puts the battery on the battery; #C C looks at the battery"
    },
    {
        "Video Name": "3223ece4-dc21-4ca9-8e78-2af8036ec4e8",
        "Start Frame": 2160,
        "End Frame": 2280,
        "Caption": "#C C puts the battery on the battery compartment of the electric; #C C covers the battery with the battery cover in his left; #C C closes the battery box; #C C drops the battery on the battery box with his right; #C C drops the battery on the car seat"
    },
    {
        "Video Name": "3223ece4-dc21-4ca9-8e78-2af8036ec4e8",
        "Start Frame": 2280,
        "End Frame": 2400,
        "Caption": "#C C drops the battery on the floor.; #C C drops the battery on the ground with his left; #C C picks up the battery; #C C picks the battery from the floor with his left; #C C drops the battery on the floor with his left"
    },
    {
        "Video Name": "3223ece4-dc21-4ca9-8e78-2af8036ec4e8",
        "Start Frame": 2400,
        "End Frame": 2520,
        "Caption": "#C C fixes the battery on the motorcycle; #C C drops the battery on the seat of the; #C C places the battery on the motorbike; #C C puts the screw driver on the lawn m; #C C holds the battery with his left hand"
    },
    {
        "Video Name": "3223ece4-dc21-4ca9-8e78-2af8036ec4e8",
        "Start Frame": 2520,
        "End Frame": 2640,
        "Caption": "#C C looks at the battery; #C C moves the screwdriver from his right hand to his left hand; #C C screws the battery with a screw driver; #C C places the screw driver on a battery; #C C moves the screw driver on his right hand to his left hand"
    },
    {
        "Video Name": "3223ece4-dc21-4ca9-8e78-2af8036ec4e8",
        "Start Frame": 2640,
        "End Frame": 2760,
        "Caption": "#C C removes a screw driver from a battery; #C C removes a screw from the battery with his left hand; #C C loosens the screw of the battery with the screw; #C C removes the screw driver from the battery; #C C unscrews the screw with the screwdriver"
    },
    {
        "Video Name": "3223ece4-dc21-4ca9-8e78-2af8036ec4e8",
        "Start Frame": 2760,
        "End Frame": 2880,
        "Caption": "#C C picks the screwdriver from the battery ; #C C inserts the screw in the battery ; #C C puts the screw in a hole; #C C puts the screw driver on the battery; #C C removes the screw from the battery with the screwdriver"
    },
    {
        "Video Name": "3223ece4-dc21-4ca9-8e78-2af8036ec4e8",
        "Start Frame": 2880,
        "End Frame": 3000,
        "Caption": "#C C removes a screw from the battery with the screw driver; #C C screws a screw into a battery with the screwdriver; #C C picks the screw driver; #C C unscrews a screw on the battery with the screw; #C C unscrews the screw with the screw driver"
    },
    {
        "Video Name": "3223ece4-dc21-4ca9-8e78-2af8036ec4e8",
        "Start Frame": 3000,
        "End Frame": 3120,
        "Caption": "#C C screws the battery into the battery holder with the screw; #C C screws the battery cable to the battery; #C C screws in the screw with a screwdriver; #C C screws the battery terminals with the screw driver; #C C screws the screw to the battery with the screwdriver"
    },
    {
        "Video Name": "3223ece4-dc21-4ca9-8e78-2af8036ec4e8",
        "Start Frame": 3120,
        "End Frame": 3240,
        "Caption": "#C C removes a screw driver from the battery with his right hand; #C C unscrews the screw of the battery with the screwdriver; #C C unscrews a screw on the battery with the screwdriver; #C C unscrews a screw in the battery with the screwdriver; #C C unscrews a screw on the battery with the screwdriver"
    },
    {
        "Video Name": "3223ece4-dc21-4ca9-8e78-2af8036ec4e8",
        "Start Frame": 3240,
        "End Frame": 3360,
        "Caption": "#C C removes the battery from the scooter; #C C removes the screw ; #C C moves the screw driver from his right hand to his left; #C C opens a screw with his hands; #C C closes the battery cover"
    },
    {
        "Video Name": "3223ece4-dc21-4ca9-8e78-2af8036ec4e8",
        "Start Frame": 3360,
        "End Frame": 3480,
        "Caption": "#C C screws the screw into the motorcycle with his left hand; #C C removes a screw from the battery compartment with his left hand; #C C takes out a screwdriver from the box with his right; #C C removes screws from the battery compartment with the screwdriver; #C C puts the screw on the motorbike"
    },
    {
        "Video Name": "3223ece4-dc21-4ca9-8e78-2af8036ec4e8",
        "Start Frame": 3480,
        "End Frame": 3600,
        "Caption": "#C C puts the screw on the battery with his right hand; #C C screws the battery to the battery compartment with the screwdriver; #C C screws the screw to the battery with the screwdriver; #C C unscrews the screw in the battery with the screwdriver; #C C loosens a screw on the battery with the screwdriver"
    },
    {
        "Video Name": "3223ece4-dc21-4ca9-8e78-2af8036ec4e8",
        "Start Frame": 3600,
        "End Frame": 3720,
        "Caption": "#C C screws the screw on the battery with the screw; #C C fixes the battery in the scooter; #C C unscrews a screw with the screwdriver; #C C puts the screw driver on the battery ; #C C screws the battery with the screwdriver"
    },
    {
        "Video Name": "3223ece4-dc21-4ca9-8e78-2af8036ec4e8",
        "Start Frame": 3720,
        "End Frame": 3840,
        "Caption": "#C C screws the battery into the battery compartment with the screw; #C C loosens the screw with the screwdriver; #C C holds a battery cable on the battery with his left; #C C inserts the battery on the battery compartment; #C C touches the battery with both hands"
    },
    {
        "Video Name": "3223ece4-dc21-4ca9-8e78-2af8036ec4e8",
        "Start Frame": 3840,
        "End Frame": 3960,
        "Caption": "#C C removes a screw from the battery with his right hand; #C C opens the battery with a screw driver; #C C picks a screwdriver; #C C unscrews a screw on the battery with the screw; #C C holds a screw driver with his right hand"
    },
    {
        "Video Name": "3223ece4-dc21-4ca9-8e78-2af8036ec4e8",
        "Start Frame": 3960,
        "End Frame": 4080,
        "Caption": "#C C screws the battery to the battery compartment with the screwdriver; #C C unscrews the screw of the battery with the screwdriver ; #C C screws the battery to the battery compartment with the screwdriver in both; #C C screws the battery into the headlight with his hands; #C C unscrews the screw on the battery with the screwdriver"
    },
    {
        "Video Name": "3223ece4-dc21-4ca9-8e78-2af8036ec4e8",
        "Start Frame": 4080,
        "End Frame": 4200,
        "Caption": "#C C loosens a screw in the battery with the screwdriver; #C C removes a screw from the battery with his left hand; #C C unscrews the screw from the battery with the screwdriver; #C C drops the screw in his left hand on the Vespa sc; #C C puts down the screw driver "
    },
    {
        "Video Name": "3223ece4-dc21-4ca9-8e78-2af8036ec4e8",
        "Start Frame": 4200,
        "End Frame": 4320,
        "Caption": "#C C drops the screwdriver on the seat with his left hand; #C C drops the screwdriver on the seat; #C C drops the screwdriver on the floor mat with his left; #C C removes his left hand from the screwdriver; #C C picks the screwdriver from his lap with his left hand"
    },
    {
        "Video Name": "3223ece4-dc21-4ca9-8e78-2af8036ec4e8",
        "Start Frame": 4320,
        "End Frame": 4440,
        "Caption": "#C C opens the motorcycle's; #C C stares the motorcycle ; #C C opens the motorcycle's; #C C operates the motorcycle ; #C C Moves the motorbike"
    },
    {
        "Video Name": "3223ece4-dc21-4ca9-8e78-2af8036ec4e8",
        "Start Frame": 4440,
        "End Frame": 4560,
        "Caption": "#C C sits on the motorcycle.; #C C Moves a pedal with his leg; #C C moves towards the motorcycle; #C C places his right hand on the motorcycle seat; #C C moves the motorbike"
    },
    {
        "Video Name": "3223ece4-dc21-4ca9-8e78-2af8036ec4e8",
        "Start Frame": 4560,
        "End Frame": 4680,
        "Caption": "#C C picks the screw driver from the ground; #C C moves the key ; #C C   picks up a screw; #C C picks a screw driver ; #C C picks the screw driver"
    },
    {
        "Video Name": "3223ece4-dc21-4ca9-8e78-2af8036ec4e8",
        "Start Frame": 4680,
        "End Frame": 4800,
        "Caption": "#C C walks to the workshop lift table; #C C walks towards a table.; #C C walks towards a workshop lift table; #C C walks out of the workshop.; #C C walks towards a workshop table."
    },
    {
        "Video Name": "3223ece4-dc21-4ca9-8e78-2af8036ec4e8",
        "Start Frame": 4800,
        "End Frame": 4920,
        "Caption": "#C C picks up the bolt from the motorcycle with his gloved left hand.; #C C picks a screw from the metal workbench with his gloved left hand; #C C picks the nut from the workbench with his gloved left hand.; #C C picks up the screw ; #C C walks towards the motorcycle"
    },
    {
        "Video Name": "3223ece4-dc21-4ca9-8e78-2af8036ec4e8",
        "Start Frame": 4920,
        "End Frame": 5040,
        "Caption": "#C C puts the nut in the grease tin; #C C throws the nuts in the dustbin ; #C C drops the washers in a container; #C C drops the screw in his right hand on the container on the; #C C picks a bolt from the container"
    },
    {
        "Video Name": "3223ece4-dc21-4ca9-8e78-2af8036ec4e8",
        "Start Frame": 5040,
        "End Frame": 5160,
        "Caption": "#C C walks around the garage; #C C walks towards the drawer; #C C walks towards the motorcycle; #C C walks towards the work table; #C C walks around the garage "
    },
    {
        "Video Name": "3223ece4-dc21-4ca9-8e78-2af8036ec4e8",
        "Start Frame": 5160,
        "End Frame": 5280,
        "Caption": "#C C sits on the; #C C bends down; #C C holds a metal; #C C stands up; #C C picks a bolt"
    },
    {
        "Video Name": "3223ece4-dc21-4ca9-8e78-2af8036ec4e8",
        "Start Frame": 5280,
        "End Frame": 5400,
        "Caption": "#C C screws the bolt into the tire of the motorcycle with his right; #C C puts the screw driver on the rotor; #C C inserts the bolt in the wheel part; #C C inserts the wire into the wheel part with his right hand.; #C C screws the bolt with his right hand"
    }
]