[
    {
        "Video Name": "330a2524-55c2-4c1e-bc01-8d5eef614978",
        "Start Frame": 0,
        "End Frame": 120,
        "Caption": "#C C cuts the grass using a lawn mower; #C C cuts the grass using a lawn mower; #C C operates the lawn mower with both hands.; #C C turns the lawn mower; #C C turns on the lawn mower with the gear in his right hand"
    },
    {
        "Video Name": "330a2524-55c2-4c1e-bc01-8d5eef614978",
        "Start Frame": 120,
        "End Frame": 240,
        "Caption": "#C C turns with a lawn mower ; #C C turns the lawn mower; #C C cuts the grass using a lawn m; #C C turns the lawn mower; #C C turns the lawn mower to the"
    },
    {
        "Video Name": "330a2524-55c2-4c1e-bc01-8d5eef614978",
        "Start Frame": 240,
        "End Frame": 360,
        "Caption": "#C C looks around; #C C cuts the grass; #C C turns the lawn m; #C C looks around ; #C C turns the lawn m"
    },
    {
        "Video Name": "330a2524-55c2-4c1e-bc01-8d5eef614978",
        "Start Frame": 360,
        "End Frame": 480,
        "Caption": "#C C turns the lawn mower ; #C C looks around; #C C turns a lawn mower ; #C C drives lawn mower; #C C cuts grass with a lawn m"
    },
    {
        "Video Name": "330a2524-55c2-4c1e-bc01-8d5eef614978",
        "Start Frame": 480,
        "End Frame": 600,
        "Caption": "#C C throws the branches; #C C throws the stick on the lawn with his left hand; #C C throws the grass; #C C removes the grass from the lawn mower; #C C throws the twigs on the lawnmower"
    },
    {
        "Video Name": "330a2524-55c2-4c1e-bc01-8d5eef614978",
        "Start Frame": 600,
        "End Frame": 720,
        "Caption": "#C C throws the branch on the ground with his left hand; #C C throws the branch on the grass with his left hand; #C C throws the branch on the ground with his left hand; #C C throws the branch on the ground with his left hand; #C C throws the branch "
    },
    {
        "Video Name": "330a2524-55c2-4c1e-bc01-8d5eef614978",
        "Start Frame": 720,
        "End Frame": 840,
        "Caption": "#C C drives the lawn mower with the lawn mower steering lever in his right hand; #C C turns the lawn mower to the right.; #C C turns the lawn mower; #C C turns the lawn mower to the left.; #C C turns the lawn mower"
    },
    {
        "Video Name": "330a2524-55c2-4c1e-bc01-8d5eef614978",
        "Start Frame": 840,
        "End Frame": 960,
        "Caption": "#C C turns the lawn mower ; #C C cuts the grass using the lawn m; #C C turns the lawn mower; #C C cuts the grass using a lawn m; #C C cuts the grass using a lawn m"
    },
    {
        "Video Name": "330a2524-55c2-4c1e-bc01-8d5eef614978",
        "Start Frame": 960,
        "End Frame": 1080,
        "Caption": "#C C turns the lawn mower; #C C turns the lawn mower; #C C turns a lawn mower ; #C C turns the mower; #C C cuts the grass using a lawn m"
    },
    {
        "Video Name": "330a2524-55c2-4c1e-bc01-8d5eef614978",
        "Start Frame": 1080,
        "End Frame": 1200,
        "Caption": "#C C turns the lawn mower to the; #C C drives the lawn mower; #C C turns the lawn mower; #C C cuts the grass using a lawn m; #C C looks around"
    },
    {
        "Video Name": "330a2524-55c2-4c1e-bc01-8d5eef614978",
        "Start Frame": 1200,
        "End Frame": 1320,
        "Caption": "#C C cuts grass with a lawn mower; #C C cuts the grass using a lawn m; #C C cuts the grass using a lawn m; #C C turns the lawn mower; #C C turns the lawn mower"
    },
    {
        "Video Name": "330a2524-55c2-4c1e-bc01-8d5eef614978",
        "Start Frame": 1320,
        "End Frame": 1440,
        "Caption": "#C C holds the lawn mower handle with his right hand; #C C mows the lawn with the lawn mower.; #C C cuts the grass using a lawn mower; #C C cuts the grass using a lawn mower; #C C trims the grass with the lawn mower."
    },
    {
        "Video Name": "330a2524-55c2-4c1e-bc01-8d5eef614978",
        "Start Frame": 1440,
        "End Frame": 1560,
        "Caption": "#C C cuts grass with the lawn mower; #C C drives the lawn mower; #C C turns the lawn mower; #C C cuts the grass using a lawn m; #C C turns a lawn mower "
    },
    {
        "Video Name": "330a2524-55c2-4c1e-bc01-8d5eef614978",
        "Start Frame": 1560,
        "End Frame": 1680,
        "Caption": "#C C cuts the grass; #C C cuts grass with the lawn mower ; #C C cuts the grass with the lawn mower; #C C holds the lawn mower handle with his right hand; #C C turns the lawn mower "
    },
    {
        "Video Name": "330a2524-55c2-4c1e-bc01-8d5eef614978",
        "Start Frame": 1680,
        "End Frame": 1800,
        "Caption": "#C C cuts grass with the lawn mower; #C C holds the hand brake; #C C mows the lawn with the lawn m; #C C turns the lawn mower; #C C cuts the grass using a lawn mower"
    },
    {
        "Video Name": "330a2524-55c2-4c1e-bc01-8d5eef614978",
        "Start Frame": 1800,
        "End Frame": 1920,
        "Caption": "#C C turns the lawn mower; #C C cuts the grass using a lawn mower; #C C turns the lawn mower; #C C cuts the grass using a lawn mower; #C C holds the lawn mower handle with both"
    },
    {
        "Video Name": "330a2524-55c2-4c1e-bc01-8d5eef614978",
        "Start Frame": 1920,
        "End Frame": 2040,
        "Caption": "#C C turns the lawn mower ; #C C holds the gear on the lawn mower with his left; #C C cuts the grass using a lawn mower; #C C cuts the grass using a lawn mower; #C C cuts the grass using a lawn mower"
    },
    {
        "Video Name": "330a2524-55c2-4c1e-bc01-8d5eef614978",
        "Start Frame": 2040,
        "End Frame": 2160,
        "Caption": "#C C holds the hand brake of the lawn mower with his right hand; #C C cuts the grass with a lawn mower; #C C turns the lawn mower; #C C cuts the grass using a lawn mower; #C C mows the lawn with the lawn mower."
    },
    {
        "Video Name": "330a2524-55c2-4c1e-bc01-8d5eef614978",
        "Start Frame": 2160,
        "End Frame": 2280,
        "Caption": "#C C turns the lawn mower; #C C drives the lawn mower on the; #C C turns the lawn mower; #C C drives the lawn mower; #C C looks around the compound"
    },
    {
        "Video Name": "330a2524-55c2-4c1e-bc01-8d5eef614978",
        "Start Frame": 2280,
        "End Frame": 2400,
        "Caption": "#C C cuts the grass with the lawn m; #C C cuts grass using a lawn mower; #C C cuts grass with the lawn mower; #C C cuts the grass using a lawn m; #C C turns the lawn mower "
    },
    {
        "Video Name": "330a2524-55c2-4c1e-bc01-8d5eef614978",
        "Start Frame": 2400,
        "End Frame": 2520,
        "Caption": "#C C operates the lawn mower; #C C presses the left brake of the lawn mower with his right hand.; #C C cuts the grass with the lawn mower; #C C drives the lawn mower on the lawn with the steering lever in his left hand; #C C presses the switch on the lawn mower with his right hand."
    },
    {
        "Video Name": "330a2524-55c2-4c1e-bc01-8d5eef614978",
        "Start Frame": 2520,
        "End Frame": 2640,
        "Caption": "#C C cuts grass with a lawn mower; #C C drives the lawn mower; #C C cuts the grass; #C C cuts grass using a lawn mower; #C C cuts the grass using a lawn m"
    },
    {
        "Video Name": "330a2524-55c2-4c1e-bc01-8d5eef614978",
        "Start Frame": 2640,
        "End Frame": 2760,
        "Caption": "#C C cuts the grass with the lawn m; #C C cuts grass with a lawn mower; #C C cuts the grass with the lawn m; #C C cuts the grass; #C C adjusts the gear"
    },
    {
        "Video Name": "330a2524-55c2-4c1e-bc01-8d5eef614978",
        "Start Frame": 2760,
        "End Frame": 2880,
        "Caption": "#C C adjusts the control lever on the lawn mower with his right hand; #C C adjusts the handle bar of the lawn mower with his right hand; #C C presses the button on the lawn mower with his right hand.; #C C holds the lawn mower gear with his right hand.; #C C operates the lawn mower with his right hand."
    },
    {
        "Video Name": "330a2524-55c2-4c1e-bc01-8d5eef614978",
        "Start Frame": 2880,
        "End Frame": 3000,
        "Caption": "#C C adjusts the gear with his right hand. ; #C C adjusts the gear of the lawn mower with his right hand; #C C moves the gear of the lawn mower with his right hand; #C C holds a lawn mower handle; #C C operates the lawn mower"
    },
    {
        "Video Name": "330a2524-55c2-4c1e-bc01-8d5eef614978",
        "Start Frame": 3000,
        "End Frame": 3120,
        "Caption": "#C C opens the lawn mower with his right hand; #C C steps out of the lawn mower ; #C C alights from the lawn mower; #C C gets out of the lawn mower.; #C C steps on the grass cutter machine"
    },
    {
        "Video Name": "330a2524-55c2-4c1e-bc01-8d5eef614978",
        "Start Frame": 3120,
        "End Frame": 3240,
        "Caption": "#C C pushes the branch with his leg; #C C moves the branches on the ground with his right leg.; #C C steps on the logs on the ground with his right leg.; #C C pushes the branch with the leg; #C C kicks the tree branch on the floor with his right leg."
    },
    {
        "Video Name": "330a2524-55c2-4c1e-bc01-8d5eef614978",
        "Start Frame": 3240,
        "End Frame": 3360,
        "Caption": "#C C moves the lawn mower; #C C adjusts the lawn mower; #C C climbs into the lawn mower with his right hand on the lawn mower handle; #C C presses a button on the lawn mower with his right hand.; #C C pushes the lever on the lawn mower with his right hand."
    },
    {
        "Video Name": "330a2524-55c2-4c1e-bc01-8d5eef614978",
        "Start Frame": 3360,
        "End Frame": 3480,
        "Caption": "#C C turns on the lawn mower with his right hand.; #C C starts the lawn mower ; #C C adjusts the ignition of the lawn mower with his right hand; #C C pulls the starter handle with his right hand.; #C C touches the knob"
    },
    {
        "Video Name": "330a2524-55c2-4c1e-bc01-8d5eef614978",
        "Start Frame": 3480,
        "End Frame": 3600,
        "Caption": "#C C turns on the lawn mower with his right hand. ; #C C turns on the lawn mower; #C C operates the lawn mower; #C C presses the button on the lawn mower with his right hand; #C C touches the lawn mower gear with his right hand."
    },
    {
        "Video Name": "330a2524-55c2-4c1e-bc01-8d5eef614978",
        "Start Frame": 3600,
        "End Frame": 3720,
        "Caption": "#C C holds the gear handle; #C C holds the hand brake with his right hand.; #C C switches on the lawn mower; #C C turns the key of the lawn mower with his right hand; #C C drives the lawn mower. "
    },
    {
        "Video Name": "330a2524-55c2-4c1e-bc01-8d5eef614978",
        "Start Frame": 3720,
        "End Frame": 3840,
        "Caption": "#C C turns on the lawn mower; #C C turns the key of the lawn mower with his right hand; #C C operates lawn mower with the key in his right hand.; #C C adjusts the lawn mower with his right hand.; #C C operates the lawn mower with his right hand."
    },
    {
        "Video Name": "330a2524-55c2-4c1e-bc01-8d5eef614978",
        "Start Frame": 3840,
        "End Frame": 3960,
        "Caption": "#C C holds the gear with his right hand.; #C C removes his right hand from the steering lever of the lawn mower; #C C raises the hand; #C C pulls the starter handle of the lawn mower with his right hand; #C C touches his head with his right hand."
    },
    {
        "Video Name": "330a2524-55c2-4c1e-bc01-8d5eef614978",
        "Start Frame": 3960,
        "End Frame": 4080,
        "Caption": "#C C presses a button on the lawn mower with his right hand.; #C C touches a button on the lawn mower with his right hand.; #C C adjusts the lever on the lawn mower with his right hand.; #C C touches the ignition switch of the lawn mower with his right hand; #C C touches the lawn mower"
    },
    {
        "Video Name": "330a2524-55c2-4c1e-bc01-8d5eef614978",
        "Start Frame": 4080,
        "End Frame": 4200,
        "Caption": "#C C adjusts a button on the lawn mower with his right hand; #C C pulls the lever on the lawn mower with his right hand; #C C turns the key of the lawn mower with his right hand; #C C presses the button on the lawn mower with his right hand; #C C turns the knob on the lawnmower with his right hand"
    },
    {
        "Video Name": "330a2524-55c2-4c1e-bc01-8d5eef614978",
        "Start Frame": 4200,
        "End Frame": 4320,
        "Caption": "#C C starts the lawn mower ; #C C switches off the ignition of the lawn mower with his right hand; #C C turns on the lawn mower with his right hand.; #C C turns the knob of the lawn mower with his right hand.; #C C adjusts the control knob of the lawn mower with his right hand"
    },
    {
        "Video Name": "330a2524-55c2-4c1e-bc01-8d5eef614978",
        "Start Frame": 4320,
        "End Frame": 4440,
        "Caption": "#C C moves the lawn mower; #C C pulls the starter rope of the lawn mower with his right hand.; #C C pushes a lever on the lawn mower with his left hand.; #C C operates the lawn mower with his right hand.; #C C holds the gear with his left hand."
    },
    {
        "Video Name": "330a2524-55c2-4c1e-bc01-8d5eef614978",
        "Start Frame": 4440,
        "End Frame": 4560,
        "Caption": "#C C touches the lawn mower with his right hand.; #C C starts the lawn mower; #C C turns on the lawn mower with his right hand; #C C adjusts the throttle control with his right hand.; #C C starts the lawn mower"
    },
    {
        "Video Name": "330a2524-55c2-4c1e-bc01-8d5eef614978",
        "Start Frame": 4560,
        "End Frame": 4680,
        "Caption": "#C C turns the engine of the lawn mower with his right hand.; #C C operates the lawn mower with his left hand.; #C C holds the lever on the lawn mower with his right hand.; #C C pulls the lever on the lawn mower with his right hand.; #C C starts the lawn mower"
    },
    {
        "Video Name": "330a2524-55c2-4c1e-bc01-8d5eef614978",
        "Start Frame": 4680,
        "End Frame": 4800,
        "Caption": "#C C pulls down the lever on the lawn mower with his right hand; #C C holds the gear with his left hand.; #C C turns the steering wheel with his right hand.; #C C touches a brake lever on the lawnmower with his left hand; #C C operates the lawn mower with his right hand."
    },
    {
        "Video Name": "330a2524-55c2-4c1e-bc01-8d5eef614978",
        "Start Frame": 4800,
        "End Frame": 4920,
        "Caption": "#C C adjusts the lawn mower starter with his right hand.; #C C turns on the lawn mower with his right hand.; #C C operates the lawn mower with his right hand.; #C C turns the key on the lawn mower with his right hand; #C C touches the lawn mower "
    },
    {
        "Video Name": "330a2524-55c2-4c1e-bc01-8d5eef614978",
        "Start Frame": 4920,
        "End Frame": 5040,
        "Caption": "#C C turns on the lawn mower; #C C touches the lawn mower with his right hand.; #C C adjusts the knob on the lawn mower with his right hand; #C C turns on the lawn mower; #C C presses the button on the lawn mower"
    },
    {
        "Video Name": "330a2524-55c2-4c1e-bc01-8d5eef614978",
        "Start Frame": 5040,
        "End Frame": 5160,
        "Caption": "#C C touches a switch with his right hand.; #C C presses the clutch lever of the lawn mower with his right hand; #C C starts the lawn mower; #C C moves the lawn mower gear with his right hand.; #C C adjusts the starter handle on the lawn mower with his right hand"
    },
    {
        "Video Name": "330a2524-55c2-4c1e-bc01-8d5eef614978",
        "Start Frame": 5160,
        "End Frame": 5280,
        "Caption": "#C C touches the knob on the lawn mower with his right hand.; #C C adjusts the starter handle of the lawn mower with his right hand; #C C operates the lawn mower with his right hand.; #C C holds the knob on the lawn mower with his right hand.; #C C holds the steering wheel"
    },
    {
        "Video Name": "330a2524-55c2-4c1e-bc01-8d5eef614978",
        "Start Frame": 5280,
        "End Frame": 5400,
        "Caption": "#C C holds the steering lever with his right hand.; #C C holds the steering lever with his right hand.; #C C holds the steering lever of the lawn mower with his left hand; #C C holds the handle of the lawn mower with his left hand.; #C C adjusts the gear"
    }
]