[
    {
        "Video Name": "3311f1b2-495a-4712-9989-ef8519be3cc7",
        "Start Frame": 0,
        "End Frame": 120,
        "Caption": "#C C looks at the mirror; #C C holds the shirt; #C C looks at himself in the; #C C looks around; #C C looks himself in the mirror"
    },
    {
        "Video Name": "3311f1b2-495a-4712-9989-ef8519be3cc7",
        "Start Frame": 120,
        "End Frame": 240,
        "Caption": "#C C looks around; #C C looks at the mirror; #C C looks at himself in the; #C C puts the tie down; #C C looks at the mirror"
    },
    {
        "Video Name": "3311f1b2-495a-4712-9989-ef8519be3cc7",
        "Start Frame": 240,
        "End Frame": 360,
        "Caption": "#C C puts the shirt on the hanger; #C C looks at the shirts; #C C holds the shirt ; #c c hangs the shirt on the hanger; #c c put the the shirt in the h"
    },
    {
        "Video Name": "3311f1b2-495a-4712-9989-ef8519be3cc7",
        "Start Frame": 360,
        "End Frame": 480,
        "Caption": "#c c hangs the shirt; #C C hangs the shirt on the cloth rack; #C C takes cloth from the hanger; #C C holds shirt; #C C hangs the shirt on the cloth rack with both hands"
    },
    {
        "Video Name": "3311f1b2-495a-4712-9989-ef8519be3cc7",
        "Start Frame": 480,
        "End Frame": 600,
        "Caption": "#C C holds the label on the; #C C touches the tag; #C C folds the shirt; #C C buttons the shirt; #C C puts the tag on the"
    },
    {
        "Video Name": "3311f1b2-495a-4712-9989-ef8519be3cc7",
        "Start Frame": 600,
        "End Frame": 720,
        "Caption": "#C C buttons the shirt ; #C C buttons the cloth; #C C buttons the shirt; #C C buttons the shirt; #C C buttons the cloth on the hanging"
    },
    {
        "Video Name": "3311f1b2-495a-4712-9989-ef8519be3cc7",
        "Start Frame": 720,
        "End Frame": 840,
        "Caption": "#C C buttons the shirt; #C C buttons a shirt; #C C puts the tie on the; #C C buttons a shirt; #C C buttons the shirt "
    },
    {
        "Video Name": "3311f1b2-495a-4712-9989-ef8519be3cc7",
        "Start Frame": 840,
        "End Frame": 960,
        "Caption": "#C C buttons a shirt; #C C buttons the shirt ; #C C buttons the shirt; #C C folds a label on the; #C C buttons the shirt"
    },
    {
        "Video Name": "3311f1b2-495a-4712-9989-ef8519be3cc7",
        "Start Frame": 960,
        "End Frame": 1080,
        "Caption": "#c c puts clothe on the h; #c c touches the shirt; #C C removes a shirt; #C C picks the shirt; #C C removes the shirt from the h"
    },
    {
        "Video Name": "3311f1b2-495a-4712-9989-ef8519be3cc7",
        "Start Frame": 1080,
        "End Frame": 1200,
        "Caption": "#C C looks at the shirt ; #C C folds the shirt ; #c c takes off the shirt; #C C hangs the shirt; #C C puts shirt on the h"
    },
    {
        "Video Name": "3311f1b2-495a-4712-9989-ef8519be3cc7",
        "Start Frame": 1200,
        "End Frame": 1320,
        "Caption": "#C C stares at the mirror; #C C walks in the clothes; #C C looks at the mirror; #C C removes the tie; #C C looks at the mirror"
    },
    {
        "Video Name": "3311f1b2-495a-4712-9989-ef8519be3cc7",
        "Start Frame": 1320,
        "End Frame": 1440,
        "Caption": "#C C looks at the mirror; #C C looks himself in the mirror; #C C looks in the mirror; #C C looks at himself in the; #C C holds the shirt"
    },
    {
        "Video Name": "3311f1b2-495a-4712-9989-ef8519be3cc7",
        "Start Frame": 1440,
        "End Frame": 1560,
        "Caption": "#C C looks himself in the; #C C looks at the mirror; #C C looks at the mirror; #C C folds the jacket ; #C C looks at the mirror"
    },
    {
        "Video Name": "3311f1b2-495a-4712-9989-ef8519be3cc7",
        "Start Frame": 1560,
        "End Frame": 1680,
        "Caption": "#C C looks at the mirror; #C C holds the tie; #C C unbuttons the; #C C aligns a tie; #C C looks at the mirror"
    },
    {
        "Video Name": "3311f1b2-495a-4712-9989-ef8519be3cc7",
        "Start Frame": 1680,
        "End Frame": 1800,
        "Caption": "#C C holds the belt ; #C C buttons the shirt ; #C C folds the t-; #C C looks himself on the; #C C stares at the mirror"
    },
    {
        "Video Name": "3311f1b2-495a-4712-9989-ef8519be3cc7",
        "Start Frame": 1800,
        "End Frame": 1920,
        "Caption": "#C C picks the shirt from the hanger; #C C hangs shirt on the cloth rack; #C C puts the shirt on the hanger; #C C hangs the shirt on the hanger; #C C hangs the clothe on the clothe hanging"
    },
    {
        "Video Name": "3311f1b2-495a-4712-9989-ef8519be3cc7",
        "Start Frame": 1920,
        "End Frame": 2040,
        "Caption": "#C C picks a cloth ; #C C moves the clothe; #C C puts the trouser on the hanger; #C C picks a trouser; #C C hangs the clothe on the clothe"
    },
    {
        "Video Name": "3311f1b2-495a-4712-9989-ef8519be3cc7",
        "Start Frame": 2040,
        "End Frame": 2160,
        "Caption": "#C C puts the cloth on the hanger; #C C picks clothe; #C C holds the cloth on the hand; #C C walks around; #C C holds the hanger with his right hand"
    },
    {
        "Video Name": "3311f1b2-495a-4712-9989-ef8519be3cc7",
        "Start Frame": 2160,
        "End Frame": 2280,
        "Caption": "#C C picks up the hanger; #C C removes the trouser; #C C picks the trouser; #C C puts the trouser on the cloth; #C C picks a hanger"
    },
    {
        "Video Name": "3311f1b2-495a-4712-9989-ef8519be3cc7",
        "Start Frame": 2280,
        "End Frame": 2400,
        "Caption": "#C C looks at the; #C C holds the tie; #C C looks at the; #C C removes the trou; #C C touches the trou"
    },
    {
        "Video Name": "3311f1b2-495a-4712-9989-ef8519be3cc7",
        "Start Frame": 2400,
        "End Frame": 2520,
        "Caption": "#C C moves around the room; #C C touches the shirt ; #C C takes the jeans from the; #C C looks at the mirror; #C C looks at himself in the"
    },
    {
        "Video Name": "3311f1b2-495a-4712-9989-ef8519be3cc7",
        "Start Frame": 2520,
        "End Frame": 2640,
        "Caption": "#C C looks at the mirror; #C C looks at the mirror; #C C stares at the mirror; #C C looks himself in the; #C C looks himself on the"
    },
    {
        "Video Name": "3311f1b2-495a-4712-9989-ef8519be3cc7",
        "Start Frame": 2640,
        "End Frame": 2760,
        "Caption": "#C C hangs the trouser on the rack; #C C moves the trouser ; #C C picks a trouser from the cloth; #C C hangs the jeans on the stand; #C C picks the jeans"
    },
    {
        "Video Name": "3311f1b2-495a-4712-9989-ef8519be3cc7",
        "Start Frame": 2760,
        "End Frame": 2880,
        "Caption": "#C C takes a hanged cloth; #C C picks a belt; #C C removes the hanger from the hanger; #C C hangs the hanger on the cloth rack; #C C takes hanger from the rack"
    },
    {
        "Video Name": "3311f1b2-495a-4712-9989-ef8519be3cc7",
        "Start Frame": 2880,
        "End Frame": 3000,
        "Caption": "#C C puts the clothes on the cloth; #C C puts the hanger on the; #C C hangs the cloth on the rack; #C C puts a hanger on a; #C C puts the cloth on the clothes"
    },
    {
        "Video Name": "3311f1b2-495a-4712-9989-ef8519be3cc7",
        "Start Frame": 3000,
        "End Frame": 3120,
        "Caption": "#C C looks around; #C C touches the shirts; #C C looks at the; #C C looks around; #C C looks around"
    },
    {
        "Video Name": "3311f1b2-495a-4712-9989-ef8519be3cc7",
        "Start Frame": 3120,
        "End Frame": 3240,
        "Caption": "#C C picks the shoes; #C C takes a belt; #C C picks the cloth from the; #C C picks a belt ; #C C picks a belt"
    },
    {
        "Video Name": "3311f1b2-495a-4712-9989-ef8519be3cc7",
        "Start Frame": 3240,
        "End Frame": 3360,
        "Caption": "#C C looks at the mirror; #C C holds the trouser; #C C holds the belt in the; #C C ties the trouser; #C C looks at the mirror"
    },
    {
        "Video Name": "3311f1b2-495a-4712-9989-ef8519be3cc7",
        "Start Frame": 3360,
        "End Frame": 3480,
        "Caption": "#C C   touches a trou; #C C looks at the mirror; #C C looks at the mirror; #C C looks at the mirror; #C C aligns the trouser"
    },
    {
        "Video Name": "3311f1b2-495a-4712-9989-ef8519be3cc7",
        "Start Frame": 3480,
        "End Frame": 3600,
        "Caption": "#C C holds the trouser with both; #C C looks at the mirror; #C C holds a cloth; #C C looks at the mirror; #C C looks in the mirror"
    },
    {
        "Video Name": "3311f1b2-495a-4712-9989-ef8519be3cc7",
        "Start Frame": 3600,
        "End Frame": 3720,
        "Caption": "#C C looks himself on the; #C C looks at the mirror; #C C holds the tie; #C C looks at the mirror; #C C looks at the mirror"
    },
    {
        "Video Name": "3311f1b2-495a-4712-9989-ef8519be3cc7",
        "Start Frame": 3720,
        "End Frame": 3840,
        "Caption": "#C C holds a tie; #C C places the belt on the; #C C picks a tie; #C C looks around; #C C puts the tie on the"
    },
    {
        "Video Name": "3311f1b2-495a-4712-9989-ef8519be3cc7",
        "Start Frame": 3840,
        "End Frame": 3960,
        "Caption": "#C C picks a clothe ; #C C picks clothe from the clothe; #C C picks the trouser ; #C C picks a trouser ; #C C picks the trouser"
    },
    {
        "Video Name": "3311f1b2-495a-4712-9989-ef8519be3cc7",
        "Start Frame": 3960,
        "End Frame": 4080,
        "Caption": "#C C touches the shirts ; #C C touches the shirts ; #C C touches a cloth; #C C holds cloths on rack; #C C touches the cloths "
    },
    {
        "Video Name": "3311f1b2-495a-4712-9989-ef8519be3cc7",
        "Start Frame": 4080,
        "End Frame": 4200,
        "Caption": "#C C puts the cloth on the cloth; #C C hangs the shirt on the rack; #C C puts the shirt on the h; #C C puts the cloth on the cloth; #C C hangs the shirt on the rack"
    },
    {
        "Video Name": "3311f1b2-495a-4712-9989-ef8519be3cc7",
        "Start Frame": 4200,
        "End Frame": 4320,
        "Caption": "#C C holds a tie; #C C holds tie; #C C looks at the tie; #C C looks at the price; #C C looks at the tie"
    },
    {
        "Video Name": "3311f1b2-495a-4712-9989-ef8519be3cc7",
        "Start Frame": 4320,
        "End Frame": 4440,
        "Caption": "#C C looks at the trou; #C C moves backwards; #C C looks around; #C C walks in the room; #C C looks at the shoes"
    },
    {
        "Video Name": "3311f1b2-495a-4712-9989-ef8519be3cc7",
        "Start Frame": 4440,
        "End Frame": 4560,
        "Caption": "#C C stares at the clothes on the; #C C looks at the clothe; #C C looks around; #C C looks around; #C C holds the shirts"
    },
    {
        "Video Name": "3311f1b2-495a-4712-9989-ef8519be3cc7",
        "Start Frame": 4560,
        "End Frame": 4680,
        "Caption": "#C C looks around; #C C looks around; #C C gives the tie to; #O A man Y folds the; #C C looks at the tie"
    },
    {
        "Video Name": "3311f1b2-495a-4712-9989-ef8519be3cc7",
        "Start Frame": 4680,
        "End Frame": 4800,
        "Caption": "#C C puts shirt on the hanger; #C C moves the shirt on the h; #C C removes the shirt; #C C holds the shirt with his right; #C C picks a shirt"
    },
    {
        "Video Name": "3311f1b2-495a-4712-9989-ef8519be3cc7",
        "Start Frame": 4800,
        "End Frame": 4920,
        "Caption": "#C C holds shirt with the left; #C C moves around; #C C holds a shirt; #C C holds the shirt; #C C holds a shirt"
    },
    {
        "Video Name": "3311f1b2-495a-4712-9989-ef8519be3cc7",
        "Start Frame": 4920,
        "End Frame": 5040,
        "Caption": "#C C hangs the shirt on the hanger on the cloth rack with both hands; #C C holds the shirt with his left hand; #C C hangs shirt on the stand; #c c unhang the shirt; #C C touches the shirt"
    },
    {
        "Video Name": "3311f1b2-495a-4712-9989-ef8519be3cc7",
        "Start Frame": 5040,
        "End Frame": 5160,
        "Caption": "#C C holds shirt ; #C C holds the shirt; #C C holds shirt ; #C C picks a shirt; #C C holds the shirt"
    },
    {
        "Video Name": "3311f1b2-495a-4712-9989-ef8519be3cc7",
        "Start Frame": 5160,
        "End Frame": 5280,
        "Caption": "#C C looks around; #C C hangs the shirt on the cloth rack with both hands; #c c puts the shirt on the hanger; #C C looks at the mirror; #C C walks around"
    },
    {
        "Video Name": "3311f1b2-495a-4712-9989-ef8519be3cc7",
        "Start Frame": 5280,
        "End Frame": 5400,
        "Caption": "#C C removes the jacket; #C C removes the cloth; #C C looks in the; #C C removes the cloth; #C C turns the clothes"
    }
]