[
    {
        "Video Name": "3993ba01-6a9f-49ad-b9f8-2e4083509c6e",
        "Start Frame": 0,
        "End Frame": 120,
        "Caption": "#C C looks around; #C C stares around the; #C C looks around; #C C looks around; #C C talks to #"
    },
    {
        "Video Name": "3993ba01-6a9f-49ad-b9f8-2e4083509c6e",
        "Start Frame": 120,
        "End Frame": 240,
        "Caption": "#O a woman X walks in the; #C C looks at woman A; #O lady X walks; #O A woman X walks around; #C C dialogues with woman Y"
    },
    {
        "Video Name": "3993ba01-6a9f-49ad-b9f8-2e4083509c6e",
        "Start Frame": 240,
        "End Frame": 360,
        "Caption": "#C C looks around; #C C turns around the room; #C C talks to #OO; #C C looks around the house; #C C looks around"
    },
    {
        "Video Name": "3993ba01-6a9f-49ad-b9f8-2e4083509c6e",
        "Start Frame": 360,
        "End Frame": 480,
        "Caption": "#C C walks around the house; #C C walks in the house; #O Person A converses with; #C C walks forward; #C C walks in the room"
    },
    {
        "Video Name": "3993ba01-6a9f-49ad-b9f8-2e4083509c6e",
        "Start Frame": 480,
        "End Frame": 600,
        "Caption": "#C C looks around the apartment; #C C walks around the house; #C C looks around the apartment; #C C looks around the house; #C C looks around"
    },
    {
        "Video Name": "3993ba01-6a9f-49ad-b9f8-2e4083509c6e",
        "Start Frame": 600,
        "End Frame": 720,
        "Caption": "#C C walks in the; #C C walks in the; #C C walks on the; #C C walks in the; #C C walks in the"
    },
    {
        "Video Name": "3993ba01-6a9f-49ad-b9f8-2e4083509c6e",
        "Start Frame": 720,
        "End Frame": 840,
        "Caption": "#C C talks to person; #C C looks at the; #O person X talks to; #C C looks at person; #C C talks to person"
    },
    {
        "Video Name": "3993ba01-6a9f-49ad-b9f8-2e4083509c6e",
        "Start Frame": 840,
        "End Frame": 960,
        "Caption": "#O person X stands up; #C C looks at lady X; #C C talks with lady X; #O A lady X laughs ; #O person X talks to C"
    },
    {
        "Video Name": "3993ba01-6a9f-49ad-b9f8-2e4083509c6e",
        "Start Frame": 960,
        "End Frame": 1080,
        "Caption": "#C C walks in the; #C C looks around ; #C C looks around ; #C C walks around ; #C C looks around the"
    },
    {
        "Video Name": "3993ba01-6a9f-49ad-b9f8-2e4083509c6e",
        "Start Frame": 1080,
        "End Frame": 1200,
        "Caption": "#C C moves around; #C C looks around; #C C walks around the room; #C C looks around the room; #C C walks around the house"
    },
    {
        "Video Name": "3993ba01-6a9f-49ad-b9f8-2e4083509c6e",
        "Start Frame": 1200,
        "End Frame": 1320,
        "Caption": "#C C looks around ; #C C looks around the house; #C C walks around the house; #C C looks around ; #C C looks around the room"
    },
    {
        "Video Name": "3993ba01-6a9f-49ad-b9f8-2e4083509c6e",
        "Start Frame": 1320,
        "End Frame": 1440,
        "Caption": "#C C looks around; #C C looks around; #C C looks around; #C C looks around; #C C looks around"
    },
    {
        "Video Name": "3993ba01-6a9f-49ad-b9f8-2e4083509c6e",
        "Start Frame": 1440,
        "End Frame": 1560,
        "Caption": "#C C looks around the room; #C C looks around; #C C walks around the house; #C C looks around ; #C C looks around the room"
    },
    {
        "Video Name": "3993ba01-6a9f-49ad-b9f8-2e4083509c6e",
        "Start Frame": 1560,
        "End Frame": 1680,
        "Caption": "#C C walks towards the table; #C C walks around the house; #C C walks around the house; #C C moves around the room; #C C looks around the house"
    },
    {
        "Video Name": "3993ba01-6a9f-49ad-b9f8-2e4083509c6e",
        "Start Frame": 1680,
        "End Frame": 1800,
        "Caption": "#C C walks in the house ; #O A man Y walks around the house; #C C looks around ; #C C talks to person X; #C C converses with a man X"
    },
    {
        "Video Name": "3993ba01-6a9f-49ad-b9f8-2e4083509c6e",
        "Start Frame": 1800,
        "End Frame": 1920,
        "Caption": "#C C walks around; #O woman Y walks in the; #C C looks around; #C C looks around the house; #C C looks around"
    },
    {
        "Video Name": "3993ba01-6a9f-49ad-b9f8-2e4083509c6e",
        "Start Frame": 1920,
        "End Frame": 2040,
        "Caption": "#C C walks forward; #C C looks around ; #C C looks around; #C C looks around; #C C talks to man"
    },
    {
        "Video Name": "3993ba01-6a9f-49ad-b9f8-2e4083509c6e",
        "Start Frame": 2040,
        "End Frame": 2160,
        "Caption": "#C C walks around the room; #C C walks in the room; #C C walks around the house; #C C walks around; #C C walks in the room"
    },
    {
        "Video Name": "3993ba01-6a9f-49ad-b9f8-2e4083509c6e",
        "Start Frame": 2160,
        "End Frame": 2280,
        "Caption": "#C C looks around; #C C looks around; #C C looks at the coffee; #C C looks around ; #C C picks a coffee maker"
    },
    {
        "Video Name": "3993ba01-6a9f-49ad-b9f8-2e4083509c6e",
        "Start Frame": 2280,
        "End Frame": 2400,
        "Caption": "#C C walks around the room; #C C walks around the room; #C C walks around the house; #C C walks in the house; #C C walks around the room"
    },
    {
        "Video Name": "3993ba01-6a9f-49ad-b9f8-2e4083509c6e",
        "Start Frame": 2400,
        "End Frame": 2520,
        "Caption": "#C C walks around; #C C picks the dumbbell; #C C picks the ball; #C C picks the gym ball; #C C walks around "
    },
    {
        "Video Name": "3993ba01-6a9f-49ad-b9f8-2e4083509c6e",
        "Start Frame": 2520,
        "End Frame": 2640,
        "Caption": "#O person X converses with; #C C walks around the house; #C C looks around; #C C walks in the house; #C C walks in the house"
    },
    {
        "Video Name": "3993ba01-6a9f-49ad-b9f8-2e4083509c6e",
        "Start Frame": 2640,
        "End Frame": 2760,
        "Caption": "#C C looks around; #O lady B stands in the; #C C looks around; #C C looks around; #C C looks around the house"
    },
    {
        "Video Name": "3993ba01-6a9f-49ad-b9f8-2e4083509c6e",
        "Start Frame": 2760,
        "End Frame": 2880,
        "Caption": "#C C looks around the; #C C looks around ; #C C looks around the; #C C looks around; #C C walks in the"
    },
    {
        "Video Name": "3993ba01-6a9f-49ad-b9f8-2e4083509c6e",
        "Start Frame": 2880,
        "End Frame": 3000,
        "Caption": "#C C looks around; #C C looks around the house; #C C looks around the house; #C C looks around the house; #O man X converses with C"
    },
    {
        "Video Name": "3993ba01-6a9f-49ad-b9f8-2e4083509c6e",
        "Start Frame": 3000,
        "End Frame": 3120,
        "Caption": "#C C looks around; #C C holds the gym mat; #C C puts the gym mat on the; #C C puts the gym mat on the; #C C picks a gym ball"
    },
    {
        "Video Name": "3993ba01-6a9f-49ad-b9f8-2e4083509c6e",
        "Start Frame": 3120,
        "End Frame": 3240,
        "Caption": "#C C walks in the; #C C walks in the; #C C walks to the; #C C looks around; #C C looks around the"
    },
    {
        "Video Name": "3993ba01-6a9f-49ad-b9f8-2e4083509c6e",
        "Start Frame": 3240,
        "End Frame": 3360,
        "Caption": "#C C walks around; #C C walks around; #C C walks around; #C C walks around the; #C C walks to the"
    },
    {
        "Video Name": "3993ba01-6a9f-49ad-b9f8-2e4083509c6e",
        "Start Frame": 3360,
        "End Frame": 3480,
        "Caption": "#C C looks around; #C C walks around the house; #C C looks around; #C C looks around; #C C walks around the house"
    },
    {
        "Video Name": "3993ba01-6a9f-49ad-b9f8-2e4083509c6e",
        "Start Frame": 3480,
        "End Frame": 3600,
        "Caption": "#C C walks around ; #C C walks around the; #C C walks around the; #C C walks around the; #C C walks around the"
    },
    {
        "Video Name": "3993ba01-6a9f-49ad-b9f8-2e4083509c6e",
        "Start Frame": 3600,
        "End Frame": 3720,
        "Caption": "#C C walks around the; #C C walks in the; #C C walks around; #C C walks around; #C C looks around"
    },
    {
        "Video Name": "3993ba01-6a9f-49ad-b9f8-2e4083509c6e",
        "Start Frame": 3720,
        "End Frame": 3840,
        "Caption": "#C C talks to a woman; #C C looks around the house; #C C walks in the room; #C C walks towards the table; #C C walks towards woman X"
    },
    {
        "Video Name": "3993ba01-6a9f-49ad-b9f8-2e4083509c6e",
        "Start Frame": 3840,
        "End Frame": 3960,
        "Caption": "#C C stares at a lady X; #C C looks around the house; #C C stares at a woman X; #O a woman Y sits on the; #C C looks around the house"
    },
    {
        "Video Name": "3993ba01-6a9f-49ad-b9f8-2e4083509c6e",
        "Start Frame": 3960,
        "End Frame": 4080,
        "Caption": "#C C interacts with lady X; #O A woman V sits on the; #O A woman X picks the phone; #O a woman X talks to C; #C C talks to a woman P"
    },
    {
        "Video Name": "3993ba01-6a9f-49ad-b9f8-2e4083509c6e",
        "Start Frame": 4080,
        "End Frame": 4200,
        "Caption": "#O a woman X stands up ; #O A woman X sits on the couch; #O A woman X sits on the couch; #O A woman X sits on the chair; #O a woman X sits on the sofa"
    },
    {
        "Video Name": "3993ba01-6a9f-49ad-b9f8-2e4083509c6e",
        "Start Frame": 4200,
        "End Frame": 4320,
        "Caption": "#O person X picks a pillow ; #C C looks around; #O A man X sits on a; #C C stands in the house; #O a lady X walks towards C"
    },
    {
        "Video Name": "3993ba01-6a9f-49ad-b9f8-2e4083509c6e",
        "Start Frame": 4320,
        "End Frame": 4440,
        "Caption": "#O A man Y walks around the house; #C C walks around the house; #C C walks in the house; #O A man X walks around; #C C looks around "
    },
    {
        "Video Name": "3993ba01-6a9f-49ad-b9f8-2e4083509c6e",
        "Start Frame": 4440,
        "End Frame": 4560,
        "Caption": "#C C looks around; #C C walks around the; #O woman T talks with; #C C looks around the; #C C looks around the"
    },
    {
        "Video Name": "3993ba01-6a9f-49ad-b9f8-2e4083509c6e",
        "Start Frame": 4560,
        "End Frame": 4680,
        "Caption": "#C C looks around; #C C looks around ; #C C walks around the; #C C looks around ; #C C walks around"
    },
    {
        "Video Name": "3993ba01-6a9f-49ad-b9f8-2e4083509c6e",
        "Start Frame": 4680,
        "End Frame": 4800,
        "Caption": "#C C stares around; #C C looks around; #C C looks around; #C C looks around; #C C looks around"
    },
    {
        "Video Name": "3993ba01-6a9f-49ad-b9f8-2e4083509c6e",
        "Start Frame": 4800,
        "End Frame": 4920,
        "Caption": "#C C looks around ; #C C looks around; #C C looks around the; #C C looks around; #C C looks around"
    },
    {
        "Video Name": "3993ba01-6a9f-49ad-b9f8-2e4083509c6e",
        "Start Frame": 4920,
        "End Frame": 5040,
        "Caption": "#O woman X converses with C; #C C looks around; #O O woman Y converses with; #C C looks around; #C C walks around the house"
    },
    {
        "Video Name": "3993ba01-6a9f-49ad-b9f8-2e4083509c6e",
        "Start Frame": 5040,
        "End Frame": 5160,
        "Caption": "#C C walks around the; #C C walks around the; #C C looks around ; #C C looks around the; #C C looks around the"
    },
    {
        "Video Name": "3993ba01-6a9f-49ad-b9f8-2e4083509c6e",
        "Start Frame": 5160,
        "End Frame": 5280,
        "Caption": "#C C moves around; #C C converses with a woman X; #C C looks at the clothes; #C C picks a t-shirt; #O a woman P takes off the clot"
    },
    {
        "Video Name": "3993ba01-6a9f-49ad-b9f8-2e4083509c6e",
        "Start Frame": 5280,
        "End Frame": 5400,
        "Caption": "#C C selects the clothes; #C C puts the shirt on the hanger; #C C hangs the hanger on the clothing rack with her left hand; #C C removes a shirt from the hanger; #C C removes the hanger from the cloth rack"
    }
]