[
    {
        "Video Name": "39aade26-1db8-4d3f-965e-841d5dc9981a",
        "Start Frame": 0,
        "End Frame": 120,
        "Caption": "#C C holds the phone; #C C presses his phone; #C C opens the door; #C C picks a phone; #C C uses the phone"
    },
    {
        "Video Name": "39aade26-1db8-4d3f-965e-841d5dc9981a",
        "Start Frame": 120,
        "End Frame": 240,
        "Caption": "#C C dials the phone; #C C operates the phone with his left hand; #C C looks at the phone; #C C operates a phone.; #C C holds a phone."
    },
    {
        "Video Name": "39aade26-1db8-4d3f-965e-841d5dc9981a",
        "Start Frame": 240,
        "End Frame": 360,
        "Caption": "#C C operates the phone; #C C walks towards the phone.; #C C uses the phone ; #C C operates the phone with his right hand; #C C walks around the workshop"
    },
    {
        "Video Name": "39aade26-1db8-4d3f-965e-841d5dc9981a",
        "Start Frame": 360,
        "End Frame": 480,
        "Caption": "#C C stares at the; #C C operates the phone; #C C uses phone; #C C looks at the; #C C operates the phone"
    },
    {
        "Video Name": "39aade26-1db8-4d3f-965e-841d5dc9981a",
        "Start Frame": 480,
        "End Frame": 600,
        "Caption": "#C C holds the phone with his left hand; #C C presses the phone; #C C turns on the phone; #C C operates the phone with his right hand; #C C operates the phone with his right hand"
    },
    {
        "Video Name": "39aade26-1db8-4d3f-965e-841d5dc9981a",
        "Start Frame": 600,
        "End Frame": 720,
        "Caption": "#C C picks a phone from the table with his left hand; #C C puts on his phone ; #C C looks at the phone; #C C uses the phone; #C C operates a phone with his left hand"
    },
    {
        "Video Name": "39aade26-1db8-4d3f-965e-841d5dc9981a",
        "Start Frame": 720,
        "End Frame": 840,
        "Caption": "#C C operates the phone; #C C operates the phone; #C C operates the phone; #C C uses the phone; #C C operates a phone"
    },
    {
        "Video Name": "39aade26-1db8-4d3f-965e-841d5dc9981a",
        "Start Frame": 840,
        "End Frame": 960,
        "Caption": "#C C puts the phone in his pocket with his left hand.; #C C adjusts his trousers.; #C C adjusts the camera ; #C C removes his right hand from the phone on his left hand; #C C places his right hand on a bench."
    },
    {
        "Video Name": "39aade26-1db8-4d3f-965e-841d5dc9981a",
        "Start Frame": 960,
        "End Frame": 1080,
        "Caption": "#C C picks the wood; #C C moves a piece of wood on the table with his left; #C C drops the wood on the table with his left hand.; #C C picks up a piece of wood; #C C picks a wood"
    },
    {
        "Video Name": "39aade26-1db8-4d3f-965e-841d5dc9981a",
        "Start Frame": 1080,
        "End Frame": 1200,
        "Caption": "#C C puts the piece of wood on the table; #C C drops the plank on the table with his right hand; #C C drops the wood on the table.; #C C drops the piece of wood on the workbench.; #C C puts the wood on the table"
    },
    {
        "Video Name": "39aade26-1db8-4d3f-965e-841d5dc9981a",
        "Start Frame": 1200,
        "End Frame": 1320,
        "Caption": "#C C takes a wood ; #C C takes the piece of wood; #C C picks the wood; #C C takes a wood ; #C C picks the wood"
    },
    {
        "Video Name": "39aade26-1db8-4d3f-965e-841d5dc9981a",
        "Start Frame": 1320,
        "End Frame": 1440,
        "Caption": "#C C picks a wood; #C C picks the wood; #C C turns the wood; #C C holds the wood on the table with both hands; #C C picks a wood"
    },
    {
        "Video Name": "39aade26-1db8-4d3f-965e-841d5dc9981a",
        "Start Frame": 1440,
        "End Frame": 1560,
        "Caption": "#C C looks at the wood; #C C looks around; #C C looks around ; #C C stares at the table; #C C stares at the wood"
    },
    {
        "Video Name": "39aade26-1db8-4d3f-965e-841d5dc9981a",
        "Start Frame": 1560,
        "End Frame": 1680,
        "Caption": "#C C moves the wood; #C C picks up the piece of wood from the table with his right hand; #C C looks around; #C C holds the piece of wood with both hands.; #C C holds the wood with his right hand"
    },
    {
        "Video Name": "39aade26-1db8-4d3f-965e-841d5dc9981a",
        "Start Frame": 1680,
        "End Frame": 1800,
        "Caption": "#C C picks the wood; #C C picks the wood ; #C C holds the wood; #C C picks up the wood; #C C picks the wood from the table with his left"
    },
    {
        "Video Name": "39aade26-1db8-4d3f-965e-841d5dc9981a",
        "Start Frame": 1800,
        "End Frame": 1920,
        "Caption": "#C C marks the wood with the pencil in his right hand.; #C C marks the wood; #C C marks the wood with the pencil in his right hand.; #C C marks the piece of wood on the table with the pencil in his right hand; #C C marks the wood with the pencil in his right hand."
    },
    {
        "Video Name": "39aade26-1db8-4d3f-965e-841d5dc9981a",
        "Start Frame": 1920,
        "End Frame": 2040,
        "Caption": "#C C marks the wood with a pencil; #C C marks the wood with the pencil in his right hand.; #C C marks the wood with the pencil in his right hand.; #C C marks the piece of wood with the pencil in his right hand; #C C marks on the wood with a pencil"
    },
    {
        "Video Name": "39aade26-1db8-4d3f-965e-841d5dc9981a",
        "Start Frame": 2040,
        "End Frame": 2160,
        "Caption": "#C C marks a timber ; #C C marks on the wood with a pencil; #C C marks a point on the wood with the pencil in his right hand; #C C marks the piece of wood with the pencil in his right hand.; #C C marks on the wood"
    },
    {
        "Video Name": "39aade26-1db8-4d3f-965e-841d5dc9981a",
        "Start Frame": 2160,
        "End Frame": 2280,
        "Caption": "#C C draws on the piece of wood on the workbench with the pencil in his right hand; #C C marks the piece of wood with the pencil in his right hand.; #C C marks a point on the piece of wood with the pencil in his right hand.; #C C marks a point on the wood with the pencil in his right hand.; #C C marks the piece of wood with the pencil in his right hand."
    },
    {
        "Video Name": "39aade26-1db8-4d3f-965e-841d5dc9981a",
        "Start Frame": 2280,
        "End Frame": 2400,
        "Caption": "#C C looks around; #C C stands in a; #C C looks around ; #C C stares at the; #C C stares at the"
    },
    {
        "Video Name": "39aade26-1db8-4d3f-965e-841d5dc9981a",
        "Start Frame": 2400,
        "End Frame": 2520,
        "Caption": "#C C marks on the wood; #C C marks the wood; #C C marks a point on the wood with the pencil in his right hand.; #C C marks the piece of wood on the workbench with the pencil in his right hand; #C C marks a point on the wood with the pencil in his right hand."
    },
    {
        "Video Name": "39aade26-1db8-4d3f-965e-841d5dc9981a",
        "Start Frame": 2520,
        "End Frame": 2640,
        "Caption": "#C C marks on the wood using a pencil; #C C marks the piece of wood with the pencil in his right hand.; #C C marks the piece of wood with the pencil in his right hand.; #C C marks the piece of wood on the workbench with the pencil in his right hand; #C C marks the piece of wood with the pencil in his right hand."
    },
    {
        "Video Name": "39aade26-1db8-4d3f-965e-841d5dc9981a",
        "Start Frame": 2640,
        "End Frame": 2760,
        "Caption": "#C C stares at the; #C C looks at the; #C C stares at the; #C C stares at the; #C C stares at the"
    },
    {
        "Video Name": "39aade26-1db8-4d3f-965e-841d5dc9981a",
        "Start Frame": 2760,
        "End Frame": 2880,
        "Caption": "#C C picks up a ruler from the table with his right; #C C picks a vernier caliper; #C C picks a ruler from the table with his right hand; #C C picks a wood clamp; #C C picks a ruler on the table with his right hand"
    },
    {
        "Video Name": "39aade26-1db8-4d3f-965e-841d5dc9981a",
        "Start Frame": 2880,
        "End Frame": 3000,
        "Caption": "#C C marks the wood with the pencil in his right hand.; #C C marks the wood with the pencil in his right hand.; #C C marks the wood; #C C marks the wood with the pencil in his right hand.; #C C marks the wood on the workbench with the pencil in his right hand"
    },
    {
        "Video Name": "39aade26-1db8-4d3f-965e-841d5dc9981a",
        "Start Frame": 3000,
        "End Frame": 3120,
        "Caption": "#C C marks another part of the wood with the pencil in his right hand; #C C marks a point on the wood with the pencil in his right hand; #C C marks the wood with the pencil in his right hand.; #C C marks the wood with the pencil in his right hand.; #C C marks the wood with a pencil"
    },
    {
        "Video Name": "39aade26-1db8-4d3f-965e-841d5dc9981a",
        "Start Frame": 3120,
        "End Frame": 3240,
        "Caption": "#C C marks the piece of wood with the pencil in his right hand.; #C C marks a point on the wood with the pencil in his right hand; #C C marks the wood with the pencil in his right hand.; #C C marks the wood with the pencil in his right hand.; #C C marks the piece of wood with the pencil in her right hand."
    },
    {
        "Video Name": "39aade26-1db8-4d3f-965e-841d5dc9981a",
        "Start Frame": 3240,
        "End Frame": 3360,
        "Caption": "#C C adjusts the ruler on the wood with his left hand.; #C C draws a line on the piece of wood on the workbench with the pencil in his right hand; #C C draws a line on the wood with the pencil in his right hand.; #C C draws on the wood; #C C moves the try square on the wood with his left hand."
    },
    {
        "Video Name": "39aade26-1db8-4d3f-965e-841d5dc9981a",
        "Start Frame": 3360,
        "End Frame": 3480,
        "Caption": "#C C marks another point on the third piece of wood with the pencil in his right hand.; #C C marks the wood with the pencil in his right hand.; #C C marks a point on the wood on the workbench with the pencil in his right hand; #C C marks the wood with a pen; #C C marks another part of the second wood work with the pencil in his right hand."
    },
    {
        "Video Name": "39aade26-1db8-4d3f-965e-841d5dc9981a",
        "Start Frame": 3480,
        "End Frame": 3600,
        "Caption": "#C C measures the wood with the ruler in his left hand.; #C C holds the ruler on the piece of wood with his left hand.; #C C places the ruler on the wood on the workbench with his left hand; #C C moves the ruler on the wood with his left hand.; #C C measures the wood plank with a ruler"
    },
    {
        "Video Name": "39aade26-1db8-4d3f-965e-841d5dc9981a",
        "Start Frame": 3600,
        "End Frame": 3720,
        "Caption": "#C C marks the piece of wood with the pencil in his right hand.; #C C marks the wood with the pencil in his right hand.; #C C measures a piece of wood with a caliper; #C C marks the wood with the pencil in his right hand.; #C C marks another part of the wood with the carpenter pencil in his right hand"
    },
    {
        "Video Name": "39aade26-1db8-4d3f-965e-841d5dc9981a",
        "Start Frame": 3720,
        "End Frame": 3840,
        "Caption": "#C C marks the piece of wood with the pencil in his right hand.; #C C marks the wood; #C C marks another point on the wood with the pencil in his right hand; #C C marks the wood with the pencil in his right hand.; #C C marks the wood with a pencil"
    },
    {
        "Video Name": "39aade26-1db8-4d3f-965e-841d5dc9981a",
        "Start Frame": 3840,
        "End Frame": 3960,
        "Caption": "#C C marks the piece of wood with the pencil in his right hand; #C C marks on the wood ; #C C marks the piece of wood on the table with the pencil in his right hand; #C C marks the wood with the pencil in his right hand.; #C C holds the piece of wood on the table with his left hand"
    },
    {
        "Video Name": "39aade26-1db8-4d3f-965e-841d5dc9981a",
        "Start Frame": 3960,
        "End Frame": 4080,
        "Caption": "#C C takes the drilling machine; #C C walks around the workshop; #C C picks a drilling machine; #C C carries drill machine; #C C picks the drill from the table with his left hand"
    },
    {
        "Video Name": "39aade26-1db8-4d3f-965e-841d5dc9981a",
        "Start Frame": 4080,
        "End Frame": 4200,
        "Caption": "#C C walks around the room; #C C walks around the workshop; #C C carries drill; #C C walks around the workshop; #C C picks a drill"
    },
    {
        "Video Name": "39aade26-1db8-4d3f-965e-841d5dc9981a",
        "Start Frame": 4200,
        "End Frame": 4320,
        "Caption": "#C C holds the wood; #C C turns the wood on the table with his left hand; #C C removes the electric wood router from the wood.; #C C holds the wood with his left hand; #C C holds the wood with his left hand"
    },
    {
        "Video Name": "39aade26-1db8-4d3f-965e-841d5dc9981a",
        "Start Frame": 4320,
        "End Frame": 4440,
        "Caption": "#C C cuts the wood; #C C marks the wood with the hand saw; #C C drills the wood with the drill machine; #C C puts the saw on the wood; #C C cuts the wood "
    },
    {
        "Video Name": "39aade26-1db8-4d3f-965e-841d5dc9981a",
        "Start Frame": 4440,
        "End Frame": 4560,
        "Caption": "#C C holds the wood with his left hand; #C C adjusts the piece of wood with his left hand; #C C holds the wood with his left hand; #C C drills the wood with the drill; #C C removes the electric saw from the wood "
    },
    {
        "Video Name": "39aade26-1db8-4d3f-965e-841d5dc9981a",
        "Start Frame": 4560,
        "End Frame": 4680,
        "Caption": "#C C holds the wood with his left hand; #C C uses the drill on the piece of; #C C holds the wood; #C C removes the drill from the wood; #C C holds the wood with his left hand"
    },
    {
        "Video Name": "39aade26-1db8-4d3f-965e-841d5dc9981a",
        "Start Frame": 4680,
        "End Frame": 4800,
        "Caption": "#C C inserts the drill into the piece of wood with his right hand; #C C removes his left hand from the drill.; #C C holds the drill; #C C moves the piece of wood; #C C turns off the drill machine."
    },
    {
        "Video Name": "39aade26-1db8-4d3f-965e-841d5dc9981a",
        "Start Frame": 4800,
        "End Frame": 4920,
        "Caption": "#C C picks the ruler from the second piece of wood with his left hand; #C C moves the ruler on the wooden board with his right hand.; #C C holds the measuring tool with both hands; #C C measures the wood ; #C C measures the wood with the ruler in his left hand."
    },
    {
        "Video Name": "39aade26-1db8-4d3f-965e-841d5dc9981a",
        "Start Frame": 4920,
        "End Frame": 5040,
        "Caption": "#C C marks the wood with the pencil in his right hand.; #C C marks another point on the wood with the pencil in his right hand; #C C marks on the wood with the pencil in his right hand.; #C C marks on the wood; #C C marks the wood "
    },
    {
        "Video Name": "39aade26-1db8-4d3f-965e-841d5dc9981a",
        "Start Frame": 5040,
        "End Frame": 5160,
        "Caption": "#C C marks the wood with the pencil in his right hand; #C C marks the wood; #C C marks the wood with the pencil in his right hand; #C C marks the wood with the pencil in his right hand; #C C marks the wood with the pencil in his right hand"
    },
    {
        "Video Name": "39aade26-1db8-4d3f-965e-841d5dc9981a",
        "Start Frame": 5160,
        "End Frame": 5280,
        "Caption": "#C C drives the screw into the third piece of wood on the work bench with the driller in his right hand; #C C drills the wood; #C C drills a hole into the wood plank with the drill gun in his right hand.; #C C drills a hole in the wood with the drill in his right hand.; #C C presses the power trigger of the drill with his right hand."
    },
    {
        "Video Name": "39aade26-1db8-4d3f-965e-841d5dc9981a",
        "Start Frame": 5280,
        "End Frame": 5400,
        "Caption": "#C C drills a hole into the piece of wood on the workbench with the power drill in his right hand; #C C drills a hole into the piece of wood with the power drill in his right hand.; #C C drills the wood; #C C drills a hole into the wood plank with the power drill in his right hand.; #C C drills a hole into the piece of wood with the drill in his right hand."
    }
]