[
    {
        "Video Name": "3f61b913-9920-4fbd-ba0f-93f41c255279",
        "Start Frame": 0,
        "End Frame": 120,
        "Caption": "#C C shuffles the card ; #C C puts the card on the table; #C C shuffles the cards in his; #O O counts the cards; #C C shuffles the cards"
    },
    {
        "Video Name": "3f61b913-9920-4fbd-ba0f-93f41c255279",
        "Start Frame": 120,
        "End Frame": 240,
        "Caption": "#C C holds the cards with both hands; #C C moves the cards on the table with his right hand; #C C arranges the cards in his hands; #C C arranges the cards on the table; #C C takes a card"
    },
    {
        "Video Name": "3f61b913-9920-4fbd-ba0f-93f41c255279",
        "Start Frame": 240,
        "End Frame": 360,
        "Caption": "#C C places the card on the table with his right hand; #C C places the card on the table with his right hand; #C C drops the card on the table with his right hand; #C C places the card on the table; #C C shuffles cards in his hands."
    },
    {
        "Video Name": "3f61b913-9920-4fbd-ba0f-93f41c255279",
        "Start Frame": 360,
        "End Frame": 480,
        "Caption": "#O O touches the card; #C C stares at the cards on his hands; #O a woman Y points at the card; #C C shuffles the cards; #O O touches the card"
    },
    {
        "Video Name": "3f61b913-9920-4fbd-ba0f-93f41c255279",
        "Start Frame": 480,
        "End Frame": 600,
        "Caption": "#O A man X holds the card; #O A man X holds the card; #O man D  puts card on the table; #O man X puts the card on the table; #O man Y places a card on the table"
    },
    {
        "Video Name": "3f61b913-9920-4fbd-ba0f-93f41c255279",
        "Start Frame": 600,
        "End Frame": 720,
        "Caption": "#O O puts the card down; #O A man X arranges the cards on the; #O O turns the card; #O a man X places the card on the table; #O person A places the card on the table"
    },
    {
        "Video Name": "3f61b913-9920-4fbd-ba0f-93f41c255279",
        "Start Frame": 720,
        "End Frame": 840,
        "Caption": "#O person Y touches the card ; #O person B places the card on the table; #C C holds the cards; #O A man X puts the card on the; #O A person X holds the cards"
    },
    {
        "Video Name": "3f61b913-9920-4fbd-ba0f-93f41c255279",
        "Start Frame": 840,
        "End Frame": 960,
        "Caption": "#C C puts the cards on the; #C C shuffles the cards; #C C puts cards on the table; #C C holds the cards; #C C picks cards from the table"
    },
    {
        "Video Name": "3f61b913-9920-4fbd-ba0f-93f41c255279",
        "Start Frame": 960,
        "End Frame": 1080,
        "Caption": "#C C looks at the; #C C looks around; #C C looks around ; #C C looks around; #C C looks at the"
    },
    {
        "Video Name": "3f61b913-9920-4fbd-ba0f-93f41c255279",
        "Start Frame": 1080,
        "End Frame": 1200,
        "Caption": "#C C walks around the room; #C C moves around; #C C looks around; #C C bends down; #c c walks to the sitting"
    },
    {
        "Video Name": "3f61b913-9920-4fbd-ba0f-93f41c255279",
        "Start Frame": 1200,
        "End Frame": 1320,
        "Caption": "#C C walks around the house; #C C stands in the house; #C C holds the blender; #C C walks around the house; #C C walks around"
    },
    {
        "Video Name": "3f61b913-9920-4fbd-ba0f-93f41c255279",
        "Start Frame": 1320,
        "End Frame": 1440,
        "Caption": "#C C plays with the; #C C touches the cat; #C C plays with cat; #C C plays with cat; #C C looks at cat"
    },
    {
        "Video Name": "3f61b913-9920-4fbd-ba0f-93f41c255279",
        "Start Frame": 1440,
        "End Frame": 1560,
        "Caption": "#C C adjusts the cat toy; #C C puts the cat down; #C C holds the cat with her left hand; #C C takes a cat ; #C C removes the cat food from the cat"
    },
    {
        "Video Name": "3f61b913-9920-4fbd-ba0f-93f41c255279",
        "Start Frame": 1560,
        "End Frame": 1680,
        "Caption": "#C C touches the cat; #C C blows cat fur ; #C C touches the cat's tail; #C C touches the cat with his right; #C C holds the cat"
    },
    {
        "Video Name": "3f61b913-9920-4fbd-ba0f-93f41c255279",
        "Start Frame": 1680,
        "End Frame": 1800,
        "Caption": "#c c touches the cat; #C C touches the cat with right hand; #c c touches cat ; #C C touches the cat's back; #c c removes the cat toy from the"
    },
    {
        "Video Name": "3f61b913-9920-4fbd-ba0f-93f41c255279",
        "Start Frame": 1800,
        "End Frame": 1920,
        "Caption": "#C C pulls the cat toy from the cat; #C C plays with cat ; #C C touches cat ; #C C removes cat from the cat mat; #C C pets cat on the floor "
    },
    {
        "Video Name": "3f61b913-9920-4fbd-ba0f-93f41c255279",
        "Start Frame": 1920,
        "End Frame": 2040,
        "Caption": "#C C pets the cat; #C C brushes the cat with the brush; #C C touches cat; #C C removes the cat toy from the cat's mouth with her right hand; #C C touches the cat with his right hand"
    },
    {
        "Video Name": "3f61b913-9920-4fbd-ba0f-93f41c255279",
        "Start Frame": 2040,
        "End Frame": 2160,
        "Caption": "#C C touches the cat; #C C looks at the; #C C stares at cat; #C C massages the; #C C touches cat "
    },
    {
        "Video Name": "3f61b913-9920-4fbd-ba0f-93f41c255279",
        "Start Frame": 2160,
        "End Frame": 2280,
        "Caption": "#C C looks at the cat.; #C C blows the cat with the blow-dry; #C C stares at the cat; #C C removes the brush from the cat's mouth; #C C stares at the cat"
    },
    {
        "Video Name": "3f61b913-9920-4fbd-ba0f-93f41c255279",
        "Start Frame": 2280,
        "End Frame": 2400,
        "Caption": "#C C interacts with the cat; #C C plays with the cat; #C C removes the cat feed from the cat's mouth with her right hand; #C C pets the cat; #C C feeds the cat. "
    },
    {
        "Video Name": "3f61b913-9920-4fbd-ba0f-93f41c255279",
        "Start Frame": 2400,
        "End Frame": 2520,
        "Caption": "#C C scratches the cat; #C C places her right hand on the floor; #C C puts her right hand under the table; #C C moves right hand; #C C stares at the cat"
    },
    {
        "Video Name": "3f61b913-9920-4fbd-ba0f-93f41c255279",
        "Start Frame": 2520,
        "End Frame": 2640,
        "Caption": "#C C puts down the doll; #C C picks the cat; #C C stands up; #C C stands up from the; #C C moves around"
    },
    {
        "Video Name": "3f61b913-9920-4fbd-ba0f-93f41c255279",
        "Start Frame": 2640,
        "End Frame": 2760,
        "Caption": "#C C walks around the house; #C C walks around the house; #C C looks around; #C C looks around; #C C looks around the house"
    },
    {
        "Video Name": "3f61b913-9920-4fbd-ba0f-93f41c255279",
        "Start Frame": 2760,
        "End Frame": 2880,
        "Caption": "#C C walks around the house; #C C looks at the floor; #C C walks around the house; #C C walks in the house; #O lady Y stands"
    },
    {
        "Video Name": "3f61b913-9920-4fbd-ba0f-93f41c255279",
        "Start Frame": 2880,
        "End Frame": 3000,
        "Caption": "#C C walks around the house; #C C walks in the house; #C C walks to the living; #C C walks in the house; #C C walks towards the dog"
    },
    {
        "Video Name": "3f61b913-9920-4fbd-ba0f-93f41c255279",
        "Start Frame": 3000,
        "End Frame": 3120,
        "Caption": "#C C walks around; #C C walks around ; #C C walks in the; #C C walks around the; #C C walks around"
    },
    {
        "Video Name": "3f61b913-9920-4fbd-ba0f-93f41c255279",
        "Start Frame": 3120,
        "End Frame": 3240,
        "Caption": "#C C touches the; #C C touches the; #C C pets the; #C C touches dog; #C C touches the"
    },
    {
        "Video Name": "3f61b913-9920-4fbd-ba0f-93f41c255279",
        "Start Frame": 3240,
        "End Frame": 3360,
        "Caption": "#O man A kneels down; #C C walks around the room; #C C walks in the house; #C C walks around the house; #O A man Y places his left hand on a"
    },
    {
        "Video Name": "3f61b913-9920-4fbd-ba0f-93f41c255279",
        "Start Frame": 3360,
        "End Frame": 3480,
        "Caption": "#O Man X holds the dog; #O A man Y holds a; #C C looks at the dog; #C C looks at the puppy; #O woman D pets the dog"
    },
    {
        "Video Name": "3f61b913-9920-4fbd-ba0f-93f41c255279",
        "Start Frame": 3480,
        "End Frame": 3600,
        "Caption": "#C C walks in the; #C C stares at the; #C C looks at the; #C C plays with dog; #C C pets the dog"
    },
    {
        "Video Name": "3f61b913-9920-4fbd-ba0f-93f41c255279",
        "Start Frame": 3600,
        "End Frame": 3720,
        "Caption": "#C C pets the dog; #C C pets the dog; #C C pets the dog; #C C pets the dog; #C C pets the dog"
    },
    {
        "Video Name": "3f61b913-9920-4fbd-ba0f-93f41c255279",
        "Start Frame": 3720,
        "End Frame": 3840,
        "Caption": "#C C looks at the dog ; #C C looks at the dog ; #O woman D plays with the dog; #C C moves around the house with person; #C C looks at dog "
    },
    {
        "Video Name": "3f61b913-9920-4fbd-ba0f-93f41c255279",
        "Start Frame": 3840,
        "End Frame": 3960,
        "Caption": "#C C walks in the house; #C C walks in the house; #C C walks towards the dining table; #C C picks a remote on the; #C C walks to the chair"
    },
    {
        "Video Name": "3f61b913-9920-4fbd-ba0f-93f41c255279",
        "Start Frame": 3960,
        "End Frame": 4080,
        "Caption": "#c c walks in the; #C C walks around the; #C C picks cup of; #C C walks in the; #C C walks around the"
    },
    {
        "Video Name": "3f61b913-9920-4fbd-ba0f-93f41c255279",
        "Start Frame": 4080,
        "End Frame": 4200,
        "Caption": "#C C touches the dog; #C C scratches the dog; #C C pets the dog; #C C touches the dog; #C C plays with the"
    },
    {
        "Video Name": "3f61b913-9920-4fbd-ba0f-93f41c255279",
        "Start Frame": 4200,
        "End Frame": 4320,
        "Caption": "#C C touches the dog; #C C pets the dog with her right hand; #C C touches the dog; #C C touches the dog ; #C C rubs the dog"
    },
    {
        "Video Name": "3f61b913-9920-4fbd-ba0f-93f41c255279",
        "Start Frame": 4320,
        "End Frame": 4440,
        "Caption": "#C C touches the dog; #C C touches the dog; #C C touches the dog; #C C scratches the dog with her right; #C C touches the dog with the right"
    },
    {
        "Video Name": "3f61b913-9920-4fbd-ba0f-93f41c255279",
        "Start Frame": 4440,
        "End Frame": 4560,
        "Caption": "#C C plays with the; #C C looks at the; #C C looks at the; #C C looks at the; #C C looks at the"
    },
    {
        "Video Name": "3f61b913-9920-4fbd-ba0f-93f41c255279",
        "Start Frame": 4560,
        "End Frame": 4680,
        "Caption": "#C C pets dog; #C C touches the dog; #C C touches the dog; #C C touches the dog with her right; #C C scratches the dog"
    },
    {
        "Video Name": "3f61b913-9920-4fbd-ba0f-93f41c255279",
        "Start Frame": 4680,
        "End Frame": 4800,
        "Caption": "#C C touches the dog; #C C touches dog; #C C massages the; #C C touches the dog; #C C touches the dog"
    },
    {
        "Video Name": "3f61b913-9920-4fbd-ba0f-93f41c255279",
        "Start Frame": 4800,
        "End Frame": 4920,
        "Caption": "#C C picks the cat food; #C C picks the cat food from the floor; #C C stares at the cat; #C C puts cat food on the floor; #C C lifts cat food bowl"
    },
    {
        "Video Name": "3f61b913-9920-4fbd-ba0f-93f41c255279",
        "Start Frame": 4920,
        "End Frame": 5040,
        "Caption": "#C C picks the bottle; #C C walks towards the sitting; #C C stands up; #C C stands up; #C C picks up a cup"
    },
    {
        "Video Name": "3f61b913-9920-4fbd-ba0f-93f41c255279",
        "Start Frame": 5040,
        "End Frame": 5160,
        "Caption": "#C C stands up ; #C C walks in the house; #C C walks around the house; #C C stands up; #C C walks around the room"
    },
    {
        "Video Name": "3f61b913-9920-4fbd-ba0f-93f41c255279",
        "Start Frame": 5160,
        "End Frame": 5280,
        "Caption": "#C C walks around the house.; #C C walks towards the table; #C C walks in the house; #C C walks in the room; #C C moves to the dinning table"
    },
    {
        "Video Name": "3f61b913-9920-4fbd-ba0f-93f41c255279",
        "Start Frame": 5280,
        "End Frame": 5400,
        "Caption": "#C C walks towards the kitchen; #C C walks around the house; #C C walks in the room; #C C walks to the kitchen; #C C walks around the house"
    }
]