[
    {
        "Video Name": "4070a4e2-14d5-4618-9889-dd18a416e2b5",
        "Start Frame": 0,
        "End Frame": 120,
        "Caption": "#C C sprinkles the powder paint on the floor; #C C draws on the floor with the white powder; #C C puts the chalk powder color on the floor; #C C sprinkles the powder paint on the floor; #C C draws on the floor with the powder paint"
    },
    {
        "Video Name": "4070a4e2-14d5-4618-9889-dd18a416e2b5",
        "Start Frame": 120,
        "End Frame": 240,
        "Caption": "#C C draws on the floor; #C C draws on the floor with the powder; #C C draws the flower on the floor ; #C C draws on the floor; #C C draws on the floor"
    },
    {
        "Video Name": "4070a4e2-14d5-4618-9889-dd18a416e2b5",
        "Start Frame": 240,
        "End Frame": 360,
        "Caption": "#C C sprinkles the powder paint on the floor ; #C C puts paint on the decoration on the floor.; #C C pours the powder paint on the floor ; #C C draws on the floor with the powder paint; #C C draws on the floor"
    },
    {
        "Video Name": "4070a4e2-14d5-4618-9889-dd18a416e2b5",
        "Start Frame": 360,
        "End Frame": 480,
        "Caption": "#C C picks the color powder from the bowl ; #C C picks a whitewash paint mix from the bowl; #C C picks the powder paint from the bowl ; #C C picks a white powder paint from the bowl ; #C C picks the color powder from the bowl "
    },
    {
        "Video Name": "4070a4e2-14d5-4618-9889-dd18a416e2b5",
        "Start Frame": 480,
        "End Frame": 600,
        "Caption": "#C C decorates the wavy billow Zing Zang line; #C C puts the paste on the floor ; #C C draws the flower on the floor ; #C C puts paint on the decoration on the floor ; #C C draws on the floor with the white powder"
    },
    {
        "Video Name": "4070a4e2-14d5-4618-9889-dd18a416e2b5",
        "Start Frame": 600,
        "End Frame": 720,
        "Caption": "#C C puts paint on the decoration on the floor.; #C C draws on the floor; #C C draws on the floor with the powder paint; #C C puts paint on the decoration on the floor.; #C C draws on the floor"
    },
    {
        "Video Name": "4070a4e2-14d5-4618-9889-dd18a416e2b5",
        "Start Frame": 720,
        "End Frame": 840,
        "Caption": "#C C draws on the floor; #C C decorates the flower on the floor ; #C C decorates the flower on the floor ; #C C applies color on the drawing on the floor; #C C decorates the flower on the floor "
    },
    {
        "Video Name": "4070a4e2-14d5-4618-9889-dd18a416e2b5",
        "Start Frame": 840,
        "End Frame": 960,
        "Caption": "#C C draws on the floor; #C C pours the powder color on the drawing on the floor; #C C applies color on the drawing on drawing; #C C sprinkles the powder paint on the floor ; #C C draws on the floor"
    },
    {
        "Video Name": "4070a4e2-14d5-4618-9889-dd18a416e2b5",
        "Start Frame": 960,
        "End Frame": 1080,
        "Caption": "#C C decorates the drawing flower on the floor; #C C puts paint on the decoration on the floor.; #C C draws on the floor; #C C decorates the flower on the floor; #C C puts paint on the decoration on the floor."
    },
    {
        "Video Name": "4070a4e2-14d5-4618-9889-dd18a416e2b5",
        "Start Frame": 1080,
        "End Frame": 1200,
        "Caption": "#C C decorates the drawing flower on the floor ; #C C puts paint on the decoration on the floor.; #C C decorates the flower on the floor; #C C draws on the floor; #C C draws on the floor"
    },
    {
        "Video Name": "4070a4e2-14d5-4618-9889-dd18a416e2b5",
        "Start Frame": 1200,
        "End Frame": 1320,
        "Caption": "#C C looks at the art; #C C sits on the floor; #C C puts down her hand ; #C C places her left hand on her; #C C stands up"
    },
    {
        "Video Name": "4070a4e2-14d5-4618-9889-dd18a416e2b5",
        "Start Frame": 1320,
        "End Frame": 1440,
        "Caption": "#C C draws on the floor with the white powder; #C C applies color on the drawing on the floor; #C C draws the flower on the floor; #C C draws the flower on the floor; #C C draws on the floor with the white powder"
    },
    {
        "Video Name": "4070a4e2-14d5-4618-9889-dd18a416e2b5",
        "Start Frame": 1440,
        "End Frame": 1560,
        "Caption": "#C C draws on the floor with the powder paint; #C C draws on the floor with the powder paint; #C C draws on the floor with the powder paint; #C C decorates the wavy billow Zing Zang line; #C C draws on the floor with the powder paint"
    },
    {
        "Video Name": "4070a4e2-14d5-4618-9889-dd18a416e2b5",
        "Start Frame": 1560,
        "End Frame": 1680,
        "Caption": "#C C stands; #C C squats; #C C moves; #C C stands; #C C adjusts"
    },
    {
        "Video Name": "4070a4e2-14d5-4618-9889-dd18a416e2b5",
        "Start Frame": 1680,
        "End Frame": 1800,
        "Caption": "#C C draws the flower on the floor ; #C C draws on the floor ; #C C draws on the floor; #C C draws on the floor; #C C draws on the floor with the white"
    },
    {
        "Video Name": "4070a4e2-14d5-4618-9889-dd18a416e2b5",
        "Start Frame": 1800,
        "End Frame": 1920,
        "Caption": "#C C draws the flower on the floor ; #C C draws a flower on the floor ; #C C draws on the floor; #C C decorates the wavy billow Zing Zang line; #C C decorates the wavy billow Zing Zang line"
    },
    {
        "Video Name": "4070a4e2-14d5-4618-9889-dd18a416e2b5",
        "Start Frame": 1920,
        "End Frame": 2040,
        "Caption": "#C C draws on the floor; #C C draws on the floor; #C C draws the flower on the floor; #C C draws on the floor; #C C draws on the floor"
    },
    {
        "Video Name": "4070a4e2-14d5-4618-9889-dd18a416e2b5",
        "Start Frame": 2040,
        "End Frame": 2160,
        "Caption": "#C C draws on the floor with the powder paint; #C C draws on the floor with the powder paint; #C C draws on the floor; #C C decorates the wavy billow Zing Zang line; #C C draws on the floor"
    },
    {
        "Video Name": "4070a4e2-14d5-4618-9889-dd18a416e2b5",
        "Start Frame": 2160,
        "End Frame": 2280,
        "Caption": "#C C looks at the color ; #C C decorates the wavy billow Zing Zang line; #C C draws on the floor with the white powder; #C C picks the color powder from the bowl ; #C C draws on the floor with the powder paint"
    },
    {
        "Video Name": "4070a4e2-14d5-4618-9889-dd18a416e2b5",
        "Start Frame": 2280,
        "End Frame": 2400,
        "Caption": "#C C draws on the floor with the powder paint; #C C puts dots on the paint; #C C scoops the whitewash paint in the bowl in the tray; #C C looks at the paint; #C C applies color on the decoration on the floor "
    },
    {
        "Video Name": "4070a4e2-14d5-4618-9889-dd18a416e2b5",
        "Start Frame": 2400,
        "End Frame": 2520,
        "Caption": "#C C draws on the; #C C draws on the; #C C draws on the; #C C draws on the; #C C draws on the"
    },
    {
        "Video Name": "4070a4e2-14d5-4618-9889-dd18a416e2b5",
        "Start Frame": 2520,
        "End Frame": 2640,
        "Caption": "#C C draws on the floor; #C C draws on the floor; #C C puts paint on the decoration on the floor.; #C C draws on the floor; #C C draws on the floor"
    },
    {
        "Video Name": "4070a4e2-14d5-4618-9889-dd18a416e2b5",
        "Start Frame": 2640,
        "End Frame": 2760,
        "Caption": "#C C applies color on the decoration on the floor ; #C C puts the whitewash paint on the floor; #C C draws on the floor with the powder paint; #C C puts paint on the decoration on the floor.; #C C draws on the floor with the white powder"
    },
    {
        "Video Name": "4070a4e2-14d5-4618-9889-dd18a416e2b5",
        "Start Frame": 2760,
        "End Frame": 2880,
        "Caption": "#C C draws on the floor; #C C draws on the floor; #c c draws a flower on the; #c c draws on the floor; #C C draws on the floor"
    },
    {
        "Video Name": "4070a4e2-14d5-4618-9889-dd18a416e2b5",
        "Start Frame": 2880,
        "End Frame": 3000,
        "Caption": "#C C draws on the floor; #C C puts paint on the decoration on the floor.; #C C decorates the flower on the floor ; #C C draws the flower on the floor ; #C C decorates the flower on the floor "
    },
    {
        "Video Name": "4070a4e2-14d5-4618-9889-dd18a416e2b5",
        "Start Frame": 3000,
        "End Frame": 3120,
        "Caption": "#C C puts the decoration on the floor; #C C colors the flower on the floor ; #C C draws the flower on the floor ; #C C decorates the wavy billow Zing Zang line; #C C puts the chalk powder on the floor"
    },
    {
        "Video Name": "4070a4e2-14d5-4618-9889-dd18a416e2b5",
        "Start Frame": 3120,
        "End Frame": 3240,
        "Caption": "#C C stares at the decoration; #C C looks around ; #C C looks around ; #C C kneels on the; #C C looks around "
    },
    {
        "Video Name": "4070a4e2-14d5-4618-9889-dd18a416e2b5",
        "Start Frame": 3240,
        "End Frame": 3360,
        "Caption": "#C C puts the container on the floor; #C C puts the bowl down; #C C puts the bowl down; #C C puts down the bowl ; #C C picks the tray"
    },
    {
        "Video Name": "4070a4e2-14d5-4618-9889-dd18a416e2b5",
        "Start Frame": 3360,
        "End Frame": 3480,
        "Caption": "#C C puts the bowl down ; #C C scoops color from the bowl; #C C picks a color powder from bowl; #C C picks the color powder from the bowl; #C C picks another pink paint with right hand"
    },
    {
        "Video Name": "4070a4e2-14d5-4618-9889-dd18a416e2b5",
        "Start Frame": 3480,
        "End Frame": 3600,
        "Caption": "#C C picks the powder paint; #C C picks the color powder from the bowl; #C C picks pink paint with right hand.; #C C picks pink paint with right hand.; #C C picks red paint with right hand."
    },
    {
        "Video Name": "4070a4e2-14d5-4618-9889-dd18a416e2b5",
        "Start Frame": 3600,
        "End Frame": 3720,
        "Caption": "#C C puts the powder paint on the floor; #C C puts paint on the decoration on the floor.; #C C puts paint on the decoration on the floor.; #C C picks the color powder from the bowl ; #C C draws on the floor with the white powder"
    },
    {
        "Video Name": "4070a4e2-14d5-4618-9889-dd18a416e2b5",
        "Start Frame": 3720,
        "End Frame": 3840,
        "Caption": "#C C picks the color powder from the bowl ; #C C scoops the whitewash paint in the bowl in the tray on the floor; #C C draws on the floor with the white powder; #C C scoops powder paint from the bowl; #C C picks pink paint with right hand."
    },
    {
        "Video Name": "4070a4e2-14d5-4618-9889-dd18a416e2b5",
        "Start Frame": 3840,
        "End Frame": 3960,
        "Caption": "#C C puts paint on the decoration on the floor.; #C C puts paint on the decoration on the floor.; #C C picks the color powder from the bowl ; #C C draws on the floor with the powder paint; #C C picks yellow paint with right hand."
    },
    {
        "Video Name": "4070a4e2-14d5-4618-9889-dd18a416e2b5",
        "Start Frame": 3960,
        "End Frame": 4080,
        "Caption": "#C C picks a colored powder paint from the bowl; #C C picks a white paint with right hand.; #C C picks the color powder from the bowl; #C C scoops powder paint from the bowl in the; #C C picks a white paint with right hand."
    },
    {
        "Video Name": "4070a4e2-14d5-4618-9889-dd18a416e2b5",
        "Start Frame": 4080,
        "End Frame": 4200,
        "Caption": "#c c pours the powder; #C C puts paint on the decoration on the floor. ; #C C decorates the wavy billow Zing Zang line; #C C puts paint on the decoration on the floor. ; #c c applies  chalk powder on the chalk powder"
    },
    {
        "Video Name": "4070a4e2-14d5-4618-9889-dd18a416e2b5",
        "Start Frame": 4200,
        "End Frame": 4320,
        "Caption": "#C C scoops powder paint from the; #C C picks green paint with right hand; #C C picks red paint with right hand; #C C picks red paint with right hand; #C C puts the powder paint on the"
    },
    {
        "Video Name": "4070a4e2-14d5-4618-9889-dd18a416e2b5",
        "Start Frame": 4320,
        "End Frame": 4440,
        "Caption": "#C C picks a color powder from the bowl; #C C picks the color powder from the bowl; #C C picks pink paint with right hand.; #C C picks the color powder from the bowl; #C C picks pink paint with right hand."
    },
    {
        "Video Name": "4070a4e2-14d5-4618-9889-dd18a416e2b5",
        "Start Frame": 4440,
        "End Frame": 4560,
        "Caption": "#C C picks pink paint with right hand.; #C C picks pink paint with right hand.; #C C scoops powder paint from the bowl in the; #C C scoops powder paint from the bowl; #C C scoops color from the the bowl"
    },
    {
        "Video Name": "4070a4e2-14d5-4618-9889-dd18a416e2b5",
        "Start Frame": 4560,
        "End Frame": 4680,
        "Caption": "#C C picks a pink paint with left hand.; #C C picks a red paint with right hand.; #C C scoops powder paint from the bowl in the tray on the floor with her right hand; #C C picks the color powder from the bowl ; #C C picks the color powder from the bowl "
    },
    {
        "Video Name": "4070a4e2-14d5-4618-9889-dd18a416e2b5",
        "Start Frame": 4680,
        "End Frame": 4800,
        "Caption": "#C C picks green paint with right hand.; #C C picks pink paint with right hand.; #C C picks the color powder from the bowl; #C C picks a white paint with right hand.; #C C scoops powder paint from the bowl in the"
    },
    {
        "Video Name": "4070a4e2-14d5-4618-9889-dd18a416e2b5",
        "Start Frame": 4800,
        "End Frame": 4920,
        "Caption": "#C C picks a color powder from the bowl; #C C picks pink paint with right hand.; #C C picks the color powder from the bowl; #C C picks pink paint with right hand.; #C C scoops powder paint from the bowl"
    },
    {
        "Video Name": "4070a4e2-14d5-4618-9889-dd18a416e2b5",
        "Start Frame": 4920,
        "End Frame": 5040,
        "Caption": "#C C scoops powder paint from the bowl; #C C picks green paint with right hand.; #C C picks the color powder from the bowl; #C C picks green paint with right hand.; #C C picks a green paint with right hand"
    },
    {
        "Video Name": "4070a4e2-14d5-4618-9889-dd18a416e2b5",
        "Start Frame": 5040,
        "End Frame": 5160,
        "Caption": "#C C colors the flower on the floor ; #C C puts paint on the decoration on the floor.; #C C puts paint on the decoration on the floor.; #C C decorates the flower on the floor ; #C C puts paint on the decoration on the floor."
    },
    {
        "Video Name": "4070a4e2-14d5-4618-9889-dd18a416e2b5",
        "Start Frame": 5160,
        "End Frame": 5280,
        "Caption": "#C C picks red paint with right hand; #C C picks pink paint with right hand; #C C picks pink paint with right hand; #C C picks pink paint with right hand; #C C picks color powder from the bowl"
    },
    {
        "Video Name": "4070a4e2-14d5-4618-9889-dd18a416e2b5",
        "Start Frame": 5280,
        "End Frame": 5400,
        "Caption": "#C C decorates the flower on the floor ; #C C decorates the wavy billow Zing Zang line; #C C puts color on the flower on the floor ; #C C draws on the floor; #C C decorates the flower on the floor "
    }
]