[
    {
        "Video Name": "410a6007-f759-4f9a-8196-0dad61934929",
        "Start Frame": 0,
        "End Frame": 120,
        "Caption": "#C C holds the cards with both hands; #O person X moves the cards on the; #C C looks at the cards; #O O points at the cards; #C C looks at the card"
    },
    {
        "Video Name": "410a6007-f759-4f9a-8196-0dad61934929",
        "Start Frame": 120,
        "End Frame": 240,
        "Caption": "#O person X shows gesture with his right hand; #C C puts the glass on the table; #O B puts the plate on the table; #O a person P picks unsure from the table; #O a woman P removes a card from her"
    },
    {
        "Video Name": "410a6007-f759-4f9a-8196-0dad61934929",
        "Start Frame": 240,
        "End Frame": 360,
        "Caption": "#O man X picks the cup; #O man X adjusts the card with his right hand; #O man Y places a card on the table; #O A man X puts a card on the table; #O A man X places the card on the table"
    },
    {
        "Video Name": "410a6007-f759-4f9a-8196-0dad61934929",
        "Start Frame": 360,
        "End Frame": 480,
        "Caption": "#O man A arranges the card on the table; #O man A puts the card on the table ; #O The man X moves the card on the table with his right hand; #O person A places the card on the table; #O person A arranges cards on the table"
    },
    {
        "Video Name": "410a6007-f759-4f9a-8196-0dad61934929",
        "Start Frame": 480,
        "End Frame": 600,
        "Caption": "#O A man X moves the card on the table; #O man A puts the card down; #O person D moves the cards ; #O man A drops a card on the table; #O The man X places the cup on the table with his right hand"
    },
    {
        "Video Name": "410a6007-f759-4f9a-8196-0dad61934929",
        "Start Frame": 600,
        "End Frame": 720,
        "Caption": "#C C flips a card on the table; #C C arranges the cards with both hands; #C C shuffles the cards with his hands; #C C takes a card; #C C arranges the cards in his hands"
    },
    {
        "Video Name": "410a6007-f759-4f9a-8196-0dad61934929",
        "Start Frame": 720,
        "End Frame": 840,
        "Caption": "#C C converses with the man X; #O woman B moves the glass; #O man X places a card on table; #O person A moves the cards on the table; #O A man X puts the plate on the"
    },
    {
        "Video Name": "410a6007-f759-4f9a-8196-0dad61934929",
        "Start Frame": 840,
        "End Frame": 960,
        "Caption": "#C C holds a cup; #O person A touches the card on the; #O O holds the card with both hands; #C C shuffles the cards; #O person A  looks at the card"
    },
    {
        "Video Name": "410a6007-f759-4f9a-8196-0dad61934929",
        "Start Frame": 960,
        "End Frame": 1080,
        "Caption": "#O A man Y moves the card; #O A man Y holds the card; #C C puts the cup on the; #C C puts the card on the; #C C puts the glass on the"
    },
    {
        "Video Name": "410a6007-f759-4f9a-8196-0dad61934929",
        "Start Frame": 1080,
        "End Frame": 1200,
        "Caption": "#O person Y arranges the cards on the table; #O person D moves her hand ; #O person Z puts the card on the table; #O person D puts the card on the table; #C C moves a card"
    },
    {
        "Video Name": "410a6007-f759-4f9a-8196-0dad61934929",
        "Start Frame": 1200,
        "End Frame": 1320,
        "Caption": "#O A man X touches the cards; #O man H touches the card ; #O A man X picks a card; #C C arranges the cards; #O a man P moves the card on the table"
    },
    {
        "Video Name": "410a6007-f759-4f9a-8196-0dad61934929",
        "Start Frame": 1320,
        "End Frame": 1440,
        "Caption": "#O A man Y puts down the glass; #O A woman X stares at the cards; #O A man X looks at the cards; #O A man Y touches the card ; #O A man X holds the card on his"
    },
    {
        "Video Name": "410a6007-f759-4f9a-8196-0dad61934929",
        "Start Frame": 1440,
        "End Frame": 1560,
        "Caption": "#O a man Y places the cards on the; #O A man X places the cup on the; #O man X places the cup on the table; #C C places the card on the table; #C C places the card on the table"
    },
    {
        "Video Name": "410a6007-f759-4f9a-8196-0dad61934929",
        "Start Frame": 1560,
        "End Frame": 1680,
        "Caption": "#C C moves cup aside; #C C holds a cup; #C C takes a cup of coffee; #C C puts a cup of tea on the; #C C picks the cup"
    },
    {
        "Video Name": "410a6007-f759-4f9a-8196-0dad61934929",
        "Start Frame": 1680,
        "End Frame": 1800,
        "Caption": "#C C drinks coffee; #C C opens a bottle of; #C C drinks tea; #C C drinks a tea; #C C drinks coffee"
    },
    {
        "Video Name": "410a6007-f759-4f9a-8196-0dad61934929",
        "Start Frame": 1800,
        "End Frame": 1920,
        "Caption": "#C C scoops the tea; #C C scoops chocolate ; #C C scoops the yoghurt with a; #C C scoops the yoghurt; #C C scoops the yoghurt"
    },
    {
        "Video Name": "410a6007-f759-4f9a-8196-0dad61934929",
        "Start Frame": 1920,
        "End Frame": 2040,
        "Caption": "#O man D walks; #O lady D walks to the; #O Man X walks; #C C looks around the house; #C C looks around "
    },
    {
        "Video Name": "410a6007-f759-4f9a-8196-0dad61934929",
        "Start Frame": 2040,
        "End Frame": 2160,
        "Caption": "#C C scoops the drink; #C C puts coffee in the cup; #C C looks at the cup; #C C scoops sugar from the; #C C scoops a drink"
    },
    {
        "Video Name": "410a6007-f759-4f9a-8196-0dad61934929",
        "Start Frame": 2160,
        "End Frame": 2280,
        "Caption": "#C C sips a; #C C drinks the tea; #C C drinks tea; #C C sips the; #C C drinks water"
    },
    {
        "Video Name": "410a6007-f759-4f9a-8196-0dad61934929",
        "Start Frame": 2280,
        "End Frame": 2400,
        "Caption": "#C C holds a cup of coffee; #C C drinks milk; #C C puts the drink in the; #C C takes the juice; #C C drinks the juice"
    },
    {
        "Video Name": "410a6007-f759-4f9a-8196-0dad61934929",
        "Start Frame": 2400,
        "End Frame": 2520,
        "Caption": "#O person X places playing cards on the table; #C C drinks the water; #C C stands up; #C C drinks the coffee; #O person Y picks up the cards from the"
    },
    {
        "Video Name": "410a6007-f759-4f9a-8196-0dad61934929",
        "Start Frame": 2520,
        "End Frame": 2640,
        "Caption": "#C C puts the coffee in the cup; #C C drinks the tea ; #C C puts the tea bag in the; #C C picks up a cup of coffee; #C C stirs the tea"
    },
    {
        "Video Name": "410a6007-f759-4f9a-8196-0dad61934929",
        "Start Frame": 2640,
        "End Frame": 2760,
        "Caption": "#C C scoops the yoghurt; #C C scoops the sugar with the; #C C takes the sugar with the spoon; #C C stirs the drink with a; #C C scoops the yoghurt"
    },
    {
        "Video Name": "410a6007-f759-4f9a-8196-0dad61934929",
        "Start Frame": 2760,
        "End Frame": 2880,
        "Caption": "#c c drinks the tea; #C C eats the ice; #C C looks at the; #C C picks the spoon; #C C drinks the tea"
    },
    {
        "Video Name": "410a6007-f759-4f9a-8196-0dad61934929",
        "Start Frame": 2880,
        "End Frame": 3000,
        "Caption": "#C C closes the bottle; #C C closes the bottle; #O A man X picks a cup from the table; #C C puts the cup on the table; #O man X places the bottle of water on the"
    },
    {
        "Video Name": "410a6007-f759-4f9a-8196-0dad61934929",
        "Start Frame": 3000,
        "End Frame": 3120,
        "Caption": "#O A boy Y puts the cup on the table; #O person X opens the lid of the water bottle; #O person Y picks a toy from the table; #O person X touches the cup; #O person X takes a tin"
    },
    {
        "Video Name": "410a6007-f759-4f9a-8196-0dad61934929",
        "Start Frame": 3120,
        "End Frame": 3240,
        "Caption": "#C C stretches' hand towards person; #C C talks to person X; #C C points at person X; #C C talks to child X; #C C shows man X the bottle"
    },
    {
        "Video Name": "410a6007-f759-4f9a-8196-0dad61934929",
        "Start Frame": 3240,
        "End Frame": 3360,
        "Caption": "#O man X plays with; #O man X touches the; #C C looks around; #O man X looks at; #C C looks at the"
    },
    {
        "Video Name": "410a6007-f759-4f9a-8196-0dad61934929",
        "Start Frame": 3360,
        "End Frame": 3480,
        "Caption": "#O a man X places the cards on the; #O man X plays the game; #O man X picks the board; #O man X picks a piece of catan; #O man X puts the table on the table"
    },
    {
        "Video Name": "410a6007-f759-4f9a-8196-0dad61934929",
        "Start Frame": 3480,
        "End Frame": 3600,
        "Caption": "#o man x picks up the cards from the table; #O person X places the cards in his left hand; #o man x picks a doll from the table; #O person Y arranges the cards; #O person X moves the cards on the table"
    },
    {
        "Video Name": "410a6007-f759-4f9a-8196-0dad61934929",
        "Start Frame": 3600,
        "End Frame": 3720,
        "Caption": "#O man X holds the cards ; #O A man Y puts the cards on the; #o man x puts the cards on the table; #O man Y places the box on the table; #O man Y picks the cards "
    },
    {
        "Video Name": "410a6007-f759-4f9a-8196-0dad61934929",
        "Start Frame": 3720,
        "End Frame": 3840,
        "Caption": "#O O picks the cards from the; #O O places the card on the; #O O holds the cards ; #O O holds the cards ; #O O picks the pieces "
    },
    {
        "Video Name": "410a6007-f759-4f9a-8196-0dad61934929",
        "Start Frame": 3840,
        "End Frame": 3960,
        "Caption": "#O person X puts the cards on the table; #O person X arranges the cards on the; #O person X places cards on the table; #O man Y puts the cards on the table; #o man x puts the cards on the table"
    },
    {
        "Video Name": "410a6007-f759-4f9a-8196-0dad61934929",
        "Start Frame": 3960,
        "End Frame": 4080,
        "Caption": "#O man X touches the table; #O man X touches the table; #C C touches the table; #C C moves the cards on the table; #C C moves the cards on the table"
    },
    {
        "Video Name": "410a6007-f759-4f9a-8196-0dad61934929",
        "Start Frame": 4080,
        "End Frame": 4200,
        "Caption": "#O person X puts the cards on the table; #C C taps the table with her hands; #C C holds the table ; #C C moves the cards on the table; #C C pushes the cards on the table"
    },
    {
        "Video Name": "410a6007-f759-4f9a-8196-0dad61934929",
        "Start Frame": 4200,
        "End Frame": 4320,
        "Caption": "#C C puts the cards together; #O O drags the cards; #O O drags the cards on the table; #O O holds the cards; #O O picks up the cards"
    },
    {
        "Video Name": "410a6007-f759-4f9a-8196-0dad61934929",
        "Start Frame": 4320,
        "End Frame": 4440,
        "Caption": "#O A man X moves the cards on the table; #O man X arranges the cards; #O The man M places the cards on the table; #C C picks the cards on the table; #C C plays cards with man X"
    },
    {
        "Video Name": "410a6007-f759-4f9a-8196-0dad61934929",
        "Start Frame": 4440,
        "End Frame": 4560,
        "Caption": "#C C arranges the cards on the table; #C C places the card on the table ; #C C arranges the cards on his hands; #C C shuffles the cards; #O A man X pushes the cards to man"
    },
    {
        "Video Name": "410a6007-f759-4f9a-8196-0dad61934929",
        "Start Frame": 4560,
        "End Frame": 4680,
        "Caption": "#C C moves the cards on the table ; #C C adjusts the cards on the table with his right; #C C arranges the cards on the table ; #C C arranges the cards on his hands; #C C moves the cards on the table "
    },
    {
        "Video Name": "410a6007-f759-4f9a-8196-0dad61934929",
        "Start Frame": 4680,
        "End Frame": 4800,
        "Caption": "#C C arranges the cards; #O lady X touches the card; #O lady X picks a card; #O woman Y places card on the table; #O lady X arranges cards"
    },
    {
        "Video Name": "410a6007-f759-4f9a-8196-0dad61934929",
        "Start Frame": 4800,
        "End Frame": 4920,
        "Caption": "#C C places the cards on the table; #C C places the card on the table; #C C arranges the cards on the; #C C shuffles cards with both hands; #C C shuffles cards "
    },
    {
        "Video Name": "410a6007-f759-4f9a-8196-0dad61934929",
        "Start Frame": 4920,
        "End Frame": 5040,
        "Caption": "#O O shuffles the card; #O O puts the card on the table; #C C arranges the cards on his; #C C shuffles cards; #C C stares at the card in his"
    },
    {
        "Video Name": "410a6007-f759-4f9a-8196-0dad61934929",
        "Start Frame": 5040,
        "End Frame": 5160,
        "Caption": "#O lady X spreads cards on the table ; #O Y puts a card on top of the other; #O O puts the card on the table ; #O O drags the cards on the table; #O lady X places card on the table "
    },
    {
        "Video Name": "410a6007-f759-4f9a-8196-0dad61934929",
        "Start Frame": 5160,
        "End Frame": 5280,
        "Caption": "#C C shuffles the cards; #C C places the card on the table; #C C adjusts the card on the table; #C C puts the card on the table; #C C places the card on the table"
    },
    {
        "Video Name": "410a6007-f759-4f9a-8196-0dad61934929",
        "Start Frame": 5280,
        "End Frame": 5400,
        "Caption": "#C C shuffles the cards; #O A man X puts the card on the table; #O man X places the cup on the table; #O O places the card on the table; #O The man X places the card on the table with his right hand"
    }
]