[
    {
        "Video Name": "41e8027c-6c31-4e95-86b1-109eb4b9a470",
        "Start Frame": 0,
        "End Frame": 120,
        "Caption": "#C C holds the air compressor; #C C plugs in the wires; #C C fixes the cable on the machine; #C C presses the knob on the sewing; #C C inserts the cap into the screw"
    },
    {
        "Video Name": "41e8027c-6c31-4e95-86b1-109eb4b9a470",
        "Start Frame": 120,
        "End Frame": 240,
        "Caption": "#C C removes the rubber seal; #C C fixes the screw in the machine; #C C pulls a filament; #C C holds the knob; #C C  fixes a nut on the"
    },
    {
        "Video Name": "41e8027c-6c31-4e95-86b1-109eb4b9a470",
        "Start Frame": 240,
        "End Frame": 360,
        "Caption": "#C C puts the plastic in the dustbin; #C C walks to the socket; #C C  puts the air blower machine; #C C puts down the lamp; #C C throws the switch on the floor"
    },
    {
        "Video Name": "41e8027c-6c31-4e95-86b1-109eb4b9a470",
        "Start Frame": 360,
        "End Frame": 480,
        "Caption": "#C C turns off the socket ; #C C switches off the socket; #C C plugs the socket on the wall; #C C connects the socket to the power; #C C switches on the socket"
    },
    {
        "Video Name": "41e8027c-6c31-4e95-86b1-109eb4b9a470",
        "Start Frame": 480,
        "End Frame": 600,
        "Caption": "#C C fixes the pipe on the; #C C cleans the table with the; #C C  cleans a table; #C C cleans the table; #C C cleans the table"
    },
    {
        "Video Name": "41e8027c-6c31-4e95-86b1-109eb4b9a470",
        "Start Frame": 600,
        "End Frame": 720,
        "Caption": "#C C cleans the table; #C C cleans the table with the vacuum cleaner; #C C cleans the table with the hose; #C C holds the pipe of the sanding machine; #C C cleans the table with the vacuum cleaner"
    },
    {
        "Video Name": "41e8027c-6c31-4e95-86b1-109eb4b9a470",
        "Start Frame": 720,
        "End Frame": 840,
        "Caption": "#C C cleans the table; #C C cleans the table with the; #C C cleans the table; #C C cleans the table; #C C cleans the table with the"
    },
    {
        "Video Name": "41e8027c-6c31-4e95-86b1-109eb4b9a470",
        "Start Frame": 840,
        "End Frame": 960,
        "Caption": "#C C turns on the machine; #C C puts on the machine ; #C C puts the blower on the; #C C puts the pressure pump aside; #C C closes the tool box"
    },
    {
        "Video Name": "41e8027c-6c31-4e95-86b1-109eb4b9a470",
        "Start Frame": 960,
        "End Frame": 1080,
        "Caption": "#C C inserts the blade into the blade holder; #C C fixes the blade on the bottle; #C C puts the seal ring on the knife sharpening machine; #C C puts the blade on the table; #C C opens the case"
    },
    {
        "Video Name": "41e8027c-6c31-4e95-86b1-109eb4b9a470",
        "Start Frame": 1080,
        "End Frame": 1200,
        "Caption": "#C C puts the blade in the sharpening machine; #C C measures the blade of the bench vice with the digital caliper in his right hand; #c c  pours unsure on the machine; #C C cuts the bottle top ; #C C adjusts the blade of the bench vice with his right hand. "
    },
    {
        "Video Name": "41e8027c-6c31-4e95-86b1-109eb4b9a470",
        "Start Frame": 1200,
        "End Frame": 1320,
        "Caption": "#C C inserts the blade into the saw table with his right hand; #C C presses the small box on the bench vice with his right; #C C Opens the bolt; #C C cuts the seal tape ; #C C inserts the sealing tape into the blade with his right hand"
    },
    {
        "Video Name": "41e8027c-6c31-4e95-86b1-109eb4b9a470",
        "Start Frame": 1320,
        "End Frame": 1440,
        "Caption": "#C C uses a flashlight to burn the valve ; #C C connects the blade to the machine.; #C C  fixes the cutting blade on the cutter; #C C presses a button on the bench vice with his right; #C C holds the first part of the machine with his left"
    },
    {
        "Video Name": "41e8027c-6c31-4e95-86b1-109eb4b9a470",
        "Start Frame": 1440,
        "End Frame": 1560,
        "Caption": "#C C places the seal in his right hand on the seal in his left; #C C cuts the seal on the pack of the engine oil with the knife; #C C picks the seal from the table ; #C C seals the bottle with the seal in his right hand.; #C C tears the sticker on the bottle"
    },
    {
        "Video Name": "41e8027c-6c31-4e95-86b1-109eb4b9a470",
        "Start Frame": 1560,
        "End Frame": 1680,
        "Caption": "#C C puts the masking tape on the machine; #C C attaches the bolt to the blade.; #C C attaches the blade on the compressor; #C C opens the tool box with his hands; #C C connects the blade to the regulator "
    },
    {
        "Video Name": "41e8027c-6c31-4e95-86b1-109eb4b9a470",
        "Start Frame": 1680,
        "End Frame": 1800,
        "Caption": "#C C pours the liquid in the; #C C puts the paper on the table; #C C tears the sticker on the bearing; #C C removes the seal from the bottle; #C C removes the paper on the metal"
    },
    {
        "Video Name": "41e8027c-6c31-4e95-86b1-109eb4b9a470",
        "Start Frame": 1800,
        "End Frame": 1920,
        "Caption": "#C C removes a lid from the kit; #C C opens the pack of screws on the table with his hands.; #C C puts the spare part on the table; #C C fixes the battery in the adapter; #C C removes the seal"
    },
    {
        "Video Name": "41e8027c-6c31-4e95-86b1-109eb4b9a470",
        "Start Frame": 1920,
        "End Frame": 2040,
        "Caption": "#C C  puts the rubber in the machine; #C C   removes the paper on the; #C C removes a sticker from the  lid; #C C cuts the seal tape ; #C C drops the seal ring on the table"
    },
    {
        "Video Name": "41e8027c-6c31-4e95-86b1-109eb4b9a470",
        "Start Frame": 2040,
        "End Frame": 2160,
        "Caption": "#C C places the screw on the table; #c c puts the screw driver on the; #C C puts the screw on the table; #c c picks a knife from the table; #C C picks a razor blade"
    },
    {
        "Video Name": "41e8027c-6c31-4e95-86b1-109eb4b9a470",
        "Start Frame": 2160,
        "End Frame": 2280,
        "Caption": "#C C wipes the floor; #C C picks a bottle.; #C C touches the bottle; #C C wipes the floor with his hand; #C C puts the bottle in the box"
    },
    {
        "Video Name": "41e8027c-6c31-4e95-86b1-109eb4b9a470",
        "Start Frame": 2280,
        "End Frame": 2400,
        "Caption": "#C C wipes the floor; #C C wipes the floor with his right hand; #C C wipes the floor; #C C wipes floor; #C C wipes the floor"
    },
    {
        "Video Name": "41e8027c-6c31-4e95-86b1-109eb4b9a470",
        "Start Frame": 2400,
        "End Frame": 2520,
        "Caption": "#c c picks knife from the table; #c c takes razor; #C C takes a knife ; #c c picks a knife; #C C picks a knife from the table"
    },
    {
        "Video Name": "41e8027c-6c31-4e95-86b1-109eb4b9a470",
        "Start Frame": 2520,
        "End Frame": 2640,
        "Caption": "#C C picks a knife from the; #C C opens the door; #C C takes out a safety glasses; #C C puts the phone in a; #C C puts down the hammer"
    },
    {
        "Video Name": "41e8027c-6c31-4e95-86b1-109eb4b9a470",
        "Start Frame": 2640,
        "End Frame": 2760,
        "Caption": "#C C puts the carton under the work bench.; #C C throws the box aside; #C C puts the carton on a table.; #C C puts the box on the floor; #C C puts the carton on the floor with his right hand"
    },
    {
        "Video Name": "41e8027c-6c31-4e95-86b1-109eb4b9a470",
        "Start Frame": 2760,
        "End Frame": 2880,
        "Caption": "#C C wipes the floor with a sponge; #C C picks a shoe; #C C moves the brush aside; #C C picks the sponge; #C C places the stone on the floor"
    },
    {
        "Video Name": "41e8027c-6c31-4e95-86b1-109eb4b9a470",
        "Start Frame": 2880,
        "End Frame": 3000,
        "Caption": "#C C picks a brush; #C C puts the brush on the; #C C puts the box down; #C C puts the brush down; #C C drops the bottle"
    },
    {
        "Video Name": "41e8027c-6c31-4e95-86b1-109eb4b9a470",
        "Start Frame": 3000,
        "End Frame": 3120,
        "Caption": "#C C picks up the  blade; #C C places the seal on the; #C C cuts the masking tape; #C C picks up the  spare; #C C takes a glue "
    },
    {
        "Video Name": "41e8027c-6c31-4e95-86b1-109eb4b9a470",
        "Start Frame": 3120,
        "End Frame": 3240,
        "Caption": "#C C puts the lid on the table; #c c removes a cap; #C C places a lid on the table; #C C places the bottle top on the table; #c c cuts the seal "
    },
    {
        "Video Name": "41e8027c-6c31-4e95-86b1-109eb4b9a470",
        "Start Frame": 3240,
        "End Frame": 3360,
        "Caption": "#C C applies the glue on the metal cap; #C C covers the bottle with the cover; #C C puts the paper on the table; #C C pours the lubricant in the; #C C covers the bottle"
    },
    {
        "Video Name": "41e8027c-6c31-4e95-86b1-109eb4b9a470",
        "Start Frame": 3360,
        "End Frame": 3480,
        "Caption": "#C C puts the rubber seal in the gas mask with his right hand.; #C C inserts the bolt into the blade; #C C fixes the seal on the blade; #C C puts the screw driver in the bench vice with his right hand; #C C inserts the screw driver in the carburetor with his right hand"
    },
    {
        "Video Name": "41e8027c-6c31-4e95-86b1-109eb4b9a470",
        "Start Frame": 3480,
        "End Frame": 3600,
        "Caption": "#C C puts the bottle in the; #C C opens the bottle ; #C C puts the seal in the; #C C puts the lid on the; #C C removes the rubber seal"
    },
    {
        "Video Name": "41e8027c-6c31-4e95-86b1-109eb4b9a470",
        "Start Frame": 3600,
        "End Frame": 3720,
        "Caption": "#C C  fixes a bottle on the table; #C C Adjusts a nut on a bottle; #C C fixes the seal on the screw; #C C attaches the screw to the cap of the tube; #C C  inserts a metal in the bottle"
    },
    {
        "Video Name": "41e8027c-6c31-4e95-86b1-109eb4b9a470",
        "Start Frame": 3720,
        "End Frame": 3840,
        "Caption": "#C C presses the  adapter; #C C removes the seal from the bottle with his gloved right hand; #C C puts the seal in the bottle; #C C removes the seal from the bottle; #C C fixes the rubber on the bottle"
    },
    {
        "Video Name": "41e8027c-6c31-4e95-86b1-109eb4b9a470",
        "Start Frame": 3840,
        "End Frame": 3960,
        "Caption": "#C C inserts the cap into the screw driver.; #C C  fixes the screw on the bottle ; #C C   looks at the spare part ; #C C inserts the cover of the bottle on the bottle in his right hand; #C C  puts the rubber seal on the screwdriver "
    },
    {
        "Video Name": "41e8027c-6c31-4e95-86b1-109eb4b9a470",
        "Start Frame": 3960,
        "End Frame": 4080,
        "Caption": "#C C applies glue on the metal on the table; #C C places the screw on the bottle on the table with his right hand; #C C fixes the bottle on the clamp; #C C    looks at the screw; #C C  fixes a screw on the table"
    },
    {
        "Video Name": "41e8027c-6c31-4e95-86b1-109eb4b9a470",
        "Start Frame": 4080,
        "End Frame": 4200,
        "Caption": "#C C cuts the seal ; #C C pours the liquid on the screw driver ; #C C scrapes the carburetor with the screw; #C C holds the tube; #C C puts the lid on the bottle"
    },
    {
        "Video Name": "41e8027c-6c31-4e95-86b1-109eb4b9a470",
        "Start Frame": 4200,
        "End Frame": 4320,
        "Caption": "#C C Removes the lid from the; #C C    fixes a knife; #C C   looks at the screw; #C C wipes the screw driver with the; #C C holds the screw driver with both"
    },
    {
        "Video Name": "41e8027c-6c31-4e95-86b1-109eb4b9a470",
        "Start Frame": 4320,
        "End Frame": 4440,
        "Caption": "#C C removes the seal from the; #C C puts on the knife ; #C C sharpens the knife ; #C C places the knife on the; #C C sharpens the blade"
    },
    {
        "Video Name": "41e8027c-6c31-4e95-86b1-109eb4b9a470",
        "Start Frame": 4440,
        "End Frame": 4560,
        "Caption": "#C C puts the rubber on the machine; #C C puts the tape on the table; #C C presses the switch with his right hand; #C C puts the valve on the table; #C C puts the seal on the machine "
    },
    {
        "Video Name": "41e8027c-6c31-4e95-86b1-109eb4b9a470",
        "Start Frame": 4560,
        "End Frame": 4680,
        "Caption": "#C C tightens the bolt on the bench vice with the screwdriver in his right hand; #C C  inserts the screw driver on the bottle; #C C puts the seal in the bottle; #C C  inserts a needle on the bottle; #C C connects the screwdriver on the regulator "
    },
    {
        "Video Name": "41e8027c-6c31-4e95-86b1-109eb4b9a470",
        "Start Frame": 4680,
        "End Frame": 4800,
        "Caption": "#C C removes a piece of paper from the pen; #C C sharpens the  blade ; #C C examines the knife; #C C adjusts the blade; #C C sharpens the blade"
    },
    {
        "Video Name": "41e8027c-6c31-4e95-86b1-109eb4b9a470",
        "Start Frame": 4800,
        "End Frame": 4920,
        "Caption": "#C C puts the screw driver on the table; #C C puts the screw driver on the table; #C C fixes the rubber on the screw driver; #C C puts the blade on the table; #C C removes the cap from the bottle"
    },
    {
        "Video Name": "41e8027c-6c31-4e95-86b1-109eb4b9a470",
        "Start Frame": 4920,
        "End Frame": 5040,
        "Caption": "#C C puts the screw on the table; #C C puts the bolt in the hole; #C C puts the bolt on the bench; #C C puts a metal in the pen; #C C puts the screw driver on the"
    },
    {
        "Video Name": "41e8027c-6c31-4e95-86b1-109eb4b9a470",
        "Start Frame": 5040,
        "End Frame": 5160,
        "Caption": "#C C holds the blade with both hands; #C C holds the blade; #C C Looks at the knife sharpening; #C C holds the knife with both hands; #C C holds the blade in his hands"
    },
    {
        "Video Name": "41e8027c-6c31-4e95-86b1-109eb4b9a470",
        "Start Frame": 5160,
        "End Frame": 5280,
        "Caption": "#C C pulls out a blade from the pack.; #C C removes the masking tape from the blade; #C C picks a blade from the table; #C C takes a blade from the table ; #C C puts the seal on the screw driver"
    },
    {
        "Video Name": "41e8027c-6c31-4e95-86b1-109eb4b9a470",
        "Start Frame": 5280,
        "End Frame": 5400,
        "Caption": "#C C inserts the blade on the table; #C C removes the top part of the lens; #C C Adjusts a rod on a table; #C C tears the masking tape; #C C removes the cover of the knife blade on the table with his right"
    }
]