[
    {
        "Video Name": "429e2791-b050-4184-9837-de7c201f94c8",
        "Start Frame": 0,
        "End Frame": 120,
        "Caption": "#C C looks around the shop; #C C looks around the store; #C C looks around ; #O man Z looks at the shopping list; #C C looks at the clothes"
    },
    {
        "Video Name": "429e2791-b050-4184-9837-de7c201f94c8",
        "Start Frame": 120,
        "End Frame": 240,
        "Caption": "#C C looks around the supermarket; #C C looks around the supermarket ; #O A man X talks to man; #C C looks at woman Y; #C C looks around the supermarket"
    },
    {
        "Video Name": "429e2791-b050-4184-9837-de7c201f94c8",
        "Start Frame": 240,
        "End Frame": 360,
        "Caption": "#C C looks around; #c c looks around the supermarket; #C C looks around ; #C C looks around the supermarket; #C C walks around the supermarket"
    },
    {
        "Video Name": "429e2791-b050-4184-9837-de7c201f94c8",
        "Start Frame": 360,
        "End Frame": 480,
        "Caption": "#C C looks at the drinks; #O A man Z stands on the; #C C looks around the supermarket ; #C C walks around the store ; #C C looks at man Y"
    },
    {
        "Video Name": "429e2791-b050-4184-9837-de7c201f94c8",
        "Start Frame": 480,
        "End Frame": 600,
        "Caption": "#O A woman X talks to woman Z ; #O A man Z talks to woman Y; #C C looks around; #C C looks around the supermarket; #O A lady Y sits at the cashier"
    },
    {
        "Video Name": "429e2791-b050-4184-9837-de7c201f94c8",
        "Start Frame": 600,
        "End Frame": 720,
        "Caption": "#O A woman X talks to woman; #C C looks around the supermarket; #O lady X talks to C ; #O Woman X picks a shopping bag; #O woman Y looks at the bag"
    },
    {
        "Video Name": "429e2791-b050-4184-9837-de7c201f94c8",
        "Start Frame": 720,
        "End Frame": 840,
        "Caption": "#O A woman X converses with; #O a woman Y talks to C; #C C looks around the supermarket ; #C C talks to a woman X; #O a lady Y sits in the"
    },
    {
        "Video Name": "429e2791-b050-4184-9837-de7c201f94c8",
        "Start Frame": 840,
        "End Frame": 960,
        "Caption": "#C C looks around; #O a woman B looks around the supermarket; #C C looks at woman X and man; #O A man Y looks around the shop; #C C looks around the supermarket "
    },
    {
        "Video Name": "429e2791-b050-4184-9837-de7c201f94c8",
        "Start Frame": 960,
        "End Frame": 1080,
        "Caption": "#O man B looks at C ; #O A woman H lifts her cloth; #C C looks around; #O A man Y converses with; #O A man Z wears the shirt"
    },
    {
        "Video Name": "429e2791-b050-4184-9837-de7c201f94c8",
        "Start Frame": 1080,
        "End Frame": 1200,
        "Caption": "#C C looks around; #C C looks around; #O a woman X converses with woman Z; #C C looks at a woman A; #O lady A stands in the supermarket"
    },
    {
        "Video Name": "429e2791-b050-4184-9837-de7c201f94c8",
        "Start Frame": 1200,
        "End Frame": 1320,
        "Caption": "#O A woman Z walks towards the; #O A woman Y walks towards the; #O a woman X walks around the; #O woman A walks around; #O woman Y looks around"
    },
    {
        "Video Name": "429e2791-b050-4184-9837-de7c201f94c8",
        "Start Frame": 1320,
        "End Frame": 1440,
        "Caption": "#C C looks around the supermarket; #C C looks around ; #C C looks around ; #O woman X walks to the; #C C looks at woman A"
    },
    {
        "Video Name": "429e2791-b050-4184-9837-de7c201f94c8",
        "Start Frame": 1440,
        "End Frame": 1560,
        "Caption": "#C C stares at the magazine; #O man X puts the bag on the; #O lady A picks a book; #O woman Y takes a book from C; #O woman X picks up a packet"
    },
    {
        "Video Name": "429e2791-b050-4184-9837-de7c201f94c8",
        "Start Frame": 1560,
        "End Frame": 1680,
        "Caption": "#O A man Z stands at the; #O Man X talks to C; #O a man Z talks to X; #O A man I walks around the; #O lady D walks to the counter"
    },
    {
        "Video Name": "429e2791-b050-4184-9837-de7c201f94c8",
        "Start Frame": 1680,
        "End Frame": 1800,
        "Caption": "#C C looks around the supermarket; #O man D walks around; #O woman X looks at the bag; #C C looks around the supermarket; #C C converses with woman X and man"
    },
    {
        "Video Name": "429e2791-b050-4184-9837-de7c201f94c8",
        "Start Frame": 1800,
        "End Frame": 1920,
        "Caption": "#O man X walks towards the counter; #O A man Y walks around the supermarket; #O person B walks to the counter; #C C looks around; #O a man Y picks a package from the"
    },
    {
        "Video Name": "429e2791-b050-4184-9837-de7c201f94c8",
        "Start Frame": 1920,
        "End Frame": 2040,
        "Caption": "#C C looks around the supermarket; #O man Y walks to the counter; #O man F moves; #C C walks around the supermarket ; #C C walks in the supermarket"
    },
    {
        "Video Name": "429e2791-b050-4184-9837-de7c201f94c8",
        "Start Frame": 2040,
        "End Frame": 2160,
        "Caption": "#C C looks at man X; #O man A puts the basket down; #O person Z   operates the computer; #O A man X puts the paper in the; #O man E picks up the paper "
    },
    {
        "Video Name": "429e2791-b050-4184-9837-de7c201f94c8",
        "Start Frame": 2160,
        "End Frame": 2280,
        "Caption": "#O A man X picks the paper bag; #O A man X picks the shopping bag from the; #O A man Y puts the paper in the envelope; #O a man X picks up the bag; #O A man X picks a package paper"
    },
    {
        "Video Name": "429e2791-b050-4184-9837-de7c201f94c8",
        "Start Frame": 2280,
        "End Frame": 2400,
        "Caption": "#O A man I drops the packet; #O cashier Y picks a paper from the shopping basket; #O a man X picks a receipt; #O man X picks a paper; #O a man Y puts the paper in the paper bag"
    },
    {
        "Video Name": "429e2791-b050-4184-9837-de7c201f94c8",
        "Start Frame": 2400,
        "End Frame": 2520,
        "Caption": "#C C looks around the supermarket; #C C walks on the floor; #C C looks around the supermarket; #C C looks around; #C C looks around the supermarket"
    },
    {
        "Video Name": "429e2791-b050-4184-9837-de7c201f94c8",
        "Start Frame": 2520,
        "End Frame": 2640,
        "Caption": "#O A man Y puts the bottle on the; #C C looks around ; #C C looks around; #O man X walks; #C C looks around the supermarket"
    },
    {
        "Video Name": "429e2791-b050-4184-9837-de7c201f94c8",
        "Start Frame": 2640,
        "End Frame": 2760,
        "Caption": "#O man Y picks a bottle; #O a man Z picks up the bottle; #O A man X puts the bottle on the; #O Person B holds the drink; #O man X presses a point of sale machine"
    },
    {
        "Video Name": "429e2791-b050-4184-9837-de7c201f94c8",
        "Start Frame": 2760,
        "End Frame": 2880,
        "Caption": "#O man A walks; #O man Y picks the shopping basket; #O man Y picks a box from the counter; #O A man X puts the can on the; #O man A holds a paper bag"
    },
    {
        "Video Name": "429e2791-b050-4184-9837-de7c201f94c8",
        "Start Frame": 2880,
        "End Frame": 3000,
        "Caption": "#O man Z converses with man X; #C C converses with man B; #o man y returns the basket to the; #O man A walks in the supermarket; #O Man B walks"
    },
    {
        "Video Name": "429e2791-b050-4184-9837-de7c201f94c8",
        "Start Frame": 3000,
        "End Frame": 3120,
        "Caption": "#O Man A converses with; #C C looks around; #C C looks around; #C C looks at man Y; #O man A talks"
    },
    {
        "Video Name": "429e2791-b050-4184-9837-de7c201f94c8",
        "Start Frame": 3120,
        "End Frame": 3240,
        "Caption": "#C C looks around ; #O A man X talks to man Y; #C C looks around ; #O A man e moves the hand; #C C looks around the supermarket"
    },
    {
        "Video Name": "429e2791-b050-4184-9837-de7c201f94c8",
        "Start Frame": 3240,
        "End Frame": 3360,
        "Caption": "#C C looks around the supermarket; #O man X talks with cashier Y; #C C talks to man X; #O man Y puts the money in the cash register; #C C looks around "
    },
    {
        "Video Name": "429e2791-b050-4184-9837-de7c201f94c8",
        "Start Frame": 3360,
        "End Frame": 3480,
        "Caption": "#C C looks around; #C C dialogues with cashier; #C C looks around the supermarket; #C C walks around; #C C looks around"
    },
    {
        "Video Name": "429e2791-b050-4184-9837-de7c201f94c8",
        "Start Frame": 3480,
        "End Frame": 3600,
        "Caption": "#C C puts the packet of biscuits on the shopping; #C C places the shopping basket on the counter; #C C picks a shopping basket; #C C puts the snacks in the shopping basket; #C C puts shopping basket down"
    },
    {
        "Video Name": "429e2791-b050-4184-9837-de7c201f94c8",
        "Start Frame": 3600,
        "End Frame": 3720,
        "Caption": "#C C places the basket on the counter; #C C puts the basket on the counter; #C C picks a shopping basket from the counter top ; #C C takes a shopping basket; #O person A  places a product in a shopping basket"
    },
    {
        "Video Name": "429e2791-b050-4184-9837-de7c201f94c8",
        "Start Frame": 3720,
        "End Frame": 3840,
        "Caption": "#O A man X picks the paper ; #O person Y picks up the shopping bag; #O Person A picks the paper bag; #O man X picks the shopping bag from the; #O man X picks up the shopping bag"
    },
    {
        "Video Name": "429e2791-b050-4184-9837-de7c201f94c8",
        "Start Frame": 3840,
        "End Frame": 3960,
        "Caption": "#C C picks up the shopping bag; #O A man X picks the bag; #O Person A picks the shopping bag; #O Person B puts the fruits in the paper bag; #O person A  picks up a product from the basket"
    },
    {
        "Video Name": "429e2791-b050-4184-9837-de7c201f94c8",
        "Start Frame": 3960,
        "End Frame": 4080,
        "Caption": "#O Person B puts the item in the package bag; #O person A    registers a product on the barcode machine; #O person A    picks up a product.; #O person A    registers a product on the barcode machine; #O person A   registers a product on the barcode machine."
    },
    {
        "Video Name": "429e2791-b050-4184-9837-de7c201f94c8",
        "Start Frame": 4080,
        "End Frame": 4200,
        "Caption": "#O person A   picks up a product from the basket.; #O person A   registers a product in a barcode machine; #o man y put the product in the packet; #O person A    picks up a product from the basket; #O person B   places a product in a paper bag."
    },
    {
        "Video Name": "429e2791-b050-4184-9837-de7c201f94c8",
        "Start Frame": 4200,
        "End Frame": 4320,
        "Caption": "#O person A    registers a product in the barcode machine; #O person X picks up the item from the shopping basket; #o man y press the cash register\n; #O a man X picks a packet of snacks; #O Person A picks the item"
    },
    {
        "Video Name": "429e2791-b050-4184-9837-de7c201f94c8",
        "Start Frame": 4320,
        "End Frame": 4440,
        "Caption": "#O A man I picks the goods; #O Person B puts the packet in the paper; #O person A   places down a product.; #O person A  places a product in a paper bag.; #O person A   picks up a product from the basket"
    },
    {
        "Video Name": "429e2791-b050-4184-9837-de7c201f94c8",
        "Start Frame": 4440,
        "End Frame": 4560,
        "Caption": "#O Person B puts the gum in the paper; #O person A   places a product in a paper bag; #O person A   picks up a product from the basket; #O person Y  places unsure in the khaki bag ; #o cashier y puts the potato skins in the packet bag"
    },
    {
        "Video Name": "429e2791-b050-4184-9837-de7c201f94c8",
        "Start Frame": 4560,
        "End Frame": 4680,
        "Caption": "#O person A    registers a product on the barcode machine; #O person A  registers a product on the barcode machine.; #O man Y scans the product; #O person A   registers a product on the barcode machine.; #O a man X picks up the product from the trolley "
    },
    {
        "Video Name": "429e2791-b050-4184-9837-de7c201f94c8",
        "Start Frame": 4680,
        "End Frame": 4800,
        "Caption": "#O A man X dials the buttons on the counter; #O O presses the  cash register ; #O man A operates the cash register machine; #O man Z picks a packet of chewing gum; #O a man X picks the packet"
    },
    {
        "Video Name": "429e2791-b050-4184-9837-de7c201f94c8",
        "Start Frame": 4800,
        "End Frame": 4920,
        "Caption": "#O A man X puts the packet in the packet; #O Person B puts the item in the bag; #o man y put the box in the shopping bag; #O person X puts the packet in the shopping bag; #O person Z puts the item in the packet "
    },
    {
        "Video Name": "429e2791-b050-4184-9837-de7c201f94c8",
        "Start Frame": 4920,
        "End Frame": 5040,
        "Caption": "#O Person A puts the basket on the counter; #O a person Y puts the basket down; #C C looks around; #O man W puts the shopping basket on the; #C C looks around"
    },
    {
        "Video Name": "429e2791-b050-4184-9837-de7c201f94c8",
        "Start Frame": 5040,
        "End Frame": 5160,
        "Caption": "#C C looks around the; #C C looks at person; #C C looks around ; #C C looks around; #C C talks to person"
    },
    {
        "Video Name": "429e2791-b050-4184-9837-de7c201f94c8",
        "Start Frame": 5160,
        "End Frame": 5280,
        "Caption": "#O A man X picks a card; #O Man B picks a card from the counter; #O a man X hands over the card to; #O person X picks a card from person C; #C C picks money from person X"
    },
    {
        "Video Name": "429e2791-b050-4184-9837-de7c201f94c8",
        "Start Frame": 5280,
        "End Frame": 5400,
        "Caption": "#O man A puts money in the cash register; #O person A    picks up a card.; #O man Y puts money in the cash box ; #O A man X puts the money in the cash register; #O person X puts the card on the cash register machine"
    }
]