[
    {
        "Video Name": "45fd8bca-c836-4601-b2c8-cc2a08cf8f86",
        "Start Frame": 0,
        "End Frame": 120,
        "Caption": "#C C walks around the room; #C C mops the floor with the mop in his right hand; #C C mops the floor with the mop.; #C C mops the floor with the moper ; #C C wipes the mat with the napkin in her right hand."
    },
    {
        "Video Name": "45fd8bca-c836-4601-b2c8-cc2a08cf8f86",
        "Start Frame": 120,
        "End Frame": 240,
        "Caption": "#C C places the moper on the; #C C mops the floor.; #C C mops the floor; #C C mops the floor.; #C C drops the mop"
    },
    {
        "Video Name": "45fd8bca-c836-4601-b2c8-cc2a08cf8f86",
        "Start Frame": 240,
        "End Frame": 360,
        "Caption": "#C C walks around the house; #C C walks around the house; #C C walks around; #C C looks around the house; #C C walks in the house"
    },
    {
        "Video Name": "45fd8bca-c836-4601-b2c8-cc2a08cf8f86",
        "Start Frame": 360,
        "End Frame": 480,
        "Caption": "#C C mops the floor.; #C C mops the floor.; #C C cleans the floor with the mop; #C C mops the floor.; #C C mops the floor."
    },
    {
        "Video Name": "45fd8bca-c836-4601-b2c8-cc2a08cf8f86",
        "Start Frame": 480,
        "End Frame": 600,
        "Caption": "#C C mops the floor.; #C C mops the floor.; #C C mops the floor. ; #C C mops the floor.; #C C mops the floor with the mopping stick"
    },
    {
        "Video Name": "45fd8bca-c836-4601-b2c8-cc2a08cf8f86",
        "Start Frame": 600,
        "End Frame": 720,
        "Caption": "#C C mops the floor; #C C mops the floor; #C C mops the floor with the mop in her hands; #C C mops the floor; #C C mops the floor."
    },
    {
        "Video Name": "45fd8bca-c836-4601-b2c8-cc2a08cf8f86",
        "Start Frame": 720,
        "End Frame": 840,
        "Caption": "#C C mops the floor.; #C C mops the floor.; #C C mops the floor.; #C C mops the floor.; #C C mops the floor"
    },
    {
        "Video Name": "45fd8bca-c836-4601-b2c8-cc2a08cf8f86",
        "Start Frame": 840,
        "End Frame": 960,
        "Caption": "#C C cleans the floor with the vacuum cleaner; #C C picks up the broom from the floor; #C C cleans the floor; #C C mops the floor ; #C C cleans the floor with the vacuum cleaner"
    },
    {
        "Video Name": "45fd8bca-c836-4601-b2c8-cc2a08cf8f86",
        "Start Frame": 960,
        "End Frame": 1080,
        "Caption": "#C C mops the floor.; #C C mops the floor ; #C C mops the floor; #C C cleans the floor; #C C sweeps the floor with a"
    },
    {
        "Video Name": "45fd8bca-c836-4601-b2c8-cc2a08cf8f86",
        "Start Frame": 1080,
        "End Frame": 1200,
        "Caption": "#C C cleans the floor; #C C cleans the floor with the vacuum cleaner; #C C cleans the floor; #C C cleans the floor with the vacuum cleaner; #C C cleans the floor"
    },
    {
        "Video Name": "45fd8bca-c836-4601-b2c8-cc2a08cf8f86",
        "Start Frame": 1200,
        "End Frame": 1320,
        "Caption": "#C C cleans the floor with the vacuum cleaner; #C C cleans the floor; #C C mops the floor with a vacuum; #C C cleans the floor with a vacuum cleaner; #C C cleans the floor with the vacuum cleaner"
    },
    {
        "Video Name": "45fd8bca-c836-4601-b2c8-cc2a08cf8f86",
        "Start Frame": 1320,
        "End Frame": 1440,
        "Caption": "#C C mops the floor with a mop; #C C mops the floor; #C C cleans the floor; #C C mops the floor ; #C C mops the floor"
    },
    {
        "Video Name": "45fd8bca-c836-4601-b2c8-cc2a08cf8f86",
        "Start Frame": 1440,
        "End Frame": 1560,
        "Caption": "#C C cleans the floor with the floor brush; #C C cleans the floor with the broom in her right hand; #C C mops the floor.; #C C mops the floor; #C C cleans the floor with the floor brush in both hands"
    },
    {
        "Video Name": "45fd8bca-c836-4601-b2c8-cc2a08cf8f86",
        "Start Frame": 1560,
        "End Frame": 1680,
        "Caption": "#C C mops the floor; #C C cleans the floor; #C C mops the floor.; #C C mops the floor; #C C mops the floor with the m"
    },
    {
        "Video Name": "45fd8bca-c836-4601-b2c8-cc2a08cf8f86",
        "Start Frame": 1680,
        "End Frame": 1800,
        "Caption": "#C C mops the; #C C mops the; #C C mops the; #C C mops the; #C C mops the"
    },
    {
        "Video Name": "45fd8bca-c836-4601-b2c8-cc2a08cf8f86",
        "Start Frame": 1800,
        "End Frame": 1920,
        "Caption": "#C C moves the chair with his right hand; #C C touches a chair ; #C C puts the chair on the floor; #C C moves the chair.; #C C holds the chair with her right hand"
    },
    {
        "Video Name": "45fd8bca-c836-4601-b2c8-cc2a08cf8f86",
        "Start Frame": 1920,
        "End Frame": 2040,
        "Caption": "#C C cleans the chair.; #C C pushes a chair ; #C C pushes chair; #C C cleans the chair.; #C C mops the floor"
    },
    {
        "Video Name": "45fd8bca-c836-4601-b2c8-cc2a08cf8f86",
        "Start Frame": 2040,
        "End Frame": 2160,
        "Caption": "#C C mops the floor. ; #C C cleans the floor.; #C C mops the floor; #C C mops the floor.; #C C mops the floor with the m"
    },
    {
        "Video Name": "45fd8bca-c836-4601-b2c8-cc2a08cf8f86",
        "Start Frame": 2160,
        "End Frame": 2280,
        "Caption": "#C C mops the floor with the mopping stick in both hands; #C C mops the floor.; #C C mops the floor with the mopping stick.; #C C mops the floor with the mop in both hands.; #C C mops the floor."
    },
    {
        "Video Name": "45fd8bca-c836-4601-b2c8-cc2a08cf8f86",
        "Start Frame": 2280,
        "End Frame": 2400,
        "Caption": "#C C pushes the chair; #C C cleans the table with the floor brush; #C C adjusts the table with her right hand; #C C cleans the table with the duster; #C C cleans the table with the table brush"
    },
    {
        "Video Name": "45fd8bca-c836-4601-b2c8-cc2a08cf8f86",
        "Start Frame": 2400,
        "End Frame": 2520,
        "Caption": "#C C sweeps the floor with the broom; #C C mops the floor; #C C mops the floor with the mop.; #C C mops the floor with the mopping stick in both hands; #C C mops the floor with a moper"
    },
    {
        "Video Name": "45fd8bca-c836-4601-b2c8-cc2a08cf8f86",
        "Start Frame": 2520,
        "End Frame": 2640,
        "Caption": "#C C mops the floor; #C C mops the floor; #C C mops the floor; #C C mops the floor; #C C mops the floor"
    },
    {
        "Video Name": "45fd8bca-c836-4601-b2c8-cc2a08cf8f86",
        "Start Frame": 2640,
        "End Frame": 2760,
        "Caption": "#C C mops the floor ; #C C pushes the table with her left hand ; #C C mops the floor; #C C mops the floor; #C C mops the floor with the mop in his left hand"
    },
    {
        "Video Name": "45fd8bca-c836-4601-b2c8-cc2a08cf8f86",
        "Start Frame": 2760,
        "End Frame": 2880,
        "Caption": "#C C mops the floor; #C C mops the floor; #C C mops the floor; #C C mops the floor; #C C mops the floor"
    },
    {
        "Video Name": "45fd8bca-c836-4601-b2c8-cc2a08cf8f86",
        "Start Frame": 2880,
        "End Frame": 3000,
        "Caption": "#C C mops the floor with a mop ; #C C mops the floor with the mopping stick in his hands; #C C mops the floor with the mop in his hands.; #C C mops the floor with the mopping stick.; #C C sweeps the floor."
    },
    {
        "Video Name": "45fd8bca-c836-4601-b2c8-cc2a08cf8f86",
        "Start Frame": 3000,
        "End Frame": 3120,
        "Caption": "#C C mops the floor with the mop; #C C picks the bucket from the floor; #C C holds the mop ; #C C picks up the mop; #C C pushes a bucket of water on the floor with her left hand"
    },
    {
        "Video Name": "45fd8bca-c836-4601-b2c8-cc2a08cf8f86",
        "Start Frame": 3120,
        "End Frame": 3240,
        "Caption": "#C C mops the floor with the mop; #C C walks in the room.; #C C mops the floor.; #C C walks in the house; #C C walks around the house"
    },
    {
        "Video Name": "45fd8bca-c836-4601-b2c8-cc2a08cf8f86",
        "Start Frame": 3240,
        "End Frame": 3360,
        "Caption": "#C C mops the floor.; #C C mops the floor with the mopper in his left hand; #C C mops the floor.; #C C cleans the floor; #C C mops the floor with the mop in both hands."
    },
    {
        "Video Name": "45fd8bca-c836-4601-b2c8-cc2a08cf8f86",
        "Start Frame": 3360,
        "End Frame": 3480,
        "Caption": "#C C mops the floor; #C C mops the room with the mop.; #C C mops the floor with the mop.; #C C mops the floor.; #C C mops the floor with the mopping stick in his right hand"
    },
    {
        "Video Name": "45fd8bca-c836-4601-b2c8-cc2a08cf8f86",
        "Start Frame": 3480,
        "End Frame": 3600,
        "Caption": "#C C opens the door; #C C takes the broom; #C C picks the mop.; #C C opens a door with his right hand; #C C opens a door with his right hand"
    },
    {
        "Video Name": "45fd8bca-c836-4601-b2c8-cc2a08cf8f86",
        "Start Frame": 3600,
        "End Frame": 3720,
        "Caption": "#C C puts the broom on the shelf; #C C puts the broom on the floor; #C C sweeps the floor with the broom in her right hand; #C C holds the broom; #C C puts the mop in the shelf"
    },
    {
        "Video Name": "45fd8bca-c836-4601-b2c8-cc2a08cf8f86",
        "Start Frame": 3720,
        "End Frame": 3840,
        "Caption": "#C C walks around the house; #C C picks a towel from the table with her left hand; #C C moves towards the table in the living room.; #C C moves the chair; #C C walks around the room "
    },
    {
        "Video Name": "45fd8bca-c836-4601-b2c8-cc2a08cf8f86",
        "Start Frame": 3840,
        "End Frame": 3960,
        "Caption": "#C C walks in the house; #C C walks around the room; #C C moves chair; #C C adjusts the pillow on the chair with her left hand; #C C looks around the room"
    },
    {
        "Video Name": "45fd8bca-c836-4601-b2c8-cc2a08cf8f86",
        "Start Frame": 3960,
        "End Frame": 4080,
        "Caption": "#C C walks to the table ; #C C walks around; #C C walks around; #C C moves towards the dinning; #C C walks to the dining room"
    },
    {
        "Video Name": "45fd8bca-c836-4601-b2c8-cc2a08cf8f86",
        "Start Frame": 4080,
        "End Frame": 4200,
        "Caption": "#C C walks around; #C C walks around; #C C walks around ; #C C walks around; #C C walks around the house"
    },
    {
        "Video Name": "45fd8bca-c836-4601-b2c8-cc2a08cf8f86",
        "Start Frame": 4200,
        "End Frame": 4320,
        "Caption": "#C C carries the baby.; #C C moves the chair; #C C pushes the chair; #C C touches a chair; #C C moves a chair with his left hand"
    },
    {
        "Video Name": "45fd8bca-c836-4601-b2c8-cc2a08cf8f86",
        "Start Frame": 4320,
        "End Frame": 4440,
        "Caption": "#C C walks around the house; #C C walks around the room; #C C walks in the house; #C C walks around the house; #C C walks around the house"
    },
    {
        "Video Name": "45fd8bca-c836-4601-b2c8-cc2a08cf8f86",
        "Start Frame": 4440,
        "End Frame": 4560,
        "Caption": "#C C walks around the; #C C walks around the; #C C picks the bucket; #C C picks a bucket; #C C stares at the"
    },
    {
        "Video Name": "45fd8bca-c836-4601-b2c8-cc2a08cf8f86",
        "Start Frame": 4560,
        "End Frame": 4680,
        "Caption": "#C C picks a bucket of water ; #C C washes the bucket with a sponge; #C C looks at the bucket of water ; #C C scoops a piece of wet wipe from a bucket with a napkin in his right hand; #C C pulls a bucket "
    },
    {
        "Video Name": "45fd8bca-c836-4601-b2c8-cc2a08cf8f86",
        "Start Frame": 4680,
        "End Frame": 4800,
        "Caption": "#C C looks at the bucket of flour; #C C puts the basket down; #C C picks a bucket from the floor; #C C looks at the bucket; #C C looks at the floor"
    },
    {
        "Video Name": "45fd8bca-c836-4601-b2c8-cc2a08cf8f86",
        "Start Frame": 4800,
        "End Frame": 4920,
        "Caption": "#C C cleans floor with a mop; #C C cleans the floor with the broom in both hands; #C C walks in the house; #C C picks a broom; #C C walks around the house"
    },
    {
        "Video Name": "45fd8bca-c836-4601-b2c8-cc2a08cf8f86",
        "Start Frame": 4920,
        "End Frame": 5040,
        "Caption": "#C C squeezes the rag; #C C squeezes the mop cloth with both hands.; #C C mops the floor with the napkin.; #C C puts the mop inside the water in the bucket; #C C rinses the mop with water."
    },
    {
        "Video Name": "45fd8bca-c836-4601-b2c8-cc2a08cf8f86",
        "Start Frame": 5040,
        "End Frame": 5160,
        "Caption": "#C C walks in a room; #C C walks around the room; #C C walks out of the; #C C walks around; #C C walks around "
    },
    {
        "Video Name": "45fd8bca-c836-4601-b2c8-cc2a08cf8f86",
        "Start Frame": 5160,
        "End Frame": 5280,
        "Caption": "#C C opens the toilet; #C C opens the toilet; #C C touches the washroom surface; #C C puts the towel in a; #C C opens the toilet"
    },
    {
        "Video Name": "45fd8bca-c836-4601-b2c8-cc2a08cf8f86",
        "Start Frame": 5280,
        "End Frame": 5400,
        "Caption": "#C C pours the water in the toilet; #C C puts the toothbrush in the toilet; #C C puts the liquid soap in the bath; #C C pours the liquid in the water; #C C pours the water in the toilet"
    }
]