[
    {
        "Video Name": "46e1aee1-adea-4c9c-ac5b-9d933a3d3a43",
        "Start Frame": 0,
        "End Frame": 120,
        "Caption": "#C C scrolls up; #C C scrolls down; #C C scrolls on the laptop; #C C scrolls the laptop; #C C scrolls down the screen"
    },
    {
        "Video Name": "46e1aee1-adea-4c9c-ac5b-9d933a3d3a43",
        "Start Frame": 120,
        "End Frame": 240,
        "Caption": "#C C scrolls on the laptop; #C C scrolls up the screen; #C C scrolls on the laptop; #C C scrolls the laptop; #C C scrolls down the screen"
    },
    {
        "Video Name": "46e1aee1-adea-4c9c-ac5b-9d933a3d3a43",
        "Start Frame": 240,
        "End Frame": 360,
        "Caption": "#C C scrolls up the screen; #C C scrolls up the screen; #C C scrolls on the laptop; #C C scrolls the mouse pad; #C C scrolls on the laptop"
    },
    {
        "Video Name": "46e1aee1-adea-4c9c-ac5b-9d933a3d3a43",
        "Start Frame": 360,
        "End Frame": 480,
        "Caption": "#C C scrolls on the laptop; #C C scrolls the laptop; #C C operates the laptop; #C C scrolls up the screen; #C C scrolls on the laptop"
    },
    {
        "Video Name": "46e1aee1-adea-4c9c-ac5b-9d933a3d3a43",
        "Start Frame": 480,
        "End Frame": 600,
        "Caption": "#C C scrolls on the laptop; #C C scrolls on the laptop; #C C scrolls up the screen; #C C operates the laptop; #C C scrolls the laptop"
    },
    {
        "Video Name": "46e1aee1-adea-4c9c-ac5b-9d933a3d3a43",
        "Start Frame": 600,
        "End Frame": 720,
        "Caption": "#C C operates the laptop; #C C scrolls on the; #C C scrolls down the; #C C scrolls on the; #C C scrolls on the"
    },
    {
        "Video Name": "46e1aee1-adea-4c9c-ac5b-9d933a3d3a43",
        "Start Frame": 720,
        "End Frame": 840,
        "Caption": "#C C scrolls on the laptop; #C C scrolls the laptop; #C C types on the laptop; #C C looks at the laptop; #C C uses the laptop"
    },
    {
        "Video Name": "46e1aee1-adea-4c9c-ac5b-9d933a3d3a43",
        "Start Frame": 840,
        "End Frame": 960,
        "Caption": "#C C operates the laptop; #C C scrolls on the; #C C scrolls the mouse; #C C scrolls on the; #C C operates the laptop"
    },
    {
        "Video Name": "46e1aee1-adea-4c9c-ac5b-9d933a3d3a43",
        "Start Frame": 960,
        "End Frame": 1080,
        "Caption": "#C C scrolls on the; #C C operates on the; #C C scrolls the laptop; #C C scrolls the laptop; #C C clicks the mouse"
    },
    {
        "Video Name": "46e1aee1-adea-4c9c-ac5b-9d933a3d3a43",
        "Start Frame": 1080,
        "End Frame": 1200,
        "Caption": "#C C scrolls on the laptop; #C C looks around the house ; #C C types on the laptop keyboard; #C C operates the laptop ; #C C presses the laptop"
    },
    {
        "Video Name": "46e1aee1-adea-4c9c-ac5b-9d933a3d3a43",
        "Start Frame": 1200,
        "End Frame": 1320,
        "Caption": "#C C walks around the house; #C C walks towards the kitchen; #C C walks to the kitchen; #C C walks in the house; #C C walks to the kitchen"
    },
    {
        "Video Name": "46e1aee1-adea-4c9c-ac5b-9d933a3d3a43",
        "Start Frame": 1320,
        "End Frame": 1440,
        "Caption": "#c c walk around; #C C walks around; #C C walks around; #C C walks out of the; #C C walks around"
    },
    {
        "Video Name": "46e1aee1-adea-4c9c-ac5b-9d933a3d3a43",
        "Start Frame": 1440,
        "End Frame": 1560,
        "Caption": "#C C walks in the; #C C walks to the; #C C walks on the; #C C walks in the; #C C walks around"
    },
    {
        "Video Name": "46e1aee1-adea-4c9c-ac5b-9d933a3d3a43",
        "Start Frame": 1560,
        "End Frame": 1680,
        "Caption": "#C C opens the tap; #C C walks around; #c c open the tap; #C C turns off the tap; #C C picks the spoon from the"
    },
    {
        "Video Name": "46e1aee1-adea-4c9c-ac5b-9d933a3d3a43",
        "Start Frame": 1680,
        "End Frame": 1800,
        "Caption": "#C C opens the tap; #C C opens the tap; #C C opens the tap; #C C opens the tap; #C C fetches water in the"
    },
    {
        "Video Name": "46e1aee1-adea-4c9c-ac5b-9d933a3d3a43",
        "Start Frame": 1800,
        "End Frame": 1920,
        "Caption": "#C C pours soap on the sponge; #C C picks the liquid soap; #C C picks a soap; #C C pours the soap on the; #c c puts soap on the sponge"
    },
    {
        "Video Name": "46e1aee1-adea-4c9c-ac5b-9d933a3d3a43",
        "Start Frame": 1920,
        "End Frame": 2040,
        "Caption": "#C C picks a sponge; #C C picks a sponge; #C C  puts down the sponge; #C C puts soap on the sink; #c c pick the soap"
    },
    {
        "Video Name": "46e1aee1-adea-4c9c-ac5b-9d933a3d3a43",
        "Start Frame": 2040,
        "End Frame": 2160,
        "Caption": "#C C rinses the s; #C C washes the cup; #C C rinses the cup; #c c  rinse the jar; #C C rinses the cup"
    },
    {
        "Video Name": "46e1aee1-adea-4c9c-ac5b-9d933a3d3a43",
        "Start Frame": 2160,
        "End Frame": 2280,
        "Caption": "#C C washes the cup; #C C washes the plate; #C C rinses the; #C C rinses the; #C C rinses the"
    },
    {
        "Video Name": "46e1aee1-adea-4c9c-ac5b-9d933a3d3a43",
        "Start Frame": 2280,
        "End Frame": 2400,
        "Caption": "#C C puts the sponge aside; #C C washes the dish; #C C washes the plate; #C C washes the plate; #C C puts the sponge on the sink"
    },
    {
        "Video Name": "46e1aee1-adea-4c9c-ac5b-9d933a3d3a43",
        "Start Frame": 2400,
        "End Frame": 2520,
        "Caption": "#C C closes tap; #C C rinses the; #c c washes his hands; #C C rinses the; #C C looks around"
    },
    {
        "Video Name": "46e1aee1-adea-4c9c-ac5b-9d933a3d3a43",
        "Start Frame": 2520,
        "End Frame": 2640,
        "Caption": "#C C washes the fork; #c c washes the fork; #C C rinses the; #C C washes the hand; #C C washes hands"
    },
    {
        "Video Name": "46e1aee1-adea-4c9c-ac5b-9d933a3d3a43",
        "Start Frame": 2640,
        "End Frame": 2760,
        "Caption": "#C C washes the plate; #c c turns off the tap; #C C puts the bowl on the table; #C C picks up the cup from the; #C C washes the fork"
    },
    {
        "Video Name": "46e1aee1-adea-4c9c-ac5b-9d933a3d3a43",
        "Start Frame": 2760,
        "End Frame": 2880,
        "Caption": "#C C puts spoon down ; #C C puts the spoon aside; #C C picks the fork; #C C puts the spoon on the; #C C puts the spoon on the"
    },
    {
        "Video Name": "46e1aee1-adea-4c9c-ac5b-9d933a3d3a43",
        "Start Frame": 2880,
        "End Frame": 3000,
        "Caption": "#C C washes the measuring cup; #C C washes the sieve; #C C rinses the jug; #C C rinses the measuring; #C C washes the sieve"
    },
    {
        "Video Name": "46e1aee1-adea-4c9c-ac5b-9d933a3d3a43",
        "Start Frame": 3000,
        "End Frame": 3120,
        "Caption": "#C C rinses the cup; #C C rinses the measuring; #C C washes the cup; #C C washes the cup ; #C C rinses the jug"
    },
    {
        "Video Name": "46e1aee1-adea-4c9c-ac5b-9d933a3d3a43",
        "Start Frame": 3120,
        "End Frame": 3240,
        "Caption": "#C C opens the dishwasher; #C C opens the dishwasher; #C C opens the dishwasher; #C C opens the dishwasher; #C C opens a dishwasher"
    },
    {
        "Video Name": "46e1aee1-adea-4c9c-ac5b-9d933a3d3a43",
        "Start Frame": 3240,
        "End Frame": 3360,
        "Caption": "#C C rinses the plate with the tap; #C C washes the plate; #c c rinses the plate; #C C washes a plate; #C C rinses the plate "
    },
    {
        "Video Name": "46e1aee1-adea-4c9c-ac5b-9d933a3d3a43",
        "Start Frame": 3360,
        "End Frame": 3480,
        "Caption": "#C C rinses the plate ; #C C rinses the plate; #C C rinses the plate ; #C C washes the plate ; #C C pours water from the plate"
    },
    {
        "Video Name": "46e1aee1-adea-4c9c-ac5b-9d933a3d3a43",
        "Start Frame": 3480,
        "End Frame": 3600,
        "Caption": "#C C puts the plate on the table; #C C puts plate on the counter; #C C puts the plate on the table; #C C puts a plate on a counter; #C C puts plate on the counter"
    },
    {
        "Video Name": "46e1aee1-adea-4c9c-ac5b-9d933a3d3a43",
        "Start Frame": 3600,
        "End Frame": 3720,
        "Caption": "#C C puts the plate on the kitchen; #C C walks around the kitchen; #C c puts plate on the counter; #C C puts the bowl on the table; #C C puts a plate on the counter"
    },
    {
        "Video Name": "46e1aee1-adea-4c9c-ac5b-9d933a3d3a43",
        "Start Frame": 3720,
        "End Frame": 3840,
        "Caption": "#C C walks around; #C C closes the; #C C opens the; #C C looks around; #C C walks around"
    },
    {
        "Video Name": "46e1aee1-adea-4c9c-ac5b-9d933a3d3a43",
        "Start Frame": 3840,
        "End Frame": 3960,
        "Caption": "#C C walks around; #c c opens the; #c c opens the; #C C opens the; #C C walks around"
    },
    {
        "Video Name": "46e1aee1-adea-4c9c-ac5b-9d933a3d3a43",
        "Start Frame": 3960,
        "End Frame": 4080,
        "Caption": "#C C walks around ; #C C walks in the house; #C C walks around the house; #C C walks around; #C C walks around"
    },
    {
        "Video Name": "46e1aee1-adea-4c9c-ac5b-9d933a3d3a43",
        "Start Frame": 4080,
        "End Frame": 4200,
        "Caption": "#C C walks outside; #C C walks outside; #C C walks around the compound; #C C looks around ; #C C walks outside "
    },
    {
        "Video Name": "46e1aee1-adea-4c9c-ac5b-9d933a3d3a43",
        "Start Frame": 4200,
        "End Frame": 4320,
        "Caption": "#C C walks on the pathway; #C C looks around the compound; #C C walks around the verandah; #C C walks in the veranda ; #C C drops the flower"
    },
    {
        "Video Name": "46e1aee1-adea-4c9c-ac5b-9d933a3d3a43",
        "Start Frame": 4320,
        "End Frame": 4440,
        "Caption": "#C C looks around; #C C looks around ; #C C looks at the; #C C looks around; #C C looks around"
    },
    {
        "Video Name": "46e1aee1-adea-4c9c-ac5b-9d933a3d3a43",
        "Start Frame": 4440,
        "End Frame": 4560,
        "Caption": "#C C walks outside; #C C walks around the compound; #C C walks outside ; #C C walks around the compound; #C C walks outside"
    },
    {
        "Video Name": "46e1aee1-adea-4c9c-ac5b-9d933a3d3a43",
        "Start Frame": 4560,
        "End Frame": 4680,
        "Caption": "#C C walks in the house; #C C walks around the house; #C C walks around; #C C walks around; #C C walks around the house"
    },
    {
        "Video Name": "46e1aee1-adea-4c9c-ac5b-9d933a3d3a43",
        "Start Frame": 4680,
        "End Frame": 4800,
        "Caption": "#C C walks in the; #C C walks around the; #C C walks in the; #C C walks around; #C C walks around"
    },
    {
        "Video Name": "46e1aee1-adea-4c9c-ac5b-9d933a3d3a43",
        "Start Frame": 4800,
        "End Frame": 4920,
        "Caption": "#C C walks in the; #C C walks around ; #C C walks around; #C C walks around; #C C walks around the"
    },
    {
        "Video Name": "46e1aee1-adea-4c9c-ac5b-9d933a3d3a43",
        "Start Frame": 4920,
        "End Frame": 5040,
        "Caption": "#C C picks the knife from the dishwasher; #C C closes the dish washer; #C C opens the dishwasher; #C C picks the spoon; #C C puts the plate in the drawer"
    },
    {
        "Video Name": "46e1aee1-adea-4c9c-ac5b-9d933a3d3a43",
        "Start Frame": 5040,
        "End Frame": 5160,
        "Caption": "#C C picks up a; #C C picks a sponge; #C C picks a washing; #C C picks a sponge; #C C washes the"
    },
    {
        "Video Name": "46e1aee1-adea-4c9c-ac5b-9d933a3d3a43",
        "Start Frame": 5160,
        "End Frame": 5280,
        "Caption": "#C C washes the pan; #C C cleans the cooking pan; #C C washes the frying pan; #C C opens the tap; #C C rinses the cooking"
    },
    {
        "Video Name": "46e1aee1-adea-4c9c-ac5b-9d933a3d3a43",
        "Start Frame": 5280,
        "End Frame": 5400,
        "Caption": "#C C rinses the frying; #C C washes the pan; #C C rinses the pan; #C C washes the plate; #C C rinses the cooking"
    }
]