[
    {
        "Video Name": "478c970e-3ca2-492a-8af7-f442d8255971",
        "Start Frame": 0,
        "End Frame": 120,
        "Caption": "#C C walks around the kitchen; #C C stirs the food ; #C C walks towards the cooker; #C C stirs the food with the wooden; #C C stirs the food"
    },
    {
        "Video Name": "478c970e-3ca2-492a-8af7-f442d8255971",
        "Start Frame": 120,
        "End Frame": 240,
        "Caption": "#C C stirs the food; #C C stirs the food with the cooking; #C C stirs food with a cooking stick; #C C stirs the food in the pan; #C C stirs the food with the wooden"
    },
    {
        "Video Name": "478c970e-3ca2-492a-8af7-f442d8255971",
        "Start Frame": 240,
        "End Frame": 360,
        "Caption": "#C C mixes up food with a cooking stick; #C C stirs the food with the wooden; #C C stirs the food in the pan; #C C stirs food ; #C C stirs the food"
    },
    {
        "Video Name": "478c970e-3ca2-492a-8af7-f442d8255971",
        "Start Frame": 360,
        "End Frame": 480,
        "Caption": "#C C stirs the food; #C C stirs the food in the cooking; #C C stirs the food in the pan; #C C stirs the food; #C C stirs the food in the cooking"
    },
    {
        "Video Name": "478c970e-3ca2-492a-8af7-f442d8255971",
        "Start Frame": 480,
        "End Frame": 600,
        "Caption": "#C C picks the blender jug; #C C picks up the blender jar; #C C drops the blender on the kitchen cabinet with both hands.; #C C picks up the blender jar from the kitchen counter with both hands; #C C picks the jar lid on top of the kitchen cabinet"
    },
    {
        "Video Name": "478c970e-3ca2-492a-8af7-f442d8255971",
        "Start Frame": 600,
        "End Frame": 720,
        "Caption": "#C C switches on the blender; #C C turns off the mixer; #C C covers the blender with the; #C C turns on the blender; #C C opens the blender"
    },
    {
        "Video Name": "478c970e-3ca2-492a-8af7-f442d8255971",
        "Start Frame": 720,
        "End Frame": 840,
        "Caption": "#C C turns off the blender; #C C blends the ingredients; #C C adjusts the blender timer; #C C turns on the blender; #C C switches on the blender"
    },
    {
        "Video Name": "478c970e-3ca2-492a-8af7-f442d8255971",
        "Start Frame": 840,
        "End Frame": 960,
        "Caption": "#C C adjusts the knob on the blender; #C C adjusts the blender with both hands; #C C blends the mixture with the blender; #C C removes the blender base ; #C C removes the blender's blade"
    },
    {
        "Video Name": "478c970e-3ca2-492a-8af7-f442d8255971",
        "Start Frame": 960,
        "End Frame": 1080,
        "Caption": "#C C removes the blender blade; #C C operates the blender ; #C C turns on the blender; #C C blends the food ; #C C turns off the blender"
    },
    {
        "Video Name": "478c970e-3ca2-492a-8af7-f442d8255971",
        "Start Frame": 1080,
        "End Frame": 1200,
        "Caption": "#C C switches on the; #C C turns off the; #C C regulates the blender; #C C blends the food; #C C fixes the blender"
    },
    {
        "Video Name": "478c970e-3ca2-492a-8af7-f442d8255971",
        "Start Frame": 1200,
        "End Frame": 1320,
        "Caption": "#C C opens the blender lid; #C C closes the blender; #C C opens the blender lid; #C C removes the blender cover; #C C opens the blender lid"
    },
    {
        "Video Name": "478c970e-3ca2-492a-8af7-f442d8255971",
        "Start Frame": 1320,
        "End Frame": 1440,
        "Caption": "#C C mixes the smoothie ; #C C scoops the mixture; #C C puts the spoon in the; #C C picks butter; #C C scoops butter from the"
    },
    {
        "Video Name": "478c970e-3ca2-492a-8af7-f442d8255971",
        "Start Frame": 1440,
        "End Frame": 1560,
        "Caption": "#C C puts the lid on the kitchen; #C C puts the spoon on the table; #C C puts spoon down ; #C C places the lid on the table; #C C places the lid on the table"
    },
    {
        "Video Name": "478c970e-3ca2-492a-8af7-f442d8255971",
        "Start Frame": 1560,
        "End Frame": 1680,
        "Caption": "#C C walks around; #C C walks around the; #C C moves around the; #C C looks around; #C C looks around the"
    },
    {
        "Video Name": "478c970e-3ca2-492a-8af7-f442d8255971",
        "Start Frame": 1680,
        "End Frame": 1800,
        "Caption": "#C C picks a container; #C C picks up a ingredient container from the cabinet with her right hand.; #C C picks a spice from the cabinet; #C C picks a container of salt from the kitchen cabinet with her right hand.; #C C picks the salt"
    },
    {
        "Video Name": "478c970e-3ca2-492a-8af7-f442d8255971",
        "Start Frame": 1800,
        "End Frame": 1920,
        "Caption": "#C C closes the container with the lid; #C C closes the can of salt with the lid in his right hand; #C C closes the tin; #C C opens the lid ; #C C closes the container"
    },
    {
        "Video Name": "478c970e-3ca2-492a-8af7-f442d8255971",
        "Start Frame": 1920,
        "End Frame": 2040,
        "Caption": "#C C pours the spices in the blender; #C C adds ingredients in the blender jug; #C C closes the blender; #C C pours the ingredients in the blender; #C C puts spice in the blender"
    },
    {
        "Video Name": "478c970e-3ca2-492a-8af7-f442d8255971",
        "Start Frame": 2040,
        "End Frame": 2160,
        "Caption": "#C C puts the butter in the blender jug; #C C puts the ground nut in the blender; #C C closes the bottle of cream with the lid in his right hand; #C C pours the ingredient in the blender; #C C places the container on the counter top"
    },
    {
        "Video Name": "478c970e-3ca2-492a-8af7-f442d8255971",
        "Start Frame": 2160,
        "End Frame": 2280,
        "Caption": "#C C closes the container; #C C puts the tin on the cabinet; #C C puts the container on the kitchen; #C C puts container on countertop ; #C C closes the bottle with the lid"
    },
    {
        "Video Name": "478c970e-3ca2-492a-8af7-f442d8255971",
        "Start Frame": 2280,
        "End Frame": 2400,
        "Caption": "#C C holds the blender; #C C covers the blender with the; #C C opens the blender ; #C C operates the blender; #C C holds the blender cover"
    },
    {
        "Video Name": "478c970e-3ca2-492a-8af7-f442d8255971",
        "Start Frame": 2400,
        "End Frame": 2520,
        "Caption": "#C C turns off the blender; #C C turns the blender knob; #C C turns off the blender; #C C switches on the blender; #C C turns off the blender"
    },
    {
        "Video Name": "478c970e-3ca2-492a-8af7-f442d8255971",
        "Start Frame": 2520,
        "End Frame": 2640,
        "Caption": "#C C turns on the blender; #C C switches off the machine; #C C  operates the blender ; #C C switches on the blender ; #C C presses the button on the"
    },
    {
        "Video Name": "478c970e-3ca2-492a-8af7-f442d8255971",
        "Start Frame": 2640,
        "End Frame": 2760,
        "Caption": "#C C closes the blender; #C C drops the cover of the blender on the kitchen; #C C moves the blender lid; #C C closes the blender; #C C covers the blender with the lid"
    },
    {
        "Video Name": "478c970e-3ca2-492a-8af7-f442d8255971",
        "Start Frame": 2760,
        "End Frame": 2880,
        "Caption": "#C C wipes the table with the spoon; #C C scrapes the top of the blender with the spoon.; #C C scoops cream from the mixer; #C C scoops butter with the spoon; #C C blends the yoghurt with the spoon"
    },
    {
        "Video Name": "478c970e-3ca2-492a-8af7-f442d8255971",
        "Start Frame": 2880,
        "End Frame": 3000,
        "Caption": "#C C puts the spoon in the; #C C eats the peanut; #C C eats the ingredient; #C C puts spoon in the container; #C C eats ice cream"
    },
    {
        "Video Name": "478c970e-3ca2-492a-8af7-f442d8255971",
        "Start Frame": 3000,
        "End Frame": 3120,
        "Caption": "#C C places the cooking stick on the table; #C C puts down the wooden spoon; #C C walks to the kitchen counter; #C C drops the wooden spoon in the frying pan.; #C C puts the cooking stick on the cooking pan"
    },
    {
        "Video Name": "478c970e-3ca2-492a-8af7-f442d8255971",
        "Start Frame": 3120,
        "End Frame": 3240,
        "Caption": "#C C stirs food ; #C C stirs food ; #C C stirs the food with a wooden; #C C stirs the food ; #C C stirs the food"
    },
    {
        "Video Name": "478c970e-3ca2-492a-8af7-f442d8255971",
        "Start Frame": 3240,
        "End Frame": 3360,
        "Caption": "#C C stirs the food; #C C stirs the food; #C C stirs the food with the wooden; #C C mixes the food ; #C C stirs the food"
    },
    {
        "Video Name": "478c970e-3ca2-492a-8af7-f442d8255971",
        "Start Frame": 3360,
        "End Frame": 3480,
        "Caption": "#C C stirs the food; #C C stirs the food ; #C C stirs the food in the pan; #C C stirs the food ; #C C stirs the food in the pan with the wooden"
    },
    {
        "Video Name": "478c970e-3ca2-492a-8af7-f442d8255971",
        "Start Frame": 3480,
        "End Frame": 3600,
        "Caption": "#C C stirs the food in the pan; #C C stirs the food ; #C C stirs the food in the frying pan with the wooden; #C C stirs the food; #C C stirs the food "
    },
    {
        "Video Name": "478c970e-3ca2-492a-8af7-f442d8255971",
        "Start Frame": 3600,
        "End Frame": 3720,
        "Caption": "#C C stirs the food in the pan with the wooden; #C C stirs food in the frying pan ; #C C stirs food in the pan; #C C stirs the food; #C C stirs the food in the frying pan"
    },
    {
        "Video Name": "478c970e-3ca2-492a-8af7-f442d8255971",
        "Start Frame": 3720,
        "End Frame": 3840,
        "Caption": "#C C stirs the food; #C C stirs the food ; #C C stirs the food in the frying; #C C stirs the food; #C C stirs the food"
    },
    {
        "Video Name": "478c970e-3ca2-492a-8af7-f442d8255971",
        "Start Frame": 3840,
        "End Frame": 3960,
        "Caption": "#C C stirs the food ; #C C stirs the food ; #C C stirs food in the frying pan with a wooden; #C C stirs the food; #C C stirs the food with the wooden spoon"
    },
    {
        "Video Name": "478c970e-3ca2-492a-8af7-f442d8255971",
        "Start Frame": 3960,
        "End Frame": 4080,
        "Caption": "#C C stirs the food; #C C stirs the food in the pan with a wooden; #C C stirs food; #C C stirs food with a cooking stick; #C C stirs the food"
    },
    {
        "Video Name": "478c970e-3ca2-492a-8af7-f442d8255971",
        "Start Frame": 4080,
        "End Frame": 4200,
        "Caption": "#C C turns off the cooker; #C C turns off the cooker; #C C turns off the cooker; #C C turns off the cooker; #C C puts the cooking stick on the"
    },
    {
        "Video Name": "478c970e-3ca2-492a-8af7-f442d8255971",
        "Start Frame": 4200,
        "End Frame": 4320,
        "Caption": "#C C stirs the food with a wooden spoon; #C C stirs the food; #C C stirs the food in the pan with the wooden; #C C stirs the food with the wooden spatula; #C C stirs the food in the pan "
    },
    {
        "Video Name": "478c970e-3ca2-492a-8af7-f442d8255971",
        "Start Frame": 4320,
        "End Frame": 4440,
        "Caption": "#C C stirs the food; #C C stirs the food; #C C places the wooden spatula on the pan ; #C C stirs the food with the cooking stick; #C C drops the wooden spatula on the frying pan"
    },
    {
        "Video Name": "478c970e-3ca2-492a-8af7-f442d8255971",
        "Start Frame": 4440,
        "End Frame": 4560,
        "Caption": "#C C picks up the knife; #C C picks the chopping board; #C C picks the chopping board; #C C picks a chopping board; #C C picks up the chopping"
    },
    {
        "Video Name": "478c970e-3ca2-492a-8af7-f442d8255971",
        "Start Frame": 4560,
        "End Frame": 4680,
        "Caption": "#C C picks up the vegetables; #C C picks the vegetables; #C C moves the vegetables; #C C puts the chopped vegetables on the chopping board; #C C carries the chopped vegetables"
    },
    {
        "Video Name": "478c970e-3ca2-492a-8af7-f442d8255971",
        "Start Frame": 4680,
        "End Frame": 4800,
        "Caption": "#C C puts the vegetables in the cooking pan; #C C puts vegetables in the frying pan ; #C C puts the vegetables into the pan; #C C puts the vegetables in the pan ; #C C puts the vegetables in the pan"
    },
    {
        "Video Name": "478c970e-3ca2-492a-8af7-f442d8255971",
        "Start Frame": 4800,
        "End Frame": 4920,
        "Caption": "#C C drops the tomatoes on the chopping board; #C C places the tomato on the chopping board; #C C drops the tomato on the chopping board; #C C places the tomatoes on the chopping board; #C C puts the tomato on the counter"
    },
    {
        "Video Name": "478c970e-3ca2-492a-8af7-f442d8255971",
        "Start Frame": 4920,
        "End Frame": 5040,
        "Caption": "#C C chops the tomato; #C C cuts the tomato; #C C cuts the tomato; #C C chops the tomato; #C C cuts the tomato"
    },
    {
        "Video Name": "478c970e-3ca2-492a-8af7-f442d8255971",
        "Start Frame": 5040,
        "End Frame": 5160,
        "Caption": "#C C chops the tomato; #C C cuts the tomato with the knife in her right hand; #C C cuts the tomato ; #C C cuts the tomato; #C C chops the tomato "
    },
    {
        "Video Name": "478c970e-3ca2-492a-8af7-f442d8255971",
        "Start Frame": 5160,
        "End Frame": 5280,
        "Caption": "#C C cuts the tomato ; #C C holds the tomato; #C C chops tomatoes; #C C cuts the tomato ; #C C slices a tomato with the knife in her right hand"
    },
    {
        "Video Name": "478c970e-3ca2-492a-8af7-f442d8255971",
        "Start Frame": 5280,
        "End Frame": 5400,
        "Caption": "#C C picks up the tomatoes; #C C picks up a tomato; #C C picks the tomato; #C C picks the tomatoes; #C C picks tomatoes from the container"
    }
]