[
    {
        "Video Name": "47a2b871-0153-461f-b1a4-806f76e67313",
        "Start Frame": 0,
        "End Frame": 120,
        "Caption": "#C C eats food; #C C eats the food; #C C holds food in the; #O a man X talks to; #O man Y eats food"
    },
    {
        "Video Name": "47a2b871-0153-461f-b1a4-806f76e67313",
        "Start Frame": 120,
        "End Frame": 240,
        "Caption": "#O man A eats the food; #O A man X  looks at the television; #C C looks at the television; #O person B stands in the living room; #C C looks at the television"
    },
    {
        "Video Name": "47a2b871-0153-461f-b1a4-806f76e67313",
        "Start Frame": 240,
        "End Frame": 360,
        "Caption": "#C C watches television ; #C C watches the television; #C C watches television with A man; #O person X watches television; #C C looks at the television"
    },
    {
        "Video Name": "47a2b871-0153-461f-b1a4-806f76e67313",
        "Start Frame": 360,
        "End Frame": 480,
        "Caption": "#C C watches television ; #C C stares at the television; #O person Y stares at C; #C C watches the television; #O person Y adjusts the sitting position"
    },
    {
        "Video Name": "47a2b871-0153-461f-b1a4-806f76e67313",
        "Start Frame": 480,
        "End Frame": 600,
        "Caption": "#C C watches television ; #C C watches television ; #O person Y puts the hands on the lap; #O person Y moves the hand ; #O person Y moves his hands "
    },
    {
        "Video Name": "47a2b871-0153-461f-b1a4-806f76e67313",
        "Start Frame": 600,
        "End Frame": 720,
        "Caption": "#C C watches television; #C C looks around; #C C stares at the; #C C stares at the; #O person Y watches television"
    },
    {
        "Video Name": "47a2b871-0153-461f-b1a4-806f76e67313",
        "Start Frame": 720,
        "End Frame": 840,
        "Caption": "#C C stares television ; #O person Y walks in the house; #O person Y moves his legs ; #O person Y walks in the house; #O person Y moves his leg "
    },
    {
        "Video Name": "47a2b871-0153-461f-b1a4-806f76e67313",
        "Start Frame": 840,
        "End Frame": 960,
        "Caption": "#C C watches the television with person; #C C watches a television ; #C C watches a movie on the; #C C looks around the house ; #C C looks around the room"
    },
    {
        "Video Name": "47a2b871-0153-461f-b1a4-806f76e67313",
        "Start Frame": 960,
        "End Frame": 1080,
        "Caption": "#O Man X Puts food on a plate; #O man Y eats the food; #O person Y moves his hand ; #O person Y eats food with the spoon ; #O person Y takes food from the plate "
    },
    {
        "Video Name": "47a2b871-0153-461f-b1a4-806f76e67313",
        "Start Frame": 1080,
        "End Frame": 1200,
        "Caption": "#O person Y turns ; #O Man X moves the right hand; #O Man X sits; #O Man X moves away from the; #O Man X eats food"
    },
    {
        "Video Name": "47a2b871-0153-461f-b1a4-806f76e67313",
        "Start Frame": 1200,
        "End Frame": 1320,
        "Caption": "#C C watches television ; #O person Y moves his legs ; #O person Y adjusts the sitting position; #C C stares television ; #O person Y looks around"
    },
    {
        "Video Name": "47a2b871-0153-461f-b1a4-806f76e67313",
        "Start Frame": 1320,
        "End Frame": 1440,
        "Caption": "#C C stares at the television; #C C looks at man B; #C C watches television with person; #C C looks at person X; #C C looks at person X"
    },
    {
        "Video Name": "47a2b871-0153-461f-b1a4-806f76e67313",
        "Start Frame": 1440,
        "End Frame": 1560,
        "Caption": "#O Man X holds a bowl; #C C looks at television; #O Man X moves legs; #O person Y moves his leg ; #C C and person X watches the television"
    },
    {
        "Video Name": "47a2b871-0153-461f-b1a4-806f76e67313",
        "Start Frame": 1560,
        "End Frame": 1680,
        "Caption": "#C C and X stares at the television; #O Man X places hand on the table; #O person Y looks around ; #O Man A removes hand from the table; #O Man X  turns"
    },
    {
        "Video Name": "47a2b871-0153-461f-b1a4-806f76e67313",
        "Start Frame": 1680,
        "End Frame": 1800,
        "Caption": "#O person Y moves the leg; #O A person X stares at the; #O A person X interacts with C; #C C looks at  man X; #O Man X moves a hand"
    },
    {
        "Video Name": "47a2b871-0153-461f-b1a4-806f76e67313",
        "Start Frame": 1800,
        "End Frame": 1920,
        "Caption": "#O person X sits down ; #C C watches television; #C C watches the television; #O Man X moves legs; #O A person B  watches a"
    },
    {
        "Video Name": "47a2b871-0153-461f-b1a4-806f76e67313",
        "Start Frame": 1920,
        "End Frame": 2040,
        "Caption": "#O person Y swings his right leg ; #O person X raises a hand ; #O person Y stares at the television ; #O A person B  stares at the; #O person X wipes his face"
    },
    {
        "Video Name": "47a2b871-0153-461f-b1a4-806f76e67313",
        "Start Frame": 2040,
        "End Frame": 2160,
        "Caption": "#O person Y picks a cup on the table; #C C watches the television; #O person Y watches television; #O person Y puts the phone on the table; #O person Y moves the plate on the table"
    },
    {
        "Video Name": "47a2b871-0153-461f-b1a4-806f76e67313",
        "Start Frame": 2160,
        "End Frame": 2280,
        "Caption": "#O person Y eats food; #O person Y  looks at the television; #O person Y watches television; #O person Y watches the television ; #O person Y eats with a spoon "
    },
    {
        "Video Name": "47a2b871-0153-461f-b1a4-806f76e67313",
        "Start Frame": 2280,
        "End Frame": 2400,
        "Caption": "#O Man A holds food; #C C stares at television ; #C C  watches a television                                                                    ; #O Man A  moves hand; #O person Y puts the plate on the table "
    },
    {
        "Video Name": "47a2b871-0153-461f-b1a4-806f76e67313",
        "Start Frame": 2400,
        "End Frame": 2520,
        "Caption": "#O person Y moves ; #C C looks at man X; #O person Y turns ; #O person Y watches the television; #O person Y turns "
    },
    {
        "Video Name": "47a2b871-0153-461f-b1a4-806f76e67313",
        "Start Frame": 2520,
        "End Frame": 2640,
        "Caption": "#C C stares at the television; #O Person A operates the phone; #C C watches the television ; #O A person X watches television; #O A person B  watches a"
    },
    {
        "Video Name": "47a2b871-0153-461f-b1a4-806f76e67313",
        "Start Frame": 2640,
        "End Frame": 2760,
        "Caption": "#C C looks at the television ; #O Man X places plate on the; #C C watches a television ; #O person Y watches a television ; #O Man X moves legs"
    },
    {
        "Video Name": "47a2b871-0153-461f-b1a4-806f76e67313",
        "Start Frame": 2760,
        "End Frame": 2880,
        "Caption": "#O person Y turns to the other side; #O person Y moves his left hand ; #O A person B  watches a television with a person; #O man Q walks into the living room; #C C looks at man X "
    },
    {
        "Video Name": "47a2b871-0153-461f-b1a4-806f76e67313",
        "Start Frame": 2880,
        "End Frame": 3000,
        "Caption": "#C C moves hand; #C C  watches a; #O Person A moves the; #C C operates the phone; #C C looks around"
    },
    {
        "Video Name": "47a2b871-0153-461f-b1a4-806f76e67313",
        "Start Frame": 3000,
        "End Frame": 3120,
        "Caption": "#O person Y moves the plate on the table; #O man Y holds a phone ; #O Man X eats food; #O person Y moves the plate ; #O person Y holds a plate"
    },
    {
        "Video Name": "47a2b871-0153-461f-b1a4-806f76e67313",
        "Start Frame": 3120,
        "End Frame": 3240,
        "Caption": "#O Man X turns right; #O Man X moves his right hand; #C C watches television; #C C watches television with A man Y; #O Man X turns"
    },
    {
        "Video Name": "47a2b871-0153-461f-b1a4-806f76e67313",
        "Start Frame": 3240,
        "End Frame": 3360,
        "Caption": "#O Man X puts food in the mouth; #O A person B  watches a movie with a; #O A person B  picks up food from a; #O person Y moves his leg ; #O man Y puts plate down "
    },
    {
        "Video Name": "47a2b871-0153-461f-b1a4-806f76e67313",
        "Start Frame": 3360,
        "End Frame": 3480,
        "Caption": "#O person Y picks up a phone from the; #C C looks at the television ; #C C puts the plate on the table; #O A person X places the plate on the; #C C sits on the sofa"
    },
    {
        "Video Name": "47a2b871-0153-461f-b1a4-806f76e67313",
        "Start Frame": 3480,
        "End Frame": 3600,
        "Caption": "#O person Y sits on the couch ; #O person X stands up ; #O person Y places the cup on the table ; #O person X puts the cup of tea on the table; #O person Y puts the cup of tea on the table"
    },
    {
        "Video Name": "47a2b871-0153-461f-b1a4-806f76e67313",
        "Start Frame": 3600,
        "End Frame": 3720,
        "Caption": "#O person Y picks up a cup from the table ; #O person Y picks up the cup from the table ; #O person Y picks up the cup from the table ; #O person X picks a cup of tea from the table; #O person Y stands up"
    },
    {
        "Video Name": "47a2b871-0153-461f-b1a4-806f76e67313",
        "Start Frame": 3720,
        "End Frame": 3840,
        "Caption": "#O person Y puts the phone on the table; #O person Y moves his right leg ; #O person Y touches the face; #O A person B  watches a television; #O person Y moves his legs "
    },
    {
        "Video Name": "47a2b871-0153-461f-b1a4-806f76e67313",
        "Start Frame": 3840,
        "End Frame": 3960,
        "Caption": "#O Man X moves chair; #O person Y moves the chair ; #O person Y moves from the couch; #O person Y walks to the kitchen; #C C watches television"
    },
    {
        "Video Name": "47a2b871-0153-461f-b1a4-806f76e67313",
        "Start Frame": 3960,
        "End Frame": 4080,
        "Caption": "#O person Y moves his legs ; #O A person X eats food; #O man Y walks on the floor; #O person Y watches television ; #O man Y looks around"
    },
    {
        "Video Name": "47a2b871-0153-461f-b1a4-806f76e67313",
        "Start Frame": 4080,
        "End Frame": 4200,
        "Caption": "#O person Y lifts the cup from the table; #O person Y moves  the cup; #O Man X walks towards C; #O person X sits down ; #O Man X puts plate on the table"
    },
    {
        "Video Name": "47a2b871-0153-461f-b1a4-806f76e67313",
        "Start Frame": 4200,
        "End Frame": 4320,
        "Caption": "#O person Y puts left leg on the chair; #O person X folds his sweater ; #O person Y eats food with spoon; #O person Y looks at C ; #C C watches the television "
    },
    {
        "Video Name": "47a2b871-0153-461f-b1a4-806f76e67313",
        "Start Frame": 4320,
        "End Frame": 4440,
        "Caption": "#O person Y walks around the house; #O person X stands up; #O Man X walks to the kitchen; #O person Y sits on the chair; #O person X walks around the house"
    },
    {
        "Video Name": "47a2b871-0153-461f-b1a4-806f76e67313",
        "Start Frame": 4440,
        "End Frame": 4560,
        "Caption": "#C C watches television ; #C C looks at television; #C C stares at the; #C C watches television; #C C moves the head"
    },
    {
        "Video Name": "47a2b871-0153-461f-b1a4-806f76e67313",
        "Start Frame": 4560,
        "End Frame": 4680,
        "Caption": "#C C watches television ; #C C looks around; #C C looks around; #O person Y moves his legs; #C C  watches a television"
    },
    {
        "Video Name": "47a2b871-0153-461f-b1a4-806f76e67313",
        "Start Frame": 4680,
        "End Frame": 4800,
        "Caption": "#C C picks food from the plate with a; #C C watches television ; #C C puts his right hand on the table; #C C eats food ; #C C looks at the television"
    },
    {
        "Video Name": "47a2b871-0153-461f-b1a4-806f76e67313",
        "Start Frame": 4800,
        "End Frame": 4920,
        "Caption": "#C C watches a television ; #C C eats a fruit; #C C stares at the television; #C C moves his right hand; #C C holds a cup of"
    },
    {
        "Video Name": "47a2b871-0153-461f-b1a4-806f76e67313",
        "Start Frame": 4920,
        "End Frame": 5040,
        "Caption": "#C C converses with man X; #C C eats with her right hand; #C C stares at the television; #C C watches a television ; #C C puts hand on the chair"
    },
    {
        "Video Name": "47a2b871-0153-461f-b1a4-806f76e67313",
        "Start Frame": 5040,
        "End Frame": 5160,
        "Caption": "#C C looks around; #C C moves her right hand; #C C moves her right hand ; #C C looks at the television ; #O person Y holds the cup with left hand"
    },
    {
        "Video Name": "47a2b871-0153-461f-b1a4-806f76e67313",
        "Start Frame": 5160,
        "End Frame": 5280,
        "Caption": "#C C converses with person X; #O person X picks a cup of tea on the table; #O person Y picks a cup of tea; #O person X drinks from the cup; #O person X turns the cup"
    },
    {
        "Video Name": "47a2b871-0153-461f-b1a4-806f76e67313",
        "Start Frame": 5280,
        "End Frame": 5400,
        "Caption": "#C C looks around; #C C moves her leg; #C C moves his right; #C C looks around; #C C moves her right"
    }
]