[
    {
        "Video Name": "47b87299-5e31-4299-8bbc-51fe567ebd40",
        "Start Frame": 0,
        "End Frame": 120,
        "Caption": "#C C puts the dice down ; #C C puts the balls on the table; #C C picks a number ; #C C drops the pellet on the; #C C puts dice on the table "
    },
    {
        "Video Name": "47b87299-5e31-4299-8bbc-51fe567ebd40",
        "Start Frame": 120,
        "End Frame": 240,
        "Caption": "#C C selects cards ; #C C looks at the cards; #C C picks a card from the table; #C C looks at the card; #C C arranges the cards"
    },
    {
        "Video Name": "47b87299-5e31-4299-8bbc-51fe567ebd40",
        "Start Frame": 240,
        "End Frame": 360,
        "Caption": "#C C looks around; #C C looks around; #C C looks around; #C C puts the card on the table; #C C looks at the cards"
    },
    {
        "Video Name": "47b87299-5e31-4299-8bbc-51fe567ebd40",
        "Start Frame": 360,
        "End Frame": 480,
        "Caption": "#C C looks at the cards; #C C looks at the cards; #C C looks at the cards; #C C looks at the cards; #C C looks at the cards"
    },
    {
        "Video Name": "47b87299-5e31-4299-8bbc-51fe567ebd40",
        "Start Frame": 480,
        "End Frame": 600,
        "Caption": "#C C picks a card from the table; #C C picks a card ; #C C moves cards on the table; #C C takes a card from the table; #C C picks cards "
    },
    {
        "Video Name": "47b87299-5e31-4299-8bbc-51fe567ebd40",
        "Start Frame": 600,
        "End Frame": 720,
        "Caption": "#C C puts card on the table; #C C puts the card on the table; #C C picks a card; #C C arranges cards; #C C puts card on the table "
    },
    {
        "Video Name": "47b87299-5e31-4299-8bbc-51fe567ebd40",
        "Start Frame": 720,
        "End Frame": 840,
        "Caption": "#C C picks a card; #C C picks a card from the table ; #O man X picks a card; #O man X picks a card from the table; #c c picks card on the table"
    },
    {
        "Video Name": "47b87299-5e31-4299-8bbc-51fe567ebd40",
        "Start Frame": 840,
        "End Frame": 960,
        "Caption": "#C C looks at the; #C C picks a card; #C C picks a card; #C C picks a card; #C C picks card"
    },
    {
        "Video Name": "47b87299-5e31-4299-8bbc-51fe567ebd40",
        "Start Frame": 960,
        "End Frame": 1080,
        "Caption": "#C C looks at the cards; #C C looks around ; #C C looks around ; #O man X shuffles cards; #C C looks at the table"
    },
    {
        "Video Name": "47b87299-5e31-4299-8bbc-51fe567ebd40",
        "Start Frame": 1080,
        "End Frame": 1200,
        "Caption": "#C C looks at the card; #C C puts the card on the; #C C puts cards on the table; #c c picks a card; #C C looks at the cards "
    },
    {
        "Video Name": "47b87299-5e31-4299-8bbc-51fe567ebd40",
        "Start Frame": 1200,
        "End Frame": 1320,
        "Caption": "#C C puts card on the table; #C C puts card down ; #C C puts a card on the; #C C puts card on the table; #C C puts card on the table"
    },
    {
        "Video Name": "47b87299-5e31-4299-8bbc-51fe567ebd40",
        "Start Frame": 1320,
        "End Frame": 1440,
        "Caption": "#C C places the card on the table; #C C puts a card on the table; #C C puts card on the table ; #C C puts the card on the table; #C C places the card on the table"
    },
    {
        "Video Name": "47b87299-5e31-4299-8bbc-51fe567ebd40",
        "Start Frame": 1440,
        "End Frame": 1560,
        "Caption": "#C C picks another punch piece; #C C takes a pellet; #C C picks a ball; #C C picks a button; #C C picks a gem "
    },
    {
        "Video Name": "47b87299-5e31-4299-8bbc-51fe567ebd40",
        "Start Frame": 1560,
        "End Frame": 1680,
        "Caption": "#C C looks around ; #C C looks around; #C C puts the pellet on the; #C C touches the  token; #C C puts button down "
    },
    {
        "Video Name": "47b87299-5e31-4299-8bbc-51fe567ebd40",
        "Start Frame": 1680,
        "End Frame": 1800,
        "Caption": "#C C looks at the cards; #C C picks the cards; #C C puts the cards on the; #C C picks a card; #C C picks a card "
    },
    {
        "Video Name": "47b87299-5e31-4299-8bbc-51fe567ebd40",
        "Start Frame": 1800,
        "End Frame": 1920,
        "Caption": "#C C looks at the card; #C C looks around; #C C looks at the cards; #C C arranges cards; #C C puts cards on the"
    },
    {
        "Video Name": "47b87299-5e31-4299-8bbc-51fe567ebd40",
        "Start Frame": 1920,
        "End Frame": 2040,
        "Caption": "#O man X picks a dice; #O man X touches the cards on the; #o man x moves the dice on the; #O man X pushes cards; #O man Y picks the dices"
    },
    {
        "Video Name": "47b87299-5e31-4299-8bbc-51fe567ebd40",
        "Start Frame": 2040,
        "End Frame": 2160,
        "Caption": "#O man X drops the dice; #O man X drops the dice; #o man x pushes a card; #O man X  drops the; #O Man J picks dice"
    },
    {
        "Video Name": "47b87299-5e31-4299-8bbc-51fe567ebd40",
        "Start Frame": 2160,
        "End Frame": 2280,
        "Caption": "#C C puts the cards on the; #C C picks a card ; #C C picks a card; #C C puts a card on the; #O man X picks a card"
    },
    {
        "Video Name": "47b87299-5e31-4299-8bbc-51fe567ebd40",
        "Start Frame": 2280,
        "End Frame": 2400,
        "Caption": "#C C picks card from the; #c c puts card down; #c c puts card down; #C C picks a card ; #c c picks  cards"
    },
    {
        "Video Name": "47b87299-5e31-4299-8bbc-51fe567ebd40",
        "Start Frame": 2400,
        "End Frame": 2520,
        "Caption": "#C C arranges cards; #C C arranges cards; #C C looks at the; #C C looks at the; #C C looks at the"
    },
    {
        "Video Name": "47b87299-5e31-4299-8bbc-51fe567ebd40",
        "Start Frame": 2520,
        "End Frame": 2640,
        "Caption": "#C C moves the dice on the table; #C C drops the cards on the table; #c c picks card; #C C puts the dice on the table; #c c puts the card on the table"
    },
    {
        "Video Name": "47b87299-5e31-4299-8bbc-51fe567ebd40",
        "Start Frame": 2640,
        "End Frame": 2760,
        "Caption": "#O man X picks a card ; #c c picks  a card; #c c picks a card on the; #C C picks a card; #C C picks a card "
    },
    {
        "Video Name": "47b87299-5e31-4299-8bbc-51fe567ebd40",
        "Start Frame": 2760,
        "End Frame": 2880,
        "Caption": "#O man X puts the cards on the table; #o man y puts card on the table; #C C looks around ; #O man X puts cards on the table; #o man x puts the card on the table"
    },
    {
        "Video Name": "47b87299-5e31-4299-8bbc-51fe567ebd40",
        "Start Frame": 2880,
        "End Frame": 3000,
        "Caption": "#O person X picks cards from the table ; #O person X picks a card from the table; #O man X picks cards from the table; #c c picks cards; #C C picks the cards"
    },
    {
        "Video Name": "47b87299-5e31-4299-8bbc-51fe567ebd40",
        "Start Frame": 3000,
        "End Frame": 3120,
        "Caption": "#C C looks at the; #O man X picks a; #C C looks at the; #C C looks at the; #O man X takes a"
    },
    {
        "Video Name": "47b87299-5e31-4299-8bbc-51fe567ebd40",
        "Start Frame": 3120,
        "End Frame": 3240,
        "Caption": "#C C arranges cards; #C C looks at the cards; #C C shuffles cards; #O man X looks at the; #C C looks at the cards"
    },
    {
        "Video Name": "47b87299-5e31-4299-8bbc-51fe567ebd40",
        "Start Frame": 3240,
        "End Frame": 3360,
        "Caption": "#c c puts the card on the; #c c puts card on the table; #C C puts card on the table; #C C looks around; #C C puts cards on the table"
    },
    {
        "Video Name": "47b87299-5e31-4299-8bbc-51fe567ebd40",
        "Start Frame": 3360,
        "End Frame": 3480,
        "Caption": "#C C picks card; #C C picks a card; #C C picks a card; #C C picks a card; #C C picks a card"
    },
    {
        "Video Name": "47b87299-5e31-4299-8bbc-51fe567ebd40",
        "Start Frame": 3480,
        "End Frame": 3600,
        "Caption": "#C C arranges cards; #C C selects the cards; #C C arranges cards; #C C arranges cards; #C C arranges the"
    },
    {
        "Video Name": "47b87299-5e31-4299-8bbc-51fe567ebd40",
        "Start Frame": 3600,
        "End Frame": 3720,
        "Caption": "#C C looks at the card; #O man X arranges the; #C C looks at the cards; #O man X looks at the; #C C looks at the cards"
    },
    {
        "Video Name": "47b87299-5e31-4299-8bbc-51fe567ebd40",
        "Start Frame": 3720,
        "End Frame": 3840,
        "Caption": "#C C looks around ; #C C looks around the; #C C looks at the; #C C looks around; #C C looks around the"
    },
    {
        "Video Name": "47b87299-5e31-4299-8bbc-51fe567ebd40",
        "Start Frame": 3840,
        "End Frame": 3960,
        "Caption": "#O Man K puts die on the table; #o man x takes a dice; #o man x puts the dice down; #O man X picks a dice; #O person X drops the dice on the table"
    },
    {
        "Video Name": "47b87299-5e31-4299-8bbc-51fe567ebd40",
        "Start Frame": 3960,
        "End Frame": 4080,
        "Caption": "#o man x moves the card on the table; #O man X  puts  dice on the table; #o man x takes a card on the table; #o man x takes a card; #O man X puts the dice on the table"
    },
    {
        "Video Name": "47b87299-5e31-4299-8bbc-51fe567ebd40",
        "Start Frame": 4080,
        "End Frame": 4200,
        "Caption": "#C C picks card on the table; #C C picks card; #C C picks a card; #C C picks a card ; #C C puts card on the table"
    },
    {
        "Video Name": "47b87299-5e31-4299-8bbc-51fe567ebd40",
        "Start Frame": 4200,
        "End Frame": 4320,
        "Caption": "#C C shuffles the cards; #C C takes a card from person X; #C C arranges the cards; #C C shuffles the cards; #C C gives man X dices "
    },
    {
        "Video Name": "47b87299-5e31-4299-8bbc-51fe567ebd40",
        "Start Frame": 4320,
        "End Frame": 4440,
        "Caption": "#C C selects cards ; #C C selects the cards; #C C looks at the cards; #c c picks card; #C C arranges cards"
    },
    {
        "Video Name": "47b87299-5e31-4299-8bbc-51fe567ebd40",
        "Start Frame": 4440,
        "End Frame": 4560,
        "Caption": "#o man x places the cards on the; #c c puts card on the table; #C C looks around; #C C looks at the table; #c c picks cards"
    },
    {
        "Video Name": "47b87299-5e31-4299-8bbc-51fe567ebd40",
        "Start Frame": 4560,
        "End Frame": 4680,
        "Caption": "#C C picks a card ; #c c picks a card; #C C picks a card ; #c c picks card; #C C puts card on the"
    },
    {
        "Video Name": "47b87299-5e31-4299-8bbc-51fe567ebd40",
        "Start Frame": 4680,
        "End Frame": 4800,
        "Caption": "#C C looks at the; #C C shuffles the; #C C shuffles her; #C C shuffles the; #C C shuffles cards"
    },
    {
        "Video Name": "47b87299-5e31-4299-8bbc-51fe567ebd40",
        "Start Frame": 4800,
        "End Frame": 4920,
        "Caption": "#o man x moves the dice; #O man X takes a dice; #O man X picks dice; #O man X takes dice; #O a man X  takes the d"
    },
    {
        "Video Name": "47b87299-5e31-4299-8bbc-51fe567ebd40",
        "Start Frame": 4920,
        "End Frame": 5040,
        "Caption": "#C C puts card on the; #C C takes a card; #C C gives man X a; #C C hands man X cards; #C C gives Y a card"
    },
    {
        "Video Name": "47b87299-5e31-4299-8bbc-51fe567ebd40",
        "Start Frame": 5040,
        "End Frame": 5160,
        "Caption": "#O person X picks a card; #O person X gives C a card; #O man X picks a card; #C C picks a card; #O person X picks a card from the table"
    },
    {
        "Video Name": "47b87299-5e31-4299-8bbc-51fe567ebd40",
        "Start Frame": 5160,
        "End Frame": 5280,
        "Caption": "#c c puts cards on the table; #C C puts cards on the table; #C C puts another card on the; #C C puts a card on the; #C C puts cards down "
    },
    {
        "Video Name": "47b87299-5e31-4299-8bbc-51fe567ebd40",
        "Start Frame": 5280,
        "End Frame": 5400,
        "Caption": "#C C takes a pellet ; #C C picks a button; #C C takes a button; #C C picks a number; #C C picks the pellet from the"
    }
]