[
    {
        "Video Name": "47f4c828-f238-459f-91c3-6b221db54c5b",
        "Start Frame": 0,
        "End Frame": 120,
        "Caption": "#C C scoops the butter with the knife.; #C C pours the spice into a sachet of groundnuts; #C C puts the spice in the sachet; #C C puts the spice in the dish; #C C pours # unsure on the package"
    },
    {
        "Video Name": "47f4c828-f238-459f-91c3-6b221db54c5b",
        "Start Frame": 120,
        "End Frame": 240,
        "Caption": "#C C scoops the chocolate from the; #C C pours the butter in the; #C C scoops the egg ; #C C puts the paper in the bowl; #C C removes the egg from the packet"
    },
    {
        "Video Name": "47f4c828-f238-459f-91c3-6b221db54c5b",
        "Start Frame": 240,
        "End Frame": 360,
        "Caption": "#C C pours the carrot juice into the plate of carrots; #C C pours the carrot in the bag; #C C opens the packet of fruits; #C C puts the apple peels in the trash bag; #C C turns the paper "
    },
    {
        "Video Name": "47f4c828-f238-459f-91c3-6b221db54c5b",
        "Start Frame": 360,
        "End Frame": 480,
        "Caption": "#C C places the sachet of tomato paste in the sink; #C C puts the dirt in the sink ; #C C puts the paper in the sink; #C C drops the dirt; #C C puts the paper in the sink"
    },
    {
        "Video Name": "47f4c828-f238-459f-91c3-6b221db54c5b",
        "Start Frame": 480,
        "End Frame": 600,
        "Caption": "#C C throws the onion waste in the dustbin; #C C puts the paper in the dustbin; #C C puts the waste in the dustbin ; #C C puts the waste in the dustbin; #C C puts the chaff in the polythe"
    },
    {
        "Video Name": "47f4c828-f238-459f-91c3-6b221db54c5b",
        "Start Frame": 600,
        "End Frame": 720,
        "Caption": "#C C  washes; #C C washes hands; #C C opens tap water; #C C washes hands; #C C washes hands"
    },
    {
        "Video Name": "47f4c828-f238-459f-91c3-6b221db54c5b",
        "Start Frame": 720,
        "End Frame": 840,
        "Caption": "#C C washes the knife; #C C rinses knife; #C C rinses the knife; #C C rinses knife; #C C rinses the knife"
    },
    {
        "Video Name": "47f4c828-f238-459f-91c3-6b221db54c5b",
        "Start Frame": 840,
        "End Frame": 960,
        "Caption": "#c c rinses; #C C cleans hands; #C C  washes; #c c open the tap; #C C rinses"
    },
    {
        "Video Name": "47f4c828-f238-459f-91c3-6b221db54c5b",
        "Start Frame": 960,
        "End Frame": 1080,
        "Caption": "#C C cleans the sink; #C C washes the sink; #C C washes the sink; #C C cleans the sink; #C C wipes on the sink with the sponge"
    },
    {
        "Video Name": "47f4c828-f238-459f-91c3-6b221db54c5b",
        "Start Frame": 1080,
        "End Frame": 1200,
        "Caption": "#C C washes the onion; #C C washes the green; #C C cleans the towel ; #C C washes the vegetables; #C C washes the potatoes"
    },
    {
        "Video Name": "47f4c828-f238-459f-91c3-6b221db54c5b",
        "Start Frame": 1200,
        "End Frame": 1320,
        "Caption": "#C C closes tap; #C C closes tap; #C C closes the; #C C closes tap; #C C closes the"
    },
    {
        "Video Name": "47f4c828-f238-459f-91c3-6b221db54c5b",
        "Start Frame": 1320,
        "End Frame": 1440,
        "Caption": "#C C wears the gloves ; #C C wipes his hands; #C C wipes his hands with the; #C C wipes hands with a paper; #C C wipes the hands with the"
    },
    {
        "Video Name": "47f4c828-f238-459f-91c3-6b221db54c5b",
        "Start Frame": 1440,
        "End Frame": 1560,
        "Caption": "#C C removes the food from the microwave; #C C picks a plate of food; #C C takes the food from the microwave; #C C picks the dish; #C C removes a plate of food from the"
    },
    {
        "Video Name": "47f4c828-f238-459f-91c3-6b221db54c5b",
        "Start Frame": 1560,
        "End Frame": 1680,
        "Caption": "#C C puts the tray of food on the; #C C puts the dish down ; #C C puts the food on the table; #C C puts the food on the table; #C C puts the food in the sink"
    },
    {
        "Video Name": "47f4c828-f238-459f-91c3-6b221db54c5b",
        "Start Frame": 1680,
        "End Frame": 1800,
        "Caption": "#c c puts the food on the; #c c puts the food on the; #c c places the spoon on the; #C C puts the food on the; #C C puts the food on the"
    },
    {
        "Video Name": "47f4c828-f238-459f-91c3-6b221db54c5b",
        "Start Frame": 1800,
        "End Frame": 1920,
        "Caption": "#C C puts the plate on the counter; #C C picks a spoon from the plate; #C C puts the plate on the counter; #C C picks up the plate of food; #C C takes the plate with food"
    },
    {
        "Video Name": "47f4c828-f238-459f-91c3-6b221db54c5b",
        "Start Frame": 1920,
        "End Frame": 2040,
        "Caption": "#C C picks the plate; #C C picks a plate of food; #C C picks plate ; #C C picks food from the table; #C C takes the plate"
    },
    {
        "Video Name": "47f4c828-f238-459f-91c3-6b221db54c5b",
        "Start Frame": 2040,
        "End Frame": 2160,
        "Caption": "#C C puts the food on the table; #C C puts the plate of food on the; #C C puts the food on the table; #C C puts the plate on the table; #C C puts plate on the table"
    },
    {
        "Video Name": "47f4c828-f238-459f-91c3-6b221db54c5b",
        "Start Frame": 2160,
        "End Frame": 2280,
        "Caption": "#C C puts the plate on the table; #C C puts the plate on the table; #C C puts the plate on the table; #C C puts the plate down.; #C C puts the plate on the table"
    },
    {
        "Video Name": "47f4c828-f238-459f-91c3-6b221db54c5b",
        "Start Frame": 2280,
        "End Frame": 2400,
        "Caption": "#C C picks a box; #C C picks the tissue on the table; #c c picks a packet of tissues; #C C picks a packet of serviet; #C C picks the box"
    },
    {
        "Video Name": "47f4c828-f238-459f-91c3-6b221db54c5b",
        "Start Frame": 2400,
        "End Frame": 2520,
        "Caption": "#C C opens a; #C C opens the; #c c presses laptop; #C C opens the; #C C opens the"
    },
    {
        "Video Name": "47f4c828-f238-459f-91c3-6b221db54c5b",
        "Start Frame": 2520,
        "End Frame": 2640,
        "Caption": "#C C picks a phone; #C C picks the phone from the table; #C C uses a phone ; #C C picks a phone; #C C puts the phone on the table"
    },
    {
        "Video Name": "47f4c828-f238-459f-91c3-6b221db54c5b",
        "Start Frame": 2640,
        "End Frame": 2760,
        "Caption": "#C C picks up phone from the; #C C picks a phone from the; #C C operates the phone; #C C uses phone ; #C C uses a phone "
    },
    {
        "Video Name": "47f4c828-f238-459f-91c3-6b221db54c5b",
        "Start Frame": 2760,
        "End Frame": 2880,
        "Caption": "#C C types on the; #C C uses laptop; #C C operates the laptop; #C C scrolls the laptop; #C C uses the laptop"
    },
    {
        "Video Name": "47f4c828-f238-459f-91c3-6b221db54c5b",
        "Start Frame": 2880,
        "End Frame": 3000,
        "Caption": "#C C  eats food; #C C picks food from the plate; #C C moves towards the dining table; #C C puts the spoon on the; #C C picks up the plate"
    },
    {
        "Video Name": "47f4c828-f238-459f-91c3-6b221db54c5b",
        "Start Frame": 3000,
        "End Frame": 3120,
        "Caption": "#c c browses on; #C C touches the laptop; #C C operates laptop; #C C operates the laptop; #C C uses laptop "
    },
    {
        "Video Name": "47f4c828-f238-459f-91c3-6b221db54c5b",
        "Start Frame": 3120,
        "End Frame": 3240,
        "Caption": "#C C operates laptop; #C C operates the; #C C operates laptop; #C C operates the; #C C scrolls the"
    },
    {
        "Video Name": "47f4c828-f238-459f-91c3-6b221db54c5b",
        "Start Frame": 3240,
        "End Frame": 3360,
        "Caption": "#C C operates the laptop; #C C uses the laptop; #C C looks at the; #C C operates laptop; #C C looks at the"
    },
    {
        "Video Name": "47f4c828-f238-459f-91c3-6b221db54c5b",
        "Start Frame": 3360,
        "End Frame": 3480,
        "Caption": "#C C walks in the house; #C C walks towards a refrigerator; #C C walks around ; #C C walks around; #C C moves around"
    },
    {
        "Video Name": "47f4c828-f238-459f-91c3-6b221db54c5b",
        "Start Frame": 3480,
        "End Frame": 3600,
        "Caption": "#C C closes the fridge; #C C closes the fridge; #C C closes the fridge; #C C opens a fridge; #C C opens the fridge"
    },
    {
        "Video Name": "47f4c828-f238-459f-91c3-6b221db54c5b",
        "Start Frame": 3600,
        "End Frame": 3720,
        "Caption": "#C C opens the fridge; #C C closes the fridge; #c c closes fridge; #c c opens fridge; #C C takes the bottle of"
    },
    {
        "Video Name": "47f4c828-f238-459f-91c3-6b221db54c5b",
        "Start Frame": 3720,
        "End Frame": 3840,
        "Caption": "#C C walks in the; #C C walks around the; #C C walks around the; #C C walks around; #C C walks around the"
    },
    {
        "Video Name": "47f4c828-f238-459f-91c3-6b221db54c5b",
        "Start Frame": 3840,
        "End Frame": 3960,
        "Caption": "#C C closes the water; #C C closes the bottle; #C C closes the bottle; #C C closes the bottle; #c c opens the bottle"
    },
    {
        "Video Name": "47f4c828-f238-459f-91c3-6b221db54c5b",
        "Start Frame": 3960,
        "End Frame": 4080,
        "Caption": "#C C closes the bottle; #C C closes the bottle ; #C C opens the bottle; #C C closes the bottle with the; #C C opens the bottle"
    },
    {
        "Video Name": "47f4c828-f238-459f-91c3-6b221db54c5b",
        "Start Frame": 4080,
        "End Frame": 4200,
        "Caption": "#C C places the soda on the; #c c closes the bottle of juice; #C C closes the drink; #C C holds the bottle; #C C puts the soda on the"
    },
    {
        "Video Name": "47f4c828-f238-459f-91c3-6b221db54c5b",
        "Start Frame": 4200,
        "End Frame": 4320,
        "Caption": "#C C puts a straw on the plate; #C C places a lid on the plate; #C C picks a spoon from the plate; #C C holds the plate; #C C picks up a plate of food from the table"
    },
    {
        "Video Name": "47f4c828-f238-459f-91c3-6b221db54c5b",
        "Start Frame": 4320,
        "End Frame": 4440,
        "Caption": "#C C operates laptop; #C C operates the laptop; #C C touches the laptop; #C C scrolls on the; #C C uses laptop "
    },
    {
        "Video Name": "47f4c828-f238-459f-91c3-6b221db54c5b",
        "Start Frame": 4440,
        "End Frame": 4560,
        "Caption": "#C C places the knife on the plate; #C C picks the spoon ; #C C  places the fork on the plate; #C C moves a plate of food on the; #C C puts the plate on the table"
    },
    {
        "Video Name": "47f4c828-f238-459f-91c3-6b221db54c5b",
        "Start Frame": 4560,
        "End Frame": 4680,
        "Caption": "#C C picks up a fork; #c c picks a pancake; #c c picks the burger; #c c picks unsure from the; #c c picks unsure"
    },
    {
        "Video Name": "47f4c828-f238-459f-91c3-6b221db54c5b",
        "Start Frame": 4680,
        "End Frame": 4800,
        "Caption": "#C C puts the spoon on the; #C C picks up the spoon; #C C picks the spoon from the; #C C puts spoon in the plate; #C C picks fork"
    },
    {
        "Video Name": "47f4c828-f238-459f-91c3-6b221db54c5b",
        "Start Frame": 4800,
        "End Frame": 4920,
        "Caption": "#C C puts the flat bread on the; #C C places the tortilla on the; #C C puts the food on the plate; #C C picks food from the plate ; #C C puts the food on the plate"
    },
    {
        "Video Name": "47f4c828-f238-459f-91c3-6b221db54c5b",
        "Start Frame": 4920,
        "End Frame": 5040,
        "Caption": "#C C eats food; #C C sits on the; #C C looks at the; #C C holds the plate; #C C stares at the"
    },
    {
        "Video Name": "47f4c828-f238-459f-91c3-6b221db54c5b",
        "Start Frame": 5040,
        "End Frame": 5160,
        "Caption": "#C C operates the laptop; #C C touches the mobile phone; #C C operates the laptop; #C C picks the piece of cake from the; #C C scrolls the laptop"
    },
    {
        "Video Name": "47f4c828-f238-459f-91c3-6b221db54c5b",
        "Start Frame": 5160,
        "End Frame": 5280,
        "Caption": "#C C operates the laptop; #C C operates laptop ; #C C scrolls the laptop; #C C operates a laptop; #C C scrolls the laptop"
    },
    {
        "Video Name": "47f4c828-f238-459f-91c3-6b221db54c5b",
        "Start Frame": 5280,
        "End Frame": 5400,
        "Caption": "#C C scrolls the laptop; #C C operates the laptop; #C C scrolls the laptop; #C C scrolls the laptop; #C C operates the laptop"
    }
]