[
    {
        "Video Name": "48274a18-9691-48e2-8ddd-45018251f81b",
        "Start Frame": 0,
        "End Frame": 120,
        "Caption": "#C C cuts the fruit into pieces ; #C C slices the piece of mango into pieces; #C C slices the cut piece into pieces ; #C C cuts the piece of mango; #C C chops the fruit into pieces "
    },
    {
        "Video Name": "48274a18-9691-48e2-8ddd-45018251f81b",
        "Start Frame": 120,
        "End Frame": 240,
        "Caption": "#C C cuts the piece of mango; #C C slices the mango into pieces ; #C C chops the piece of mango into small pieces; #C C slices the piece of mango into small pieces; #C C chops the chopped mango into small pieces "
    },
    {
        "Video Name": "48274a18-9691-48e2-8ddd-45018251f81b",
        "Start Frame": 240,
        "End Frame": 360,
        "Caption": "#C C cuts the pieces of the fruits; #C C chops the mango into pieces ; #C C cuts the fruit ; #C C cuts the fruit into pieces ; #C C cuts the fruit into small pieces"
    },
    {
        "Video Name": "48274a18-9691-48e2-8ddd-45018251f81b",
        "Start Frame": 360,
        "End Frame": 480,
        "Caption": "#C C pushes the chopped mango aside on the chopping; #C C puts the chopped mango on the chopping board; #C C picks a piece of mango ; #C C puts the cut pieces together; #C C rotates the chopped pieces with the hand"
    },
    {
        "Video Name": "48274a18-9691-48e2-8ddd-45018251f81b",
        "Start Frame": 480,
        "End Frame": 600,
        "Caption": "#C C cuts the fruit with the; #C C chops the fruit; #C C slices the mango ; #C C cuts the piece of mango; #C C slices the piece of mango"
    },
    {
        "Video Name": "48274a18-9691-48e2-8ddd-45018251f81b",
        "Start Frame": 600,
        "End Frame": 720,
        "Caption": "#C C slices fruit; #C C slices the cut fruit into pieces; #C C cuts the piece of fruit into pieces; #C C cuts the  mango with the knife; #C C cuts the piece of mango "
    },
    {
        "Video Name": "48274a18-9691-48e2-8ddd-45018251f81b",
        "Start Frame": 720,
        "End Frame": 840,
        "Caption": "#C C holds a piece of mango ; #C C slices the cut pieces with the knife; #C C chops the chopped pieces into small pieces; #C C cuts the mango into pieces ; #C C slices the fruit"
    },
    {
        "Video Name": "48274a18-9691-48e2-8ddd-45018251f81b",
        "Start Frame": 840,
        "End Frame": 960,
        "Caption": "#C C cuts a piece of mango ; #C C cuts the pieces of mango; #C C slices the piece of mango; #C C cuts the piece of mango with a; #C C slices the mango "
    },
    {
        "Video Name": "48274a18-9691-48e2-8ddd-45018251f81b",
        "Start Frame": 960,
        "End Frame": 1080,
        "Caption": "#C C picks the chopped mangoes; #C C picks a fruit from the chopping board; #C C picks the pieces of fruits from the chopping board; #C C puts the cut pieces together; #C C removes a mango "
    },
    {
        "Video Name": "48274a18-9691-48e2-8ddd-45018251f81b",
        "Start Frame": 1080,
        "End Frame": 1200,
        "Caption": "#C C cuts the mango into pieces; #C C adjusts the pieces of mango; #C C cuts the piece of mango; #C C slices the piece of mango; #C C cuts the fruit into pieces"
    },
    {
        "Video Name": "48274a18-9691-48e2-8ddd-45018251f81b",
        "Start Frame": 1200,
        "End Frame": 1320,
        "Caption": "#C C puts the pieces on the chopping board; #C C puts the pieces of cut pieces on the chopping; #C C cuts the fruit into small pieces ; #C C cuts the piece of mango into pieces; #C C picks a piece of the cut piece "
    },
    {
        "Video Name": "48274a18-9691-48e2-8ddd-45018251f81b",
        "Start Frame": 1320,
        "End Frame": 1440,
        "Caption": "#C C slices the piece of mango; #C C cuts the mango ; #C C cuts the piece of mango ; #C C cuts the piece of mango with a; #C C cuts the piece of the mango "
    },
    {
        "Video Name": "48274a18-9691-48e2-8ddd-45018251f81b",
        "Start Frame": 1440,
        "End Frame": 1560,
        "Caption": "#C C cuts the piece of mango; #C C cuts the piece of mango ; #C C cuts the pieces of mango ; #C C slices the mango on the chopping board with the knife in her right hand; #C C slices the mango"
    },
    {
        "Video Name": "48274a18-9691-48e2-8ddd-45018251f81b",
        "Start Frame": 1560,
        "End Frame": 1680,
        "Caption": "#C C places the pieces of cucumber on the chopping board; #C C cuts the mango ; #C C moves the chopped pieces ; #C C cuts the piece of mango into small pieces ; #C C cuts the piece of mango "
    },
    {
        "Video Name": "48274a18-9691-48e2-8ddd-45018251f81b",
        "Start Frame": 1680,
        "End Frame": 1800,
        "Caption": "#C C picks the chopped mangoes; #C C picks up the pieces of mango; #C C picks up a piece of mango; #C C picks a piece of mango ; #C C picks a piece of mango"
    },
    {
        "Video Name": "48274a18-9691-48e2-8ddd-45018251f81b",
        "Start Frame": 1800,
        "End Frame": 1920,
        "Caption": "#C C cuts the piece of mango ; #C C cuts the pieces of the mango; #C C cuts the piece of cucumber; #C C chops the fruit; #C C adjusts the pieces of mango"
    },
    {
        "Video Name": "48274a18-9691-48e2-8ddd-45018251f81b",
        "Start Frame": 1920,
        "End Frame": 2040,
        "Caption": "#C C cuts the fruit; #C C cuts the piece of mango into pieces ; #C C chops the fruit; #C C chops the fruit; #C C cuts the pieces of the cut fruits into small pieces"
    },
    {
        "Video Name": "48274a18-9691-48e2-8ddd-45018251f81b",
        "Start Frame": 2040,
        "End Frame": 2160,
        "Caption": "#C C cuts a cucumber ; #C C cuts the  piece of mango into smaller pieces; #C C cuts the piece of the mango ; #C C cuts the piece of fruit into small pieces ; #C C cuts the piece of the mango "
    },
    {
        "Video Name": "48274a18-9691-48e2-8ddd-45018251f81b",
        "Start Frame": 2160,
        "End Frame": 2280,
        "Caption": "#C C cuts the piece of mango into pieces; #C C slices the piece of mango ; #C C chops the piece of mango; #C C slices the piece of mango with the; #C C cuts a cucumber "
    },
    {
        "Video Name": "48274a18-9691-48e2-8ddd-45018251f81b",
        "Start Frame": 2280,
        "End Frame": 2400,
        "Caption": "#C C cuts a cucumber ; #C C cuts the mango ; #C C slices the piece of mango; #C C cuts the mango ; #C C chops the fruit"
    },
    {
        "Video Name": "48274a18-9691-48e2-8ddd-45018251f81b",
        "Start Frame": 2400,
        "End Frame": 2520,
        "Caption": "#C C takes the cut pieces of the mango ; #C C gathers the chopped mango on the chopping board with the; #C C puts the chopped pieces on the chopping board ; #C C moves the chopped mango on the chopping board ; #C C collects the pieces of cucumber "
    },
    {
        "Video Name": "48274a18-9691-48e2-8ddd-45018251f81b",
        "Start Frame": 2520,
        "End Frame": 2640,
        "Caption": "#C C pushes the pieces ; #C C pushes the mango ; #C C picks the chopped mango; #C C pushes a cucumber; #C C picks the mango "
    },
    {
        "Video Name": "48274a18-9691-48e2-8ddd-45018251f81b",
        "Start Frame": 2640,
        "End Frame": 2760,
        "Caption": "#C C puts the pieces of mango on the chopping board; #CC puts the diced mango into the plate; #C C puts the chopped mangoes in the cooking pot; #C C puts the pieces of mango on the chopping board; #C C puts the pieces of mango on the chopping board"
    },
    {
        "Video Name": "48274a18-9691-48e2-8ddd-45018251f81b",
        "Start Frame": 2760,
        "End Frame": 2880,
        "Caption": "#C C puts pieces of mango ; #C C puts the cut pieces of mango on the chopping board; #C C puts the pieces of mango in the stainless steel bowl; #C C puts the pieces of mango in the metallic bowl; #C C puts pieces of mango  in a metallic tin"
    },
    {
        "Video Name": "48274a18-9691-48e2-8ddd-45018251f81b",
        "Start Frame": 2880,
        "End Frame": 3000,
        "Caption": "#C C cuts the fruit; #C C chops the fruit; #C C cuts the fruit ; #C C cuts the mango into pieces; #C C cuts a mango "
    },
    {
        "Video Name": "48274a18-9691-48e2-8ddd-45018251f81b",
        "Start Frame": 3000,
        "End Frame": 3120,
        "Caption": "#C C cuts the fruit ; #C C cuts the pieces of mango; #C C cuts the fruit into pieces; #C C chops the fruit; #C C cuts the fruits "
    },
    {
        "Video Name": "48274a18-9691-48e2-8ddd-45018251f81b",
        "Start Frame": 3120,
        "End Frame": 3240,
        "Caption": "#C C cuts the fruit ; #C C chops the fruit; #C C cuts the fruit ; #C C chops the fruit; #C C cuts the cucumber"
    },
    {
        "Video Name": "48274a18-9691-48e2-8ddd-45018251f81b",
        "Start Frame": 3240,
        "End Frame": 3360,
        "Caption": "#C C cuts the cucumber ; #C C cuts the mango ; #C C cuts the fruit; #C C cuts the  fruit ; #C C cuts the mango into pieces"
    },
    {
        "Video Name": "48274a18-9691-48e2-8ddd-45018251f81b",
        "Start Frame": 3360,
        "End Frame": 3480,
        "Caption": "#C C cuts the piece of mango ; #C C cuts the  piece of mango with a; #C C chops the fruit into pieces; #C C cuts the cut pieces of the cucumber; #C C cuts the mango into pieces "
    },
    {
        "Video Name": "48274a18-9691-48e2-8ddd-45018251f81b",
        "Start Frame": 3480,
        "End Frame": 3600,
        "Caption": "#C C cuts the pieces of mango; #C C cuts the fruit into pieces; #C C chops the fruit; #C C cuts the mango; #C C cuts the fruit "
    },
    {
        "Video Name": "48274a18-9691-48e2-8ddd-45018251f81b",
        "Start Frame": 3600,
        "End Frame": 3720,
        "Caption": "#C C cuts the pieces of fruit into; #C C cuts the pieces of mango ; #C C chops the fruit; #C C slices a piece of mango; #C C slices the mango "
    },
    {
        "Video Name": "48274a18-9691-48e2-8ddd-45018251f81b",
        "Start Frame": 3720,
        "End Frame": 3840,
        "Caption": "#C C cuts the piece of the  cut; #C C cuts the mango ; #C C cuts the   piece of ; #C C cuts the piece of mango ; #C C cuts the fruit "
    },
    {
        "Video Name": "48274a18-9691-48e2-8ddd-45018251f81b",
        "Start Frame": 3840,
        "End Frame": 3960,
        "Caption": "#C C slices the mango with the knife; #C C cuts the fruit ; #C C slices the pieces of fruit; #C C cuts the fruit into pieces ; #C C chops the fruit into small pieces"
    },
    {
        "Video Name": "48274a18-9691-48e2-8ddd-45018251f81b",
        "Start Frame": 3960,
        "End Frame": 4080,
        "Caption": "#C C cuts the piece of; #C C cuts the fruit ; #C C cuts the fruit ; #C C cuts the piece of; #C C cuts the pieces of"
    },
    {
        "Video Name": "48274a18-9691-48e2-8ddd-45018251f81b",
        "Start Frame": 4080,
        "End Frame": 4200,
        "Caption": "#C C cuts the piece of mango ; #C C cuts the piece of mango ; #C C cuts the cucumber ; #C C slices the mango into pieces with a; #C C chops the fruit"
    },
    {
        "Video Name": "48274a18-9691-48e2-8ddd-45018251f81b",
        "Start Frame": 4200,
        "End Frame": 4320,
        "Caption": "#C C puts the fruit together; #C C puts the knife on the chopping board; #C C puts the knife down ; #C C puts the mango on the chopping board; #C C drops the fruit on the chopping board"
    },
    {
        "Video Name": "48274a18-9691-48e2-8ddd-45018251f81b",
        "Start Frame": 4320,
        "End Frame": 4440,
        "Caption": "#C C  cuts a piece of mango; #C C cuts the mango into pieces; #C C cuts the piece of mango; #C C cuts the cut pieces of the mango; #C C chops the piece of mango "
    },
    {
        "Video Name": "48274a18-9691-48e2-8ddd-45018251f81b",
        "Start Frame": 4440,
        "End Frame": 4560,
        "Caption": "#C C collects the cut pieces of mango ; #C C rotates the cut pieces ; #C C cuts the   cut piece of  fruit into two; #C C takes the cut pieces of the cut pieces of the cut pieces of the cut pieces of the cut pieces of the cut pieces of the cut pieces of the cut pieces of the cut pieces of the cut pieces of the cut pieces of the cut pieces of the cut pieces of the cut pieces of the cut pieces of the cut pieces of the cut pieces of the cut pieces; #C C puts the cut piece on the chopping board "
    },
    {
        "Video Name": "48274a18-9691-48e2-8ddd-45018251f81b",
        "Start Frame": 4560,
        "End Frame": 4680,
        "Caption": "#C C puts the chopped pieces on the chopping board ; #C C adjusts the pieces of the cut fruits; #C C cuts the piece of the cut fruit with a; #C C cuts the piece of cucumber ; #C C cuts the pieces of cucumber "
    },
    {
        "Video Name": "48274a18-9691-48e2-8ddd-45018251f81b",
        "Start Frame": 4680,
        "End Frame": 4800,
        "Caption": "#C C chops the cut piece into small pieces; #C C cuts the piece of mango with the; #C C cuts the mango; #C C chops the piece of cucumber ; #C C chops the fruit"
    },
    {
        "Video Name": "48274a18-9691-48e2-8ddd-45018251f81b",
        "Start Frame": 4800,
        "End Frame": 4920,
        "Caption": "#C C cuts the piece of mango; #C C cuts the piece of mango; #C C cuts the piece of mango; #C C cuts the fruit; #C C cuts the piece of mango"
    },
    {
        "Video Name": "48274a18-9691-48e2-8ddd-45018251f81b",
        "Start Frame": 4920,
        "End Frame": 5040,
        "Caption": "#C C cuts the piece of mango ; #C C cuts the pieces of mango ; #C C cuts the piece of the cucumber ; #C C cuts the piece of the mango into small pieces; #C C slices the piece of mango into pieces "
    },
    {
        "Video Name": "48274a18-9691-48e2-8ddd-45018251f81b",
        "Start Frame": 5040,
        "End Frame": 5160,
        "Caption": "#C C slices the piece of fruit; #C C cuts the mango ; #C C slices the piece of the mango; #C C chops the fruit; #C C slices the piece of mango "
    },
    {
        "Video Name": "48274a18-9691-48e2-8ddd-45018251f81b",
        "Start Frame": 5160,
        "End Frame": 5280,
        "Caption": "#C C cuts the piece of mango ; #C C removes the cut piece from the; #C C cuts the fruit into pieces; #C C cuts the fruit ; #C C chops the fruit"
    },
    {
        "Video Name": "48274a18-9691-48e2-8ddd-45018251f81b",
        "Start Frame": 5280,
        "End Frame": 5400,
        "Caption": "#C C cuts the pieces into pieces; #C C cuts the mango ; #C C cuts the piece of mango; #C C cuts the pieces of the; #C C cuts the piece of mango"
    }
]