[
    {
        "Video Name": "4b0acb04-e6c9-4eb3-809f-4fe8eb5c41d0",
        "Start Frame": 0,
        "End Frame": 120,
        "Caption": "#C C knits a fabric; #C C crochets with the yarn; #C C crochets the yarn with the crochet; #C C crochets with the yarn; #C C crochets with the yarn"
    },
    {
        "Video Name": "4b0acb04-e6c9-4eb3-809f-4fe8eb5c41d0",
        "Start Frame": 120,
        "End Frame": 240,
        "Caption": "#C C crochets the fabric with the; #C C crochets with the yarn; #C C crochets with the yarn; #C C interlocks the thread using crochet hook; #C C crochets with the yarn"
    },
    {
        "Video Name": "4b0acb04-e6c9-4eb3-809f-4fe8eb5c41d0",
        "Start Frame": 240,
        "End Frame": 360,
        "Caption": "#C C crochets with the yarn; #C C interlocks the thread using crochet; #C C knits with knitting needle; #C C crochets with the yarn; #C C crochets with the yarn"
    },
    {
        "Video Name": "4b0acb04-e6c9-4eb3-809f-4fe8eb5c41d0",
        "Start Frame": 360,
        "End Frame": 480,
        "Caption": "#C C crochets the fabric with yarn; #C C knits the fabric; #C C crochets with the yarn; #C C crochets the piece of cloth; #C C knits the fabric"
    },
    {
        "Video Name": "4b0acb04-e6c9-4eb3-809f-4fe8eb5c41d0",
        "Start Frame": 480,
        "End Frame": 600,
        "Caption": "#C C crochets with the; #C C crochets the fabric; #C C crochets with the; #C C crochets with the; #C C crochets with the"
    },
    {
        "Video Name": "4b0acb04-e6c9-4eb3-809f-4fe8eb5c41d0",
        "Start Frame": 600,
        "End Frame": 720,
        "Caption": "#C C crochets the fabric with the yarn; #C C crochets the fabric with yarn; #C C crochets with the yarn; #C C crochets the fabric with the yarn; #C C interlocks loop of thread using crochet hook"
    },
    {
        "Video Name": "4b0acb04-e6c9-4eb3-809f-4fe8eb5c41d0",
        "Start Frame": 720,
        "End Frame": 840,
        "Caption": "#C C crochets with the yarn; #C C stops knitting the fabric; #C C crochets with the yarn; #C C adjusts the crochet hook; #C C interlocks the thread using crochet hook"
    },
    {
        "Video Name": "4b0acb04-e6c9-4eb3-809f-4fe8eb5c41d0",
        "Start Frame": 840,
        "End Frame": 960,
        "Caption": "#C C crochets with the yarn; #C C crochets with the yarn; #C C crochets with the yarn; #C C interlocks the thread using crochet hook; #C C interlocks loop of thread using crochet"
    },
    {
        "Video Name": "4b0acb04-e6c9-4eb3-809f-4fe8eb5c41d0",
        "Start Frame": 960,
        "End Frame": 1080,
        "Caption": "#C C crochets with the yarn; #C C crochets with the yarn.; #C C knits a fabric; #C C crochets with the yarn; #C C crochets with the yarn"
    },
    {
        "Video Name": "4b0acb04-e6c9-4eb3-809f-4fe8eb5c41d0",
        "Start Frame": 1080,
        "End Frame": 1200,
        "Caption": "#C C crochets with the yarn; #C C crochets the piece of cloth using a yarn and a crochet; #C C knits a fabric; #C C crochets with the yarn; #C C knits with a knit needle"
    },
    {
        "Video Name": "4b0acb04-e6c9-4eb3-809f-4fe8eb5c41d0",
        "Start Frame": 1200,
        "End Frame": 1320,
        "Caption": "#C C knits with her hands and the yarn; #C C crochets the piece of cloth with the crochet; #C C crochets with the yarn; #C C adjusts the crochet with her left hand; #C C adjusts the crochet hook in her left hand"
    },
    {
        "Video Name": "4b0acb04-e6c9-4eb3-809f-4fe8eb5c41d0",
        "Start Frame": 1320,
        "End Frame": 1440,
        "Caption": "#C C crochets the yarn with the crochet; #C C crochets with yarn; #C C crochets the fabric with the yarn; #C C inspects the crochet hook; #C C crochets with yarn"
    },
    {
        "Video Name": "4b0acb04-e6c9-4eb3-809f-4fe8eb5c41d0",
        "Start Frame": 1440,
        "End Frame": 1560,
        "Caption": "#C C counts the holes on the crochet; #C C counts the holes; #C C counts the stiches on the crochet with her right hand; #C C counts the stitches on the fabric; #C C counts the holes on the fabric"
    },
    {
        "Video Name": "4b0acb04-e6c9-4eb3-809f-4fe8eb5c41d0",
        "Start Frame": 1560,
        "End Frame": 1680,
        "Caption": "#C C pulls yarn; #C C adjusts the yarn with her left hand; #C C adjusts the yarn with her left hand; #C C pulls yarn with her left hand; #C C adjusts the yarn with her left hand"
    },
    {
        "Video Name": "4b0acb04-e6c9-4eb3-809f-4fe8eb5c41d0",
        "Start Frame": 1680,
        "End Frame": 1800,
        "Caption": "#C C pulls the yarn ; #C C adjusts the yarn; #C C adjusts the yarn with her left hand; #C C straightens the yarn; #C C adjusts the yarn with her left hand"
    },
    {
        "Video Name": "4b0acb04-e6c9-4eb3-809f-4fe8eb5c41d0",
        "Start Frame": 1800,
        "End Frame": 1920,
        "Caption": "#C C adjusts the yarn; #C C adjusts the yarn; #C C adjusts the yarn; #C C looks at the; #C C checks the fabric"
    },
    {
        "Video Name": "4b0acb04-e6c9-4eb3-809f-4fe8eb5c41d0",
        "Start Frame": 1920,
        "End Frame": 2040,
        "Caption": "#C C adjusts the fabric; #C C adjusts the yarn with her left fingers; #C C crochets the fabric; #C C inspects the crochet; #C C crochets the fabric with a yarn and a crochet"
    },
    {
        "Video Name": "4b0acb04-e6c9-4eb3-809f-4fe8eb5c41d0",
        "Start Frame": 2040,
        "End Frame": 2160,
        "Caption": "#C C crochets the yarn with the crochet; #C C stops to knit; #C C  removes the crochet hook from the yarn; #C C knits the yarn with the knitting pin; #C C adjusts the yarn with her right hand"
    },
    {
        "Video Name": "4b0acb04-e6c9-4eb3-809f-4fe8eb5c41d0",
        "Start Frame": 2160,
        "End Frame": 2280,
        "Caption": "#C C removes a crochet hook from the yarn; #C C puts the yarn through the crochet; #C C untwirls the yarn round her left hand again; #C C hooks the crochet hook to the yarn; #C C adjusts the yarn with both hands."
    },
    {
        "Video Name": "4b0acb04-e6c9-4eb3-809f-4fe8eb5c41d0",
        "Start Frame": 2280,
        "End Frame": 2400,
        "Caption": "#C C removes a yarn on the needle; #C C inserts the crochet hook into the yarn; #C C inserts the crochet hook into the yarn; #C C sews the crotchet thread with the needle; #C C crochets with the yarn"
    },
    {
        "Video Name": "4b0acb04-e6c9-4eb3-809f-4fe8eb5c41d0",
        "Start Frame": 2400,
        "End Frame": 2520,
        "Caption": "#C C crochets with the yarn; #C C crochets the fabric with the; #C C adjusts the yarn on the crochet hook; #C C crochets with the yarn.; #C C adjusts the yarn"
    },
    {
        "Video Name": "4b0acb04-e6c9-4eb3-809f-4fe8eb5c41d0",
        "Start Frame": 2520,
        "End Frame": 2640,
        "Caption": "#C C pulls the yarn; #C C puts the yarn on her left fingers; #C C adjusts the yarn; #C C pulls a yarn; #C C pulls the yarn with her left hand"
    },
    {
        "Video Name": "4b0acb04-e6c9-4eb3-809f-4fe8eb5c41d0",
        "Start Frame": 2640,
        "End Frame": 2760,
        "Caption": "#C C pulls the yarn; #C C adjusts the yarn; #C C pulls the yarn ; #C C straightens the yarn with her left; #C C pulls the yarn with her left hand"
    },
    {
        "Video Name": "4b0acb04-e6c9-4eb3-809f-4fe8eb5c41d0",
        "Start Frame": 2760,
        "End Frame": 2880,
        "Caption": "#C C turns to the left; #C C crochets with the yarn; #C C knits with a crotchet; #C C adjusts the crochet with her right hand; #C C crochets with the yarn"
    },
    {
        "Video Name": "4b0acb04-e6c9-4eb3-809f-4fe8eb5c41d0",
        "Start Frame": 2880,
        "End Frame": 3000,
        "Caption": "#C C crochets the yarn with the crochet; #C C crochets with the yarn; #C C knits a fabric; #C C crochets the fabric with the yarn; #C C knits the fabric"
    },
    {
        "Video Name": "4b0acb04-e6c9-4eb3-809f-4fe8eb5c41d0",
        "Start Frame": 3000,
        "End Frame": 3120,
        "Caption": "#C C checks on the; #C C checks the fabric; #C C checks the stitch; #C C looks at the; #C C checks the garment"
    },
    {
        "Video Name": "4b0acb04-e6c9-4eb3-809f-4fe8eb5c41d0",
        "Start Frame": 3120,
        "End Frame": 3240,
        "Caption": "#C C crochets with the yarn; #C C crochets with the yarn; #C C knits the fabric with a yarn and a crochet; #C C interlocks the thread using crochet hook; #C C crochets with the yarn"
    },
    {
        "Video Name": "4b0acb04-e6c9-4eb3-809f-4fe8eb5c41d0",
        "Start Frame": 3240,
        "End Frame": 3360,
        "Caption": "#C C crochets with the; #C C knits a fabric; #C C crochets with the; #C C crochets with the; #C C crochets with the"
    },
    {
        "Video Name": "4b0acb04-e6c9-4eb3-809f-4fe8eb5c41d0",
        "Start Frame": 3360,
        "End Frame": 3480,
        "Caption": "#C C crochets the fabric with yarn and the crochet; #C C crochets with the yarn; #C C crochets the fabric with the yarn; #C C knits a fabric; #C C knits the fabric"
    },
    {
        "Video Name": "4b0acb04-e6c9-4eb3-809f-4fe8eb5c41d0",
        "Start Frame": 3480,
        "End Frame": 3600,
        "Caption": "#C C crochets the fabric with the yarn and the crochet; #C C crochets with the yarn; #C C knits a fabric; #C C crochets with the yarn; #C C crochets with the yarn"
    },
    {
        "Video Name": "4b0acb04-e6c9-4eb3-809f-4fe8eb5c41d0",
        "Start Frame": 3600,
        "End Frame": 3720,
        "Caption": "#C C knits the fabric. ; #C C crochets the fabric with the yarn.; #C C knits with a crotchet hook; #C C knits the fabric.; #C C crochets with the yarn"
    },
    {
        "Video Name": "4b0acb04-e6c9-4eb3-809f-4fe8eb5c41d0",
        "Start Frame": 3720,
        "End Frame": 3840,
        "Caption": "#C C crochets the fabric with the yarn; #C C crochets the fabric with the yarn and the crochet; #C C crochets the fabric with the yarn and the crochet; #C C crochets the yarn with the crochet hook; #C C crochets the fabric with yarn and the crochet hook"
    },
    {
        "Video Name": "4b0acb04-e6c9-4eb3-809f-4fe8eb5c41d0",
        "Start Frame": 3840,
        "End Frame": 3960,
        "Caption": "#C C crochets the fabric with the yarn.; #C C crochets the fabric with a yarn; #C C crochets with the yarn.; #C C crochets with the yarn; #C C knits a fabric"
    },
    {
        "Video Name": "4b0acb04-e6c9-4eb3-809f-4fe8eb5c41d0",
        "Start Frame": 3960,
        "End Frame": 4080,
        "Caption": "#C C crochets with the; #C C continues crocheting ; #C C crochets with the; #C C knits a fabric; #C C crochets with the"
    },
    {
        "Video Name": "4b0acb04-e6c9-4eb3-809f-4fe8eb5c41d0",
        "Start Frame": 4080,
        "End Frame": 4200,
        "Caption": "#C C crochets the fabric with yarn and the crochet; #C C crochets with the yarn; #C C crochets with the yarn; #C C knits with yarn and the crochet hook; #C C knits with a yarn and a crochet hook"
    },
    {
        "Video Name": "4b0acb04-e6c9-4eb3-809f-4fe8eb5c41d0",
        "Start Frame": 4200,
        "End Frame": 4320,
        "Caption": "#C C checks the fabric.; #C C stretches the fabric; #C C adjusts the crochet with her right hand; #C C looks at the fabric; #C C adjusts the crochet with her right hand"
    },
    {
        "Video Name": "4b0acb04-e6c9-4eb3-809f-4fe8eb5c41d0",
        "Start Frame": 4320,
        "End Frame": 4440,
        "Caption": "#C C picks a needle from the table with her right; #C C straightens out the thread; #C C picks the needle; #C C picks the needle; #C C pulls the yarn"
    },
    {
        "Video Name": "4b0acb04-e6c9-4eb3-809f-4fe8eb5c41d0",
        "Start Frame": 4440,
        "End Frame": 4560,
        "Caption": "#C C picks the yarn on top of the; #C C picks up the yarn from the table; #C C picks the yarn; #C C drops the yarn on the table; #C C picks up a thread"
    },
    {
        "Video Name": "4b0acb04-e6c9-4eb3-809f-4fe8eb5c41d0",
        "Start Frame": 4560,
        "End Frame": 4680,
        "Caption": "#C C drops the thread; #C C puts the scissors on the table; #C C unrolls the yarn; #C C pulls the yarn with her right hand; #C C places the scissors on the table with her right"
    },
    {
        "Video Name": "4b0acb04-e6c9-4eb3-809f-4fe8eb5c41d0",
        "Start Frame": 4680,
        "End Frame": 4800,
        "Caption": "#C C picks up the yarn from the table with her left hand; #C C drops the bundle of yarn on the table with her right hand; #C C lifts the yarn; #C C passes the yarn bundle from her left hand to her right hand; #C C pulls the yarn with her left hand"
    },
    {
        "Video Name": "4b0acb04-e6c9-4eb3-809f-4fe8eb5c41d0",
        "Start Frame": 4800,
        "End Frame": 4920,
        "Caption": "#C C pulls the yarn with her right hand; #C C drops the yarn on the table.; #C C drops the yarn on the table with her right; #C C drops the yarn on the table; #C C drops the yarn on the table"
    },
    {
        "Video Name": "4b0acb04-e6c9-4eb3-809f-4fe8eb5c41d0",
        "Start Frame": 4920,
        "End Frame": 5040,
        "Caption": "#C C pulls the yarn with her right hand; #C C picks up a yarn on a table with her right; #C C picks a yarn from the table; #C C pulls the yarn; #C C stretches out her right hand."
    },
    {
        "Video Name": "4b0acb04-e6c9-4eb3-809f-4fe8eb5c41d0",
        "Start Frame": 5040,
        "End Frame": 5160,
        "Caption": "#C C removes the yarn from the crochet with her right; #C C stretches the yarn with her right hand; #C C stretches out the yarn with her right hand; #C C adjusts the yarn with her left hand; #C C pulls out more yarn from the ball of yarn"
    },
    {
        "Video Name": "4b0acb04-e6c9-4eb3-809f-4fe8eb5c41d0",
        "Start Frame": 5160,
        "End Frame": 5280,
        "Caption": "#C C adjusts the yarn with her right; #C C straightens the yarn; #C C drops the yarn on the table; #C C adjusts the yarn with her left; #C C pulls the yarn with her right"
    },
    {
        "Video Name": "4b0acb04-e6c9-4eb3-809f-4fe8eb5c41d0",
        "Start Frame": 5280,
        "End Frame": 5400,
        "Caption": "#C C pulls the yarn with her left; #C C picks up the crochet hook; #C C picks a yarn; #C C picks a yarn from the table; #C C picks up the scissors"
    }
]