[
    {
        "Video Name": "4b7495f1-e2c2-4d69-bbf4-c2dabeb5e634",
        "Start Frame": 0,
        "End Frame": 120,
        "Caption": "#C C looks; #C C looks; #C C adjusts; #C C adjusts; #C C looks"
    },
    {
        "Video Name": "4b7495f1-e2c2-4d69-bbf4-c2dabeb5e634",
        "Start Frame": 120,
        "End Frame": 240,
        "Caption": "#C C adjusts camera; #C C holds his knee; #C C looks around; #C C puts his hand; #C C adjusts camera"
    },
    {
        "Video Name": "4b7495f1-e2c2-4d69-bbf4-c2dabeb5e634",
        "Start Frame": 240,
        "End Frame": 360,
        "Caption": "#C C takes the angle gr; #C C moves the metal gr; #C C picks the angle gr; #C C picks the metal pol; #C C picks the angle gr"
    },
    {
        "Video Name": "4b7495f1-e2c2-4d69-bbf4-c2dabeb5e634",
        "Start Frame": 360,
        "End Frame": 480,
        "Caption": "#C C holds the angle gr; #C C holds the metal; #C C holds the metal; #C C polishes metal bar; #C C turns the metal"
    },
    {
        "Video Name": "4b7495f1-e2c2-4d69-bbf4-c2dabeb5e634",
        "Start Frame": 480,
        "End Frame": 600,
        "Caption": "#C C grinds the; #C C grinds the; #C C polishes metal; #C C polishes the; #C C grinds the"
    },
    {
        "Video Name": "4b7495f1-e2c2-4d69-bbf4-c2dabeb5e634",
        "Start Frame": 600,
        "End Frame": 720,
        "Caption": "#C C polishes the; #C C polishes the; #C C polishes the; #C C holds the metal; #C C grinds the"
    },
    {
        "Video Name": "4b7495f1-e2c2-4d69-bbf4-c2dabeb5e634",
        "Start Frame": 720,
        "End Frame": 840,
        "Caption": "#C C polishes the metal; #C C polishes the metal; #C C holds the metal with the left hand; #C C polishes the metal; #C C smoothens the metal bar with the gr"
    },
    {
        "Video Name": "4b7495f1-e2c2-4d69-bbf4-c2dabeb5e634",
        "Start Frame": 840,
        "End Frame": 960,
        "Caption": "#C C grinds the metal; #C C holds the metal rod with the left; #C C holds the metal; #C C holds the metal; #C C holds the grinder"
    },
    {
        "Video Name": "4b7495f1-e2c2-4d69-bbf4-c2dabeb5e634",
        "Start Frame": 960,
        "End Frame": 1080,
        "Caption": "#C C grinds the metal; #C C polishes the metal; #C C holds the metal; #C C  smoothens metal rod with the gr; #C C grinds the metal "
    },
    {
        "Video Name": "4b7495f1-e2c2-4d69-bbf4-c2dabeb5e634",
        "Start Frame": 1080,
        "End Frame": 1200,
        "Caption": "#C C polishes the metal with the angle grinder; #C C grinds the metal ; #C C smoothens the metal rod with the sandpaper machine; #C C grinds the metal rod with the grinder; #C C smoothens the metal rod with the grinder"
    },
    {
        "Video Name": "4b7495f1-e2c2-4d69-bbf4-c2dabeb5e634",
        "Start Frame": 1200,
        "End Frame": 1320,
        "Caption": "#C C polishes the metal with the angle grinder; #C C grinds the metal; #C C polishes the metal; #C C grinds the metal bar using a grinder machine; #C C grinds the rod with the grinder"
    },
    {
        "Video Name": "4b7495f1-e2c2-4d69-bbf4-c2dabeb5e634",
        "Start Frame": 1320,
        "End Frame": 1440,
        "Caption": "#C C grinds the; #C C grinds the; #C C turns the metal; #C C grinds the; #C C polishes the"
    },
    {
        "Video Name": "4b7495f1-e2c2-4d69-bbf4-c2dabeb5e634",
        "Start Frame": 1440,
        "End Frame": 1560,
        "Caption": "#C C holds the metal; #C C smoothens the metal rod with the sandpaper machine in his right; #C C holds the metal rod with his left hand.; #C C grinds the metal; #C C holds the metal rod"
    },
    {
        "Video Name": "4b7495f1-e2c2-4d69-bbf4-c2dabeb5e634",
        "Start Frame": 1560,
        "End Frame": 1680,
        "Caption": "#C C adjusts the metal; #C C polishes the metal; #C C grinds the metal; #C C polishes the metal; #C C grinds the metal rod with the gr"
    },
    {
        "Video Name": "4b7495f1-e2c2-4d69-bbf4-c2dabeb5e634",
        "Start Frame": 1680,
        "End Frame": 1800,
        "Caption": "#C C sands the metal; #C C polishes the metal; #C C smoothens the metal rod using the grinder; #C C smoothens the metal pipe in his left hand with the angle grinder in his right hand; #C C polishes the metal"
    },
    {
        "Video Name": "4b7495f1-e2c2-4d69-bbf4-c2dabeb5e634",
        "Start Frame": 1800,
        "End Frame": 1920,
        "Caption": "#C C smoothens the metal rod with the gr; #C C grinds the metal; #C C polishes the metal; #C C holds the metal; #C C holds the metal"
    },
    {
        "Video Name": "4b7495f1-e2c2-4d69-bbf4-c2dabeb5e634",
        "Start Frame": 1920,
        "End Frame": 2040,
        "Caption": "#C C smoothens the metal with the grinder; #C C polishes the metal; #C C polishes the metal with the angle grinder; #C C polishes the metal; #C C holds the metal"
    },
    {
        "Video Name": "4b7495f1-e2c2-4d69-bbf4-c2dabeb5e634",
        "Start Frame": 2040,
        "End Frame": 2160,
        "Caption": "#C C adjusts the angle grinder; #C C holds the angle grinder; #C C grinds the metal rod with the grinder; #C C grinds the metal; #C C holds the angle grinder with his right hand"
    },
    {
        "Video Name": "4b7495f1-e2c2-4d69-bbf4-c2dabeb5e634",
        "Start Frame": 2160,
        "End Frame": 2280,
        "Caption": "#C C holds the metal; #C C holds the metal; #C C holds metal with the right hand ; #C C turns the metal rod; #C C holds the metal rod with the left"
    },
    {
        "Video Name": "4b7495f1-e2c2-4d69-bbf4-c2dabeb5e634",
        "Start Frame": 2280,
        "End Frame": 2400,
        "Caption": "#C C polishes metal; #C C polishes the; #C C holds the metal; #C C polishes the; #C C holds the metal"
    },
    {
        "Video Name": "4b7495f1-e2c2-4d69-bbf4-c2dabeb5e634",
        "Start Frame": 2400,
        "End Frame": 2520,
        "Caption": "#C C holds the metal; #C C grinds the metal; #C C holds the metal; #C C holds the metal; #C C smoothens the metal rod with the gr"
    },
    {
        "Video Name": "4b7495f1-e2c2-4d69-bbf4-c2dabeb5e634",
        "Start Frame": 2520,
        "End Frame": 2640,
        "Caption": "#C C smoothens the metal rod with the gr; #C C holds the metal; #C C grinds the metal; #C C polishes the metal; #C C holds the metal"
    },
    {
        "Video Name": "4b7495f1-e2c2-4d69-bbf4-c2dabeb5e634",
        "Start Frame": 2640,
        "End Frame": 2760,
        "Caption": "#C C moves the metal; #C C polishes the; #C C holds the metal; #C C polishes the; #C C holds the metal"
    },
    {
        "Video Name": "4b7495f1-e2c2-4d69-bbf4-c2dabeb5e634",
        "Start Frame": 2760,
        "End Frame": 2880,
        "Caption": "#C C polishes the; #C C polishes the; #C C holds the metal; #C C polishes the; #C C smoothens the"
    },
    {
        "Video Name": "4b7495f1-e2c2-4d69-bbf4-c2dabeb5e634",
        "Start Frame": 2880,
        "End Frame": 3000,
        "Caption": "#C C puts the grinder on the floor; #C C polishes the metal; #C C adjusts the angle grinder with his right hand; #C C holds the metal; #C C adjusts the metal"
    },
    {
        "Video Name": "4b7495f1-e2c2-4d69-bbf4-c2dabeb5e634",
        "Start Frame": 3000,
        "End Frame": 3120,
        "Caption": "#C C picks the polishing compound; #C C picks the sponge; #C C holds the polishing compound with his left hand; #C C picks a sponge; #C C picks the sponge"
    },
    {
        "Video Name": "4b7495f1-e2c2-4d69-bbf4-c2dabeb5e634",
        "Start Frame": 3120,
        "End Frame": 3240,
        "Caption": "#C C holds the rod; #C C puts the sponge on the floor; #C C holds the metal; #C C holds the metal with the left; #C C cleans the steel rod with the"
    },
    {
        "Video Name": "4b7495f1-e2c2-4d69-bbf4-c2dabeb5e634",
        "Start Frame": 3240,
        "End Frame": 3360,
        "Caption": "#C C puts the polishing machine down; #C C puts the metal down; #C C puts the metal down; #C C puts down the sponge; #C C puts the polishing compound on the"
    },
    {
        "Video Name": "4b7495f1-e2c2-4d69-bbf4-c2dabeb5e634",
        "Start Frame": 3360,
        "End Frame": 3480,
        "Caption": "#C C looks around; #C C looks around ; #C C looks around the; #C C looks around; #C C looks around"
    },
    {
        "Video Name": "4b7495f1-e2c2-4d69-bbf4-c2dabeb5e634",
        "Start Frame": 3480,
        "End Frame": 3600,
        "Caption": "#C C holds the metal; #C C moves the metal; #C C holds the metal; #C C moves the metal; #C C moves the metal"
    },
    {
        "Video Name": "4b7495f1-e2c2-4d69-bbf4-c2dabeb5e634",
        "Start Frame": 3600,
        "End Frame": 3720,
        "Caption": "#C C looks around; #C C looks around ; #C C puts the metal down; #C C looks around ; #C C moves the right hand"
    },
    {
        "Video Name": "4b7495f1-e2c2-4d69-bbf4-c2dabeb5e634",
        "Start Frame": 3720,
        "End Frame": 3840,
        "Caption": "#C C polishes the metal; #C C grinds the metal rod with the gr; #C C polishes the metal ; #C C smoothens the metal with the grinder; #C C smoothens the metal with the grinder"
    },
    {
        "Video Name": "4b7495f1-e2c2-4d69-bbf4-c2dabeb5e634",
        "Start Frame": 3840,
        "End Frame": 3960,
        "Caption": "#C C grinds the; #C C polishes metal; #C C polishes the; #C C smoothens the; #C C grinds the"
    },
    {
        "Video Name": "4b7495f1-e2c2-4d69-bbf4-c2dabeb5e634",
        "Start Frame": 3960,
        "End Frame": 4080,
        "Caption": "#C C polishes the stainless steel balustrade with the angle grinder; #C C holds the metal; #C C grinds the metal; #C C smoothens the stainless steel balustrade with the angle grinder in his right hand; #C C polishes the metal"
    },
    {
        "Video Name": "4b7495f1-e2c2-4d69-bbf4-c2dabeb5e634",
        "Start Frame": 4080,
        "End Frame": 4200,
        "Caption": "#C C grinds the metal; #C C polishes the metal; #C C grinds the metal; #C C polishes the metal; #C C holds the metal with the left"
    },
    {
        "Video Name": "4b7495f1-e2c2-4d69-bbf4-c2dabeb5e634",
        "Start Frame": 4200,
        "End Frame": 4320,
        "Caption": "#C C grinds the metal rod with the gr; #C C smoothens the metal; #C C holds the metal; #C C polishes the metal; #C C polishes the metal"
    },
    {
        "Video Name": "4b7495f1-e2c2-4d69-bbf4-c2dabeb5e634",
        "Start Frame": 4320,
        "End Frame": 4440,
        "Caption": "#C C polishes the metal; #C C grinds the metal; #C C grinds the metal; #C C polishes the metal ; #C C smoothens the metal rod with the angle gr"
    },
    {
        "Video Name": "4b7495f1-e2c2-4d69-bbf4-c2dabeb5e634",
        "Start Frame": 4440,
        "End Frame": 4560,
        "Caption": "#C C holds the metal; #C C moves his left hand on the stainless steel baluster; #C C holds the metal with the left hand; #C C polishes the metal; #C C grinds the metal with the grinder"
    },
    {
        "Video Name": "4b7495f1-e2c2-4d69-bbf4-c2dabeb5e634",
        "Start Frame": 4560,
        "End Frame": 4680,
        "Caption": "#C C polishes the metal; #C C polishes the metal; #C C smoothens the metal with the grinder; #C C holds the metal; #C C smoothens the metal rod using the gr"
    },
    {
        "Video Name": "4b7495f1-e2c2-4d69-bbf4-c2dabeb5e634",
        "Start Frame": 4680,
        "End Frame": 4800,
        "Caption": "#C C polishes the metal; #C C smoothens the metal; #C C holds the metal; #C C grinds the metal; #C C grinds the metal"
    },
    {
        "Video Name": "4b7495f1-e2c2-4d69-bbf4-c2dabeb5e634",
        "Start Frame": 4800,
        "End Frame": 4920,
        "Caption": "#C C grinds the metal ; #C C polishes the metal; #C C holds the angle grinder with both; #C C holds the angle grinder; #C C holds the steel"
    },
    {
        "Video Name": "4b7495f1-e2c2-4d69-bbf4-c2dabeb5e634",
        "Start Frame": 4920,
        "End Frame": 5040,
        "Caption": "#C C polishes the metal; #C C polishes the steel with the angle gr; #C C holds the metal; #C C polishes the metal; #C C polishes the metal"
    },
    {
        "Video Name": "4b7495f1-e2c2-4d69-bbf4-c2dabeb5e634",
        "Start Frame": 5040,
        "End Frame": 5160,
        "Caption": "#C C grinds the; #C C polishes the; #C C holds the metal; #C C holds the metal; #C C polishes the"
    },
    {
        "Video Name": "4b7495f1-e2c2-4d69-bbf4-c2dabeb5e634",
        "Start Frame": 5160,
        "End Frame": 5280,
        "Caption": "#C C polishes the; #C C grinds the; #C C grinds the; #C C polishes the; #C C grinds the"
    },
    {
        "Video Name": "4b7495f1-e2c2-4d69-bbf4-c2dabeb5e634",
        "Start Frame": 5280,
        "End Frame": 5400,
        "Caption": "#C C grinds the metal; #C C holds the metal with the left; #C C holds the metal; #C C holds the metal; #C C holds the metal "
    }
]