[
    {
        "Video Name": "4c6290c6-bc98-4c95-b63b-03886849fb57",
        "Start Frame": 0,
        "End Frame": 120,
        "Caption": "#C C walks in the kitchen; #C C walks in the kitchen; #C C walks to the kitchen; #C C walks to the sink; #C C walks in the kitchen"
    },
    {
        "Video Name": "4c6290c6-bc98-4c95-b63b-03886849fb57",
        "Start Frame": 120,
        "End Frame": 240,
        "Caption": "#C C closes the washing machine door; #C C puts the piece of cloth in the washing; #c c presses the washing machine; #C C puts the cloth in the washing machine; #C C pours the detergent in the washing"
    },
    {
        "Video Name": "4c6290c6-bc98-4c95-b63b-03886849fb57",
        "Start Frame": 240,
        "End Frame": 360,
        "Caption": "#C C removes cloths from the dry cleaner; #C C removes clothes from the washing machine ; #C C removes clothes from the washing machine.; #C C takes the clothes from the machine; #C C removes clothes from washing machine"
    },
    {
        "Video Name": "4c6290c6-bc98-4c95-b63b-03886849fb57",
        "Start Frame": 360,
        "End Frame": 480,
        "Caption": "#C C opens the washing machine; #C C closes the washing machine; #C C closes the washing machine; #C C closes the washing machine; #C C opens the washing machine"
    },
    {
        "Video Name": "4c6290c6-bc98-4c95-b63b-03886849fb57",
        "Start Frame": 480,
        "End Frame": 600,
        "Caption": "#C C picks clothes from the floor; #C C picks clothes from the washing machine ; #C C picks clothes from the floor ; #C C picks up the clothes from the floor; #C C removes cloths from the washing machine"
    },
    {
        "Video Name": "4c6290c6-bc98-4c95-b63b-03886849fb57",
        "Start Frame": 600,
        "End Frame": 720,
        "Caption": "#C C puts the clothes on the floor; #C C puts the clothes on the floor; #C C puts the socks on the floor; #C C puts clothes on the floor; #C C arranges the clothes on the"
    },
    {
        "Video Name": "4c6290c6-bc98-4c95-b63b-03886849fb57",
        "Start Frame": 720,
        "End Frame": 840,
        "Caption": "#C C folds the clothes; #C C holds clothes; #C C picks up the clothes; #C C puts the cloths on the clothes; #C C unfolds the clothes."
    },
    {
        "Video Name": "4c6290c6-bc98-4c95-b63b-03886849fb57",
        "Start Frame": 840,
        "End Frame": 960,
        "Caption": "#C C turns the cloth in her hands; #C C folds the cloth; #C C removes the cloth from the washing; #C C folds the cloth; #C C folds the cloth"
    },
    {
        "Video Name": "4c6290c6-bc98-4c95-b63b-03886849fb57",
        "Start Frame": 960,
        "End Frame": 1080,
        "Caption": "#C C adjusts the cloth; #C C holds a cloth; #C C puts on the; #C C folds the cloth; #C C adjusts the cloth"
    },
    {
        "Video Name": "4c6290c6-bc98-4c95-b63b-03886849fb57",
        "Start Frame": 1080,
        "End Frame": 1200,
        "Caption": "#C C checks the cloth; #C C looks at the; #C C looks at the; #C C ties the cloth; #C C folds the cloth"
    },
    {
        "Video Name": "4c6290c6-bc98-4c95-b63b-03886849fb57",
        "Start Frame": 1200,
        "End Frame": 1320,
        "Caption": "#C C holds the cloth; #C C puts the cloths in the washing machine; #C C removes a cloth from the washing machine.; #C C hangs the cloth in the washing machine; #C C hangs the cloth on the washing machine"
    },
    {
        "Video Name": "4c6290c6-bc98-4c95-b63b-03886849fb57",
        "Start Frame": 1320,
        "End Frame": 1440,
        "Caption": "#C C puts the cloth in the laundry machine; #C C puts the cloth in the dry cleaner; #C C puts clothes in the laundry machine ; #C C puts clothes in the washing machine; #C C puts clothes in the washing machine"
    },
    {
        "Video Name": "4c6290c6-bc98-4c95-b63b-03886849fb57",
        "Start Frame": 1440,
        "End Frame": 1560,
        "Caption": "#C C picks clothes ; #C C picks up the; #C C picks up the; #C C picks up a; #C C takes a cloth"
    },
    {
        "Video Name": "4c6290c6-bc98-4c95-b63b-03886849fb57",
        "Start Frame": 1560,
        "End Frame": 1680,
        "Caption": "#C C looks around the; #C C walks around the; #C C walks in the; #C C walks in the; #C C walks around"
    },
    {
        "Video Name": "4c6290c6-bc98-4c95-b63b-03886849fb57",
        "Start Frame": 1680,
        "End Frame": 1800,
        "Caption": "#C C picks the cloth from the cloth drying; #C C hangs the cloth on the cloth stand; #C C hangs the cloth on the cloth rack; #C C hangs the cloth on the rack; #C C hangs the cloth"
    },
    {
        "Video Name": "4c6290c6-bc98-4c95-b63b-03886849fb57",
        "Start Frame": 1800,
        "End Frame": 1920,
        "Caption": "#C C hangs the cloth; #C C hangs the cloth on the hanger; #C C hangs the cloth; #C C hangs the cloth on the hanger; #C C hangs the cloth on the hanger"
    },
    {
        "Video Name": "4c6290c6-bc98-4c95-b63b-03886849fb57",
        "Start Frame": 1920,
        "End Frame": 2040,
        "Caption": "#C C hangs the clothe on the clothes; #C C hangs the clothe on the cloth; #C C hangs the cloth on the rack; #C C hangs the cloth on the cloth line; #C C hangs the cloth on the rack"
    },
    {
        "Video Name": "4c6290c6-bc98-4c95-b63b-03886849fb57",
        "Start Frame": 2040,
        "End Frame": 2160,
        "Caption": "#C C folds the cloth.; #C C hangs the cloth on the rack.; #C C hangs the cloth on the rack; #C C hangs the cloth on the rack; #C C puts the cloth on the hanger"
    },
    {
        "Video Name": "4c6290c6-bc98-4c95-b63b-03886849fb57",
        "Start Frame": 2160,
        "End Frame": 2280,
        "Caption": "#C C hangs the cloth on the cloth line; #C C hangs cloth on the cloth line; #C C hangs the cloth on the cloth rack; #C C hangs clothes on the cloth rack; #C C hangs the cloth on the cloth line"
    },
    {
        "Video Name": "4c6290c6-bc98-4c95-b63b-03886849fb57",
        "Start Frame": 2280,
        "End Frame": 2400,
        "Caption": "#C C hangs the cloth on the cloth line; #C C hangs the cloth on the rack; #C C hangs the cloth; #c c hangs the cloth; #C C hangs the clothe on the h"
    },
    {
        "Video Name": "4c6290c6-bc98-4c95-b63b-03886849fb57",
        "Start Frame": 2400,
        "End Frame": 2520,
        "Caption": "#C C moves around the room; #C C puts the cloths in the washing; #C C walks in the room.; #C C walks around the room; #C C walks around the room"
    },
    {
        "Video Name": "4c6290c6-bc98-4c95-b63b-03886849fb57",
        "Start Frame": 2520,
        "End Frame": 2640,
        "Caption": "#C C removes the cloths from the washing; #C C removes clothes from the washing machine; #C C takes out a cloth from the machine; #C C removes the cloths from the machine; #C C removes the clothes from the washing machine"
    },
    {
        "Video Name": "4c6290c6-bc98-4c95-b63b-03886849fb57",
        "Start Frame": 2640,
        "End Frame": 2760,
        "Caption": "#C C picks a trouser from the floor; #C C removes the cloth from the washing machine; #C C removes socks from the laundry basket; #C C removes the t-shirt from the washing; #C C picks up a trouser"
    },
    {
        "Video Name": "4c6290c6-bc98-4c95-b63b-03886849fb57",
        "Start Frame": 2760,
        "End Frame": 2880,
        "Caption": "#C C puts the cloths in the washing; #C C puts the cloths in the washing; #C C removes the cloth from the washing machine; #C C takes out clothes from the washing machine; #C C puts the cloth in the washing machine"
    },
    {
        "Video Name": "4c6290c6-bc98-4c95-b63b-03886849fb57",
        "Start Frame": 2880,
        "End Frame": 3000,
        "Caption": "#C C removes clothes from the washing machine; #C C puts the cloth inside the washing; #C C removes clothes from the washing machine; #C C picks clothes from the laundry machine; #C C removes a cloth from the washing"
    },
    {
        "Video Name": "4c6290c6-bc98-4c95-b63b-03886849fb57",
        "Start Frame": 3000,
        "End Frame": 3120,
        "Caption": "#c c picks cloth; #C C picks cloths from the floor; #C C picks up a trouser; #C C picks a cloth; #C C removes the cloth from the washing"
    },
    {
        "Video Name": "4c6290c6-bc98-4c95-b63b-03886849fb57",
        "Start Frame": 3120,
        "End Frame": 3240,
        "Caption": "#C C takes out clothes from the fridge; #C C puts the bottle in the machine; #C C takes out clothes from the fridge; #C C picks the clothes from the machine; #C C puts the cloth in the fridge"
    },
    {
        "Video Name": "4c6290c6-bc98-4c95-b63b-03886849fb57",
        "Start Frame": 3240,
        "End Frame": 3360,
        "Caption": "#C C hangs the cloth; #C C folds a cloth; #C C folds the cloth ; #C C hangs the cloth on the h; #C C removes the cloth"
    },
    {
        "Video Name": "4c6290c6-bc98-4c95-b63b-03886849fb57",
        "Start Frame": 3360,
        "End Frame": 3480,
        "Caption": "#C C looks around the room; #C C walks around; #C C walks around; #C C walks in the house; #C C walks around the house"
    },
    {
        "Video Name": "4c6290c6-bc98-4c95-b63b-03886849fb57",
        "Start Frame": 3480,
        "End Frame": 3600,
        "Caption": "#C C hangs the cloth on the cloth stand ; #C C hangs the cloth on the cloth line; #C C hangs the cloth on the rack; #C C hangs the cloth on the cloth line; #C C hangs the clothe on the clothe"
    },
    {
        "Video Name": "4c6290c6-bc98-4c95-b63b-03886849fb57",
        "Start Frame": 3600,
        "End Frame": 3720,
        "Caption": "#C C puts the cloth on the hanger; #C C picks a cloth; #C C picks a cloth; #C C picks a cloth; #C C picks a clothe from the cloth"
    },
    {
        "Video Name": "4c6290c6-bc98-4c95-b63b-03886849fb57",
        "Start Frame": 3720,
        "End Frame": 3840,
        "Caption": "#C C hangs the cloth on the cloth rack; #C C hangs the cloth; #C C hangs the clothe on the cloth; #C C hangs the cloth on the cloth stand; #C C picks a cloth from the cloth line"
    },
    {
        "Video Name": "4c6290c6-bc98-4c95-b63b-03886849fb57",
        "Start Frame": 3840,
        "End Frame": 3960,
        "Caption": "#C C hangs the cloth on the cloth stand; #C C hangs the cloth on the rack; #C C hangs the cloth on the cloth line; #C C hangs the cloth on the cloth line; #C C picks a cloth from the cloth line"
    },
    {
        "Video Name": "4c6290c6-bc98-4c95-b63b-03886849fb57",
        "Start Frame": 3960,
        "End Frame": 4080,
        "Caption": "#C C hangs the cloth on the rack; #C C hangs the cloth on the rack; #C C puts the cloth on the cloth line; #C C hangs the cloth on the cloth stand; #C C hangs the cloth on the rack"
    },
    {
        "Video Name": "4c6290c6-bc98-4c95-b63b-03886849fb57",
        "Start Frame": 4080,
        "End Frame": 4200,
        "Caption": "#C C hangs the cloth; #C C hangs the clothes on the clothes rack; #C C hangs the clothe on the rack; #C C hangs the cloth on the cloth rack; #C C picks a clothe"
    },
    {
        "Video Name": "4c6290c6-bc98-4c95-b63b-03886849fb57",
        "Start Frame": 4200,
        "End Frame": 4320,
        "Caption": "#C C hangs the clothe on the cloth; #C C hangs the socks on the cloth stand; #C C hangs the cloth.; #C C hangs the cloth; #C C hangs the cloth on the cloth rack"
    },
    {
        "Video Name": "4c6290c6-bc98-4c95-b63b-03886849fb57",
        "Start Frame": 4320,
        "End Frame": 4440,
        "Caption": "#C C walks around the room; #C C walks towards the kitchen; #C C walks around the house; #C C walks towards the kitchen; #C C walks in the kitchen"
    },
    {
        "Video Name": "4c6290c6-bc98-4c95-b63b-03886849fb57",
        "Start Frame": 4440,
        "End Frame": 4560,
        "Caption": "#C C picks up the trouser; #C C picks up the cloths ; #C C picks clothes from the floor; #C C takes out a cloth from the washing; #C C picks a cloth"
    },
    {
        "Video Name": "4c6290c6-bc98-4c95-b63b-03886849fb57",
        "Start Frame": 4560,
        "End Frame": 4680,
        "Caption": "#C C holds a cloth; #C C puts the cloth on the hanger; #C C holds the cloth; #C C folds a cloth; #C C holds cloth"
    },
    {
        "Video Name": "4c6290c6-bc98-4c95-b63b-03886849fb57",
        "Start Frame": 4680,
        "End Frame": 4800,
        "Caption": "#C C walks around the house; #C C walks in the room; #C C walks around; #c c walk around; #C C walks around the house"
    },
    {
        "Video Name": "4c6290c6-bc98-4c95-b63b-03886849fb57",
        "Start Frame": 4800,
        "End Frame": 4920,
        "Caption": "#C C removes clothes on the chair; #C C takes a cloth; #C C picks the cloth; #c c takes a cloth; #c c picks a trouser from the"
    },
    {
        "Video Name": "4c6290c6-bc98-4c95-b63b-03886849fb57",
        "Start Frame": 4920,
        "End Frame": 5040,
        "Caption": "#C C walks in the; #C C walks around the; #C C walks around the; #C C walks around the; #C C walks around the"
    },
    {
        "Video Name": "4c6290c6-bc98-4c95-b63b-03886849fb57",
        "Start Frame": 5040,
        "End Frame": 5160,
        "Caption": "#C C picks up the clothes; #C C takes the clothes from the; #C C picks clothes from the floor; #C C picks clothes from the floor; #C C picks the cloth from the"
    },
    {
        "Video Name": "4c6290c6-bc98-4c95-b63b-03886849fb57",
        "Start Frame": 5160,
        "End Frame": 5280,
        "Caption": "#C C puts the cloth in the washing machine; #C C puts the cloth in the washing machine; #C C puts clothes in the washing machine; #C C puts the cloths in the washing; #C C puts clothes in the washing machine"
    },
    {
        "Video Name": "4c6290c6-bc98-4c95-b63b-03886849fb57",
        "Start Frame": 5280,
        "End Frame": 5400,
        "Caption": "#C C puts the cloth on the washing machine; #C C puts the cloth on the washing machine; #C C hangs the cloth on the clothes dryer; #C C removes clothes from the machine.; #C C picks a cloth"
    }
]