[
    {
        "Video Name": "4e0b4961-1c21-4025-9ba6-0b526e3aaf3c",
        "Start Frame": 0,
        "End Frame": 120,
        "Caption": "#C C walks towards the sink; #C C walks around; #C C walks around the house; #C C walks to the sink; #C C closes the tap "
    },
    {
        "Video Name": "4e0b4961-1c21-4025-9ba6-0b526e3aaf3c",
        "Start Frame": 120,
        "End Frame": 240,
        "Caption": "#C C takes the plate from the dish washer; #C C takes a plate from the dishwasher with her right hand; #C C puts the plate in the dishwasher; #C C closes the dishwasher.; #C C picks a plate from the dishwasher with her right hand"
    },
    {
        "Video Name": "4e0b4961-1c21-4025-9ba6-0b526e3aaf3c",
        "Start Frame": 240,
        "End Frame": 360,
        "Caption": "#C C pushes the rack inside the dishwasher.; #C C pushes the rack; #C C takes out a plate from the dish washer; #C C pushes in a rack in the dish washer; #C C pushes the rack in the dishwasher "
    },
    {
        "Video Name": "4e0b4961-1c21-4025-9ba6-0b526e3aaf3c",
        "Start Frame": 360,
        "End Frame": 480,
        "Caption": "#C C takes plate from the utensil rack; #C C picks the plate ; #C C picks another plate; #C C picks a plate from the dishwasher with her right hand; #C C picks up a plate"
    },
    {
        "Video Name": "4e0b4961-1c21-4025-9ba6-0b526e3aaf3c",
        "Start Frame": 480,
        "End Frame": 600,
        "Caption": "#C C pushes the rack ; #C C closes the rack; #C C opens the drawer; #C C pushes the rack in the dish was; #C C pulls the rack."
    },
    {
        "Video Name": "4e0b4961-1c21-4025-9ba6-0b526e3aaf3c",
        "Start Frame": 600,
        "End Frame": 720,
        "Caption": "#C C closes the kitchen tap; #C C puts a jug in the utensils; #C C closes the cupboard.; #C C turns on the tap with his right hand; #C C closes the kitchen tap with her right hand"
    },
    {
        "Video Name": "4e0b4961-1c21-4025-9ba6-0b526e3aaf3c",
        "Start Frame": 720,
        "End Frame": 840,
        "Caption": "#C C puts the cup in the dishwasher; #C C puts the cup in the dishwasher; #C C puts the cup in the dishwasher; #C C puts the cup on the rack.; #C C closes the tap"
    },
    {
        "Video Name": "4e0b4961-1c21-4025-9ba6-0b526e3aaf3c",
        "Start Frame": 840,
        "End Frame": 960,
        "Caption": "#C C puts the bowl in the dishwasher; #C C picks a plate; #C C puts the chopping board in the dish was; #C C takes another plate from the dishwasher; #C C picks a bowl "
    },
    {
        "Video Name": "4e0b4961-1c21-4025-9ba6-0b526e3aaf3c",
        "Start Frame": 960,
        "End Frame": 1080,
        "Caption": "#C C puts the knife in the rack; #C C puts the chopsticks on the dish dry; #C C puts the knife in the dish rack; #C C puts the spoon in the kitchen rack; #C C puts the plate on the rack "
    },
    {
        "Video Name": "4e0b4961-1c21-4025-9ba6-0b526e3aaf3c",
        "Start Frame": 1080,
        "End Frame": 1200,
        "Caption": "#C C puts the cup in the dishwasher; #C C puts the plates in the dishwasher; #C C picks the bowl from the dish washer; #C C puts the mug in the dishwasher; #C C puts the cup in the dish washer"
    },
    {
        "Video Name": "4e0b4961-1c21-4025-9ba6-0b526e3aaf3c",
        "Start Frame": 1200,
        "End Frame": 1320,
        "Caption": "#C C takes a tray from the dishwasher; #C C pulls the rack; #C C closes the dish rack; #C C closes the drawer ; #C C puts a bowl in the dishwasher"
    },
    {
        "Video Name": "4e0b4961-1c21-4025-9ba6-0b526e3aaf3c",
        "Start Frame": 1320,
        "End Frame": 1440,
        "Caption": "#C C puts the chopstick into the drawer; #C C picks a chopping stick; #C C takes out a spoon from the drawer; #C C arranges the spoons in the kitchen; #C C picks a chopstick from the dish was"
    },
    {
        "Video Name": "4e0b4961-1c21-4025-9ba6-0b526e3aaf3c",
        "Start Frame": 1440,
        "End Frame": 1560,
        "Caption": "#C C picks up the blender blade from the counter; #C C picks up a plastic cover from the kitchen; #C C picks a lid from the sink; #C C picks a lid from the sink; #C C picks lid"
    },
    {
        "Video Name": "4e0b4961-1c21-4025-9ba6-0b526e3aaf3c",
        "Start Frame": 1560,
        "End Frame": 1680,
        "Caption": "#C C rinses the lid; #C C puts the lid on the counter; #C C rinses the cover of the container with her right hand; #C C puts the lid on the countertop; #C C puts the lid in the sink"
    },
    {
        "Video Name": "4e0b4961-1c21-4025-9ba6-0b526e3aaf3c",
        "Start Frame": 1680,
        "End Frame": 1800,
        "Caption": "#C C rinses the container; #C C rinses the container in the sink with both hands; #C C rinses the lid with both hands.; #C C rinses the container lid; #C C rinses the container in the sink."
    },
    {
        "Video Name": "4e0b4961-1c21-4025-9ba6-0b526e3aaf3c",
        "Start Frame": 1800,
        "End Frame": 1920,
        "Caption": "#C C rinses the plastic lid with both hands; #C C rinses the plastic container lid.; #C C rinses the lid; #C C rinses the container; #C C rinses the container lid."
    },
    {
        "Video Name": "4e0b4961-1c21-4025-9ba6-0b526e3aaf3c",
        "Start Frame": 1920,
        "End Frame": 2040,
        "Caption": "#C C closes the plastic container.; #C C pours out the water in the plastic cover into the; #C C cleans the lid with the right hand; #C C  rinses the tin; #C C opens the container"
    },
    {
        "Video Name": "4e0b4961-1c21-4025-9ba6-0b526e3aaf3c",
        "Start Frame": 2040,
        "End Frame": 2160,
        "Caption": "#C C closes the tap.; #C C closes the tap.; #C C closes the container with her right hand; #C C closes the tap.; #C C pours water from the container."
    },
    {
        "Video Name": "4e0b4961-1c21-4025-9ba6-0b526e3aaf3c",
        "Start Frame": 2160,
        "End Frame": 2280,
        "Caption": "#C C moves a utensil rack in the dish was; #C C pushes the rack inside the cabinet; #C C  closes the drawer; #C C picks the chopstick from the dish washer machine; #C C puts the sieve into the dish washer"
    },
    {
        "Video Name": "4e0b4961-1c21-4025-9ba6-0b526e3aaf3c",
        "Start Frame": 2280,
        "End Frame": 2400,
        "Caption": "#C C takes a blender from the drawer.; #C C picks up a bowl from the kitchen; #C C picks the chopping board; #C C closes the dish washer; #C C picks a lid"
    },
    {
        "Video Name": "4e0b4961-1c21-4025-9ba6-0b526e3aaf3c",
        "Start Frame": 2400,
        "End Frame": 2520,
        "Caption": "#C C walks in the room; #C C walks around ; #C C walks to the sink; #C C walks to the sink; #C C walks towards the kitchen"
    },
    {
        "Video Name": "4e0b4961-1c21-4025-9ba6-0b526e3aaf3c",
        "Start Frame": 2520,
        "End Frame": 2640,
        "Caption": "#C C puts the plastic container in the cupboard with her left hand; #C C puts the bowl in the kitchen cabinet.; #C C puts the dish in the cabinet ; #C C puts the bowl in the cabinet; #C C puts the bowl in the cupboard"
    },
    {
        "Video Name": "4e0b4961-1c21-4025-9ba6-0b526e3aaf3c",
        "Start Frame": 2640,
        "End Frame": 2760,
        "Caption": "#C C closes the cupboard; #C C closes the cabinet; #C C closes the cabinet.; #C C closes the cupboard; #C C closes the cupboard"
    },
    {
        "Video Name": "4e0b4961-1c21-4025-9ba6-0b526e3aaf3c",
        "Start Frame": 2760,
        "End Frame": 2880,
        "Caption": "#C C walks towards the sink.; #C C walks to the sink.; #C C walks in the kitchen ; #C C walks towards the kitchen sink; #C C walks to the sink"
    },
    {
        "Video Name": "4e0b4961-1c21-4025-9ba6-0b526e3aaf3c",
        "Start Frame": 2880,
        "End Frame": 3000,
        "Caption": "#C C pushes the rack in the dish was; #C C takes the plates from the dishwasher; #C C pushes the dishwasher rack inside; #C C pushes the rack; #C C pushes the rack into the dishwasher"
    },
    {
        "Video Name": "4e0b4961-1c21-4025-9ba6-0b526e3aaf3c",
        "Start Frame": 3000,
        "End Frame": 3120,
        "Caption": "#C C moves the plates; #C C pushes the rack back in the dish; #C C pushes the rack in the dishwasher; #C C pushes the rack ; #C C pushes in the rack."
    },
    {
        "Video Name": "4e0b4961-1c21-4025-9ba6-0b526e3aaf3c",
        "Start Frame": 3120,
        "End Frame": 3240,
        "Caption": "#C C opens the drawer; #C C pulls out a rack from the dish was; #C C pulls the rack; #C C opens the dishwasher; #C C pulls the drawer"
    },
    {
        "Video Name": "4e0b4961-1c21-4025-9ba6-0b526e3aaf3c",
        "Start Frame": 3240,
        "End Frame": 3360,
        "Caption": "#C C picks a soap from the dishwasher; #C C picks a bottle of soap; #C C picks a bottle; #C C puts the soap in the dishwasher; #C C takes a container from the dishwasher"
    },
    {
        "Video Name": "4e0b4961-1c21-4025-9ba6-0b526e3aaf3c",
        "Start Frame": 3360,
        "End Frame": 3480,
        "Caption": "#C C closes the container; #C C closes the container.; #C C closes the bottle of detergent; #C C closes the bottle of soap with her right hand; #C C closes the container"
    },
    {
        "Video Name": "4e0b4961-1c21-4025-9ba6-0b526e3aaf3c",
        "Start Frame": 3480,
        "End Frame": 3600,
        "Caption": "#C C closes the bottle with the cap; #C C pours some liquid from the bottle into the lid in her left hand; #C C pours the oil in the machine; #C C pours the detergent in the plate into the dishwasher.; #C C pours the liquid in the tube in to the blender jug."
    },
    {
        "Video Name": "4e0b4961-1c21-4025-9ba6-0b526e3aaf3c",
        "Start Frame": 3600,
        "End Frame": 3720,
        "Caption": "#C C closes the dishwasher with her left hand; #C C puts the bottle in the dish washer; #C C puts the bottle in the dish washer; #C C closes the container; #C C closes the dish washer"
    },
    {
        "Video Name": "4e0b4961-1c21-4025-9ba6-0b526e3aaf3c",
        "Start Frame": 3720,
        "End Frame": 3840,
        "Caption": "#C C opens the container of soap with her right hand; #C C puts the detergent in the washing machine; #C C puts detergent in the washing machine; #C C puts detergent on the machine; #C C closes the detergent"
    },
    {
        "Video Name": "4e0b4961-1c21-4025-9ba6-0b526e3aaf3c",
        "Start Frame": 3840,
        "End Frame": 3960,
        "Caption": "#C C closes the bottle; #C C pours the detergent in the tin; #C C takes out a bottle of soap from the dishwasher; #C C picks up the container; #C C opens a container"
    },
    {
        "Video Name": "4e0b4961-1c21-4025-9ba6-0b526e3aaf3c",
        "Start Frame": 3960,
        "End Frame": 4080,
        "Caption": "#C C picks a soap.; #C C puts the bottle on the sink; #C C picks up the bottle; #C C returns soap bottle on the surface; #C C picks up the soap"
    },
    {
        "Video Name": "4e0b4961-1c21-4025-9ba6-0b526e3aaf3c",
        "Start Frame": 4080,
        "End Frame": 4200,
        "Caption": "#C C pulls the tray from the dish; #C C closes the dishwasher; #C C pushes in the dishwasher; #C C opens the dishwasher.; #C C opens the dishwasher"
    },
    {
        "Video Name": "4e0b4961-1c21-4025-9ba6-0b526e3aaf3c",
        "Start Frame": 4200,
        "End Frame": 4320,
        "Caption": "#C C opens the cabinet ; #C C opens a cupboard.; #C C opens a cabinet door with her right hand; #C C opens the cabinet ; #C C opens a cabinet with her right hand."
    },
    {
        "Video Name": "4e0b4961-1c21-4025-9ba6-0b526e3aaf3c",
        "Start Frame": 4320,
        "End Frame": 4440,
        "Caption": "#C C closes the dishwasher; #C C closes the dishwasher; #C C opens the dish was; #C C closes the dishwasher; #C C opens the dishwasher"
    },
    {
        "Video Name": "4e0b4961-1c21-4025-9ba6-0b526e3aaf3c",
        "Start Frame": 4440,
        "End Frame": 4560,
        "Caption": "#C C closes the cabinet with her right hand; #C C closes the cupboard door with her right hand; #C C closes the cupboard with his right hand.; #C C closes the cabinet door ; #C C closes the dishwasher"
    },
    {
        "Video Name": "4e0b4961-1c21-4025-9ba6-0b526e3aaf3c",
        "Start Frame": 4560,
        "End Frame": 4680,
        "Caption": "#C C rinses her hands under the tap; #C C opens the tap; #C C rinses hands; #C C washes hands in the sink; #C C rinses her hands in the sink"
    },
    {
        "Video Name": "4e0b4961-1c21-4025-9ba6-0b526e3aaf3c",
        "Start Frame": 4680,
        "End Frame": 4800,
        "Caption": "#C C rinses her hands; #C C washes hands; #C C turns off the tap; #C C cleans her hands; #C C washes hands"
    },
    {
        "Video Name": "4e0b4961-1c21-4025-9ba6-0b526e3aaf3c",
        "Start Frame": 4800,
        "End Frame": 4920,
        "Caption": "#C C rubs her hands together; #C C rubs her hands together; #C C rubs her hands together; #C C rubs her hands together; #C C rubs both hands together"
    },
    {
        "Video Name": "4e0b4961-1c21-4025-9ba6-0b526e3aaf3c",
        "Start Frame": 4920,
        "End Frame": 5040,
        "Caption": "#C C walks around the; #C C wipes hands; #C C rubs hands; #C C wipes hands; #C C rubs hands"
    },
    {
        "Video Name": "4e0b4961-1c21-4025-9ba6-0b526e3aaf3c",
        "Start Frame": 5040,
        "End Frame": 5160,
        "Caption": "#C C opens the tap with her left hand.; #C C turns off the tap; #C C opens the tap.; #C C turns off the tap with her right hand; #C C opens tap"
    },
    {
        "Video Name": "4e0b4961-1c21-4025-9ba6-0b526e3aaf3c",
        "Start Frame": 5160,
        "End Frame": 5280,
        "Caption": "#C C rinses the chopping board with water from the tap.; #C C rinses the chopping board; #C C rinses the cutting board in her left hand with water from the tap; #C C rinses the chopping board.; #C C rinses the chopping board."
    },
    {
        "Video Name": "4e0b4961-1c21-4025-9ba6-0b526e3aaf3c",
        "Start Frame": 5280,
        "End Frame": 5400,
        "Caption": "#C C closes the tap; #C C closes the tap with his right hand; #C C closes the tap with her right hand; #C C closes the tap; #C C closes the tap"
    }
]