[
    {
        "Video Name": "4feae43e-cef6-46a0-a256-28b6e210b6a2",
        "Start Frame": 0,
        "End Frame": 120,
        "Caption": "#C C Looks around; #C C looks around; #C C catches the; #C C looks around; #C C catches a"
    },
    {
        "Video Name": "4feae43e-cef6-46a0-a256-28b6e210b6a2",
        "Start Frame": 120,
        "End Frame": 240,
        "Caption": "#O a man X throws the ball; #O a man X runs to the basketball; #O a man X runs to the basketball; #O A man X catches the ball; #O A man X catches the ball"
    },
    {
        "Video Name": "4feae43e-cef6-46a0-a256-28b6e210b6a2",
        "Start Frame": 240,
        "End Frame": 360,
        "Caption": "#O A man X holds the ball with his left; #O A man X picks the ball ; #O a man X catches the ball; #O man X takes the ball ; #C C gives the ball to man X "
    },
    {
        "Video Name": "4feae43e-cef6-46a0-a256-28b6e210b6a2",
        "Start Frame": 360,
        "End Frame": 480,
        "Caption": "#C C bounces the ball on the ground; #C C looks around the pitch; #C C catches the basketball with his left; #O A man X walks around; #C C holds the ball"
    },
    {
        "Video Name": "4feae43e-cef6-46a0-a256-28b6e210b6a2",
        "Start Frame": 480,
        "End Frame": 600,
        "Caption": "#O A man X throws the ball to C ; #O Aman K throws the ball; #O The Man X throws the basketball toward the rim with his right; #O man X catches the ball; #O The Man X catches the ball with his right hand"
    },
    {
        "Video Name": "4feae43e-cef6-46a0-a256-28b6e210b6a2",
        "Start Frame": 600,
        "End Frame": 720,
        "Caption": "#C C looks around the basketball pitch; #C C looks around the field; #C C looks around the field ; #C C walks around the playground with the basketball; #O A man X walks around"
    },
    {
        "Video Name": "4feae43e-cef6-46a0-a256-28b6e210b6a2",
        "Start Frame": 720,
        "End Frame": 840,
        "Caption": "#O man Z shoots a ball; #O The Man X throws the basketball toward the rim board; #O man X throws the ball towards C; #O man X throws the basketball at C. ; #O A man X throws the ball in the ring "
    },
    {
        "Video Name": "4feae43e-cef6-46a0-a256-28b6e210b6a2",
        "Start Frame": 840,
        "End Frame": 960,
        "Caption": "#O A man X throws the ball to C; #O A man X takes the ball ; #O A man X passes the ball to C; #O A man X holds the ball; #O A man X throws the ball in the"
    },
    {
        "Video Name": "4feae43e-cef6-46a0-a256-28b6e210b6a2",
        "Start Frame": 960,
        "End Frame": 1080,
        "Caption": "#O A man X holds the ball; #O a man X throws the ball; #O man Z catches a ball; #O The Man X catches the basketball with his; #O A man X catches the ball "
    },
    {
        "Video Name": "4feae43e-cef6-46a0-a256-28b6e210b6a2",
        "Start Frame": 1080,
        "End Frame": 1200,
        "Caption": "#C C looks around; #C C looks around; #O A man X picks the; #O A man X runs; #O a man X picks the"
    },
    {
        "Video Name": "4feae43e-cef6-46a0-a256-28b6e210b6a2",
        "Start Frame": 1200,
        "End Frame": 1320,
        "Caption": "#O A man X throws the ball to C ; #O A man X throws the ball to C ; #O The Man X throws the basketball toward the rim with his; #O Man S throws a basketball ; #O A man X takes the ball "
    },
    {
        "Video Name": "4feae43e-cef6-46a0-a256-28b6e210b6a2",
        "Start Frame": 1320,
        "End Frame": 1440,
        "Caption": "#C C looks at man Z; #O a man X walks around the; #C C looks at the basketball; #C C talks to the man X; #C C looks around"
    },
    {
        "Video Name": "4feae43e-cef6-46a0-a256-28b6e210b6a2",
        "Start Frame": 1440,
        "End Frame": 1560,
        "Caption": "#O A man X plays with the ball; #O A man X throws the ball; #O A man X runs after the ball ; #O The Man X catches the basketball with his right; #O a man X throws the ball"
    },
    {
        "Video Name": "4feae43e-cef6-46a0-a256-28b6e210b6a2",
        "Start Frame": 1560,
        "End Frame": 1680,
        "Caption": "#O man X walks towards the basketball; #O a man X walks around; #C C throws the ball to a man; #O A man X takes the ball ; #O A man X walks around the pitch"
    },
    {
        "Video Name": "4feae43e-cef6-46a0-a256-28b6e210b6a2",
        "Start Frame": 1680,
        "End Frame": 1800,
        "Caption": "#C C catches a ball; #O A man X holds the ball; #C C throws the ball in the basket ball rim; #O person L catches ball; #O a man X catches the ball"
    },
    {
        "Video Name": "4feae43e-cef6-46a0-a256-28b6e210b6a2",
        "Start Frame": 1800,
        "End Frame": 1920,
        "Caption": "#C C catches the basketball; #C C picks the ball; #C C looks around; #C C walks around; #C C runs towards the"
    },
    {
        "Video Name": "4feae43e-cef6-46a0-a256-28b6e210b6a2",
        "Start Frame": 1920,
        "End Frame": 2040,
        "Caption": "#C C looks at the basketball; #O The man X walks towards the basketball post; #O a man X walks around; #C C looks around; #C C looks around"
    },
    {
        "Video Name": "4feae43e-cef6-46a0-a256-28b6e210b6a2",
        "Start Frame": 2040,
        "End Frame": 2160,
        "Caption": "#C C throws the ball in the net ; #C C throws the ball in the basketball net; #O A man X holds the ball; #C C catches the ball.; #C C throws the ball to man X."
    },
    {
        "Video Name": "4feae43e-cef6-46a0-a256-28b6e210b6a2",
        "Start Frame": 2160,
        "End Frame": 2280,
        "Caption": "#C C holds the ball; #C C catches the ball; #O man A walks to the basketball; #C C picks the ball; #O A man X holds the ball"
    },
    {
        "Video Name": "4feae43e-cef6-46a0-a256-28b6e210b6a2",
        "Start Frame": 2280,
        "End Frame": 2400,
        "Caption": "#O A man X catches the ball; #O The Man X throws the basketball to the rim with his left; #O A man X throws the ball; #O The Man X catches the basketball with his hands; #O A man X holds the ball"
    },
    {
        "Video Name": "4feae43e-cef6-46a0-a256-28b6e210b6a2",
        "Start Frame": 2400,
        "End Frame": 2520,
        "Caption": "#C C walks around; #C C walks around; #C C walks to the; #C C picks the ball; #O Man A runs"
    },
    {
        "Video Name": "4feae43e-cef6-46a0-a256-28b6e210b6a2",
        "Start Frame": 2520,
        "End Frame": 2640,
        "Caption": "#O man Y picks the ball; #C C looks around the basketball court; #O The man X bounces the basketball on the floor with both; #C C walks around the basketball field; #C C walks around the basketball pitch"
    },
    {
        "Video Name": "4feae43e-cef6-46a0-a256-28b6e210b6a2",
        "Start Frame": 2640,
        "End Frame": 2760,
        "Caption": "#O man Z makes a shot; #O man X throws a ball; #O man X throws the basketball at C; #O A man X holds the ball; #O a man X throws the ball"
    },
    {
        "Video Name": "4feae43e-cef6-46a0-a256-28b6e210b6a2",
        "Start Frame": 2760,
        "End Frame": 2880,
        "Caption": "#O A man X passes the ball to; #O Man S throws basketball.; #O A man X holds the ball; #O A man X runs after the ball; #O A man X catches the ball"
    },
    {
        "Video Name": "4feae43e-cef6-46a0-a256-28b6e210b6a2",
        "Start Frame": 2880,
        "End Frame": 3000,
        "Caption": "#O the man X bounces the basketball on the basketball; #O The Man X catches the basketball with his hands; #O A man X runs after the ball ; #O A man X takes the ball ; #O The Man X throws the basketball with his hands"
    },
    {
        "Video Name": "4feae43e-cef6-46a0-a256-28b6e210b6a2",
        "Start Frame": 3000,
        "End Frame": 3120,
        "Caption": "#O A man X runs towards the basketball post; #O A man X picks the ball; #O man Z walks towards the basketball post.; #O A man X catches the ball ; #C C talks to #o"
    },
    {
        "Video Name": "4feae43e-cef6-46a0-a256-28b6e210b6a2",
        "Start Frame": 3120,
        "End Frame": 3240,
        "Caption": "#O a man X walks around; #O A man X walks around the pitch; #O a man X walks towards C; #C C takes the ball; #O a man X walks around"
    },
    {
        "Video Name": "4feae43e-cef6-46a0-a256-28b6e210b6a2",
        "Start Frame": 3240,
        "End Frame": 3360,
        "Caption": "#C C bounces the ball on the ground; #C C takes the ball ; #C C throws the basketball on the basketball rim with his left; #C C catches the basketball; #C C picks the ball"
    },
    {
        "Video Name": "4feae43e-cef6-46a0-a256-28b6e210b6a2",
        "Start Frame": 3360,
        "End Frame": 3480,
        "Caption": "#C C walks around the basketball field; #C C walks around the basketball field; #C C picks the ball; #C C walks around the compound.; #C C walks around the basketball court"
    },
    {
        "Video Name": "4feae43e-cef6-46a0-a256-28b6e210b6a2",
        "Start Frame": 3480,
        "End Frame": 3600,
        "Caption": "#C C throws the ball; #C C throws the ball in the basket; #C C makes a shot; #C C holds the ball; #C C throws the ball"
    },
    {
        "Video Name": "4feae43e-cef6-46a0-a256-28b6e210b6a2",
        "Start Frame": 3600,
        "End Frame": 3720,
        "Caption": "#C C catches the ball; #C C throws the ball; #C C catches the ball; #C C passes the ball to man X; #C C throws the ball to man X"
    },
    {
        "Video Name": "4feae43e-cef6-46a0-a256-28b6e210b6a2",
        "Start Frame": 3720,
        "End Frame": 3840,
        "Caption": "#C C looks at the ball; #O man X holds the basketball; #O A man X walks around; #O man X runs after the ball; #C C walks to the basketball post"
    },
    {
        "Video Name": "4feae43e-cef6-46a0-a256-28b6e210b6a2",
        "Start Frame": 3840,
        "End Frame": 3960,
        "Caption": "#C C walks around; #C C looks around; #C C walks around; #C C walks around; #C C runs after the"
    },
    {
        "Video Name": "4feae43e-cef6-46a0-a256-28b6e210b6a2",
        "Start Frame": 3960,
        "End Frame": 4080,
        "Caption": "#C C holds the ball; #C C runs towards the basketball; #C C walks around; #C C walks towards the basketball; #C C moves towards the basket"
    },
    {
        "Video Name": "4feae43e-cef6-46a0-a256-28b6e210b6a2",
        "Start Frame": 4080,
        "End Frame": 4200,
        "Caption": "#O person X stands up; #C C catches the ball; #C C looks around; #C C passes ball to person; #C C catches the basketball"
    },
    {
        "Video Name": "4feae43e-cef6-46a0-a256-28b6e210b6a2",
        "Start Frame": 4200,
        "End Frame": 4320,
        "Caption": "#C C walks around; #C C looks around; #C C walks around the basketball court; #C C walks towards the basketball hoop; #O a man X picks the ball"
    },
    {
        "Video Name": "4feae43e-cef6-46a0-a256-28b6e210b6a2",
        "Start Frame": 4320,
        "End Frame": 4440,
        "Caption": "#O the man X catches the basketball with his right; #O A man X takes the ball ; #O The man X catches the basketball with his right; #O a man X catches the basketball; #O a man X catches the ball"
    },
    {
        "Video Name": "4feae43e-cef6-46a0-a256-28b6e210b6a2",
        "Start Frame": 4440,
        "End Frame": 4560,
        "Caption": "#C C runs towards the ball; #C C dribbles the ball; #C C walks around; #C C walks around; #C C walks around the basketball"
    },
    {
        "Video Name": "4feae43e-cef6-46a0-a256-28b6e210b6a2",
        "Start Frame": 4560,
        "End Frame": 4680,
        "Caption": "#C C throws the basketball toward the rim with his; #C C throws the ball in the basketball net ; #C C walks around the basketball field.; #C C bounces the ball; #C C holds the ball"
    },
    {
        "Video Name": "4feae43e-cef6-46a0-a256-28b6e210b6a2",
        "Start Frame": 4680,
        "End Frame": 4800,
        "Caption": "#C C walks around; #C C looks at the basketball; #C C looks around; #C C throws the ball to a person S; #O a man X walks around"
    },
    {
        "Video Name": "4feae43e-cef6-46a0-a256-28b6e210b6a2",
        "Start Frame": 4800,
        "End Frame": 4920,
        "Caption": "#C C picks the ball; #C C throws the ball to; #C C plays with the ball; #C C catches the ball; #C C bounces the basketball"
    },
    {
        "Video Name": "4feae43e-cef6-46a0-a256-28b6e210b6a2",
        "Start Frame": 4920,
        "End Frame": 5040,
        "Caption": "#C C Holds the basket ball; #O a man X catches the ball; #O a man X walks in the basketball; #C C holds the ball; #C C holds the ball"
    },
    {
        "Video Name": "4feae43e-cef6-46a0-a256-28b6e210b6a2",
        "Start Frame": 5040,
        "End Frame": 5160,
        "Caption": "#C C walks in the basketball; #C C walks around; #O A man X walks around; #C C walks around the court; #C C walks towards a basketball"
    },
    {
        "Video Name": "4feae43e-cef6-46a0-a256-28b6e210b6a2",
        "Start Frame": 5160,
        "End Frame": 5280,
        "Caption": "#O A man X holds the ball; #C C walks around; #C C looks around; #O The man X bounces the basketball with his right; #O A man X walks around"
    },
    {
        "Video Name": "4feae43e-cef6-46a0-a256-28b6e210b6a2",
        "Start Frame": 5280,
        "End Frame": 5400,
        "Caption": "#O a man X throws the ball in the basket ball; #O a man X throws the ball to C ; #C C catches the ball ; #O a man X runs after the ball ; #O the man X catches the basketball"
    }
]