[
    {
        "Video Name": "5107687e-257e-4ea0-b63c-38431c2940f9",
        "Start Frame": 0,
        "End Frame": 120,
        "Caption": "#C C picks a cloth from the floor; #C C puts the cloth in the bag; #C C picks the cloths from the fabric bag; #C C touches the cloths in the washing machine; #C C picks clothes from the bag"
    },
    {
        "Video Name": "5107687e-257e-4ea0-b63c-38431c2940f9",
        "Start Frame": 120,
        "End Frame": 240,
        "Caption": "#C C puts the cloths in the bag; #C C puts clothes in the bag; #C C puts the cloth in the bag; #C C puts the clothes in the bag; #C C picks cloths from the bag "
    },
    {
        "Video Name": "5107687e-257e-4ea0-b63c-38431c2940f9",
        "Start Frame": 240,
        "End Frame": 360,
        "Caption": "#C C puts cloths in the bag; #C C puts the cloths in the; #C C picks cloths from the bag; #C C picks cloths from the bag; #C C picks a cloth "
    },
    {
        "Video Name": "5107687e-257e-4ea0-b63c-38431c2940f9",
        "Start Frame": 360,
        "End Frame": 480,
        "Caption": "#C C puts clothes in the bag; #C C picks a bag from the floor; #C C puts the cloths in the; #C C puts clothes in the bag; #C C puts the cloth in the bag"
    },
    {
        "Video Name": "5107687e-257e-4ea0-b63c-38431c2940f9",
        "Start Frame": 480,
        "End Frame": 600,
        "Caption": "#C C puts the cloth in the bag; #C C picks clothes in the bag; #C C puts the clothes in the bag; #C C removes clothes from the bag; #C C puts the cloths in the"
    },
    {
        "Video Name": "5107687e-257e-4ea0-b63c-38431c2940f9",
        "Start Frame": 600,
        "End Frame": 720,
        "Caption": "#C C takes a cloth from the bag; #C C picks a cloth; #C C removes clothes from the bag; #C C removes a cloth from the bag; #C C picks a cloth from the floor"
    },
    {
        "Video Name": "5107687e-257e-4ea0-b63c-38431c2940f9",
        "Start Frame": 720,
        "End Frame": 840,
        "Caption": "#C C closes the door; #C C walks in the room; #C C walks towards the counter; #C C walks in the room; #C C walks to the laundry"
    },
    {
        "Video Name": "5107687e-257e-4ea0-b63c-38431c2940f9",
        "Start Frame": 840,
        "End Frame": 960,
        "Caption": "#C C picks up a; #C C picks up a; #C C picks up a; #C C opens the bag; #C C picks a bag"
    },
    {
        "Video Name": "5107687e-257e-4ea0-b63c-38431c2940f9",
        "Start Frame": 960,
        "End Frame": 1080,
        "Caption": "#C C puts the bag on the; #C C puts the clothes in the; #C C removes a bag from the; #C C puts the cloth in the; #C C picks a bag "
    },
    {
        "Video Name": "5107687e-257e-4ea0-b63c-38431c2940f9",
        "Start Frame": 1080,
        "End Frame": 1200,
        "Caption": "#C C puts the cloths in the bag; #C C puts the fabric in the bag; #C C puts the cloths in the bag; #C C puts the cloths in the bag; #C C picks the cloths from the bag"
    },
    {
        "Video Name": "5107687e-257e-4ea0-b63c-38431c2940f9",
        "Start Frame": 1200,
        "End Frame": 1320,
        "Caption": "#C C unfolds the nylon bag ; #C C opens the bag; #C C folds the polythene bag; #C C opens the polythene bag; #C C opens the bag"
    },
    {
        "Video Name": "5107687e-257e-4ea0-b63c-38431c2940f9",
        "Start Frame": 1320,
        "End Frame": 1440,
        "Caption": "#C C picks a polythene bag; #C C unzips the bag; #C C unrolls the nylon; #C C removes a paper from the polythene bag; #C C puts the polythene paper in the laundry"
    },
    {
        "Video Name": "5107687e-257e-4ea0-b63c-38431c2940f9",
        "Start Frame": 1440,
        "End Frame": 1560,
        "Caption": "#C C picks up the polythene bag; #C C places the bag on the sink ; #C C unfolds the bag; #C C places the bag on the countertop; #C C puts the cloth in the paper bag"
    },
    {
        "Video Name": "5107687e-257e-4ea0-b63c-38431c2940f9",
        "Start Frame": 1560,
        "End Frame": 1680,
        "Caption": "#C C puts the clothes in the washing machine; #C C moves the clothes in the machine; #C C arranges the clothes in the washing machine; #C C puts the cloths in the machine ; #C C moves the clothes in the washing machine"
    },
    {
        "Video Name": "5107687e-257e-4ea0-b63c-38431c2940f9",
        "Start Frame": 1680,
        "End Frame": 1800,
        "Caption": "#C C folds the cloths; #C C removes the cloths from the; #C C puts the clothes in the washing; #C C picks a cloth on the floor; #C C picks clothes from the floor"
    },
    {
        "Video Name": "5107687e-257e-4ea0-b63c-38431c2940f9",
        "Start Frame": 1800,
        "End Frame": 1920,
        "Caption": "#C C lifts the cloth; #C C picks the cloth from the; #C C unfolds the cloth; #C C folds the cloth; #C C flips the cloth inside out"
    },
    {
        "Video Name": "5107687e-257e-4ea0-b63c-38431c2940f9",
        "Start Frame": 1920,
        "End Frame": 2040,
        "Caption": "#C C puts the clothes in the washing machine; #C C folds the cloth; #C C removes cloths from the bag; #C C places the cloth in the bag ; #C C puts the cloths in the   washing"
    },
    {
        "Video Name": "5107687e-257e-4ea0-b63c-38431c2940f9",
        "Start Frame": 2040,
        "End Frame": 2160,
        "Caption": "#C C picks up the cloths from the washing; #C C picks a cloth; #C C removes clothes from the machine; #C C picks up cloths from the vacuum cleaner; #C C removes clothes from the bag"
    },
    {
        "Video Name": "5107687e-257e-4ea0-b63c-38431c2940f9",
        "Start Frame": 2160,
        "End Frame": 2280,
        "Caption": "#C C removes a cloth from the washing machine; #C C removes clothes from the dry cleaner machine; #C C removes clothes from the machine.; #C C takes a cloth out of the washing; #C C picks some cloths from the washing"
    },
    {
        "Video Name": "5107687e-257e-4ea0-b63c-38431c2940f9",
        "Start Frame": 2280,
        "End Frame": 2400,
        "Caption": "#C C removes cloths from the bag; #C C picks a cloth in the fabric; #C C touches clothes in the laundry bag; #C C picks a cloth; #C C takes a clothe"
    },
    {
        "Video Name": "5107687e-257e-4ea0-b63c-38431c2940f9",
        "Start Frame": 2400,
        "End Frame": 2520,
        "Caption": "#C C moves the clothes in the; #C C picks a cloth; #C C picks a cloth from the; #C C picks a cloth from the; #C C picks a cloth"
    },
    {
        "Video Name": "5107687e-257e-4ea0-b63c-38431c2940f9",
        "Start Frame": 2520,
        "End Frame": 2640,
        "Caption": "#C C picks a cloth; #C C picks cloths on the floor; #C C puts cloths in a fabric; #C C picks a cloth; #C C picks up cloths from the"
    },
    {
        "Video Name": "5107687e-257e-4ea0-b63c-38431c2940f9",
        "Start Frame": 2640,
        "End Frame": 2760,
        "Caption": "#C C touches the cloths ; #C C puts the cloths in the fabric bag; #C C touches the clothes; #C C puts the cloths in the fabric bag; #C C takes cloths from the bag "
    },
    {
        "Video Name": "5107687e-257e-4ea0-b63c-38431c2940f9",
        "Start Frame": 2760,
        "End Frame": 2880,
        "Caption": "#C C picks cloths ; #C C puts cloths in the bag ; #C C picks cloths ; #C C picks a cloth; #C C puts the cloths in the bag"
    },
    {
        "Video Name": "5107687e-257e-4ea0-b63c-38431c2940f9",
        "Start Frame": 2880,
        "End Frame": 3000,
        "Caption": "#C C puts the clothes in the washing machine; #C C puts the cloths in the laundry machine; #C C puts the cloths in the washing machine; #C C puts the cloths in the washing machine; #C C puts clothes in the laundry machine"
    },
    {
        "Video Name": "5107687e-257e-4ea0-b63c-38431c2940f9",
        "Start Frame": 3000,
        "End Frame": 3120,
        "Caption": "#C C opens the washing machine; #C C closes the washing machine; #c c opens the washing machine; #C C opens the washing machine; #C C opens the washing machine"
    },
    {
        "Video Name": "5107687e-257e-4ea0-b63c-38431c2940f9",
        "Start Frame": 3120,
        "End Frame": 3240,
        "Caption": "#C C opens the washing machine; #C C opens the washing machine; #c c closes the washing machine; #C C looks at the laundry; #C C touches a washing machine"
    },
    {
        "Video Name": "5107687e-257e-4ea0-b63c-38431c2940f9",
        "Start Frame": 3240,
        "End Frame": 3360,
        "Caption": "#C C picks a bottle; #C C picks a bottle of disinfect; #C C opens the cabinet ; #C C picks a bottle of soap; #C C takes a bottle "
    },
    {
        "Video Name": "5107687e-257e-4ea0-b63c-38431c2940f9",
        "Start Frame": 3360,
        "End Frame": 3480,
        "Caption": "#C C opens a detergent; #C C opens the dry cleaner; #C C opens a washing machine; #C C opens the washing machine; #C C opens a washing machine"
    },
    {
        "Video Name": "5107687e-257e-4ea0-b63c-38431c2940f9",
        "Start Frame": 3480,
        "End Frame": 3600,
        "Caption": "#C C pours the liquid into the bottle; #C C pours the liquid in the bottle; #C C pours the liquid in the bottle; #C C presses the detergent; #C C presses the washing machine "
    },
    {
        "Video Name": "5107687e-257e-4ea0-b63c-38431c2940f9",
        "Start Frame": 3600,
        "End Frame": 3720,
        "Caption": "#C C opens the washing machine; #C C opens the detergent container; #C C puts the bottle in the washing machine; #C C opens the detergent; #C C pours the detergent in the detergent"
    },
    {
        "Video Name": "5107687e-257e-4ea0-b63c-38431c2940f9",
        "Start Frame": 3720,
        "End Frame": 3840,
        "Caption": "#C C closes the bottle of deter; #C C closes the detergent drawer; #C C closes the detergent drawer; #C C closes the detergent bottle; #C C closes the detergent drawer"
    },
    {
        "Video Name": "5107687e-257e-4ea0-b63c-38431c2940f9",
        "Start Frame": 3840,
        "End Frame": 3960,
        "Caption": "#C C closes the bottle ; #C C closes the bottle; #C C covers the bottle of deter; #C C closes the detergent bottle; #C C opens the bottle"
    },
    {
        "Video Name": "5107687e-257e-4ea0-b63c-38431c2940f9",
        "Start Frame": 3960,
        "End Frame": 4080,
        "Caption": "#C C closes the washing machine; #C C closes the dry cleaner; #C C closes the dry cleaner; #C C closes the washing machine; #C C closes the washing machine"
    },
    {
        "Video Name": "5107687e-257e-4ea0-b63c-38431c2940f9",
        "Start Frame": 4080,
        "End Frame": 4200,
        "Caption": "#C C opens the washing machine door; #C C switches on a washing machine; #C C closes the washing machine; #C C turns on the washing machine; #C C switches on a washing machine"
    },
    {
        "Video Name": "5107687e-257e-4ea0-b63c-38431c2940f9",
        "Start Frame": 4200,
        "End Frame": 4320,
        "Caption": "#C C opens the washing; #C C opens the washing; #C C opens the washing; #C C opens the door; #C C opens the washing"
    },
    {
        "Video Name": "5107687e-257e-4ea0-b63c-38431c2940f9",
        "Start Frame": 4320,
        "End Frame": 4440,
        "Caption": "#C C closes the door ; #C C closes the cupboard; #c c puts the paper on the cabinet; #C C puts the laundry bag in the; #C C puts a laundry bag in the"
    },
    {
        "Video Name": "5107687e-257e-4ea0-b63c-38431c2940f9",
        "Start Frame": 4440,
        "End Frame": 4560,
        "Caption": "#C C drops the handbag ; #C C puts the bags on the floor; #C C puts a bag on the floor; #C C  puts the bag in the; #C C puts the bag on the floor"
    },
    {
        "Video Name": "5107687e-257e-4ea0-b63c-38431c2940f9",
        "Start Frame": 4560,
        "End Frame": 4680,
        "Caption": "#C C opens the paper bag; #C C closes the bag ; #C C puts the polythene in the bag; #C C holds the paper; #C C opens the bag"
    },
    {
        "Video Name": "5107687e-257e-4ea0-b63c-38431c2940f9",
        "Start Frame": 4680,
        "End Frame": 4800,
        "Caption": "#C C puts the nylon in the bag; #C C puts the polythene bag down ; #C C puts the polythene bag on the; #C C picks a carrier bag; #C C picks a polythene bag "
    },
    {
        "Video Name": "5107687e-257e-4ea0-b63c-38431c2940f9",
        "Start Frame": 4800,
        "End Frame": 4920,
        "Caption": "#C C puts the bag into the bag; #C C takes out a bag from the; #C C closes the bag ; #c c searches in the bag; #C C takes a cloth from the bag"
    },
    {
        "Video Name": "5107687e-257e-4ea0-b63c-38431c2940f9",
        "Start Frame": 4920,
        "End Frame": 5040,
        "Caption": "#C C puts the bag on the; #C C opens the bag; #C C puts the bag on the; #C C moves the bag ; #C C puts the bags together "
    },
    {
        "Video Name": "5107687e-257e-4ea0-b63c-38431c2940f9",
        "Start Frame": 5040,
        "End Frame": 5160,
        "Caption": "#C C puts the bag on the; #C C puts the bag down; #C C puts the bag on the; #C C puts the bag on the; #C C puts bag on the chair"
    },
    {
        "Video Name": "5107687e-257e-4ea0-b63c-38431c2940f9",
        "Start Frame": 5160,
        "End Frame": 5280,
        "Caption": "#C C puts the bag on the; #C C picks up the bag; #C C picks a bag; #C C picks a bag; #C C walks around"
    },
    {
        "Video Name": "5107687e-257e-4ea0-b63c-38431c2940f9",
        "Start Frame": 5280,
        "End Frame": 5400,
        "Caption": "#C C puts the bag on the sink ; #C C picks up the bag; #C C hangs the bag on the kitchen counter with both hands.; #C C puts the napkin in the bag.; #C C opens the bag "
    }
]