[
    {
        "Video Name": "51688142-10e7-48ab-adef-2caa5448b456",
        "Start Frame": 0,
        "End Frame": 120,
        "Caption": "#C C peels the bamboo strip in his left hand with the kukri knife in his right hand.; #C C peels the bamboo strip in his left hand with the kukri knife in his right hand.; #C C trims the bamboo strip in his left hand with the sickle in his right hand.; #C C shaves the bamboo strip with the kukri in his right hand.; #C C scrapes raffia from the stick in his left hand with the sickle in his right hand"
    },
    {
        "Video Name": "51688142-10e7-48ab-adef-2caa5448b456",
        "Start Frame": 120,
        "End Frame": 240,
        "Caption": "#C C trims the bamboo strip with the sickle in his right hand.; #C C trims the bamboo strip in his left hand with the kukri knife in his right hand; #C C trims the bamboo strip in his left hand with the kukri in his right hand.; #C C trims the bamboo strip in his left hand with the kukri knife in his right hand; #C C shaves the bamboo strip in his left hand with the kukri in his right hand."
    },
    {
        "Video Name": "51688142-10e7-48ab-adef-2caa5448b456",
        "Start Frame": 240,
        "End Frame": 360,
        "Caption": "#C C pulls the bamboo strip from the ground with both hands.; #C C moves the left hand upwards the plant fiber; #C C pulls the strand of fiber; #C C moves the bamboo strip on the ground with both hands.; #C C moves the bamboo strip from his left hand to his right hand"
    },
    {
        "Video Name": "51688142-10e7-48ab-adef-2caa5448b456",
        "Start Frame": 360,
        "End Frame": 480,
        "Caption": "#C C holds the bamboo strip with both hands.; #C C holds the bamboo strip with his right hand; #C C holds the bamboo strip with his right hand; #C C pulls the bamboo strip closer with both hands; #C C adjusts the bamboo strip with both hands."
    },
    {
        "Video Name": "51688142-10e7-48ab-adef-2caa5448b456",
        "Start Frame": 480,
        "End Frame": 600,
        "Caption": "#C C peals the bamboo strip; #C C moves the left leg ; #C C peals the stick with a blade; #C C moves the bamboo strip on the floor with his left hand; #C C holds the bamboo strip with his right hand."
    },
    {
        "Video Name": "51688142-10e7-48ab-adef-2caa5448b456",
        "Start Frame": 600,
        "End Frame": 720,
        "Caption": "#C C holds the bamboo strip with his right hand; #C C holds the bamboo strip with his left hand; #C C holds the bamboo strip with both hands.; #C C holds the bamboo strip with his right hand; #C C holds the bamboo strip with his right hand"
    },
    {
        "Video Name": "51688142-10e7-48ab-adef-2caa5448b456",
        "Start Frame": 720,
        "End Frame": 840,
        "Caption": "#C C peels the bamboo strip in his left hand with the kukri knife in his right hand; #C C peels the bamboo strip in his left hand with the kukri knife in his right hand; #C C peels the bamboo strip in his left hand with the kukri knife in his right hand; #C C peels the bamboo strip in his left hand with the kukri in his right hand.; #C C trims the bamboo strip with the kukri in his right hand."
    },
    {
        "Video Name": "51688142-10e7-48ab-adef-2caa5448b456",
        "Start Frame": 840,
        "End Frame": 960,
        "Caption": "#C C trims the bamboo strip with the kukri knife in his right hand.; #C C peels the bamboo strip in his left hand with the kukri knife in his right hand; #C C peels the bamboo strip in his left hand with the kukri knife in his right hand; #C C peels the bamboo strip in his left hand with the kukri knife in his right hand; #C C peels the bamboo strip in his left hand with the kukri knife in his right hand"
    },
    {
        "Video Name": "51688142-10e7-48ab-adef-2caa5448b456",
        "Start Frame": 960,
        "End Frame": 1080,
        "Caption": "#C C peels the bamboo strip with the sickle in his right hand.; #C C peels the bamboo strip in his left hand with the kukri knife in his right hand; #C C scrapes the bamboo strip with the knife in his right hand.; #C C peels the bamboo strip in his left hand with the kukri knife in his right hand; #C C shaves the bamboo strip with the knife in his right hand."
    },
    {
        "Video Name": "51688142-10e7-48ab-adef-2caa5448b456",
        "Start Frame": 1080,
        "End Frame": 1200,
        "Caption": "#C C peels the bamboo stick with a sickle ; #C C peels the bamboo strip with the sickle in his right hand.; #C C holds the bamboo strip with his left hand.; #C C peals the bamboo stick; #C C shaves the bamboo strip with the kukri in his right hand"
    },
    {
        "Video Name": "51688142-10e7-48ab-adef-2caa5448b456",
        "Start Frame": 1200,
        "End Frame": 1320,
        "Caption": "#C C peels the bamboo strip in his left hand with the kukri knife in his right hand; #C C peels the bamboo strip in his left hand with the kukri knife in his right hand; #C C peels the bamboo strip in his left hand with the kukri knife in his right hand; #C C peels the bamboo strip in his left hand with the kukri knife in his right hand; #C C peels the bamboo strip in his left hand with the kukri knife in his right hand"
    },
    {
        "Video Name": "51688142-10e7-48ab-adef-2caa5448b456",
        "Start Frame": 1320,
        "End Frame": 1440,
        "Caption": "#C C trims the bamboo strip with the knife in his right hand.; #C C sharpens the bamboo stick with the sickle ; #C C trims the bamboo stick ; #C C peels the bamboo strip in his left hand with the sickle in his right hand; #C C peels the bamboo strip in his left hand with the knife in his right hand."
    },
    {
        "Video Name": "51688142-10e7-48ab-adef-2caa5448b456",
        "Start Frame": 1440,
        "End Frame": 1560,
        "Caption": "#C C peels the bamboo strip in his left hand with the kukri knife in his right hand.; #C C peels the bamboo strip in his left hand with the kukri knife in his right hand.; #C C peals the bamboo stick; #C C peels the bamboo strip in his left hand with the kukri knife in his right hand.; #C C peels raffia from the stick in his left hand with the sickle in his right hand"
    },
    {
        "Video Name": "51688142-10e7-48ab-adef-2caa5448b456",
        "Start Frame": 1560,
        "End Frame": 1680,
        "Caption": "#C C drops the bamboo strip on the floor with his left hand.; #C C adjusts the bamboo strip with his left hand.; #C C removes a bamboo strand from the bamboo strip with his left hand; #C C holds the bamboo stick with his left hand.; #C C removes a strand from the bamboo strip with his left hand."
    },
    {
        "Video Name": "51688142-10e7-48ab-adef-2caa5448b456",
        "Start Frame": 1680,
        "End Frame": 1800,
        "Caption": "#C C drops the bamboo strip on the ground with his left hand.; #C C places the bamboo strip in his right hand on the floor.; #C C drops the bamboo strip in his left hand on the floor.; #C C throws the bamboo strip on the floor with his right hand.; #C C drops the bamboo strip on the floor with his left hand."
    },
    {
        "Video Name": "51688142-10e7-48ab-adef-2caa5448b456",
        "Start Frame": 1800,
        "End Frame": 1920,
        "Caption": "#C C adjusts the bamboo strip in his hands.; #C C holds the bamboo strips with both hands.; #C C holds the bamboo strip with both hands.; #C C looks around ; #C C moves the bamboo strip on the ground with both hands"
    },
    {
        "Video Name": "51688142-10e7-48ab-adef-2caa5448b456",
        "Start Frame": 1920,
        "End Frame": 2040,
        "Caption": "#C C pulls the bamboo; #C C holds the bamboo strip with his left hand; #C C holds the bamboo strip with his right hand; #C C holds the bamboo strip with his right hand; #C C looks around"
    },
    {
        "Video Name": "51688142-10e7-48ab-adef-2caa5448b456",
        "Start Frame": 2040,
        "End Frame": 2160,
        "Caption": "#C C holds the bamboo strip with both hands; #C C moves the bamboo strip; #C C picks the bamboo strip; #C C holds the bamboo strip with both hands; #C C holds the bamboo strip with both hands"
    },
    {
        "Video Name": "51688142-10e7-48ab-adef-2caa5448b456",
        "Start Frame": 2160,
        "End Frame": 2280,
        "Caption": "#C C holds the bamboo strip with his right hand; #C C holds reed; #C C  moves the bamboo; #C C moves his left hand; #C C holds the bamboo strip with both hands."
    },
    {
        "Video Name": "51688142-10e7-48ab-adef-2caa5448b456",
        "Start Frame": 2280,
        "End Frame": 2400,
        "Caption": "#C C cuts the fibrous with the sickle; #C C cuts the sisal ; #C C cuts the sisal with a mache; #C C trims the fibrous; #C C cuts the sisal with a mache"
    },
    {
        "Video Name": "51688142-10e7-48ab-adef-2caa5448b456",
        "Start Frame": 2400,
        "End Frame": 2520,
        "Caption": "#C C cuts the fiber using sickle ; #C C holds the bamboo strip with both hands.; #C C cuts the reed; #C C holds the bamboo strip with both hands.; #C C holds the bamboo strip with his right hand"
    },
    {
        "Video Name": "51688142-10e7-48ab-adef-2caa5448b456",
        "Start Frame": 2520,
        "End Frame": 2640,
        "Caption": "#C C picks the basket; #C C picks a bamboo strip from the floor with his right hand; #C C picks a bamboo strip on the floor with his left hand; #C C picks a bamboo strip on the ground with his left hand; #C C holds the basket with his left hand."
    },
    {
        "Video Name": "51688142-10e7-48ab-adef-2caa5448b456",
        "Start Frame": 2640,
        "End Frame": 2760,
        "Caption": "#C C weaves the basket with the bamboo; #C C turns the basketry; #C C fixes a sisal ; #C C rotates the basket; #C C rotates the basket"
    },
    {
        "Video Name": "51688142-10e7-48ab-adef-2caa5448b456",
        "Start Frame": 2760,
        "End Frame": 2880,
        "Caption": "#C C fixes a sisal ; #C C fixes a sisal ; #C C fixes a sisal ; #C C weaves the basket with the bamboo strip in both hands; #C C fixes a sisal "
    },
    {
        "Video Name": "51688142-10e7-48ab-adef-2caa5448b456",
        "Start Frame": 2880,
        "End Frame": 3000,
        "Caption": "#C C fixes a sisal ; #C C weaves basket with a; #C C touches the basket; #C C fixes a sisal ; #C C fixes a sisal "
    },
    {
        "Video Name": "51688142-10e7-48ab-adef-2caa5448b456",
        "Start Frame": 3000,
        "End Frame": 3120,
        "Caption": "#C C Adjusts the bamboo; #C C weaves the basket; #C C weaves the basket; #C C fixes a sisal; #C C weaves a basket"
    },
    {
        "Video Name": "51688142-10e7-48ab-adef-2caa5448b456",
        "Start Frame": 3120,
        "End Frame": 3240,
        "Caption": "#C C weaves the basket with the bamboo stroke using both hands; #C C rotates the basket; #C C fixes a sisal; #C C weaves a basket; #C C weaves a basket"
    },
    {
        "Video Name": "51688142-10e7-48ab-adef-2caa5448b456",
        "Start Frame": 3240,
        "End Frame": 3360,
        "Caption": "#C C fixes a sisal ; #C C Adjusts the reeds on a; #C C fixes a sisal ; #C C fixes a sisal ; #C C fixes a sisal "
    },
    {
        "Video Name": "51688142-10e7-48ab-adef-2caa5448b456",
        "Start Frame": 3360,
        "End Frame": 3480,
        "Caption": "#C C weaves a basket; #C C weaves a basket; #C C weaves the basket with the palm frond in his right hand.; #C C fixes a sisal ; #C C inserts reed on basket"
    },
    {
        "Video Name": "51688142-10e7-48ab-adef-2caa5448b456",
        "Start Frame": 3480,
        "End Frame": 3600,
        "Caption": "#C C weaves the basket with the palm frond in his right hand.; #C C weaves a basket; #C C weaves the basket with the bamboo strips; #C C fixes a sisal ; #C C fixes a sisal "
    },
    {
        "Video Name": "51688142-10e7-48ab-adef-2caa5448b456",
        "Start Frame": 3600,
        "End Frame": 3720,
        "Caption": "#C C weaves a basket; #C C weaves the basket with the palm frond in his right hand.; #C C weaves the basket; #C C fixes a sisal ; #C C tightens a sisal"
    },
    {
        "Video Name": "51688142-10e7-48ab-adef-2caa5448b456",
        "Start Frame": 3720,
        "End Frame": 3840,
        "Caption": "#C C weaves the basket; #C C weaves the basket with the bamboo sticks in both hands; #C C fixes a sisal ; #C C weaves a basket; #C C fixes a sisal"
    },
    {
        "Video Name": "51688142-10e7-48ab-adef-2caa5448b456",
        "Start Frame": 3840,
        "End Frame": 3960,
        "Caption": "#C C picks a knife ; #C C picks a machete; #C C picks a knife ; #C C picks a knife ; #C C picks a machete"
    },
    {
        "Video Name": "51688142-10e7-48ab-adef-2caa5448b456",
        "Start Frame": 3960,
        "End Frame": 4080,
        "Caption": "#C C puts the knife down ; #C C picks sickle; #C C puts the knife down; #C C puts a machete on the ground; #C C puts the knife down"
    },
    {
        "Video Name": "51688142-10e7-48ab-adef-2caa5448b456",
        "Start Frame": 4080,
        "End Frame": 4200,
        "Caption": "#C C weaves the basket with the palm frond in his right hand. ; #C C weaves the basket with the palm frond in his right hand. ; #C C makes palm mat with a bamboo stick; #C C weaves the basket with the palm frond in his right hand. ; #C C weaves the basket with the palm frond in his right hand. "
    },
    {
        "Video Name": "51688142-10e7-48ab-adef-2caa5448b456",
        "Start Frame": 4200,
        "End Frame": 4320,
        "Caption": "#C C weaves the basket with the bamboo strips; #C C Adjusts the bamboo sticks; #C C weaves a basket; #C C weaves the basket with the bamboo strips; #C C weaves a basket"
    },
    {
        "Video Name": "51688142-10e7-48ab-adef-2caa5448b456",
        "Start Frame": 4320,
        "End Frame": 4440,
        "Caption": "#C C tightens the sisal; #C C weaves the basket with the bamboo strip in both hands; #C C weaves the basket with the bamboo strips; #C C weaves the basket with the bamboo strips; #C C fixes a sisal "
    },
    {
        "Video Name": "51688142-10e7-48ab-adef-2caa5448b456",
        "Start Frame": 4440,
        "End Frame": 4560,
        "Caption": "#C C fixes a sisal ; #C C weaves the basket with the bamboo stroke using both hands; #C C weaves the basket; #C C Adjusts the bamboo sticks; #C C fixes a sisal "
    },
    {
        "Video Name": "51688142-10e7-48ab-adef-2caa5448b456",
        "Start Frame": 4560,
        "End Frame": 4680,
        "Caption": "#C C fixes a sisal ; #C C fixes a sisal ; #C C adjusts the basket between his legs with his left hand.; #C C fixes a sisal ; #C C weaves the basket with the bamboo strip in both hands"
    },
    {
        "Video Name": "51688142-10e7-48ab-adef-2caa5448b456",
        "Start Frame": 4680,
        "End Frame": 4800,
        "Caption": "#C C fixes a sisal; #C C turns basket; #C C rotates the basket; #C C rotates the basket; #C C rotates the basket"
    },
    {
        "Video Name": "51688142-10e7-48ab-adef-2caa5448b456",
        "Start Frame": 4800,
        "End Frame": 4920,
        "Caption": "#C C Adjusts the bamboo strips; #C C tightens the sisal; #C C weaves the basket with the bamboo strip in both hands; #C C fixes a sisal ; #C C weaves the basket with the bamboo strips"
    },
    {
        "Video Name": "51688142-10e7-48ab-adef-2caa5448b456",
        "Start Frame": 4920,
        "End Frame": 5040,
        "Caption": "#C C makes the basket; #C C inserts the bamboo strip in his left hand into the basket on his legs; #C C rotates the basket; #C C fixes a sisal ; #C C fixes a sisal "
    },
    {
        "Video Name": "51688142-10e7-48ab-adef-2caa5448b456",
        "Start Frame": 5040,
        "End Frame": 5160,
        "Caption": "#C C weaves the basket; #C C rotates the basket; #C C tightens the s; #C C tightens the s; #C C tightens the s"
    },
    {
        "Video Name": "51688142-10e7-48ab-adef-2caa5448b456",
        "Start Frame": 5160,
        "End Frame": 5280,
        "Caption": "#C C tightens the s; #C C Weaves the basket; #C C tightens the s; #C C Weaves the basket; #C C fixes a sisal"
    },
    {
        "Video Name": "51688142-10e7-48ab-adef-2caa5448b456",
        "Start Frame": 5280,
        "End Frame": 5400,
        "Caption": "#C C tightens the sisal; #C C Adjusts the basket; #C C Adjusts the reed; #C C Adjusts the reed; #C C sews a basket with a fiber"
    }
]