[
    {
        "Video Name": "51bea80c-3f6f-4406-ac56-9af2a547b2bf",
        "Start Frame": 0,
        "End Frame": 120,
        "Caption": "#C C drops the fruit into the bowl; #C C Puts down a piece of pomegran; #C C throws waste; #C C puts the fruits into the basin; #C C puts the fruits in the basin"
    },
    {
        "Video Name": "51bea80c-3f6f-4406-ac56-9af2a547b2bf",
        "Start Frame": 120,
        "End Frame": 240,
        "Caption": "#C C Puts seeds in a bowl; #C C drops the fruit into the tray; #C C removes the pomegranate seed from the pomegranate with his right hand; #C C puts pomegranate seeds in the tray; #C C puts pomegranate seeds in the tray"
    },
    {
        "Video Name": "51bea80c-3f6f-4406-ac56-9af2a547b2bf",
        "Start Frame": 240,
        "End Frame": 360,
        "Caption": "#C C drops the fruits into the; #C C puts the fruits in the; #C C puts the fruits in the; #C C puts the fruits in the; #C C puts the fruits in the"
    },
    {
        "Video Name": "51bea80c-3f6f-4406-ac56-9af2a547b2bf",
        "Start Frame": 360,
        "End Frame": 480,
        "Caption": "#C C puts the fruits in the bowl; #C C drops the pomegranate pod in his right hand in the tray on the carpet; #C C peels pomegranate with both hands into the bowl.; #C C removes the pomegranate seeds ; #C C puts the fruit in the basin"
    },
    {
        "Video Name": "51bea80c-3f6f-4406-ac56-9af2a547b2bf",
        "Start Frame": 480,
        "End Frame": 600,
        "Caption": "#C C Removes seeds from a pomegranate; #C C removes the fruit from the cover; #O The woman A peels pomegranate with both hands into the bowl on the carpet; #C C removes the fruit from the peel; #C C drops the pomegranate seed in his right hand in the tray on the carpet"
    },
    {
        "Video Name": "51bea80c-3f6f-4406-ac56-9af2a547b2bf",
        "Start Frame": 600,
        "End Frame": 720,
        "Caption": "#O The woman X picks pomegranate seed from the cream plastic on the carpet with her right hand; #C C drops the fruit in the bowl; #C C removes seeds from the pomegranate in his left hand with his right hand.; #C C removes the fruit from the shell; #C C puts the fruit in the plate"
    },
    {
        "Video Name": "51bea80c-3f6f-4406-ac56-9af2a547b2bf",
        "Start Frame": 720,
        "End Frame": 840,
        "Caption": "#C C drops the pomegranate seed into the tray with his right hand.; #C C puts the pomegranate shaft in his right hand in the tray on the carpet; #C C puts the fruits on the plate; #C C places the fruit in the plate; #C C puts the pomegranate seed in the bowl on the carpet with his right hand"
    },
    {
        "Video Name": "51bea80c-3f6f-4406-ac56-9af2a547b2bf",
        "Start Frame": 840,
        "End Frame": 960,
        "Caption": "#C C Removes seeds from pomegranate; #C C removes the seed from the pomegranate in his left hand with his right hand; #O The woman X peels pomegranate with both hands into the bowl.; #C C peels pomegranate with both hands into the bowl on the carpet.; #C C looks around"
    },
    {
        "Video Name": "51bea80c-3f6f-4406-ac56-9af2a547b2bf",
        "Start Frame": 960,
        "End Frame": 1080,
        "Caption": "#C C drops the pomegranate pod in her right hand in the tray on the carpet; #C C removes the outer cover; #C C removes the seed from the pomegranate; #C C drops the pomegranate seed in the tray with his right hand.; #C C puts the fruits in the plate"
    },
    {
        "Video Name": "51bea80c-3f6f-4406-ac56-9af2a547b2bf",
        "Start Frame": 1080,
        "End Frame": 1200,
        "Caption": "#O The woman X drops seed shells into the tray with her right hand. ; #C C removes the fruit from the skin; #O The woman X drops pomegranate seed in her right hand into the tray on the carpet.; #C C puts the fruits in the plate; #C C puts the pomegranate seeds in the knife into the bowl on the carpet with her right hand."
    },
    {
        "Video Name": "51bea80c-3f6f-4406-ac56-9af2a547b2bf",
        "Start Frame": 1200,
        "End Frame": 1320,
        "Caption": "#C C puts the fruit in the; #C C drops the fruit on the; #C C drops the fruit in the; #C C puts fruits in the basin; #C C puts the fruit in the"
    },
    {
        "Video Name": "51bea80c-3f6f-4406-ac56-9af2a547b2bf",
        "Start Frame": 1320,
        "End Frame": 1440,
        "Caption": "#C C drops the fruits into the tray; #C C removes seeds from the fruit; #C C removes seed from the fruit; #C C removes seeds from the pomegranate in his left hand with his right hand.; #C C plucks the fruit "
    },
    {
        "Video Name": "51bea80c-3f6f-4406-ac56-9af2a547b2bf",
        "Start Frame": 1440,
        "End Frame": 1560,
        "Caption": "#C C drops the pomegranate pod in her right hand in the tray on the carpet; #C C puts the fruits in the dish; #C C drops seed shells into the tray with her right hand. ; #C C drops the fruit in the basin; #C C Puts down a fruit"
    },
    {
        "Video Name": "51bea80c-3f6f-4406-ac56-9af2a547b2bf",
        "Start Frame": 1560,
        "End Frame": 1680,
        "Caption": "#C C removes the seed from the fruit; #C C puts the fruits in the plate; #C C peels the pomegranate with both hands into the bowl; #C C puts the fruits in the bowl; #C C puts the fruits in the plate"
    },
    {
        "Video Name": "51bea80c-3f6f-4406-ac56-9af2a547b2bf",
        "Start Frame": 1680,
        "End Frame": 1800,
        "Caption": "#C C throws waste aside ; #C C picks a pomegranate seed from the cream plastic on the carpet with her right hand; #C C puts waste aside; #C C puts waste aside ; #C C puts waste on the plate"
    },
    {
        "Video Name": "51bea80c-3f6f-4406-ac56-9af2a547b2bf",
        "Start Frame": 1800,
        "End Frame": 1920,
        "Caption": "#C C interacts with woman X; #C C removes the fruit's seed; #C C removes the fruit seeds; #C C Cuts a pomegranate with his hands; #C C peels pomegranate with both hands into the bowl"
    },
    {
        "Video Name": "51bea80c-3f6f-4406-ac56-9af2a547b2bf",
        "Start Frame": 1920,
        "End Frame": 2040,
        "Caption": "#C C removes the seed from the pomegranate with his right hand.; #C C removes the pomegranate seeds from the pomegranate plant into the bowl on the carpet with his right hand; #C C drops the pomegranate plant into the tray on the carpet with his left hand.; #C C Puts seeds in a bowl; #C C pours the seeds"
    },
    {
        "Video Name": "51bea80c-3f6f-4406-ac56-9af2a547b2bf",
        "Start Frame": 2040,
        "End Frame": 2160,
        "Caption": "#C C peels pomegranate with both hands into the bowl.; #C C pours the pomegranate seed in his right hand into the cream plastic on the carpet; #C C removes the fruit from the shell; #C C peels the pomegranate with both hands into the bowl on the carpet.; #C C drops the pomegranate in the cream plastic into the tray with his right hand. "
    },
    {
        "Video Name": "51bea80c-3f6f-4406-ac56-9af2a547b2bf",
        "Start Frame": 2160,
        "End Frame": 2280,
        "Caption": "#C C interacts with woman B; #C C interacts with person X; #C C interacts with woman A; #C C looks around ; #C C puts the fruit in the"
    },
    {
        "Video Name": "51bea80c-3f6f-4406-ac56-9af2a547b2bf",
        "Start Frame": 2280,
        "End Frame": 2400,
        "Caption": "#C C looks around; #C C interacts with person X; #C C puts the fruit in the; #C C interacts with a lady X; #C C interacts with person X"
    },
    {
        "Video Name": "51bea80c-3f6f-4406-ac56-9af2a547b2bf",
        "Start Frame": 2400,
        "End Frame": 2520,
        "Caption": "#C C drops the pomegranate pod in her right hand in the tray on the carpet; #C C interacts with woman Y; #C C looks around; #C C removes the fruit from the cover; #C C Cuts a pomegranate with his hands"
    },
    {
        "Video Name": "51bea80c-3f6f-4406-ac56-9af2a547b2bf",
        "Start Frame": 2520,
        "End Frame": 2640,
        "Caption": "#O The woman X peels pomegranate with both hands into the bowl on the carpet.; #O The woman X drops the pomegranate pod in her right hand in the tray on the carpet; #C C drops the fruits into the tray; #O A person X puts seeds in the dish; #C C drops the pomegranate seeds in his right hand in the tray on the carpet."
    },
    {
        "Video Name": "51bea80c-3f6f-4406-ac56-9af2a547b2bf",
        "Start Frame": 2640,
        "End Frame": 2760,
        "Caption": "#C C drops the fruit into the tray; #C C removes seeds from the pomegranate with his right hand; #C C drops the fruits in the basin; #C C puts the fruits in the plate; #C C removes the fruit's seeds"
    },
    {
        "Video Name": "51bea80c-3f6f-4406-ac56-9af2a547b2bf",
        "Start Frame": 2760,
        "End Frame": 2880,
        "Caption": "#C C removes the fruit seeds from the fruit; #C C peels pomegranate with both hands into the bowl; #C C removes the seeds from the fruit; #C C Puts seeds in a bowl; #C C removes the fruit's seed from the fruit"
    },
    {
        "Video Name": "51bea80c-3f6f-4406-ac56-9af2a547b2bf",
        "Start Frame": 2880,
        "End Frame": 3000,
        "Caption": "#C C converses with woman X; #C C drops the pomegranate seed into the cream plastic on the carpet with his right hand; #C C peels the pomegranate with both hands into the bowl.; #C C puts the fruit in the plate; #C C converses with the woman X."
    },
    {
        "Video Name": "51bea80c-3f6f-4406-ac56-9af2a547b2bf",
        "Start Frame": 3000,
        "End Frame": 3120,
        "Caption": "#C C drops the fruits in the; #C C picks the fruit; #C C drops the fruit in the; #C C drops the fruit into the; #C C drops the fruit in the"
    },
    {
        "Video Name": "51bea80c-3f6f-4406-ac56-9af2a547b2bf",
        "Start Frame": 3120,
        "End Frame": 3240,
        "Caption": "#C C drops the pomegranate in his right hand in the tray on the carpet; #C C drops the pomegranate seed into the tray with his right hand.; #C C peels the pomegranate with both hands.; #C C puts the fruits in the bowl; #C C peels the pomegranate with his right hand."
    },
    {
        "Video Name": "51bea80c-3f6f-4406-ac56-9af2a547b2bf",
        "Start Frame": 3240,
        "End Frame": 3360,
        "Caption": "#C C peels pomegran; #C C cuts the fruit; #C C interacts with woman X; #C C talks with a lady X; #C C interacts with woman Y"
    },
    {
        "Video Name": "51bea80c-3f6f-4406-ac56-9af2a547b2bf",
        "Start Frame": 3360,
        "End Frame": 3480,
        "Caption": "#C C peels pomegranate with both hands into the bowl.; #C C takes the fruits from the bowl; #C C holds the pomegranate plant in his left hand.; #C C peels the pomegranate with both hands. ; #C C Threshes pomegranate seeds"
    },
    {
        "Video Name": "51bea80c-3f6f-4406-ac56-9af2a547b2bf",
        "Start Frame": 3480,
        "End Frame": 3600,
        "Caption": "#C C drops the pomegranate pod in his right hand in the tray on the carpet; #C C removes the fruit from the shell; #C C drops the fruit in the tray; #C C removes seeds from the pomegranate pod with his right hand.; #C C removes seeds from the pomegranate with his right hand."
    },
    {
        "Video Name": "51bea80c-3f6f-4406-ac56-9af2a547b2bf",
        "Start Frame": 3600,
        "End Frame": 3720,
        "Caption": "#C C looks around; #C C looks around; #C C looks around; #C C looks around ; #O A lady X interacts with"
    },
    {
        "Video Name": "51bea80c-3f6f-4406-ac56-9af2a547b2bf",
        "Start Frame": 3720,
        "End Frame": 3840,
        "Caption": "#C C puts the fruit on the plate; #C C plucks the fruit; #C C cuts the pomegranate ; #C C drops the pomegranate pod in his right hand in the tray on the carpet.; #C C removes the pomegranate seed from the pomegranate plant into the cream plastic on the carpet with his right hand"
    },
    {
        "Video Name": "51bea80c-3f6f-4406-ac56-9af2a547b2bf",
        "Start Frame": 3840,
        "End Frame": 3960,
        "Caption": "#C C drops the pomegranate pod in the tray on the carpet with his right hand.; #C C removes the fruits from the shell; #C C removes the pomegranate seeds from the pomegranate plant into the bowl with his right hand; #C C removes the fruit from the shell; #C C removes the pomegranate seeds from the pomegranate with his right hand."
    },
    {
        "Video Name": "51bea80c-3f6f-4406-ac56-9af2a547b2bf",
        "Start Frame": 3960,
        "End Frame": 4080,
        "Caption": "#C C puts the fruits in the bowl; #C C puts the fruits in the plate; #C C throws the pomegranate seed in his right hand in the tray on the carpet; #C C removes the seeds from the pomegranate pod with his right hand.; #C C puts the fruits in the bowl"
    },
    {
        "Video Name": "51bea80c-3f6f-4406-ac56-9af2a547b2bf",
        "Start Frame": 4080,
        "End Frame": 4200,
        "Caption": "#C C puts the pomegranate seeds in the bowl on the carpet with her right hand; #C C throws waste; #C C throws waste; #C C puts the fruit on the plate; #C C puts the seed on a bowl"
    },
    {
        "Video Name": "51bea80c-3f6f-4406-ac56-9af2a547b2bf",
        "Start Frame": 4200,
        "End Frame": 4320,
        "Caption": "#C C removes the fruits from the; #C C drops the fruits in the; #C C interacts with the woman X; #C C puts the fruits in the; #C C puts the fruit in the"
    },
    {
        "Video Name": "51bea80c-3f6f-4406-ac56-9af2a547b2bf",
        "Start Frame": 4320,
        "End Frame": 4440,
        "Caption": "#C C puts the fruit in the bowl; #C C puts the fruits in the bowl; #C C interacts with the woman X.; #C C drops the pomegranate seed into the tray with her right hand; #C C removes the seeds from the pomegranate with his right hand."
    },
    {
        "Video Name": "51bea80c-3f6f-4406-ac56-9af2a547b2bf",
        "Start Frame": 4440,
        "End Frame": 4560,
        "Caption": "#C C eats the fruit ; #C C removes the seeds ; #C C puts fruits in the; #C C interacts with woman X; #C C puts fruits in the"
    },
    {
        "Video Name": "51bea80c-3f6f-4406-ac56-9af2a547b2bf",
        "Start Frame": 4560,
        "End Frame": 4680,
        "Caption": "#O The woman A picks pomegranate seeds from the bowl with her right hand; #C C removes the seeds from the pomegranate with his hands.; #C C Removes seeds from a pomegranate; #O A lady X puts seeds on a bowl; #C C removes the seed from the pomegranate with his right hand."
    },
    {
        "Video Name": "51bea80c-3f6f-4406-ac56-9af2a547b2bf",
        "Start Frame": 4680,
        "End Frame": 4800,
        "Caption": "#O A person D  picks a fruit from a bowl; #O The woman B puts pomegranate seeds in her right hand in the tray in her left hand.; #O The woman A picks pomegranate seeds from the bowl with her right hand.; #O The woman A takes pomegranate seed from the bowl with her right hand.; #O The woman A pours the pomegranate seeds in her right hand in the tray on the carpet"
    },
    {
        "Video Name": "51bea80c-3f6f-4406-ac56-9af2a547b2bf",
        "Start Frame": 4800,
        "End Frame": 4920,
        "Caption": "#C C pours the fruits in the bowl; #C C Removes seeds from pomegranate; #O The woman X pours the pomegranate seed in her right hand into the tray on the carpet; #C C removes the seed from the pomegranate with his right hand.; #C C removes the fruit from the stalk"
    },
    {
        "Video Name": "51bea80c-3f6f-4406-ac56-9af2a547b2bf",
        "Start Frame": 4920,
        "End Frame": 5040,
        "Caption": "#C C removes the seed; #C C drops the fruits in the basin; #C C puts the fruits in the plate; #C C throws waste on the lid; #C C drops the pomegranate pod in her right hand into the tray on the carpet"
    },
    {
        "Video Name": "51bea80c-3f6f-4406-ac56-9af2a547b2bf",
        "Start Frame": 5040,
        "End Frame": 5160,
        "Caption": "#C C peels pomegranate with both hands into the bowl. ; #C C drops the pomegranate seed in his right hand in the tray on the carpet; #C C removes the fruit from the seed; #C C removes the fruits from the shell; #C C sheds the pomegranate plant into the cream plastic on the carpet with both hands"
    },
    {
        "Video Name": "51bea80c-3f6f-4406-ac56-9af2a547b2bf",
        "Start Frame": 5160,
        "End Frame": 5280,
        "Caption": "#C C puts waste in the plate; #C C drops the pomegranate seeds in his right hand in the tray on the carpet; #C C drops the fruit into the tray; #C C picks the fruits from the basin; #C C takes the fruit"
    },
    {
        "Video Name": "51bea80c-3f6f-4406-ac56-9af2a547b2bf",
        "Start Frame": 5280,
        "End Frame": 5400,
        "Caption": "#C C cuts the fruit; #C C eats fruit ; #C C looks around; #C C interacts with person; #C C interacts with woman"
    }
]