[
    {
        "Video Name": "59dcde1d-f210-48fc-b888-5574d8962a2c",
        "Start Frame": 0,
        "End Frame": 120,
        "Caption": "#C C opens the bottle of thinner with his right hand; #C C covers the bottle with the cover; #C C opens the bottle of wood polish with his right hand; #C C opens the bottle with his right hand; #C C picks a lid"
    },
    {
        "Video Name": "59dcde1d-f210-48fc-b888-5574d8962a2c",
        "Start Frame": 120,
        "End Frame": 240,
        "Caption": "#C C stirs the paint in the coconut shell with the paintbrush in his right hand; #C C dips the paint brush in the wood polish; #C C dips the paintbrush into the paint in the coconut shell; #C C stirs the paint with the paint brush; #C C picks up the brush"
    },
    {
        "Video Name": "59dcde1d-f210-48fc-b888-5574d8962a2c",
        "Start Frame": 240,
        "End Frame": 360,
        "Caption": "#C C dips the paintbrush in the coconut shell; #C C touches the paint in the coconut shell with the brush in his right hand; #C C removes the woody substance in the coconut shell with the paintbrush; #C C removes the paint on the coconut shell with a paint brush; #C C wipes the bristles of the paint brush on the coconut shell"
    },
    {
        "Video Name": "59dcde1d-f210-48fc-b888-5574d8962a2c",
        "Start Frame": 360,
        "End Frame": 480,
        "Caption": "#C C stares at the paint; #C C removes the brush from the paint; #C C stares around; #C C stares the paint ; #C C dips the paint brush into the coconut"
    },
    {
        "Video Name": "59dcde1d-f210-48fc-b888-5574d8962a2c",
        "Start Frame": 480,
        "End Frame": 600,
        "Caption": "#C C walks towards the; #C C walks towards the; #C C walks in the; #C C walks around; #C C walks towards the"
    },
    {
        "Video Name": "59dcde1d-f210-48fc-b888-5574d8962a2c",
        "Start Frame": 600,
        "End Frame": 720,
        "Caption": "#C C paints the furniture with the; #C C paints the furniture with the; #C C paints the furniture with the; #C C paints the furniture with the; #C C paints the furniture with the"
    },
    {
        "Video Name": "59dcde1d-f210-48fc-b888-5574d8962a2c",
        "Start Frame": 720,
        "End Frame": 840,
        "Caption": "#C C paints the furniture with the; #C C paints the furniture with the; #C C paints the furniture with the; #C C paints the furniture with the; #C C paints the furniture with the"
    },
    {
        "Video Name": "59dcde1d-f210-48fc-b888-5574d8962a2c",
        "Start Frame": 840,
        "End Frame": 960,
        "Caption": "#C C dips the paintbrush into the paint in the coconut; #C C dips the paintbrush into the paint in the coconut; #C C dips the paintbrush into the paint in the coconut; #C C paints the furniture with the paintbrush with his right; #C C paints the furniture with the paintbrush"
    },
    {
        "Video Name": "59dcde1d-f210-48fc-b888-5574d8962a2c",
        "Start Frame": 960,
        "End Frame": 1080,
        "Caption": "#C C paints the furniture with the brush; #C C paints the furniture with the paint; #C C paints the furniture with the paint; #C C paints the furniture with the brush; #C C paints the furniture with the brush"
    },
    {
        "Video Name": "59dcde1d-f210-48fc-b888-5574d8962a2c",
        "Start Frame": 1080,
        "End Frame": 1200,
        "Caption": "#C C paints the furniture with the brush; #C C paints the furniture with the brush; #C C paints the furniture with the brush; #C C paints the wardrobe with the paintbrush with his right hand; #C C paints the wooden furniture with the paint brush in his right"
    },
    {
        "Video Name": "59dcde1d-f210-48fc-b888-5574d8962a2c",
        "Start Frame": 1200,
        "End Frame": 1320,
        "Caption": "#C C paints the furniture.; #C C inserts the paint brush into the coconut shell containing paint; #C C removes the paint brush from the paint; #C C dips the paintbrush into the paint in the coconut; #C C paints the furniture."
    },
    {
        "Video Name": "59dcde1d-f210-48fc-b888-5574d8962a2c",
        "Start Frame": 1320,
        "End Frame": 1440,
        "Caption": "#C C stares at the cabinet; #C C stares at the wood furniture; #C C stares at the wooden box; #C C paints the cupboard.; #C C applies the wood polish on the"
    },
    {
        "Video Name": "59dcde1d-f210-48fc-b888-5574d8962a2c",
        "Start Frame": 1440,
        "End Frame": 1560,
        "Caption": "#C C paints the cabinet.; #C C paints a cabinet with the paint; #C C paints the cabinet with the brush; #C C looks at the furniture.; #C C paints the furniture."
    },
    {
        "Video Name": "59dcde1d-f210-48fc-b888-5574d8962a2c",
        "Start Frame": 1560,
        "End Frame": 1680,
        "Caption": "#C C paints the furniture; #C C paints the furniture; #C C paints the furniture; #C C paints the furniture; #C C paints the furniture"
    },
    {
        "Video Name": "59dcde1d-f210-48fc-b888-5574d8962a2c",
        "Start Frame": 1680,
        "End Frame": 1800,
        "Caption": "#C C paints the furniture; #C C paints the furniture with the paint; #C C paints the furniture.; #C C paints the furniture.; #C C paints the furniture with the paint"
    },
    {
        "Video Name": "59dcde1d-f210-48fc-b888-5574d8962a2c",
        "Start Frame": 1800,
        "End Frame": 1920,
        "Caption": "#C C paints the furniture.; #C C paints a cabinet using a brush; #C C paints a cabinet using a brush; #C C paints a cabinet using a brush; #C C paints a cabinet using a brush"
    },
    {
        "Video Name": "59dcde1d-f210-48fc-b888-5574d8962a2c",
        "Start Frame": 1920,
        "End Frame": 2040,
        "Caption": "#C C paints a cabinet using a brush; #C C paints the furniture with the brush; #C C paints the furniture with the brush; #C C paints the furniture.; #C C paints the furniture."
    },
    {
        "Video Name": "59dcde1d-f210-48fc-b888-5574d8962a2c",
        "Start Frame": 2040,
        "End Frame": 2160,
        "Caption": "#C C wipes the drawer; #C C cleans the furniture with his right hand; #C C smoothens a  cupboard with a sandpaper; #C C cleans the furniture with his right hand; #C C touches the table with the right hand"
    },
    {
        "Video Name": "59dcde1d-f210-48fc-b888-5574d8962a2c",
        "Start Frame": 2160,
        "End Frame": 2280,
        "Caption": "#C C paints the furniture with the paint; #C C paints the furniture.; #C C paints the furniture with the paint; #C C paints the furniture.; #C C paints the furniture with the paint"
    },
    {
        "Video Name": "59dcde1d-f210-48fc-b888-5574d8962a2c",
        "Start Frame": 2280,
        "End Frame": 2400,
        "Caption": "#C C paints the cupboard with the paint; #C C paints the furniture with the brush; #C C paints the furniture; #C C looks at the wooden furniture; #C C paints the furniture with the wood paint"
    },
    {
        "Video Name": "59dcde1d-f210-48fc-b888-5574d8962a2c",
        "Start Frame": 2400,
        "End Frame": 2520,
        "Caption": "#C C paints the furniture with the brush; #C C paints the furniture with the wood polish; #C C stares at the wooden furniture; #C C adjusts the furniture with his right hand; #C C paints the furniture with the wood glue"
    },
    {
        "Video Name": "59dcde1d-f210-48fc-b888-5574d8962a2c",
        "Start Frame": 2520,
        "End Frame": 2640,
        "Caption": "#C C paints the furniture.; #C C paints the furniture.; #C C paints the furniture.; #C C paints the furniture.; #C C paints the furniture with the paint"
    },
    {
        "Video Name": "59dcde1d-f210-48fc-b888-5574d8962a2c",
        "Start Frame": 2640,
        "End Frame": 2760,
        "Caption": "#C C holds the coconut shell; #C C moves the hand holding the coconut shell; #C C adjusts the coconut shell; #C C paints the wooden furniture with the paint; #C C hits the coconut shell with the knife"
    },
    {
        "Video Name": "59dcde1d-f210-48fc-b888-5574d8962a2c",
        "Start Frame": 2760,
        "End Frame": 2880,
        "Caption": "#C C paints the wooden furniture with the paint; #C C paints the wooden furniture with the paint; #C C paints the wooden furniture with the paint; #C C paints the wooden furniture with the paint; #C C paints the wooden furniture with the paint"
    },
    {
        "Video Name": "59dcde1d-f210-48fc-b888-5574d8962a2c",
        "Start Frame": 2880,
        "End Frame": 3000,
        "Caption": "#C C paints the top most part of the drawer with the paint; #C C paints the wooden structure with the paint brush; #C C paints the wooden furniture with the paintbrush; #C C paints the furniture; #C C paints the wooden furniture with the paint brush"
    },
    {
        "Video Name": "59dcde1d-f210-48fc-b888-5574d8962a2c",
        "Start Frame": 3000,
        "End Frame": 3120,
        "Caption": "#C C paints the wooden furniture with the paintbrush; #C C paints the wooden structure with the paintbrush; #C C paints the wardrobe with the paintbrush with his right; #C C paints the wooden furniture with the paintbrush; #C C paints the wooden structure with the paint brush"
    },
    {
        "Video Name": "59dcde1d-f210-48fc-b888-5574d8962a2c",
        "Start Frame": 3120,
        "End Frame": 3240,
        "Caption": "#C C paints the top most part of the wooden furniture with the paint; #C C paints the furniture; #C C paints the top most part of the drawer; #C C paints the wooden furniture with the paint brush; #C C paints the furniture with the paint brush"
    },
    {
        "Video Name": "59dcde1d-f210-48fc-b888-5574d8962a2c",
        "Start Frame": 3240,
        "End Frame": 3360,
        "Caption": "#C C dips the paint brush into the paint in the coconut; #C C dips the paintbrush into the paint in the coconut; #C C dips the paintbrush into the paint in the coconut; #C C dips the paintbrush into the paint in the coconut; #C C takes paint from the coconut shell with the paintbrush"
    },
    {
        "Video Name": "59dcde1d-f210-48fc-b888-5574d8962a2c",
        "Start Frame": 3360,
        "End Frame": 3480,
        "Caption": "#C C paints a cabinet using a brush ; #C C paints the wooden furniture with the paint; #C C paints the wooden furniture with the paint; #C C paints the wooden furniture with the paint; #C C paints the wooden furniture with the paint"
    },
    {
        "Video Name": "59dcde1d-f210-48fc-b888-5574d8962a2c",
        "Start Frame": 3480,
        "End Frame": 3600,
        "Caption": "#C C paints the furniture with the brush; #C C paints the furniture with the brush; #C C paints the furniture with the brush; #C C paints the furniture with the brush; #C C paints the wooden furniture with the paint"
    },
    {
        "Video Name": "59dcde1d-f210-48fc-b888-5574d8962a2c",
        "Start Frame": 3600,
        "End Frame": 3720,
        "Caption": "#C C stands up; #C C stands up; #C C stands up; #C C puts the coconut shell on the floor; #C C stands up"
    },
    {
        "Video Name": "59dcde1d-f210-48fc-b888-5574d8962a2c",
        "Start Frame": 3720,
        "End Frame": 3840,
        "Caption": "#C C moves towards the bench; #C C turns to the right; #C C interacts with the boy X; #C C walks towards the door; #C C walks towards a door."
    },
    {
        "Video Name": "59dcde1d-f210-48fc-b888-5574d8962a2c",
        "Start Frame": 3840,
        "End Frame": 3960,
        "Caption": "#C C drops the paint can on the bench with his right hand; #C C drops the paint can on the bench with his right hand; #C C picks up the paint can; #C C drops the paint can on the bench; #C C drops the paint can on the bench"
    },
    {
        "Video Name": "59dcde1d-f210-48fc-b888-5574d8962a2c",
        "Start Frame": 3960,
        "End Frame": 4080,
        "Caption": "#C C pours the wood polish into the coconut shell; #C C pours the wood filler into the coconut shell; #C C pours the wood varnish in the coconut; #C C pours the wood finish oil in the coconut shell; #C C pours the paint into the coconut shell"
    },
    {
        "Video Name": "59dcde1d-f210-48fc-b888-5574d8962a2c",
        "Start Frame": 4080,
        "End Frame": 4200,
        "Caption": "#C C puts the paint brush on the bench ; #C C picks up a paintbrush from the bench with his right; #C C drops the brush on the bench with his right hand; #C C picks a paint brush; #C C picks the paint brush"
    },
    {
        "Video Name": "59dcde1d-f210-48fc-b888-5574d8962a2c",
        "Start Frame": 4200,
        "End Frame": 4320,
        "Caption": "#C C stirs the paint with the paint brush; #C C stirs the paint in the coconut shell with the wooden stick in his right hand.; #C C stirs the paint in the coconut shell with the wooden paint bucket in his left hand; #C C stirs the paint in the coconut shell with the paintbrush in his right hand.; #C C dips the paintbrush into the coconut shell with his right hand."
    },
    {
        "Video Name": "59dcde1d-f210-48fc-b888-5574d8962a2c",
        "Start Frame": 4320,
        "End Frame": 4440,
        "Caption": "#C C removes the paint brash from the coconut shell; #C C dips the paintbrush in a coconut shell; #C C stirs the paint with the wood paint brash; #C C stirs the wood paint with the coconut shell; #C C dips the paint brush into the coconut shell"
    },
    {
        "Video Name": "59dcde1d-f210-48fc-b888-5574d8962a2c",
        "Start Frame": 4440,
        "End Frame": 4560,
        "Caption": "#C C stands; #C C stands; #C C stands; #C C stands; #C C stands"
    },
    {
        "Video Name": "59dcde1d-f210-48fc-b888-5574d8962a2c",
        "Start Frame": 4560,
        "End Frame": 4680,
        "Caption": "#C C dips the paint brush into the paint in the coconut; #C C dips the paintbrush into the paint in the coconut; #C C dips the paintbrush into the paint in the coconut; #C C dips the painting brush into the paint in the coconut; #C C dips the paintbrush into the paint in the coconut"
    },
    {
        "Video Name": "59dcde1d-f210-48fc-b888-5574d8962a2c",
        "Start Frame": 4680,
        "End Frame": 4800,
        "Caption": "#C C paints the wooden furniture with the paint brush in his right; #C C paints the furniture with the paint brush; #C C paints the furniture with the paint brush; #C C paints the furniture with the paint brush; #C C paints the cupboard with the paint brush."
    },
    {
        "Video Name": "59dcde1d-f210-48fc-b888-5574d8962a2c",
        "Start Frame": 4800,
        "End Frame": 4920,
        "Caption": "#C C paints the furniture with the paint brush; #C C paints the furniture; #C C paints the wooden furniture with the paint brush in his right; #C C paints the furniture with the paint brush; #C C paints the furniture with the paint brush"
    },
    {
        "Video Name": "59dcde1d-f210-48fc-b888-5574d8962a2c",
        "Start Frame": 4920,
        "End Frame": 5040,
        "Caption": "#C C paints the furniture with the paint brush; #C C paints the wooden furniture with the paint; #C C paints the wooden furniture with the paint; #C C paints the furniture; #C C paints the furniture with the paint brush"
    },
    {
        "Video Name": "59dcde1d-f210-48fc-b888-5574d8962a2c",
        "Start Frame": 5040,
        "End Frame": 5160,
        "Caption": "#C C dips the paint brush into the paint in the coconut; #C C dips the paintbrush into the paint in the coconut; #C C dips the painting brush into the paint.; #C C dips the paint brush in the paint; #C C dips the brush in the paint"
    },
    {
        "Video Name": "59dcde1d-f210-48fc-b888-5574d8962a2c",
        "Start Frame": 5160,
        "End Frame": 5280,
        "Caption": "#C C paints the furniture with the paintbrush with his right hand; #C C paints the furniture with the paint brush; #C C paints the wooden furniture with the paint brush; #C C paints the wooden furniture with the paint brush in his right; #C C paints the wooden furniture with the paint brush in his right"
    },
    {
        "Video Name": "59dcde1d-f210-48fc-b888-5574d8962a2c",
        "Start Frame": 5280,
        "End Frame": 5400,
        "Caption": "#C C paints the wooden furniture with the paint brush in his right; #C C paints the furniture; #C C paints the wooden furniture with the paint brush in his right; #C C paints the wooden furniture with the paintbrush with his right; #C C paints the wooden furniture with the paintbrush with his right"
    }
]