[
    {
        "Video Name": "5f584429-b12b-4b15-9975-bf0cbfeaf2bc",
        "Start Frame": 0,
        "End Frame": 120,
        "Caption": "#C C touches the miter saw; # C C rotates the table saw; #C C holds the handle of the mitre; #c c adjusts the wood cutter; #C C turns the miter saw"
    },
    {
        "Video Name": "5f584429-b12b-4b15-9975-bf0cbfeaf2bc",
        "Start Frame": 120,
        "End Frame": 240,
        "Caption": "#C C cuts the piece of wood with the wood cutter machine; #C C cuts the wood with the cutting machine; #C C cuts the timber with the timber cutting machine; #C C cuts the wood with the wood cutter machine; #C C cuts the timber with the timber cutter"
    },
    {
        "Video Name": "5f584429-b12b-4b15-9975-bf0cbfeaf2bc",
        "Start Frame": 240,
        "End Frame": 360,
        "Caption": "#C C cuts the wood with the miter; #C C cuts the wood with the miter; #C C cuts the wood with the mitre; #C C holds a miter saw; #C C holds the miter saw handle"
    },
    {
        "Video Name": "5f584429-b12b-4b15-9975-bf0cbfeaf2bc",
        "Start Frame": 360,
        "End Frame": 480,
        "Caption": "#C C cuts the wood; #C C stares at the wooden pieces; #C C holds the pieces of wood with his left; #C C puts the wood aside ; #C C pulls down the miter saw handle"
    },
    {
        "Video Name": "5f584429-b12b-4b15-9975-bf0cbfeaf2bc",
        "Start Frame": 480,
        "End Frame": 600,
        "Caption": "#C C walks around; #C C walks around; #C C walks around; #C C walks around; #C C walks around the"
    },
    {
        "Video Name": "5f584429-b12b-4b15-9975-bf0cbfeaf2bc",
        "Start Frame": 600,
        "End Frame": 720,
        "Caption": "#C C walks outside; #C C walks towards the house; #C C walks out of the; #C C walks outside; #C C walks outside "
    },
    {
        "Video Name": "5f584429-b12b-4b15-9975-bf0cbfeaf2bc",
        "Start Frame": 720,
        "End Frame": 840,
        "Caption": "#C C walks in the house; #C C walks around; #C C walks around; #C C walks in the house; #C C walks out of the"
    },
    {
        "Video Name": "5f584429-b12b-4b15-9975-bf0cbfeaf2bc",
        "Start Frame": 840,
        "End Frame": 960,
        "Caption": "#C C arranges the pieces of woods on the; #C C puts the pieces of woods on the floor; #c c puts the woods down; #C C arranges the wood ; #C C arranges the pieces of wood on the"
    },
    {
        "Video Name": "5f584429-b12b-4b15-9975-bf0cbfeaf2bc",
        "Start Frame": 960,
        "End Frame": 1080,
        "Caption": "#C C puts the piece of wood against the; #C C removes the piece of wood; #C C fixes the wood under the wall; #C C touches the timber ; #C C  aligns the wood on the"
    },
    {
        "Video Name": "5f584429-b12b-4b15-9975-bf0cbfeaf2bc",
        "Start Frame": 1080,
        "End Frame": 1200,
        "Caption": "#C C breaks the wood with his; #c c touches the wood; #C C aligns the wood; #C C aligns the wood; #C C pulls the timber"
    },
    {
        "Video Name": "5f584429-b12b-4b15-9975-bf0cbfeaf2bc",
        "Start Frame": 1200,
        "End Frame": 1320,
        "Caption": "#C C puts the piece of wood against the; #C C puts the pieces of woods on the; #C C pulls a piece of timber ; #c c fixes the wood on the wall; #c c removes the pieces of woods"
    },
    {
        "Video Name": "5f584429-b12b-4b15-9975-bf0cbfeaf2bc",
        "Start Frame": 1320,
        "End Frame": 1440,
        "Caption": "#C C places the piece of wood on the floor; #C C puts the piece of wood on the floor; #c c picks the piece of wood; #C C puts the piece of wood on the floor; #C C puts the wood against the wall"
    },
    {
        "Video Name": "5f584429-b12b-4b15-9975-bf0cbfeaf2bc",
        "Start Frame": 1440,
        "End Frame": 1560,
        "Caption": "#C C fixes the wood on the wall; #C C puts the piece of wood against the; #C C fixes the wood with the hand; #C C touches the wood ; #C C fits the piece of wood "
    },
    {
        "Video Name": "5f584429-b12b-4b15-9975-bf0cbfeaf2bc",
        "Start Frame": 1560,
        "End Frame": 1680,
        "Caption": "#c c touches the wood; #C C aligns the woods ; #C C fixes the wood on the; #c c puts the wood down; #C C touches the floor"
    },
    {
        "Video Name": "5f584429-b12b-4b15-9975-bf0cbfeaf2bc",
        "Start Frame": 1680,
        "End Frame": 1800,
        "Caption": "#C C aligns the timber; #C C removes the piece of wood; #C C removes the timber from the; #C C touches the floor with his; #c c pulls the wood"
    },
    {
        "Video Name": "5f584429-b12b-4b15-9975-bf0cbfeaf2bc",
        "Start Frame": 1800,
        "End Frame": 1920,
        "Caption": "#C C measures the wall with the tape measure; #C C places the tape measure on the wall; #C C places the tape measure on the wood; #C C measures the floor; #C C measures the wood"
    },
    {
        "Video Name": "5f584429-b12b-4b15-9975-bf0cbfeaf2bc",
        "Start Frame": 1920,
        "End Frame": 2040,
        "Caption": "#C C measures the timber; #C C measures the floor; #C C measures the floor; #C C marks the timber; #C C measures the wood with the tape"
    },
    {
        "Video Name": "5f584429-b12b-4b15-9975-bf0cbfeaf2bc",
        "Start Frame": 2040,
        "End Frame": 2160,
        "Caption": "#C C measures the wood with the tape measure; #C C measures the baseboard with the folding; #C C measures the wall with the folding ruler; #C C measures the wall ; #C C measures the wall with a tape measure"
    },
    {
        "Video Name": "5f584429-b12b-4b15-9975-bf0cbfeaf2bc",
        "Start Frame": 2160,
        "End Frame": 2280,
        "Caption": "#C C adjusts the piece of; #C C measures the wood; # C C measures  wood; #C C measures the wood; # C C measures the wood"
    },
    {
        "Video Name": "5f584429-b12b-4b15-9975-bf0cbfeaf2bc",
        "Start Frame": 2280,
        "End Frame": 2400,
        "Caption": "#C C measures the floor with the tape measure; #C C puts the piece of wood on the floor; #C C puts the piece of wood against the wall; #C C places the wood against the wall; #C C places the piece of wood on the floor"
    },
    {
        "Video Name": "5f584429-b12b-4b15-9975-bf0cbfeaf2bc",
        "Start Frame": 2400,
        "End Frame": 2520,
        "Caption": "#C C walks in the house; #C C walks into the house; #C C walks into the store room; #C C walks around the house; #C C walks out of the store"
    },
    {
        "Video Name": "5f584429-b12b-4b15-9975-bf0cbfeaf2bc",
        "Start Frame": 2520,
        "End Frame": 2640,
        "Caption": "#C C walks around the compound ; #C C walks around the compound; #C C walks on the pavement; #C C walks on the verand; #C C walks around the compound"
    },
    {
        "Video Name": "5f584429-b12b-4b15-9975-bf0cbfeaf2bc",
        "Start Frame": 2640,
        "End Frame": 2760,
        "Caption": "#C C walks to the other side of the; #C C walks away from the house; #C C walks to the house; #C C walks back to the house ; #C C walks around"
    },
    {
        "Video Name": "5f584429-b12b-4b15-9975-bf0cbfeaf2bc",
        "Start Frame": 2760,
        "End Frame": 2880,
        "Caption": "#C C holds the timber; #C C holds a timber; #C C picks a piece of timber; #C C places the wood under the mitre saw; #C C puts the wood on the circular saw machine"
    },
    {
        "Video Name": "5f584429-b12b-4b15-9975-bf0cbfeaf2bc",
        "Start Frame": 2880,
        "End Frame": 3000,
        "Caption": "#C C adjusts the miter saw handle; #C C adjusts the wood cutter; #C C adjusts the miter saw; #C C holds the miter saw handle; #C C holds a miter saw handle"
    },
    {
        "Video Name": "5f584429-b12b-4b15-9975-bf0cbfeaf2bc",
        "Start Frame": 3000,
        "End Frame": 3120,
        "Caption": "#C C cuts the piece of wood with the wood cutter; #C C Cuts a piece of wood with a wood; #C C cuts a piece of timber; #C C cuts the piece of wood with the miter; #C C cuts the timber with the miter saw"
    },
    {
        "Video Name": "5f584429-b12b-4b15-9975-bf0cbfeaf2bc",
        "Start Frame": 3120,
        "End Frame": 3240,
        "Caption": "#C C walks around the; #C C walks towards the; #C C walks to the; #C C walks around the; #C C walks around the"
    },
    {
        "Video Name": "5f584429-b12b-4b15-9975-bf0cbfeaf2bc",
        "Start Frame": 3240,
        "End Frame": 3360,
        "Caption": "#C C climbs the truck with his hands and; #C C climbs on the truck; #C C drops the plastic in the track; #C C jumps off the truck; #C C drops the wood"
    },
    {
        "Video Name": "5f584429-b12b-4b15-9975-bf0cbfeaf2bc",
        "Start Frame": 3360,
        "End Frame": 3480,
        "Caption": "#C C puts the tools in the truck; #C C drops the tool on the truck; #C C walks towards the car; #C C drops the screw driver in the; #C C walks around"
    },
    {
        "Video Name": "5f584429-b12b-4b15-9975-bf0cbfeaf2bc",
        "Start Frame": 3480,
        "End Frame": 3600,
        "Caption": "#C C bends down ; #C C walks around the garage; #C C looks at the tools; #C C moves a toolbox; #C C picks the tools"
    },
    {
        "Video Name": "5f584429-b12b-4b15-9975-bf0cbfeaf2bc",
        "Start Frame": 3600,
        "End Frame": 3720,
        "Caption": "#C C picks a drill; #C C picks a driller; #C C picks up the driller; #C C picks a drill; #C C picks the drilling machine from the caravans"
    },
    {
        "Video Name": "5f584429-b12b-4b15-9975-bf0cbfeaf2bc",
        "Start Frame": 3720,
        "End Frame": 3840,
        "Caption": "#C C opens a tool; #C C opens the tool; #C C opens the tool; #C C opens the tool; #C C opens the tool"
    },
    {
        "Video Name": "5f584429-b12b-4b15-9975-bf0cbfeaf2bc",
        "Start Frame": 3840,
        "End Frame": 3960,
        "Caption": "#C C opens the tool box; #C C opens the tool box; #C C closes the tool box; #C C opens a tool box; #C C opens the tool box"
    },
    {
        "Video Name": "5f584429-b12b-4b15-9975-bf0cbfeaf2bc",
        "Start Frame": 3960,
        "End Frame": 4080,
        "Caption": "#C C closes the tool box; #C C opens the tool box; #C C opens the toolbox; #C C puts the screw on the tool; #C C closes the tool box"
    },
    {
        "Video Name": "5f584429-b12b-4b15-9975-bf0cbfeaf2bc",
        "Start Frame": 4080,
        "End Frame": 4200,
        "Caption": "#C C picks up the nuts; #C C picks up screws from a tool; #C C picks screws; #C C picks up the screws; #C C picks up screws"
    },
    {
        "Video Name": "5f584429-b12b-4b15-9975-bf0cbfeaf2bc",
        "Start Frame": 4200,
        "End Frame": 4320,
        "Caption": "#C C picks up screws; #C C picks screws from the tool box; #C C puts the screw nuts in the tool box; #C C searches through the tool box with his gloved right hand; #C C picks the screw from the toolbox"
    },
    {
        "Video Name": "5f584429-b12b-4b15-9975-bf0cbfeaf2bc",
        "Start Frame": 4320,
        "End Frame": 4440,
        "Caption": "#C C picks screws from the tool; #C C picks up screws; #C C picks up screw ; #C C picks up a screw; #C C picks a screw "
    },
    {
        "Video Name": "5f584429-b12b-4b15-9975-bf0cbfeaf2bc",
        "Start Frame": 4440,
        "End Frame": 4560,
        "Caption": "#C C picks a screw from the tool; #C C picks a screw; #C C picks a screw from the tool; #C C picks screw; #C C picks a screw "
    },
    {
        "Video Name": "5f584429-b12b-4b15-9975-bf0cbfeaf2bc",
        "Start Frame": 4560,
        "End Frame": 4680,
        "Caption": "#C C walks around the; #C C walks around; #C C walks around the; #C C walks around the; #C C walks around"
    },
    {
        "Video Name": "5f584429-b12b-4b15-9975-bf0cbfeaf2bc",
        "Start Frame": 4680,
        "End Frame": 4800,
        "Caption": "#C C walks towards the car; #C C walks outside; #C C walks around the construction; #C C walks towards the truck; #C C walks around"
    },
    {
        "Video Name": "5f584429-b12b-4b15-9975-bf0cbfeaf2bc",
        "Start Frame": 4800,
        "End Frame": 4920,
        "Caption": "#C C walks to the workshop; #C C walks around the construction; #C C walks around; #C C walks outside the house; #C C walks around"
    },
    {
        "Video Name": "5f584429-b12b-4b15-9975-bf0cbfeaf2bc",
        "Start Frame": 4920,
        "End Frame": 5040,
        "Caption": "#C C walks around the; #C C walks around; #C C walks around; #C C walks in the; #C C walks to the"
    },
    {
        "Video Name": "5f584429-b12b-4b15-9975-bf0cbfeaf2bc",
        "Start Frame": 5040,
        "End Frame": 5160,
        "Caption": "#C C walks in the compound; #C C walks outside; #C C walks around the compound; #C C walks around the compound; #C C walks around"
    },
    {
        "Video Name": "5f584429-b12b-4b15-9975-bf0cbfeaf2bc",
        "Start Frame": 5160,
        "End Frame": 5280,
        "Caption": "#C C walks in the; #C C walks in the; #C C walks in the; #C C walks in the; #C C walks around."
    },
    {
        "Video Name": "5f584429-b12b-4b15-9975-bf0cbfeaf2bc",
        "Start Frame": 5280,
        "End Frame": 5400,
        "Caption": "#C C walks in the house; #C C walks into the house; #C C walks around the house; #C C walks out of the; #C C walks around the house"
    }
]