[
    {
        "Video Name": "5fe9843b-0b74-4505-b864-86eb53c25cc6",
        "Start Frame": 0,
        "End Frame": 120,
        "Caption": "#C C pulls the hose from the ground with his left hand; #C C pulls the hose from the ground with his left hand; #C C holds the hose with his left hand.; #C C holds the hose with his right hand.; #C C holds the hose with his right hand."
    },
    {
        "Video Name": "5fe9843b-0b74-4505-b864-86eb53c25cc6",
        "Start Frame": 120,
        "End Frame": 240,
        "Caption": "#C C walks around; #C C walks around; #O the man X holds the hose with both hands; #C C walks in the garden; #C C walks around"
    },
    {
        "Video Name": "5fe9843b-0b74-4505-b864-86eb53c25cc6",
        "Start Frame": 240,
        "End Frame": 360,
        "Caption": "#O The man Y picks the hose on the lawn with his left hand; #C C walks on the grass; #C C walks around; #O man M pulls a pipe; #C C walks in the garden"
    },
    {
        "Video Name": "5fe9843b-0b74-4505-b864-86eb53c25cc6",
        "Start Frame": 360,
        "End Frame": 480,
        "Caption": "#C C walks around the field; #C C looks around; #C C looks around; #O man Y walks around; #C C walks around the field"
    },
    {
        "Video Name": "5fe9843b-0b74-4505-b864-86eb53c25cc6",
        "Start Frame": 480,
        "End Frame": 600,
        "Caption": "#C C looks around; #C C looks around; #C C looks around; #C C looks around the field; #C C looks around"
    },
    {
        "Video Name": "5fe9843b-0b74-4505-b864-86eb53c25cc6",
        "Start Frame": 600,
        "End Frame": 720,
        "Caption": "#C C looks around; #C C looks around; #C C looks around; #C C looks around; #C C walks around the field"
    },
    {
        "Video Name": "5fe9843b-0b74-4505-b864-86eb53c25cc6",
        "Start Frame": 720,
        "End Frame": 840,
        "Caption": "#C C looks around; #C C walks in the field ; #O man X pulls the hose pipe; #C C looks around; #O A man Y pulls the hose pipe"
    },
    {
        "Video Name": "5fe9843b-0b74-4505-b864-86eb53c25cc6",
        "Start Frame": 840,
        "End Frame": 960,
        "Caption": "#C C looks; #C C looks; #C C looks; #C C looks; #C C looks"
    },
    {
        "Video Name": "5fe9843b-0b74-4505-b864-86eb53c25cc6",
        "Start Frame": 960,
        "End Frame": 1080,
        "Caption": "#C C looks around; #C C looks around; #C C walks on the grass; #C C looks around; #C C looks around"
    },
    {
        "Video Name": "5fe9843b-0b74-4505-b864-86eb53c25cc6",
        "Start Frame": 1080,
        "End Frame": 1200,
        "Caption": "#C C looks; #C C looks; #C C looks; #C C looks; #C C looks"
    },
    {
        "Video Name": "5fe9843b-0b74-4505-b864-86eb53c25cc6",
        "Start Frame": 1200,
        "End Frame": 1320,
        "Caption": "#C C walks around; #C C walks around; #C C walks around; #C C walks around; #C C walks around"
    },
    {
        "Video Name": "5fe9843b-0b74-4505-b864-86eb53c25cc6",
        "Start Frame": 1320,
        "End Frame": 1440,
        "Caption": "#C C walks around; #C C walks around; #C C walks around the field; #C C walks around; #C C walks around"
    },
    {
        "Video Name": "5fe9843b-0b74-4505-b864-86eb53c25cc6",
        "Start Frame": 1440,
        "End Frame": 1560,
        "Caption": "#C C rubs the face with his left hand; #C C wipes face ; #C C touches his face ; #C C touches his face with his left hand.; #C C adjusts camera on his head "
    },
    {
        "Video Name": "5fe9843b-0b74-4505-b864-86eb53c25cc6",
        "Start Frame": 1560,
        "End Frame": 1680,
        "Caption": "#C C looks; #C C looks; #C C looks; #C C looks; #C C looks"
    },
    {
        "Video Name": "5fe9843b-0b74-4505-b864-86eb53c25cc6",
        "Start Frame": 1680,
        "End Frame": 1800,
        "Caption": "#C C touches a button on the; #C C presses the button on the; #C C operates the blower; #C C adjusts a button on the; #C C operates the blower"
    },
    {
        "Video Name": "5fe9843b-0b74-4505-b864-86eb53c25cc6",
        "Start Frame": 1800,
        "End Frame": 1920,
        "Caption": "#C C looks; #C C looks; #C C looks; #C C looks; #C C looks"
    },
    {
        "Video Name": "5fe9843b-0b74-4505-b864-86eb53c25cc6",
        "Start Frame": 1920,
        "End Frame": 2040,
        "Caption": "#C C looks around; #C C looks around the field; #C C looks around; #C C looks around; #C C walks on the grass"
    },
    {
        "Video Name": "5fe9843b-0b74-4505-b864-86eb53c25cc6",
        "Start Frame": 2040,
        "End Frame": 2160,
        "Caption": "#C C looks; #C C looks; #C C looks; #C C looks; #C C looks"
    },
    {
        "Video Name": "5fe9843b-0b74-4505-b864-86eb53c25cc6",
        "Start Frame": 2160,
        "End Frame": 2280,
        "Caption": "#C C walks around; #C C walks around; #C C walks around; #C C walks around; #c c walks on the"
    },
    {
        "Video Name": "5fe9843b-0b74-4505-b864-86eb53c25cc6",
        "Start Frame": 2280,
        "End Frame": 2400,
        "Caption": "#C C picks a pipe; #C C picks the hose from the ground with his right hand; #C C picks the horse pipe; #C C picks the horse pipe; #C C picks the horse pipe"
    },
    {
        "Video Name": "5fe9843b-0b74-4505-b864-86eb53c25cc6",
        "Start Frame": 2400,
        "End Frame": 2520,
        "Caption": "#C C drops the horse pipe; #C C walks around the field; #C C moves around; #C C pulls pipe; #C C walks around the field"
    },
    {
        "Video Name": "5fe9843b-0b74-4505-b864-86eb53c25cc6",
        "Start Frame": 2520,
        "End Frame": 2640,
        "Caption": "#C C pulls the hose with his right hand; #C C walks around; #C C walks around; #C C walks around; #C C looks around"
    },
    {
        "Video Name": "5fe9843b-0b74-4505-b864-86eb53c25cc6",
        "Start Frame": 2640,
        "End Frame": 2760,
        "Caption": "#C C walks around the field ; #C C walks around; #C C walks around the field ; #C C walks around; #C C pulls the hose on the ground with his right hand"
    },
    {
        "Video Name": "5fe9843b-0b74-4505-b864-86eb53c25cc6",
        "Start Frame": 2760,
        "End Frame": 2880,
        "Caption": "#C C walks on the; #C C walks on the; #C C walks around; #C C walks around; #C C walks on the"
    },
    {
        "Video Name": "5fe9843b-0b74-4505-b864-86eb53c25cc6",
        "Start Frame": 2880,
        "End Frame": 3000,
        "Caption": "#C C walks towards the; #C C walks around the; #C C walks on the; #C C walks around; #C C walks around the"
    },
    {
        "Video Name": "5fe9843b-0b74-4505-b864-86eb53c25cc6",
        "Start Frame": 3000,
        "End Frame": 3120,
        "Caption": "#C C climbs into the truck; #C C gets out of the truck; #C C enters the truck.; #C C gets off the truck.; #C C climbs on the truck"
    },
    {
        "Video Name": "5fe9843b-0b74-4505-b864-86eb53c25cc6",
        "Start Frame": 3120,
        "End Frame": 3240,
        "Caption": "#C C removes his right hand from the car steering.; #C C puts the seatbelt on the vehicle with his right hand; #C C moves the car ; #C C closes the door of the car with his right hand.; #C C opens the door of the truck with his right hand."
    },
    {
        "Video Name": "5fe9843b-0b74-4505-b864-86eb53c25cc6",
        "Start Frame": 3240,
        "End Frame": 3360,
        "Caption": "#C C adjusts the gear shift with his right hand.; #C C removes his right hand from the steering wheel.; #C C drives the truck with his right hand on the steering wheel; #C C puts down the hand; #C C turns the steering wheel with his right hand."
    },
    {
        "Video Name": "5fe9843b-0b74-4505-b864-86eb53c25cc6",
        "Start Frame": 3360,
        "End Frame": 3480,
        "Caption": "#C C adjusts the gear with his right hand.; #C C operates the truck with his right hand.; #C C turns off the car ignition with his right hand.; #C C drives the car with the steering wheel in his right hand; #C C touches the gear "
    },
    {
        "Video Name": "5fe9843b-0b74-4505-b864-86eb53c25cc6",
        "Start Frame": 3480,
        "End Frame": 3600,
        "Caption": "#C C turns on a car ignition with his right hand; #C C holds the steering wheel with his right hand.; #C C places his right hand on a gear.; #C C holds the gear with his right hand.; #C C touches the steering wheel"
    },
    {
        "Video Name": "5fe9843b-0b74-4505-b864-86eb53c25cc6",
        "Start Frame": 3600,
        "End Frame": 3720,
        "Caption": "#C C holds the car gear with his right hand.; #C C operates the button in the car with his right hand; #C C controls the gear; #C C starts the engine; #C C operates the steering wheel with his right hand. "
    },
    {
        "Video Name": "5fe9843b-0b74-4505-b864-86eb53c25cc6",
        "Start Frame": 3720,
        "End Frame": 3840,
        "Caption": "#C C turns the steering wheel; #C C drives the truck with the steering wheel in his hands.; #C C drives the truck with the steering wheel in his left hand; #C C drives the truck; #C C drives the truck"
    },
    {
        "Video Name": "5fe9843b-0b74-4505-b864-86eb53c25cc6",
        "Start Frame": 3840,
        "End Frame": 3960,
        "Caption": "#C C looks around; #C C moves the; #C C looks around; #C C drives the; #C C drives the"
    },
    {
        "Video Name": "5fe9843b-0b74-4505-b864-86eb53c25cc6",
        "Start Frame": 3960,
        "End Frame": 4080,
        "Caption": "#C C drives the truck with the steering wheel in his left hand; #C C drives the truck with the steering wheel in his left hand; #C C drives the truck with the steering wheel in his right hand; #C C drives the truck with the steering wheel in his right hand; #C C turns the steering wheel of the truck with his left hand"
    },
    {
        "Video Name": "5fe9843b-0b74-4505-b864-86eb53c25cc6",
        "Start Frame": 4080,
        "End Frame": 4200,
        "Caption": "#C C drives the truck; #C C opens the door of the car with his right hand; #C C moves the gear in the car with his right hand; #C C touches the gear with his right hand.; #C C moves the gear with his right hand. "
    },
    {
        "Video Name": "5fe9843b-0b74-4505-b864-86eb53c25cc6",
        "Start Frame": 4200,
        "End Frame": 4320,
        "Caption": "#C C opens the bottle of; #C C picks the water bottle; #C C picks a bottle of; #C C drops the water bottle; #C C drops the water bottle"
    },
    {
        "Video Name": "5fe9843b-0b74-4505-b864-86eb53c25cc6",
        "Start Frame": 4320,
        "End Frame": 4440,
        "Caption": "#C C closes the car door ; #C C closes the car door; #C C puts the water bottle in the bag; #C C looks at the seat; #C C places the bottle of water in his left hand on the car seat"
    },
    {
        "Video Name": "5fe9843b-0b74-4505-b864-86eb53c25cc6",
        "Start Frame": 4440,
        "End Frame": 4560,
        "Caption": "#C C puts off the ignition switch of the truck with his right hand; #C C places his right hand on a seat in the car.; #C C touches the steering wheel with his right hand.; #C C starts the car; #C C touches the gear lever with his right hand."
    },
    {
        "Video Name": "5fe9843b-0b74-4505-b864-86eb53c25cc6",
        "Start Frame": 4560,
        "End Frame": 4680,
        "Caption": "#C C closes the door of the car with his right hand.; #C C adjusts a control knob with his left hand.; #C C adjusts the gear; #C C opens a door of the truck with his right hand.; #C C presses a button on the steering wheel with his right hand"
    },
    {
        "Video Name": "5fe9843b-0b74-4505-b864-86eb53c25cc6",
        "Start Frame": 4680,
        "End Frame": 4800,
        "Caption": "#C C opens the door of the truck with his left hand; #C C opens a door with his left hand.; #C C closes the door of the car with his left hand; #C C touches the steering wheel with his right hand.; #C C opens the door of the truck with his right hand"
    },
    {
        "Video Name": "5fe9843b-0b74-4505-b864-86eb53c25cc6",
        "Start Frame": 4800,
        "End Frame": 4920,
        "Caption": "#C C parks the car ; #C C removes the car key from the ignition of the car with his left hand; #C C touches the steering wheel with his left hand.; #C C parks the truck with his left hand.; #C C presses the horn of the truck with his left hand."
    },
    {
        "Video Name": "5fe9843b-0b74-4505-b864-86eb53c25cc6",
        "Start Frame": 4920,
        "End Frame": 5040,
        "Caption": "#C C stares at the vehicle; #C C looks around; #C C looks around; #C C looks around; #C C looks at the side"
    },
    {
        "Video Name": "5fe9843b-0b74-4505-b864-86eb53c25cc6",
        "Start Frame": 5040,
        "End Frame": 5160,
        "Caption": "#C C moves the truck; #C C pulls the gear with his right hand; #C C adjusts the gear; #C C stares at the road; #C C opens a door with his left hand"
    },
    {
        "Video Name": "5fe9843b-0b74-4505-b864-86eb53c25cc6",
        "Start Frame": 5160,
        "End Frame": 5280,
        "Caption": "#C C walks around; #C C walks on the road; #C C walks around the compound; #C C walks on the road; #C C walks on the road"
    },
    {
        "Video Name": "5fe9843b-0b74-4505-b864-86eb53c25cc6",
        "Start Frame": 5280,
        "End Frame": 5400,
        "Caption": "#C C walks around the; #C C walks around; #C C walks around; #C C walks around; #C C walks around"
    }
]