[
    {
        "Video Name": "61e8261b-3c01-4c25-b293-80fad4083edb",
        "Start Frame": 0,
        "End Frame": 120,
        "Caption": "#C C puts a screw on a wood with a drill machine; #C C drills the nail in the wood ; #C C fixes the nail on the wood; #C C drills the nail into the plywood with the nail gun; #C C drills the spacer onto the plywood with the nail"
    },
    {
        "Video Name": "61e8261b-3c01-4c25-b293-80fad4083edb",
        "Start Frame": 120,
        "End Frame": 240,
        "Caption": "#C C  aligns a wood with his hands; #C C fixes a piece of wood; #C C picks up the wood; #C C moves the wood ; #C C moves a wood"
    },
    {
        "Video Name": "61e8261b-3c01-4c25-b293-80fad4083edb",
        "Start Frame": 240,
        "End Frame": 360,
        "Caption": "#C C drills the nail; #C C fixes iron nail on the piece of wood using soldering; #C C fixes a screw on the piece of wood using soldering; #C C drills the screw into the wood; #C C drives in screw with a screw driving machine"
    },
    {
        "Video Name": "61e8261b-3c01-4c25-b293-80fad4083edb",
        "Start Frame": 360,
        "End Frame": 480,
        "Caption": "#C C drills the nail; #C C puts iron nail on the piece of; #C C drives nail in the wood; #C C drills the nail into the wood; #C C drills the screw in the wood "
    },
    {
        "Video Name": "61e8261b-3c01-4c25-b293-80fad4083edb",
        "Start Frame": 480,
        "End Frame": 600,
        "Caption": "#C C fixes iron nail on the piece of wood using soldering gun; #C C drives the screw into the piece of wood using the spade; #C C drills the spacer onto the plywood with the nail gun; #C C drills the spacer onto the plywood with the drill; #C C drills the wood"
    },
    {
        "Video Name": "61e8261b-3c01-4c25-b293-80fad4083edb",
        "Start Frame": 600,
        "End Frame": 720,
        "Caption": "#C C drills the nail in the wood ; #C C moves his body ; #C C drills a screw with a drill machine; #C C drills a nail into the piece of; #C C removes a screw from the wood"
    },
    {
        "Video Name": "61e8261b-3c01-4c25-b293-80fad4083edb",
        "Start Frame": 720,
        "End Frame": 840,
        "Caption": "#C C drills in the nail; #C C drills the nail into the piece of wood using the drilling; #C C drills the nail; #C C drills the nail on the wood ; #C C drills the nail in the wood"
    },
    {
        "Video Name": "61e8261b-3c01-4c25-b293-80fad4083edb",
        "Start Frame": 840,
        "End Frame": 960,
        "Caption": "#c c drills a nail on the wood; #C C pulls the wood with a jigsaw; #C C looks around; #C C looks around; #C C  aligns a wood with a driller"
    },
    {
        "Video Name": "61e8261b-3c01-4c25-b293-80fad4083edb",
        "Start Frame": 960,
        "End Frame": 1080,
        "Caption": "#C C steps on the plywood; #C C moves to the other side of the ply; #C C walks on a roof; #C C walks on the roof; #C C walks on the roof"
    },
    {
        "Video Name": "61e8261b-3c01-4c25-b293-80fad4083edb",
        "Start Frame": 1080,
        "End Frame": 1200,
        "Caption": "#C C drills the wood; #C C drives nail in the wood using the nail; #C C drives nail into the wood with the nail; #C C drills a screw with the drilling machine; #C C drills the wood "
    },
    {
        "Video Name": "61e8261b-3c01-4c25-b293-80fad4083edb",
        "Start Frame": 1200,
        "End Frame": 1320,
        "Caption": "#C C places the drill on the wooden surface; #C C climbs the plywood; #C C drags the wooden surface with his right; #C C walks on top of a roof; #C C kicks the wood"
    },
    {
        "Video Name": "61e8261b-3c01-4c25-b293-80fad4083edb",
        "Start Frame": 1320,
        "End Frame": 1440,
        "Caption": "#C C drills the nail into the wood with a drill; #C C  fixes a nail on a wood with a driller; #C C drills a screw with a drill machine; #C C drills the nail in the wood ; #C C drills in the screw"
    },
    {
        "Video Name": "61e8261b-3c01-4c25-b293-80fad4083edb",
        "Start Frame": 1440,
        "End Frame": 1560,
        "Caption": "#C C drills a screw with a drill machine; #C C  fixes a nail on wood with a driller; #C C drills the nail on the wood; #C C drives nails into the plywood with the nail gun; #C C drills the nail on the wood "
    },
    {
        "Video Name": "61e8261b-3c01-4c25-b293-80fad4083edb",
        "Start Frame": 1560,
        "End Frame": 1680,
        "Caption": "#C C drills the plank; #C C  hits a wood with a driller.; #C C  aligns a wood with a driller; #C C bends down; #C C bends down"
    },
    {
        "Video Name": "61e8261b-3c01-4c25-b293-80fad4083edb",
        "Start Frame": 1680,
        "End Frame": 1800,
        "Caption": "#C C  fixes a nail on the wood with a driller; #C C  aligns a wood with his hand.; #C C  aligns a wood with a driller.; #C C pulls a nail from the wood; #C C puts nail in a container"
    },
    {
        "Video Name": "61e8261b-3c01-4c25-b293-80fad4083edb",
        "Start Frame": 1800,
        "End Frame": 1920,
        "Caption": "#C C bends down; #C C bends towards the plywood; #C C pulls a nail from the container; #C C  aligns a wood with his hands; #C C walks  around"
    },
    {
        "Video Name": "61e8261b-3c01-4c25-b293-80fad4083edb",
        "Start Frame": 1920,
        "End Frame": 2040,
        "Caption": "#C C drills the nail into the wood; #C C drills a screw with a drill machine; #C C puts a screw on the wood with a; #C C drills a screw with a drill machine; #C C drives nail into the wood using the drill"
    },
    {
        "Video Name": "61e8261b-3c01-4c25-b293-80fad4083edb",
        "Start Frame": 2040,
        "End Frame": 2160,
        "Caption": "#C C moves around; #C C walks around; #C C moves on top of a table ; #C C moves to the other side of the ply; #C C puts the nail on the wood"
    },
    {
        "Video Name": "61e8261b-3c01-4c25-b293-80fad4083edb",
        "Start Frame": 2160,
        "End Frame": 2280,
        "Caption": "#C C drives nail into the wood; #C C drives nail into the piece of wood using a nail; #C C fixes a screw on the wood ; #C C drives nail into the piece of wood using a nail; #C C drives nail into the plywood with a nail gun"
    },
    {
        "Video Name": "61e8261b-3c01-4c25-b293-80fad4083edb",
        "Start Frame": 2280,
        "End Frame": 2400,
        "Caption": "#C C walks around; #C C walks around the construction; #c c walks around; #C C walks around; #C C walks on the wooden"
    },
    {
        "Video Name": "61e8261b-3c01-4c25-b293-80fad4083edb",
        "Start Frame": 2400,
        "End Frame": 2520,
        "Caption": "#C C drills the nail on the wood; #C C drives nail into the wood with a nail; #C C drills the nail; #C C drives nail into the wood with a nail; #C C drills the nail on the wood "
    },
    {
        "Video Name": "61e8261b-3c01-4c25-b293-80fad4083edb",
        "Start Frame": 2520,
        "End Frame": 2640,
        "Caption": "#C C drills the nail; #C C drills out another screw from the first screw with the screw drill; #C C drills the screw into the wood with the drill; #C C drives nail into the wood; #C C drills the screw with the drill machine"
    },
    {
        "Video Name": "61e8261b-3c01-4c25-b293-80fad4083edb",
        "Start Frame": 2640,
        "End Frame": 2760,
        "Caption": "#C C screws the nail in a timber; #C C drills the screw with cordless drill machine; #C C drills the nail into the piece of wood using the drilling; #C C drills the nail into the wooden surface; #C C drills a screw with a drill machine"
    },
    {
        "Video Name": "61e8261b-3c01-4c25-b293-80fad4083edb",
        "Start Frame": 2760,
        "End Frame": 2880,
        "Caption": "#C C  aligns a wood with his leg; #C C climbs down the building.; #C C steps on the wooden surface; #C C  aligns a wood with his hands; #C C puts drill on the wood"
    },
    {
        "Video Name": "61e8261b-3c01-4c25-b293-80fad4083edb",
        "Start Frame": 2880,
        "End Frame": 3000,
        "Caption": "#C C moves a block of wood with his right leg; #C C walks on the roof; #C C moves the piece of wood with leg; #C C  aligns a wood with his leg.; #C C walks on the roof"
    },
    {
        "Video Name": "61e8261b-3c01-4c25-b293-80fad4083edb",
        "Start Frame": 3000,
        "End Frame": 3120,
        "Caption": "#C C kicks a block of wood with his right; #C C walks on the wooden surface; #C C drags the plywood on the ground; #C C walks on a roof; #C C walks on top of the roof"
    },
    {
        "Video Name": "61e8261b-3c01-4c25-b293-80fad4083edb",
        "Start Frame": 3120,
        "End Frame": 3240,
        "Caption": "#C C moves on the; #C C walks around the; #C C walks around; #C C walks around; #C C walks around"
    },
    {
        "Video Name": "61e8261b-3c01-4c25-b293-80fad4083edb",
        "Start Frame": 3240,
        "End Frame": 3360,
        "Caption": "#C C kicks a block of wood; #C C kicks the block of wood; #C C kicks a block of wood; #C C moves a block of wood with his; #C C moves on top of a wood"
    },
    {
        "Video Name": "61e8261b-3c01-4c25-b293-80fad4083edb",
        "Start Frame": 3360,
        "End Frame": 3480,
        "Caption": "#C C drills a screw with the drill machine; #C C drives in screw with a screw driving machine; #C C drills another hole on the plank; #C C  fixes a nail on the wood with a driller; #C C drills the screw into the wood with the drill machine"
    },
    {
        "Video Name": "61e8261b-3c01-4c25-b293-80fad4083edb",
        "Start Frame": 3480,
        "End Frame": 3600,
        "Caption": "#C C drills the nail into the wood; #C C drills the nail into the wood; #C C drills the screw with cordless  drill machine; #C C drills the screw into the wood with the drill; #C C holds the nail gun"
    },
    {
        "Video Name": "61e8261b-3c01-4c25-b293-80fad4083edb",
        "Start Frame": 3600,
        "End Frame": 3720,
        "Caption": "#C C bends down ; #C C pulls the wood with his leg; #C C moves around; #C C pulls a piece of wood; #C C places the drill on the ply"
    },
    {
        "Video Name": "61e8261b-3c01-4c25-b293-80fad4083edb",
        "Start Frame": 3720,
        "End Frame": 3840,
        "Caption": "#C C puts the drill on the wood; #C C puts the screws in the container; #C C picks up nails; #C C picks a screw ; #C C picks up a screw"
    },
    {
        "Video Name": "61e8261b-3c01-4c25-b293-80fad4083edb",
        "Start Frame": 3840,
        "End Frame": 3960,
        "Caption": "#C C walks around; #C C walks on the wooden surface; #C C walks on a roof; #C C walks on the wood floor; #C C moves on top of a table"
    },
    {
        "Video Name": "61e8261b-3c01-4c25-b293-80fad4083edb",
        "Start Frame": 3960,
        "End Frame": 4080,
        "Caption": "#C C walks on the roof; #C C pushes the plank with his leg; #C C  aligns a wood with his leg; #C C  aligns a wood with his leg; #C C  aligns a wood with his leg"
    },
    {
        "Video Name": "61e8261b-3c01-4c25-b293-80fad4083edb",
        "Start Frame": 4080,
        "End Frame": 4200,
        "Caption": "#C C pushes the wood with his; #C C steps on a piece of; #C C steps on the wood; #C C walks on top of a; #C C walks around"
    },
    {
        "Video Name": "61e8261b-3c01-4c25-b293-80fad4083edb",
        "Start Frame": 4200,
        "End Frame": 4320,
        "Caption": "#C C drills a screw with a drill machine; #C C drills a screw with a drill machine; #C C drills the nail in the piece of wood using the drilling; #C C drills the screw with cordless drill machine; #C C drills the nail"
    },
    {
        "Video Name": "61e8261b-3c01-4c25-b293-80fad4083edb",
        "Start Frame": 4320,
        "End Frame": 4440,
        "Caption": "#C C pulls the wood ; #C C  aligns a wood with a driller; #C C puts the drill on the lumber; #C C moves on top of a table ; #C C picks up a nail gun"
    },
    {
        "Video Name": "61e8261b-3c01-4c25-b293-80fad4083edb",
        "Start Frame": 4440,
        "End Frame": 4560,
        "Caption": "#C C drills a screw with a drill machine; #C C drills the wood with a drill machine; #C C fixes iron nail on the piece of wood using soldering; #C C drills the nail on the wood ; #C C puts a screw on the wood with a drill machine"
    },
    {
        "Video Name": "61e8261b-3c01-4c25-b293-80fad4083edb",
        "Start Frame": 4560,
        "End Frame": 4680,
        "Caption": "#C C puts the nail on the wood ; #C C puts a screw on the wood with a drill machine; #C C drills the nail; #C C  fixes nail on the wood with a driller.; #C C  fixes a nail on the wood with a driller"
    },
    {
        "Video Name": "61e8261b-3c01-4c25-b293-80fad4083edb",
        "Start Frame": 4680,
        "End Frame": 4800,
        "Caption": "#C C fixes iron nail on the piece of wood using soldering; #C C drills the nail in the wood; #C C puts a screw on the wood with a drill; #C C drills in the screw; #C C drills the nail in the wood "
    },
    {
        "Video Name": "61e8261b-3c01-4c25-b293-80fad4083edb",
        "Start Frame": 4800,
        "End Frame": 4920,
        "Caption": "#C C inserts a screw on the piece of wood using a drill; #C C places a spacer in his left hand on the plywood; #C C fixes iron nail on the piece of wood using soldering gun; #C C drills a nail into the piece of wood; #C C drills the nail on the wood"
    },
    {
        "Video Name": "61e8261b-3c01-4c25-b293-80fad4083edb",
        "Start Frame": 4920,
        "End Frame": 5040,
        "Caption": "#C C drills the spacer onto the plywood with the nail; #C C drills a screw with a drill machine; #C C drills a screw with cordless drill machine; #C C puts nail on the wood; #C C drives nail into the piece of wood using the nail gun"
    },
    {
        "Video Name": "61e8261b-3c01-4c25-b293-80fad4083edb",
        "Start Frame": 5040,
        "End Frame": 5160,
        "Caption": "#C C drills in a screw; #C C drives in screw with a screw driving machine; #C C drills a screw with a drill machine; #C C fixes iron nail on the piece of wood using soldering; #C C drills a screw with a drill machine"
    },
    {
        "Video Name": "61e8261b-3c01-4c25-b293-80fad4083edb",
        "Start Frame": 5160,
        "End Frame": 5280,
        "Caption": "#C C drills a nail into the wood; #C C drills a screw with cordless drill machine; #C C drills the spacer onto the plywood with the nail; #C C drives nail into the wood with a nail gun; #C C drills the nail into the plywood with the nail gun"
    },
    {
        "Video Name": "61e8261b-3c01-4c25-b293-80fad4083edb",
        "Start Frame": 5280,
        "End Frame": 5400,
        "Caption": "#C C drives nail in the wood; #C C fixes iron nail on the piece of wood using soldering; #C C drills the nail on the wood; #C C drills the nail; #C C drives nail into the wood with a nail gun"
    }
]