[
    {
        "Video Name": "640ad606-0376-48cb-bc6a-14bc34ec4eaa",
        "Start Frame": 0,
        "End Frame": 120,
        "Caption": "#C C peels the garlic; #C C peels garlic with hands; #C C peels the garlic; #C C peels garlic by hand; #C C peels garlic using hands"
    },
    {
        "Video Name": "640ad606-0376-48cb-bc6a-14bc34ec4eaa",
        "Start Frame": 120,
        "End Frame": 240,
        "Caption": "#C C peels the garlic using; #C C peels garlic using hands; #C C peels garlic using hands; #C C looks around; #C C peels the garlic"
    },
    {
        "Video Name": "640ad606-0376-48cb-bc6a-14bc34ec4eaa",
        "Start Frame": 240,
        "End Frame": 360,
        "Caption": "#C C peels garlic using hands; #C C peels garlic by hand ; #C C peels the garlic with her hands; #C C peels garlic by hand ; #C C peels garlic with hands"
    },
    {
        "Video Name": "640ad606-0376-48cb-bc6a-14bc34ec4eaa",
        "Start Frame": 360,
        "End Frame": 480,
        "Caption": "#C C puts the garlic outer peel in a; #C C puts garlic in bowl; #C C puts the garlic inner peel in the; #C C drops garlic in a basin ; #C C puts the outer shell in the plate"
    },
    {
        "Video Name": "640ad606-0376-48cb-bc6a-14bc34ec4eaa",
        "Start Frame": 480,
        "End Frame": 600,
        "Caption": "#C C drops garlic in her right hand on the paper.; #C C drops garlic on the newspaper; #C C drops garlic on the paper; #C C drops garlic in her right hand on the paper.; #C C drops garlic in a bowl"
    },
    {
        "Video Name": "640ad606-0376-48cb-bc6a-14bc34ec4eaa",
        "Start Frame": 600,
        "End Frame": 720,
        "Caption": "#C C cuts the jackfruit seed with the knife.; #C C cuts the jack fruit seed with the knife in her right hand.; #C C cuts the jack fruit seed with the knife in her right hand.; #C C cuts the garlic pod in her left hand with the knife in her right hand.; #C C cuts garlic using knife"
    },
    {
        "Video Name": "640ad606-0376-48cb-bc6a-14bc34ec4eaa",
        "Start Frame": 720,
        "End Frame": 840,
        "Caption": "#C C peels garlic using hands; #C C peels garlic with hands ; #C C peels the garlic with her hands.; #C C peels garlic with hands ; #C C peels the garlic"
    },
    {
        "Video Name": "640ad606-0376-48cb-bc6a-14bc34ec4eaa",
        "Start Frame": 840,
        "End Frame": 960,
        "Caption": "#C C peels garlic using hands; #C C peels garlic with hands; #C C looks at the nuts; #C C looks around ; #C C peels garlic with hands"
    },
    {
        "Video Name": "640ad606-0376-48cb-bc6a-14bc34ec4eaa",
        "Start Frame": 960,
        "End Frame": 1080,
        "Caption": "#C C puts the garlic skin in a pot; #C C passes the fruit pod from her right hand to her left hand; #C C peels the jack fruit with her hands.; #C C puts the garlic inner peel in the plate; #C C puts the outer cover of the fruit pod down"
    },
    {
        "Video Name": "640ad606-0376-48cb-bc6a-14bc34ec4eaa",
        "Start Frame": 1080,
        "End Frame": 1200,
        "Caption": "#C C rubs her hands ; #C C rubs the oil in both hands; #C C rubs her hands together; #C C rubs both hands together.; #C C rubs both hands together."
    },
    {
        "Video Name": "640ad606-0376-48cb-bc6a-14bc34ec4eaa",
        "Start Frame": 1200,
        "End Frame": 1320,
        "Caption": "#C C peels garlic with hands ; #C C peels the garlic; #C C peels off the garlic with her hands.; #C C peels garlic using hands; #C C peels the garlic"
    },
    {
        "Video Name": "640ad606-0376-48cb-bc6a-14bc34ec4eaa",
        "Start Frame": 1320,
        "End Frame": 1440,
        "Caption": "#C C picks up the knife; #C C picks knife from the; #C C picks the knife ; #C C picks a knife; #C C picks knife "
    },
    {
        "Video Name": "640ad606-0376-48cb-bc6a-14bc34ec4eaa",
        "Start Frame": 1440,
        "End Frame": 1560,
        "Caption": "#C C peels the cashew; #C C peels the garlic; #C C peels garlic using hands; #C C peels garlic by hands; #C C peels garlic using hands"
    },
    {
        "Video Name": "640ad606-0376-48cb-bc6a-14bc34ec4eaa",
        "Start Frame": 1560,
        "End Frame": 1680,
        "Caption": "#C C peels the garlic with both hands.; #C C peels the garlic pod with both hands.; #C C peels garlic with hands ; #C C peels the garlic pod with both hands.; #C C peels the garlic with both hands. "
    },
    {
        "Video Name": "640ad606-0376-48cb-bc6a-14bc34ec4eaa",
        "Start Frame": 1680,
        "End Frame": 1800,
        "Caption": "#C C peels the garlic; #C C picks a garlic from the newspaper; #C C drops the garlic in her right hand into the plate.; #C C drops garlic in the plate; #C C peels off the garlic"
    },
    {
        "Video Name": "640ad606-0376-48cb-bc6a-14bc34ec4eaa",
        "Start Frame": 1800,
        "End Frame": 1920,
        "Caption": "#C C cuts the jackfruit seed in her left hand with the knife in her right hand; #C C cuts the jack fruit seed with the knife in her right hand.; #C C picks a knife ; #C C peels the garlic; #C C cuts the jack fruit seed with the knife in her right hand."
    },
    {
        "Video Name": "640ad606-0376-48cb-bc6a-14bc34ec4eaa",
        "Start Frame": 1920,
        "End Frame": 2040,
        "Caption": "#C C peels the garlic with both hands. ; #C C peels the garlic pod with both hands.; #C C peels garlic with hands ; #C C peels garlic by hand ; #C C peels garlic by hand "
    },
    {
        "Video Name": "640ad606-0376-48cb-bc6a-14bc34ec4eaa",
        "Start Frame": 2040,
        "End Frame": 2160,
        "Caption": "#C C peels garlic by hand ; #C C peels the garlic pod with both hands. ; #C C drops garlic skin in a container; #C C peels off the aril of the jack fruit seed from the jack fruit; #C C peels garlic using hands"
    },
    {
        "Video Name": "640ad606-0376-48cb-bc6a-14bc34ec4eaa",
        "Start Frame": 2160,
        "End Frame": 2280,
        "Caption": "#C C picks the knife ; #C C picks knife; #C C picks knife from the; #C C picks knife from the; #C C picks a knife "
    },
    {
        "Video Name": "640ad606-0376-48cb-bc6a-14bc34ec4eaa",
        "Start Frame": 2280,
        "End Frame": 2400,
        "Caption": "#C C picks knife; #C C picks knife; #C C picks knife; #C C cuts the; #C C picks a"
    },
    {
        "Video Name": "640ad606-0376-48cb-bc6a-14bc34ec4eaa",
        "Start Frame": 2400,
        "End Frame": 2520,
        "Caption": "#C C peels garlic using hands; #C C peels the garlic; #C C peels garlic with hands; #C C peels garlic with hands; #C C peels garlic with hands"
    },
    {
        "Video Name": "640ad606-0376-48cb-bc6a-14bc34ec4eaa",
        "Start Frame": 2520,
        "End Frame": 2640,
        "Caption": "#C C peels garlic with hands; #C C peels garlic with hands; #C C peels garlic with hands; #C C peels garlic with hands; #C C peels garlic using hands"
    },
    {
        "Video Name": "640ad606-0376-48cb-bc6a-14bc34ec4eaa",
        "Start Frame": 2640,
        "End Frame": 2760,
        "Caption": "#C C peels the garlic with; #C C peels garlic with hands; #C C peels garlic with hands; #C C peels garlic using hands; #C C peels garlic with hands"
    },
    {
        "Video Name": "640ad606-0376-48cb-bc6a-14bc34ec4eaa",
        "Start Frame": 2760,
        "End Frame": 2880,
        "Caption": "#C C peels the garlic pod with both hands.; #C C peels garlic using hands; #C C peels garlic by hand ; #C C peels garlic using hands; #C C peels garlic using hands"
    },
    {
        "Video Name": "640ad606-0376-48cb-bc6a-14bc34ec4eaa",
        "Start Frame": 2880,
        "End Frame": 3000,
        "Caption": "#C C drops the garlic peel in her right hand in the bowl on the floor.; #C C looks around ; #C C peels garlic using hands; #C C peels the garlic using hands; #C C throws garlic in a bowl"
    },
    {
        "Video Name": "640ad606-0376-48cb-bc6a-14bc34ec4eaa",
        "Start Frame": 3000,
        "End Frame": 3120,
        "Caption": "#C C puts the garlic outer peel on a plate; #C C puts garlic in the plate; #C C puts the garlic outer peel on a metal; #C C puts the garlic inner peel on a newspaper; #C C puts garlic on newspaper"
    },
    {
        "Video Name": "640ad606-0376-48cb-bc6a-14bc34ec4eaa",
        "Start Frame": 3120,
        "End Frame": 3240,
        "Caption": "#C C picks a garlic; #C C peels garlic using hands; #C C peels off the aril of the jack fruit seed from the jack fruit  with both; #C C peels garlic with hands; #C C peels the cashew nuts"
    },
    {
        "Video Name": "640ad606-0376-48cb-bc6a-14bc34ec4eaa",
        "Start Frame": 3240,
        "End Frame": 3360,
        "Caption": "#C C adjusts herself on the; #C C adjusts herself on the; #C C adjusts herself ; #C C sits on the floor; #C C holds her cloth"
    },
    {
        "Video Name": "640ad606-0376-48cb-bc6a-14bc34ec4eaa",
        "Start Frame": 3360,
        "End Frame": 3480,
        "Caption": "#C C cuts the jackfruit seed in half with the knife in her right hand; #C C picks knife ; #C C cuts the garlic; #C C cuts the jack fruit with the knife; #C C peels garlic using knife"
    },
    {
        "Video Name": "640ad606-0376-48cb-bc6a-14bc34ec4eaa",
        "Start Frame": 3480,
        "End Frame": 3600,
        "Caption": "#C C peels garlic using; #C C peels the garlic; #C C peels garlic using; #C C peels garlic using; #C C peels the garlic"
    },
    {
        "Video Name": "640ad606-0376-48cb-bc6a-14bc34ec4eaa",
        "Start Frame": 3600,
        "End Frame": 3720,
        "Caption": "#C C peels garlic using hands; #C C peels garlic using hands; #C C peels garlic using hands; #C C peels garlic with hands; #C C peels garlic using hands"
    },
    {
        "Video Name": "640ad606-0376-48cb-bc6a-14bc34ec4eaa",
        "Start Frame": 3720,
        "End Frame": 3840,
        "Caption": "#C C slices the jackfruit seed in her left hand with the knife in her right hand; #C C cuts the jackfruit seed with the knife in her right hand.; #C C cuts the jackfruit seed with the knife in her right hand.; #C C cuts the jackfruit seed with the knife in her right hand.; #C C cuts the jack fruit seed with a knife"
    },
    {
        "Video Name": "640ad606-0376-48cb-bc6a-14bc34ec4eaa",
        "Start Frame": 3840,
        "End Frame": 3960,
        "Caption": "#C C peels garlic with hands ; #C C peels garlic using hands; #C C peels garlic using hands; #C C peels the garlic pod with both hands.; #C C cuts garlic using knife"
    },
    {
        "Video Name": "640ad606-0376-48cb-bc6a-14bc34ec4eaa",
        "Start Frame": 3960,
        "End Frame": 4080,
        "Caption": "#C C drops garlic in her left hand on the paper.; #C C puts the garlic skin in a bowl; #C C drops garlic ; #C C puts garlic in a bowl; #C C drops garlic skin in a container"
    },
    {
        "Video Name": "640ad606-0376-48cb-bc6a-14bc34ec4eaa",
        "Start Frame": 4080,
        "End Frame": 4200,
        "Caption": "#C C peels garlic using hands; #C C peels garlic using hands; #C C peels the garlic pod with both hands.; #C C peels the garlic; #C C peels garlic using hands"
    },
    {
        "Video Name": "640ad606-0376-48cb-bc6a-14bc34ec4eaa",
        "Start Frame": 4200,
        "End Frame": 4320,
        "Caption": "#C C peels garlic with hands; #C C peels garlic using hands; #C C peels garlic by hand; #C C peels garlic with hands; #C C peels garlic with hands"
    },
    {
        "Video Name": "640ad606-0376-48cb-bc6a-14bc34ec4eaa",
        "Start Frame": 4320,
        "End Frame": 4440,
        "Caption": "#C C picks garlic with her right hand; #C C picks a knife from the newspaper ; #C C picks a jack fruit seed from the floor with her right hand; #C C picks knife from the paper ; #C C picks a garlic"
    },
    {
        "Video Name": "640ad606-0376-48cb-bc6a-14bc34ec4eaa",
        "Start Frame": 4440,
        "End Frame": 4560,
        "Caption": "#C C cuts the garlic; #C C cuts the jackfruit seed with the knife in her right hand; #C C cuts the jack fruit with the knife; #C C cuts the jack fruit with the knife; #C C cuts the garlic"
    },
    {
        "Video Name": "640ad606-0376-48cb-bc6a-14bc34ec4eaa",
        "Start Frame": 4560,
        "End Frame": 4680,
        "Caption": "#C C peels garlic using hands; #C C cuts garlic using knife; #C C peels the garlic; #C C peels garlic using hands; #C C peels the garlic using"
    },
    {
        "Video Name": "640ad606-0376-48cb-bc6a-14bc34ec4eaa",
        "Start Frame": 4680,
        "End Frame": 4800,
        "Caption": "#C C peels garlic using hands; #C C peels garlic with hands; #C C peels garlic with hands; #C C peels garlic with hands; #C C peels garlic using hands"
    },
    {
        "Video Name": "640ad606-0376-48cb-bc6a-14bc34ec4eaa",
        "Start Frame": 4800,
        "End Frame": 4920,
        "Caption": "#C C peels garlic with hands; #C C peels garlic using hands; #C C peels garlic using hands; #C C peels garlic by hand; #C C peels garlic using hands"
    },
    {
        "Video Name": "640ad606-0376-48cb-bc6a-14bc34ec4eaa",
        "Start Frame": 4920,
        "End Frame": 5040,
        "Caption": "#C C peels garlic using hands; #C C picks garlic from a bowl; #C C places the garlic inner peel in the; #C C drops garlic in a bowl; #C C peels garlic using hands"
    },
    {
        "Video Name": "640ad606-0376-48cb-bc6a-14bc34ec4eaa",
        "Start Frame": 5040,
        "End Frame": 5160,
        "Caption": "#C C peels garlic using; #C C puts garlic in a; #C C peels garlic using; #C C peels garlic using; #C C drops garlic in a"
    },
    {
        "Video Name": "640ad606-0376-48cb-bc6a-14bc34ec4eaa",
        "Start Frame": 5160,
        "End Frame": 5280,
        "Caption": "#C C peels garlic with hands ; #C C peels the garlic pod with both hands.; #C C peels garlic with hands ; #C C peels garlic with both hands ; #C C peels the garlic pod with both hands."
    },
    {
        "Video Name": "640ad606-0376-48cb-bc6a-14bc34ec4eaa",
        "Start Frame": 5280,
        "End Frame": 5400,
        "Caption": "#C C peels garlic with hands; #C C peels garlic by hand; #C C peels garlic using hands; #C C peels garlic with hands; #C C peels garlic using hands"
    }
]