[
    {
        "Video Name": "6472e377-b65c-461a-a750-9b28a673dc86",
        "Start Frame": 0,
        "End Frame": 120,
        "Caption": "#C C puts the chopstick on the rack.; #C C picks the chopstick.; #C C takes chopsticks from a cutlery holder.; #C C puts the chopstick in the cutlery holder; #C C puts the chopstick in the dishrack."
    },
    {
        "Video Name": "6472e377-b65c-461a-a750-9b28a673dc86",
        "Start Frame": 120,
        "End Frame": 240,
        "Caption": "#C C opens the tap with her right hand; #C C rinses the lid; #C C opens the tap; #C C opens the tap with her right hand; #C C opens the tap."
    },
    {
        "Video Name": "6472e377-b65c-461a-a750-9b28a673dc86",
        "Start Frame": 240,
        "End Frame": 360,
        "Caption": "#C C puts the bowl in her right hand on the table.; #C C puts the bowl under the weighing scale; #C C drops the bowl of groundnut oil on the kitchen countertop with her left hand; #C C picks up the bowl on the counter top with her left hand.; #C C puts the bowl on the counter top."
    },
    {
        "Video Name": "6472e377-b65c-461a-a750-9b28a673dc86",
        "Start Frame": 360,
        "End Frame": 480,
        "Caption": "#C C closes the tap with her left hand; #C C closes the sink tap.; #C C walks towards the sink.; #C C walks to the sink.; #C C walks towards the sink."
    },
    {
        "Video Name": "6472e377-b65c-461a-a750-9b28a673dc86",
        "Start Frame": 480,
        "End Frame": 600,
        "Caption": "#C C opens a cabinet with his left hand.; #C C opens the kitchen cabinet with her right hand; #C C opens the cabinet ; #C C opens the kitchen cabinet ; #C C opens a kitchen cabinet with her right hand"
    },
    {
        "Video Name": "6472e377-b65c-461a-a750-9b28a673dc86",
        "Start Frame": 600,
        "End Frame": 720,
        "Caption": "#C C puts the cover of the bowl in the cabinet.; #C C removes the bowl from the cupboard with her left hand.; #C C closes the cupboard with her left hand.; #C C picks a lid from the cupboard with her right hand.; #C C closes the cabinet"
    },
    {
        "Video Name": "6472e377-b65c-461a-a750-9b28a673dc86",
        "Start Frame": 720,
        "End Frame": 840,
        "Caption": "#C C picks a paper from the cabinet.; #C C closes the cupboard with her right hand.; #C C picks a cup from the cabinet with her right hand.; #C C takes a glove from the cupboard with her right hand; #C C touches a plastic bag."
    },
    {
        "Video Name": "6472e377-b65c-461a-a750-9b28a673dc86",
        "Start Frame": 840,
        "End Frame": 960,
        "Caption": "#C C walks in the room; #C C walks in the kitchen; #C C walks around the kitchen; #C C walks in the kitchen; #C C walks to the kitchen"
    },
    {
        "Video Name": "6472e377-b65c-461a-a750-9b28a673dc86",
        "Start Frame": 960,
        "End Frame": 1080,
        "Caption": "#C C opens the cabinet; #C C opens the cupboard with her right hand; #C C opens the cabinet; #C C opens the cupboard; #C C opens a kitchen cabinet."
    },
    {
        "Video Name": "6472e377-b65c-461a-a750-9b28a673dc86",
        "Start Frame": 1080,
        "End Frame": 1200,
        "Caption": "#C C opens the cabinet; #C C opens the cup; #C C closes the cabinet; #C C looks around the; #C C opens the cup"
    },
    {
        "Video Name": "6472e377-b65c-461a-a750-9b28a673dc86",
        "Start Frame": 1200,
        "End Frame": 1320,
        "Caption": "#C C unplugs the socket; #C C plugs in the cord; #C C plugs the cord to the socket with her left hand; #C C puts the charger in the socket; #C C puts the charger on the table"
    },
    {
        "Video Name": "6472e377-b65c-461a-a750-9b28a673dc86",
        "Start Frame": 1320,
        "End Frame": 1440,
        "Caption": "#C C connects the socket; #C C plugs the blender in the socket; #C C plugs in the cable to the; #C C connects the charger to the socket; #C C connects the cable to the socket"
    },
    {
        "Video Name": "6472e377-b65c-461a-a750-9b28a673dc86",
        "Start Frame": 1440,
        "End Frame": 1560,
        "Caption": "#C C walks to the kitchen counter; #C C walks to the machine.; #C C walks towards the kitchen countertop; #C C walks to a refrigerator.; #C C walks towards the kitchen countertop"
    },
    {
        "Video Name": "6472e377-b65c-461a-a750-9b28a673dc86",
        "Start Frame": 1560,
        "End Frame": 1680,
        "Caption": "#C C picks the chop board on the kitchen cabinet; #C C picks the chopping board.; #C C picks up a knife; #C C picks a chopping board; #C C picks the chopping board from the countertop with both hands"
    },
    {
        "Video Name": "6472e377-b65c-461a-a750-9b28a673dc86",
        "Start Frame": 1680,
        "End Frame": 1800,
        "Caption": "#C C carries the plate to the kitchen.; #C C puts the chopping board on the table; #C C walks towards the table; #C C walks to the kitchen ; #C C places the chopping board on a table"
    },
    {
        "Video Name": "6472e377-b65c-461a-a750-9b28a673dc86",
        "Start Frame": 1800,
        "End Frame": 1920,
        "Caption": "#C C puts the knife on the chopping board; #C C puts the rolling pin on the table; #C C puts the wooden spoon on the chopping; #C C puts the rolling pin on the table; #C C puts the rolling pin on the table"
    },
    {
        "Video Name": "6472e377-b65c-461a-a750-9b28a673dc86",
        "Start Frame": 1920,
        "End Frame": 2040,
        "Caption": "#C C walks to the dustbin; #C C walks around the kitchen; #C C walks around the kitchen; #C C walks towards the sink; #C C walks towards the kitchen sink"
    },
    {
        "Video Name": "6472e377-b65c-461a-a750-9b28a673dc86",
        "Start Frame": 2040,
        "End Frame": 2160,
        "Caption": "#C C walks in the room.; #C C walks around the kitchen ; #C C walks to the kitchen sink; #C C walks to the kitchen cabinet; #C C walks towards the kitchen cabinet"
    },
    {
        "Video Name": "6472e377-b65c-461a-a750-9b28a673dc86",
        "Start Frame": 2160,
        "End Frame": 2280,
        "Caption": "#C C walks towards the kitchen counter; #C C walks towards the sink.; #C C walks to the sink.; #C C walks towards the kitchen sink; #C C walks towards the sink."
    },
    {
        "Video Name": "6472e377-b65c-461a-a750-9b28a673dc86",
        "Start Frame": 2280,
        "End Frame": 2400,
        "Caption": "#C C puts the chopping board on top of the; #C C picks a chopping board ; #C C puts the chopping board on the kitchen counter; #C C picks the chopping board ; #C C picks the chopping board from the table "
    },
    {
        "Video Name": "6472e377-b65c-461a-a750-9b28a673dc86",
        "Start Frame": 2400,
        "End Frame": 2520,
        "Caption": "#C C picks a pot lid on the countertop with her left hand; #C C picks up a pot; #C C carries a cooking pot.; #C C takes the lid; #C C picks a pot."
    },
    {
        "Video Name": "6472e377-b65c-461a-a750-9b28a673dc86",
        "Start Frame": 2520,
        "End Frame": 2640,
        "Caption": "#C C washes the pot in her left hand with the sponge in her right hand; #C C cleans the pot.; #C C rinses the pot with both hands.; #C C rinses the pot in her left hand with water from the tap.; #C C rinses the pot with her right hand."
    },
    {
        "Video Name": "6472e377-b65c-461a-a750-9b28a673dc86",
        "Start Frame": 2640,
        "End Frame": 2760,
        "Caption": "#C C closes the tap.; #C C closes the tap.; #C C closes the tap with her right hand; #C C closes the tap with her right hand; #C C closes the tap."
    },
    {
        "Video Name": "6472e377-b65c-461a-a750-9b28a673dc86",
        "Start Frame": 2760,
        "End Frame": 2880,
        "Caption": "#C C rinses the pot in her left hand with water from the sink tap; #C C rinses the pot.; #C C rinses the pot with both hands.; #C C rinses the pot with her right hand.; #C C rinses the pot with her right hand."
    },
    {
        "Video Name": "6472e377-b65c-461a-a750-9b28a673dc86",
        "Start Frame": 2880,
        "End Frame": 3000,
        "Caption": "#C C closes the tap.; #C C closes the tap with her left hand.; #C C turns off the tap.; #C C rinses the pot with her left hand; #C C closes the tap with her left hand."
    },
    {
        "Video Name": "6472e377-b65c-461a-a750-9b28a673dc86",
        "Start Frame": 3000,
        "End Frame": 3120,
        "Caption": "#C C puts the saucepan on the counter top; #C C puts the cooking pot on the counter top; #C C drops the pot on the countertop.; #C C puts the cooking pot on the counter top; #C C puts pot on the counter top"
    },
    {
        "Video Name": "6472e377-b65c-461a-a750-9b28a673dc86",
        "Start Frame": 3120,
        "End Frame": 3240,
        "Caption": "#C C opens a fridge; #C C opens the fridge; #C C opens the fridge; #C C opens the fridge; #C C opens the fridge"
    },
    {
        "Video Name": "6472e377-b65c-461a-a750-9b28a673dc86",
        "Start Frame": 3240,
        "End Frame": 3360,
        "Caption": "#C C picks a dish from the fridge; #C C picks the bowl; #C C picks up the plate from the; #C C picks a bowl from the fridge; #C C picks up a bowl from the"
    },
    {
        "Video Name": "6472e377-b65c-461a-a750-9b28a673dc86",
        "Start Frame": 3360,
        "End Frame": 3480,
        "Caption": "#C C takes the fridge; #C C closes the fridge; #C C closes the fridge; #C C closes the fridge; #C C closes the fridge"
    },
    {
        "Video Name": "6472e377-b65c-461a-a750-9b28a673dc86",
        "Start Frame": 3480,
        "End Frame": 3600,
        "Caption": "#C C takes a packet of; #C C opens the fridge; #C C opens a fridge ; #C C closes fridge; #C C opens the fridge"
    },
    {
        "Video Name": "6472e377-b65c-461a-a750-9b28a673dc86",
        "Start Frame": 3600,
        "End Frame": 3720,
        "Caption": "#C C picks a nylon paper; #C C drops the nylon bag in the fridge; #C C puts the nylon paper bag in the; #C C removes meat from the fridge; #C C picks a polythene bag."
    },
    {
        "Video Name": "6472e377-b65c-461a-a750-9b28a673dc86",
        "Start Frame": 3720,
        "End Frame": 3840,
        "Caption": "#C C picks a plastic bag; #C C takes a polythene bag from the fridge; #C C picks a paper from the fridge; #C C picks up the nylon from the fridge; #C C picks a paper from the fridge"
    },
    {
        "Video Name": "6472e377-b65c-461a-a750-9b28a673dc86",
        "Start Frame": 3840,
        "End Frame": 3960,
        "Caption": "#C C closes the fridge; #C C closes the fridge.; #C C closes the fridge; #C C closes the fridge; #C C closes the refrigerator with her right hand"
    },
    {
        "Video Name": "6472e377-b65c-461a-a750-9b28a673dc86",
        "Start Frame": 3960,
        "End Frame": 4080,
        "Caption": "#C C adjusts the bowl on the counter top with both hands.; #C C moves the cooking pot on the counter.; #C C moves the stainless bowl on the counter top with her left hand; #C C picks the pot from the countertop with her left hand.; #C C moves the cooking pot."
    },
    {
        "Video Name": "6472e377-b65c-461a-a750-9b28a673dc86",
        "Start Frame": 4080,
        "End Frame": 4200,
        "Caption": "#C C opens the fridge; #C C opens the fridge; #C C opens the fridge; #C C closes the fridge; #C C closes the fridge"
    },
    {
        "Video Name": "6472e377-b65c-461a-a750-9b28a673dc86",
        "Start Frame": 4200,
        "End Frame": 4320,
        "Caption": "#C C checks food in the fridge; #C C moves a paper in the fridge; #C C picks out a packet of vegetables; #C C moves the vegetables in the fridge; #C C pulls a bag of vegetables "
    },
    {
        "Video Name": "6472e377-b65c-461a-a750-9b28a673dc86",
        "Start Frame": 4320,
        "End Frame": 4440,
        "Caption": "#C C opens fridge; #C C looks at the; #C C closes the fridge; #C C closes the fridge; #C C looks at the"
    },
    {
        "Video Name": "6472e377-b65c-461a-a750-9b28a673dc86",
        "Start Frame": 4440,
        "End Frame": 4560,
        "Caption": "#C C picks up a polythene from the table with her left hand.; #C C drops the vegetable on the kitchen counter.; #C C puts the leek in the sink; #C C drops the nylon on the kitchen counter.; #C C drops the bunch of spring onions on the kitchen counter with her left hand"
    },
    {
        "Video Name": "6472e377-b65c-461a-a750-9b28a673dc86",
        "Start Frame": 4560,
        "End Frame": 4680,
        "Caption": "#C C picks a chopping board on the kitchen counter with her right hand.; #C C picks up a chopping board on a kitchen counter with her right hand.; #C C picks a cutting board.; #C C takes chopping board; #C C picks up a chopping board from the kitchen countertop with her right hand"
    },
    {
        "Video Name": "6472e377-b65c-461a-a750-9b28a673dc86",
        "Start Frame": 4680,
        "End Frame": 4800,
        "Caption": "#C C rinses the chopping board.; #C C turns off the tap.; #C C pours the water in the chopping board in the sink; #C C turns the chopping board.; #C C holds the chopping board."
    },
    {
        "Video Name": "6472e377-b65c-461a-a750-9b28a673dc86",
        "Start Frame": 4800,
        "End Frame": 4920,
        "Caption": "#C C rinses the chopping board.; #C C rinses the chopping board with both hands.; #C C rinses the chopping board in her left hand with her right hand; #C C washes the chopping board ; #C C rinses the chopping board."
    },
    {
        "Video Name": "6472e377-b65c-461a-a750-9b28a673dc86",
        "Start Frame": 4920,
        "End Frame": 5040,
        "Caption": "#C C rinses the chopping board.; #C C rinses the chopping board. ; #C C rinses the chopping board.; #C C rinses the chopping board under the tap with her right hand; #C C rinses the chopping board with both hands. "
    },
    {
        "Video Name": "6472e377-b65c-461a-a750-9b28a673dc86",
        "Start Frame": 5040,
        "End Frame": 5160,
        "Caption": "#C C puts the chopping board on the counter top.; #C C drops the chopping board on the kitchen counter with both hands.; #C C drops the chopping board on the kitchen counter with her left hand; #C C places the chopping board on the kitchen slab.; #C C puts chopping board on the sink"
    },
    {
        "Video Name": "6472e377-b65c-461a-a750-9b28a673dc86",
        "Start Frame": 5160,
        "End Frame": 5280,
        "Caption": "#C C picks the plastic lid on the counter top with both hands.; #C C holds the chopping board with both hands.; #C C picks the cover of the bowl of chopped cucumber from the counter top with her right hand; #C C picks the lid.; #C C picks the lid."
    },
    {
        "Video Name": "6472e377-b65c-461a-a750-9b28a673dc86",
        "Start Frame": 5280,
        "End Frame": 5400,
        "Caption": "#C C picks up the lid of the plastic container with her left hand; #C C picks the lid.; #C C takes the lid of the container with her left hand.; #C C takes the lid from the container.; #C C opens the container."
    }
]