[
    {
        "Video Name": "662d710e-54ea-4e63-bfc3-8f4e14873fd4",
        "Start Frame": 0,
        "End Frame": 120,
        "Caption": "#C C walks on the; #C C walks on the; #c c walks around the; #C C walks towards the; #C C walks around the"
    },
    {
        "Video Name": "662d710e-54ea-4e63-bfc3-8f4e14873fd4",
        "Start Frame": 120,
        "End Frame": 240,
        "Caption": "#c c runs in the; #c c walks in the; #C C walks on the; #C C walks on the; #c c runs in the"
    },
    {
        "Video Name": "662d710e-54ea-4e63-bfc3-8f4e14873fd4",
        "Start Frame": 240,
        "End Frame": 360,
        "Caption": "#c c runs in the field; #C C walks towards the rugby ball; #C C walks towards the rugby ball; #c c runs in the field; #C C walks on the field"
    },
    {
        "Video Name": "662d710e-54ea-4e63-bfc3-8f4e14873fd4",
        "Start Frame": 360,
        "End Frame": 480,
        "Caption": "#c c runs in the field; #C C walks towards the rugby ball; #c c walks in the field; #c c runs in the field; #c c walks in the field"
    },
    {
        "Video Name": "662d710e-54ea-4e63-bfc3-8f4e14873fd4",
        "Start Frame": 480,
        "End Frame": 600,
        "Caption": "#c c kicks the ball in the field; #C C walks towards the rugby ball on the pitch; #c c kicks the ball in the field; #C C picks the ball; #c c picks the ball from the ground"
    },
    {
        "Video Name": "662d710e-54ea-4e63-bfc3-8f4e14873fd4",
        "Start Frame": 600,
        "End Frame": 720,
        "Caption": "#C C looks around the field; #C C walks towards the rugby ball; #c c looks around the field; #c c runs in the field; #C C walks towards the rugby ball"
    },
    {
        "Video Name": "662d710e-54ea-4e63-bfc3-8f4e14873fd4",
        "Start Frame": 720,
        "End Frame": 840,
        "Caption": "#C C looks around the field; #c c kicks the ball; #c c picks the ball from the; #C C walks towards the rugby ball; #C C looks around the field"
    },
    {
        "Video Name": "662d710e-54ea-4e63-bfc3-8f4e14873fd4",
        "Start Frame": 840,
        "End Frame": 960,
        "Caption": "#C C Looks at the; #c c kicks the ball; #c c kicks the ball; #c c kicks the ball; #C C kicks the ball"
    },
    {
        "Video Name": "662d710e-54ea-4e63-bfc3-8f4e14873fd4",
        "Start Frame": 960,
        "End Frame": 1080,
        "Caption": "#c c walks in the; #c c runs in the; #c c runs in the; #c c runs in the; #c c walks in the"
    },
    {
        "Video Name": "662d710e-54ea-4e63-bfc3-8f4e14873fd4",
        "Start Frame": 1080,
        "End Frame": 1200,
        "Caption": "#C C walks towards the rugby ball; #C C looks around the field; #C C walks in the field; #C C looks around the field; #C C runs towards the ball"
    },
    {
        "Video Name": "662d710e-54ea-4e63-bfc3-8f4e14873fd4",
        "Start Frame": 1200,
        "End Frame": 1320,
        "Caption": "#C C walks on the; #c c runs in the; #C C walks on the; #c c walks in the; #c c runs in the"
    },
    {
        "Video Name": "662d710e-54ea-4e63-bfc3-8f4e14873fd4",
        "Start Frame": 1320,
        "End Frame": 1440,
        "Caption": "#C C walks towards the rugby ball; #C C Looks at the field; #c c walks in the field; #c c walks in the field; #C C walks around the field"
    },
    {
        "Video Name": "662d710e-54ea-4e63-bfc3-8f4e14873fd4",
        "Start Frame": 1440,
        "End Frame": 1560,
        "Caption": "#c c kicks the; #C C kicks the; #C C kicks the; #c c kicks the; #c c kicks the"
    },
    {
        "Video Name": "662d710e-54ea-4e63-bfc3-8f4e14873fd4",
        "Start Frame": 1560,
        "End Frame": 1680,
        "Caption": "#c c looks around the field; #c c runs in the field; #c c picks the ball from the; #C C walks on the field; #C C walks on the field"
    },
    {
        "Video Name": "662d710e-54ea-4e63-bfc3-8f4e14873fd4",
        "Start Frame": 1680,
        "End Frame": 1800,
        "Caption": "#c c looks around the; #C C Looks around the; #c c looks around the; #C C looks around the; #c c looks around the"
    },
    {
        "Video Name": "662d710e-54ea-4e63-bfc3-8f4e14873fd4",
        "Start Frame": 1800,
        "End Frame": 1920,
        "Caption": "#c c kicks the ball in the; #c c kicks the ball; #c c kicks the ball in the; #c c kicks the ball in the; #c c kicks the ball in the"
    },
    {
        "Video Name": "662d710e-54ea-4e63-bfc3-8f4e14873fd4",
        "Start Frame": 1920,
        "End Frame": 2040,
        "Caption": "#c c runs in the field; #c c runs in the field; #c c runs in the field; #c c walks in the field; #C C runs towards the rugby ball"
    },
    {
        "Video Name": "662d710e-54ea-4e63-bfc3-8f4e14873fd4",
        "Start Frame": 2040,
        "End Frame": 2160,
        "Caption": "#c c walks in the; #c c runs in the; #C C walks in the; #c c runs in the; #C C walks towards the"
    },
    {
        "Video Name": "662d710e-54ea-4e63-bfc3-8f4e14873fd4",
        "Start Frame": 2160,
        "End Frame": 2280,
        "Caption": "#c c runs in the field; #c c walks in the field; #c c runs in the field; #c c runs in the field; #C C walks towards the rugby"
    },
    {
        "Video Name": "662d710e-54ea-4e63-bfc3-8f4e14873fd4",
        "Start Frame": 2280,
        "End Frame": 2400,
        "Caption": "#c c walks in the field; #c c walks in the field; #C C Walks on the; #c c walks in the field; #c c walks in the field"
    },
    {
        "Video Name": "662d710e-54ea-4e63-bfc3-8f4e14873fd4",
        "Start Frame": 2400,
        "End Frame": 2520,
        "Caption": "#c c picks the ball from the; #c c picks the ball from the; #c c picks the ball from the; #C C Picks the ball; #C C Picks the ball"
    },
    {
        "Video Name": "662d710e-54ea-4e63-bfc3-8f4e14873fd4",
        "Start Frame": 2520,
        "End Frame": 2640,
        "Caption": "#c c walks in the field; #c c walks in the field; #c c walks in the field; #C C walks on the field; #C C walks towards the rugby"
    },
    {
        "Video Name": "662d710e-54ea-4e63-bfc3-8f4e14873fd4",
        "Start Frame": 2640,
        "End Frame": 2760,
        "Caption": "#c c runs in the; #C C walks around the; #c c runs in the; #c c runs in the; #c c runs in the"
    },
    {
        "Video Name": "662d710e-54ea-4e63-bfc3-8f4e14873fd4",
        "Start Frame": 2760,
        "End Frame": 2880,
        "Caption": "#c c kicks the ball in the; #C C walks towards the rugby ball; #c c kicks the ball; #c c kicks the ball in the; #c c kicks the ball in the"
    },
    {
        "Video Name": "662d710e-54ea-4e63-bfc3-8f4e14873fd4",
        "Start Frame": 2880,
        "End Frame": 3000,
        "Caption": "#c c kicks the ball in the field; #c c kicks the ball in the field; #c c kicks the ball in the field; #C C kicks the rugby ball with his right leg; #C C Hits the ball with the leg"
    },
    {
        "Video Name": "662d710e-54ea-4e63-bfc3-8f4e14873fd4",
        "Start Frame": 3000,
        "End Frame": 3120,
        "Caption": "#c c runs in the; #C C walks in the; #c c runs in the; #c c runs in the; #c c runs in the"
    },
    {
        "Video Name": "662d710e-54ea-4e63-bfc3-8f4e14873fd4",
        "Start Frame": 3120,
        "End Frame": 3240,
        "Caption": "#C C walks on the; #C C walks on the; #c c walks in the; #c c walks in the; #c c runs in the"
    },
    {
        "Video Name": "662d710e-54ea-4e63-bfc3-8f4e14873fd4",
        "Start Frame": 3240,
        "End Frame": 3360,
        "Caption": "#C C Looks at the ball; #c c kicks the ball in the; #c c kicks the ball in the; #C C kicks the ball; #c c kicks the ball in the"
    },
    {
        "Video Name": "662d710e-54ea-4e63-bfc3-8f4e14873fd4",
        "Start Frame": 3360,
        "End Frame": 3480,
        "Caption": "#c c walks in the field; #c c runs in the field; #C C walks towards the rugby ball; #c c runs in the field; #C C walks on the field"
    },
    {
        "Video Name": "662d710e-54ea-4e63-bfc3-8f4e14873fd4",
        "Start Frame": 3480,
        "End Frame": 3600,
        "Caption": "#c c kicks the ball in the; #C C runs towards the rugby ball; #c c kicks the ball in the; #C C walks towards the rugby ball; #c c runs in the field"
    },
    {
        "Video Name": "662d710e-54ea-4e63-bfc3-8f4e14873fd4",
        "Start Frame": 3600,
        "End Frame": 3720,
        "Caption": "#C C walks towards the rugby ball; #C C walks in the field; #c c runs in the field; #c c walks in the field; #c c runs in the field"
    },
    {
        "Video Name": "662d710e-54ea-4e63-bfc3-8f4e14873fd4",
        "Start Frame": 3720,
        "End Frame": 3840,
        "Caption": "#c c walks in the field; #c c walks in the field; #c c walks in the field; #C C walks towards the rugby ball; #c c looks around the field"
    },
    {
        "Video Name": "662d710e-54ea-4e63-bfc3-8f4e14873fd4",
        "Start Frame": 3840,
        "End Frame": 3960,
        "Caption": "#C C looks around the; #c c walks in the; #C C walks around the; #c c walks in the; #c c runs in the"
    },
    {
        "Video Name": "662d710e-54ea-4e63-bfc3-8f4e14873fd4",
        "Start Frame": 3960,
        "End Frame": 4080,
        "Caption": "#c c looks around the; #C C walks on the; #c c runs in the; #C C looks around the; #c c walks in the"
    },
    {
        "Video Name": "662d710e-54ea-4e63-bfc3-8f4e14873fd4",
        "Start Frame": 4080,
        "End Frame": 4200,
        "Caption": "#c c walks in the; #c c runs in the; #c c walks around the; #c c walks around the; #c c walks in the"
    },
    {
        "Video Name": "662d710e-54ea-4e63-bfc3-8f4e14873fd4",
        "Start Frame": 4200,
        "End Frame": 4320,
        "Caption": "#C C sits on the; #C C looks around the; #C C looks around the; #C C holds the ground; #C C moves leg"
    },
    {
        "Video Name": "662d710e-54ea-4e63-bfc3-8f4e14873fd4",
        "Start Frame": 4320,
        "End Frame": 4440,
        "Caption": "#c c kicks the ball; #C C kicks the ball; #c c kicks the ball in the; #C C kicks the ball; #C C kicks the ball"
    },
    {
        "Video Name": "662d710e-54ea-4e63-bfc3-8f4e14873fd4",
        "Start Frame": 4440,
        "End Frame": 4560,
        "Caption": "#C C walks towards the ball; #C C looks around the field; #C C picks the ball from the; #c c picks the ball from the; #c c picks the ball from the"
    },
    {
        "Video Name": "662d710e-54ea-4e63-bfc3-8f4e14873fd4",
        "Start Frame": 4560,
        "End Frame": 4680,
        "Caption": "#C C Looks around the; #c c runs in the; #c c runs in the; #C C Looks around the; #C C looks around the"
    },
    {
        "Video Name": "662d710e-54ea-4e63-bfc3-8f4e14873fd4",
        "Start Frame": 4680,
        "End Frame": 4800,
        "Caption": "#c c kicks the ball in the; #c c kicks the ball; #c c kicks the ball in the; #C C picks the ball; #c c kicks the ball in the"
    },
    {
        "Video Name": "662d710e-54ea-4e63-bfc3-8f4e14873fd4",
        "Start Frame": 4800,
        "End Frame": 4920,
        "Caption": "#C C looks around the field; #c c kicks the ball in the; #c c kicks the ball in the; #c c kicks the ball in the; #c c kicks the ball in the"
    },
    {
        "Video Name": "662d710e-54ea-4e63-bfc3-8f4e14873fd4",
        "Start Frame": 4920,
        "End Frame": 5040,
        "Caption": "#c c kicks the ball in the; #C C walks towards the rugby ball; #c c runs in the field; #c c runs in the field; #c c walks in the field"
    },
    {
        "Video Name": "662d710e-54ea-4e63-bfc3-8f4e14873fd4",
        "Start Frame": 5040,
        "End Frame": 5160,
        "Caption": "#c c kicks the ball; #c c kicks the ball in the; #c c kicks the ball in the; #C C runs towards the ball; #c c kicks the ball"
    },
    {
        "Video Name": "662d710e-54ea-4e63-bfc3-8f4e14873fd4",
        "Start Frame": 5160,
        "End Frame": 5280,
        "Caption": "#C C runs towards the rugby; #C C walks towards the ball; #C C walks towards the ball; #c c walks in the field; #c c walks in the field"
    },
    {
        "Video Name": "662d710e-54ea-4e63-bfc3-8f4e14873fd4",
        "Start Frame": 5280,
        "End Frame": 5400,
        "Caption": "#C C walks towards the; #c c walks in the; #c c looks around the; #c c walks in the; #c c walks towards the"
    }
]