[
    {
        "Video Name": "66ae46ba-63c5-41b1-ab18-33a5561660f9",
        "Start Frame": 0,
        "End Frame": 120,
        "Caption": "#C C moves the bowl on the table with his right hand; #C C picks the tin on the table; #C C picks a container of flour; #C C picks a container ; #C C carries the bowl of flour"
    },
    {
        "Video Name": "66ae46ba-63c5-41b1-ab18-33a5561660f9",
        "Start Frame": 120,
        "End Frame": 240,
        "Caption": "#C C puts the flour on the table; #C C places the paper aside; #C C puts the flour on the counter; #C C places the tray on the table; #C C pushes the bucket aside"
    },
    {
        "Video Name": "66ae46ba-63c5-41b1-ab18-33a5561660f9",
        "Start Frame": 240,
        "End Frame": 360,
        "Caption": "#C C drinks water; #C C drinks from a bottle of; #C C drinks water from the bottle; #C C drinks water; #C C drinks water"
    },
    {
        "Video Name": "66ae46ba-63c5-41b1-ab18-33a5561660f9",
        "Start Frame": 360,
        "End Frame": 480,
        "Caption": "#C C drinks water; #C C takes water; #C C drinks water; #c c puts water bottle; #C C drinks water"
    },
    {
        "Video Name": "66ae46ba-63c5-41b1-ab18-33a5561660f9",
        "Start Frame": 480,
        "End Frame": 600,
        "Caption": "#c c walks around; #C C looks around; #C C walks around; #C C walks in the; #C C walks around"
    },
    {
        "Video Name": "66ae46ba-63c5-41b1-ab18-33a5561660f9",
        "Start Frame": 600,
        "End Frame": 720,
        "Caption": "#C C walks in the kitchen; #C C walks around ; #C C walks in the bakery; #C C rubs his hands; #C C walks around "
    },
    {
        "Video Name": "66ae46ba-63c5-41b1-ab18-33a5561660f9",
        "Start Frame": 720,
        "End Frame": 840,
        "Caption": "#C C picks a jug; #C C picks a jug from the sink with his right hand; #C C picks jug; #C C takes jug from the sink; #C C picks jug"
    },
    {
        "Video Name": "66ae46ba-63c5-41b1-ab18-33a5561660f9",
        "Start Frame": 840,
        "End Frame": 960,
        "Caption": "#C C scoops flour; #C C scoops flour ; #C C scoops flour with a flour sco; #C C scoops flour; #C C scoops flour"
    },
    {
        "Video Name": "66ae46ba-63c5-41b1-ab18-33a5561660f9",
        "Start Frame": 960,
        "End Frame": 1080,
        "Caption": "#C C places his left hand on the dough mixer; #C C puts the dough cutter in the dough mixer; #C C pours flour in the dough mixer; #C C places the jug on the sink; #C C presses the dough press machine"
    },
    {
        "Video Name": "66ae46ba-63c5-41b1-ab18-33a5561660f9",
        "Start Frame": 1080,
        "End Frame": 1200,
        "Caption": "#C C picks up the jug; #C C picks the jug from the sink; #C C picks a jug from the sink; #C C fetches water from a tap into the jug with his right hand; #C C rinses his right hand under the tap."
    },
    {
        "Video Name": "66ae46ba-63c5-41b1-ab18-33a5561660f9",
        "Start Frame": 1200,
        "End Frame": 1320,
        "Caption": "#C C turns around; #C C takes a jug from a sink with his left hand; #C C turns to the side; #C C turns off the mixer; #C C looks at the jug"
    },
    {
        "Video Name": "66ae46ba-63c5-41b1-ab18-33a5561660f9",
        "Start Frame": 1320,
        "End Frame": 1440,
        "Caption": "#C C picks a plastic scoop; #C C touches the flour; #C C drops the sachet of flour in his right hand into a; #C C picks a paper bag ; #C C pulls a bag under the table"
    },
    {
        "Video Name": "66ae46ba-63c5-41b1-ab18-33a5561660f9",
        "Start Frame": 1440,
        "End Frame": 1560,
        "Caption": "#C C scoops flour with the measuring cup; #C C puts flour in the dough mixer ; #C C pours flour in the basin; #C C places the measuring cup in his right hand in the jug in his left hand; #C C puts flour in a container"
    },
    {
        "Video Name": "66ae46ba-63c5-41b1-ab18-33a5561660f9",
        "Start Frame": 1560,
        "End Frame": 1680,
        "Caption": "#C C puts container in the shelf; #C C puts the container in the; #C C puts flour in the drawer; #C C puts a tin in the; #C C puts the jug in the"
    },
    {
        "Video Name": "66ae46ba-63c5-41b1-ab18-33a5561660f9",
        "Start Frame": 1680,
        "End Frame": 1800,
        "Caption": "#C C picks a paper ; #C C puts the flour down; #c c puts paper on the table; #C C removes the paper from the packet of; #c c picks baking powder from the table"
    },
    {
        "Video Name": "66ae46ba-63c5-41b1-ab18-33a5561660f9",
        "Start Frame": 1800,
        "End Frame": 1920,
        "Caption": "#C C looks; #C C looks; #C C looks; #C C looks; #C C looks"
    },
    {
        "Video Name": "66ae46ba-63c5-41b1-ab18-33a5561660f9",
        "Start Frame": 1920,
        "End Frame": 2040,
        "Caption": "#C C takes the container; #C C picks the plastic container from the counter; #C C Picks a storage container; #C C moves the dish on the table; #c c takes container"
    },
    {
        "Video Name": "66ae46ba-63c5-41b1-ab18-33a5561660f9",
        "Start Frame": 2040,
        "End Frame": 2160,
        "Caption": "#O person Y walks around; #C C closes the door; #C C converses with a man Z; #C C looks around; #C C looks at person A"
    },
    {
        "Video Name": "66ae46ba-63c5-41b1-ab18-33a5561660f9",
        "Start Frame": 2160,
        "End Frame": 2280,
        "Caption": "#C C gives man Y the paper bag; #O person X puts a tray on the counter; #O A woman X walks; #C C looks around the bakery; #C C interacts with woman Y"
    },
    {
        "Video Name": "66ae46ba-63c5-41b1-ab18-33a5561660f9",
        "Start Frame": 2280,
        "End Frame": 2400,
        "Caption": "#O woman Q talks with C ; #O a man X  picks the; #C C looks at woman Y ; #O person R walks; #C C looks at lady Z"
    },
    {
        "Video Name": "66ae46ba-63c5-41b1-ab18-33a5561660f9",
        "Start Frame": 2400,
        "End Frame": 2520,
        "Caption": "#c c takes the chocolate; #c c puts the cake down; #C C looks around; #C C puts the bread on the; #C C puts the cake on the"
    },
    {
        "Video Name": "66ae46ba-63c5-41b1-ab18-33a5561660f9",
        "Start Frame": 2520,
        "End Frame": 2640,
        "Caption": "#C C walks around the room; #C C walks around the room; #C C walks around the room; #C C turns around; #C C walks around"
    },
    {
        "Video Name": "66ae46ba-63c5-41b1-ab18-33a5561660f9",
        "Start Frame": 2640,
        "End Frame": 2760,
        "Caption": "#C C places the bowl in the fridge with his left hand; #C C puts the container in the fridge; #C C places the container in the fridge; #C C puts the tin in the fridge; #C C puts the container in the fridge "
    },
    {
        "Video Name": "66ae46ba-63c5-41b1-ab18-33a5561660f9",
        "Start Frame": 2760,
        "End Frame": 2880,
        "Caption": "#C C picks a container from the cupboard with his right hand.; #C C puts the bag in the cabinet ; #C C puts container in the cabinet ; #C C takes out a container from the cupboard with his right hand.; #O The man X places a blue container in the fridge with his right hand"
    },
    {
        "Video Name": "66ae46ba-63c5-41b1-ab18-33a5561660f9",
        "Start Frame": 2880,
        "End Frame": 3000,
        "Caption": "#C C picks a container; #C C picks a container; #C C closes the refrigerator with his right hand.; #C C picks a bucket of cereals from the refrigerator with his right hand; #C C closes the fridge"
    },
    {
        "Video Name": "66ae46ba-63c5-41b1-ab18-33a5561660f9",
        "Start Frame": 3000,
        "End Frame": 3120,
        "Caption": "#C C closes the fridge ; #C C closes the fridge door ; #C C closes the fridge with his right hand; #C C closes the refrigerator with his right hand; #C C closes the fridge"
    },
    {
        "Video Name": "66ae46ba-63c5-41b1-ab18-33a5561660f9",
        "Start Frame": 3120,
        "End Frame": 3240,
        "Caption": "#C C holds a container; #O man X picks a container; #C C puts the container in the fridge; #O The man X holds the container with both hands.; #C C gives the container to the man X with his right hand"
    },
    {
        "Video Name": "66ae46ba-63c5-41b1-ab18-33a5561660f9",
        "Start Frame": 3240,
        "End Frame": 3360,
        "Caption": "#C C puts container in the fridge; #C C puts the tin in the fridge; #C C puts the container in the fridge; #C C puts the container in the fridge; #C C puts container in cabinet"
    },
    {
        "Video Name": "66ae46ba-63c5-41b1-ab18-33a5561660f9",
        "Start Frame": 3360,
        "End Frame": 3480,
        "Caption": "#C C puts the container in the fridge; #C C puts the container in the fridge; #C C puts the container in the fridge; #C C puts container in the fridge; #C C puts the container in the fridge"
    },
    {
        "Video Name": "66ae46ba-63c5-41b1-ab18-33a5561660f9",
        "Start Frame": 3480,
        "End Frame": 3600,
        "Caption": "#C C closes the fridge; #C C closes the fridge; #C C closes the refrigerator with his right hand; #C C closes the fridge; #C C closes the fridge with his right hand"
    },
    {
        "Video Name": "66ae46ba-63c5-41b1-ab18-33a5561660f9",
        "Start Frame": 3600,
        "End Frame": 3720,
        "Caption": "#C C puts the storage container in the fridge; #C C puts the tin in the fridge; #C C places the container in the refrigerator with his right hand.; #C C picks container from the fridge; #C C places the plastic container in the fridge with his right hand"
    },
    {
        "Video Name": "66ae46ba-63c5-41b1-ab18-33a5561660f9",
        "Start Frame": 3720,
        "End Frame": 3840,
        "Caption": "#C C puts the container on the floor; #C C puts container on the floor; #C C puts the container in the refrigerator; #C C drops the bowl in the fridge with his right hand; #C C takes out a container from the fridge"
    },
    {
        "Video Name": "66ae46ba-63c5-41b1-ab18-33a5561660f9",
        "Start Frame": 3840,
        "End Frame": 3960,
        "Caption": "#C C picks a container; #C C picks a food container; #C C picks up the dish from the ground with his right hand; #C C opens a container; #C C opens the container"
    },
    {
        "Video Name": "66ae46ba-63c5-41b1-ab18-33a5561660f9",
        "Start Frame": 3960,
        "End Frame": 4080,
        "Caption": "#C C puts the tin in the fridge; #C C puts the container in the fridge; #C C puts the container in the fridge; #C C puts the container in the fridge; #C C closes the fridge "
    },
    {
        "Video Name": "66ae46ba-63c5-41b1-ab18-33a5561660f9",
        "Start Frame": 4080,
        "End Frame": 4200,
        "Caption": "#C C arranges the container in the; #C C puts the tin inside the fridge; #C C puts the container in the refrigerator; #C C places the tin on the fridge; #C C puts the bowl in the fridge"
    },
    {
        "Video Name": "66ae46ba-63c5-41b1-ab18-33a5561660f9",
        "Start Frame": 4200,
        "End Frame": 4320,
        "Caption": "#C C picks meat; #C C takes meat from the freezer; #C C picks a plastic tin of meat from the; #C C looks at the container; #C C takes out a tin"
    },
    {
        "Video Name": "66ae46ba-63c5-41b1-ab18-33a5561660f9",
        "Start Frame": 4320,
        "End Frame": 4440,
        "Caption": "#C C tears the cheese with his hands; #C C cuts the snacks; #C C tears the nylon of the doughnut with his hands.; #C C takes the snack from his left hand with his right hand; #C C breaks the dough into two"
    },
    {
        "Video Name": "66ae46ba-63c5-41b1-ab18-33a5561660f9",
        "Start Frame": 4440,
        "End Frame": 4560,
        "Caption": "#C C tears the bread; #C C tears a piece of paper; #C C takes butter from the container with his right hand.; #C C peels the garlic with his hands.; #C C opens the container "
    },
    {
        "Video Name": "66ae46ba-63c5-41b1-ab18-33a5561660f9",
        "Start Frame": 4560,
        "End Frame": 4680,
        "Caption": "#C C puts the tin in the kitchen cabinet; #C C picks up a container from the shelf; #C C takes a tin of flour from the cup; #C C picks a tin; #C C picks a tin"
    },
    {
        "Video Name": "66ae46ba-63c5-41b1-ab18-33a5561660f9",
        "Start Frame": 4680,
        "End Frame": 4800,
        "Caption": "#C C takes the snacks; #C C takes the snacks; #C C opens the packet of chips with his; #C C picks the doughnuts; #C C opens the cheese in his hands."
    },
    {
        "Video Name": "66ae46ba-63c5-41b1-ab18-33a5561660f9",
        "Start Frame": 4800,
        "End Frame": 4920,
        "Caption": "#C C cleans his right hand on his shirt.; #C C folds the wipes; #C C removes the dirt on his right hand with his left hand.; #C C looks at his fingers ; #C C cuts a piece of the bandana"
    },
    {
        "Video Name": "66ae46ba-63c5-41b1-ab18-33a5561660f9",
        "Start Frame": 4920,
        "End Frame": 5040,
        "Caption": "#C C picks up a sausage from the fridge; #C C picks the ham; #C C picks bread from the fridge; #C C takes cheese from the packet; #C C takes a small piece of sausage from the container with his right hand."
    },
    {
        "Video Name": "66ae46ba-63c5-41b1-ab18-33a5561660f9",
        "Start Frame": 5040,
        "End Frame": 5160,
        "Caption": "#C C picks up the container; #C C removes the container from the refrigerator with his right hand; #C C removes the container from the fridge with his right hand; #C C searches in the fridge; #C C picks a tin"
    },
    {
        "Video Name": "66ae46ba-63c5-41b1-ab18-33a5561660f9",
        "Start Frame": 5160,
        "End Frame": 5280,
        "Caption": "#C C picks a tin from the; #C C picks a container from the; #C C takes a tin; #C C picks a tin; #C C picks a container"
    },
    {
        "Video Name": "66ae46ba-63c5-41b1-ab18-33a5561660f9",
        "Start Frame": 5280,
        "End Frame": 5400,
        "Caption": "#C C takes a plastic tin; #C C picks a tin from the fridge; #C C takes out a container from the fridge; #C C picks a container from the fridge; #C C takes a bowl from the fridge with his right hand"
    }
]