[
    {
        "Video Name": "689396c1-fc87-48f1-bdaf-00bc5efb3d4f",
        "Start Frame": 0,
        "End Frame": 120,
        "Caption": "#C C picks the lighter from the table.; #C C picks a lighter on the table with her left; #C C picks the lighter from the table.; #C C picks lighter; #C C picks a lighter."
    },
    {
        "Video Name": "689396c1-fc87-48f1-bdaf-00bc5efb3d4f",
        "Start Frame": 120,
        "End Frame": 240,
        "Caption": "#C C adjusts the knob on the cooker.; #C C turns on the gas stove; #C C turns on the gas cooker with her left hand; #C C drops the frying pan on the gas cooker.; #C C places the pot on the gas cooker."
    },
    {
        "Video Name": "689396c1-fc87-48f1-bdaf-00bc5efb3d4f",
        "Start Frame": 240,
        "End Frame": 360,
        "Caption": "#C C puts the pan on the cooker; #C C picks the frying pan from the gas cooker; #C C puts the cooking pan on the gas cooker; #C C puts a frying pan on the gas cooker; #C C drops the sauce pan on the gas cooker with her left hand"
    },
    {
        "Video Name": "689396c1-fc87-48f1-bdaf-00bc5efb3d4f",
        "Start Frame": 360,
        "End Frame": 480,
        "Caption": "#C C picks the container.; #C C picks the container.; #C C picks the container on the counter; #C C picks the container from the kitchen counter with her left hand; #C C picks up a container."
    },
    {
        "Video Name": "689396c1-fc87-48f1-bdaf-00bc5efb3d4f",
        "Start Frame": 480,
        "End Frame": 600,
        "Caption": "#C C opens the bottle; #C C pours the oil into the pan; #C C picks cooking oil with the spoon; #C C pours oil in the oil container; #C C pours the oil in the spoon in the frypan on the gas cooker"
    },
    {
        "Video Name": "689396c1-fc87-48f1-bdaf-00bc5efb3d4f",
        "Start Frame": 600,
        "End Frame": 720,
        "Caption": "#C C pours oil in the cooking pan; #C C pours oil in the cooking pan ; #C C pours the cooking oil in the pan; #C C pours oil in the pan; #C C puts oil in cooking pan "
    },
    {
        "Video Name": "689396c1-fc87-48f1-bdaf-00bc5efb3d4f",
        "Start Frame": 720,
        "End Frame": 840,
        "Caption": "#C C covers the container with the lid; #C C closes the container; #C C opens a container.; #C C closes the container.; #C C places the container on the counter"
    },
    {
        "Video Name": "689396c1-fc87-48f1-bdaf-00bc5efb3d4f",
        "Start Frame": 840,
        "End Frame": 960,
        "Caption": "#C C opens a container; #C C picks the container from the kitchen counter; #C C picks a container; #C C picks up the lid; #C C picks a container from the countertop"
    },
    {
        "Video Name": "689396c1-fc87-48f1-bdaf-00bc5efb3d4f",
        "Start Frame": 960,
        "End Frame": 1080,
        "Caption": "#C C pours the oil into the frying pan; #C C puts the oil in the cooking pan; #C C pours the oil into the fry pan; #C C pours the oil in the pan.; #C C pours the salt in the pan."
    },
    {
        "Video Name": "689396c1-fc87-48f1-bdaf-00bc5efb3d4f",
        "Start Frame": 1080,
        "End Frame": 1200,
        "Caption": "#C C drops the spoon on the container.; #C C drops the spoon in the container.; #C C puts down the spoon; #C C drops the spoon on the kitchen counter; #C C puts the spoon in the container"
    },
    {
        "Video Name": "689396c1-fc87-48f1-bdaf-00bc5efb3d4f",
        "Start Frame": 1200,
        "End Frame": 1320,
        "Caption": "#C C drops the container on the table; #C C drops the container on the counter; #C C picks up the container.; #C C puts the container on the table; #C C drops the container on the table"
    },
    {
        "Video Name": "689396c1-fc87-48f1-bdaf-00bc5efb3d4f",
        "Start Frame": 1320,
        "End Frame": 1440,
        "Caption": "#C C walks around the room; #C C walks towards a cooking gas; #C C turns around.; #C C walks around the kitchen.; #C C walks to the gas cooker"
    },
    {
        "Video Name": "689396c1-fc87-48f1-bdaf-00bc5efb3d4f",
        "Start Frame": 1440,
        "End Frame": 1560,
        "Caption": "#C C picks a container; #C C opens the container.; #C C opens the container of salt with her right hand; #C C picks a container from a wall; #C C opens the container with her right hand. "
    },
    {
        "Video Name": "689396c1-fc87-48f1-bdaf-00bc5efb3d4f",
        "Start Frame": 1560,
        "End Frame": 1680,
        "Caption": "#C C puts the container on the; #C C puts the tin on the; #C C puts the container on the; #C C puts the container on the; #C C drops the container on the"
    },
    {
        "Video Name": "689396c1-fc87-48f1-bdaf-00bc5efb3d4f",
        "Start Frame": 1680,
        "End Frame": 1800,
        "Caption": "#C C picks a small piece of the onion from a plate on the countertop with her left hand; #C C picks up the onion.; #C C picks a spring onion from a plate on the cabinet.; #C C picks a bell pepper from a plate on a kitchen counter with her left hand.; #C C picks the garlic on the plate on the table with her left hand. "
    },
    {
        "Video Name": "689396c1-fc87-48f1-bdaf-00bc5efb3d4f",
        "Start Frame": 1800,
        "End Frame": 1920,
        "Caption": "#C C adds the remaining spice in the pot.; #C C pours the oil in the pot.; #C C pours the oil in the fry pan on the gas cooker; #C C puts oil in the pan; #C C adds the oil into the pot on the gas cooker."
    },
    {
        "Video Name": "689396c1-fc87-48f1-bdaf-00bc5efb3d4f",
        "Start Frame": 1920,
        "End Frame": 2040,
        "Caption": "#C C drops the bowl on the table.; #C C drops the pot on the table with her left; #C C drops the pot on the table.; #C C puts cooking oil on the table; #C C drops the pot on the table."
    },
    {
        "Video Name": "689396c1-fc87-48f1-bdaf-00bc5efb3d4f",
        "Start Frame": 2040,
        "End Frame": 2160,
        "Caption": "#C C picks up a container of vegetable.; #C C picks the bowl from the counter with her left; #C C picks the tray from the counter; #C C picks up a tray on the kitchen cabinet; #C C picks up the pot."
    },
    {
        "Video Name": "689396c1-fc87-48f1-bdaf-00bc5efb3d4f",
        "Start Frame": 2160,
        "End Frame": 2280,
        "Caption": "#C C puts the vegetable in the pot.; #C C takes the cabbage with her right hand; #C C puts the cabbage in the pot.; #C C pours the veggies inside the pot on the cooker; #C C pours the vegetable into the fry pan."
    },
    {
        "Video Name": "689396c1-fc87-48f1-bdaf-00bc5efb3d4f",
        "Start Frame": 2280,
        "End Frame": 2400,
        "Caption": "#C C pours the spices into the food in the pot.; #C C pours the ingredient from the pot into the plate.; #C C pours the vegetables in her left hand in the pot on the gas; #C C puts the pan on the cooker; #C C drops the package on the slab with her left hand"
    },
    {
        "Video Name": "689396c1-fc87-48f1-bdaf-00bc5efb3d4f",
        "Start Frame": 2400,
        "End Frame": 2520,
        "Caption": "#C C adjusts the burner knob on the gas cooker with her left hand.; #C C holds the cooking gas knob; #C C places the bottle of oil on the gas cooker with her left hand; #C C adjusts the plate on the cooker with her left hand; #C C turns a knob on the cooker with her left hand"
    },
    {
        "Video Name": "689396c1-fc87-48f1-bdaf-00bc5efb3d4f",
        "Start Frame": 2520,
        "End Frame": 2640,
        "Caption": "#C C carries a pan from the cooker; #C C adjusts the camera; #C C holds the handle of the cooker; #C C operates the cooker.; #C C turns on the gas cooker."
    },
    {
        "Video Name": "689396c1-fc87-48f1-bdaf-00bc5efb3d4f",
        "Start Frame": 2640,
        "End Frame": 2760,
        "Caption": "#C C adjusts the camera; #C C adjusts the camera; #C C adjusts the camera; #C C  lifts up the; #C C lifts the hand"
    },
    {
        "Video Name": "689396c1-fc87-48f1-bdaf-00bc5efb3d4f",
        "Start Frame": 2760,
        "End Frame": 2880,
        "Caption": "#C C adjusts the camera ; #C C adjusts the camera ; #C C removes camera from head; #C C adjusts the camera ; #C C adjusts her camera with both hands"
    },
    {
        "Video Name": "689396c1-fc87-48f1-bdaf-00bc5efb3d4f",
        "Start Frame": 2880,
        "End Frame": 3000,
        "Caption": "#C C puts the coriander in the; #C C picks up some leaves; #C C picks up vegetables from the bowl.; #C C holds the leaves with both hands; #C C adds food to the cooking pot"
    },
    {
        "Video Name": "689396c1-fc87-48f1-bdaf-00bc5efb3d4f",
        "Start Frame": 3000,
        "End Frame": 3120,
        "Caption": "#C C removes a ginger from the stalk; #C C pours the veggies into the pot with her right; #C C removes the vegetables from the tin.; #C C drops the vegetables inside the pot with her left hand; #C C removes the vegetables from her left hand"
    },
    {
        "Video Name": "689396c1-fc87-48f1-bdaf-00bc5efb3d4f",
        "Start Frame": 3120,
        "End Frame": 3240,
        "Caption": "#C C puts the leaves in the cooking pan; #C C cuts the vegetables in her hand; #C C breaks the vegetable into two.; #C C drops the green pea on the counter; #C C cuts the pieces of green pepper in her hands into the frying pan"
    },
    {
        "Video Name": "689396c1-fc87-48f1-bdaf-00bc5efb3d4f",
        "Start Frame": 3240,
        "End Frame": 3360,
        "Caption": "#C C drops the cup on the counter.; #C C puts the cup on the table.; #C C drops the cup on the table.; #C C drops the cup on the kitchen table; #C C drops the cup on the counter."
    },
    {
        "Video Name": "689396c1-fc87-48f1-bdaf-00bc5efb3d4f",
        "Start Frame": 3360,
        "End Frame": 3480,
        "Caption": "#C C picks the container from the; #C C picks up the container.; #C C picks up a container; #C C covers the pot with its; #C C holds the container."
    },
    {
        "Video Name": "689396c1-fc87-48f1-bdaf-00bc5efb3d4f",
        "Start Frame": 3480,
        "End Frame": 3600,
        "Caption": "#C C puts food in the cooking pot; #C C puts the cabbage in the pot; #C C puts the vegetables in the cooking pot; #C C pours the vegetables in the cooking; #C C puts the food into the pan."
    },
    {
        "Video Name": "689396c1-fc87-48f1-bdaf-00bc5efb3d4f",
        "Start Frame": 3600,
        "End Frame": 3720,
        "Caption": "#C C drops vegetables into the pot.; #C C puts vegetables in the pan; #C C puts vegetables on the pan; #C C puts the vegetables in the pot; #C C puts vegetables in the pot"
    },
    {
        "Video Name": "689396c1-fc87-48f1-bdaf-00bc5efb3d4f",
        "Start Frame": 3720,
        "End Frame": 3840,
        "Caption": "#C C  removes food from the cooking pot; #C C removes onions from the pan; #C C stirs vegetables in the pan; #C C presses the onions in the pot with her right; #C C removes vegetables from the pot"
    },
    {
        "Video Name": "689396c1-fc87-48f1-bdaf-00bc5efb3d4f",
        "Start Frame": 3840,
        "End Frame": 3960,
        "Caption": "#C C places the container on the counter top; #C C puts the container on the cabinet; #C C puts the container on the table; #C C drops the container on the kitchen counter top; #C C drops the container on the cabinet."
    },
    {
        "Video Name": "689396c1-fc87-48f1-bdaf-00bc5efb3d4f",
        "Start Frame": 3960,
        "End Frame": 4080,
        "Caption": "#C C drops the container on the kitchen counter.; #C C puts the tin on the counter top; #C C puts tin on the kitchen top; #C C places the container on the counter.; #C C drops the container on the kitchen counter."
    },
    {
        "Video Name": "689396c1-fc87-48f1-bdaf-00bc5efb3d4f",
        "Start Frame": 4080,
        "End Frame": 4200,
        "Caption": "#C C walks around the house; #C C walks around the kitchen; #C C walks around the room; #C C walks towards the table; #C C walks to the kitchen"
    },
    {
        "Video Name": "689396c1-fc87-48f1-bdaf-00bc5efb3d4f",
        "Start Frame": 4200,
        "End Frame": 4320,
        "Caption": "#C C picks the container; #C C opens the container; #C C opens the container; #C C opens the container; #C C opens the container"
    },
    {
        "Video Name": "689396c1-fc87-48f1-bdaf-00bc5efb3d4f",
        "Start Frame": 4320,
        "End Frame": 4440,
        "Caption": "#C C adds salt to the oil.; #C C pours the salt in the cooking; #C C puts salt in the cooking pan; #C C puts salt in the cooking pan ; #C C puts salt in the cooking pan "
    },
    {
        "Video Name": "689396c1-fc87-48f1-bdaf-00bc5efb3d4f",
        "Start Frame": 4440,
        "End Frame": 4560,
        "Caption": "#C C picks a spoon; #C C picks a container; #C C picks a container lid; #C C picks the spoon in the tin; #C C picks up the spoon with her right"
    },
    {
        "Video Name": "689396c1-fc87-48f1-bdaf-00bc5efb3d4f",
        "Start Frame": 4560,
        "End Frame": 4680,
        "Caption": "#C C adds the spice in the pan; #C C pours the spice into the food; #C C adds the spice in the food.; #C C puts the spice in the pan.; #C C adds the salt in the food"
    },
    {
        "Video Name": "689396c1-fc87-48f1-bdaf-00bc5efb3d4f",
        "Start Frame": 4680,
        "End Frame": 4800,
        "Caption": "#C C puts salt container on the kitchen; #C C puts the container on the counter; #C C puts spice tin on the table; #C C puts tin aside; #C C puts the container on the table"
    },
    {
        "Video Name": "689396c1-fc87-48f1-bdaf-00bc5efb3d4f",
        "Start Frame": 4800,
        "End Frame": 4920,
        "Caption": "#C C adds water in the pan; #C C pours water from the jug into the cooking pot.; #C C pours the water in the frying pan.; #C C pours water in the cooking pan ; #C C pours water from the pot into the bowl on the cooker"
    },
    {
        "Video Name": "689396c1-fc87-48f1-bdaf-00bc5efb3d4f",
        "Start Frame": 4920,
        "End Frame": 5040,
        "Caption": "#C C pours water in the frying pan; #C C pours water on the pot; #C C pours water into the pot.; #C C pours water in the cooking pot; #C C pours water on the cooking pot"
    },
    {
        "Video Name": "689396c1-fc87-48f1-bdaf-00bc5efb3d4f",
        "Start Frame": 5040,
        "End Frame": 5160,
        "Caption": "#C C picks a pot.; #C C picks the pan from the cooker.; #C C picks a cooking pan from the table; #C C picks up a frying pan with her left hand; #C C picks the frying pan from the cooker."
    },
    {
        "Video Name": "689396c1-fc87-48f1-bdaf-00bc5efb3d4f",
        "Start Frame": 5160,
        "End Frame": 5280,
        "Caption": "#C C interacts with person X; #C C looks at the cooking pan; #C C turns off the cooker; #C C picks the cooking pot from the gas cooker; #C C adjusts the cooker"
    },
    {
        "Video Name": "689396c1-fc87-48f1-bdaf-00bc5efb3d4f",
        "Start Frame": 5280,
        "End Frame": 5400,
        "Caption": "#C C puts the pepper in the pot; #C C puts the hot pepper into the cooking pot; #C C pours the food into a pot on the gas cooker; #C C puts the pepper into the pot; #C C drops the spice in the pot"
    }
]