[
    {
        "Video Name": "6a0b0189-25fd-46f8-9d1a-99912de3d5f5",
        "Start Frame": 0,
        "End Frame": 120,
        "Caption": "#C C puts the leaf on the table; #C C picks a leaf from the leaf stand with her right hand; #C C picks a leaf from the plant with her right hand.; #C C puts the leaf in the pot with her right hand.; #C C picks a leaf from the plant with her right hand."
    },
    {
        "Video Name": "6a0b0189-25fd-46f8-9d1a-99912de3d5f5",
        "Start Frame": 120,
        "End Frame": 240,
        "Caption": "#C C touches the plant; #C C removes her right hand from the plant; #C C picks the leaf; #C C picks a flower from the flower pot on the kitchen counter with her right hand; #C C removes a leaf from the plant with her right hand."
    },
    {
        "Video Name": "6a0b0189-25fd-46f8-9d1a-99912de3d5f5",
        "Start Frame": 240,
        "End Frame": 360,
        "Caption": "#C C drops the leaf on the floor with her right hand.; #C C drops the plant in the plant pot with her left hand; #C C puts the plant in the flower pot; #C C places the potted plant on the floor; #C C places the plant in the flower pot with her right hand"
    },
    {
        "Video Name": "6a0b0189-25fd-46f8-9d1a-99912de3d5f5",
        "Start Frame": 360,
        "End Frame": 480,
        "Caption": "#C C picks a vase from the rack with her left hand; #C C touches the plant ; #C C touches a plant with her left hand.; #C C holds the plant; #C C takes the plant pot from the rack with her left hand"
    },
    {
        "Video Name": "6a0b0189-25fd-46f8-9d1a-99912de3d5f5",
        "Start Frame": 480,
        "End Frame": 600,
        "Caption": "#C C puts the plant in the tray ; #C C drops the plant in her right hand on the tray.; #C C drops the plant in her right hand on the pot on the table; #C C drops the plant; #C C places the plant in the bowl on the table with her right hand"
    },
    {
        "Video Name": "6a0b0189-25fd-46f8-9d1a-99912de3d5f5",
        "Start Frame": 600,
        "End Frame": 720,
        "Caption": "#C C drops the flower pot on the rack with her right hand.; #C C puts the plant on the surface; #C C drops the plant on the tray with her right hand.; #C C moves a plant pot on the rack with her right hand.; #C C drops the plant in her right hand on the plant pot on top of the kitchen cabinet"
    },
    {
        "Video Name": "6a0b0189-25fd-46f8-9d1a-99912de3d5f5",
        "Start Frame": 720,
        "End Frame": 840,
        "Caption": "#C C drops the plant in her right hand in the plant pot on the shelf; #C C places the plant on the rack ; #C C drops the plant on the rack with her right hand.; #C C holds the plant in the flower pot with her left hand.; #C C picks the plant"
    },
    {
        "Video Name": "6a0b0189-25fd-46f8-9d1a-99912de3d5f5",
        "Start Frame": 840,
        "End Frame": 960,
        "Caption": "#C C picks a branch of the plant from the table with her right hand; #C C looks around ; #C C looks around; #C C looks around the room; #C C drops the plant in her right hand on the table. "
    },
    {
        "Video Name": "6a0b0189-25fd-46f8-9d1a-99912de3d5f5",
        "Start Frame": 960,
        "End Frame": 1080,
        "Caption": "#C C places a flower vase on a table with her left hand; #C C places a flower vase on the table; #C C puts the flower pot on the table; #C C holds a plant; #C C puts the plant on the table"
    },
    {
        "Video Name": "6a0b0189-25fd-46f8-9d1a-99912de3d5f5",
        "Start Frame": 1080,
        "End Frame": 1200,
        "Caption": "#C C picks a plastic cup from the table with her left hand.; #C C picks the jar on the table with her left hand.; #C C picks the cup of water from the dining table with her right hand; #C C moves the flower pot on the dining table with her left hand.; #C C picks up a cup of water from the table with her left hand"
    },
    {
        "Video Name": "6a0b0189-25fd-46f8-9d1a-99912de3d5f5",
        "Start Frame": 1200,
        "End Frame": 1320,
        "Caption": "#C C waters the flower plant with the plastic cup in her right hand.; #C C waters the plant ; #C C waters the flower plant in the house with the water in the jug in her right hand; #C C waters the plants with the water in the cup with her right hand.; #C C waters the flower plant."
    },
    {
        "Video Name": "6a0b0189-25fd-46f8-9d1a-99912de3d5f5",
        "Start Frame": 1320,
        "End Frame": 1440,
        "Caption": "#C C walks towards a flower plant on a table; #C C walks around the house ; #C C walks towards the tap; #C C walks towards a table.; #C C moves around the house"
    },
    {
        "Video Name": "6a0b0189-25fd-46f8-9d1a-99912de3d5f5",
        "Start Frame": 1440,
        "End Frame": 1560,
        "Caption": "#C C walks towards the dinning room from the kitchen; #C C walks around the house; #C C walks towards the table; #C C moves towards a sink.; #C C walks around"
    },
    {
        "Video Name": "6a0b0189-25fd-46f8-9d1a-99912de3d5f5",
        "Start Frame": 1560,
        "End Frame": 1680,
        "Caption": "#C C walks towards the sink.; #C C moves towards the kitchen sink; #C C walks around the kitchen; #C C walks around the kitchen ; #C C moves towards a sink."
    },
    {
        "Video Name": "6a0b0189-25fd-46f8-9d1a-99912de3d5f5",
        "Start Frame": 1680,
        "End Frame": 1800,
        "Caption": "#C C closes the tap; #C C opens the tap with her left hand; #C C opens the tap ; #C C opens the tap; #C C opens the tap"
    },
    {
        "Video Name": "6a0b0189-25fd-46f8-9d1a-99912de3d5f5",
        "Start Frame": 1800,
        "End Frame": 1920,
        "Caption": "#C C moves the faucet; #C C holds a kitchen tap; #C C closes the tap with her left hand; #C C closes the tap with her left hand; #C C opens a tap with her left hand"
    },
    {
        "Video Name": "6a0b0189-25fd-46f8-9d1a-99912de3d5f5",
        "Start Frame": 1920,
        "End Frame": 2040,
        "Caption": "#C C looks at the microwave; #C C walks towards the cooker in the kitchen.; #C C looks around the kitchen ; #C C closes the cabinet with her left hand.; #C C opens a kitchen cabinet with her left hand"
    },
    {
        "Video Name": "6a0b0189-25fd-46f8-9d1a-99912de3d5f5",
        "Start Frame": 2040,
        "End Frame": 2160,
        "Caption": "#C C walks around the house; #C C walks towards a dining table; #C C walks in the room; #C C walks towards the kitchen cabinet; #C C walks towards the dining table"
    },
    {
        "Video Name": "6a0b0189-25fd-46f8-9d1a-99912de3d5f5",
        "Start Frame": 2160,
        "End Frame": 2280,
        "Caption": "#C C looks around; #C C Looks at the box on the counter top; #C C looks around; #C C stares at the kitchen cabinet; #C C picks a pack of milk from the kitchen counter with her right hand"
    },
    {
        "Video Name": "6a0b0189-25fd-46f8-9d1a-99912de3d5f5",
        "Start Frame": 2280,
        "End Frame": 2400,
        "Caption": "#C C looks around; #C C picks a phone from the kitchen counter with her left hand.; #C C looks around; #C C picks a plastic bag from the kitchen counter with her right hand; #C C opens a kitchen cabinet with her right hand."
    },
    {
        "Video Name": "6a0b0189-25fd-46f8-9d1a-99912de3d5f5",
        "Start Frame": 2400,
        "End Frame": 2520,
        "Caption": "#C C opens a carton of milk with her left hand.; #C C moves the pack of milk on the kitchen counter with her left hand; #C C opens the carton of milk with her right hand.; #C C holds a sachet of coffee with her left hand. ; #C C cuts the seal on the pack of milk with her right hand."
    },
    {
        "Video Name": "6a0b0189-25fd-46f8-9d1a-99912de3d5f5",
        "Start Frame": 2520,
        "End Frame": 2640,
        "Caption": "#C C looks around the house; #C C picks a nylon from a kitchen counter with her right hand; #C C looks around; #C C looks around; #C C looks around"
    },
    {
        "Video Name": "6a0b0189-25fd-46f8-9d1a-99912de3d5f5",
        "Start Frame": 2640,
        "End Frame": 2760,
        "Caption": "#C C walks into a kitchen; #C C walks around; #C C walks to the kitchen; #C C walks towards the kitchen; #C C walks around the house"
    },
    {
        "Video Name": "6a0b0189-25fd-46f8-9d1a-99912de3d5f5",
        "Start Frame": 2760,
        "End Frame": 2880,
        "Caption": "#C C looks around the house; #C C looks around the house; #C C sits on the dining chair; #C C moves towards the table; #C C walks to the dining room"
    },
    {
        "Video Name": "6a0b0189-25fd-46f8-9d1a-99912de3d5f5",
        "Start Frame": 2880,
        "End Frame": 3000,
        "Caption": "#C C drinks from the glass; #C C drinks water from a cup with her right hand.; #C C drinks from the cup with her left hand.; #C C drinks from the bottle; #C C drinks from the glass of water in her left hand"
    },
    {
        "Video Name": "6a0b0189-25fd-46f8-9d1a-99912de3d5f5",
        "Start Frame": 3000,
        "End Frame": 3120,
        "Caption": "#C C drinks from the glass.; #C C drinks from the glass of water with his right hand; #C C drinks water; #C C drinks water from a cup with his left hand.; #C C drinks from the glass of water in his left hand"
    },
    {
        "Video Name": "6a0b0189-25fd-46f8-9d1a-99912de3d5f5",
        "Start Frame": 3120,
        "End Frame": 3240,
        "Caption": "#C C walks to the table; #C C walks towards a kitchen.; #C C walks to the kitchen.; #C C walks into the dining room.; #C C walks into the kitchen from the dining room"
    },
    {
        "Video Name": "6a0b0189-25fd-46f8-9d1a-99912de3d5f5",
        "Start Frame": 3240,
        "End Frame": 3360,
        "Caption": "#C C walks into the room.; #C C walks to the sitting room; #C C walks into a room.; #C C walks in the room; #C C walks into the bedroom."
    },
    {
        "Video Name": "6a0b0189-25fd-46f8-9d1a-99912de3d5f5",
        "Start Frame": 3360,
        "End Frame": 3480,
        "Caption": "#C C walks into the room from the corridor; #C C walks in a room; #C C walks into the bedroom.; #C C walks out of the room.; #C C walks into the living room."
    },
    {
        "Video Name": "6a0b0189-25fd-46f8-9d1a-99912de3d5f5",
        "Start Frame": 3480,
        "End Frame": 3600,
        "Caption": "#C C looks around the room; #C C walks to a bed in the bedroom; #C C looks around; #C C walks around the house.; #C C looks around the room "
    },
    {
        "Video Name": "6a0b0189-25fd-46f8-9d1a-99912de3d5f5",
        "Start Frame": 3600,
        "End Frame": 3720,
        "Caption": "#C C looks around; #C C looks around; #C C looks around the room; #C C looks around the house; #C C looks around the room"
    },
    {
        "Video Name": "6a0b0189-25fd-46f8-9d1a-99912de3d5f5",
        "Start Frame": 3720,
        "End Frame": 3840,
        "Caption": "#C C looks around the room; #C C looks around the house; #C C looks at the dog; #O A dog A walks into the room; #C C Looks around a room"
    },
    {
        "Video Name": "6a0b0189-25fd-46f8-9d1a-99912de3d5f5",
        "Start Frame": 3840,
        "End Frame": 3960,
        "Caption": "#C C walks towards the bed; #C C walks around the room; #C C walks to the bed; #C C walks around the house; #C C walks around "
    },
    {
        "Video Name": "6a0b0189-25fd-46f8-9d1a-99912de3d5f5",
        "Start Frame": 3960,
        "End Frame": 4080,
        "Caption": "#C C moves some clothes on the rack with her left hand.; #C C picks a black cloth with her left hand.; #C C takes clothes from the basket with her left hand.; #C C picks a black cloth from the cloth rack with her left hand; #C C picks a clothe from the hanger with her left hand"
    },
    {
        "Video Name": "6a0b0189-25fd-46f8-9d1a-99912de3d5f5",
        "Start Frame": 4080,
        "End Frame": 4200,
        "Caption": "#C C picks the clothe from the floor with her left hand.; #C C picks a sock from the floor with her left hand.; #C C picks a clothe from the floor; #C C picks a clothe; #C C picks a pair of socks on the floor with her left hand"
    },
    {
        "Video Name": "6a0b0189-25fd-46f8-9d1a-99912de3d5f5",
        "Start Frame": 4200,
        "End Frame": 4320,
        "Caption": "#C C walks in the room; #C C walks around the room; #C C walks in the room; #C C walks towards the wardrobe; #C C walks in the room"
    },
    {
        "Video Name": "6a0b0189-25fd-46f8-9d1a-99912de3d5f5",
        "Start Frame": 4320,
        "End Frame": 4440,
        "Caption": "#C C opens a drawer; #C C opens the drawer; #C C opens a drawer with her left hand; #C C opens a drawer with her right hand; #C C opens a drawer with her right hand"
    },
    {
        "Video Name": "6a0b0189-25fd-46f8-9d1a-99912de3d5f5",
        "Start Frame": 4440,
        "End Frame": 4560,
        "Caption": "#C C walks around the room; #C C walks around the room; #C C walks to the bed.; #C C walks to the clothes rack; #C C walks around the room"
    },
    {
        "Video Name": "6a0b0189-25fd-46f8-9d1a-99912de3d5f5",
        "Start Frame": 4560,
        "End Frame": 4680,
        "Caption": "#C C holds the cloth with both hands.; #C C puts the clothes in the hanger with both hands.; #C C puts the cloth in the closet; #C C picks a cloth from the cloth storage with her right hand; #C C removes a cloth from the wardrobe with both hands. "
    },
    {
        "Video Name": "6a0b0189-25fd-46f8-9d1a-99912de3d5f5",
        "Start Frame": 4680,
        "End Frame": 4800,
        "Caption": "#C C moves towards the bed; #C C drops the cloth on the bed with both hands; #C C puts the cloth on the bed; #C C moves towards a bed in the room.; #C C places the clothe on the bed "
    },
    {
        "Video Name": "6a0b0189-25fd-46f8-9d1a-99912de3d5f5",
        "Start Frame": 4800,
        "End Frame": 4920,
        "Caption": "#C C touches the clothe on the hanger with her right hand; #C C raises her left hand.; #C C looks around the room; #C C pulls a clothe from the hanger with her left hand; #C C puts a cloth on the hanger"
    },
    {
        "Video Name": "6a0b0189-25fd-46f8-9d1a-99912de3d5f5",
        "Start Frame": 4920,
        "End Frame": 5040,
        "Caption": "#C C holds the cloth with both hands.; #C C picks a cloth from the cloth line with her left hand; #C C holds the cloth with both hands.; #C C removes a cloth from the hanger with both hands.; #C C looks at the cloth"
    },
    {
        "Video Name": "6a0b0189-25fd-46f8-9d1a-99912de3d5f5",
        "Start Frame": 5040,
        "End Frame": 5160,
        "Caption": "#C C holds the bed sheet with both hands.; #C C walks around the room ; #C C picks a cloth from the bed with her right hand; #C C lifts a cloth with her left hand.; #C C puts a cloth on the bed"
    },
    {
        "Video Name": "6a0b0189-25fd-46f8-9d1a-99912de3d5f5",
        "Start Frame": 5160,
        "End Frame": 5280,
        "Caption": "#C C walks around the; #C C walks in the; #C C walks in the; #C C walks around; #C C walks around the"
    },
    {
        "Video Name": "6a0b0189-25fd-46f8-9d1a-99912de3d5f5",
        "Start Frame": 5280,
        "End Frame": 5400,
        "Caption": "#C C picks a black cloth from the bed with her left hand.; #C C picks a clothe on the bed with her right hand.; #C C picks a cloth on the bed with her left hand.; #C C picks a pair of socks from the bed with her left hand; #C C holds a cloth with her left hand."
    }
]