[
    {
        "Video Name": "6c2c9e3b-935d-4dbf-8f1d-7876a5210518",
        "Start Frame": 0,
        "End Frame": 120,
        "Caption": "#C C looks at the; #C C looks at the; #C C looks around the; #C C walks on the; #C C looks around the"
    },
    {
        "Video Name": "6c2c9e3b-935d-4dbf-8f1d-7876a5210518",
        "Start Frame": 120,
        "End Frame": 240,
        "Caption": "#C C looks around the; #C C looks around the; #C C looks around the; #C C stares at the; #C C looks around the"
    },
    {
        "Video Name": "6c2c9e3b-935d-4dbf-8f1d-7876a5210518",
        "Start Frame": 240,
        "End Frame": 360,
        "Caption": "#C C looks around the; #C C looks at the; #C C gazes at; #C C looks around the; #C C looks around"
    },
    {
        "Video Name": "6c2c9e3b-935d-4dbf-8f1d-7876a5210518",
        "Start Frame": 360,
        "End Frame": 480,
        "Caption": "#C C looks at the cat; #C C looks at the cat; #O A man X walks towards; #O a man X walks towards; #C C looks around the park"
    },
    {
        "Video Name": "6c2c9e3b-935d-4dbf-8f1d-7876a5210518",
        "Start Frame": 480,
        "End Frame": 600,
        "Caption": "#O A man X walks away; #O person X walks along the pavement; #O person X walks down the street; #C C walks on the pavement; #O person X walks in the park"
    },
    {
        "Video Name": "6c2c9e3b-935d-4dbf-8f1d-7876a5210518",
        "Start Frame": 600,
        "End Frame": 720,
        "Caption": "#C C looks at a cat; #C C looks at cat; #C C walks down the street; #C C walks on the pavement; #O person X walks on the"
    },
    {
        "Video Name": "6c2c9e3b-935d-4dbf-8f1d-7876a5210518",
        "Start Frame": 720,
        "End Frame": 840,
        "Caption": "#C C Walks along the; #C C walks on the pavement; #C C walks around the park; #C C walks down the street; #C C walks on the pavement"
    },
    {
        "Video Name": "6c2c9e3b-935d-4dbf-8f1d-7876a5210518",
        "Start Frame": 840,
        "End Frame": 960,
        "Caption": "#C C looks at the; #C C walks on the; #C C walks towards the; #C C looks around; #C C walks towards the"
    },
    {
        "Video Name": "6c2c9e3b-935d-4dbf-8f1d-7876a5210518",
        "Start Frame": 960,
        "End Frame": 1080,
        "Caption": "#C C walks along the road; #C C walks on the road; #C C walks around the park; #C C walks on the pavement; #C C walks on the road"
    },
    {
        "Video Name": "6c2c9e3b-935d-4dbf-8f1d-7876a5210518",
        "Start Frame": 1080,
        "End Frame": 1200,
        "Caption": "#C C walks on the; #C C walks on the; #C C walks along the; #C C walks on the; #C C walks on the"
    },
    {
        "Video Name": "6c2c9e3b-935d-4dbf-8f1d-7876a5210518",
        "Start Frame": 1200,
        "End Frame": 1320,
        "Caption": "#C C walks on the road ; #C C takes a selfie; #C C raises his hand; #C C gesticulates with his right; #C C raises his hand"
    },
    {
        "Video Name": "6c2c9e3b-935d-4dbf-8f1d-7876a5210518",
        "Start Frame": 1320,
        "End Frame": 1440,
        "Caption": "#C C walks on the walk; #C C walks on the pavement; #C C walks on the road; #C C walks on the pavement; #C C walks on the pathway"
    },
    {
        "Video Name": "6c2c9e3b-935d-4dbf-8f1d-7876a5210518",
        "Start Frame": 1440,
        "End Frame": 1560,
        "Caption": "#C C walks along the; #C C walks on the; #C C walks on the; #C C walks on the; #C C looks around"
    },
    {
        "Video Name": "6c2c9e3b-935d-4dbf-8f1d-7876a5210518",
        "Start Frame": 1560,
        "End Frame": 1680,
        "Caption": "#C C stares at a cat; #O man Y walks on the pavement; #C C looks at cat; #C C looks at the cat; #C C looks around"
    },
    {
        "Video Name": "6c2c9e3b-935d-4dbf-8f1d-7876a5210518",
        "Start Frame": 1680,
        "End Frame": 1800,
        "Caption": "#O person Y walks on the sidewalk ; #C C walks on the pavement with person X and person; #O person X walks on the sidewalk ; #C C walks on the sidewalk ; #O person Y walks on the sidewalk "
    },
    {
        "Video Name": "6c2c9e3b-935d-4dbf-8f1d-7876a5210518",
        "Start Frame": 1800,
        "End Frame": 1920,
        "Caption": "#C C turns around; #C C walks along the road; #C C walks on the pavement; #C C walks towards the pavement; #C C walks on the walkway"
    },
    {
        "Video Name": "6c2c9e3b-935d-4dbf-8f1d-7876a5210518",
        "Start Frame": 1920,
        "End Frame": 2040,
        "Caption": "#C C walks on the pathway; #C C walks on the walk; #C C walks on the pavement; #C C looks around the park; #C C walks on the walk"
    },
    {
        "Video Name": "6c2c9e3b-935d-4dbf-8f1d-7876a5210518",
        "Start Frame": 2040,
        "End Frame": 2160,
        "Caption": "#O man Y walks on the; #C C looks at person X; #O A man Y walks besides; #O man X walks besides C; #C C looks at man X"
    },
    {
        "Video Name": "6c2c9e3b-935d-4dbf-8f1d-7876a5210518",
        "Start Frame": 2160,
        "End Frame": 2280,
        "Caption": "#C C looks at the art on the; #C C walks around; #C C walks around; #C C walks along the corridor; #C C walks on the pavement "
    },
    {
        "Video Name": "6c2c9e3b-935d-4dbf-8f1d-7876a5210518",
        "Start Frame": 2280,
        "End Frame": 2400,
        "Caption": "#C C walks on the pavement; #C C looks at the poster ; #C C looks around; #C C looks at the art on the; #C C looks at the art on the"
    },
    {
        "Video Name": "6c2c9e3b-935d-4dbf-8f1d-7876a5210518",
        "Start Frame": 2400,
        "End Frame": 2520,
        "Caption": "#C C walks along a path; #C C walks on a road.; #C C looks at art on the; #C C looks at the art; #C C walks around the park "
    },
    {
        "Video Name": "6c2c9e3b-935d-4dbf-8f1d-7876a5210518",
        "Start Frame": 2520,
        "End Frame": 2640,
        "Caption": "#C C looks around; #C C walks towards the; #C C walks on the; #C C looks around; #C C walks along the"
    },
    {
        "Video Name": "6c2c9e3b-935d-4dbf-8f1d-7876a5210518",
        "Start Frame": 2640,
        "End Frame": 2760,
        "Caption": "#C C looks around ; #C C walks on the; #C C walks on the; #C C looks around; #C C looks around"
    },
    {
        "Video Name": "6c2c9e3b-935d-4dbf-8f1d-7876a5210518",
        "Start Frame": 2760,
        "End Frame": 2880,
        "Caption": "#O Person A walks towards the; #C C walks with man X; #O lady X walks; #C C walks along the road; #C C looks at person A"
    },
    {
        "Video Name": "6c2c9e3b-935d-4dbf-8f1d-7876a5210518",
        "Start Frame": 2880,
        "End Frame": 3000,
        "Caption": "#C C walks on the; #C C walks around; #C C looks around the; #C C looks at the; #C C looks at the"
    },
    {
        "Video Name": "6c2c9e3b-935d-4dbf-8f1d-7876a5210518",
        "Start Frame": 3000,
        "End Frame": 3120,
        "Caption": "#C C walks along the pavement; #C C walks on the sidewalk; #C C walks with a cat on a; #C C walks on the street; #O man X walks on the pavement"
    },
    {
        "Video Name": "6c2c9e3b-935d-4dbf-8f1d-7876a5210518",
        "Start Frame": 3120,
        "End Frame": 3240,
        "Caption": "#C C walks on the road; #C C walks with man X on a; #C C walks on the road; #C C walks along the road; #C C walks on the pavement"
    },
    {
        "Video Name": "6c2c9e3b-935d-4dbf-8f1d-7876a5210518",
        "Start Frame": 3240,
        "End Frame": 3360,
        "Caption": "#C C looks around the park; #O A man X walks beside C; #C C walks on the walkway; #O a man X walks on the; #O A man X gestures with his"
    },
    {
        "Video Name": "6c2c9e3b-935d-4dbf-8f1d-7876a5210518",
        "Start Frame": 3360,
        "End Frame": 3480,
        "Caption": "#C C walks on a walk; #C C walks on the pavement; #C C walks on the pavement; #C C walks on the pavement; #C C walks on the sidewalk"
    },
    {
        "Video Name": "6c2c9e3b-935d-4dbf-8f1d-7876a5210518",
        "Start Frame": 3480,
        "End Frame": 3600,
        "Caption": "#C C takes pictures with the; #C C walks on a pathway; #C C scrolls the phone; #C C walks on the pavement; #C C walks on the sidewalk"
    },
    {
        "Video Name": "6c2c9e3b-935d-4dbf-8f1d-7876a5210518",
        "Start Frame": 3600,
        "End Frame": 3720,
        "Caption": "#C C walks around the park; #C C walks down the street; #C C walks on the walk; #C C walks on the sidewalk; #C C walks on the pavement"
    },
    {
        "Video Name": "6c2c9e3b-935d-4dbf-8f1d-7876a5210518",
        "Start Frame": 3720,
        "End Frame": 3840,
        "Caption": "#C C looks at the; #C C looks at a; #C C looks around; #C C looks around; #C C looks at the"
    },
    {
        "Video Name": "6c2c9e3b-935d-4dbf-8f1d-7876a5210518",
        "Start Frame": 3840,
        "End Frame": 3960,
        "Caption": "#C C looks around the; #C C walks on the; #C C walks on a; #C C walks on the; #C C walks around the"
    },
    {
        "Video Name": "6c2c9e3b-935d-4dbf-8f1d-7876a5210518",
        "Start Frame": 3960,
        "End Frame": 4080,
        "Caption": "#C C looks at man X; #C C looks at man X; #C C walks on the sidewalk; #C C looks around the park; #C C looks at man X"
    },
    {
        "Video Name": "6c2c9e3b-935d-4dbf-8f1d-7876a5210518",
        "Start Frame": 4080,
        "End Frame": 4200,
        "Caption": "#C C walks on the pavement; #C C turns around; #C C walks on the walk; #C C walks on the sidewalk; #C C walks down the street"
    },
    {
        "Video Name": "6c2c9e3b-935d-4dbf-8f1d-7876a5210518",
        "Start Frame": 4200,
        "End Frame": 4320,
        "Caption": "#C C gazes at; #C C looks at cat; #C C looks at a; #C C gazes at; #C C looks at the"
    },
    {
        "Video Name": "6c2c9e3b-935d-4dbf-8f1d-7876a5210518",
        "Start Frame": 4320,
        "End Frame": 4440,
        "Caption": "#C C stares at the; #C C walks on the; #C C walks around the; #C C looks around; #C C looks around"
    },
    {
        "Video Name": "6c2c9e3b-935d-4dbf-8f1d-7876a5210518",
        "Start Frame": 4440,
        "End Frame": 4560,
        "Caption": "#C C walks with man X; #C C looks at the cat; #C C looks at the cat; #C C looks at the cat; #O Man X walks on a"
    },
    {
        "Video Name": "6c2c9e3b-935d-4dbf-8f1d-7876a5210518",
        "Start Frame": 4560,
        "End Frame": 4680,
        "Caption": "#C C looks around ; #C C looks around the; #C C looks around; #C C walks on the; #C C looks around the"
    },
    {
        "Video Name": "6c2c9e3b-935d-4dbf-8f1d-7876a5210518",
        "Start Frame": 4680,
        "End Frame": 4800,
        "Caption": "#C C walks on a walk; #C C looks around the road; #C C looks around; #C C looks around; #C C looks around"
    },
    {
        "Video Name": "6c2c9e3b-935d-4dbf-8f1d-7876a5210518",
        "Start Frame": 4800,
        "End Frame": 4920,
        "Caption": "#C C looks at a cat; #C C Looks at the road; #C C looks at the cat; #O Woman Z walks a dog; #C C looks at a woman"
    },
    {
        "Video Name": "6c2c9e3b-935d-4dbf-8f1d-7876a5210518",
        "Start Frame": 4920,
        "End Frame": 5040,
        "Caption": "#C C looks at the; #C C walks on the; #C C walks on the; #C C walks on the; #C C looks around the"
    },
    {
        "Video Name": "6c2c9e3b-935d-4dbf-8f1d-7876a5210518",
        "Start Frame": 5040,
        "End Frame": 5160,
        "Caption": "#C C looks at the cat; #C C walks on the road with man; #C C looks at the cat; #C C walks on the pavement; #C C gazes at cat"
    },
    {
        "Video Name": "6c2c9e3b-935d-4dbf-8f1d-7876a5210518",
        "Start Frame": 5160,
        "End Frame": 5280,
        "Caption": "#C C stares at the; #C C looks at the; #C C looks at the; #C C looks at the; #C C walks on a"
    },
    {
        "Video Name": "6c2c9e3b-935d-4dbf-8f1d-7876a5210518",
        "Start Frame": 5280,
        "End Frame": 5400,
        "Caption": "#C C looks at the; #C C looks around the; #C C looks at the; #C C looks around the; #C C looks at the"
    }
]