[
    {
        "Video Name": "6f116779-b97d-4d3d-bbea-cdb2ab43447e",
        "Start Frame": 0,
        "End Frame": 120,
        "Caption": "#C C takes a pot; #C C puts a bowl on the counter top; #C C washes the utensil.; #C C picks the pot.; #C C picks a pot on the kitchen countertop with his left hand"
    },
    {
        "Video Name": "6f116779-b97d-4d3d-bbea-cdb2ab43447e",
        "Start Frame": 120,
        "End Frame": 240,
        "Caption": "#C C rinses the container with both hands.; #C C washes a plastic container with the sponge.; #C C washes the container in the sink with the sponge in her right hand; #C C washes the container in the sink with both hands.; #C C washes the container"
    },
    {
        "Video Name": "6f116779-b97d-4d3d-bbea-cdb2ab43447e",
        "Start Frame": 240,
        "End Frame": 360,
        "Caption": "#C C washes the lid with the sponge.; #C C washes a cup with the sponge in his right hand; #C C washes the plate with the sponge.; #C C washes the plate with the sponge in his right hand; #C C rinses the bowl."
    },
    {
        "Video Name": "6f116779-b97d-4d3d-bbea-cdb2ab43447e",
        "Start Frame": 360,
        "End Frame": 480,
        "Caption": "#C C washes the plate; #C C washes a tray in the sink with the sponge in his right hand.; #C C washes the sponge in the sink with both hands.; #C C washes the knife; #C C washes the bucket."
    },
    {
        "Video Name": "6f116779-b97d-4d3d-bbea-cdb2ab43447e",
        "Start Frame": 480,
        "End Frame": 600,
        "Caption": "#C C washes the lid; #C C washes the filter; #C C washes a plastic container with a; #C C pours water in the sink; #C C cleans the flask with the sponge."
    },
    {
        "Video Name": "6f116779-b97d-4d3d-bbea-cdb2ab43447e",
        "Start Frame": 600,
        "End Frame": 720,
        "Caption": "#C C pours water from the jug into the sink with his right hand; #C C pours water from the white cup in his right hand.; #C C washes the sink with the sponge in his right hand.; #C C cleans the cup.; #C C washes the bowl with the sponge in his right hand."
    },
    {
        "Video Name": "6f116779-b97d-4d3d-bbea-cdb2ab43447e",
        "Start Frame": 720,
        "End Frame": 840,
        "Caption": "#C C washes the jug; #C C rinses the container; #C C stares at the sink; #C C pours water from the container with his right hand; #C C washes the cup"
    },
    {
        "Video Name": "6f116779-b97d-4d3d-bbea-cdb2ab43447e",
        "Start Frame": 840,
        "End Frame": 960,
        "Caption": "#C C washes the tin; #C C washes the bowl with the sponge in his right hand.; #C C washes the lid.; #C C washes a lid in the sink with a sponge in his right hand; #C C cleans the bowl with the sponge in his right hand."
    },
    {
        "Video Name": "6f116779-b97d-4d3d-bbea-cdb2ab43447e",
        "Start Frame": 960,
        "End Frame": 1080,
        "Caption": "#C C washes the cooking pot; #O The woman X holds a bowl with her right hand; #C C puts the bowl down; #O woman X walks in the kitchen; #C C looks around the kitchen"
    },
    {
        "Video Name": "6f116779-b97d-4d3d-bbea-cdb2ab43447e",
        "Start Frame": 1080,
        "End Frame": 1200,
        "Caption": "#C C washes the bowl with the sponge in his right hand.; #C C pours water from the bowl; #C C pours water from the bowl into the sink with her right hand; #C C pours water from the bowl in his right hand into the sink; #C C pours water from the bowl."
    },
    {
        "Video Name": "6f116779-b97d-4d3d-bbea-cdb2ab43447e",
        "Start Frame": 1200,
        "End Frame": 1320,
        "Caption": "#C C washes the dish; #C C picks a bottle from the sink with his right hand.; #C C washes the sink strainer with sponge in the kitchen sink; #C C washes a spoon; #C C picks a spoon from the kitchen sink with his left hand."
    },
    {
        "Video Name": "6f116779-b97d-4d3d-bbea-cdb2ab43447e",
        "Start Frame": 1320,
        "End Frame": 1440,
        "Caption": "#C C washes the sponge ; #C C rinses the lid of the sink stopper with water from the tap with both hands; #C C rinses the sink stopper with the tap water with both hands.; #C C washes the sink with the sponge in her right hand.; #C C rinses the sink filter with water from the tap."
    },
    {
        "Video Name": "6f116779-b97d-4d3d-bbea-cdb2ab43447e",
        "Start Frame": 1440,
        "End Frame": 1560,
        "Caption": "#C C closes the tap; #C C closes the tap with her left hand.; #C C closes the tap with his left hand.; #O The woman X takes off the cap from the tap with her right hand; #C C washes the knife."
    },
    {
        "Video Name": "6f116779-b97d-4d3d-bbea-cdb2ab43447e",
        "Start Frame": 1560,
        "End Frame": 1680,
        "Caption": "#C C rinses the spoon with water from the tap.; #C C rinses the spoon under the tap with his left hand; #C C washes the fork; #C C washes a fork; #C C washes utensils in the sink"
    },
    {
        "Video Name": "6f116779-b97d-4d3d-bbea-cdb2ab43447e",
        "Start Frame": 1680,
        "End Frame": 1800,
        "Caption": "#C C picks up the plastic cover from the counter top with his left hand.; #C C opens the tap with his left hand.; #C C pours water from the plastic container into the sink with his left hand; #C C picks a plate from the counter top with his left hand.; #C C picks a plastic from the sink with her left hand."
    },
    {
        "Video Name": "6f116779-b97d-4d3d-bbea-cdb2ab43447e",
        "Start Frame": 1800,
        "End Frame": 1920,
        "Caption": "#C C washes the bowl with the sponge in his right hand.; #C C washes a plastic container with a sponge.; #C C washes the bowl in his right hand with the sponge in his left hand; #C C washes the sink; #C C washes the plastic container with the sponge."
    },
    {
        "Video Name": "6f116779-b97d-4d3d-bbea-cdb2ab43447e",
        "Start Frame": 1920,
        "End Frame": 2040,
        "Caption": "#C C scrubs the sink; #C C washes the sink with the sponge in his right hand; #C C scrubs the sink with the sponge in his right hand; #C C scrubs the sink with the sponge.; #C C washes the sink with the sponge in his right hand"
    },
    {
        "Video Name": "6f116779-b97d-4d3d-bbea-cdb2ab43447e",
        "Start Frame": 2040,
        "End Frame": 2160,
        "Caption": "#C C puts the plastic cover on the kitchen counter with his right hand; #C C washes the plate with the sponge in his right hand.; #C C picks up the container; #C C picks the container from the counter with his right hand.; #C C picks the container from the kitchen counter with his right hand."
    },
    {
        "Video Name": "6f116779-b97d-4d3d-bbea-cdb2ab43447e",
        "Start Frame": 2160,
        "End Frame": 2280,
        "Caption": "#C C rinses the plastic cover; #C C rinses the plastic plate with both hands.; #C C pours the water in the container into the sink.; #C C picks up the container from the kitchen counter with his right hand; #C C rinses the plastic cover."
    },
    {
        "Video Name": "6f116779-b97d-4d3d-bbea-cdb2ab43447e",
        "Start Frame": 2280,
        "End Frame": 2400,
        "Caption": "#O woman X looks at C; #O woman A walks; #C C looks around ; #O The woman X picks a plate from the cabinet with her left hand; #O The woman X drops the towel on the sink with her left hand"
    },
    {
        "Video Name": "6f116779-b97d-4d3d-bbea-cdb2ab43447e",
        "Start Frame": 2400,
        "End Frame": 2520,
        "Caption": "#O A woman X walks away; #C C walks around the house; #O The woman X walks to the kitchen from the dining room; #O The woman X walks towards the table.; #O The woman X walks towards the table."
    },
    {
        "Video Name": "6f116779-b97d-4d3d-bbea-cdb2ab43447e",
        "Start Frame": 2520,
        "End Frame": 2640,
        "Caption": "#C C looks around; #C C adjusts a purse on the dining table with her right hand; #C C places her right hand on a chair.; #C C picks a bag from the table with her right hand.; #C C picks a bag from the table with her right hand."
    },
    {
        "Video Name": "6f116779-b97d-4d3d-bbea-cdb2ab43447e",
        "Start Frame": 2640,
        "End Frame": 2760,
        "Caption": "#C C puts a pen on the table.; #C C picks a pen; #C C picks a pen from the table with her left hand; #C C picks a pen from the table with her left hand; #C C drops the pen on the table with her left hand"
    },
    {
        "Video Name": "6f116779-b97d-4d3d-bbea-cdb2ab43447e",
        "Start Frame": 2760,
        "End Frame": 2880,
        "Caption": "#C C looks around the room; #C C interacts with the woman X; #C C looks around ; #C C looks around; #C C looks around the room"
    },
    {
        "Video Name": "6f116779-b97d-4d3d-bbea-cdb2ab43447e",
        "Start Frame": 2880,
        "End Frame": 3000,
        "Caption": "#O Woman X picks a phone from the table with her right hand.; #O lady X puts phone on the table; #O woman X holds a pen; #O Woman X touches a bag on the table with her left hand.; #O The woman X picks up a phone on the table with her right hand"
    },
    {
        "Video Name": "6f116779-b97d-4d3d-bbea-cdb2ab43447e",
        "Start Frame": 3000,
        "End Frame": 3120,
        "Caption": "#O woman X walks around the house; #C C wipes the counter; #C C looks around ; #C C walks in the house ; #C C converses with the woman X"
    },
    {
        "Video Name": "6f116779-b97d-4d3d-bbea-cdb2ab43447e",
        "Start Frame": 3120,
        "End Frame": 3240,
        "Caption": "#C C walks around the; #C C walks in the; #C C walks around ; #C C looks around; #C C moves around"
    },
    {
        "Video Name": "6f116779-b97d-4d3d-bbea-cdb2ab43447e",
        "Start Frame": 3240,
        "End Frame": 3360,
        "Caption": "#O The woman X tears the pack of kitchen roll with her hands.; #O woman X opens a box; #O woman X opens the book; #O the woman X picks a piece of paper from the kitchen counter with her left hand; #O The woman X opens the pack of meat with her hands."
    },
    {
        "Video Name": "6f116779-b97d-4d3d-bbea-cdb2ab43447e",
        "Start Frame": 3360,
        "End Frame": 3480,
        "Caption": "#O The woman X picks a knife from the kitchen counter with her left hand.; #O The woman X passes the bag of chips from her left hand to her right hand; #C C interacts with a woman X.; #O woman X picks a phone from the drawer; #C C looks around"
    },
    {
        "Video Name": "6f116779-b97d-4d3d-bbea-cdb2ab43447e",
        "Start Frame": 3480,
        "End Frame": 3600,
        "Caption": "#C C drops the cloth on the countertop with his left hand; #C C washes the towel with both hands.; #C C puts the cloth on the sink; #C C removes the rag from the sink.; #C C stares at the sink"
    },
    {
        "Video Name": "6f116779-b97d-4d3d-bbea-cdb2ab43447e",
        "Start Frame": 3600,
        "End Frame": 3720,
        "Caption": "#C C looks around ; #O The woman X picks up a piece of paper from the table with her right hand; #C C looks at the woman X.; #C C looks around; #C C looks at the woman X"
    },
    {
        "Video Name": "6f116779-b97d-4d3d-bbea-cdb2ab43447e",
        "Start Frame": 3720,
        "End Frame": 3840,
        "Caption": "#C C walks to the kitchen from the dinning room; #C C interacts with the woman X.; #C C walks into a living room.; #C C looks around; #C C walks to the dining table"
    },
    {
        "Video Name": "6f116779-b97d-4d3d-bbea-cdb2ab43447e",
        "Start Frame": 3840,
        "End Frame": 3960,
        "Caption": "#C C walks around the house; #C C walks out of the bedroom; #C C walks around; #C C walks around; #C C walks in the house"
    },
    {
        "Video Name": "6f116779-b97d-4d3d-bbea-cdb2ab43447e",
        "Start Frame": 3960,
        "End Frame": 4080,
        "Caption": "#C C walks into the garage.; #C C enters the room; #C C walks into a room.; #C C walks out of the room; #C C walks around"
    },
    {
        "Video Name": "6f116779-b97d-4d3d-bbea-cdb2ab43447e",
        "Start Frame": 4080,
        "End Frame": 4200,
        "Caption": "#C C walks into a room; #C C walks around; #C C walks around; #C C walks into the kitchen; #C C walks into the room"
    },
    {
        "Video Name": "6f116779-b97d-4d3d-bbea-cdb2ab43447e",
        "Start Frame": 4200,
        "End Frame": 4320,
        "Caption": "#C C walks around the house ; #C C walks around the house; #C C walks out of the kitchen.; #C C walks towards a bedroom.; #C C walks into the bedroom from the corridor"
    },
    {
        "Video Name": "6f116779-b97d-4d3d-bbea-cdb2ab43447e",
        "Start Frame": 4320,
        "End Frame": 4440,
        "Caption": "#C C enters a room; #C C walks out of the bedroom; #C C walks out of the room; #C C walks into the bathroom.; #C C walks into a corridor."
    },
    {
        "Video Name": "6f116779-b97d-4d3d-bbea-cdb2ab43447e",
        "Start Frame": 4440,
        "End Frame": 4560,
        "Caption": "#C C walks into the kitchen.; #C C walks to a room.; #C C walks out of the room; #C C walks around the house; #C C walks out of the room"
    },
    {
        "Video Name": "6f116779-b97d-4d3d-bbea-cdb2ab43447e",
        "Start Frame": 4560,
        "End Frame": 4680,
        "Caption": "#O The woman X picks a cloth from a chair with her right hand; #O The woman X picks the bag from the floor with her left hand; #O woman X picks a cloth; #O The woman X carries a cloth from the floor with both hands.; #O The woman X carries the bag with her hands."
    },
    {
        "Video Name": "6f116779-b97d-4d3d-bbea-cdb2ab43447e",
        "Start Frame": 4680,
        "End Frame": 4800,
        "Caption": "#C C picks a clothe from the floor with her right hand; #C C puts a cloth in a basket; #C C walks around the house; #C C picks up a paper from the chair with her right hand; #C C drops the cloth on the chair with her right hand."
    },
    {
        "Video Name": "6f116779-b97d-4d3d-bbea-cdb2ab43447e",
        "Start Frame": 4800,
        "End Frame": 4920,
        "Caption": "#O woman X  touches the cloth ; #O The woman X drops the jacket in her hands on the floor.; #O The woman X wears the jacket with both hands.; #O The woman X holds a cloth with both hands.; #O The woman X picks a jacket on the floor with her right hand"
    },
    {
        "Video Name": "6f116779-b97d-4d3d-bbea-cdb2ab43447e",
        "Start Frame": 4920,
        "End Frame": 5040,
        "Caption": "#C C walks around the room; #C C walks around ; #O The woman X holds the cloth with both hands; #C C looks around; #C C looks around "
    },
    {
        "Video Name": "6f116779-b97d-4d3d-bbea-cdb2ab43447e",
        "Start Frame": 5040,
        "End Frame": 5160,
        "Caption": "#O The woman X interacts with the man Y.; #O The woman X walks to the kitchen from the bedroom.; #O The woman X picks a pair of shoes from a floor with her right hand; #C C walks into the laundry room from the kitchen.; #O The woman X walks to the bathroom from the living room."
    },
    {
        "Video Name": "6f116779-b97d-4d3d-bbea-cdb2ab43447e",
        "Start Frame": 5160,
        "End Frame": 5280,
        "Caption": "#O woman X  walks around; #O The woman X holds a bag with her right hand.; #O The woman X removes her right hand from her left hand; #C C holds the bag with his right hand.; #O The woman X walks towards a door."
    },
    {
        "Video Name": "6f116779-b97d-4d3d-bbea-cdb2ab43447e",
        "Start Frame": 5280,
        "End Frame": 5400,
        "Caption": "#O The woman X picks a cloth from the floor with both hands.; #O The woman X opens a door with her left hand.; #O The woman X opens the door with her left hand.; #O The woman X opens the door to the living room with her left hand; #O The woman X searches through the bag with both hands."
    }
]