[
    {
        "Video Name": "6f42ba6a-cb2a-428f-bffb-7a15abd94727",
        "Start Frame": 0,
        "End Frame": 120,
        "Caption": "#C C looks around; #C C looks around ; #C C picks a spoon from a bowl with her right hand.; #C C turns to the right; #C C picks the spatula from the bowl with her right hand"
    },
    {
        "Video Name": "6f42ba6a-cb2a-428f-bffb-7a15abd94727",
        "Start Frame": 120,
        "End Frame": 240,
        "Caption": "#C C picks up a dessert bowl from a slab with her right hand.; #C C picks a spoon from the serving bowl; #C C picks the chocolate powder from the cup with her right hand.; #C C turns around; #C C scoops cream from the bowl of whipped cream with the serving spoon"
    },
    {
        "Video Name": "6f42ba6a-cb2a-428f-bffb-7a15abd94727",
        "Start Frame": 240,
        "End Frame": 360,
        "Caption": "#C C applies flour on the batter with the serving spoon; #C C spreads the cream with the serving spoon ; #C C spreads the cream in the bowl; #C C holds the bowl; #C C mixes the batter on the plate with the serving spoon in her right hand"
    },
    {
        "Video Name": "6f42ba6a-cb2a-428f-bffb-7a15abd94727",
        "Start Frame": 360,
        "End Frame": 480,
        "Caption": "#C C spreads the cream; #C C spreads the batter on the serving spoon; #C C spreads the cream on the dough; #C C touches the cream; #C C spreads the cream on the batter with the serving spoon"
    },
    {
        "Video Name": "6f42ba6a-cb2a-428f-bffb-7a15abd94727",
        "Start Frame": 480,
        "End Frame": 600,
        "Caption": "#C C picks up the strainer from the kitchen counter with her right hand.; #C C moves the bowl of chocolate powder on the kitchen counter with her right hand; #C C picks a sieve from the table with her right hand.; #C C picks up a sieve from the kitchen counter with her right hand.; #C C picks a sieve from the kitchen counter with her right hand."
    },
    {
        "Video Name": "6f42ba6a-cb2a-428f-bffb-7a15abd94727",
        "Start Frame": 600,
        "End Frame": 720,
        "Caption": "#C C pours flour into the blender cup; #C C pours the chocolate powder into the bowl; #C C pours the chocolate powder into a sieve; #C C pours the cocoa powder into the strainer.; #C C pours the cocoa powder from the cocoa powder bag into the strainer"
    },
    {
        "Video Name": "6f42ba6a-cb2a-428f-bffb-7a15abd94727",
        "Start Frame": 720,
        "End Frame": 840,
        "Caption": "#C C places the sieve on the bowl; #C C holds the sieve; #C C looks at the sieve; #C C removes the chocolate powder from the sieve; #C C places the strainer on the sieve"
    },
    {
        "Video Name": "6f42ba6a-cb2a-428f-bffb-7a15abd94727",
        "Start Frame": 840,
        "End Frame": 960,
        "Caption": "#C C looks at the sieve; #C C looks at the sieve; #C C sieves the chocolate powder; #C C sieves the cocoa powder; #C C looks at the sieve"
    },
    {
        "Video Name": "6f42ba6a-cb2a-428f-bffb-7a15abd94727",
        "Start Frame": 960,
        "End Frame": 1080,
        "Caption": "#C C looks at the sieve; #C C sieves the cocoa powder into the s; #C C sieves the chocolate powder; #C C sieves the cocoa powder into a bowl; #C C sieves the chocolate powder"
    },
    {
        "Video Name": "6f42ba6a-cb2a-428f-bffb-7a15abd94727",
        "Start Frame": 1080,
        "End Frame": 1200,
        "Caption": "#C C taps the strainer with her right hand; #C C holds the strainer with her right hand; #C C taps the sieve with her right hand; #C C stares at the sieve; #C C lifts the strainer "
    },
    {
        "Video Name": "6f42ba6a-cb2a-428f-bffb-7a15abd94727",
        "Start Frame": 1200,
        "End Frame": 1320,
        "Caption": "#C C holds the sieve ; #C C sieves the coffee; #C C looks at the sieve ; #C C sieves the cocoa powder; #C C holds the sieve with her left hand"
    },
    {
        "Video Name": "6f42ba6a-cb2a-428f-bffb-7a15abd94727",
        "Start Frame": 1320,
        "End Frame": 1440,
        "Caption": "#C C pours the cocoa powder into the strainer.; #C C hits the sieve ; #C C sieves the cocoa powder into a white bowl with her right hand.; #C C sieves the cocoa powder; #C C pours the cocoa powder from the cocoa powder bag into the plastic container with her right hand"
    },
    {
        "Video Name": "6f42ba6a-cb2a-428f-bffb-7a15abd94727",
        "Start Frame": 1440,
        "End Frame": 1560,
        "Caption": "#C C stares at the sieve; #C C stares at the sieve; #C C  holds the sieve; #C C stares at the sieve; #C C  shakes the strainer"
    },
    {
        "Video Name": "6f42ba6a-cb2a-428f-bffb-7a15abd94727",
        "Start Frame": 1560,
        "End Frame": 1680,
        "Caption": "#C C hits the sieve on the edge of the first bowl; #C C moves the strainer ; #C C wipes the strainer with her right hand.; #C C sieves the cocoa powder; #C C sieves the cocoa powder into the white chocolate powder"
    },
    {
        "Video Name": "6f42ba6a-cb2a-428f-bffb-7a15abd94727",
        "Start Frame": 1680,
        "End Frame": 1800,
        "Caption": "#C C sieves chocolate powder into a white bowl. ; #C C sieves the chocolate powder into the dessert bowl.; #C C puts the chocolate powder on the sieve ; #C C sieves the cocoa powder into the strainer with her right hand; #C C removes the chocolate powder from the strainer into the dessert bowl."
    },
    {
        "Video Name": "6f42ba6a-cb2a-428f-bffb-7a15abd94727",
        "Start Frame": 1800,
        "End Frame": 1920,
        "Caption": "#C C sieves the cocoa powder into the bowl with her right hand; #C C checks the consistency of the batter with her right hand.; #C C removes the sieve; #C C sieves the cocoa powder; #C C sieves the chocolate powder "
    },
    {
        "Video Name": "6f42ba6a-cb2a-428f-bffb-7a15abd94727",
        "Start Frame": 1920,
        "End Frame": 2040,
        "Caption": "#C C sieves the cocoa powder; #C C presses the coffee; #C C sieves cocoa powder; #C C sieves the chocolate powder; #C C puts the cocoa powder into the s"
    },
    {
        "Video Name": "6f42ba6a-cb2a-428f-bffb-7a15abd94727",
        "Start Frame": 2040,
        "End Frame": 2160,
        "Caption": "#C C touches the mixture; #C C removes the mixture from the strainer; #C C   removes the cake; #C C places the sieve on the chocolate; #C C puts the flour in the sieve"
    },
    {
        "Video Name": "6f42ba6a-cb2a-428f-bffb-7a15abd94727",
        "Start Frame": 2160,
        "End Frame": 2280,
        "Caption": "#C C touches the sieve with her right hand.; #C C sieves the cocoa powder; #C C removes some cocoa powder from the cocoa powder bag with her right hand; #C C touches the flour; #C C holds the strainer"
    },
    {
        "Video Name": "6f42ba6a-cb2a-428f-bffb-7a15abd94727",
        "Start Frame": 2280,
        "End Frame": 2400,
        "Caption": "#C C picks the sieve; #C C picks the sieve; #C C picks the sieve; #C C picks the strainer from the table with her left hand; #C C picks the sieve"
    },
    {
        "Video Name": "6f42ba6a-cb2a-428f-bffb-7a15abd94727",
        "Start Frame": 2400,
        "End Frame": 2520,
        "Caption": "#C C picks up the sieve; #C C picks a sieve ; #C C picks a sieve from the table; #C C picks the sieve; #C C picks a sieve from the kitchen"
    },
    {
        "Video Name": "6f42ba6a-cb2a-428f-bffb-7a15abd94727",
        "Start Frame": 2520,
        "End Frame": 2640,
        "Caption": "#C C looks around the house; #C C stares at the table; #C C Looks at the table; #C C looks around; #C C looks around the house"
    },
    {
        "Video Name": "6f42ba6a-cb2a-428f-bffb-7a15abd94727",
        "Start Frame": 2640,
        "End Frame": 2760,
        "Caption": "#C C wipes his hands with the tissue; #C C cuts a paper towel ; #C C picks a tissue ; #C C moves around; #C C puts the tissue on the counter"
    },
    {
        "Video Name": "6f42ba6a-cb2a-428f-bffb-7a15abd94727",
        "Start Frame": 2760,
        "End Frame": 2880,
        "Caption": "#C C cuts the serviette; #C C folds tissue paper; #C C folds a serviette; #C C cuts the tissue; #C C cuts a piece of tissue"
    },
    {
        "Video Name": "6f42ba6a-cb2a-428f-bffb-7a15abd94727",
        "Start Frame": 2880,
        "End Frame": 3000,
        "Caption": "#C C walks around the room; #C C holds the paper towel; #C C holds the tissue paper with both hands; #C C walks around the room; #C C walks to the counter"
    },
    {
        "Video Name": "6f42ba6a-cb2a-428f-bffb-7a15abd94727",
        "Start Frame": 3000,
        "End Frame": 3120,
        "Caption": "#C C turns on the tap; #C C puts the glass on the; #C C picks a bowl of water; #C C picks up a glass of; #C C walks to the dining room"
    },
    {
        "Video Name": "6f42ba6a-cb2a-428f-bffb-7a15abd94727",
        "Start Frame": 3120,
        "End Frame": 3240,
        "Caption": "#C C wipes the bowl ; #C C drops the tissue on the table with her right hand.; #C C holds the tissue paper in her right hand.; #C C picks the tissue paper from the table with her right hand; #C C wipes the glass with tissue paper"
    },
    {
        "Video Name": "6f42ba6a-cb2a-428f-bffb-7a15abd94727",
        "Start Frame": 3240,
        "End Frame": 3360,
        "Caption": "#C C holds the glass bowl ; #C C wipes the glass bowl ; #C C wipes the table with the tissue ; #C C wipes the plate ; #C C wipes the other side of the dessert bowl with the tissue paper"
    },
    {
        "Video Name": "6f42ba6a-cb2a-428f-bffb-7a15abd94727",
        "Start Frame": 3360,
        "End Frame": 3480,
        "Caption": "#C C moves the plate; #C C wipes the glass plate with a tissue; #C C wipes the glass plate with the serviet; #C C wipes the glass bowl ; #C C cleans the glass bowl with the tissue"
    },
    {
        "Video Name": "6f42ba6a-cb2a-428f-bffb-7a15abd94727",
        "Start Frame": 3480,
        "End Frame": 3600,
        "Caption": "#C C wipes the second plate with the tissue.; #C C moves the bowl ; #C C puts the bowl on the table ; #C C places the glass bowl on the table ; #C C drops the glass bowl on the kitchen counter"
    },
    {
        "Video Name": "6f42ba6a-cb2a-428f-bffb-7a15abd94727",
        "Start Frame": 3600,
        "End Frame": 3720,
        "Caption": "#C C picks the cake; #C C wipes the glass bowl ; #C C places the glass bowl on the table ; #C C wipes the ceramic ice cream bowl with the paper towel; #C C puts the glass bowl on the table "
    },
    {
        "Video Name": "6f42ba6a-cb2a-428f-bffb-7a15abd94727",
        "Start Frame": 3720,
        "End Frame": 3840,
        "Caption": "#C C holds the paper towel; #C C holds the tissue; #C C folds the tissue ; #C C holds the tissue ; #C C folds the tissue paper"
    },
    {
        "Video Name": "6f42ba6a-cb2a-428f-bffb-7a15abd94727",
        "Start Frame": 3840,
        "End Frame": 3960,
        "Caption": "#C C wipes the table mat with the serviette ; #C C wipes the second white plastic saucer with the tissue paper in her right hand; #C C wipes the plate ; #C C wipes the plate with the tissue paper; #C C presses on the white ceramic plate with her right hand."
    },
    {
        "Video Name": "6f42ba6a-cb2a-428f-bffb-7a15abd94727",
        "Start Frame": 3960,
        "End Frame": 4080,
        "Caption": "#C C wipes the bowl ; #C C wipes the glass bowl with the tissue; #C C wipes the bowl with a tissue; #C C places the tissue on the glass bowl; #C C wipes the bowl "
    },
    {
        "Video Name": "6f42ba6a-cb2a-428f-bffb-7a15abd94727",
        "Start Frame": 4080,
        "End Frame": 4200,
        "Caption": "#C C wipes the glass bowl ; #C C holds the tissue; #C C holds the saviet with both; #C C wipes the cup with the paper; #C C presses the paper towel "
    },
    {
        "Video Name": "6f42ba6a-cb2a-428f-bffb-7a15abd94727",
        "Start Frame": 4200,
        "End Frame": 4320,
        "Caption": "#C C wipes the bowl ; #C C wipes the glass bowl ; #C C presses the white dessert bowl with her right hand; #C C wipes the bowl ; #C C wipes the glass bowl "
    },
    {
        "Video Name": "6f42ba6a-cb2a-428f-bffb-7a15abd94727",
        "Start Frame": 4320,
        "End Frame": 4440,
        "Caption": "#C C wipes the edges of the dessert bowl with her left hand; #C C shakes the dessert bowl with her left hand.; #C C wipes the glass bowl with the piece of cloth ; #C C wipes the bowl ; #C C puts the bowl on the table "
    },
    {
        "Video Name": "6f42ba6a-cb2a-428f-bffb-7a15abd94727",
        "Start Frame": 4440,
        "End Frame": 4560,
        "Caption": "#C C holds the paper towel; #C C holds the bowl ; #C C wipes the dessert bowl with the tissue paper; #C C wipes the plate ; #C C wipes the bowl "
    },
    {
        "Video Name": "6f42ba6a-cb2a-428f-bffb-7a15abd94727",
        "Start Frame": 4560,
        "End Frame": 4680,
        "Caption": "#C C holds the glass bowl with her left hand.; #C C wipes the bowl with the tissue ; #C C adjusts the napkin on the table with her left hand; #C C holds the tissue paper with her left hand.; #C C wipes the glass bowl "
    },
    {
        "Video Name": "6f42ba6a-cb2a-428f-bffb-7a15abd94727",
        "Start Frame": 4680,
        "End Frame": 4800,
        "Caption": "#C C holds the glass; #C C holds the paper plate of cake; #C C moves the container ; #C C holds the bowl of cake with her left hand; #C C holds a bowl of ice cream"
    },
    {
        "Video Name": "6f42ba6a-cb2a-428f-bffb-7a15abd94727",
        "Start Frame": 4800,
        "End Frame": 4920,
        "Caption": "#C C drops the tissue paper on the table with her right hand.; #C C puts the paper on the table; #C C moves towards the fridge; #C C drops the bowl of dough on the table with her left hand; #C C places the bowl on the kitchen counter"
    },
    {
        "Video Name": "6f42ba6a-cb2a-428f-bffb-7a15abd94727",
        "Start Frame": 4920,
        "End Frame": 5040,
        "Caption": "#C C puts the bowl on the refrigerator; #C C picks a bowl from the fridge; #C C closes the fridge door; #C C picks a pan; #C C picks a bowl "
    },
    {
        "Video Name": "6f42ba6a-cb2a-428f-bffb-7a15abd94727",
        "Start Frame": 5040,
        "End Frame": 5160,
        "Caption": "#C C puts the bowl on the fridge; #C C puts the bowl in the fridge; #C C puts the bowl in the fridge; #C C places the bowl in the fridge; #C C puts the bowl in the fridge"
    },
    {
        "Video Name": "6f42ba6a-cb2a-428f-bffb-7a15abd94727",
        "Start Frame": 5160,
        "End Frame": 5280,
        "Caption": "#c c picks a kitchen tissue; #C C picks a serviette; #c c takes a paper towel; #C C takes a napkin from the counter with her right hand.; #C C picks up a serviette "
    },
    {
        "Video Name": "6f42ba6a-cb2a-428f-bffb-7a15abd94727",
        "Start Frame": 5280,
        "End Frame": 5400,
        "Caption": "#C C cuts a paper towel; #C C cuts a piece of; #C C picks a tissue paper; #C C picks up a kitchen; #C C cuts the tissue paper"
    }
]