[
    {
        "Video Name": "719432f6-c6eb-44f1-a005-b22e0c4312e6",
        "Start Frame": 0,
        "End Frame": 120,
        "Caption": "#C C walks around the; #C C walks in the; #C C walks in a; #C C turns around; #C C walks in the"
    },
    {
        "Video Name": "719432f6-c6eb-44f1-a005-b22e0c4312e6",
        "Start Frame": 120,
        "End Frame": 240,
        "Caption": "#C C pulls out the tape measure.; #C C measures the baseboard with the tape; #C C measures the wall.; #C C measures the wall with the tape measure; #C C measures the wall."
    },
    {
        "Video Name": "719432f6-c6eb-44f1-a005-b22e0c4312e6",
        "Start Frame": 240,
        "End Frame": 360,
        "Caption": "#C C measures the door frame with the tape measure; #C C measures the door frame with the tape measure.; #C C measures the door frame area.; #C C measures a wall using a tape measure; #C C measures the wooden strip of the closet with the tape"
    },
    {
        "Video Name": "719432f6-c6eb-44f1-a005-b22e0c4312e6",
        "Start Frame": 360,
        "End Frame": 480,
        "Caption": "#C C measures the length of the wall with the tape measure; #C C measures the wall with the tape measure.; #C C measures the wall with the tape measure; #C C measures the length of the door frame with the tape measure; #C C measures the wall with the tape measure"
    },
    {
        "Video Name": "719432f6-c6eb-44f1-a005-b22e0c4312e6",
        "Start Frame": 480,
        "End Frame": 600,
        "Caption": "#C C puts the tape measure on the floor; #C C drops the tape measure.; #C C drops the tape measure on the floor; #C C looks around the room; #C C drops the tape measure on the floor"
    },
    {
        "Video Name": "719432f6-c6eb-44f1-a005-b22e0c4312e6",
        "Start Frame": 600,
        "End Frame": 720,
        "Caption": "#C C writes on the carton paper; #C C writes on the jotter.; #C C writes on the carton with the pen; #C C writes on the box.; #C C writes on the cardboard "
    },
    {
        "Video Name": "719432f6-c6eb-44f1-a005-b22e0c4312e6",
        "Start Frame": 720,
        "End Frame": 840,
        "Caption": "#C C writes on the jotter.; #C C writes on the cardboard with the pen; #C C writes on the jotter.; #C C writes on the cardboard ; #C C writes on the cardboard with the pen"
    },
    {
        "Video Name": "719432f6-c6eb-44f1-a005-b22e0c4312e6",
        "Start Frame": 840,
        "End Frame": 960,
        "Caption": "#C C walks in the room; #C C opens the door.; #C C walks into the room; #C C walks out of the store room; #C C closes the door with his left"
    },
    {
        "Video Name": "719432f6-c6eb-44f1-a005-b22e0c4312e6",
        "Start Frame": 960,
        "End Frame": 1080,
        "Caption": "#C C measures the wall with the tape measure.; #C C measures the door frame with the measuring tape.; #C C measures the length of the wall with the tape measure; #C C measures the floor with the tape measure; #C C measures the door frame with a tape measure."
    },
    {
        "Video Name": "719432f6-c6eb-44f1-a005-b22e0c4312e6",
        "Start Frame": 1080,
        "End Frame": 1200,
        "Caption": "#C C measures the door frame with the tape measure; #C C measures the door frame with the tape measure; #C C measures the door frame with the tape measure; #C C measures the door frame with a tape measure; #C C measures a door frame with the tape measure"
    },
    {
        "Video Name": "719432f6-c6eb-44f1-a005-b22e0c4312e6",
        "Start Frame": 1200,
        "End Frame": 1320,
        "Caption": "#C C measures the door frame with the tape measure.; #C C measures the door frame area with the tape measure; #C C measures the door frame area with the measuring tape; #C C measures the door frame with the tape measure.; #C C measures the baseboard."
    },
    {
        "Video Name": "719432f6-c6eb-44f1-a005-b22e0c4312e6",
        "Start Frame": 1320,
        "End Frame": 1440,
        "Caption": "#C C places the jotter on the floor.; #C C picks up the tape measure; #C C takes out the tape measure from the box; #C C drops the carton paper on the floor; #C C removes the carton paper from the door frame with his left hand"
    },
    {
        "Video Name": "719432f6-c6eb-44f1-a005-b22e0c4312e6",
        "Start Frame": 1440,
        "End Frame": 1560,
        "Caption": "#C C marks the carton paper with the pen.; #C C marks the box with the pen.; #C C writes on the box with the marker.; #C C writes on the carton paper with the pen; #C C writes on the carton paper with the pen"
    },
    {
        "Video Name": "719432f6-c6eb-44f1-a005-b22e0c4312e6",
        "Start Frame": 1560,
        "End Frame": 1680,
        "Caption": "#C C closes the door; #C C opens the door with his right; #C C closes the door ; #C C puts the pen down ; #C C  walks around the house "
    },
    {
        "Video Name": "719432f6-c6eb-44f1-a005-b22e0c4312e6",
        "Start Frame": 1680,
        "End Frame": 1800,
        "Caption": "#C C measures a door frame with the tape measure.; #C C measures the wall with the tape measure.; #C C measures the door frame area with the tape measure; #C C measures the wall with the tape measure.; #C C pulls the tape measure "
    },
    {
        "Video Name": "719432f6-c6eb-44f1-a005-b22e0c4312e6",
        "Start Frame": 1800,
        "End Frame": 1920,
        "Caption": "#C C marks the cardboard with a pen; #C C writes on the cardboard with the pen; #C C writes on the carton paper with the pen; #C C marks the cardboard with the pen; #C C writes on the cardboard with the pen."
    },
    {
        "Video Name": "719432f6-c6eb-44f1-a005-b22e0c4312e6",
        "Start Frame": 1920,
        "End Frame": 2040,
        "Caption": "#C C closes the door of the second door with his left hand; #C C opens the door.; #C C puts the carton paper on the floor; #C C closes the door with his left hand; #C C opens the door"
    },
    {
        "Video Name": "719432f6-c6eb-44f1-a005-b22e0c4312e6",
        "Start Frame": 2040,
        "End Frame": 2160,
        "Caption": "#C C measures the floor; #C C measures the floor; #C C measures the wall; #C C measures the base; #C C measures the wall"
    },
    {
        "Video Name": "719432f6-c6eb-44f1-a005-b22e0c4312e6",
        "Start Frame": 2160,
        "End Frame": 2280,
        "Caption": "#C C places the measuring tape on the baseboard.; #C C measures the cardboard with a tape measure; #C C measures the cardboard with the tape measure.; #C C measures the baseboard on the floor with the tape; #C C measures the cardboard with the tape measure."
    },
    {
        "Video Name": "719432f6-c6eb-44f1-a005-b22e0c4312e6",
        "Start Frame": 2280,
        "End Frame": 2400,
        "Caption": "#C C writes on the carton paper; #C C writes on the carton paper with the; #C C writes on the carton paper; #C C writes on the carton paper with the; #C C writes on the carton paper with the"
    },
    {
        "Video Name": "719432f6-c6eb-44f1-a005-b22e0c4312e6",
        "Start Frame": 2400,
        "End Frame": 2520,
        "Caption": "#C C folds the measuring tape.; #C C measures the wall with the tape measure; #C C drops the measuring tape on the floor; #C C drops the measuring tape on the floor; #C C lifts the tape measure."
    },
    {
        "Video Name": "719432f6-c6eb-44f1-a005-b22e0c4312e6",
        "Start Frame": 2520,
        "End Frame": 2640,
        "Caption": "#C C measures the carton paper on the floor.; #C C measures the wall of the room with the tape; #C C places the measuring tape on the cardboard.; #C C places the tape measure on the floor; #C C measures the carton paper with the tape measure"
    },
    {
        "Video Name": "719432f6-c6eb-44f1-a005-b22e0c4312e6",
        "Start Frame": 2640,
        "End Frame": 2760,
        "Caption": "#C C writes on the cardboard with a pen; #C C writes on the cardboard with the pen.; #C C writes on the carton paper with the pen; #C C writes on the cardboard with the pen.; #C C writes on the carton paper with the pen"
    },
    {
        "Video Name": "719432f6-c6eb-44f1-a005-b22e0c4312e6",
        "Start Frame": 2760,
        "End Frame": 2880,
        "Caption": "#C C walks in the room; #C C turns around ; #C C walks around the room; #C C looks around the room; #C C walks in the room"
    },
    {
        "Video Name": "719432f6-c6eb-44f1-a005-b22e0c4312e6",
        "Start Frame": 2880,
        "End Frame": 3000,
        "Caption": "#C C walks around the room; #C C walks towards the door; #C C walks to the other; #C C walks in the room; #C C walks around the house"
    },
    {
        "Video Name": "719432f6-c6eb-44f1-a005-b22e0c4312e6",
        "Start Frame": 3000,
        "End Frame": 3120,
        "Caption": "#C C walks down the staircase; #C C walks down the staircase; #C C climbs down the stairs; #C C climbs down the stairs; #C C walks down the stairs"
    },
    {
        "Video Name": "719432f6-c6eb-44f1-a005-b22e0c4312e6",
        "Start Frame": 3120,
        "End Frame": 3240,
        "Caption": "#C C walks around the room; #C C walks towards the stairs; #C C walks into the room; #C C walks on the floor; #C C walks around the house"
    },
    {
        "Video Name": "719432f6-c6eb-44f1-a005-b22e0c4312e6",
        "Start Frame": 3240,
        "End Frame": 3360,
        "Caption": "#C C walks out of the; #C C walks towards the kitchen; #C C walks around the room; #C C walks around the house; #C C walks to the room"
    },
    {
        "Video Name": "719432f6-c6eb-44f1-a005-b22e0c4312e6",
        "Start Frame": 3360,
        "End Frame": 3480,
        "Caption": "#C C drops the cardboard on the floor.; #C C drops the cardboard on the floor.; #C C drops the carton on the floor; #C C drops the cardboard on the floor.; #C C puts down the box "
    },
    {
        "Video Name": "719432f6-c6eb-44f1-a005-b22e0c4312e6",
        "Start Frame": 3480,
        "End Frame": 3600,
        "Caption": "#C C picks a small piece of wood from the floor with his left hand; #C C picks a piece of wood ; #C C picks a small piece of wood from the floor with his left hand; #C C puts the wood on the floor.; #C C picks the plywood."
    },
    {
        "Video Name": "719432f6-c6eb-44f1-a005-b22e0c4312e6",
        "Start Frame": 3600,
        "End Frame": 3720,
        "Caption": "#C C places the wood plank on the ground.; #C C drops the wooden strip on the ground; #C C drops the cut-up wooden plank on the floor; #C C drops the wooden strip piece on the floor ; #C C drops the wood piece"
    },
    {
        "Video Name": "719432f6-c6eb-44f1-a005-b22e0c4312e6",
        "Start Frame": 3720,
        "End Frame": 3840,
        "Caption": "#C C turns the wood on the circular saw; #C C puts the wood on the circular saw; #C C turns the wood to the right.; #C C moves the piece of wood.; #C C drops the wood piece on the floor"
    },
    {
        "Video Name": "719432f6-c6eb-44f1-a005-b22e0c4312e6",
        "Start Frame": 3840,
        "End Frame": 3960,
        "Caption": "#C C cuts the wood with the mitre saw; #C C cuts the piece of wood.; #C C cuts the wood with a mitre saw; #C C cuts the wood with the mitre saw; #C C cuts the piece of wood."
    },
    {
        "Video Name": "719432f6-c6eb-44f1-a005-b22e0c4312e6",
        "Start Frame": 3960,
        "End Frame": 4080,
        "Caption": "#C C turns the tape measure; #C C picks the tape measure; #C C measures the piece of wood; #C C takes the tape measure.; #C C takes a tape measure"
    },
    {
        "Video Name": "719432f6-c6eb-44f1-a005-b22e0c4312e6",
        "Start Frame": 4080,
        "End Frame": 4200,
        "Caption": "#C C measures the wooden plank with the tape measure; #C C measures the wooden strip with the tape measure; #C C measures a wood; #C C measures the cardboard with a tape measure.; #C C measures the wood piece "
    },
    {
        "Video Name": "719432f6-c6eb-44f1-a005-b22e0c4312e6",
        "Start Frame": 4200,
        "End Frame": 4320,
        "Caption": "#C C takes the measuring tape on the wood with his left hand.; #C C measures the wood piece.; #C C marks the wood.; #C C moves the tape measure to the other side of the wooden plank; #C C measures the wooden strip with the tape measure."
    },
    {
        "Video Name": "719432f6-c6eb-44f1-a005-b22e0c4312e6",
        "Start Frame": 4320,
        "End Frame": 4440,
        "Caption": "#C C turns the circular saw ; #C C cuts the piece of wood with a wood cutter; #C C puts the door casing on the circular saw; #C C picks the wooden strip from the circular saw; #C C picks up the wooden strip"
    },
    {
        "Video Name": "719432f6-c6eb-44f1-a005-b22e0c4312e6",
        "Start Frame": 4440,
        "End Frame": 4560,
        "Caption": "#C C cuts the wood.; #C C cuts the wood.; #C C cuts the wood with the miter saw; #C C cuts the wood with the mitre saw; #C C cuts the baseboard."
    },
    {
        "Video Name": "719432f6-c6eb-44f1-a005-b22e0c4312e6",
        "Start Frame": 4560,
        "End Frame": 4680,
        "Caption": "#C C holds the miter saw handle; #C C holds the miter saw handle.; #C C cuts the wood with the mitre saw; #C C cuts the piece of wood.; #C C cuts the wood with the mitre saw"
    },
    {
        "Video Name": "719432f6-c6eb-44f1-a005-b22e0c4312e6",
        "Start Frame": 4680,
        "End Frame": 4800,
        "Caption": "#C C picks the piece of wood; #C C picks a piece of wood ; #C C places the cardboard on the floor.; #C C looks at the wood.; #C C puts the tape measure on the floor"
    },
    {
        "Video Name": "719432f6-c6eb-44f1-a005-b22e0c4312e6",
        "Start Frame": 4800,
        "End Frame": 4920,
        "Caption": "#C C holds the wooden strip with his hands; #C C turns the wooden strip in his hands; #C C measures a piece of wood ; #C C adjusts the wooden plank in his hands; #C C drops the wooden strip on the ground"
    },
    {
        "Video Name": "719432f6-c6eb-44f1-a005-b22e0c4312e6",
        "Start Frame": 4920,
        "End Frame": 5040,
        "Caption": "#C C cuts the wood piece ; #C C holds the saw; #C C places the cardboard under the saw.; #C C pushes a door jamb ; #C C puts the tape measure on the miter"
    },
    {
        "Video Name": "719432f6-c6eb-44f1-a005-b22e0c4312e6",
        "Start Frame": 5040,
        "End Frame": 5160,
        "Caption": "#C C turns the baseboard.; #C C holds the baseboard with his hands; #C C carries the wooden strip with his right; #C C takes the cardboard from his left hand; #C C carries a piece of wood."
    },
    {
        "Video Name": "719432f6-c6eb-44f1-a005-b22e0c4312e6",
        "Start Frame": 5160,
        "End Frame": 5280,
        "Caption": "#C C cuts the baseboard.; #C C adjusts the circular saw.; #C C turns the circular saw; #C C cuts the wood.; #C C removes the cut part of the wood with his left"
    },
    {
        "Video Name": "719432f6-c6eb-44f1-a005-b22e0c4312e6",
        "Start Frame": 5280,
        "End Frame": 5400,
        "Caption": "#C C removes the wood cutter handle ; #C C adjusts the miter saw handle.; #C C rotates the miter saw; #C C pulls the miter saw handle down; #C C adjusts the miter saw"
    }
]