[
    {
        "Video Name": "776d7dcf-6a44-4db3-9d37-8a75635388c0",
        "Start Frame": 0,
        "End Frame": 120,
        "Caption": "#C C folds the piece of cloth on the bucket; #C C spreads the rag on the dough; #C C puts the mat on the floor; #C C holds the dough with both hands.; #C C pulls a cloth under the dough mixer machine"
    },
    {
        "Video Name": "776d7dcf-6a44-4db3-9d37-8a75635388c0",
        "Start Frame": 120,
        "End Frame": 240,
        "Caption": "#C C walks around the kitchen; #C  C walks around the kitchen; #C C walks around the bakery ; #C C walks around the room; #C C walks towards the table."
    },
    {
        "Video Name": "776d7dcf-6a44-4db3-9d37-8a75635388c0",
        "Start Frame": 240,
        "End Frame": 360,
        "Caption": "#C C puts the mattress on the floor.; #C  C drops the plank on the floor; #C C puts dough pan down; #C C puts the sack on the floor.; #C C puts the dough mixer on the floor"
    },
    {
        "Video Name": "776d7dcf-6a44-4db3-9d37-8a75635388c0",
        "Start Frame": 360,
        "End Frame": 480,
        "Caption": "#C C puts the bucket on the floor.; #C C picks the bucket from the floor.; #C C carries the bucket from the floor with both hands; #C C moves the bucket on the floor with both hands; #C C puts the bucket on the floor"
    },
    {
        "Video Name": "776d7dcf-6a44-4db3-9d37-8a75635388c0",
        "Start Frame": 480,
        "End Frame": 600,
        "Caption": "#C C wipes the hand; #C C rubs his hands; #C C rubs his hands together; #C C rubs the hands; #C C rubs his hands "
    },
    {
        "Video Name": "776d7dcf-6a44-4db3-9d37-8a75635388c0",
        "Start Frame": 600,
        "End Frame": 720,
        "Caption": "#C C cleans his right hand with his left hand; #C C rubs his hands together; #C C rubs his hand; #C C rubs her hands ; #C C removes the glove"
    },
    {
        "Video Name": "776d7dcf-6a44-4db3-9d37-8a75635388c0",
        "Start Frame": 720,
        "End Frame": 840,
        "Caption": "#C C looks at hand; #C C cleans his right hand with his left hand.; #C C cleans the glove on his left hand.; #C C puts his right hand into the bucket of water; #C C rubs his left hand on his right hand"
    },
    {
        "Video Name": "776d7dcf-6a44-4db3-9d37-8a75635388c0",
        "Start Frame": 840,
        "End Frame": 960,
        "Caption": "#C C takes out the dough with both hands.; #C C lifts dough with both hands; #C C kneads a dough with both hands; #C C picks the dough; #C C cuts the dough with both hands."
    },
    {
        "Video Name": "776d7dcf-6a44-4db3-9d37-8a75635388c0",
        "Start Frame": 960,
        "End Frame": 1080,
        "Caption": "#C C takes a dough from the bag.; #C C takes dough; #C C picks dough; #C C takes dough from the basin; #C C picks up dough"
    },
    {
        "Video Name": "776d7dcf-6a44-4db3-9d37-8a75635388c0",
        "Start Frame": 1080,
        "End Frame": 1200,
        "Caption": "#C  C pours some flour on the metal bowl.; #C C holds the dough; #C  C takes some flour from the plastic bag.; #C  C pours flour from the plastic bag into the bowl on the electric scale; #C C takes flour from the plastic container with his right hand."
    },
    {
        "Video Name": "776d7dcf-6a44-4db3-9d37-8a75635388c0",
        "Start Frame": 1200,
        "End Frame": 1320,
        "Caption": "#C C operates the scale.; #C C touches a dough with his right hand; #C C adjusts the weighing scale.; #C C touches the weighing scale; #C C touches the weighing scale"
    },
    {
        "Video Name": "776d7dcf-6a44-4db3-9d37-8a75635388c0",
        "Start Frame": 1320,
        "End Frame": 1440,
        "Caption": "#C C walks around the; #C C carries the bucket; #C C walks towards the; #C C turns around; #C C moves the bucket"
    },
    {
        "Video Name": "776d7dcf-6a44-4db3-9d37-8a75635388c0",
        "Start Frame": 1440,
        "End Frame": 1560,
        "Caption": "#C C walks around the kitchen; #C C walks around the room; #C C walks around; #C C walks around the room; #C C walks around the kitchen"
    },
    {
        "Video Name": "776d7dcf-6a44-4db3-9d37-8a75635388c0",
        "Start Frame": 1560,
        "End Frame": 1680,
        "Caption": "#C C adjusts the dough in the bucket.; #C C kneads dough; #C C cuts out the dough with his hands; #C C kneads dough with both hands; #C C takes dough from the bucket."
    },
    {
        "Video Name": "776d7dcf-6a44-4db3-9d37-8a75635388c0",
        "Start Frame": 1680,
        "End Frame": 1800,
        "Caption": "#C C puts the sieve in the; #C C puts the bucket on the floor; #C C puts the dough in a bucket; #C C puts the dough in the bucket; #C C puts dough in a bucket"
    },
    {
        "Video Name": "776d7dcf-6a44-4db3-9d37-8a75635388c0",
        "Start Frame": 1800,
        "End Frame": 1920,
        "Caption": "#C C walks to the sink.; #C C pours the flour in the dough mixer machine; #C C pours the flour in the dough mixer; #C C holds the bucket; #C C walks to the sink."
    },
    {
        "Video Name": "776d7dcf-6a44-4db3-9d37-8a75635388c0",
        "Start Frame": 1920,
        "End Frame": 2040,
        "Caption": "#C C puts the bucket on the floor; #C C drops the bucket; #C C puts the bucket on the floor; #C C puts bucket on the floor; #C C drops the bucket on the floor"
    },
    {
        "Video Name": "776d7dcf-6a44-4db3-9d37-8a75635388c0",
        "Start Frame": 2040,
        "End Frame": 2160,
        "Caption": "#C C pours water from the jug into the mixer with his right hand; #C C puts water into the jug from the measuring jug.; #C C pours water from the jug into the mixer.; #C C puts water in the jug; #C C pours water in the dough mixer machine"
    },
    {
        "Video Name": "776d7dcf-6a44-4db3-9d37-8a75635388c0",
        "Start Frame": 2160,
        "End Frame": 2280,
        "Caption": "#C C turns off the mixer; #C C puts off the mixer; #C C turns on the mixer.; #C C presses a button on the dough; #C C moves the jug"
    },
    {
        "Video Name": "776d7dcf-6a44-4db3-9d37-8a75635388c0",
        "Start Frame": 2280,
        "End Frame": 2400,
        "Caption": "#C C pours water in the sink; #C C places the jug in the sink; #C C pours water in the sink; #C C puts the jug in the sink; #C C puts the jug in the sink"
    },
    {
        "Video Name": "776d7dcf-6a44-4db3-9d37-8a75635388c0",
        "Start Frame": 2400,
        "End Frame": 2520,
        "Caption": "#C C pours water from the jug into the mixing bowl with his right hand; #C C pours water from the jug into the sink with his right hand.; #C C pours water in the dough maker; #C C pours water from the jug into the mixer with his right hand.; #C C pours water from the jug into the mixer."
    },
    {
        "Video Name": "776d7dcf-6a44-4db3-9d37-8a75635388c0",
        "Start Frame": 2520,
        "End Frame": 2640,
        "Caption": "#C C walks around the kitchen ; #C C puts the jug in the sink; #C C walks around; #C C pours water from the jug into the sink with his right hand; #C C puts jug in the sink"
    },
    {
        "Video Name": "776d7dcf-6a44-4db3-9d37-8a75635388c0",
        "Start Frame": 2640,
        "End Frame": 2760,
        "Caption": "#C C takes the bucket ; #C C picks the bucket from the floor; #C C picks a bucket of water from the; #C C picks up a bucket; #C C picks the bucket"
    },
    {
        "Video Name": "776d7dcf-6a44-4db3-9d37-8a75635388c0",
        "Start Frame": 2760,
        "End Frame": 2880,
        "Caption": "#C C walks around the room; #C C walks around the room; #C C walks to the bucket; #C C walks around ; #C C walks around the room"
    },
    {
        "Video Name": "776d7dcf-6a44-4db3-9d37-8a75635388c0",
        "Start Frame": 2880,
        "End Frame": 3000,
        "Caption": "#C C moves the bread shovel on the floor; #C C moves a container.; #C C picks a spatula; #C C picks a scrapper from the floor; #C C moves a sack on the floor."
    },
    {
        "Video Name": "776d7dcf-6a44-4db3-9d37-8a75635388c0",
        "Start Frame": 3000,
        "End Frame": 3120,
        "Caption": "#C C presses a button on a dough sheeter with his right hand; #C C presses the button ; #C C presses a button on a oven with his right hand.; #C C turns off the oven with his right hand.; #C C presses a button on a oven with his right hand."
    },
    {
        "Video Name": "776d7dcf-6a44-4db3-9d37-8a75635388c0",
        "Start Frame": 3120,
        "End Frame": 3240,
        "Caption": "#C C walks around the bakery.; #C C rubs his hands together; #C C rubs his hands together; #C C rubs hands.; #C C walks around the bakery"
    },
    {
        "Video Name": "776d7dcf-6a44-4db3-9d37-8a75635388c0",
        "Start Frame": 3240,
        "End Frame": 3360,
        "Caption": "#C C picks up the broom.; #C C puts the bakers peel on the oven; #C C holds the oven shovel with both hands.; #C C moves the oven shovel to the wall.; #C C picks up the brush."
    },
    {
        "Video Name": "776d7dcf-6a44-4db3-9d37-8a75635388c0",
        "Start Frame": 3360,
        "End Frame": 3480,
        "Caption": "#C C pushes the oven peel into the oven with both hands.; #C C moves the bakers peel.; #C C puts the oven peel in the oven; #C C moves the oven paddle.; #C C pushes the oven rack tray into the oven with the peel"
    },
    {
        "Video Name": "776d7dcf-6a44-4db3-9d37-8a75635388c0",
        "Start Frame": 3480,
        "End Frame": 3600,
        "Caption": "#C C puts the peel in the oven. ; #C C puts the oven paddle against the wall.; #C C removes the oven stick from the oven.; #C C removes the oven shovel from the oven.; #C C puts the bakers peel in the oven"
    },
    {
        "Video Name": "776d7dcf-6a44-4db3-9d37-8a75635388c0",
        "Start Frame": 3600,
        "End Frame": 3720,
        "Caption": "#C C presses the button; #C C switches on the oven.; #C C presses buttons on a switch.; #C C touches a knob on a oven; #C C presses a button on the oven"
    },
    {
        "Video Name": "776d7dcf-6a44-4db3-9d37-8a75635388c0",
        "Start Frame": 3720,
        "End Frame": 3840,
        "Caption": "#C C turns off the electric mixer.; #C C switches on the switch with his right hand; #C C looks around the bakery ; #C C turns off a switch with his right hand; #C C walks around"
    },
    {
        "Video Name": "776d7dcf-6a44-4db3-9d37-8a75635388c0",
        "Start Frame": 3840,
        "End Frame": 3960,
        "Caption": "#C C walks around; #C C walks around; #C C walks around the room; #C C walks around the room; #C C walks around the room"
    },
    {
        "Video Name": "776d7dcf-6a44-4db3-9d37-8a75635388c0",
        "Start Frame": 3960,
        "End Frame": 4080,
        "Caption": "#C C walks around the kitchen; #C C walks around the kitchen ; #C C walks around the room; #C C walks around the room; #C C walks towards a carton of flour."
    },
    {
        "Video Name": "776d7dcf-6a44-4db3-9d37-8a75635388c0",
        "Start Frame": 4080,
        "End Frame": 4200,
        "Caption": "#C C opens the carton with his left hand.; #C C picks the bag of flour from the floor with his left hand; #C C opens the sack; #C C moves the bucket; #C C takes a bucket of flour"
    },
    {
        "Video Name": "776d7dcf-6a44-4db3-9d37-8a75635388c0",
        "Start Frame": 4200,
        "End Frame": 4320,
        "Caption": "#C C takes flour from a bag.; #C C takes flour from the bag; #C C scoops flour with a flour sco; #C C picks flour from a bag; #C C picks flour from the bag"
    },
    {
        "Video Name": "776d7dcf-6a44-4db3-9d37-8a75635388c0",
        "Start Frame": 4320,
        "End Frame": 4440,
        "Caption": "#C C scoops flour from the sack; #C C takes flour from the sack with his right hand.; #C C takes flour from a bag with a measuring cup; #C C puts flour in the sack; #C C takes flour from a bag on the floor with his right hand"
    },
    {
        "Video Name": "776d7dcf-6a44-4db3-9d37-8a75635388c0",
        "Start Frame": 4440,
        "End Frame": 4560,
        "Caption": "#C C picks a bucket; #C C takes a bucket from the; #C C picks up a bucket of; #C C takes a bucket; #C C lifts a plastic bucket "
    },
    {
        "Video Name": "776d7dcf-6a44-4db3-9d37-8a75635388c0",
        "Start Frame": 4560,
        "End Frame": 4680,
        "Caption": "#C C picks up the bucket; #C C picks bucket; #C C picks bucket; #C C looks at the bucket; #C C moves the bucket "
    },
    {
        "Video Name": "776d7dcf-6a44-4db3-9d37-8a75635388c0",
        "Start Frame": 4680,
        "End Frame": 4800,
        "Caption": "#C C looks around the room; #C C puts the packet on the table; #C C looks around; #C C looks around the store; #C C looks around the bakery "
    },
    {
        "Video Name": "776d7dcf-6a44-4db3-9d37-8a75635388c0",
        "Start Frame": 4800,
        "End Frame": 4920,
        "Caption": "#C C takes the flour; #C C wipes the hands ; #C C wipes the hands; #C C wipes his hands on the sack. ; #C C wipes his right hand on his trouser"
    },
    {
        "Video Name": "776d7dcf-6a44-4db3-9d37-8a75635388c0",
        "Start Frame": 4920,
        "End Frame": 5040,
        "Caption": "#C C takes flour from the bag with the container in his right hand; #C C scoops flour with a container ; #C C scoops flour with the measuring cup.; #C C scoops flour; #C C scoops flour with the jug "
    },
    {
        "Video Name": "776d7dcf-6a44-4db3-9d37-8a75635388c0",
        "Start Frame": 5040,
        "End Frame": 5160,
        "Caption": "#C C puts flour in a bucket ; #C C pours flour into the bucket; #C C scoops flour from the bag; #C C pours the flour in the; #C C scoops flour with the cup"
    },
    {
        "Video Name": "776d7dcf-6a44-4db3-9d37-8a75635388c0",
        "Start Frame": 5160,
        "End Frame": 5280,
        "Caption": "#C C takes flour with the bowl from the sack; #C C scoops flour with a scoop; #C C takes flour from the bag into the bucket with the scoop in his right hand; #C C scoops flour with the jug ; #C C scoops flour with the  jug"
    },
    {
        "Video Name": "776d7dcf-6a44-4db3-9d37-8a75635388c0",
        "Start Frame": 5280,
        "End Frame": 5400,
        "Caption": "#C C scoops flour from the bag of flour with the cup; #C C scoops flour with the jug; #C C scoops flour with a flour scooper; #C C takes flour from the bucket with a container.; #C C scoops the flour"
    }
]