[
    {
        "Video Name": "7a8cd905-114c-430d-b058-0a0b8a4d0111",
        "Start Frame": 0,
        "End Frame": 120,
        "Caption": "#c c wipes his face with his; #C C folds the cloth; #C C puts the paper down; #C C folds the cloth; #c c folds his sweater"
    },
    {
        "Video Name": "7a8cd905-114c-430d-b058-0a0b8a4d0111",
        "Start Frame": 120,
        "End Frame": 240,
        "Caption": "#c c picks a knife; #c c picks a knife; #c c dips the scrapper in the; #C C dips the knife in the water; #C C takes a knife"
    },
    {
        "Video Name": "7a8cd905-114c-430d-b058-0a0b8a4d0111",
        "Start Frame": 240,
        "End Frame": 360,
        "Caption": "#c c rolls the model; #C C rolls the model; #C C rubs his; #C C rubs the; #C C molds the"
    },
    {
        "Video Name": "7a8cd905-114c-430d-b058-0a0b8a4d0111",
        "Start Frame": 360,
        "End Frame": 480,
        "Caption": "#C C rubs the; #C C molds the; #C C rolls the model; #c c moulds the; #C C rolls the model"
    },
    {
        "Video Name": "7a8cd905-114c-430d-b058-0a0b8a4d0111",
        "Start Frame": 480,
        "End Frame": 600,
        "Caption": "#C C rolls the model; #C C dips the pin in the glue; #C C rubs the model; #C C puts the plasticine clay down; #C C cuts the model"
    },
    {
        "Video Name": "7a8cd905-114c-430d-b058-0a0b8a4d0111",
        "Start Frame": 600,
        "End Frame": 720,
        "Caption": "#C C dips the model in the glue; #c c puts the mould on top of; #C C dips the model in the glue; #C C dips the model in the glue; #c c puts the mould on top of"
    },
    {
        "Video Name": "7a8cd905-114c-430d-b058-0a0b8a4d0111",
        "Start Frame": 720,
        "End Frame": 840,
        "Caption": "#c c puts the mould on the table; #C C dips the model in the glue; #C C pours the liquid on the; #C C presses the model; #C C presses the model"
    },
    {
        "Video Name": "7a8cd905-114c-430d-b058-0a0b8a4d0111",
        "Start Frame": 840,
        "End Frame": 960,
        "Caption": "#C C picks the model; #C C removes the plasticine clay from the mold; #C C places the pin on the mold ; #C C picks the pin; #C C picks the model"
    },
    {
        "Video Name": "7a8cd905-114c-430d-b058-0a0b8a4d0111",
        "Start Frame": 960,
        "End Frame": 1080,
        "Caption": "#c c wipes the mould with the paper towel; #c c puts the mould on top of the; #c c puts the mould on top of another; #C C picks the model; #C C cuts the model"
    },
    {
        "Video Name": "7a8cd905-114c-430d-b058-0a0b8a4d0111",
        "Start Frame": 1080,
        "End Frame": 1200,
        "Caption": "#c c puts the niddle on the; #C C puts the knife on the table; #c c puts the model on unsure; #C C drops the pin; #C C puts the model on the table"
    },
    {
        "Video Name": "7a8cd905-114c-430d-b058-0a0b8a4d0111",
        "Start Frame": 1200,
        "End Frame": 1320,
        "Caption": "#C C presses the model; #c c picks a niddle from the; #c c cuts the mould; #c c puts the niddle on the; #C C cuts the model"
    },
    {
        "Video Name": "7a8cd905-114c-430d-b058-0a0b8a4d0111",
        "Start Frame": 1320,
        "End Frame": 1440,
        "Caption": "#C C stitches the model; #C C puts the pin on the mold; #C C drops the pin; #C C dips the pin on the mold; #C C dips the pin in the glue"
    },
    {
        "Video Name": "7a8cd905-114c-430d-b058-0a0b8a4d0111",
        "Start Frame": 1440,
        "End Frame": 1560,
        "Caption": "#c c sticks the mould to the; #C C removes the model; #C C dips the pin down ; #C C dips the pin in the; #C C places the pin on the"
    },
    {
        "Video Name": "7a8cd905-114c-430d-b058-0a0b8a4d0111",
        "Start Frame": 1560,
        "End Frame": 1680,
        "Caption": "#C C picks the model; #c c makes pattern from the clay; #c c puts the mould on top of; #c c places the niddle on the; #c c wipes the mould with a sponge"
    },
    {
        "Video Name": "7a8cd905-114c-430d-b058-0a0b8a4d0111",
        "Start Frame": 1680,
        "End Frame": 1800,
        "Caption": "#c c cuts clay from the mold; #C C puts the model in the; #C C places the model on the; #c c puts the mold on the; #C C cuts the model"
    },
    {
        "Video Name": "7a8cd905-114c-430d-b058-0a0b8a4d0111",
        "Start Frame": 1800,
        "End Frame": 1920,
        "Caption": "#c c puts the mould on the; #c c rolls the mould; #C C rolls the model; #C C dips the model in the; #c c moulds the clay"
    },
    {
        "Video Name": "7a8cd905-114c-430d-b058-0a0b8a4d0111",
        "Start Frame": 1920,
        "End Frame": 2040,
        "Caption": "#C C rolls the model; #c c rolls the model; #c c squeezes the; #c c rolls the mould; #c c moulds the"
    },
    {
        "Video Name": "7a8cd905-114c-430d-b058-0a0b8a4d0111",
        "Start Frame": 2040,
        "End Frame": 2160,
        "Caption": "#c c puts the mould on top of; #C C puts the pin on the table; #C C molds the model; #c c presses the mould; #C C rolls the model"
    },
    {
        "Video Name": "7a8cd905-114c-430d-b058-0a0b8a4d0111",
        "Start Frame": 2160,
        "End Frame": 2280,
        "Caption": "#c c puts the mould on top of; #C C molds the model; #C C presses the model; #c c puts the niddle on the; #C C puts the pin down"
    },
    {
        "Video Name": "7a8cd905-114c-430d-b058-0a0b8a4d0111",
        "Start Frame": 2280,
        "End Frame": 2400,
        "Caption": "#C C places the pin on the; #C C dips the pin; #C C dips the model in the; #C C presses the model; #C C stitches the model"
    },
    {
        "Video Name": "7a8cd905-114c-430d-b058-0a0b8a4d0111",
        "Start Frame": 2400,
        "End Frame": 2520,
        "Caption": "#C C dips the pin; #C C squeezes the model; #c c puts the niddle on the; #C C removes the model from the pin; #c c puts the niddle on the"
    },
    {
        "Video Name": "7a8cd905-114c-430d-b058-0a0b8a4d0111",
        "Start Frame": 2520,
        "End Frame": 2640,
        "Caption": "#c c picks a niddle from the; #c c picks a niddle from the; #C C cuts the model; #c c puts the niddle on the; #c c puts the niddle on the"
    },
    {
        "Video Name": "7a8cd905-114c-430d-b058-0a0b8a4d0111",
        "Start Frame": 2640,
        "End Frame": 2760,
        "Caption": "#c c puts the niddle on the; #C C applies the glue on the model; #c c puts the niddle on the; #c c makes hole on the mould; #c c puts the niddle on unsure"
    },
    {
        "Video Name": "7a8cd905-114c-430d-b058-0a0b8a4d0111",
        "Start Frame": 2760,
        "End Frame": 2880,
        "Caption": "#c c puts the niddle on the table; #c c puts the niddle on the table; #c c puts the mould in unsure on the; #C C stitches the model; #c c puts the niddle on the table"
    },
    {
        "Video Name": "7a8cd905-114c-430d-b058-0a0b8a4d0111",
        "Start Frame": 2880,
        "End Frame": 3000,
        "Caption": "#C C dips the model in the glue; #c c picks the mould from the table; #c c puts the mould on top of the; #c c cuts the clay from the mold; #C C cuts the model"
    },
    {
        "Video Name": "7a8cd905-114c-430d-b058-0a0b8a4d0111",
        "Start Frame": 3000,
        "End Frame": 3120,
        "Caption": "#c c presses the mould; #c c cuts clay from the mould; #c c puts the mould on top of; #c c removes the shaped model from the; #C C places the model on the table"
    },
    {
        "Video Name": "7a8cd905-114c-430d-b058-0a0b8a4d0111",
        "Start Frame": 3120,
        "End Frame": 3240,
        "Caption": "#C C molds the model; #C C dips the model in the; #c c wipes the hands with the; #c c pours unsure on the; #C C rubs the clay"
    },
    {
        "Video Name": "7a8cd905-114c-430d-b058-0a0b8a4d0111",
        "Start Frame": 3240,
        "End Frame": 3360,
        "Caption": "#c c moulds the clay; #c c rolls the mould; #c c squeezes the mould; #c c rolls the mould in the; #C C rolls the model"
    },
    {
        "Video Name": "7a8cd905-114c-430d-b058-0a0b8a4d0111",
        "Start Frame": 3360,
        "End Frame": 3480,
        "Caption": "#c c rolls the mould; #C C rolls the model; #c c picks a niddle from the; #c c picks a niddle from the; #c c puts the mould on the table"
    },
    {
        "Video Name": "7a8cd905-114c-430d-b058-0a0b8a4d0111",
        "Start Frame": 3480,
        "End Frame": 3600,
        "Caption": "#c c puts the mould on top of another; #c c puts the mould on top of the; #C C picks the model; #C C pours the liquid on the table; #C C puts the model on the table"
    },
    {
        "Video Name": "7a8cd905-114c-430d-b058-0a0b8a4d0111",
        "Start Frame": 3600,
        "End Frame": 3720,
        "Caption": "#C C dips the pin on the water; #c c continues trimming the mould; #C C places the knife on the table; #c c picks the niddle from the; #c c picks a niddle from the"
    },
    {
        "Video Name": "7a8cd905-114c-430d-b058-0a0b8a4d0111",
        "Start Frame": 3720,
        "End Frame": 3840,
        "Caption": "#c c picks a niddle from the table; #c c picks a niddle from the table; #c c puts the niddle on the table; #c c puts the niddle on unsure; #c c makes holes on the mould using a n"
    },
    {
        "Video Name": "7a8cd905-114c-430d-b058-0a0b8a4d0111",
        "Start Frame": 3840,
        "End Frame": 3960,
        "Caption": "#c c puts the niddle on top of the; #c c makes holes on the mould using a n; #c c puts the niddle on the table; #c c puts the niddle on the table; #C C cuts the model"
    },
    {
        "Video Name": "7a8cd905-114c-430d-b058-0a0b8a4d0111",
        "Start Frame": 3960,
        "End Frame": 4080,
        "Caption": "#C C picks the model; #c c puts the mould on top of another; #c c puts the mould on the table; #c c puts the mould on top of the; #c c continues pilling the mould"
    },
    {
        "Video Name": "7a8cd905-114c-430d-b058-0a0b8a4d0111",
        "Start Frame": 4080,
        "End Frame": 4200,
        "Caption": "#c c puts the mould on top of; #c c puts the mould on top of; #c c continues trimming the mould; #c c puts the mould on top of; #c c puts the mould on top of"
    },
    {
        "Video Name": "7a8cd905-114c-430d-b058-0a0b8a4d0111",
        "Start Frame": 4200,
        "End Frame": 4320,
        "Caption": "#c c wipes the face with the; #c c puts the knife on the; #C C holds the table; #c c puts the knife down; #c c puts the knife on the"
    },
    {
        "Video Name": "7a8cd905-114c-430d-b058-0a0b8a4d0111",
        "Start Frame": 4320,
        "End Frame": 4440,
        "Caption": "#c c continues wiping the; #C C picks the bowl; #C C holds the bowl; #C C makes the bowl; #c c wipes the clay"
    },
    {
        "Video Name": "7a8cd905-114c-430d-b058-0a0b8a4d0111",
        "Start Frame": 4440,
        "End Frame": 4560,
        "Caption": "#c c continues pilling the mould; #C C holds the bowl; #c c cuts the mould; #c c puts the mould on top of the; #c c puts the mould on the table"
    },
    {
        "Video Name": "7a8cd905-114c-430d-b058-0a0b8a4d0111",
        "Start Frame": 4560,
        "End Frame": 4680,
        "Caption": "#c c takes a mould from the; #c c puts the mould on the; #C C picks the bowl; #c c picks a clay from the; #c c picks a mould from the"
    },
    {
        "Video Name": "7a8cd905-114c-430d-b058-0a0b8a4d0111",
        "Start Frame": 4680,
        "End Frame": 4800,
        "Caption": "#c c cuts the mould; #C C removes the paper from the; #C C takes a wire; #c c puts the mould on the; #c c pours unsure on the"
    },
    {
        "Video Name": "7a8cd905-114c-430d-b058-0a0b8a4d0111",
        "Start Frame": 4800,
        "End Frame": 4920,
        "Caption": "#c c pours the unsure on the table; #c c pours unsure on the table; #C C turns the model; #C C puts the piece of paper on the; #c c removes the mould from the paper"
    },
    {
        "Video Name": "7a8cd905-114c-430d-b058-0a0b8a4d0111",
        "Start Frame": 4920,
        "End Frame": 5040,
        "Caption": "#c c puts the mould on top of the; #c c wipes the mould with the knife; #c c scratches the mould with the knife; #c c puts the mould on top of another; #C C wipes the bowl"
    },
    {
        "Video Name": "7a8cd905-114c-430d-b058-0a0b8a4d0111",
        "Start Frame": 5040,
        "End Frame": 5160,
        "Caption": "#C C picks the tissue paper; #c c wipes the mould with the bowl; #c c cuts the mould; #C C dips the model in the water; #c c dips the mould in water"
    },
    {
        "Video Name": "7a8cd905-114c-430d-b058-0a0b8a4d0111",
        "Start Frame": 5160,
        "End Frame": 5280,
        "Caption": "#c c pours the liquid on the mould; #c c continues cleaning the mould; #C C wipes the bowl; #c c puts the mould on top of the; #c c cuts the mould with the razor"
    },
    {
        "Video Name": "7a8cd905-114c-430d-b058-0a0b8a4d0111",
        "Start Frame": 5280,
        "End Frame": 5400,
        "Caption": "#C C wipes the bowl; #c c cuts the mould with the; #c c removes the mould from the; #C C dips the knife in the; #C C wipes the bowl"
    }
]