[
    {
        "Video Name": "7ba34dd0-aa19-49ae-9bb9-81247f21e39e",
        "Start Frame": 0,
        "End Frame": 120,
        "Caption": "#C C puts dough on the dough machine; #C C puts the dough in the machine ; #C C stretches the rolled dough with both hands; #C C folds the dough with both hands.; #C C places the dough on his left hand"
    },
    {
        "Video Name": "7ba34dd0-aa19-49ae-9bb9-81247f21e39e",
        "Start Frame": 120,
        "End Frame": 240,
        "Caption": "#C C puts dough on the dough; #C C puts the dough in the; #C C puts dough in the dough; #C C places the dough on the; #C C puts the dough in the"
    },
    {
        "Video Name": "7ba34dd0-aa19-49ae-9bb9-81247f21e39e",
        "Start Frame": 240,
        "End Frame": 360,
        "Caption": "#C C places the dough on his right hand; #C C puts dough in the dough roller; #C C holds the rolled dough with both hands; #C C rolls dough with both hands; #C C pulls the dough"
    },
    {
        "Video Name": "7ba34dd0-aa19-49ae-9bb9-81247f21e39e",
        "Start Frame": 360,
        "End Frame": 480,
        "Caption": "#C C removes the dough from the machine; #C C puts dough in the machine; #C C takes out the dough from the dough molder with his left hand.; #C C removes the dough from the dough fondant sheeter with his right hand; #C C picks dough from the dough roller with his right hand."
    },
    {
        "Video Name": "7ba34dd0-aa19-49ae-9bb9-81247f21e39e",
        "Start Frame": 480,
        "End Frame": 600,
        "Caption": "#C C picks the dough; #C C folds the rolled dough on the rolling surface with both hands.; #C C puts the dough on the dough roller; #C C takes a dough from the dough sheeter with his right hand.; #C C puts dough on the dough molder machine"
    },
    {
        "Video Name": "7ba34dd0-aa19-49ae-9bb9-81247f21e39e",
        "Start Frame": 600,
        "End Frame": 720,
        "Caption": "#C C puts dough in the machine; #C C takes the dough from the roller machine with his right hand; #C C picks the dough; #C C picks dough from the machine; #c c take dough"
    },
    {
        "Video Name": "7ba34dd0-aa19-49ae-9bb9-81247f21e39e",
        "Start Frame": 720,
        "End Frame": 840,
        "Caption": "#C C puts the rolled dough on the rolling base of the dough fondant sheeter with his right hand; #C C puts the dough on the dough roller; #C C puts the dough in the machine; #C C picks the dough from the dough roller with his right hand.; #C C puts the dough on the machine "
    },
    {
        "Video Name": "7ba34dd0-aa19-49ae-9bb9-81247f21e39e",
        "Start Frame": 840,
        "End Frame": 960,
        "Caption": "#C C folds the dough; #C C stretches dough; #C C holds the dough with his hands; #C C picks the dough; #C C folds the dough on the rolling base"
    },
    {
        "Video Name": "7ba34dd0-aa19-49ae-9bb9-81247f21e39e",
        "Start Frame": 960,
        "End Frame": 1080,
        "Caption": "#C C puts dough on dough machine; #C C folds the dough on the dough sheeter with both hands; #C C puts dough in the dough roller; #C C picks a dough from the dough roller with his left hand; #C C puts the dough on the dough roller"
    },
    {
        "Video Name": "7ba34dd0-aa19-49ae-9bb9-81247f21e39e",
        "Start Frame": 1080,
        "End Frame": 1200,
        "Caption": "#c c puts dough on the machine; #C C puts dough on the dough roller; #C C puts dough on the machine; #C C puts dough in the machine; #C C puts dough on the dough molder"
    },
    {
        "Video Name": "7ba34dd0-aa19-49ae-9bb9-81247f21e39e",
        "Start Frame": 1200,
        "End Frame": 1320,
        "Caption": "#C C puts the dough on the machine; #C C takes the dough roller; #C C removes the dough roller from the dough sheeter with his right hand; #C C holds the machine; #C C holds the machine"
    },
    {
        "Video Name": "7ba34dd0-aa19-49ae-9bb9-81247f21e39e",
        "Start Frame": 1320,
        "End Frame": 1440,
        "Caption": "#C C puts dough in the machine; #C C puts the dough on the; #C C puts dough on the machine; #C C puts dough on the dough; #C C picks dough from the dough"
    },
    {
        "Video Name": "7ba34dd0-aa19-49ae-9bb9-81247f21e39e",
        "Start Frame": 1440,
        "End Frame": 1560,
        "Caption": "#C C puts the dough on the dough rolling; #C C puts the dough on the dough roller; #C C puts the dough on the dough rolling; #C C puts the dough on the machine ; #C C puts the dough on the dough rolling"
    },
    {
        "Video Name": "7ba34dd0-aa19-49ae-9bb9-81247f21e39e",
        "Start Frame": 1560,
        "End Frame": 1680,
        "Caption": "#C C puts dough on the table ; #C C picks dough from a dough she; #C C picks a dough; #C C picks a dough; #C C picks the dough from the rack"
    },
    {
        "Video Name": "7ba34dd0-aa19-49ae-9bb9-81247f21e39e",
        "Start Frame": 1680,
        "End Frame": 1800,
        "Caption": "#C C puts dough in the dough roller machine ; #C C puts dough in the dough roller; #C C puts dough in a dough roller; #C C places dough on the dough roller; #C C puts the dough in the dough roller machine"
    },
    {
        "Video Name": "7ba34dd0-aa19-49ae-9bb9-81247f21e39e",
        "Start Frame": 1800,
        "End Frame": 1920,
        "Caption": "#C C puts the dough on the machine; #C C takes dough from the dough roller with his right hand; #C C picks dough; #C C takes dough from the machine; #C C takes the dough"
    },
    {
        "Video Name": "7ba34dd0-aa19-49ae-9bb9-81247f21e39e",
        "Start Frame": 1920,
        "End Frame": 2040,
        "Caption": "#C C puts dough on the dough roller; #C C puts the dough on the dough; #C C puts dough on the machine; #C C puts dough on the dough roller; #C C puts the dough on the dough"
    },
    {
        "Video Name": "7ba34dd0-aa19-49ae-9bb9-81247f21e39e",
        "Start Frame": 2040,
        "End Frame": 2160,
        "Caption": "#C C takes the dough from the dough sheeter with both hands; #C C stretches the dough ; #C C separates the doughs with his hands.; #C C takes the dough ; #C C holds the dough with both hands."
    },
    {
        "Video Name": "7ba34dd0-aa19-49ae-9bb9-81247f21e39e",
        "Start Frame": 2160,
        "End Frame": 2280,
        "Caption": "#C C takes the dough from the dough sheeter with his right hand.; #C C puts the dough on both hands; #C C picks the dough; #C C picks the dough from the machine; #C C holds the dough with both hands.\n"
    },
    {
        "Video Name": "7ba34dd0-aa19-49ae-9bb9-81247f21e39e",
        "Start Frame": 2280,
        "End Frame": 2400,
        "Caption": "#C C puts the dough in the machine; #C C puts dough on the dough roller machine; #C C picks dough from the dough machine; #C C picks dough; #C C puts dough in the dough molder"
    },
    {
        "Video Name": "7ba34dd0-aa19-49ae-9bb9-81247f21e39e",
        "Start Frame": 2400,
        "End Frame": 2520,
        "Caption": "#C C takes the dough ; #C C holds the dough; #C C picks dough; #C C picks the dough; #C C takes a dough from the"
    },
    {
        "Video Name": "7ba34dd0-aa19-49ae-9bb9-81247f21e39e",
        "Start Frame": 2520,
        "End Frame": 2640,
        "Caption": "#C C picks a dough; #C C puts dough on the dough machine; #C C puts the dough on the machine; #C C puts dough on the dough mold; #C C puts dough on the machine"
    },
    {
        "Video Name": "7ba34dd0-aa19-49ae-9bb9-81247f21e39e",
        "Start Frame": 2640,
        "End Frame": 2760,
        "Caption": "#C C puts the dough on the; #C C puts the dough on the; #C C puts the dough on the; #C C puts dough in the roller; #C C puts the dough on the"
    },
    {
        "Video Name": "7ba34dd0-aa19-49ae-9bb9-81247f21e39e",
        "Start Frame": 2760,
        "End Frame": 2880,
        "Caption": "#C C picks up the dough; #C C puts dough on the dough machine; #C C picks the dough from the dough roller with his right hand; #C C picks the dough from the machine; #C C takes the dough"
    },
    {
        "Video Name": "7ba34dd0-aa19-49ae-9bb9-81247f21e39e",
        "Start Frame": 2880,
        "End Frame": 3000,
        "Caption": "#C C picks the dough; #C C takes the dough ; #C C places dough on the dough roller; #C C picks dough from the dough molder; #C C picks the rolled dough from the back of the dough fondant sheeter with his left hand"
    },
    {
        "Video Name": "7ba34dd0-aa19-49ae-9bb9-81247f21e39e",
        "Start Frame": 3000,
        "End Frame": 3120,
        "Caption": "#C C puts the dough in the roller machine with his right hand.; #C C puts the dough on the machine; #C C puts the rolled dough on the dough roller with his right hand; #C C puts the dough in the roller machine; #C C puts the rolled dough on the dough roller with his right hand"
    },
    {
        "Video Name": "7ba34dd0-aa19-49ae-9bb9-81247f21e39e",
        "Start Frame": 3120,
        "End Frame": 3240,
        "Caption": "#C C puts the dough on the machine ; #C C stretches the rolled dough on the rolling surface with his hands.; #C C picks the dough from the roller machine with both hands.; #C C stretches the rolled dough on the rolling base of the dough fondant sheeter with his hands; #C C adjusts the dough on the rack of the dough fondant sheeter with his right hand."
    },
    {
        "Video Name": "7ba34dd0-aa19-49ae-9bb9-81247f21e39e",
        "Start Frame": 3240,
        "End Frame": 3360,
        "Caption": "#C C cuts the dough; #C C picks a piece of; #C C picks the dough; #C C folds the rolled dough; #C C puts dough on dough"
    },
    {
        "Video Name": "7ba34dd0-aa19-49ae-9bb9-81247f21e39e",
        "Start Frame": 3360,
        "End Frame": 3480,
        "Caption": "#C C puts the dough on the machine; #C C puts dough on dough sheeter; #C C picks the rolled dough; #C C puts dough on the dough roller; #C C picks the dough"
    },
    {
        "Video Name": "7ba34dd0-aa19-49ae-9bb9-81247f21e39e",
        "Start Frame": 3480,
        "End Frame": 3600,
        "Caption": "#C C holds a; #C C carries the; #C C picks the; #C C picks the; #C C holds dough"
    },
    {
        "Video Name": "7ba34dd0-aa19-49ae-9bb9-81247f21e39e",
        "Start Frame": 3600,
        "End Frame": 3720,
        "Caption": "#C C moves the right hand ; #C C cuts a piece of the dough; #C C looks around the bakery; #C C picks the cut piece of dough from the table; #C C folds the sheet"
    },
    {
        "Video Name": "7ba34dd0-aa19-49ae-9bb9-81247f21e39e",
        "Start Frame": 3720,
        "End Frame": 3840,
        "Caption": "#C C looks around the bakery ; #O man Y puts the tray on the; #C C looks around; #C C looks around the kitchen ; #C C walks around the room"
    },
    {
        "Video Name": "7ba34dd0-aa19-49ae-9bb9-81247f21e39e",
        "Start Frame": 3840,
        "End Frame": 3960,
        "Caption": "#C C looks around; #O A man X picks a tray on the; #O person Y puts dough on the table ; #C C picks the tissue paper; #O man A holds a container with his right"
    },
    {
        "Video Name": "7ba34dd0-aa19-49ae-9bb9-81247f21e39e",
        "Start Frame": 3960,
        "End Frame": 4080,
        "Caption": "#O The man Y touches the dough on the table with his left hand; #C C looks at man X; #C C looks at man Z; #O a man X puts dough in the dough tray; #O person A puts a tray in the shelf "
    },
    {
        "Video Name": "7ba34dd0-aa19-49ae-9bb9-81247f21e39e",
        "Start Frame": 4080,
        "End Frame": 4200,
        "Caption": "#O The man Y puts the dough on the table with his right hand; #O a man X picks the dough; #O the man X picks a cloth from the table with his right hand; #O a man X puts dough on the table; #O A man X takes the flour "
    },
    {
        "Video Name": "7ba34dd0-aa19-49ae-9bb9-81247f21e39e",
        "Start Frame": 4200,
        "End Frame": 4320,
        "Caption": "#C C picks dough; #O The man X picks a dough from the table with his right hand; #O The man X holds the dough with both hands.; #O The man X holds dough with both hands.; #O The man X carries the dough from the table with both hands."
    },
    {
        "Video Name": "7ba34dd0-aa19-49ae-9bb9-81247f21e39e",
        "Start Frame": 4320,
        "End Frame": 4440,
        "Caption": "#C C puts dough on the machine; #C C puts the dough on the machine; #C C puts dough on the machine; #C C puts the dough in the machine; #C C puts the dough on the dough cutting"
    },
    {
        "Video Name": "7ba34dd0-aa19-49ae-9bb9-81247f21e39e",
        "Start Frame": 4440,
        "End Frame": 4560,
        "Caption": "#C C rolls dough; #C C folds the dough; #C C puts dough in the dough molder; #C C picks a piece of dough; #C C picks dough from the dough sheeter"
    },
    {
        "Video Name": "7ba34dd0-aa19-49ae-9bb9-81247f21e39e",
        "Start Frame": 4560,
        "End Frame": 4680,
        "Caption": "#C C puts the dough on the dough rolling area; #C C puts the rolled dough on the dough roller with both hands.; #C C puts dough on the dough roller; #C C puts the dough on the machine; #C C folds the dough on the machine"
    },
    {
        "Video Name": "7ba34dd0-aa19-49ae-9bb9-81247f21e39e",
        "Start Frame": 4680,
        "End Frame": 4800,
        "Caption": "#C C places dough on the machine; #C C picks the dough from the dough fondant sheeter with his right hand; #C C picks a piece of dough from the dough sheeter with his right hand; #C C puts the dough in the machine; #C C puts the dough in the machine"
    },
    {
        "Video Name": "7ba34dd0-aa19-49ae-9bb9-81247f21e39e",
        "Start Frame": 4800,
        "End Frame": 4920,
        "Caption": "#C C looks around the room; #C C walks around the bakery; #C C walks in the kitchen; #C C puts dough on the table; #C C puts the dough on the"
    },
    {
        "Video Name": "7ba34dd0-aa19-49ae-9bb9-81247f21e39e",
        "Start Frame": 4920,
        "End Frame": 5040,
        "Caption": "#C C holds the machine; #C C adjusts dough machine; #c c turns on dough she; #C C touches dough; #C C touches the dough"
    },
    {
        "Video Name": "7ba34dd0-aa19-49ae-9bb9-81247f21e39e",
        "Start Frame": 5040,
        "End Frame": 5160,
        "Caption": "#C C picks dough; #C C picks dough; #C C removes dough from the dough cutter; #C C cuts dough with hand; #C C takes flour from the dough mixing"
    },
    {
        "Video Name": "7ba34dd0-aa19-49ae-9bb9-81247f21e39e",
        "Start Frame": 5160,
        "End Frame": 5280,
        "Caption": "#C C picks the; #C C picks dough; #C C picks dough; #c c pick the; #c c pick the"
    },
    {
        "Video Name": "7ba34dd0-aa19-49ae-9bb9-81247f21e39e",
        "Start Frame": 5280,
        "End Frame": 5400,
        "Caption": "#C C adjusts the machine; #C C holds the machine; #C C operates the dough roller with his right; #C C turns the knob; #C C turns on the dough sheeter machine"
    }
]