[
    {
        "Video Name": "7cccb681-3447-410f-8747-6937d146725c",
        "Start Frame": 0,
        "End Frame": 120,
        "Caption": "#C C moves the rice in the tray; #C C scoops rice from the tray with her right hand; #C C picks rice with her right hand; #C C drops rice grains in a tray; #C C scoops rice from the tray with her right hand"
    },
    {
        "Video Name": "7cccb681-3447-410f-8747-6937d146725c",
        "Start Frame": 120,
        "End Frame": 240,
        "Caption": "#C C drops rice grains in a tray; #C C scoops rice from the tray into the tray with her right hand; #C C puts rice in a tray; #C C  picks rice ; #C C inspects the rice"
    },
    {
        "Video Name": "7cccb681-3447-410f-8747-6937d146725c",
        "Start Frame": 240,
        "End Frame": 360,
        "Caption": "#C C drops rice in tray; #C C scoops rice with her; #C C scoops rice ; #C C drops rice grains in a; #C C picks rice with her right"
    },
    {
        "Video Name": "7cccb681-3447-410f-8747-6937d146725c",
        "Start Frame": 360,
        "End Frame": 480,
        "Caption": "#C C scoops rice with her; #C C spreads rice in a tray; #C C scoops rice in tray; #C C scoops rice ; #C C scoops rice  "
    },
    {
        "Video Name": "7cccb681-3447-410f-8747-6937d146725c",
        "Start Frame": 480,
        "End Frame": 600,
        "Caption": "#C C spreads the rice in the tray with her right; #C C scoops rice ; #C C spreads the rice with her hand; #C C spreads rice on a tray; #C C scoops rice with her hand"
    },
    {
        "Video Name": "7cccb681-3447-410f-8747-6937d146725c",
        "Start Frame": 600,
        "End Frame": 720,
        "Caption": "#C C shakes the winnowing basket; #C C shakes the winnowing basket; #C C stares at the rice; #C C shakes the tray with her right; #C C shakes the rice strainer"
    },
    {
        "Video Name": "7cccb681-3447-410f-8747-6937d146725c",
        "Start Frame": 720,
        "End Frame": 840,
        "Caption": "#C C shakes the rice strainer; #C C shakes the winnowing; #C C shakes the rice strainer; #C C shakes the tray; #C C shakes the tray with both"
    },
    {
        "Video Name": "7cccb681-3447-410f-8747-6937d146725c",
        "Start Frame": 840,
        "End Frame": 960,
        "Caption": "#C C stares at the rice; #C C places the tray in her left hand on the floor; #C C drops the stainless bowl on the floor with her left hand; #C C stares at the rice; #C C looks at the rice "
    },
    {
        "Video Name": "7cccb681-3447-410f-8747-6937d146725c",
        "Start Frame": 960,
        "End Frame": 1080,
        "Caption": "#C C scoops rice from the tray with her right hand; #C C spreads the rice in the tray with her hand; #C C spreads the rice in the tray with her hand; #C C scoops rice from the tray with her right hand; #C C spreads rice in a tray"
    },
    {
        "Video Name": "7cccb681-3447-410f-8747-6937d146725c",
        "Start Frame": 1080,
        "End Frame": 1200,
        "Caption": "#C C spreads the rice   ; #C C scoops rice from the tray with her right; #C C spreads the grains in the tray with her right; #C C spreads the rice with her hand; #C C spreads the rice in the tray"
    },
    {
        "Video Name": "7cccb681-3447-410f-8747-6937d146725c",
        "Start Frame": 1200,
        "End Frame": 1320,
        "Caption": "#C C spreads the rice in the tray; #C C spreads the rice in the tray; #C C scoops rice ; #C C spreads the rice in the tray; #C C spreads the rice"
    },
    {
        "Video Name": "7cccb681-3447-410f-8747-6937d146725c",
        "Start Frame": 1320,
        "End Frame": 1440,
        "Caption": "#C C spreads the rice in the tray ; #C C spreads the grains in the tray with her right hand; #C C spreads the grains in the tray with her right hand; #C C spreads the rice; #C C scoops rice with her hand"
    },
    {
        "Video Name": "7cccb681-3447-410f-8747-6937d146725c",
        "Start Frame": 1440,
        "End Frame": 1560,
        "Caption": "#C C spreads rice on a tray ; #C C spreads the rice in the tray; #C C spreads rice on a tray ; #C C spreads the rice in the tray; #C C spreads the rice on the tray with her"
    },
    {
        "Video Name": "7cccb681-3447-410f-8747-6937d146725c",
        "Start Frame": 1560,
        "End Frame": 1680,
        "Caption": "#C C scoops the rice ; #C C shakes the tray with both hands.; #C C picks up the rice; #C C pours the rice in the tray into the stainless bowl; #C C picks the rice "
    },
    {
        "Video Name": "7cccb681-3447-410f-8747-6937d146725c",
        "Start Frame": 1680,
        "End Frame": 1800,
        "Caption": "#C C stands up; #C C moves the rice strainer.; #C C drops the rice strainer on the floor; #C C turns around; #C C shakes the rice strainer with both hands"
    },
    {
        "Video Name": "7cccb681-3447-410f-8747-6937d146725c",
        "Start Frame": 1800,
        "End Frame": 1920,
        "Caption": "#C C scoops rice  ; #C C spreads the rice in the tray; #C C scoops rice in a tray; #C C spreads the rice in the tray with her right hand; #C C spreads the rice in the tray"
    },
    {
        "Video Name": "7cccb681-3447-410f-8747-6937d146725c",
        "Start Frame": 1920,
        "End Frame": 2040,
        "Caption": "#C C turns the grains in the tray with her right; #C C shakes the rice ; #C C drops rice grains in the tray; #C C shakes the grain in her right hand.; #C C removes the chaff from the rice"
    },
    {
        "Video Name": "7cccb681-3447-410f-8747-6937d146725c",
        "Start Frame": 2040,
        "End Frame": 2160,
        "Caption": "#C C moves the winnowing basket on the floor; #C C puts the tray on the floor.; #C C drops the tray on a sack on the floor; #C C lifts the tray of rice.; #C C places the tray on the floor"
    },
    {
        "Video Name": "7cccb681-3447-410f-8747-6937d146725c",
        "Start Frame": 2160,
        "End Frame": 2280,
        "Caption": "#C C pours the grains in the pot into the; #C C pours the grains into the pot; #C C pours the grains into the pot; #C C pours the grain into the pot; #C C puts the lentils into the pot."
    },
    {
        "Video Name": "7cccb681-3447-410f-8747-6937d146725c",
        "Start Frame": 2280,
        "End Frame": 2400,
        "Caption": "#C C drops the tray on the floor; #C C puts the tray on the floor; #C C picks the tray from the floor; #C C drops the wooden board on the; #C C puts the tray on the floor"
    },
    {
        "Video Name": "7cccb681-3447-410f-8747-6937d146725c",
        "Start Frame": 2400,
        "End Frame": 2520,
        "Caption": "#C C holds the handle of the pot with her left hand; #C C opens the door of a room.; #C C picks up a pot from the floor with her left; #C C holds the pot with both hands.; #C C places the pot on the floor"
    },
    {
        "Video Name": "7cccb681-3447-410f-8747-6937d146725c",
        "Start Frame": 2520,
        "End Frame": 2640,
        "Caption": "#C C pours some water from the pot to her left hand; #C C pours the rice into the pot.; #C C pours rice into the pot.; #C C puts the grains of rice into the pot with her right; #C C pours the rice in the pot."
    },
    {
        "Video Name": "7cccb681-3447-410f-8747-6937d146725c",
        "Start Frame": 2640,
        "End Frame": 2760,
        "Caption": "#C C walks towards a door.; #C C walks towards a door.; #C C drops the container on a floor.; #C C takes some rice from the rice in the container with her right hand; #C C puts the rice in the pot."
    },
    {
        "Video Name": "7cccb681-3447-410f-8747-6937d146725c",
        "Start Frame": 2760,
        "End Frame": 2880,
        "Caption": "#C C walks out of the; #C C walks out of the; #C C walks around the room; #C C walks around the house; #C C walks to the door"
    },
    {
        "Video Name": "7cccb681-3447-410f-8747-6937d146725c",
        "Start Frame": 2880,
        "End Frame": 3000,
        "Caption": "#C C opens the tap; #C C opens the tap with her left hand.; #C C turns off the tap with her right hand; #C C closes the tap with her left hand; #C C opens the tap with her left hand"
    },
    {
        "Video Name": "7cccb681-3447-410f-8747-6937d146725c",
        "Start Frame": 3000,
        "End Frame": 3120,
        "Caption": "#C C picks the pot.; #C C rinses her hand.; #C C dips her right hand in water; #C C pours water from the pot; #C C scoops water with her hand"
    },
    {
        "Video Name": "7cccb681-3447-410f-8747-6937d146725c",
        "Start Frame": 3120,
        "End Frame": 3240,
        "Caption": "#C C rinses the potatoes; #C C washes the potatoes.; #C C washes the potato.; #C C washes the potatoes.; #C C washes the potatoes"
    },
    {
        "Video Name": "7cccb681-3447-410f-8747-6937d146725c",
        "Start Frame": 3240,
        "End Frame": 3360,
        "Caption": "#C C pours the water in the pot.; #C C pours water from the pot.; #C C pours water from pot to the floor; #C C drains water from the pot.; #C C washes the rice."
    },
    {
        "Video Name": "7cccb681-3447-410f-8747-6937d146725c",
        "Start Frame": 3360,
        "End Frame": 3480,
        "Caption": "#C C rinses the pot with the water; #C C pours water on the floor; #C C pours water from the pot on the ground; #C C pours out water from the pot.; #C C fetches water with pot"
    },
    {
        "Video Name": "7cccb681-3447-410f-8747-6937d146725c",
        "Start Frame": 3480,
        "End Frame": 3600,
        "Caption": "#C C pours the water in the plate.; #C C pours some water from the pot on her right; #C C fetches water with the pot; #C C pours water on the bowl; #C C pours water on the floor."
    },
    {
        "Video Name": "7cccb681-3447-410f-8747-6937d146725c",
        "Start Frame": 3600,
        "End Frame": 3720,
        "Caption": "#C C pours water from the pot; #C C drops the cup; #C C pumps water from the pot; #C C pumps water with her right hand; #C C fetches water with pot"
    },
    {
        "Video Name": "7cccb681-3447-410f-8747-6937d146725c",
        "Start Frame": 3720,
        "End Frame": 3840,
        "Caption": "#C C washes the rice.; #C C rinses the grains of rice in the plate; #C C washes the rice.; #C C pours water from the pot into the metal bowl with both; #C C rinses her hand."
    },
    {
        "Video Name": "7cccb681-3447-410f-8747-6937d146725c",
        "Start Frame": 3840,
        "End Frame": 3960,
        "Caption": "#C C washes the rice in the pot; #C C washes her hand; #C C washes the rice; #C C washes the rice.; #C C washes the rice."
    },
    {
        "Video Name": "7cccb681-3447-410f-8747-6937d146725c",
        "Start Frame": 3960,
        "End Frame": 4080,
        "Caption": "#C C rinses her right hand with water from the pot; #C C scoops rice from the pot; #C C scoops water from the bowl.; #C C scoops out the rice from the pot; #C C washes the rice with her hand."
    },
    {
        "Video Name": "7cccb681-3447-410f-8747-6937d146725c",
        "Start Frame": 4080,
        "End Frame": 4200,
        "Caption": "#C C stops moving the hand.; #C C stares around.; #C C stares at the door; #C C looks at the direction of the person P; #C C holds a tap. "
    },
    {
        "Video Name": "7cccb681-3447-410f-8747-6937d146725c",
        "Start Frame": 4200,
        "End Frame": 4320,
        "Caption": "#C C pours the water on her right hand; #C C fetches water with the cup.; #C C pours the water on her left hand; #C C pours the water on the floor.; #C C pours water on the floor"
    },
    {
        "Video Name": "7cccb681-3447-410f-8747-6937d146725c",
        "Start Frame": 4320,
        "End Frame": 4440,
        "Caption": "#C C pours water; #C C rinses the rice.; #C C pours the water in the; #C C drains water from the food flask; #C C drains water from the pot."
    },
    {
        "Video Name": "7cccb681-3447-410f-8747-6937d146725c",
        "Start Frame": 4440,
        "End Frame": 4560,
        "Caption": "#C C turns off the tap with her left hand; #C C closes the tap; #C C rinses the lid with water from the tap; #C C closes the tap; #C C pours water from the pot"
    },
    {
        "Video Name": "7cccb681-3447-410f-8747-6937d146725c",
        "Start Frame": 4560,
        "End Frame": 4680,
        "Caption": "#C C closes the tap; #C C fetches water from the tap; #C C pours water in the sink; #C C pumps water with her right hand; #C C fetches water with the pot"
    },
    {
        "Video Name": "7cccb681-3447-410f-8747-6937d146725c",
        "Start Frame": 4680,
        "End Frame": 4800,
        "Caption": "#C C pumps some water; #C C closes the tap.; #C C pumps water into the pot.; #C C pumps water.; #C C pumps water into the pot with her right"
    },
    {
        "Video Name": "7cccb681-3447-410f-8747-6937d146725c",
        "Start Frame": 4800,
        "End Frame": 4920,
        "Caption": "#C C walks towards the kitchen; #C C walks away from the; #C C walks towards the kitchen; #C C walks in the kitchen; #C C walks around the kitchen"
    },
    {
        "Video Name": "7cccb681-3447-410f-8747-6937d146725c",
        "Start Frame": 4920,
        "End Frame": 5040,
        "Caption": "#C C walks towards a gas cylinder; #C C walks back into the kitchen; #C C walks to the kitchen.; #C C walks into another room; #C C walks to the kitchen."
    },
    {
        "Video Name": "7cccb681-3447-410f-8747-6937d146725c",
        "Start Frame": 5040,
        "End Frame": 5160,
        "Caption": "#C C drops the pot on the gas stove; #C C places the pot on the table.; #C C drops pot on the cooker.; #C C puts the pot on the stove.; #C C puts the pot on the stove."
    },
    {
        "Video Name": "7cccb681-3447-410f-8747-6937d146725c",
        "Start Frame": 5160,
        "End Frame": 5280,
        "Caption": "#C C adjusts the camera; #C C looks around.; #C C holds a phone with her right hand; #C C puts the phone in her pocket with her right hand; #C C stands in the kitchen"
    },
    {
        "Video Name": "7cccb681-3447-410f-8747-6937d146725c",
        "Start Frame": 5280,
        "End Frame": 5400,
        "Caption": "#C C lights the matchstick with the matchbox ; #C C lights the matchstick.; #C C lights the matchstick on the gas cooker with her right hand; #C C lights the match box with the match stick in her right hand; #C C lights up the matchstick with her right hand."
    }
]