[
    {
        "Video Name": "81ba0fd6-cc69-410d-9e2d-8317fd22cce8",
        "Start Frame": 0,
        "End Frame": 120,
        "Caption": "#C C picks a sack from the floor with both hands; #C C takes flour from the bag with a measuring cup; #C C opens the sack with both hands. ; #C C opens the paper bag ; #C C opens the packet of dough"
    },
    {
        "Video Name": "81ba0fd6-cc69-410d-9e2d-8317fd22cce8",
        "Start Frame": 120,
        "End Frame": 240,
        "Caption": "#C C looks around the; #C C looks at the; #C C looks around; #C C looks around; #C C looks around"
    },
    {
        "Video Name": "81ba0fd6-cc69-410d-9e2d-8317fd22cce8",
        "Start Frame": 240,
        "End Frame": 360,
        "Caption": "#C C looks around the room; #C C takes a flour scoop from the plastic container with his right hand.; #C C turns to the left; #C C walks towards a shelf.; #C C moves towards the mixer"
    },
    {
        "Video Name": "81ba0fd6-cc69-410d-9e2d-8317fd22cce8",
        "Start Frame": 360,
        "End Frame": 480,
        "Caption": "#C C takes a bucket from the floor.; #C C picks a bucket from the ground with his right hand; #C C picks a bucket; #C C takes the bucket.; #C C picks up the bucket of dough"
    },
    {
        "Video Name": "81ba0fd6-cc69-410d-9e2d-8317fd22cce8",
        "Start Frame": 480,
        "End Frame": 600,
        "Caption": "#C C walks around the kitchen; #C C looks at the dough mixer; #C C picks the bucket; #C C walks to the dough mixer; #C C walks to the table."
    },
    {
        "Video Name": "81ba0fd6-cc69-410d-9e2d-8317fd22cce8",
        "Start Frame": 600,
        "End Frame": 720,
        "Caption": "#C C walks around; #C C walks around the bakery ; #C C walks towards the dough mixer; #C C walks towards the dough mixer; #C C walks around"
    },
    {
        "Video Name": "81ba0fd6-cc69-410d-9e2d-8317fd22cce8",
        "Start Frame": 720,
        "End Frame": 840,
        "Caption": "#C C moves the bowl on the table with his left hand.; #C C operates the scale.; #C C turns the flour into a bowl.; #C C picks the bowl of flour from the table with his left hand; #C C picks a dough cutter from the table"
    },
    {
        "Video Name": "81ba0fd6-cc69-410d-9e2d-8317fd22cce8",
        "Start Frame": 840,
        "End Frame": 960,
        "Caption": "#C C sprinkles flour on the table.; #C C picks up the flour; #C C presses a button on the table with his right hand; #C C picks flour from the table; #C C touches the weighing scale."
    },
    {
        "Video Name": "81ba0fd6-cc69-410d-9e2d-8317fd22cce8",
        "Start Frame": 960,
        "End Frame": 1080,
        "Caption": "#C C picks the flour; #C C picks up the packet of baking powder from the table.; #C C picks the pack of flour from the table with his left hand; #C C picks up the packet of flour; #C C drops the sachet of flour on the table. "
    },
    {
        "Video Name": "81ba0fd6-cc69-410d-9e2d-8317fd22cce8",
        "Start Frame": 1080,
        "End Frame": 1200,
        "Caption": "#C C pours flour from the bowl of flour into the measuring cup.; #C C pours flour on the weighing scale; #C C pours flour from the bag of flour in his left hand into the sieve; #C C pours the flour in the bucket ; #C  C pours the flour in his right hand into the bucket on the scale."
    },
    {
        "Video Name": "81ba0fd6-cc69-410d-9e2d-8317fd22cce8",
        "Start Frame": 1200,
        "End Frame": 1320,
        "Caption": "#C C walks around the kitchen; #C C walks around the bakery; #C C walks around; #C  C walks around the kitchen; #C C walks towards a shelf."
    },
    {
        "Video Name": "81ba0fd6-cc69-410d-9e2d-8317fd22cce8",
        "Start Frame": 1320,
        "End Frame": 1440,
        "Caption": "#C C puts the paper bag in the dustbin ; #C C puts the sack on the floor.; #C C throws the bag on the floor ; #C C drops the pack of flour on the floor.; #C C drops the bag of flour on the floor."
    },
    {
        "Video Name": "81ba0fd6-cc69-410d-9e2d-8317fd22cce8",
        "Start Frame": 1440,
        "End Frame": 1560,
        "Caption": "#C C puts the jug in the sink; #C C holds the jug with right hand; #C C touches the jug ; #C C picks the jug ; #C C picks a jug"
    },
    {
        "Video Name": "81ba0fd6-cc69-410d-9e2d-8317fd22cce8",
        "Start Frame": 1560,
        "End Frame": 1680,
        "Caption": "#C C removes the jug from the sink; #C C takes water from the jug; #C C touches the jug; #C C moves towards the mixer; #C C turns around"
    },
    {
        "Video Name": "81ba0fd6-cc69-410d-9e2d-8317fd22cce8",
        "Start Frame": 1680,
        "End Frame": 1800,
        "Caption": "#C C pours water into the dough mixer.; #C C pours water in the dough mixer; #C C pours water from the jug into the mixer.; #C C pours water in the dough mixer; #C C pours water from the jug into the dough mixer with his right hand"
    },
    {
        "Video Name": "81ba0fd6-cc69-410d-9e2d-8317fd22cce8",
        "Start Frame": 1800,
        "End Frame": 1920,
        "Caption": "#C C pours water from the jug into the mixer; #C C pours water from the jug into the mixer; #C C pours water into the dough mixer.; #C C pours water in the dough mixer; #C C pours water in the dough mixer "
    },
    {
        "Video Name": "81ba0fd6-cc69-410d-9e2d-8317fd22cce8",
        "Start Frame": 1920,
        "End Frame": 2040,
        "Caption": "#C C pours water from the jug into the mixer; #C C pours water in dough mixer machine; #C C pours water in the dough mixer ; #C C pours water in the dough mixer; #C C pours water from the jug into the mixer"
    },
    {
        "Video Name": "81ba0fd6-cc69-410d-9e2d-8317fd22cce8",
        "Start Frame": 2040,
        "End Frame": 2160,
        "Caption": "#C C walks towards the mixer; #C C walks to the left; #C C pours water from the jug into the mixer; #C C looks at the mixer; #C C walks around"
    },
    {
        "Video Name": "81ba0fd6-cc69-410d-9e2d-8317fd22cce8",
        "Start Frame": 2160,
        "End Frame": 2280,
        "Caption": "#C C looks at the dough mixer ; #C C looks at the mixer ; #C C holds the dough mixer machine; #C C pours water from the jug into the mixer; #C C puts mixer on"
    },
    {
        "Video Name": "81ba0fd6-cc69-410d-9e2d-8317fd22cce8",
        "Start Frame": 2280,
        "End Frame": 2400,
        "Caption": "#C C holds dough mixer; #C C holds dough mixer; #C C holds the mixer; #C C moves the jug of dough in the; #C C puts on the mixer"
    },
    {
        "Video Name": "81ba0fd6-cc69-410d-9e2d-8317fd22cce8",
        "Start Frame": 2400,
        "End Frame": 2520,
        "Caption": "#C C stares at the dough; #C C holds the mixer; #C C turns on the mixer; #C C puts on the mixer; #C C holds mixer"
    },
    {
        "Video Name": "81ba0fd6-cc69-410d-9e2d-8317fd22cce8",
        "Start Frame": 2520,
        "End Frame": 2640,
        "Caption": "#C C looks around ; #C C looks around the kitchen; #C C walks towards the mixer; #C C walks around the kitchen; #C C looks around"
    },
    {
        "Video Name": "81ba0fd6-cc69-410d-9e2d-8317fd22cce8",
        "Start Frame": 2640,
        "End Frame": 2760,
        "Caption": "#C C walks around the kitchen; #C C walks to the dough; #C C moves around the kitchen; #C C walks in the kitchen; #C C walks around the kitchen"
    },
    {
        "Video Name": "81ba0fd6-cc69-410d-9e2d-8317fd22cce8",
        "Start Frame": 2760,
        "End Frame": 2880,
        "Caption": "#C C walks around the room; #C C looks around the bakery; #C C picks a dough cutter; #C C looks around the bakery; #C C Looks around a room"
    },
    {
        "Video Name": "81ba0fd6-cc69-410d-9e2d-8317fd22cce8",
        "Start Frame": 2880,
        "End Frame": 3000,
        "Caption": "#C C turns the mixer knob with his right hand; #C C presses the mixer; #C C puts the mixer on the table ; #C C turns on the mixer ; #C C turns on the mixer"
    },
    {
        "Video Name": "81ba0fd6-cc69-410d-9e2d-8317fd22cce8",
        "Start Frame": 3000,
        "End Frame": 3120,
        "Caption": "#C C looks around; #C C looks around; #C C looks around the bakery; #C C turns on the dough mixer; #C C walks around the kitchen"
    },
    {
        "Video Name": "81ba0fd6-cc69-410d-9e2d-8317fd22cce8",
        "Start Frame": 3120,
        "End Frame": 3240,
        "Caption": "#C C turns the knob on the mixer with his right hand; #C C stares at the dough mixer; #C C looks at the dough mixer ; #C C holds the dough mixer; #C C looks around "
    },
    {
        "Video Name": "81ba0fd6-cc69-410d-9e2d-8317fd22cce8",
        "Start Frame": 3240,
        "End Frame": 3360,
        "Caption": "#C C looks at the mixer ; #C C looks at the mixer; #C C looks at the dough mixer; #C C stares at the dough mixer; #C C holds mixer machine"
    },
    {
        "Video Name": "81ba0fd6-cc69-410d-9e2d-8317fd22cce8",
        "Start Frame": 3360,
        "End Frame": 3480,
        "Caption": "#C C adds some flour in the mixing bowl with his right hand; #C C looks at the dough mixer ; #C C holds dough; #C C puts the mixer on; #C C pours the flour in the dough mixer"
    },
    {
        "Video Name": "81ba0fd6-cc69-410d-9e2d-8317fd22cce8",
        "Start Frame": 3480,
        "End Frame": 3600,
        "Caption": "#C C looks at the mixer ; #C C puts the bowl under the mixer with his right hand; #C C turns knob; #C C puts dough in the dough mixer; #C C holds the mixer"
    },
    {
        "Video Name": "81ba0fd6-cc69-410d-9e2d-8317fd22cce8",
        "Start Frame": 3600,
        "End Frame": 3720,
        "Caption": "#C C holds the dough mixer; #C C presses the dough mixer; #C C presses the dough mixer; #C C turns on the mixer; #C C stands besides the dough"
    },
    {
        "Video Name": "81ba0fd6-cc69-410d-9e2d-8317fd22cce8",
        "Start Frame": 3720,
        "End Frame": 3840,
        "Caption": "#C C pours the water in the dough; #C C pours water in dough mixer; #C C looks at the dough ; #C C holds the mixer; #C C pours water on dough"
    },
    {
        "Video Name": "81ba0fd6-cc69-410d-9e2d-8317fd22cce8",
        "Start Frame": 3840,
        "End Frame": 3960,
        "Caption": "#C C looks around; #C C turns around; #C C walks around the kitchen; #C C turns around; #C C walks to the table"
    },
    {
        "Video Name": "81ba0fd6-cc69-410d-9e2d-8317fd22cce8",
        "Start Frame": 3960,
        "End Frame": 4080,
        "Caption": "#C C takes the broom ; #C C picks up a sieve from the table with his right hand; #C C walks to the table; #C C walks in the kitchen; #C C picks a wooden stand"
    },
    {
        "Video Name": "81ba0fd6-cc69-410d-9e2d-8317fd22cce8",
        "Start Frame": 4080,
        "End Frame": 4200,
        "Caption": "#C C picks up the scrapper.; #C C takes flour from the table with his right hand.; #C C puts the bench scrapper on the table.; #C C picks a scrapper; #C C dusts flour on the table with his right hand"
    },
    {
        "Video Name": "81ba0fd6-cc69-410d-9e2d-8317fd22cce8",
        "Start Frame": 4200,
        "End Frame": 4320,
        "Caption": "#C C takes flour from the table with his right hand. ; #C C picks a wooden scrapper from the table with his right hand; #C C picks flour from the table.; #C C wipes the table with his hand.; #C C picks flour from the table with his right hand. "
    },
    {
        "Video Name": "81ba0fd6-cc69-410d-9e2d-8317fd22cce8",
        "Start Frame": 4320,
        "End Frame": 4440,
        "Caption": "#C C sprinkles flour on the table.; #C C sprinkles flour on the table with his right hand; #C C picks flour.; #C C sprinkles flour on the table.; #C C takes flour from the table with his right hand."
    },
    {
        "Video Name": "81ba0fd6-cc69-410d-9e2d-8317fd22cce8",
        "Start Frame": 4440,
        "End Frame": 4560,
        "Caption": "#C C walks around the kitchen; #C C walks around the kitchen; #C C walks around the kitchen; #C C walks around the kitchen; #C C walks around the kitchen"
    },
    {
        "Video Name": "81ba0fd6-cc69-410d-9e2d-8317fd22cce8",
        "Start Frame": 4560,
        "End Frame": 4680,
        "Caption": "#C C turns on the mixer; #C C holds a mixer ; #C C presses a button on the mixer; #C C holds the mixer with his left hand; #C C turns on the mixer"
    },
    {
        "Video Name": "81ba0fd6-cc69-410d-9e2d-8317fd22cce8",
        "Start Frame": 4680,
        "End Frame": 4800,
        "Caption": "#C C operates the mixer with his right hand; #C C holds the guard; #C C holds the mixer; #C C turns on the dough mixer ; #C C holds the dough mixer"
    },
    {
        "Video Name": "81ba0fd6-cc69-410d-9e2d-8317fd22cce8",
        "Start Frame": 4800,
        "End Frame": 4920,
        "Caption": "#C C places his right hand on the dough mixer; #C C puts the jug in the sink; #C C places his left hand on the mixer; #C C pours the water in the jug in his right hand into the mixer; #C C turns off the sink tap."
    },
    {
        "Video Name": "81ba0fd6-cc69-410d-9e2d-8317fd22cce8",
        "Start Frame": 4920,
        "End Frame": 5040,
        "Caption": "#C C puts the jug in the sink; #C C puts the jug in the sink; #C C pours water from the jug in to the sink with his right hand; #C C puts the jug in the sink; #C C rinses both hands with water from the jug."
    },
    {
        "Video Name": "81ba0fd6-cc69-410d-9e2d-8317fd22cce8",
        "Start Frame": 5040,
        "End Frame": 5160,
        "Caption": "#C C picks dough from the dough mixer.; #C C touches dough in the mixer.; #C C takes the dough ; #C C touches the dough; #C C adjusts dough in the mixer with both hands"
    },
    {
        "Video Name": "81ba0fd6-cc69-410d-9e2d-8317fd22cce8",
        "Start Frame": 5160,
        "End Frame": 5280,
        "Caption": "#C C picks dough from the dough mixer ; #C C picks dough from the dough mixer; #C C picks dough from the dough mixer; #C C takes a dough from the mixer; #C C carries the dough from the mixer with both hands"
    },
    {
        "Video Name": "81ba0fd6-cc69-410d-9e2d-8317fd22cce8",
        "Start Frame": 5280,
        "End Frame": 5400,
        "Caption": "#C C walks around the kitchen; #C C walks around the kitchen; #C C walks to the mixing; #C C walks to the table; #C C walks to the table"
    }
]