[
    {
        "Video Name": "8345d177-0ed4-4965-8455-bd17d2b42399",
        "Start Frame": 0,
        "End Frame": 120,
        "Caption": "#C C draws  on the fabric on the embroidery hoop with the pen in her right hand.; #C C writes on the cloth ; #C C draws on the fabric on the embroidery hoop in her left hand with the pen in her right hand; #C C sews fabric with a needle; #C C draws on the fabric with the pen in her right hand."
    },
    {
        "Video Name": "8345d177-0ed4-4965-8455-bd17d2b42399",
        "Start Frame": 120,
        "End Frame": 240,
        "Caption": "#C C puts the needle in her right hand in the fabric in her left hand; #C C sews fabric with a needle; #C C sews the fabric with the needle; #C C puts the needle in the fabric; #C C sews fabric with a needle"
    },
    {
        "Video Name": "8345d177-0ed4-4965-8455-bd17d2b42399",
        "Start Frame": 240,
        "End Frame": 360,
        "Caption": "#C C draws on the fabric with the  pen in her right hand.; #C C draws on the fabric on the embroidery hoop with the pen in her right hand.; #C C puts the needle on the fabric with her right hand.; #C C draws on the fabric in the embroidery hoop in her left hand with the needle in her right hand; #C C draws on the fabric on the embroidery hoop with the pen in her right hand."
    },
    {
        "Video Name": "8345d177-0ed4-4965-8455-bd17d2b42399",
        "Start Frame": 360,
        "End Frame": 480,
        "Caption": "#C C draws a line on the fabric with the pen in her right hand.; #C C draws on the fabric; #C C draws on the fabric in the hoop with the pen in her right hand; #C C sews a cloth; #C C draws on the fabric with the pen"
    },
    {
        "Video Name": "8345d177-0ed4-4965-8455-bd17d2b42399",
        "Start Frame": 480,
        "End Frame": 600,
        "Caption": "#C C sews the fabric with the needle; #C C puts the needle on the fabric; #C C passes the needle through the fabric with her right hand.; #C C stitches the fabric with the threaded needle in her right hand.; #C C adjusts the piece of material on her lap with her left hand"
    },
    {
        "Video Name": "8345d177-0ed4-4965-8455-bd17d2b42399",
        "Start Frame": 600,
        "End Frame": 720,
        "Caption": "#C C draws on the fabric in her left hand with the biro in her right hand.; #C C draws on the fabric with the pen in her right hand.; #C C draws on the fabric with the marker in her right hand.; #C C draws on the fabric on the embroidery hoop in her left hand with the pen in her right hand.; #C C draws on the fabric in the embroidery hoop in her left hand with the needle and thread in her right hand"
    },
    {
        "Video Name": "8345d177-0ed4-4965-8455-bd17d2b42399",
        "Start Frame": 720,
        "End Frame": 840,
        "Caption": "#C C draws on the fabric on the embroidery hoop in her left hand with the needle in her right hand; #C C draws  on the fabric with the pen in her right hand.; #C C draws on the fabric in her left hand with the pen in her right hand. ; #C C draws on the fabric in the embroidery hoop in her left hand with the pen in her right hand; #C C draws  on the fabric"
    },
    {
        "Video Name": "8345d177-0ed4-4965-8455-bd17d2b42399",
        "Start Frame": 840,
        "End Frame": 960,
        "Caption": "#C C draws on the fabric in her left hand with the pen in her right hand.; #C C draws on the fabric with the pen in her right hand.; #C C draws on the fabric in her left hand with the pen in her right hand.; #C C draws on the fabric with the pen in her right hand. ; #C C draws on the fabric in her left hand with the biro in her right hand"
    },
    {
        "Video Name": "8345d177-0ed4-4965-8455-bd17d2b42399",
        "Start Frame": 960,
        "End Frame": 1080,
        "Caption": "#C C draws on the fabric in her left hand with the needle and thread in her right hand.; #C C draws on the fabric on the embroidery hoop with the needle in her right hand.; #C C draws on the fabric on the embroidery hoop with the pen in her right hand.; #C C draws on the fabric on the embroidery hoop in her left hand with the pen in her right hand; #C C draws on the fabric in the embroidery hoop with the pen in her right hand."
    },
    {
        "Video Name": "8345d177-0ed4-4965-8455-bd17d2b42399",
        "Start Frame": 1080,
        "End Frame": 1200,
        "Caption": "#C C draws on the cloth with the pen in her right hand.; #C C draws on the fabric on the embroidery hoop with the needle in her right hand; #C C draws on the cloth; #C C draws on a cloth ; #C C draws on the fabric"
    },
    {
        "Video Name": "8345d177-0ed4-4965-8455-bd17d2b42399",
        "Start Frame": 1200,
        "End Frame": 1320,
        "Caption": "#C C draws on the fabric on the embroidery hoop with the pen in her right hand.; #C C draws on the fabric in her left hand with the pen in her right hand.; #C C draws on the fabric on the embroidery hoop in her left hand with the needle and thread in her right hand; #C C draws on the fabric in her left hand with the biro in her right hand.; #C C draws on the fabric in her left hand with the biro in her right hand."
    },
    {
        "Video Name": "8345d177-0ed4-4965-8455-bd17d2b42399",
        "Start Frame": 1320,
        "End Frame": 1440,
        "Caption": "#C C draws on the fabric with the pencil in her right hand.; #C C draws on the fabric on the embroidery hoop in her left hand with the pen in her right hand; #C C draws on the fabric in her left hand with the pen in her right hand.; #C C draws on the cloth; #C C draws on a cloth"
    },
    {
        "Video Name": "8345d177-0ed4-4965-8455-bd17d2b42399",
        "Start Frame": 1440,
        "End Frame": 1560,
        "Caption": "#C C draws on the fabric in her left hand with the pen in her right hand.; #C C draws  on the cloth; #C C draws on the fabric on her left hand with the pencil in her right hand.; #C C draws on the fabric on the embroidery hoop in her left hand with the pen in her right hand; #C C draws on the fabric with the pen in her right hand."
    },
    {
        "Video Name": "8345d177-0ed4-4965-8455-bd17d2b42399",
        "Start Frame": 1560,
        "End Frame": 1680,
        "Caption": "#C C draws on the fabric on her left hand with the pen in her right hand.; #C C draws on the fabric in her left hand with the pen in her right hand.; #C C draws on the fabric on the embroidery hoop in her left hand with the needle in her right hand; #C C draws on the fabric on the embroidery hoop with the pen in her right hand.; #C C draws on the fabric on the embroidery hoop with the pen in her right hand."
    },
    {
        "Video Name": "8345d177-0ed4-4965-8455-bd17d2b42399",
        "Start Frame": 1680,
        "End Frame": 1800,
        "Caption": "#C C picks a pen with her right hand; #C C picks the pen on the table with her right hand; #C C picks a pen from a table with her right hand; #C C picks a pen from a chair with her right hand; #C C picks a pen with her right hand."
    },
    {
        "Video Name": "8345d177-0ed4-4965-8455-bd17d2b42399",
        "Start Frame": 1800,
        "End Frame": 1920,
        "Caption": "#C C sews embroidery designs on the fabric with the needle and thread in her right hand.; #C C embroiders the fabric with the needle and thread in her right hand.; #C C embroiders on the fabric in her left hand with the needle in her right hand.; #C C embroiders the fabric in the hoop in her left hand with the needle and thread in her right hand; #C C embroiders on the fabric on the hoop with the needle and thread in her right hand."
    },
    {
        "Video Name": "8345d177-0ed4-4965-8455-bd17d2b42399",
        "Start Frame": 1920,
        "End Frame": 2040,
        "Caption": "#C C embroiders on the fabric in the hoop with the needle and thread in her right hand.; #C C embroiders on the fabric in the hoop in her left hand with the needle and thread in her right hand; #C C embroiders the fabric in her left hand with the needle and thread in her right hand.; #C C sews the fabric with the needle and thread in her right hand.; #C C embroiders on the fabric with the needle and thread in her right hand."
    },
    {
        "Video Name": "8345d177-0ed4-4965-8455-bd17d2b42399",
        "Start Frame": 2040,
        "End Frame": 2160,
        "Caption": "#C C embroiders the fabric in her left hand with the needle and thread in her right hand.; #C C embroiders on the fabric in her left hand with the needle and thread in her right hand.; #C C embroiders the fabric in the hoop in her left hand with the needle and thread in her right hand; #C C places the fabric in the hoop on her lap with her left hand.; #C C embroiders on the fabric with the needle and thread in her right hand."
    },
    {
        "Video Name": "8345d177-0ed4-4965-8455-bd17d2b42399",
        "Start Frame": 2160,
        "End Frame": 2280,
        "Caption": "#C C sews fabric with a needle; #C C sews fabric with a needle; #C C pulls the thread on the fabric with her right hand; #C C sews the fabric with the needle; #C C sews the fabric with the sewing needle"
    },
    {
        "Video Name": "8345d177-0ed4-4965-8455-bd17d2b42399",
        "Start Frame": 2280,
        "End Frame": 2400,
        "Caption": "#C C embroiders the fabric in the embroidery hoop in her left hand with the needle and thread in her right hand; #C C touches the embroidery hoop with her left hand.; #C C embroiders the fabric with the needle and thread in her right hand.; #C C sews the fabric in the embroidery hoop with the threaded needle in her right hand.; #C C embroiders the fabric in the hoop in her left hand with the needle and thread in her right hand."
    },
    {
        "Video Name": "8345d177-0ed4-4965-8455-bd17d2b42399",
        "Start Frame": 2400,
        "End Frame": 2520,
        "Caption": "#C C pulls the thread; #C C pulls the thread ; #C C pushes the string; #C C pulls the string ; #C C pulls the thread with her right hand"
    },
    {
        "Video Name": "8345d177-0ed4-4965-8455-bd17d2b42399",
        "Start Frame": 2520,
        "End Frame": 2640,
        "Caption": "#C C picks the fabric on her lap with her right hand.; #C C embroiders the fabric on the hoop with the needle and thread in her right hand; #C C drops the fabric on the embroidery hoop on her legs with her left hand.; #C C places the fabric on her lap with her left hand.; #C C touches the fabric with her left hand."
    },
    {
        "Video Name": "8345d177-0ed4-4965-8455-bd17d2b42399",
        "Start Frame": 2640,
        "End Frame": 2760,
        "Caption": "#C C pulls the thread on the fabric with her right hand.; #C C drops the needle on the fabric with her right hand.; #C C drops the needle on the fabric with her right hand.; #C C drops the fabric on her lap with her left hand.; #C C inserts the needle into the fabric on the embroidery hoop on her lap with her right hand"
    },
    {
        "Video Name": "8345d177-0ed4-4965-8455-bd17d2b42399",
        "Start Frame": 2760,
        "End Frame": 2880,
        "Caption": "#C C holds the knitting needle with her hands.; #C C holds the phone with her right hand.; #C C drops the phone on the fabric in her left hand with her left hand; #C C picks the phone from her lap with her left hand.; #C C picks the phone from her legs with her left hand."
    },
    {
        "Video Name": "8345d177-0ed4-4965-8455-bd17d2b42399",
        "Start Frame": 2880,
        "End Frame": 3000,
        "Caption": "#C C operates the phone with both hands.; #C C operates the phone with her right hand; #C C presses the phone with her right hand; #C C operates the phone with both hands.; #C C operates the phone with her right hand"
    },
    {
        "Video Name": "8345d177-0ed4-4965-8455-bd17d2b42399",
        "Start Frame": 3000,
        "End Frame": 3120,
        "Caption": "#C C operates the phone with her right hand; #C C operates the phone in her left hand; #C C holds the phone with her left hand; #C C holds the phone with her left hand; #C C operates the phone with her right hand"
    },
    {
        "Video Name": "8345d177-0ed4-4965-8455-bd17d2b42399",
        "Start Frame": 3120,
        "End Frame": 3240,
        "Caption": "#C C holds the fabric on the embroidery hoop with her left hand; #C C picks the fabric; #C C picks the cloth ; #C C picks the fabric from the embroidery hoop with her left hand; #C C holds the fabric with her left hand. "
    },
    {
        "Video Name": "8345d177-0ed4-4965-8455-bd17d2b42399",
        "Start Frame": 3240,
        "End Frame": 3360,
        "Caption": "#C C sews fabric with a needle; #C C sews fabric with a needle; #C C sews the fabric with a; #C C sews the piece of cloth; #C C sews the fabric "
    },
    {
        "Video Name": "8345d177-0ed4-4965-8455-bd17d2b42399",
        "Start Frame": 3360,
        "End Frame": 3480,
        "Caption": "#C C embroiders on the fabric in the hoop in her left hand with the needle and thread in her right hand; #C C knits fabric with the needle ; #C C sews fabric with a needle; #C C embroiders on the fabric in the hoop in her left hand with the needle and thread in her right hand; #C C knits fabric with the needle "
    },
    {
        "Video Name": "8345d177-0ed4-4965-8455-bd17d2b42399",
        "Start Frame": 3480,
        "End Frame": 3600,
        "Caption": "#C C sews fabric with needle ; #C C sews fabric with the needle; #C C sews fabric with needle ; #C C sews fabric with a needle; #C C embroiders the fabric with the needle and thread in her right hand"
    },
    {
        "Video Name": "8345d177-0ed4-4965-8455-bd17d2b42399",
        "Start Frame": 3600,
        "End Frame": 3720,
        "Caption": "#C C embroiders the fabric in the hoop in her left hand with the needle and thread in her right hand.; #C C embroiders on the fabric in the embroidery hoop in her left hand with the needle and thread in her right hand; #C C sews the fabric with the sewing needle; #C C sews the fabric with the needle; #C C embroiders the fabric in the hoop in her left hand with the needle and thread in her right hand. "
    },
    {
        "Video Name": "8345d177-0ed4-4965-8455-bd17d2b42399",
        "Start Frame": 3720,
        "End Frame": 3840,
        "Caption": "#C C sews fabric with needle; #C C knits a cloth; #C C penetrates the needle on the; #C C sews the fabric; #C C sews the cloth"
    },
    {
        "Video Name": "8345d177-0ed4-4965-8455-bd17d2b42399",
        "Start Frame": 3840,
        "End Frame": 3960,
        "Caption": "#C C embroiders on the fabric in the hoop in her left hand with the needle and thread in her right hand; #C C pulls the needle with thread with her right hand.; #C C embroiders on the fabric in the hoop in her left hand with the needle and thread in her right hand; #C C embroiders on the fabric in the hoop with the threaded needle in her right hand.; #C C pulls the needle with thread with her right hand."
    },
    {
        "Video Name": "8345d177-0ed4-4965-8455-bd17d2b42399",
        "Start Frame": 3960,
        "End Frame": 4080,
        "Caption": "#C C embroiders the fabric on the hoop in her left hand with the needle and thread in her right hand; #C C sews fabric with a needle; #C C sews fabric with a needle ; #C C stitches the fabric with the needle; #C C embroiders on the fabric in her left hand with the needle and thread in her right hand."
    },
    {
        "Video Name": "8345d177-0ed4-4965-8455-bd17d2b42399",
        "Start Frame": 4080,
        "End Frame": 4200,
        "Caption": "#C C embroiders on the fabric in the hoop in her left hand with the needle and thread in her right hand; #C C embroiders on the fabric in her left hand with the threaded needle in her right hand.; #C C lowers her right hand.; #C C pulls the thread on the fabric with her right hand.; #C C sews fabric with needle "
    },
    {
        "Video Name": "8345d177-0ed4-4965-8455-bd17d2b42399",
        "Start Frame": 4200,
        "End Frame": 4320,
        "Caption": "#C C sews the fabric; #C C sews the fabric; #C C knits the fabric with the; #C C sews the cloth; #C C sews fabric with a needle"
    },
    {
        "Video Name": "8345d177-0ed4-4965-8455-bd17d2b42399",
        "Start Frame": 4320,
        "End Frame": 4440,
        "Caption": "#C C pulls the needle and thread with her right hand; #C C pulls the thread with her right hand.; #C C pulls the needle with thread with her right hand; #C C pulls the needle with thread with her right hand; #C C pulls the needle and thread with her right hand"
    },
    {
        "Video Name": "8345d177-0ed4-4965-8455-bd17d2b42399",
        "Start Frame": 4440,
        "End Frame": 4560,
        "Caption": "#C C adjusts the fabric with her left hand.; #C C holds the fabric with her left hand.; #C C holds the fabric in the embroidery hoop with her left hand.; #C C passes the embroidery hoop from her right hand to her left hand; #C C inserts the needle into the fabric with her right hand."
    },
    {
        "Video Name": "8345d177-0ed4-4965-8455-bd17d2b42399",
        "Start Frame": 4560,
        "End Frame": 4680,
        "Caption": "#C C sews fabric with needle ; #C C embroiders on the fabric in the embroidery hoop in her left hand with the needle and thread in her right hand; #C C sews the fabric ; #C C sews fabric with the needle; #C C embroiders the fabric in the hoop in her left hand with the needle and thread in her right hand."
    },
    {
        "Video Name": "8345d177-0ed4-4965-8455-bd17d2b42399",
        "Start Frame": 4680,
        "End Frame": 4800,
        "Caption": "#C C pulls the thread ; #C C pulls the thread; #C C pulls the thread with her right hand.; #C C adjusts the thread on the fabric with her right hand; #C C pulls the thread in the fabric with her right hand"
    },
    {
        "Video Name": "8345d177-0ed4-4965-8455-bd17d2b42399",
        "Start Frame": 4800,
        "End Frame": 4920,
        "Caption": "#C C passes thread over needle; #C C places the needle on the bag with right hand; #C C sews the fabric; #C C passes the threaded needle through the fabric with her right hand; #C C sews the fabric"
    },
    {
        "Video Name": "8345d177-0ed4-4965-8455-bd17d2b42399",
        "Start Frame": 4920,
        "End Frame": 5040,
        "Caption": "#C C embroiders on the fabric in the hoop in her left hand with the needle and thread in her right hand; #C C sews the cloth in her left hand with the needle and thread in her right hand.; #C C embroiders the fabric on the embroidery hoop with the needle and thread in her right hand.; #C C sews the piece of cloth with the sewing needle; #C C embroiders the fabric with the needle and thread in her right hand."
    },
    {
        "Video Name": "8345d177-0ed4-4965-8455-bd17d2b42399",
        "Start Frame": 5040,
        "End Frame": 5160,
        "Caption": "#C C sews fabric with a needle; #C C sews the fabric with the; #C C sews fabric with needle ; #C C knits the fabric; #C C sews the fabric"
    },
    {
        "Video Name": "8345d177-0ed4-4965-8455-bd17d2b42399",
        "Start Frame": 5160,
        "End Frame": 5280,
        "Caption": "#C C embroiders on the fabric in the hoop in her left hand with the needle and thread in her right hand; #C C embroiders the fabric in the hoop in her left hand with the needle and thread in her right hand.; #C C sews fabric with needle ; #C C embroiders on the fabric in the hoop in her left hand with the needle and thread in her right hand; #C C embroiders on the fabric in her left hand with the threaded needle in her right hand. "
    },
    {
        "Video Name": "8345d177-0ed4-4965-8455-bd17d2b42399",
        "Start Frame": 5280,
        "End Frame": 5400,
        "Caption": "#C C pulls the thread; #C C pulls the thread                                                       ; #C C pulls the needle; #C C pulls the thread ; #C C pulls the thread with her right hand."
    }
]