[
    {
        "Video Name": "84bd1e04-370a-4e4a-9255-776f8d8e38ad",
        "Start Frame": 0,
        "End Frame": 120,
        "Caption": "#C C mops the; #C C mops the; #C C cleans the floor; #C C mops the; #C C mops the"
    },
    {
        "Video Name": "84bd1e04-370a-4e4a-9255-776f8d8e38ad",
        "Start Frame": 120,
        "End Frame": 240,
        "Caption": "#C C cleans the floor with the vacuum; #C C wipes the floor; #C C cleans the floor with the vacuum; #C C  opens the vacuum cleaner; #C C cleans floor with a vacuum cleaner"
    },
    {
        "Video Name": "84bd1e04-370a-4e4a-9255-776f8d8e38ad",
        "Start Frame": 240,
        "End Frame": 360,
        "Caption": "#C C mops the floor ; #C C cleans the floor; #C C cleans the floor with the vacuum; #C C cleans the floor with the vacuum; #C C cleans the floor with the vacuum"
    },
    {
        "Video Name": "84bd1e04-370a-4e4a-9255-776f8d8e38ad",
        "Start Frame": 360,
        "End Frame": 480,
        "Caption": "#C C mops the floor; #C C mops the floor; #C C cleans the floor; #C C mops the floor; #C C cleans floor with cleaner"
    },
    {
        "Video Name": "84bd1e04-370a-4e4a-9255-776f8d8e38ad",
        "Start Frame": 480,
        "End Frame": 600,
        "Caption": "#C C cleans the floor with the vacuum; #C C cleans the floor with a vacuum; #C C mops the floor; #C C cleans carpet with cleaner ; #C C cleans the floor with the vacuum"
    },
    {
        "Video Name": "84bd1e04-370a-4e4a-9255-776f8d8e38ad",
        "Start Frame": 600,
        "End Frame": 720,
        "Caption": "#C C cleans the floor with the vacuum cleaner; #C C cleans carpet with vacuum cleaner; #C C puts the dirt in the dustbin; #C C cleans the floor with the vacuum cleaner; #C C cleans the floor"
    },
    {
        "Video Name": "84bd1e04-370a-4e4a-9255-776f8d8e38ad",
        "Start Frame": 720,
        "End Frame": 840,
        "Caption": "#C C cleans the floor ; #C C mops the floor ; #C C cleans the floor with the vacuum; #C C cleans the floor with the vacuum; #C C mops the floor"
    },
    {
        "Video Name": "84bd1e04-370a-4e4a-9255-776f8d8e38ad",
        "Start Frame": 840,
        "End Frame": 960,
        "Caption": "#C C cleans the chair with the vacuum cleaner; #C C cleans floor; #C C cleans the floor with the vacuum cleaner; #C C cleans the floor with the vacuum cleaner; #C C cleans the floor with the vacuum cleaner"
    },
    {
        "Video Name": "84bd1e04-370a-4e4a-9255-776f8d8e38ad",
        "Start Frame": 960,
        "End Frame": 1080,
        "Caption": "#C C moves the chair; #C C pulls the carpet with the left; #C C moves the chair; #C C moves the chair with the left; #C C holds the chair"
    },
    {
        "Video Name": "84bd1e04-370a-4e4a-9255-776f8d8e38ad",
        "Start Frame": 1080,
        "End Frame": 1200,
        "Caption": "#C C puts book on table ; #C C picks the books from the chair; #C C puts the book on the floor; #C C places right hand on the seat; #C C pulls the chair"
    },
    {
        "Video Name": "84bd1e04-370a-4e4a-9255-776f8d8e38ad",
        "Start Frame": 1200,
        "End Frame": 1320,
        "Caption": "#C C touches the cat ; #C C pets the cat; #C C pets the cat; #C C scratches the cat with her right; #C C touches cat"
    },
    {
        "Video Name": "84bd1e04-370a-4e4a-9255-776f8d8e38ad",
        "Start Frame": 1320,
        "End Frame": 1440,
        "Caption": "#C C touches the; #C C moves the; #C C moves the; #C C touches the; #C C removes pillow"
    },
    {
        "Video Name": "84bd1e04-370a-4e4a-9255-776f8d8e38ad",
        "Start Frame": 1440,
        "End Frame": 1560,
        "Caption": "#C C cleans the floor; #C C cleans the floor with the vacuum; #C C cleans the floor with the vacuum; #C C cleans the floor with the vacuum; #C C mops the floor"
    },
    {
        "Video Name": "84bd1e04-370a-4e4a-9255-776f8d8e38ad",
        "Start Frame": 1560,
        "End Frame": 1680,
        "Caption": "#C C cleans the floor with the vacuum; #C C cleans the floor with the vacuum; #C C cleans the floor; #C C mops the floor; #C C mops the floor"
    },
    {
        "Video Name": "84bd1e04-370a-4e4a-9255-776f8d8e38ad",
        "Start Frame": 1680,
        "End Frame": 1800,
        "Caption": "#C C holds the cloth; #C C moves the chair; #C C cleans the floor with the vacuum cleaner; #C C cleans the floor with the vacuum cleaner; #C C cleans the floor with a vacuum cleaner"
    },
    {
        "Video Name": "84bd1e04-370a-4e4a-9255-776f8d8e38ad",
        "Start Frame": 1800,
        "End Frame": 1920,
        "Caption": "#C C cleans the floor; #C C cleans the floor with the vacuum; #C C cleans the floor with the vacuum; #C C cleans the floor with the vacuum; #C C cleans the floor"
    },
    {
        "Video Name": "84bd1e04-370a-4e4a-9255-776f8d8e38ad",
        "Start Frame": 1920,
        "End Frame": 2040,
        "Caption": "#C C cleans the floor; #C C cleans the floor with the vacuum; #C C cleans the floor; #C C mops the floor; #C C cleans the floor with the vacuum"
    },
    {
        "Video Name": "84bd1e04-370a-4e4a-9255-776f8d8e38ad",
        "Start Frame": 2040,
        "End Frame": 2160,
        "Caption": "#C C cleans the floor ; #C C vacuums the floor; #C C mops the floor; #C C cleans the floor; #C C cleans the floor with the vacuum"
    },
    {
        "Video Name": "84bd1e04-370a-4e4a-9255-776f8d8e38ad",
        "Start Frame": 2160,
        "End Frame": 2280,
        "Caption": "#C C cleans the floor; #C C cleans the floor; #C C mops the floor; #C C mops the floor; #C C cleans the floor"
    },
    {
        "Video Name": "84bd1e04-370a-4e4a-9255-776f8d8e38ad",
        "Start Frame": 2280,
        "End Frame": 2400,
        "Caption": "#C C cleans the floor ; #C C cleans the floor with a vacuum cleaner; #C C cleans the floor with a vacuum cleaner; #C C cleans the floor with the vacuum cleaner; #C C cleans the floor with a vacuum cleaner"
    },
    {
        "Video Name": "84bd1e04-370a-4e4a-9255-776f8d8e38ad",
        "Start Frame": 2400,
        "End Frame": 2520,
        "Caption": "#C C mops the floor; #C C mops the floor; #C C cleans the floor; #C C cleans the floor with a vacuum cleaner; #C C mops the floor"
    },
    {
        "Video Name": "84bd1e04-370a-4e4a-9255-776f8d8e38ad",
        "Start Frame": 2520,
        "End Frame": 2640,
        "Caption": "#C C wipes the floor with the dust pad; #C C sweeps the floor with a broom ; #C C cleans the floor with the vacuum cleaner; #C C cleans the floor with the vacuum cleaner; #C C cleans the floor with a vacuum cleaner"
    },
    {
        "Video Name": "84bd1e04-370a-4e4a-9255-776f8d8e38ad",
        "Start Frame": 2640,
        "End Frame": 2760,
        "Caption": "#C C cleans the floor with the vacuum; #C C cleans the floor; #C C moves the chair ; #C C cleans the floor; #C C pulls the chair "
    },
    {
        "Video Name": "84bd1e04-370a-4e4a-9255-776f8d8e38ad",
        "Start Frame": 2760,
        "End Frame": 2880,
        "Caption": "#C C mops the floor; #C C mops the floor; #C C cleans the floor with a vacuum; #C C cleans the floor with the vacuum; #C C cleans the floor with the vacuum"
    },
    {
        "Video Name": "84bd1e04-370a-4e4a-9255-776f8d8e38ad",
        "Start Frame": 2880,
        "End Frame": 3000,
        "Caption": "#C C cleans the floor; #C C cleans the floor with the vacuum cleaner in her right hand; #C C cleans the floor; #C C cleans the floor with a vacuum cleaner; #C C cleans the floor with the vacuum cleaner"
    },
    {
        "Video Name": "84bd1e04-370a-4e4a-9255-776f8d8e38ad",
        "Start Frame": 3000,
        "End Frame": 3120,
        "Caption": "#C C cleans the floor; #C C cleans the floor with a vacuum; #C C cleans the floor; #C C cleans the floor; #C C cleans the floor with a vacuum"
    },
    {
        "Video Name": "84bd1e04-370a-4e4a-9255-776f8d8e38ad",
        "Start Frame": 3120,
        "End Frame": 3240,
        "Caption": "#C C cleans the sofa with the vacuum cleaner; #C C cleans the rug with the vacuum cleaner; #C C cleans the chair with the vacuum cleaner in her right hand; #C C cleans the floor; #C C cleans the floor with the vacuum cleaner"
    },
    {
        "Video Name": "84bd1e04-370a-4e4a-9255-776f8d8e38ad",
        "Start Frame": 3240,
        "End Frame": 3360,
        "Caption": "#C C sweeps the floor; #C C cleans the floor with the vacuum; #C C mops the floor; #C C mops the floor; #C C mops the floor"
    },
    {
        "Video Name": "84bd1e04-370a-4e4a-9255-776f8d8e38ad",
        "Start Frame": 3360,
        "End Frame": 3480,
        "Caption": "#C C mops the floor ; #C C cleans the floor with the vacuum; #C C mops the floor; #C C mops the floor; #C C mops the floor"
    },
    {
        "Video Name": "84bd1e04-370a-4e4a-9255-776f8d8e38ad",
        "Start Frame": 3480,
        "End Frame": 3600,
        "Caption": "#C C picks the vacuum cleaner; #C C touches the phone; #C C puts the broom on the floor; #C C puts the vacuum cleaner on the; #C C touches the door"
    },
    {
        "Video Name": "84bd1e04-370a-4e4a-9255-776f8d8e38ad",
        "Start Frame": 3600,
        "End Frame": 3720,
        "Caption": "#C C switches off the vacuum cleaner; #C C holds vacuum cleaner; #C C cleans floor with vacuum cleaner ; #C C picks the vacuum cleaner ; #C C cleans the floor with the vacuum"
    },
    {
        "Video Name": "84bd1e04-370a-4e4a-9255-776f8d8e38ad",
        "Start Frame": 3720,
        "End Frame": 3840,
        "Caption": "#C C cleans floor with cleaner ; #C C cleans the floor; #C C cleans the floor with the vacuum cleaner; #C C cleans the floor with the vacuum cleaner; #C C cleans the floor"
    },
    {
        "Video Name": "84bd1e04-370a-4e4a-9255-776f8d8e38ad",
        "Start Frame": 3840,
        "End Frame": 3960,
        "Caption": "#C C mops the; #C C cleans the floor; #C C mops the; #C C cleans the floor; #C C cleans the floor"
    },
    {
        "Video Name": "84bd1e04-370a-4e4a-9255-776f8d8e38ad",
        "Start Frame": 3960,
        "End Frame": 4080,
        "Caption": "#C C cleans the floor ; #C C cleans the floor; #C C cleans the floor; #C C cleans the floor ; #C C cleans the house with the vacuum"
    },
    {
        "Video Name": "84bd1e04-370a-4e4a-9255-776f8d8e38ad",
        "Start Frame": 4080,
        "End Frame": 4200,
        "Caption": "#C C cleans the chair with the vacuum; #C C cleans the floor ; #C C cleans the chair with the vacuum; #C C pulls a chair; #C C moves the chair with the left"
    },
    {
        "Video Name": "84bd1e04-370a-4e4a-9255-776f8d8e38ad",
        "Start Frame": 4200,
        "End Frame": 4320,
        "Caption": "#C C cleans the floor with a vacuum cleaner; #C C cleans the floor with a vacuum cleaner; #C C cleans the floor; #C C cleans the floor; #C C cleans the floor"
    },
    {
        "Video Name": "84bd1e04-370a-4e4a-9255-776f8d8e38ad",
        "Start Frame": 4320,
        "End Frame": 4440,
        "Caption": "#C C cleans the carpet; #C C cleans the floor; #C C cleans the floor with a vacuum; #C C cleans the floor with the vacuum; #C C cleans the floor "
    },
    {
        "Video Name": "84bd1e04-370a-4e4a-9255-776f8d8e38ad",
        "Start Frame": 4440,
        "End Frame": 4560,
        "Caption": "#C C cleans the floor; #C C cleans the floor with the vacuum cleaner; #C C cleans the floor with the vacuum cleaner; #C C cleans the floor; #C C cleans floor"
    },
    {
        "Video Name": "84bd1e04-370a-4e4a-9255-776f8d8e38ad",
        "Start Frame": 4560,
        "End Frame": 4680,
        "Caption": "#C C cleans the floor; #C C cleans the floor with the vacuum; #C C cleans the floor with the vacuum; #C C cleans the floor ; #C C mops the floor"
    },
    {
        "Video Name": "84bd1e04-370a-4e4a-9255-776f8d8e38ad",
        "Start Frame": 4680,
        "End Frame": 4800,
        "Caption": "#C C cleans the floor; #C C cleans the floor; #C C cleans the floor; #C C mops the floor; #C C cleans the floor with the vacuum"
    },
    {
        "Video Name": "84bd1e04-370a-4e4a-9255-776f8d8e38ad",
        "Start Frame": 4800,
        "End Frame": 4920,
        "Caption": "#C C cleans the floor with the vacuum; #C C cleans the floor with the vacuum; #C C cleans the floor; #C C cleans the floor with the vacuum; #C C cleans floor with vacuum cleaner "
    },
    {
        "Video Name": "84bd1e04-370a-4e4a-9255-776f8d8e38ad",
        "Start Frame": 4920,
        "End Frame": 5040,
        "Caption": "#C C touches a bag ; #C C picks the bag from the; #C C picks a bag; #C C moves the bag ; #C C puts bag aside"
    },
    {
        "Video Name": "84bd1e04-370a-4e4a-9255-776f8d8e38ad",
        "Start Frame": 5040,
        "End Frame": 5160,
        "Caption": "#C C cleans the floor with the vacuum; #C C cleans the floor ; #C C cleans the floor ; #C C cleans the floor with the vacuum; #C C cleans the floor with the vacuum"
    },
    {
        "Video Name": "84bd1e04-370a-4e4a-9255-776f8d8e38ad",
        "Start Frame": 5160,
        "End Frame": 5280,
        "Caption": "#C C places the bag on the floor; #C C puts the bag on the floor; #C C puts the bag in the bag; #C C moves a bag on the floor; #C C holds bag with left hand"
    },
    {
        "Video Name": "84bd1e04-370a-4e4a-9255-776f8d8e38ad",
        "Start Frame": 5280,
        "End Frame": 5400,
        "Caption": "#C C cleans the floor; #C C cleans the floor with a vacuum cleaner; #C C mops the floor; #C C cleans the floor with the vacuum cleaner; #C C cleans the floor"
    }
]