[
    {
        "Video Name": "86cb525a-d61c-46f1-9c5f-cc7284184900",
        "Start Frame": 0,
        "End Frame": 120,
        "Caption": "#C C walks around; #C C rubs his palms together; #C C rubs his hands together; #C C walks around; #C C rubs his hands together"
    },
    {
        "Video Name": "86cb525a-d61c-46f1-9c5f-cc7284184900",
        "Start Frame": 120,
        "End Frame": 240,
        "Caption": "#C C rubs his hands together.; #C C rubs his hands together; #C C rubs his hands together.; #C C rubs hands together; #C C rubs his hands together."
    },
    {
        "Video Name": "86cb525a-d61c-46f1-9c5f-cc7284184900",
        "Start Frame": 240,
        "End Frame": 360,
        "Caption": "#C C walks around. ; #C C turns around; #C C takes the dough cutter; #C C takes the dough scraper; #C C picks a scrapper"
    },
    {
        "Video Name": "86cb525a-d61c-46f1-9c5f-cc7284184900",
        "Start Frame": 360,
        "End Frame": 480,
        "Caption": "#C C picks a scrapper.; #C C picks the dough cutter.; #C C picks a scrapper.; #C C picks a dough scrapper on the table; #C C picks a scrapper "
    },
    {
        "Video Name": "86cb525a-d61c-46f1-9c5f-cc7284184900",
        "Start Frame": 480,
        "End Frame": 600,
        "Caption": "#C C picks the scrapper on the table with his right hand; #C C removes the flour from the table.; #C C sprinkles flour on the table.; #C C sprinkles flour on the dough with his right hand.; #C C puts flour on the table "
    },
    {
        "Video Name": "86cb525a-d61c-46f1-9c5f-cc7284184900",
        "Start Frame": 600,
        "End Frame": 720,
        "Caption": "#C C drops the bench scraper on the table.; #C C drops the scrapper on the table.; #C C drops the dough cutter on the table.; #C C picks the scrapper from the table.; #C C scrapes flour from the table with the scraper"
    },
    {
        "Video Name": "86cb525a-d61c-46f1-9c5f-cc7284184900",
        "Start Frame": 720,
        "End Frame": 840,
        "Caption": "#C C walks around the bakery; #C C walks around; #C C walks around the bakery; #C C walks around the room; #C C walks around the bakery"
    },
    {
        "Video Name": "86cb525a-d61c-46f1-9c5f-cc7284184900",
        "Start Frame": 840,
        "End Frame": 960,
        "Caption": "#C C walks towards the baking; #C C moves a step ; #C C walks to the table; #C C walks around the bakery; #C C moves forward"
    },
    {
        "Video Name": "86cb525a-d61c-46f1-9c5f-cc7284184900",
        "Start Frame": 960,
        "End Frame": 1080,
        "Caption": "#C C walks around the kitchen ; #C C walks around the bakery ; #C C walks back to the table; #C C walks around the bakery ; #C C walks around a room"
    },
    {
        "Video Name": "86cb525a-d61c-46f1-9c5f-cc7284184900",
        "Start Frame": 1080,
        "End Frame": 1200,
        "Caption": "#C C walks around; #C C walks around the bakery; #C C walks around the kitchen; #C C walks to the table; #C C walks around the room"
    },
    {
        "Video Name": "86cb525a-d61c-46f1-9c5f-cc7284184900",
        "Start Frame": 1200,
        "End Frame": 1320,
        "Caption": "#C  C walks towards a wall; #C C walks around the bakery ; #C C walks to the shelf; #C C walks around the kitchen ; #C C walks around the room"
    },
    {
        "Video Name": "86cb525a-d61c-46f1-9c5f-cc7284184900",
        "Start Frame": 1320,
        "End Frame": 1440,
        "Caption": "#C C moves the table.; #C C picks a brush; #C C walks around the kitchen; #C C walks towards the shelf; #C C picks the wooden structure"
    },
    {
        "Video Name": "86cb525a-d61c-46f1-9c5f-cc7284184900",
        "Start Frame": 1440,
        "End Frame": 1560,
        "Caption": "#C C rubs his hands; #C C walks in the room; #C C walks around the kitchen; #C C walks around the kitchen; #C C walks around."
    },
    {
        "Video Name": "86cb525a-d61c-46f1-9c5f-cc7284184900",
        "Start Frame": 1560,
        "End Frame": 1680,
        "Caption": "#C C dusts his hands together.; #C C rubs hands together.; #C C walks towards the table; #C C rubs his hands together.; #C C rubs hands"
    },
    {
        "Video Name": "86cb525a-d61c-46f1-9c5f-cc7284184900",
        "Start Frame": 1680,
        "End Frame": 1800,
        "Caption": "#C C scraps the table with the scraper.; #C C cleans the table with the scraper.; #C C sweeps the table with the scraper.; #C C moves the flour on the table with the scraper; #C C wipes the table with the scraper."
    },
    {
        "Video Name": "86cb525a-d61c-46f1-9c5f-cc7284184900",
        "Start Frame": 1800,
        "End Frame": 1920,
        "Caption": "#C C scrapes flour from the table with the scrapper; #C C scrapes flour on the table with the scrapper; #C C scrapes the baking table with the scraper.; #C C scrapes flour from the table.; #C C wipes flour on the table with the scraper."
    },
    {
        "Video Name": "86cb525a-d61c-46f1-9c5f-cc7284184900",
        "Start Frame": 1920,
        "End Frame": 2040,
        "Caption": "#C C wipes the table with the brush.; #C C sweeps flour on the table with his right hand.; #C C scrapes the table with the dough scrapper.; #C C picks a scrapper on the slab with his right hand; #C C sweeps the table with his left hand."
    },
    {
        "Video Name": "86cb525a-d61c-46f1-9c5f-cc7284184900",
        "Start Frame": 2040,
        "End Frame": 2160,
        "Caption": "#C C scrapes flour from the table.; #C C takes flour from the table with the table scrapper; #C C cleans the table with the scraper.; #C C scrapes flour on the table with the scrapper; #C C picks the spatula from the table."
    },
    {
        "Video Name": "86cb525a-d61c-46f1-9c5f-cc7284184900",
        "Start Frame": 2160,
        "End Frame": 2280,
        "Caption": "#C  C pours the flour on the table.; #C C picks flour from the table with his right hand.; #C C scoops flour ; #C C moves flour on the table with his right hand.; #C  C cleans the table with the scrapper on his right hand"
    },
    {
        "Video Name": "86cb525a-d61c-46f1-9c5f-cc7284184900",
        "Start Frame": 2280,
        "End Frame": 2400,
        "Caption": "#C C walks towards a bucket on the table; #C C walks to the table ; #C C walks towards the sink.; #C C takes flour from the table; #C C walks around the room"
    },
    {
        "Video Name": "86cb525a-d61c-46f1-9c5f-cc7284184900",
        "Start Frame": 2400,
        "End Frame": 2520,
        "Caption": "#C C walks around the kitchen; #C C takes a bucket.; #C C walks towards the table; #C C walks around the bakery; #C C picks a bucket"
    },
    {
        "Video Name": "86cb525a-d61c-46f1-9c5f-cc7284184900",
        "Start Frame": 2520,
        "End Frame": 2640,
        "Caption": "#C C pours flour from the bucket into the plastic container.; #C C puts flour on a bucket ; #C C pours the flour in his right hand into the plastic container; #C C pours the flour in the bucket; #C C pours flour on the table"
    },
    {
        "Video Name": "86cb525a-d61c-46f1-9c5f-cc7284184900",
        "Start Frame": 2640,
        "End Frame": 2760,
        "Caption": "#C C pours flour on the table; #C C scoops baking flour with a pastry scrapper on the counter; #C C scoops flour from the flour bag; #C C carries flour from the bucket with the plastic scoop.; #C C puts flour on the table"
    },
    {
        "Video Name": "86cb525a-d61c-46f1-9c5f-cc7284184900",
        "Start Frame": 2760,
        "End Frame": 2880,
        "Caption": "#C C scoops baking flour with a pastry scrapper on the counter; #C C pours flour on the table; #C C pours flour on the table; #C C puts flour in a bucket; #C C scoops baking flour with a pastry scrapper on the counter"
    },
    {
        "Video Name": "86cb525a-d61c-46f1-9c5f-cc7284184900",
        "Start Frame": 2880,
        "End Frame": 3000,
        "Caption": "#C C picks flour from the table with a plastic scoop.; #C C scoops flour from the bucket ; #C C scoops flour from the white bucket with a scoop in his right hand.; #C C scoops flour from the bucket with the white bucket.; #C C carries flour from the table with the plastic scoop."
    },
    {
        "Video Name": "86cb525a-d61c-46f1-9c5f-cc7284184900",
        "Start Frame": 3000,
        "End Frame": 3120,
        "Caption": "#C C picks a bucket of flour from the table.; #C C scrapes flour from the table with the scraper.; #C C moves the bucket of flour on the table.; #C C picks the bucket of flour from the table with his right hand; #C C drops the scoop on the table."
    },
    {
        "Video Name": "86cb525a-d61c-46f1-9c5f-cc7284184900",
        "Start Frame": 3120,
        "End Frame": 3240,
        "Caption": "#C C picks a bucket of flour; #C C picks a bucket from the table; #C C pours the flour on a; #C C drops the bucket on the floor; #C C takes a bucket of flour"
    },
    {
        "Video Name": "86cb525a-d61c-46f1-9c5f-cc7284184900",
        "Start Frame": 3240,
        "End Frame": 3360,
        "Caption": "#C C picks a bucket from the table; #C C drops the bucket on the floor. ; #C C walks towards the bucket; #C C picks a bucket from the table with his right hand; #C C drops the bucket on the floor"
    },
    {
        "Video Name": "86cb525a-d61c-46f1-9c5f-cc7284184900",
        "Start Frame": 3360,
        "End Frame": 3480,
        "Caption": "#C C takes a flour scoop.; #C C picks up a scraper from the table with his right hand; #C C puts the bucket down; #C C drops the scrapper on the table.; #C C picks up a bucket from the floor."
    },
    {
        "Video Name": "86cb525a-d61c-46f1-9c5f-cc7284184900",
        "Start Frame": 3480,
        "End Frame": 3600,
        "Caption": "#C C walks to the table.; #C C walks around the bakery ; #C C walks around the bakery ; #C C walks around the room ; #C C walks around the kitchen"
    },
    {
        "Video Name": "86cb525a-d61c-46f1-9c5f-cc7284184900",
        "Start Frame": 3600,
        "End Frame": 3720,
        "Caption": "#C C walks away; #C C picks up the bucket with his right hand; #C C picks up the bucket.; #C C takes the bucket ; #C C carries the bucket of water. "
    },
    {
        "Video Name": "86cb525a-d61c-46f1-9c5f-cc7284184900",
        "Start Frame": 3720,
        "End Frame": 3840,
        "Caption": "#C C walks around the room; #C C walks around the kitchen; #C C walks to the sink; #C C walks to the table; #C C walks around the kitchen"
    },
    {
        "Video Name": "86cb525a-d61c-46f1-9c5f-cc7284184900",
        "Start Frame": 3840,
        "End Frame": 3960,
        "Caption": "#C C walks in the room; #C C walks around the kitchen; #C C walks to another room; #C C walks towards the oven.; #C  C walks towards a shelf"
    },
    {
        "Video Name": "86cb525a-d61c-46f1-9c5f-cc7284184900",
        "Start Frame": 3960,
        "End Frame": 4080,
        "Caption": "#C C touches the microwave; #C C presses the oven button; #C C presses a button on the oven with his right index finger; #C C presses a button on the oven.; #C C presses the button."
    },
    {
        "Video Name": "86cb525a-d61c-46f1-9c5f-cc7284184900",
        "Start Frame": 4080,
        "End Frame": 4200,
        "Caption": "#C C turns on the oven.; #C C turns on the oven; #C C turns off the oven; #C C operates the oven.; #C C presses a button on the oven"
    },
    {
        "Video Name": "86cb525a-d61c-46f1-9c5f-cc7284184900",
        "Start Frame": 4200,
        "End Frame": 4320,
        "Caption": "#C C walks in the room; #C C walks around the room; #C C walks around the room; #C C walks in the room; #C C walks around the room"
    },
    {
        "Video Name": "86cb525a-d61c-46f1-9c5f-cc7284184900",
        "Start Frame": 4320,
        "End Frame": 4440,
        "Caption": "#C C picks a bag of flour with his right hand.; #C C holds a sack with both hands.; #C C picks up the bag of flour from the floor with his right hand; #C C holds the bag with his left hand.; #C C opens the bag of flour with both hands."
    },
    {
        "Video Name": "86cb525a-d61c-46f1-9c5f-cc7284184900",
        "Start Frame": 4440,
        "End Frame": 4560,
        "Caption": "#C C takes flour from the sack; #C C puts the bag of flour into the bucket.; #C C picks up the sack; #C C drops the sack on the floor with his left hand; #C C opens the bag of flour with both hands."
    },
    {
        "Video Name": "86cb525a-d61c-46f1-9c5f-cc7284184900",
        "Start Frame": 4560,
        "End Frame": 4680,
        "Caption": "#C C takes flour from the bag with a cup in his right hand; #C C scoops flour with the flour scooper ; #C C scoops flour with a cup; #C C scoops flour with a flour scooper ; #C C scoops flour with a flour scooper"
    },
    {
        "Video Name": "86cb525a-d61c-46f1-9c5f-cc7284184900",
        "Start Frame": 4680,
        "End Frame": 4800,
        "Caption": "#C C takes flour from the bag with the cup in his right hand; #C C scoops flour with a cup ; #C C scoops flour; #C C scoops flour from the bag of flour with the cup.; #C C scoops flour from the packet"
    },
    {
        "Video Name": "86cb525a-d61c-46f1-9c5f-cc7284184900",
        "Start Frame": 4800,
        "End Frame": 4920,
        "Caption": "#C C scoops flour with the scooper; #C C pours flour into the bag on the floor.; #C C scoops flour from the sack with the scoop in his right hand; #C C scoops flour with a flour scooper in the sack; #C C scoops flour"
    },
    {
        "Video Name": "86cb525a-d61c-46f1-9c5f-cc7284184900",
        "Start Frame": 4920,
        "End Frame": 5040,
        "Caption": "#C  C takes some flour from the bag of flour.; #C  C takes some flour from the bag.\n; #C  C scoops some flour from the bag of flour on the floor; #C C scoops flour with a flour scooper; #C C scoops flour from the bag of flour. "
    },
    {
        "Video Name": "86cb525a-d61c-46f1-9c5f-cc7284184900",
        "Start Frame": 5040,
        "End Frame": 5160,
        "Caption": "#C C scoops flour with a cup ; #C C scoops flour ; #C C scoops the flour; #C C scoops cereal in the sack with the scoop in his right hand; #C C scoops flour"
    },
    {
        "Video Name": "86cb525a-d61c-46f1-9c5f-cc7284184900",
        "Start Frame": 5160,
        "End Frame": 5280,
        "Caption": "#C C holds the cup with his left hand.; #C C puts the cup into the bag of flour.; #C C picks a cup; #C C scoops flour with a cup; #C C pours sugar into the cup with his right hand"
    },
    {
        "Video Name": "86cb525a-d61c-46f1-9c5f-cc7284184900",
        "Start Frame": 5280,
        "End Frame": 5400,
        "Caption": "#C C packs more flour into the cup.; #C C puts the cup into the sack with his right hand.; #C C puts the cup of coffee in the bag on the floor; #C C scoops flour with a cup ; #C C puts the cup in the sack"
    }
]