[
    {
        "Video Name": "86de4235-953e-458f-a951-40314e92a33b",
        "Start Frame": 0,
        "End Frame": 120,
        "Caption": "#C C opens the; #C C opens a; #C C opens a; #c c opens the; #C C opens the"
    },
    {
        "Video Name": "86de4235-953e-458f-a951-40314e92a33b",
        "Start Frame": 120,
        "End Frame": 240,
        "Caption": "#C C picks a knife; #C C closes the drawer; #C C walks towards the; #C C closes the drawer; #C C picks a box"
    },
    {
        "Video Name": "86de4235-953e-458f-a951-40314e92a33b",
        "Start Frame": 240,
        "End Frame": 360,
        "Caption": "#C C looks around the kitchen; #C C turns on the tap; #C C opens the tap; #C C washes utensils; #C C looks around the kitchen "
    },
    {
        "Video Name": "86de4235-953e-458f-a951-40314e92a33b",
        "Start Frame": 360,
        "End Frame": 480,
        "Caption": "#C C closes the tap; #C C opens a tap; #C C opens the tap; #C C fetches water from the; #C C closes the tap"
    },
    {
        "Video Name": "86de4235-953e-458f-a951-40314e92a33b",
        "Start Frame": 480,
        "End Frame": 600,
        "Caption": "#C C walks in the kitchen; #C C closes the tap ; #C C looks around the kitchen; #C C turns off the tap; #C C looks around"
    },
    {
        "Video Name": "86de4235-953e-458f-a951-40314e92a33b",
        "Start Frame": 600,
        "End Frame": 720,
        "Caption": "#C C walks around the house; #C C puts water in the; #C C walks towards the kitchen; #C C walks around the house; #C C walks in the house"
    },
    {
        "Video Name": "86de4235-953e-458f-a951-40314e92a33b",
        "Start Frame": 720,
        "End Frame": 840,
        "Caption": "#C C walks in the house; #C C walks to the kitchen; #C C walks to the living; #C C walks around the house; #C C walks in the house"
    },
    {
        "Video Name": "86de4235-953e-458f-a951-40314e92a33b",
        "Start Frame": 840,
        "End Frame": 960,
        "Caption": "#C C opens the; #C C opens the; #C C opens the; #C C opens the; #C C opens the"
    },
    {
        "Video Name": "86de4235-953e-458f-a951-40314e92a33b",
        "Start Frame": 960,
        "End Frame": 1080,
        "Caption": "#C C opens the window; #C C adjusts the curtain ; #C C opens the door with her left; #C C opens the curtain; #C C opens the door"
    },
    {
        "Video Name": "86de4235-953e-458f-a951-40314e92a33b",
        "Start Frame": 1080,
        "End Frame": 1200,
        "Caption": "#C C looks around the; #C C looks at the; #C C looks through the; #C C stares at the; #C C stares outside the"
    },
    {
        "Video Name": "86de4235-953e-458f-a951-40314e92a33b",
        "Start Frame": 1200,
        "End Frame": 1320,
        "Caption": "#C C holds the door; #C C stares at the; #C C stares around the; #C C looks through the; #C C looks around"
    },
    {
        "Video Name": "86de4235-953e-458f-a951-40314e92a33b",
        "Start Frame": 1320,
        "End Frame": 1440,
        "Caption": "#C C stares at the window; #C C opens the door; #C C looks outside through a; #C C opens the door; #C C opens a door"
    },
    {
        "Video Name": "86de4235-953e-458f-a951-40314e92a33b",
        "Start Frame": 1440,
        "End Frame": 1560,
        "Caption": "#C C stands in the room; #C C looks at a window; #C C walks into the room; #C C stares at the window; #C C adjusts the camera"
    },
    {
        "Video Name": "86de4235-953e-458f-a951-40314e92a33b",
        "Start Frame": 1560,
        "End Frame": 1680,
        "Caption": "#C C walks in the room; #C C walks around; #C C walks around the house; #C C walks out of the; #C C walks around the house"
    },
    {
        "Video Name": "86de4235-953e-458f-a951-40314e92a33b",
        "Start Frame": 1680,
        "End Frame": 1800,
        "Caption": "#C C opens the door; #C C walks out of the; #C C opens the door; #C C opens the door; #C C opens the door "
    },
    {
        "Video Name": "86de4235-953e-458f-a951-40314e92a33b",
        "Start Frame": 1800,
        "End Frame": 1920,
        "Caption": "#C C looks around ; #C C looks around ; #C C looks at the door; #C C looks around; #C C walks to the garage"
    },
    {
        "Video Name": "86de4235-953e-458f-a951-40314e92a33b",
        "Start Frame": 1920,
        "End Frame": 2040,
        "Caption": "#C C Looks around a room; #C C looks through the window; #C C looks through the window; #C C looks through a glass door; #C C Looks around a room"
    },
    {
        "Video Name": "86de4235-953e-458f-a951-40314e92a33b",
        "Start Frame": 2040,
        "End Frame": 2160,
        "Caption": "#C C Looks around a; #C C Adjusts a; #C C Looks around a; #C C Looks around a; #C C looks around"
    },
    {
        "Video Name": "86de4235-953e-458f-a951-40314e92a33b",
        "Start Frame": 2160,
        "End Frame": 2280,
        "Caption": "#C C places a flower in the flower; #C C picks up a flower; #C C puts the flower in the container; #C C closes the window; #C C removes the leaf from the window"
    },
    {
        "Video Name": "86de4235-953e-458f-a951-40314e92a33b",
        "Start Frame": 2280,
        "End Frame": 2400,
        "Caption": "#C C picks up the container; #C C picks a glass of water; #C C picks a tin from the window; #C C picks a flower pot; #C C picks a glass"
    },
    {
        "Video Name": "86de4235-953e-458f-a951-40314e92a33b",
        "Start Frame": 2400,
        "End Frame": 2520,
        "Caption": "#C C walks on the; #C C walks around ; #C C walks outside; #C C walks around; #C C walks along the"
    },
    {
        "Video Name": "86de4235-953e-458f-a951-40314e92a33b",
        "Start Frame": 2520,
        "End Frame": 2640,
        "Caption": "#C C walks around; #C C looks around ; #C C picks a bottle; #C C picks a bottle of; #C C looks around"
    },
    {
        "Video Name": "86de4235-953e-458f-a951-40314e92a33b",
        "Start Frame": 2640,
        "End Frame": 2760,
        "Caption": "#C C puts the jar on the window stool; #C C places the glass on the wall; #C C puts the bowl on the window stool; #C C puts the glass down; #C C puts the glass on the window"
    },
    {
        "Video Name": "86de4235-953e-458f-a951-40314e92a33b",
        "Start Frame": 2760,
        "End Frame": 2880,
        "Caption": "#C C pours water in the cup; #C C pours water in the cup; #C C pours water in the cup; #C C pours water into a cup; #C C pours the water in the"
    },
    {
        "Video Name": "86de4235-953e-458f-a951-40314e92a33b",
        "Start Frame": 2880,
        "End Frame": 3000,
        "Caption": "#C C pours water in a; #C C pours water in the; #C C pours water from the; #C C pours water on the; #C C puts water in the cup"
    },
    {
        "Video Name": "86de4235-953e-458f-a951-40314e92a33b",
        "Start Frame": 3000,
        "End Frame": 3120,
        "Caption": "#C C puts the flower in the flower; #C C puts the flower in the v; #C C puts the flower on the window; #C C puts the flower in a flower; #C C puts the flower on the window"
    },
    {
        "Video Name": "86de4235-953e-458f-a951-40314e92a33b",
        "Start Frame": 3120,
        "End Frame": 3240,
        "Caption": "#C C takes a; #C C walks around; #C C turns around; #C C turns around; #C C walks around"
    },
    {
        "Video Name": "86de4235-953e-458f-a951-40314e92a33b",
        "Start Frame": 3240,
        "End Frame": 3360,
        "Caption": "#C C picks a bucket ; #C C puts the bucket down; #C C picks a bucket from the; #C C takes a bucket ; #c c picks the container"
    },
    {
        "Video Name": "86de4235-953e-458f-a951-40314e92a33b",
        "Start Frame": 3360,
        "End Frame": 3480,
        "Caption": "#C C walks in the; #C C walks in the; #C C walks around; #C C Looks around a; #C C walks towards the"
    },
    {
        "Video Name": "86de4235-953e-458f-a951-40314e92a33b",
        "Start Frame": 3480,
        "End Frame": 3600,
        "Caption": "#C C Looks around a; #C C Looks around a; #C C Looks around a; #C C Looks around a; #C C Looks around a"
    },
    {
        "Video Name": "86de4235-953e-458f-a951-40314e92a33b",
        "Start Frame": 3600,
        "End Frame": 3720,
        "Caption": "#C C puts the spray bottle on the window stool; #C C puts the jar on the window stool; #C C holds a glass ; #C C touches the container; #C C picks up the container"
    },
    {
        "Video Name": "86de4235-953e-458f-a951-40314e92a33b",
        "Start Frame": 3720,
        "End Frame": 3840,
        "Caption": "#C C puts the flower on the table; #C C puts the vase on the; #C C puts the container on the window; #C C puts the container on the window; #C C puts the cup on the table"
    },
    {
        "Video Name": "86de4235-953e-458f-a951-40314e92a33b",
        "Start Frame": 3840,
        "End Frame": 3960,
        "Caption": "#C C picks a jug; #C C places the jug on the window; #C C puts the jug on the window; #C C picks a jug; #C C picks a jug "
    },
    {
        "Video Name": "86de4235-953e-458f-a951-40314e92a33b",
        "Start Frame": 3960,
        "End Frame": 4080,
        "Caption": "#C C puts water in the vase; #C C pours water in a flower pot; #C C pours water into the flower pot; #C C pours water in the flower pot; #C C pours water in the vase"
    },
    {
        "Video Name": "86de4235-953e-458f-a951-40314e92a33b",
        "Start Frame": 4080,
        "End Frame": 4200,
        "Caption": "#C C puts the flower on the window stool; #C C pours water on the flower; #C C places the cup of water on the window stool; #C C puts water in the container; #C C puts a flower in a vase "
    },
    {
        "Video Name": "86de4235-953e-458f-a951-40314e92a33b",
        "Start Frame": 4200,
        "End Frame": 4320,
        "Caption": "#C C pours water into the vase; #C C pours water on the flower; #C C pours water in the vase; #C C pours water in a flower pot; #C C pours water into the vase"
    },
    {
        "Video Name": "86de4235-953e-458f-a951-40314e92a33b",
        "Start Frame": 4320,
        "End Frame": 4440,
        "Caption": "#C C walks around; #C C looks outside; #C C walks on the walk; #C C walks on the pavement; #C C walks around "
    },
    {
        "Video Name": "86de4235-953e-458f-a951-40314e92a33b",
        "Start Frame": 4440,
        "End Frame": 4560,
        "Caption": "#C C puts the dustbin on the window; #C C places the bowl on the window stool; #C C puts the dish on the window stool; #C C puts the container on the window stool; #C C puts a container on the window stool"
    },
    {
        "Video Name": "86de4235-953e-458f-a951-40314e92a33b",
        "Start Frame": 4560,
        "End Frame": 4680,
        "Caption": "#C C puts down the jug; #C C puts the container on the window; #C C places the container on the window; #C C puts the jug on the window; #C C puts the plastic container on the"
    },
    {
        "Video Name": "86de4235-953e-458f-a951-40314e92a33b",
        "Start Frame": 4680,
        "End Frame": 4800,
        "Caption": "#C C pours the liquid in the container; #C C pours the floor in the spray; #C C pours the liquid in the cup; #C C pours liquid in a cat food; #C C pours the liquid in the bottle"
    },
    {
        "Video Name": "86de4235-953e-458f-a951-40314e92a33b",
        "Start Frame": 4800,
        "End Frame": 4920,
        "Caption": "#C C moves a container on the; #C C pours water from the; #C C puts the container on the; #C C waters the flower; #C C picks a jug"
    },
    {
        "Video Name": "86de4235-953e-458f-a951-40314e92a33b",
        "Start Frame": 4920,
        "End Frame": 5040,
        "Caption": "#C C puts flower on window stool; #C C puts a flower vase on the window; #C C puts the flower on the window stool; #C C puts the flower on the window; #C C puts flower on the window sill"
    },
    {
        "Video Name": "86de4235-953e-458f-a951-40314e92a33b",
        "Start Frame": 5040,
        "End Frame": 5160,
        "Caption": "#C C walks around the house; #C C walks around; #C C walks to the kitchen; #C C walks around the house; #C C walks around the house"
    },
    {
        "Video Name": "86de4235-953e-458f-a951-40314e92a33b",
        "Start Frame": 5160,
        "End Frame": 5280,
        "Caption": "#C C opens the door; #C C walks out of the house; #C C opens the door; #C C walks around; #C C walks around"
    },
    {
        "Video Name": "86de4235-953e-458f-a951-40314e92a33b",
        "Start Frame": 5280,
        "End Frame": 5400,
        "Caption": "#C C walks to the living; #C C walks around; #C C walks in the house; #C C walks towards the kitchen; #C C walks around"
    }
]