[
    {
        "Video Name": "8dc8d368-2123-494b-8a6c-d4c41824277e",
        "Start Frame": 0,
        "End Frame": 120,
        "Caption": "#C C looks at the paintings on the book; #C C Looks at the drawing; #C C looks at the book; #C C places her right hand on her left arm; #C C places her right hand on the dining table"
    },
    {
        "Video Name": "8dc8d368-2123-494b-8a6c-d4c41824277e",
        "Start Frame": 120,
        "End Frame": 240,
        "Caption": "#C C Looks at the drawing; #C C Looks at the drawing; #C C Looks at the drawing; #C C looks at the drawing on the; #C C Looks at the drawing"
    },
    {
        "Video Name": "8dc8d368-2123-494b-8a6c-d4c41824277e",
        "Start Frame": 240,
        "End Frame": 360,
        "Caption": "#C C rubs the bristles of the paint brush in her right hand on the side of the cup on the table.; #C C dips the paint pen in the paint; #C C rubs the bristles of the paint brush in her right hand on a paint set on the dining table.; #C C rubs the bristles of the paint brush in her right hand on the side of the cup of water on the dining table; #C C rubs on the side of the paint set on the dining table with the paint brush in her right hand."
    },
    {
        "Video Name": "8dc8d368-2123-494b-8a6c-d4c41824277e",
        "Start Frame": 360,
        "End Frame": 480,
        "Caption": "#C C adjusts the canvas pad on the table with both hands.; #C C places her right arm on the dining table.; #C C adjusts the canvas pad on the table with her left hand; #C C adjusts the canvas pad on the table with both hands.; #C C Holds the paintbrush"
    },
    {
        "Video Name": "8dc8d368-2123-494b-8a6c-d4c41824277e",
        "Start Frame": 480,
        "End Frame": 600,
        "Caption": "#C C paints on the canvas pad on the table with the paint brush in her right hand; #C C paints on the canvas pad on the table with the paint brush in her right hand; #C C paints on the canvas pad on the table with the paint brush in her right hand; #C C paints on the canvas pad on the table with the paint brush in her right hand; #C C places her left arm on the table."
    },
    {
        "Video Name": "8dc8d368-2123-494b-8a6c-d4c41824277e",
        "Start Frame": 600,
        "End Frame": 720,
        "Caption": "#C C paints on the canvas sheet on the dining table with the paint brush in her right hand; #C C paints on the canvas pad on the table with the paint brush in her right hand.; #C C paints on the canvas sheet on the dining table with the paint brush in her right hand; #C C paints on the canvas sheet on the dining table with the paint brush in her right hand; #C C paints on the canvas pad on the table with the paint brush in her right hand."
    },
    {
        "Video Name": "8dc8d368-2123-494b-8a6c-d4c41824277e",
        "Start Frame": 720,
        "End Frame": 840,
        "Caption": "#C C paints on the canvas pad on the table with the paint brush in her right hand.; #C C paints on the canvas sheet on the dining table with the paint brush in her right hand; #C C Paints the drawing; #C C paints on the canvas sheet on the dining table with the paint brush in her right hand; #C C paints on the canvas sheet on the dining table with the paint brush in her right hand"
    },
    {
        "Video Name": "8dc8d368-2123-494b-8a6c-d4c41824277e",
        "Start Frame": 840,
        "End Frame": 960,
        "Caption": "#C C paints on the canvas pad on the table with the paint brush in her right hand; #C C paints on the canvas pad on the table with the paint brush in her right hand; #C C paints on the canvas pad on the table with the paint brush in her right hand; #C C paints on the canvas pad on the table with the paint brush in her right hand; #C C paints on the canvas pad on the table with the paint brush in her right hand"
    },
    {
        "Video Name": "8dc8d368-2123-494b-8a6c-d4c41824277e",
        "Start Frame": 960,
        "End Frame": 1080,
        "Caption": "#C C paints on the canvas pad on the table with the paint brush in her right hand; #C C paints on the canvas pad on the table with the paint brush in her right hand; #C C paints on the canvas pad on the table with the paint brush in her right hand; #C C paints on the canvas pad on the table with the paint brush in her right hand; #C C paints on the canvas pad on the table with the paint brush in her right hand"
    },
    {
        "Video Name": "8dc8d368-2123-494b-8a6c-d4c41824277e",
        "Start Frame": 1080,
        "End Frame": 1200,
        "Caption": "#C C looks at the book; #C C rests her right elbow on the table.; #C C rests her right arm on the dining table; #C C rests her right arm on the dining table; #C C Holds the paintbrush"
    },
    {
        "Video Name": "8dc8d368-2123-494b-8a6c-d4c41824277e",
        "Start Frame": 1200,
        "End Frame": 1320,
        "Caption": "#C C dips the paint brush into the cup of water on the table with her right hand; #C C Dips the paintbrush in water; #C C dips the paint brush into the bowl of water on the table with her right hand; #C C dips the paint brush into the bowl of water on the table with her right hand; #C C rests her right hand on the dining table."
    },
    {
        "Video Name": "8dc8d368-2123-494b-8a6c-d4c41824277e",
        "Start Frame": 1320,
        "End Frame": 1440,
        "Caption": "#C C rubs the paint brush into the paint set on the dining table with her right hand; #C C dips the paint brush in her right hand into the color palette on the table.; #C C dips the paint brush into the color palette on the table with her right hand.; #C C dips the paint brush into the color palette on the table with her right hand.; #C C dips the paint brush into the color palette on the table with her right hand."
    },
    {
        "Video Name": "8dc8d368-2123-494b-8a6c-d4c41824277e",
        "Start Frame": 1440,
        "End Frame": 1560,
        "Caption": "#C C paints on the canvas pad on the table with the paint brush in her right hand; #C C paints on the canvas pad on the table with the paint brush in her right hand; #C C paints on the canvas pad on the table with the paint brush in her right hand; #C C paints on the canvas pad on the table with the paint brush in her right hand; #C C paints on the canvas pad on the table with the paint brush in her right hand"
    },
    {
        "Video Name": "8dc8d368-2123-494b-8a6c-d4c41824277e",
        "Start Frame": 1560,
        "End Frame": 1680,
        "Caption": "#C C paints on the canvas pad on the table with the paint brush in her right hand; #C C paints on the canvas pad on the table with the paint brush in her right hand; #C C paints on the canvas pad on the table with the paint brush in her right hand; #C C paints on the canvas pad on the table with the paint brush in her right hand; #C C paints on the canvas pad on the table with the paint brush in her right hand"
    },
    {
        "Video Name": "8dc8d368-2123-494b-8a6c-d4c41824277e",
        "Start Frame": 1680,
        "End Frame": 1800,
        "Caption": "#C C dips the paint brush into the color palette on the table with her right hand.; #C C dips the paint pen in the oil; #C C dips the paint brush into the cup of water on the dining table with her right hand.; #C C rubs the bristles of the paint brush in her right hand on the side of the cup of water on the dining table; #C C dips the paint brush into the bowl of water on the table with her right hand."
    },
    {
        "Video Name": "8dc8d368-2123-494b-8a6c-d4c41824277e",
        "Start Frame": 1800,
        "End Frame": 1920,
        "Caption": "#C C paints on the book; #C C paints on the canvas pad on the table with the paint brush in her right hand.; #C C paints on the canvas sheet on the dining table with the paint brush in her right hand; #C C paints on the canvas sheet on the dining table with the paint brush in her right hand; #C C paints on the canvas pad on the table with the paint brush in her right hand."
    },
    {
        "Video Name": "8dc8d368-2123-494b-8a6c-d4c41824277e",
        "Start Frame": 1920,
        "End Frame": 2040,
        "Caption": "#C C paints on the canvas pad on the table with the paint brush in her right hand; #C C paints on the canvas pad on the table with the paint brush in her right hand; #C C paints on the book; #C C paints on the book; #C C paints on the canvas pad on the table with the paint brush in her right hand"
    },
    {
        "Video Name": "8dc8d368-2123-494b-8a6c-d4c41824277e",
        "Start Frame": 2040,
        "End Frame": 2160,
        "Caption": "#C C paints on the canvas pad on the table with the paint brush in her right hand; #C C paints on the canvas pad on the table with the paint brush in her right hand; #C C paints on the canvas pad on the table with the paint brush in her right hand; #C C paints on the canvas pad on the table with the paint brush in her right hand; #C C paints on the canvas pad on the table with the paint brush in her right hand"
    },
    {
        "Video Name": "8dc8d368-2123-494b-8a6c-d4c41824277e",
        "Start Frame": 2160,
        "End Frame": 2280,
        "Caption": "#C C Holds the paintbrush; #C C places her right arm on the dining table; #C C rests her left arm on the dining table; #C C looks at the drawing book; #C C places her right arm on the dining table"
    },
    {
        "Video Name": "8dc8d368-2123-494b-8a6c-d4c41824277e",
        "Start Frame": 2280,
        "End Frame": 2400,
        "Caption": "#C C paints on the canvas pad on the table with the paint brush in her right hand; #C C looks at the paintings on the book; #C C places her right arm on the table.; #C C Looks at the drawing; #C C Looks at the drawing"
    },
    {
        "Video Name": "8dc8d368-2123-494b-8a6c-d4c41824277e",
        "Start Frame": 2400,
        "End Frame": 2520,
        "Caption": "#C C rubs on the side of the paint set on the dining table with the paint brush in her right hand; #C C dips the paint pen in the paint; #C C rubs the side of the paint set on the dining table with the paint brush in her right hand.; #C C dips the paint pen in the paint; #C C rubs on the side of the paint set on the dining table with the paint brush in her right hand"
    },
    {
        "Video Name": "8dc8d368-2123-494b-8a6c-d4c41824277e",
        "Start Frame": 2520,
        "End Frame": 2640,
        "Caption": "#C C Holds the paintbrush; #C C Holds the paintbrush; #C C Holds the paintbrush; #C C places her right hand on the table; #C C places her right hand on the table"
    },
    {
        "Video Name": "8dc8d368-2123-494b-8a6c-d4c41824277e",
        "Start Frame": 2640,
        "End Frame": 2760,
        "Caption": "#C C paints on the canvas pad on the table with the paint brush in her right hand; #C C paints on the canvas pad on the table with the paint brush in her right hand; #C C paints on the canvas pad on the table with the paint brush in her right hand; #C C paints on the canvas pad on the table with the paint brush in her right hand; #C C paints on the canvas pad on the table with the paint brush in her right hand"
    },
    {
        "Video Name": "8dc8d368-2123-494b-8a6c-d4c41824277e",
        "Start Frame": 2760,
        "End Frame": 2880,
        "Caption": "#C C paints on the canvas pad on the table with the paint brush in her right hand; #C C paints on the canvas pad on the table with the paint brush in her right hand; #C C paints on the canvas pad on the table with the paint brush in her right hand; #C C paints on the canvas pad on the table with the paint brush in her right hand; #C C paints on the canvas pad on the table with the paint brush in her right hand"
    },
    {
        "Video Name": "8dc8d368-2123-494b-8a6c-d4c41824277e",
        "Start Frame": 2880,
        "End Frame": 3000,
        "Caption": "#C C paints on the canvas pad on the table with the paint brush in her right hand; #C C paints on the canvas pad on the table with the paint brush in her right hand; #C C Paints the drawing; #C C paints on the canvas pad on the table with the paint brush in her right hand; #C C paints on the canvas pad on the table with the paint brush in her right hand"
    },
    {
        "Video Name": "8dc8d368-2123-494b-8a6c-d4c41824277e",
        "Start Frame": 3000,
        "End Frame": 3120,
        "Caption": "#C C paints on the canvas pad on the table with the paint brush in her right hand; #C C paints on the canvas pad on the table with the paint brush in her right hand; #C C paints on the canvas pad on the table with the paint brush in her right hand; #C C paints on the canvas pad on the table with the paint brush in her right hand; #C C paints on the canvas pad on the table with the paint brush in her right hand"
    },
    {
        "Video Name": "8dc8d368-2123-494b-8a6c-d4c41824277e",
        "Start Frame": 3120,
        "End Frame": 3240,
        "Caption": "#C C Holds the paintbrush; #C C adjusts the canvas pad on the table with both hands; #C C Holds the paintbrush; #C C Holds the paintbrush; #C C Holds the paintbrush"
    },
    {
        "Video Name": "8dc8d368-2123-494b-8a6c-d4c41824277e",
        "Start Frame": 3240,
        "End Frame": 3360,
        "Caption": "#C C dips the paint brush in her right hand into the color palette on the table; #C C dips the paint brush into the color palette on the table with her right hand; #C C dips the paint pen in the paint; #C C dips the paint brush into the color palette on the table with her right hand; #C C dips the paint pen in the paint"
    },
    {
        "Video Name": "8dc8d368-2123-494b-8a6c-d4c41824277e",
        "Start Frame": 3360,
        "End Frame": 3480,
        "Caption": "#C C dips the paint brush in her right hand into the color palette on the table; #C C dips the paint brush into the color palette on the table with her right hand; #C C rests her right hand on the dining table.; #C C rubs her left arm with her right hand.; #C C rests her left hand on the dining table."
    },
    {
        "Video Name": "8dc8d368-2123-494b-8a6c-d4c41824277e",
        "Start Frame": 3480,
        "End Frame": 3600,
        "Caption": "#C C Holds the paintbrush; #C C Holds the paintbrush; #C C looks at the painting; #C C looks at the painting on the; #C C Looks at the drawing"
    },
    {
        "Video Name": "8dc8d368-2123-494b-8a6c-d4c41824277e",
        "Start Frame": 3600,
        "End Frame": 3720,
        "Caption": "#C C looks at the painting; #C C places her right hand on the table.; #C C places her right hand on the dining table; #C C Holds the paintbrush; #C C Looks at the drawing"
    },
    {
        "Video Name": "8dc8d368-2123-494b-8a6c-d4c41824277e",
        "Start Frame": 3720,
        "End Frame": 3840,
        "Caption": "#C C paints on the canvas pad on the table with the paint brush in her right hand; #C C paints on the canvas pad on the table with the paint brush in her right hand; #C C paints on the canvas sheet on the dining table with her right hand.; #C C paints on the canvas pad on the table with the paint brush in her right hand; #C C paints on the canvas pad on the table with the paint brush in her right hand"
    },
    {
        "Video Name": "8dc8d368-2123-494b-8a6c-d4c41824277e",
        "Start Frame": 3840,
        "End Frame": 3960,
        "Caption": "#C C Paints the drawing; #C C paints on the canvas pad on the table with the paint brush in her right hand.; #C C paints on the canvas pad on the table with the paint brush in her right hand.; #C C paints on the canvas sheet on the dining table with the paint brush in her right hand; #C C paints on the canvas pad on the table with the paint brush in her right hand."
    },
    {
        "Video Name": "8dc8d368-2123-494b-8a6c-d4c41824277e",
        "Start Frame": 3960,
        "End Frame": 4080,
        "Caption": "#C C paints on the canvas pad on the table with the paint brush in her right hand.; #C C paints on the canvas pad on the table with the paint brush in her right hand.; #C C paints on the canvas pad on the table with the paint brush in her right hand.; #C C paints on the canvas sheet on the dining table with the paint brush in her right hand; #C C paints on the canvas pad on the table with the paint brush in her right hand."
    },
    {
        "Video Name": "8dc8d368-2123-494b-8a6c-d4c41824277e",
        "Start Frame": 4080,
        "End Frame": 4200,
        "Caption": "#C C Paints the drawing; #C C Paints the drawing; #C C Paints the drawing; #C C paints on the canvas pad on the table with the paint brush in her right hand; #C C Paints the drawing"
    },
    {
        "Video Name": "8dc8d368-2123-494b-8a6c-d4c41824277e",
        "Start Frame": 4200,
        "End Frame": 4320,
        "Caption": "#C C Holds the paintbrush; #C C Holds the paintbrush; #C C adjusts herself ; #C C Holds the paintbrush; #C C places her right hand on the table"
    },
    {
        "Video Name": "8dc8d368-2123-494b-8a6c-d4c41824277e",
        "Start Frame": 4320,
        "End Frame": 4440,
        "Caption": "#C C Holds the paint brush; #C C Paints the drawing; #C C paints on the canvas pad on the table with the paint brush in her right hand; #C C places her right hand on the table.; #C C Holds the paintbrush"
    },
    {
        "Video Name": "8dc8d368-2123-494b-8a6c-d4c41824277e",
        "Start Frame": 4440,
        "End Frame": 4560,
        "Caption": "#C C Holds the paintbrush; #C C Holds the paintbrush; #C C looks at the drawing; #C C Holds the paintbrush; #C C rests her right arm on the dining table"
    },
    {
        "Video Name": "8dc8d368-2123-494b-8a6c-d4c41824277e",
        "Start Frame": 4560,
        "End Frame": 4680,
        "Caption": "#C C paints on the canvas pad on the table with the paint brush in her right hand.; #C C paints on the canvas pad on the table with the paint brush in her right hand.; #C C paints on the canvas sheet on the dining table with the paint brush in her right hand; #C C paints on the canvas pad on the table with the paint brush in her right hand.; #C C paints on the canvas pad on the table with the paint brush in her right hand."
    },
    {
        "Video Name": "8dc8d368-2123-494b-8a6c-d4c41824277e",
        "Start Frame": 4680,
        "End Frame": 4800,
        "Caption": "#C C paints on the canvas pad on the table with the paint brush in her right hand; #C C paints on the canvas pad on the table with the paint brush in her right hand; #C C paints on the canvas pad on the table with the paint brush in her right hand; #C C paints on the canvas pad on the table with the paint brush in her right hand; #C C paints on the canvas pad on the table with the paint brush in her right hand"
    },
    {
        "Video Name": "8dc8d368-2123-494b-8a6c-d4c41824277e",
        "Start Frame": 4800,
        "End Frame": 4920,
        "Caption": "#C C dips the paint brush into the paint set on the dining table with her right hand; #C C paints on the canvas pad on the table with the paint brush in her right hand; #C C rests her right arm on the dining table.; #C C Applies the paint on the paintbrush; #C C paints on the canvas pad on the table with the paint brush in her right hand"
    },
    {
        "Video Name": "8dc8d368-2123-494b-8a6c-d4c41824277e",
        "Start Frame": 4920,
        "End Frame": 5040,
        "Caption": "#C C paints on the canvas pad on the table with the paint brush in her right hand; #C C paints on the canvas pad on the table with the paint brush in her right hand; #C C Paints the drawing; #C C paints on the canvas pad on the table with the paint brush in her right hand; #C C paints on the canvas pad on the table with the paint brush in her right hand"
    },
    {
        "Video Name": "8dc8d368-2123-494b-8a6c-d4c41824277e",
        "Start Frame": 5040,
        "End Frame": 5160,
        "Caption": "#C C moves her right hand.; #C C Holds the paintbrush; #C C Holds the paintbrush; #C C rests her right hand on the dining table; #C C rests her right hand on the dining table"
    },
    {
        "Video Name": "8dc8d368-2123-494b-8a6c-d4c41824277e",
        "Start Frame": 5160,
        "End Frame": 5280,
        "Caption": "#C C dips the paint brush in her right hand into the bowl of water on the table.; #C C wipes the paint brush in her right hand on the dining table.; #C C takes paint from the paint palette on the table with the paint brush in her right hand; #C C dips the paint brush in the bowl of water on the table with her right hand.; #C C dips the paint brush in her right hand into the bowl of water on the table."
    },
    {
        "Video Name": "8dc8d368-2123-494b-8a6c-d4c41824277e",
        "Start Frame": 5280,
        "End Frame": 5400,
        "Caption": "#C C dips the paint pen in the paint; #C C dips the paint brush in her right hand into the color palette on the table.; #C C dips the paint brush in her right hand into the color palette on the table.; #C C cleans the bristles of the paint brush in her right hand on the side of the cup of water on the dining table; #C C dips the paint brush in her right hand into the bowl of water on the table."
    }
]