[
    {
        "Video Name": "901ae1fe-5be2-495b-9506-9ec2a28d8ae0",
        "Start Frame": 0,
        "End Frame": 120,
        "Caption": "#C C converses with person; #O a woman B walks towards; #C C Looks at the floor; #C C looks around ; #C C interacts with woman H"
    },
    {
        "Video Name": "901ae1fe-5be2-495b-9506-9ec2a28d8ae0",
        "Start Frame": 120,
        "End Frame": 240,
        "Caption": "#C C looks around ; #O The woman G removes the shoe from her right leg with her left hand; #O a lady Y stands beside C; #C C looks around the room ; #O A man M looks around"
    },
    {
        "Video Name": "901ae1fe-5be2-495b-9506-9ec2a28d8ae0",
        "Start Frame": 240,
        "End Frame": 360,
        "Caption": "#C C looks at lady b; #O a woman X stares around the room; #O a woman B converses with a woman Z; #C C stares a round ; #O A woman Y walks around the room "
    },
    {
        "Video Name": "901ae1fe-5be2-495b-9506-9ec2a28d8ae0",
        "Start Frame": 360,
        "End Frame": 480,
        "Caption": "#C C looks around the room; #C C looks around ; #C C looks around the room ; #O A man X converses with; #C C looks around the room "
    },
    {
        "Video Name": "901ae1fe-5be2-495b-9506-9ec2a28d8ae0",
        "Start Frame": 480,
        "End Frame": 600,
        "Caption": "#O woman T shakes her hands; #C C looks at the hands; #C C looks around ; #C C looks around ; #C C looks at the colleagues"
    },
    {
        "Video Name": "901ae1fe-5be2-495b-9506-9ec2a28d8ae0",
        "Start Frame": 600,
        "End Frame": 720,
        "Caption": "#O man X gestures with his; #C C looks around ; #C C looks around; #O man Z claps hands; #C C looks around"
    },
    {
        "Video Name": "901ae1fe-5be2-495b-9506-9ec2a28d8ae0",
        "Start Frame": 720,
        "End Frame": 840,
        "Caption": "#C C stares at the floor; #C C looks around; #C C walks around ; #C C walks towards the locker room; #C C walks around"
    },
    {
        "Video Name": "901ae1fe-5be2-495b-9506-9ec2a28d8ae0",
        "Start Frame": 840,
        "End Frame": 960,
        "Caption": "#C C looks around; #C C looks around ; #C C looks around the room; #C C looks around the room; #C C looks around"
    },
    {
        "Video Name": "901ae1fe-5be2-495b-9506-9ec2a28d8ae0",
        "Start Frame": 960,
        "End Frame": 1080,
        "Caption": "#C C looks around; #O A man Y holds the water bottle with his right hand; #C C walks around the room ; #C C Looks around a room; #C C walks around"
    },
    {
        "Video Name": "901ae1fe-5be2-495b-9506-9ec2a28d8ae0",
        "Start Frame": 1080,
        "End Frame": 1200,
        "Caption": "#O person C holds a bag; #C C looks around; #O The woman B takes the sweater from the woman Z with her left hand.; #O The woman A drops the phone in her right hand in the bag on the bench; #O The woman R holds the bag with both hands."
    },
    {
        "Video Name": "901ae1fe-5be2-495b-9506-9ec2a28d8ae0",
        "Start Frame": 1200,
        "End Frame": 1320,
        "Caption": "#C C walks around; #C C walks towards the locker room; #C C walks around the room ; #O A man Y  operates a phone; #O The man Y holds a water bottle in his right hand"
    },
    {
        "Video Name": "901ae1fe-5be2-495b-9506-9ec2a28d8ae0",
        "Start Frame": 1320,
        "End Frame": 1440,
        "Caption": "#O The woman D searches the locker with both hands.; #O The man L picks the bag from the table with his right hand.; #O The man B picks a phone from his right pocket with his left hand; #O The man X drops the glove in the locker with his left hand.; #C C looks around the room "
    },
    {
        "Video Name": "901ae1fe-5be2-495b-9506-9ec2a28d8ae0",
        "Start Frame": 1440,
        "End Frame": 1560,
        "Caption": "#C C looks around ; #C C looks around; #O a woman P operates a phone with both hands.; #C C looks around; #C C turns around"
    },
    {
        "Video Name": "901ae1fe-5be2-495b-9506-9ec2a28d8ae0",
        "Start Frame": 1560,
        "End Frame": 1680,
        "Caption": "#C C looks around; #O The woman Z adjusts the bag on her shoulder with both hands.; #C C turns to the side ; #O The woman A puts the pair of socks into her left hand with her right hand; #C C walks around"
    },
    {
        "Video Name": "901ae1fe-5be2-495b-9506-9ec2a28d8ae0",
        "Start Frame": 1680,
        "End Frame": 1800,
        "Caption": "#O A woman K closes the door of a locker room with her right hand.; #O A man H rubs his hands ; #O a man Y holds a phone; #O The man U adjusts a facemask on his face with his left hand; #O A man U holds a bottle with his right hand."
    },
    {
        "Video Name": "901ae1fe-5be2-495b-9506-9ec2a28d8ae0",
        "Start Frame": 1800,
        "End Frame": 1920,
        "Caption": "#C C looks around the room; #C C walks around; #C C walks around the room; #C C moves towards a sink; #C C moves to the sink"
    },
    {
        "Video Name": "901ae1fe-5be2-495b-9506-9ec2a28d8ae0",
        "Start Frame": 1920,
        "End Frame": 2040,
        "Caption": "#C C opens a; #C C touches the; #C C presses a; #C C opens the; #C C opens the"
    },
    {
        "Video Name": "901ae1fe-5be2-495b-9506-9ec2a28d8ae0",
        "Start Frame": 2040,
        "End Frame": 2160,
        "Caption": "#C C washes his hands in the sink with water from the tap; #C C washes both hands in a sink.; #C C rubs both hands together.; #C C washes hands; #C C rubs both hands together."
    },
    {
        "Video Name": "901ae1fe-5be2-495b-9506-9ec2a28d8ae0",
        "Start Frame": 2160,
        "End Frame": 2280,
        "Caption": "#C C rubs his hands; #C C cleans his hands; #C C washes his hands; #C C rubs his hands together; #C C rubs his hands together"
    },
    {
        "Video Name": "901ae1fe-5be2-495b-9506-9ec2a28d8ae0",
        "Start Frame": 2280,
        "End Frame": 2400,
        "Caption": "#C C rubs his hands ; #C C washes his hands; #C C washes hands ; #C C washes both hands under the tap; #C C washes hands "
    },
    {
        "Video Name": "901ae1fe-5be2-495b-9506-9ec2a28d8ae0",
        "Start Frame": 2400,
        "End Frame": 2520,
        "Caption": "#C C pulls his hand off the soap; #C C collects soap from the dispenser with his left hand; #C C presses soap dispenser; #C C presses the soap dispenser; #C C takes soap "
    },
    {
        "Video Name": "901ae1fe-5be2-495b-9506-9ec2a28d8ae0",
        "Start Frame": 2520,
        "End Frame": 2640,
        "Caption": "#C C rubs his hands ; #C C rubs hands together; #C C rubs hands; #C C rubs hands together; #C C rubs both hands together"
    },
    {
        "Video Name": "901ae1fe-5be2-495b-9506-9ec2a28d8ae0",
        "Start Frame": 2640,
        "End Frame": 2760,
        "Caption": "#C C rubs his hands together; #C C rubs his hands together; #C C rubs his hands together; #C C rubs his hands together; #C C rubs his hands together"
    },
    {
        "Video Name": "901ae1fe-5be2-495b-9506-9ec2a28d8ae0",
        "Start Frame": 2760,
        "End Frame": 2880,
        "Caption": "#C C washes both hands under the running tap; #C C rubs the hands together; #C C washes his hands ; #C C washes his hands; #C C rubs hands "
    },
    {
        "Video Name": "901ae1fe-5be2-495b-9506-9ec2a28d8ae0",
        "Start Frame": 2880,
        "End Frame": 3000,
        "Caption": "#C C washes both hands with the soap in the sink; #C C washes the hands ; #C C washes hands ; #C C rubs both hands together.; #C C rubs his hands "
    },
    {
        "Video Name": "901ae1fe-5be2-495b-9506-9ec2a28d8ae0",
        "Start Frame": 3000,
        "End Frame": 3120,
        "Caption": "#C C rubs his hands together.; #C C looks at hands; #C C touches the soap with the right; #C C looks at the hands; #C C rubs the soap on his"
    },
    {
        "Video Name": "901ae1fe-5be2-495b-9506-9ec2a28d8ae0",
        "Start Frame": 3120,
        "End Frame": 3240,
        "Caption": "#C C rubs both hands together. ; #C C rubs his hands together.; #C C rubs the soap in both hands; #C C rubs his hands together; #C C rubs hands "
    },
    {
        "Video Name": "901ae1fe-5be2-495b-9506-9ec2a28d8ae0",
        "Start Frame": 3240,
        "End Frame": 3360,
        "Caption": "#C C turns around; #C C rubs his hands together. ; #C C squeezes the sponge with both hands; #C C rubs hands; #C C wipes both hands with the tissue paper"
    },
    {
        "Video Name": "901ae1fe-5be2-495b-9506-9ec2a28d8ae0",
        "Start Frame": 3360,
        "End Frame": 3480,
        "Caption": "#C C walks around the room; #C C Walks around the wash; #C C moves around the room; #C C moves around; #C C stands up"
    },
    {
        "Video Name": "901ae1fe-5be2-495b-9506-9ec2a28d8ae0",
        "Start Frame": 3480,
        "End Frame": 3600,
        "Caption": "#C C removes the socks from his right leg with his right hand; #C C removes the shoes; #C C moves to the cabinet ; #C C removes the pair of shoes from his right leg with his right hand; #C C walks around the room"
    },
    {
        "Video Name": "901ae1fe-5be2-495b-9506-9ec2a28d8ae0",
        "Start Frame": 3600,
        "End Frame": 3720,
        "Caption": "#C C looks around; #C C looks around; #C C looks around; #C C walks around; #C C looks around"
    },
    {
        "Video Name": "901ae1fe-5be2-495b-9506-9ec2a28d8ae0",
        "Start Frame": 3720,
        "End Frame": 3840,
        "Caption": "#C C throws tissue in the bin; #C C puts the serviette in the dust; #C C wipes the hands; #C C Puts wipes in a dust bin; #C C walks around the room"
    },
    {
        "Video Name": "901ae1fe-5be2-495b-9506-9ec2a28d8ae0",
        "Start Frame": 3840,
        "End Frame": 3960,
        "Caption": "#C C walks; #C C looks; #C C looks; #C C looks; #C C looks"
    },
    {
        "Video Name": "901ae1fe-5be2-495b-9506-9ec2a28d8ae0",
        "Start Frame": 3960,
        "End Frame": 4080,
        "Caption": "#C C wipes hands with a tissue paper; #C C wipes both hands with the tissue paper; #C C wipes hands; #C C wipes his hands with the tissue; #C C wipes the hands with the tissue paper"
    },
    {
        "Video Name": "901ae1fe-5be2-495b-9506-9ec2a28d8ae0",
        "Start Frame": 4080,
        "End Frame": 4200,
        "Caption": "#C C wipes hands; #C C wipes his hands; #C C wipes his hands; #C C wipes both hands with the tissue; #C C wipes the hands "
    },
    {
        "Video Name": "901ae1fe-5be2-495b-9506-9ec2a28d8ae0",
        "Start Frame": 4200,
        "End Frame": 4320,
        "Caption": "#C C looks at his; #C C looks at the; #C C looks at the; #C C cleans his hands; #C C Looks at the"
    },
    {
        "Video Name": "901ae1fe-5be2-495b-9506-9ec2a28d8ae0",
        "Start Frame": 4320,
        "End Frame": 4440,
        "Caption": "#C C looks around; #C C looks at hand; #C C shakes hand ; #C C shakes hands ; #C C moves the hand"
    },
    {
        "Video Name": "901ae1fe-5be2-495b-9506-9ec2a28d8ae0",
        "Start Frame": 4440,
        "End Frame": 4560,
        "Caption": "#C C rubs the soap in both hands.; #C C rubs hands; #O man X rinses hands; #O The woman A cleans her hands with the tissue paper; #C C rubs both hands together."
    },
    {
        "Video Name": "901ae1fe-5be2-495b-9506-9ec2a28d8ae0",
        "Start Frame": 4560,
        "End Frame": 4680,
        "Caption": "#C C rubs her hands together; #C C rubs her hands ; #C C rubs his hands together; #C C shakes off his hands; #C C shakes hands"
    },
    {
        "Video Name": "901ae1fe-5be2-495b-9506-9ec2a28d8ae0",
        "Start Frame": 4680,
        "End Frame": 4800,
        "Caption": "#C C wipes the hands with the paper towel; #C C wipes both hands with the tissue paper; #C C wipes his hands; #C C wipes hands; #C C wipes the hands with the tissue"
    },
    {
        "Video Name": "901ae1fe-5be2-495b-9506-9ec2a28d8ae0",
        "Start Frame": 4800,
        "End Frame": 4920,
        "Caption": "#C C wipes the hands; #C C looks at the hands; #C C looks around; #C C wipes hands with a paper; #C C looks at the hands"
    },
    {
        "Video Name": "901ae1fe-5be2-495b-9506-9ec2a28d8ae0",
        "Start Frame": 4920,
        "End Frame": 5040,
        "Caption": "#C C wipes her hands; #C C wipes the hands with the tissue; #C C wipes hands; #C C wipes her hands; #C C cleans the hands"
    },
    {
        "Video Name": "901ae1fe-5be2-495b-9506-9ec2a28d8ae0",
        "Start Frame": 5040,
        "End Frame": 5160,
        "Caption": "#C C cleans her hands with the tissue; #C C wipes her hands ; #C C wipes his hands with the tissue; #C C wipes his hands; #C C wipes her hands "
    },
    {
        "Video Name": "901ae1fe-5be2-495b-9506-9ec2a28d8ae0",
        "Start Frame": 5160,
        "End Frame": 5280,
        "Caption": "#C C wipes the hands with the tissue; #C C wipes hands with the serviette; #C C wipes hands with the tissue paper; #C C wipes hands with a serviette; #O A woman X wipes her hands with a"
    },
    {
        "Video Name": "901ae1fe-5be2-495b-9506-9ec2a28d8ae0",
        "Start Frame": 5280,
        "End Frame": 5400,
        "Caption": "#C C wipes his hands; #C C wipes hands with a serviet; #C C wipes the hands; #C C wipes his hands; #C C wipes hands "
    }
]