[
    {
        "Video Name": "90c3f31b-3b44-4b9a-a684-cef313a45c32",
        "Start Frame": 0,
        "End Frame": 120,
        "Caption": "#c c picks container; #C C puts the paint brush on the paint; #C C looks around the workshop; #C C moves paint container; #C C holds a paint can"
    },
    {
        "Video Name": "90c3f31b-3b44-4b9a-a684-cef313a45c32",
        "Start Frame": 120,
        "End Frame": 240,
        "Caption": "#C C moves a stool; #C C puts down the paint can ; #C C puts a paint can on a; #C C puts down the table; #C C puts paint can on the stool"
    },
    {
        "Video Name": "90c3f31b-3b44-4b9a-a684-cef313a45c32",
        "Start Frame": 240,
        "End Frame": 360,
        "Caption": "#C C places the stool on the; #C C puts the table on the; #C C pushes the stool on the; #C C puts a stand on the; #C C rotates table"
    },
    {
        "Video Name": "90c3f31b-3b44-4b9a-a684-cef313a45c32",
        "Start Frame": 360,
        "End Frame": 480,
        "Caption": "#C C Looks around a; #C C Looks around a; #C C Looks around a; #C C looks around ; #C C Looks around a"
    },
    {
        "Video Name": "90c3f31b-3b44-4b9a-a684-cef313a45c32",
        "Start Frame": 480,
        "End Frame": 600,
        "Caption": "#C C Looks around a garage; #C C Puts down a craft model on a; #C C looks around; #C C Looks around a garage; #C C Looks around a garage"
    },
    {
        "Video Name": "90c3f31b-3b44-4b9a-a684-cef313a45c32",
        "Start Frame": 600,
        "End Frame": 720,
        "Caption": "#c c picks a tin; #C C picks a paint brush; #C C picks a paint brush ; #C C walks in the room; #C C picks a paint can from the"
    },
    {
        "Video Name": "90c3f31b-3b44-4b9a-a684-cef313a45c32",
        "Start Frame": 720,
        "End Frame": 840,
        "Caption": "#C C holds a brush; #c c picks paint brush; #C C picks a brush ; #c c dips a brush in a paint; #C C picks a brush"
    },
    {
        "Video Name": "90c3f31b-3b44-4b9a-a684-cef313a45c32",
        "Start Frame": 840,
        "End Frame": 960,
        "Caption": "#C C places a paint can on a; #C C dips brush in the paint; #C C places a container on the stool; #c c dips brush in paint; #C C Picks up a tin from a"
    },
    {
        "Video Name": "90c3f31b-3b44-4b9a-a684-cef313a45c32",
        "Start Frame": 960,
        "End Frame": 1080,
        "Caption": "#c c rotates table; #c c picks container; #c c picks paint container; #c c puts container on; #c c dips brush in"
    },
    {
        "Video Name": "90c3f31b-3b44-4b9a-a684-cef313a45c32",
        "Start Frame": 1080,
        "End Frame": 1200,
        "Caption": "#C C looks around; #C C Looks around a garage; #C C rotates table; #C C Adjusts a stool on the; #C C looks around"
    },
    {
        "Video Name": "90c3f31b-3b44-4b9a-a684-cef313a45c32",
        "Start Frame": 1200,
        "End Frame": 1320,
        "Caption": "#C C puts a brush on a paint; #C C places paint brush on the stool; #C C puts brush down ; #C C drops brush on the table; #C C puts paint brush on the container"
    },
    {
        "Video Name": "90c3f31b-3b44-4b9a-a684-cef313a45c32",
        "Start Frame": 1320,
        "End Frame": 1440,
        "Caption": "#C C looks; #C C looks; #C C looks; #C C looks; #C C looks"
    },
    {
        "Video Name": "90c3f31b-3b44-4b9a-a684-cef313a45c32",
        "Start Frame": 1440,
        "End Frame": 1560,
        "Caption": "#C C operates a mobile phone; #C C operates a phone; #C C Adjusts a phone on his; #C C Operates a mobile phone; #C C operates a mobile phone"
    },
    {
        "Video Name": "90c3f31b-3b44-4b9a-a684-cef313a45c32",
        "Start Frame": 1560,
        "End Frame": 1680,
        "Caption": "#C C Looks around a; #C C looks around; #C C looks around; #C C stares at the; #C C stares at the"
    },
    {
        "Video Name": "90c3f31b-3b44-4b9a-a684-cef313a45c32",
        "Start Frame": 1680,
        "End Frame": 1800,
        "Caption": "#c c picks brush; #c c picks paint brush; #C C picks paint brush; #C C picks paint brush; #c c picks paint brush"
    },
    {
        "Video Name": "90c3f31b-3b44-4b9a-a684-cef313a45c32",
        "Start Frame": 1800,
        "End Frame": 1920,
        "Caption": "#C C Picks up a craft model from a; #C C rotates a table; #c c puts pottery on the table; #C C Adjusts a stool on the floor; #C C picks a wooden art "
    },
    {
        "Video Name": "90c3f31b-3b44-4b9a-a684-cef313a45c32",
        "Start Frame": 1920,
        "End Frame": 2040,
        "Caption": "#C C picks a brush ; #C C puts brush down ; #C C puts the pencil on the; #C C picks paint brush; #C C picks a wood "
    },
    {
        "Video Name": "90c3f31b-3b44-4b9a-a684-cef313a45c32",
        "Start Frame": 2040,
        "End Frame": 2160,
        "Caption": "#C C Scoops paint from a paint can with a paint; #C C Scoops paint from a paint can; #c c puts paint brush on container; #c c dips brush in container with paint; #C C Scoops paint from a paint can"
    },
    {
        "Video Name": "90c3f31b-3b44-4b9a-a684-cef313a45c32",
        "Start Frame": 2160,
        "End Frame": 2280,
        "Caption": "#C C adjusts a stand ; #C C rolls the table; #C C paints a figurine with the paint; #C C puts the paint brush on the paint; #C C sits on the chair"
    },
    {
        "Video Name": "90c3f31b-3b44-4b9a-a684-cef313a45c32",
        "Start Frame": 2280,
        "End Frame": 2400,
        "Caption": "#C C Scoops paint from a paint; #c c dips brush in container with paint; #C C dips the brush in the paint; #C C dips brush in container; #C C dips the brush in paint"
    },
    {
        "Video Name": "90c3f31b-3b44-4b9a-a684-cef313a45c32",
        "Start Frame": 2400,
        "End Frame": 2520,
        "Caption": "#C C dips a brush in the paint; #C C dips a brush in the paint; #C C dips a paint brush in the; #C C dips the brush in paint; #c c dips brush in container with paint"
    },
    {
        "Video Name": "90c3f31b-3b44-4b9a-a684-cef313a45c32",
        "Start Frame": 2520,
        "End Frame": 2640,
        "Caption": "#C C Paints a craft model with a paint; #c c dips brush in container with paint; #c c dips brush in container with paint; #C C paints dolly; #C C Paints a craft model with a paint"
    },
    {
        "Video Name": "90c3f31b-3b44-4b9a-a684-cef313a45c32",
        "Start Frame": 2640,
        "End Frame": 2760,
        "Caption": "#C C paints dolly; #C C paints dolly; #C C Paints a craft model with a paint; #C C paints dolly; #C C Paints a craft model with a paint"
    },
    {
        "Video Name": "90c3f31b-3b44-4b9a-a684-cef313a45c32",
        "Start Frame": 2760,
        "End Frame": 2880,
        "Caption": "#c c dips brush in container with paint; #c c dips brush in container with paint; #c c dips brush in container with paint; #C C Paints a craft model with a paint; #c c continues painting"
    },
    {
        "Video Name": "90c3f31b-3b44-4b9a-a684-cef313a45c32",
        "Start Frame": 2880,
        "End Frame": 3000,
        "Caption": "#C C dips a brush in paint; #C C dips the paint brush in a paint; #C C Scoops paint from a paint can; #C C dips a brush in the paint; #C C dips a brush in the paint"
    },
    {
        "Video Name": "90c3f31b-3b44-4b9a-a684-cef313a45c32",
        "Start Frame": 3000,
        "End Frame": 3120,
        "Caption": "#C C Paints a craft model with a paint; #C C Paints a craft model with a paint; #c c continues painting; #C C paints on a shell from the table.; #C C Paints a craft model with a paint"
    },
    {
        "Video Name": "90c3f31b-3b44-4b9a-a684-cef313a45c32",
        "Start Frame": 3120,
        "End Frame": 3240,
        "Caption": "#C C dips a paint brush in the; #c c dips brush in container with paint; #C C dips a paint brush in the; #C C dips a paint brush in the; #C C paints dolly"
    },
    {
        "Video Name": "90c3f31b-3b44-4b9a-a684-cef313a45c32",
        "Start Frame": 3240,
        "End Frame": 3360,
        "Caption": "#C C Paints a craft model with a paint brush; #c c dips brush in container with paint; #C C dips a paint brush in a paint; #C C Scoops paint from a paint can with a paint; #C C dips the paint brush in a paint"
    },
    {
        "Video Name": "90c3f31b-3b44-4b9a-a684-cef313a45c32",
        "Start Frame": 3360,
        "End Frame": 3480,
        "Caption": "#C C paints dolly; #C C paints dolly; #C C Paints a craft model with a paint; #c c continues painting; #C C paints a figurine"
    },
    {
        "Video Name": "90c3f31b-3b44-4b9a-a684-cef313a45c32",
        "Start Frame": 3480,
        "End Frame": 3600,
        "Caption": "#C C Paints a craft model with a paint; #C C Paints a craft model with a paint; #C C paints dolly; #C C paints a figurine; #C C Paints a craft model with a paint"
    },
    {
        "Video Name": "90c3f31b-3b44-4b9a-a684-cef313a45c32",
        "Start Frame": 3600,
        "End Frame": 3720,
        "Caption": "#C C paints dolly; #C C Paints a craft model with a paint; #C C paints dolly; #C C Paints a craft model with a paint; #c c dips brush in container"
    },
    {
        "Video Name": "90c3f31b-3b44-4b9a-a684-cef313a45c32",
        "Start Frame": 3720,
        "End Frame": 3840,
        "Caption": "#C C Paints a craft model with a paint; #C C Paints a craft model with a paint; #C C Paints a craft model with a paint; #C C Paints a craft model with a paint; #C C Paints a craft model with a paint"
    },
    {
        "Video Name": "90c3f31b-3b44-4b9a-a684-cef313a45c32",
        "Start Frame": 3840,
        "End Frame": 3960,
        "Caption": "#C C places the figurine on top of the; #C C puts a figurine on the stool; #C C lifts a figurine off the table; #c c arranges  plates on table; #c c picks another pottery"
    },
    {
        "Video Name": "90c3f31b-3b44-4b9a-a684-cef313a45c32",
        "Start Frame": 3960,
        "End Frame": 4080,
        "Caption": "#C C dips a paint brush in the paint; #C C Scoops paint from a paint can with a paint; #c c dips brush in container with paint; #C C dips paint brush in a paint; #C C Paints a craft model with a paint brush"
    },
    {
        "Video Name": "90c3f31b-3b44-4b9a-a684-cef313a45c32",
        "Start Frame": 4080,
        "End Frame": 4200,
        "Caption": "#C C Paints a craft model with a paint brush; #c c dips brush in container with paint; #C C Scoops paint from a paint can with a paint; #C C dips a brush in the paint; #C C paints dolly"
    },
    {
        "Video Name": "90c3f31b-3b44-4b9a-a684-cef313a45c32",
        "Start Frame": 4200,
        "End Frame": 4320,
        "Caption": "#c c dips brush in container with paint; #C C Paints a craft model with a paint; #C C dips a paint brush in the paint; #C C Paints a craft model with a paint; #C C paints dolly"
    },
    {
        "Video Name": "90c3f31b-3b44-4b9a-a684-cef313a45c32",
        "Start Frame": 4320,
        "End Frame": 4440,
        "Caption": "#c c dips brush in container with paint; #C C Scoops paint from a paint; #c c dips brush in container with paint; #C C dips a paint brush in a; #c c dips brush in container with paint"
    },
    {
        "Video Name": "90c3f31b-3b44-4b9a-a684-cef313a45c32",
        "Start Frame": 4440,
        "End Frame": 4560,
        "Caption": "#C C paints dolly; #C C paints dolly; #C C paints a figurine; #c c continues painting; #C C dips a brush in the"
    },
    {
        "Video Name": "90c3f31b-3b44-4b9a-a684-cef313a45c32",
        "Start Frame": 4560,
        "End Frame": 4680,
        "Caption": "#C C dips a brush in the; #c c dips brush in container with; #c c dips brush in container with; #C C dips a brush in paint; #c c dips brush in container with"
    },
    {
        "Video Name": "90c3f31b-3b44-4b9a-a684-cef313a45c32",
        "Start Frame": 4680,
        "End Frame": 4800,
        "Caption": "#c c places pottery on table; #c c continues painting; #c c continues painting; #C C Paints a craft model with a paint; #C C Paints a craft model with a paint"
    },
    {
        "Video Name": "90c3f31b-3b44-4b9a-a684-cef313a45c32",
        "Start Frame": 4800,
        "End Frame": 4920,
        "Caption": "#c c picks pottery; #c c continues painting; #c c dips brush in container with; #C C paints dolly; #c c puts pottery on the"
    },
    {
        "Video Name": "90c3f31b-3b44-4b9a-a684-cef313a45c32",
        "Start Frame": 4920,
        "End Frame": 5040,
        "Caption": "#C C paints dolly; #c c dips brush into container with paint; #C C Paints a craft model with a paint; #C C Paints a craft model with a paint; #C C Paints a craft model with a paint"
    },
    {
        "Video Name": "90c3f31b-3b44-4b9a-a684-cef313a45c32",
        "Start Frame": 5040,
        "End Frame": 5160,
        "Caption": "#c c dips brush in container with paint; #c c dips brush in container with paint; #C C Scoops paint from a paint; #C C dips a brush in the paint; #c c picks pottery"
    },
    {
        "Video Name": "90c3f31b-3b44-4b9a-a684-cef313a45c32",
        "Start Frame": 5160,
        "End Frame": 5280,
        "Caption": "#c c dips brush in container with paint; #C C picks up a paint brush.; #C C dips a paint brush in the; #C C dips a brush in the paint; #C C dips a brush in a paint"
    },
    {
        "Video Name": "90c3f31b-3b44-4b9a-a684-cef313a45c32",
        "Start Frame": 5280,
        "End Frame": 5400,
        "Caption": "#C C paints dolly; #C C Paints a craft model with a paint; #C C Paints a craft model with a paint; #C C paints dolly; #C C Paints a craft model with a paint"
    }
]