[
    {
        "Video Name": "916476da-a699-4132-b5cb-ae992e647b1b",
        "Start Frame": 0,
        "End Frame": 120,
        "Caption": "#c c moves hand towards the drawing book; #C C draws with the pen.; #c c draws on a book; #c c draws on a book; #c c draws on a book"
    },
    {
        "Video Name": "916476da-a699-4132-b5cb-ae992e647b1b",
        "Start Frame": 120,
        "End Frame": 240,
        "Caption": "#C C moves the book; #C C moves the book; #C C moves the book; #C C moves the book; #C C moves the book"
    },
    {
        "Video Name": "916476da-a699-4132-b5cb-ae992e647b1b",
        "Start Frame": 240,
        "End Frame": 360,
        "Caption": "#C C draws on the book; #C C touches the book.; #C C draws on the book; #C C moves the book.; #C C draws on the book"
    },
    {
        "Video Name": "916476da-a699-4132-b5cb-ae992e647b1b",
        "Start Frame": 360,
        "End Frame": 480,
        "Caption": "#C C draws with the pen; #C C draws with the pen; #C C draws with the pen; #C C draws with the pen; #C C draws with the pen"
    },
    {
        "Video Name": "916476da-a699-4132-b5cb-ae992e647b1b",
        "Start Frame": 480,
        "End Frame": 600,
        "Caption": "#C C touches the face.; #c c moves hand towards the; #C C looks at the book; #C C touches the face.; #C C moves the hand."
    },
    {
        "Video Name": "916476da-a699-4132-b5cb-ae992e647b1b",
        "Start Frame": 600,
        "End Frame": 720,
        "Caption": "#C C moves the hand.; #c c moves hand towards the drawing; #C C moves the hand.; #C C moves the hand.; #C C moves the hand."
    },
    {
        "Video Name": "916476da-a699-4132-b5cb-ae992e647b1b",
        "Start Frame": 720,
        "End Frame": 840,
        "Caption": "#C C draws on the book.; #c c draws on a book; #C C draws with the pen.; #c c draws on a drawing book; #C C draws on the book."
    },
    {
        "Video Name": "916476da-a699-4132-b5cb-ae992e647b1b",
        "Start Frame": 840,
        "End Frame": 960,
        "Caption": "#C C draws with the pen.; #c c raises hand towards the table; #C C touches face.; #C C moves the hand.; #C C draws with the pen."
    },
    {
        "Video Name": "916476da-a699-4132-b5cb-ae992e647b1b",
        "Start Frame": 960,
        "End Frame": 1080,
        "Caption": "#C C moves the book.; #C C moves the book.; #C C draws on the book; #C C draws on the book; #C C holds the book "
    },
    {
        "Video Name": "916476da-a699-4132-b5cb-ae992e647b1b",
        "Start Frame": 1080,
        "End Frame": 1200,
        "Caption": "#c c draws on a book; #C C draws with the pen; #C C draws with the pen; #C C draws with the pen; #c c draws on a book"
    },
    {
        "Video Name": "916476da-a699-4132-b5cb-ae992e647b1b",
        "Start Frame": 1200,
        "End Frame": 1320,
        "Caption": "#c c moves hand towards the drawing book; #C C draws with the pen.; #C C draws with the pen.; #C C draws with the pen.; #c c moves the drawing book "
    },
    {
        "Video Name": "916476da-a699-4132-b5cb-ae992e647b1b",
        "Start Frame": 1320,
        "End Frame": 1440,
        "Caption": "#C C draws with the pen.; #c c draws on a drawing book; #c c draws on the drawing book; #c c draws on the drawing book; #c c draws on a drawing book"
    },
    {
        "Video Name": "916476da-a699-4132-b5cb-ae992e647b1b",
        "Start Frame": 1440,
        "End Frame": 1560,
        "Caption": "#c c draws on a drawing book; #c c draws on a drawing book; #c c draws on a drawing book; #C C draws with the pen.; #c c draws on a drawing book"
    },
    {
        "Video Name": "916476da-a699-4132-b5cb-ae992e647b1b",
        "Start Frame": 1560,
        "End Frame": 1680,
        "Caption": "#c c moves hand towards the drawing book; #c c moves hand towards the drawing book; #C C draws with the pen.; #c c moves hand towards the drawing book; #C C draws with the pen."
    },
    {
        "Video Name": "916476da-a699-4132-b5cb-ae992e647b1b",
        "Start Frame": 1680,
        "End Frame": 1800,
        "Caption": "#C C moves the book.; #c c moves hand towards the drawing book; #C C draws with the pen.; #c c moves hand towards the drawing book; #C C moves the book."
    },
    {
        "Video Name": "916476da-a699-4132-b5cb-ae992e647b1b",
        "Start Frame": 1800,
        "End Frame": 1920,
        "Caption": "#c c draws on a drawing book; #c c draws on a drawing book; #c c draws on a drawing book; #C C draws with the pen.; #C C draws with the pen."
    },
    {
        "Video Name": "916476da-a699-4132-b5cb-ae992e647b1b",
        "Start Frame": 1920,
        "End Frame": 2040,
        "Caption": "#C C moves the book.; #C C draws with the pen.; #C C moves the book.; #c c moves hand towards the drawing book; #C C moves the hand."
    },
    {
        "Video Name": "916476da-a699-4132-b5cb-ae992e647b1b",
        "Start Frame": 2040,
        "End Frame": 2160,
        "Caption": "#c c draws on a book; #c c draws on a book; #C C draws with the pen; #c c draws on a book; #c c draws on a book"
    },
    {
        "Video Name": "916476da-a699-4132-b5cb-ae992e647b1b",
        "Start Frame": 2160,
        "End Frame": 2280,
        "Caption": "#C C draws with the pen; #C C draws with the pen; #C C draws with the pen; #C C draws with the pen; #C C draws with the pen"
    },
    {
        "Video Name": "916476da-a699-4132-b5cb-ae992e647b1b",
        "Start Frame": 2280,
        "End Frame": 2400,
        "Caption": "#C C moves the hand.; #C C draws with the pen; #C C moves the book.; #C C draws with the pen; #c c draws on a book"
    },
    {
        "Video Name": "916476da-a699-4132-b5cb-ae992e647b1b",
        "Start Frame": 2400,
        "End Frame": 2520,
        "Caption": "#c c draws on a; #c c draws on a; #c c draws on a; #c c draws on a; #c c draws on a"
    },
    {
        "Video Name": "916476da-a699-4132-b5cb-ae992e647b1b",
        "Start Frame": 2520,
        "End Frame": 2640,
        "Caption": "#C C draws with the pen.; #C C moves the hand.; #c c moves hand towards the drawing book; #c c moves hand towards the drawing book; #C C moves the book."
    },
    {
        "Video Name": "916476da-a699-4132-b5cb-ae992e647b1b",
        "Start Frame": 2640,
        "End Frame": 2760,
        "Caption": "#c c moves hand towards the drawing book; #C C draws with the pen.; #c c moves hand towards the drawing book; #C C moves the book.; #C C draws with the pen."
    },
    {
        "Video Name": "916476da-a699-4132-b5cb-ae992e647b1b",
        "Start Frame": 2760,
        "End Frame": 2880,
        "Caption": "#C C draws with the pen.; #C C draws with the pen.; #c c draws on a book; #C C draws with the pen.; #c c draws on a drawing book"
    },
    {
        "Video Name": "916476da-a699-4132-b5cb-ae992e647b1b",
        "Start Frame": 2880,
        "End Frame": 3000,
        "Caption": "#c c moves the book; #C C moves the book.; #C C moves the book.; #C C draws with the pen.; #c c moves hand towards the drawing book"
    },
    {
        "Video Name": "916476da-a699-4132-b5cb-ae992e647b1b",
        "Start Frame": 3000,
        "End Frame": 3120,
        "Caption": "#c c draws on a drawing book; #c c draws on a drawing book; #c c draws on a drawing book; #c c draws on the drawing book; #c c draws on a drawing book"
    },
    {
        "Video Name": "916476da-a699-4132-b5cb-ae992e647b1b",
        "Start Frame": 3120,
        "End Frame": 3240,
        "Caption": "#C C moves the book.; #C C draws with the pen.; #C C draws with the pen.; #c c moves hand towards the drawing book; #c c moves hand towards the drawing book"
    },
    {
        "Video Name": "916476da-a699-4132-b5cb-ae992e647b1b",
        "Start Frame": 3240,
        "End Frame": 3360,
        "Caption": "#c c draws on a drawing book; #c c draws on a drawing book; #c c draws on a drawing book; #c c draws on a drawing book; #C C draws with the pen."
    },
    {
        "Video Name": "916476da-a699-4132-b5cb-ae992e647b1b",
        "Start Frame": 3360,
        "End Frame": 3480,
        "Caption": "#C C draws with the pen.; #c c moves hand towards the drawing; #c c draws on a book; #c c draws on a book; #c c moves hand towards the drawing"
    },
    {
        "Video Name": "916476da-a699-4132-b5cb-ae992e647b1b",
        "Start Frame": 3480,
        "End Frame": 3600,
        "Caption": "#C C draws with the pen.; #c c moves hand towards the drawing book; #C C draws with the pen.; #c c moves hand towards the drawing book; #C C moves the hand."
    },
    {
        "Video Name": "916476da-a699-4132-b5cb-ae992e647b1b",
        "Start Frame": 3600,
        "End Frame": 3720,
        "Caption": "#c c draws on a drawing book ; #C C draws with the pen.; #c c draws on a drawing book ; #c c moves hand towards the drawing book; #c c draws on a drawing book "
    },
    {
        "Video Name": "916476da-a699-4132-b5cb-ae992e647b1b",
        "Start Frame": 3720,
        "End Frame": 3840,
        "Caption": "#C C moves the book.; #C C moves the book.; #C C draws with the pen; #C C moves the book.; #C C draws with the pen"
    },
    {
        "Video Name": "916476da-a699-4132-b5cb-ae992e647b1b",
        "Start Frame": 3840,
        "End Frame": 3960,
        "Caption": "#c c draws on a; #c c draws on a; #c c draws on a; #c c draws on a; #c c draws on a"
    },
    {
        "Video Name": "916476da-a699-4132-b5cb-ae992e647b1b",
        "Start Frame": 3960,
        "End Frame": 4080,
        "Caption": "#c c moves hand towards the drawing book; #c c moves hand towards the drawing book; #C C moves the book.; #c c moves hand towards the drawing book; #c c moves hand towards the drawing book"
    },
    {
        "Video Name": "916476da-a699-4132-b5cb-ae992e647b1b",
        "Start Frame": 4080,
        "End Frame": 4200,
        "Caption": "#c c rubs the left hand fingers together; #c c folds the fingers; #c c puts hand together; #C C touches the left hand; #c c rubs hand "
    },
    {
        "Video Name": "916476da-a699-4132-b5cb-ae992e647b1b",
        "Start Frame": 4200,
        "End Frame": 4320,
        "Caption": "#c c moves hands; #C C scratches hand; #C C looks at the hand; #C C moves the hand.; #c c places the hand on the table"
    },
    {
        "Video Name": "916476da-a699-4132-b5cb-ae992e647b1b",
        "Start Frame": 4320,
        "End Frame": 4440,
        "Caption": "#c c moves hand towards the drawing book; #C C draws with the pen.; #c c moves hand towards the drawing book; #c c moves hand towards the drawing book; #C C draws with the pen."
    },
    {
        "Video Name": "916476da-a699-4132-b5cb-ae992e647b1b",
        "Start Frame": 4440,
        "End Frame": 4560,
        "Caption": "#c c draws on a drawing book ; #c c paints the drawing on the drawing book; #c c draws on a drawing book ; #c c draws on a drawing book ; #C C paints with the pen."
    },
    {
        "Video Name": "916476da-a699-4132-b5cb-ae992e647b1b",
        "Start Frame": 4560,
        "End Frame": 4680,
        "Caption": "#C C draws with the pen; #C C draws with the pen; #c c draws on a book; #C C draws with the pen; #C C draws with the pen"
    },
    {
        "Video Name": "916476da-a699-4132-b5cb-ae992e647b1b",
        "Start Frame": 4680,
        "End Frame": 4800,
        "Caption": "#c c moves hand towards the drawing book; #C C draws with the pen.; #c c moves hand towards the drawing book; #c c moves hand towards the drawing book; #C C draws with the pen."
    },
    {
        "Video Name": "916476da-a699-4132-b5cb-ae992e647b1b",
        "Start Frame": 4800,
        "End Frame": 4920,
        "Caption": "#C C draws with the pen.; #C C moves the hand.; #c c moves hand towards the book; #c c moves hand towards the drawing; #C C moves the book."
    },
    {
        "Video Name": "916476da-a699-4132-b5cb-ae992e647b1b",
        "Start Frame": 4920,
        "End Frame": 5040,
        "Caption": "#c c moves hand towards the drawing; #C C draws with the pen.; #c c draws on a drawing book; #C C draws with the pen.; #c c moves hand towards the drawing"
    },
    {
        "Video Name": "916476da-a699-4132-b5cb-ae992e647b1b",
        "Start Frame": 5040,
        "End Frame": 5160,
        "Caption": "#C C draws with the pen.; #c c moves hand towards the drawing book; #c c draws on a book; #c c moves hand towards the drawing book; #c c moves hand towards the drawing book"
    },
    {
        "Video Name": "916476da-a699-4132-b5cb-ae992e647b1b",
        "Start Frame": 5160,
        "End Frame": 5280,
        "Caption": "#c c moves hand towards the drawing book; #C C moves the book.; #c c moves hand towards the drawing book; #c c moves hand towards the drawing book; #c c moves hand towards the drawing book"
    },
    {
        "Video Name": "916476da-a699-4132-b5cb-ae992e647b1b",
        "Start Frame": 5280,
        "End Frame": 5400,
        "Caption": "#C C draws with the pen.; #c c moves hand towards the drawing book; #C C draws with the pen.; #c c draws on a book; #c c moves hand towards the drawing book"
    }
]