[
    {
        "Video Name": "93a92b6f-5ed2-4b2c-9f9c-a6307e1fb256",
        "Start Frame": 0,
        "End Frame": 120,
        "Caption": "#C C welds the metal; #C C welds the metal; #C C welds the metal; #C C welds the metal; #C C welds the metal"
    },
    {
        "Video Name": "93a92b6f-5ed2-4b2c-9f9c-a6307e1fb256",
        "Start Frame": 120,
        "End Frame": 240,
        "Caption": "#C C welds the; #C C welds metal; #C C welds metal; #C C welds a; #C C welds a"
    },
    {
        "Video Name": "93a92b6f-5ed2-4b2c-9f9c-a6307e1fb256",
        "Start Frame": 240,
        "End Frame": 360,
        "Caption": "#C C hammers the metal; #C C hammers the metal; #C C hammers metal; #C C hits the metal rod; #C C hammers the metal"
    },
    {
        "Video Name": "93a92b6f-5ed2-4b2c-9f9c-a6307e1fb256",
        "Start Frame": 360,
        "End Frame": 480,
        "Caption": "#C C moves hammer; #C C picks a welding machine; #C C puts the hammer on the; #C C puts the hammer down ; #C C picks a hammer "
    },
    {
        "Video Name": "93a92b6f-5ed2-4b2c-9f9c-a6307e1fb256",
        "Start Frame": 480,
        "End Frame": 600,
        "Caption": "#C C welds a; #C C turns the metal; #C C welds a; #C C welds the; #C C welds "
    },
    {
        "Video Name": "93a92b6f-5ed2-4b2c-9f9c-a6307e1fb256",
        "Start Frame": 600,
        "End Frame": 720,
        "Caption": "#C C picks a metal; #C C moves the metal; #C C picks the metal; #C C picks a metal; #C C picks a metal"
    },
    {
        "Video Name": "93a92b6f-5ed2-4b2c-9f9c-a6307e1fb256",
        "Start Frame": 720,
        "End Frame": 840,
        "Caption": "#C C measures the metal; #C C measures a metal; #C C measures the metal; #C C measures the metal; #C C measures the metal"
    },
    {
        "Video Name": "93a92b6f-5ed2-4b2c-9f9c-a6307e1fb256",
        "Start Frame": 840,
        "End Frame": 960,
        "Caption": "#C C welds a metal; #C C welds the metals; #C C holds the metal; #C C welds the metal; #C C holds the metal bar"
    },
    {
        "Video Name": "93a92b6f-5ed2-4b2c-9f9c-a6307e1fb256",
        "Start Frame": 960,
        "End Frame": 1080,
        "Caption": "#C C welds the metal; #C C welds the metal bar using a welding machine; #C C welds the metal bar; #C C welds the metal bar; #C C welds the metal rod"
    },
    {
        "Video Name": "93a92b6f-5ed2-4b2c-9f9c-a6307e1fb256",
        "Start Frame": 1080,
        "End Frame": 1200,
        "Caption": "#C C welds metal; #C C welds the metal; #C C welds the metal; #C C welds the metal bar with a welding; #C C welds the metal rod"
    },
    {
        "Video Name": "93a92b6f-5ed2-4b2c-9f9c-a6307e1fb256",
        "Start Frame": 1200,
        "End Frame": 1320,
        "Caption": "#C C welds a metal bar; #C C welds the metal bar using a welding; #C C welds the metal rod; #C C welds the metal rod with a welding; #C C welds the metal"
    },
    {
        "Video Name": "93a92b6f-5ed2-4b2c-9f9c-a6307e1fb256",
        "Start Frame": 1320,
        "End Frame": 1440,
        "Caption": "#C C welds the metal bar with a welding; #C C welds the metal rod with the welding; #C C welds the metal with the welding machine; #C C welds the metal; #C C welds the metal"
    },
    {
        "Video Name": "93a92b6f-5ed2-4b2c-9f9c-a6307e1fb256",
        "Start Frame": 1440,
        "End Frame": 1560,
        "Caption": "#C C puts the electrode holder on the; #C C puts the electrode holder on the; #C C turns the metal; #C C puts the welding machine on the; #C C puts the welding machine down "
    },
    {
        "Video Name": "93a92b6f-5ed2-4b2c-9f9c-a6307e1fb256",
        "Start Frame": 1560,
        "End Frame": 1680,
        "Caption": "#C C hammers the metal; #C C hammers the metal; #C C hammers the metal; #C C hammers the metal; #C C hammers the metal"
    },
    {
        "Video Name": "93a92b6f-5ed2-4b2c-9f9c-a6307e1fb256",
        "Start Frame": 1680,
        "End Frame": 1800,
        "Caption": "#C C puts the hammer down ; #C C puts the hammer down; #C C holds the hammer; #C C puts the hammer on the; #C C hammers the metal rod"
    },
    {
        "Video Name": "93a92b6f-5ed2-4b2c-9f9c-a6307e1fb256",
        "Start Frame": 1800,
        "End Frame": 1920,
        "Caption": "#C C welds the metal rod with a welding; #C C welds the metal; #C C welds the metal; #C C welds the metal; #C C welds the metal"
    },
    {
        "Video Name": "93a92b6f-5ed2-4b2c-9f9c-a6307e1fb256",
        "Start Frame": 1920,
        "End Frame": 2040,
        "Caption": "#C C places the welding gun on the floor; #C C drops the welding machine on the ground with his right; #c c puts the metal rod down; #C C puts the welding machine down; #C C puts the welding machine on the floor"
    },
    {
        "Video Name": "93a92b6f-5ed2-4b2c-9f9c-a6307e1fb256",
        "Start Frame": 2040,
        "End Frame": 2160,
        "Caption": "#C C puts the metal down; #c c picks a metal rod; #C C picks a metal; #C C puts the welding machine; #C C picks a metal"
    },
    {
        "Video Name": "93a92b6f-5ed2-4b2c-9f9c-a6307e1fb256",
        "Start Frame": 2160,
        "End Frame": 2280,
        "Caption": "#C C measures the metal rod; #C C measures the metal bar; #C C measures the metal; #C C measures the metal; #C C measures metal rod"
    },
    {
        "Video Name": "93a92b6f-5ed2-4b2c-9f9c-a6307e1fb256",
        "Start Frame": 2280,
        "End Frame": 2400,
        "Caption": "#C C welds a metal; #C C welds the metal; #C C welds the metal; #C C welds the metal with the welding; #C C welds the metal rod"
    },
    {
        "Video Name": "93a92b6f-5ed2-4b2c-9f9c-a6307e1fb256",
        "Start Frame": 2400,
        "End Frame": 2520,
        "Caption": "#C C looks around ; #C C looks around the; #C C looks around the; #C C looks around the; #C C looks around the"
    },
    {
        "Video Name": "93a92b6f-5ed2-4b2c-9f9c-a6307e1fb256",
        "Start Frame": 2520,
        "End Frame": 2640,
        "Caption": "#C C turns around; #C C holds a; #C C turns the; #C C turns the; #C C holds the"
    },
    {
        "Video Name": "93a92b6f-5ed2-4b2c-9f9c-a6307e1fb256",
        "Start Frame": 2640,
        "End Frame": 2760,
        "Caption": "#c c welds a metal; #C C welds the metals; #C C  holds the metal rod with the left; #C C welds the metal bar; #C C welds a metal"
    },
    {
        "Video Name": "93a92b6f-5ed2-4b2c-9f9c-a6307e1fb256",
        "Start Frame": 2760,
        "End Frame": 2880,
        "Caption": "#C C welds the metal; #C C welds the metal; #C C welds the metal; #C C welds the metal; #C C welds the metal with a welding"
    },
    {
        "Video Name": "93a92b6f-5ed2-4b2c-9f9c-a6307e1fb256",
        "Start Frame": 2880,
        "End Frame": 3000,
        "Caption": "#C C welds the metal with a welding machine; #C C welds the metal; #C C welds the metal rod; #C C welds the metal rod; #C C welds the metal"
    },
    {
        "Video Name": "93a92b6f-5ed2-4b2c-9f9c-a6307e1fb256",
        "Start Frame": 3000,
        "End Frame": 3120,
        "Caption": "#C C welds the metal; #C C welds metal; #C C welds the metal; #C C welds the metal with the welding; #C C welds the metal"
    },
    {
        "Video Name": "93a92b6f-5ed2-4b2c-9f9c-a6307e1fb256",
        "Start Frame": 3120,
        "End Frame": 3240,
        "Caption": "#C C welds a metal; #C C welds the metal rod; #C C welds the metal; #C C welds the metal rod with the welding; #C C welds the metal"
    },
    {
        "Video Name": "93a92b6f-5ed2-4b2c-9f9c-a6307e1fb256",
        "Start Frame": 3240,
        "End Frame": 3360,
        "Caption": "#C C welds the metal; #C C holds the hammer; #C C welds the metal; #C C holds the welding machine; #C C puts the welding machine down"
    },
    {
        "Video Name": "93a92b6f-5ed2-4b2c-9f9c-a6307e1fb256",
        "Start Frame": 3360,
        "End Frame": 3480,
        "Caption": "#C C hammers the metal; #C C hits the metal with a; #C C rotates the metal rod; #C C holds the metal rod; #C C hits the metal rod with"
    },
    {
        "Video Name": "93a92b6f-5ed2-4b2c-9f9c-a6307e1fb256",
        "Start Frame": 3480,
        "End Frame": 3600,
        "Caption": "#C C puts the hammer down ; #C C puts the hammer on the; #C C puts the hammer down ; #C C puts hammer on the floor; #C C puts hammer down "
    },
    {
        "Video Name": "93a92b6f-5ed2-4b2c-9f9c-a6307e1fb256",
        "Start Frame": 3600,
        "End Frame": 3720,
        "Caption": "#C C welds the metal; #C C welds the metal; #C C welds the metal; #C C welds the metal; #C C welds the metal"
    },
    {
        "Video Name": "93a92b6f-5ed2-4b2c-9f9c-a6307e1fb256",
        "Start Frame": 3720,
        "End Frame": 3840,
        "Caption": "#C C turns the metal; #C C puts the welding machine down ; #C C  moves the welding machine ; #C C puts the welding machine on the; #C C puts the welding machine down "
    },
    {
        "Video Name": "93a92b6f-5ed2-4b2c-9f9c-a6307e1fb256",
        "Start Frame": 3840,
        "End Frame": 3960,
        "Caption": "#C C puts metal rod on; #C C  puts the metal; #C C moves the metal rod; #C C picks a metal rod; #C C moves metal"
    },
    {
        "Video Name": "93a92b6f-5ed2-4b2c-9f9c-a6307e1fb256",
        "Start Frame": 3960,
        "End Frame": 4080,
        "Caption": "#C C aligns the metal rod; #C C fixes the metal rod; #C C fixes the metal rod on the metal rod; #C C fixes the metal rod; #C C puts the metal rod on the welding machine"
    },
    {
        "Video Name": "93a92b6f-5ed2-4b2c-9f9c-a6307e1fb256",
        "Start Frame": 4080,
        "End Frame": 4200,
        "Caption": "#C C holds the metal; #C C holds the metal bar; #C C welds a metal; #C C holds the metallic bar; #C C welds a metal"
    },
    {
        "Video Name": "93a92b6f-5ed2-4b2c-9f9c-a6307e1fb256",
        "Start Frame": 4200,
        "End Frame": 4320,
        "Caption": "#C C welds the metal; #C C welds the metal bar with a welding; #C C welds the metal bar using the welding; #C C welds the metal bar with a welding; #C C welds the metal"
    },
    {
        "Video Name": "93a92b6f-5ed2-4b2c-9f9c-a6307e1fb256",
        "Start Frame": 4320,
        "End Frame": 4440,
        "Caption": "#C C welds the metal; #C C welds the metal; #C C welds the metal; #C C welds the metal; #C C welds the metal"
    },
    {
        "Video Name": "93a92b6f-5ed2-4b2c-9f9c-a6307e1fb256",
        "Start Frame": 4440,
        "End Frame": 4560,
        "Caption": "#C C welds the metal; #C C welds metal rod; #C C welds the metal; #C C welds the metal; #C C welds the metal"
    },
    {
        "Video Name": "93a92b6f-5ed2-4b2c-9f9c-a6307e1fb256",
        "Start Frame": 4560,
        "End Frame": 4680,
        "Caption": "#C C welds the metal rod with a welding; #C C welds the metal bar to the metal; #C C welds the metal rod; #C C welds the metal bar; #C C welds the metal"
    },
    {
        "Video Name": "93a92b6f-5ed2-4b2c-9f9c-a6307e1fb256",
        "Start Frame": 4680,
        "End Frame": 4800,
        "Caption": "#C C places the electrode holder on the; #C C places the electrode holder on the; #C C puts the welding machine down; #C C puts the welding machine down; #C C puts the welding machine down"
    },
    {
        "Video Name": "93a92b6f-5ed2-4b2c-9f9c-a6307e1fb256",
        "Start Frame": 4800,
        "End Frame": 4920,
        "Caption": "#C C welds the; #C C holds the electrode; #C C welds metal; #C C holds the welding; #C C welds a"
    },
    {
        "Video Name": "93a92b6f-5ed2-4b2c-9f9c-a6307e1fb256",
        "Start Frame": 4920,
        "End Frame": 5040,
        "Caption": "#C C hammers the metal rod; #C C hammers the metal; #C C hammers the metal bar; #C C hammers the metal; #C C hammers the metal"
    },
    {
        "Video Name": "93a92b6f-5ed2-4b2c-9f9c-a6307e1fb256",
        "Start Frame": 5040,
        "End Frame": 5160,
        "Caption": "#C C welds the metal; #C C welds the metal; #C C welds the metal; #C C turns the metal; #C C welds a metal"
    },
    {
        "Video Name": "93a92b6f-5ed2-4b2c-9f9c-a6307e1fb256",
        "Start Frame": 5160,
        "End Frame": 5280,
        "Caption": "#C C welds a metal; #C C welds the metal; #C C welds the metal; #C C welds the metal; #C C welds a metal"
    },
    {
        "Video Name": "93a92b6f-5ed2-4b2c-9f9c-a6307e1fb256",
        "Start Frame": 5280,
        "End Frame": 5400,
        "Caption": "#C C welds the metal; #C C turns the metal; #C C welds the metal; #C C welds the metal with a welding; #C C welds the metal"
    }
]