[
    {
        "Video Name": "93b1de09-2f89-4b4b-94ac-9d2d94df3d66",
        "Start Frame": 0,
        "End Frame": 120,
        "Caption": "#C C sprays water on the construction site; #C C sprays water on the construction site; #C C sprays water on the construction site; #O man y walks around; #C C sprays water on the construction site with the high pressure was"
    },
    {
        "Video Name": "93b1de09-2f89-4b4b-94ac-9d2d94df3d66",
        "Start Frame": 120,
        "End Frame": 240,
        "Caption": "#C C sprays water on the construction; #C C sprays water on the construction; #O man y stands up; #O man y walks around; #O man y touches his waist"
    },
    {
        "Video Name": "93b1de09-2f89-4b4b-94ac-9d2d94df3d66",
        "Start Frame": 240,
        "End Frame": 360,
        "Caption": "#C C stands on the construction site; #C C puts his phone in his; #C C puts the phone in his; #C C puts the phone in his; #C C turns around"
    },
    {
        "Video Name": "93b1de09-2f89-4b4b-94ac-9d2d94df3d66",
        "Start Frame": 360,
        "End Frame": 480,
        "Caption": "#C C presses the phone; #C C operates the phone; #C C scrolls the phone; #C C presses the phone; #C C dials his"
    },
    {
        "Video Name": "93b1de09-2f89-4b4b-94ac-9d2d94df3d66",
        "Start Frame": 480,
        "End Frame": 600,
        "Caption": "#C C looks at the phone; #C C looks at the phone; #C C looks at the phone; #C C stands on the pathway; #C C stands on the field"
    },
    {
        "Video Name": "93b1de09-2f89-4b4b-94ac-9d2d94df3d66",
        "Start Frame": 600,
        "End Frame": 720,
        "Caption": "#C C looks at the; #C C looks around; #C C looks around ; #C C looks at the; #C C looks around"
    },
    {
        "Video Name": "93b1de09-2f89-4b4b-94ac-9d2d94df3d66",
        "Start Frame": 720,
        "End Frame": 840,
        "Caption": "#C C puts the phone on the; #C C looks around; #C C looks around; #C C picks up his phone; #C C looks around"
    },
    {
        "Video Name": "93b1de09-2f89-4b4b-94ac-9d2d94df3d66",
        "Start Frame": 840,
        "End Frame": 960,
        "Caption": "#C C sprays water on the construction site; #O man y walks on the construction site; #O man y puts the spray gun down; #C C sprays water on the construction site with the spray; #C C sprays water on the construction site"
    },
    {
        "Video Name": "93b1de09-2f89-4b4b-94ac-9d2d94df3d66",
        "Start Frame": 960,
        "End Frame": 1080,
        "Caption": "#C C looks around; #O man y walks towards man x; #C C looks around ; #C C looks around; #C C sprays water on the construction"
    },
    {
        "Video Name": "93b1de09-2f89-4b4b-94ac-9d2d94df3d66",
        "Start Frame": 1080,
        "End Frame": 1200,
        "Caption": "#C C sprays water on the construction; #C C sprays water on the construction; #C C sprays water on the construction; #C C sprays water on the construction; #C C sprays water on the construction"
    },
    {
        "Video Name": "93b1de09-2f89-4b4b-94ac-9d2d94df3d66",
        "Start Frame": 1200,
        "End Frame": 1320,
        "Caption": "#C C sprays water on the construction site; #C C sprays water on the construction site; #C C sprays water on the construction site; #C C sprays the water on the construction; #C C sprays water on the construction site"
    },
    {
        "Video Name": "93b1de09-2f89-4b4b-94ac-9d2d94df3d66",
        "Start Frame": 1320,
        "End Frame": 1440,
        "Caption": "#C C sprays water on the construction; #C C sprays water on the construction; #C C sprays water on the construction; #C C sprays water on the construction; #C C sprays water on the construction"
    },
    {
        "Video Name": "93b1de09-2f89-4b4b-94ac-9d2d94df3d66",
        "Start Frame": 1440,
        "End Frame": 1560,
        "Caption": "#C C sprays water on the construction; #C C sprays water on the construction; #C C sprays water on the construction; #C C sprays water on the construction; #C C sprays water on the construction"
    },
    {
        "Video Name": "93b1de09-2f89-4b4b-94ac-9d2d94df3d66",
        "Start Frame": 1560,
        "End Frame": 1680,
        "Caption": "#C C sprays water on the construction; #C C looks around ; #O man X walks forward; #C C looks around; #C C sprays water on the construction"
    },
    {
        "Video Name": "93b1de09-2f89-4b4b-94ac-9d2d94df3d66",
        "Start Frame": 1680,
        "End Frame": 1800,
        "Caption": "#C C looks around; #O man y walks on the construction; #O man y walks towards the concrete; #O man X walks on the construction; #O man X walks around"
    },
    {
        "Video Name": "93b1de09-2f89-4b4b-94ac-9d2d94df3d66",
        "Start Frame": 1800,
        "End Frame": 1920,
        "Caption": "#C C looks around; #O man X walks around; #C C sprays water on the construction site; #O man y walks on the construction site; #C C sprays water on the construction site with the high pressure was"
    },
    {
        "Video Name": "93b1de09-2f89-4b4b-94ac-9d2d94df3d66",
        "Start Frame": 1920,
        "End Frame": 2040,
        "Caption": "#C C sprays water on the construction site; #O man y and z walks around the construction site; #C C sprays water on the construction site; #C C sprinkles water on the slab; #C C sprays water on the construction site"
    },
    {
        "Video Name": "93b1de09-2f89-4b4b-94ac-9d2d94df3d66",
        "Start Frame": 2040,
        "End Frame": 2160,
        "Caption": "#C C sprays water on the construction; #O man y walks around; #C C sprays water on the construction; #O man y walks on the compound; #O man y walks towards the concrete"
    },
    {
        "Video Name": "93b1de09-2f89-4b4b-94ac-9d2d94df3d66",
        "Start Frame": 2160,
        "End Frame": 2280,
        "Caption": "#O man y walks on the compound; #O man y walks around; #O man y walks forward; #O man y walks around; #C C sprays water on the construction"
    },
    {
        "Video Name": "93b1de09-2f89-4b4b-94ac-9d2d94df3d66",
        "Start Frame": 2280,
        "End Frame": 2400,
        "Caption": "#O man y walks around; #C C sprays water on the construction; #C C sprays water on the construction; #O man y walks around; #C C sprays water on the construction"
    },
    {
        "Video Name": "93b1de09-2f89-4b4b-94ac-9d2d94df3d66",
        "Start Frame": 2400,
        "End Frame": 2520,
        "Caption": "#O man y walks around; #C C sprays water on the construction; #O man y walks around; #C C sprays the concrete; #O man y walks around"
    },
    {
        "Video Name": "93b1de09-2f89-4b4b-94ac-9d2d94df3d66",
        "Start Frame": 2520,
        "End Frame": 2640,
        "Caption": "#O man y walks with man x; #O man y walks forward; #O man y walks around; #C C sprays water on the construction; #O man y walks backwards"
    },
    {
        "Video Name": "93b1de09-2f89-4b4b-94ac-9d2d94df3d66",
        "Start Frame": 2640,
        "End Frame": 2760,
        "Caption": "#C C walks around the construction site; #C C looks around; #C C sprays water on the construction; #C C looks around; #O man y walks around"
    },
    {
        "Video Name": "93b1de09-2f89-4b4b-94ac-9d2d94df3d66",
        "Start Frame": 2760,
        "End Frame": 2880,
        "Caption": "#C C sprays water on the construction; #C C sprays water on the construction; #C C sprays water on the construction; #C C sprays water on the construction; #C C sprays water on the construction"
    },
    {
        "Video Name": "93b1de09-2f89-4b4b-94ac-9d2d94df3d66",
        "Start Frame": 2880,
        "End Frame": 3000,
        "Caption": "#C C sprays water on the construction; #O man y walks forward; #C C sprays water on the construction; #O man y walks forward; #C C sprays water on the construction"
    },
    {
        "Video Name": "93b1de09-2f89-4b4b-94ac-9d2d94df3d66",
        "Start Frame": 3000,
        "End Frame": 3120,
        "Caption": "#C C sprays water on the construction site; #C C sprays water on the construction site; #C C sprays water on the construction site with the high pressure was; #C C sprays water on the construction site; #C C sprays water on the construction site"
    },
    {
        "Video Name": "93b1de09-2f89-4b4b-94ac-9d2d94df3d66",
        "Start Frame": 3120,
        "End Frame": 3240,
        "Caption": "#C C sprays water on the construction site; #C C sprays water on the construction site; #C C sprays water on the construction site; #O man y and z walks around the compound; #C C sprays the ground"
    },
    {
        "Video Name": "93b1de09-2f89-4b4b-94ac-9d2d94df3d66",
        "Start Frame": 3240,
        "End Frame": 3360,
        "Caption": "#C C sprays water on the construction site; #C C sprays water on the construction site; #C C sprays water on the construction site with the high pressure was; #O man y and x stands in the construction site; #C C sprays water on the construction site"
    },
    {
        "Video Name": "93b1de09-2f89-4b4b-94ac-9d2d94df3d66",
        "Start Frame": 3360,
        "End Frame": 3480,
        "Caption": "#C C sprays water on the construction site; #C C sprays water on the construction site; #C C sprays water on the construction site; #C C sprays water on the construction site; #C C sprays water on the construction site with a spray"
    },
    {
        "Video Name": "93b1de09-2f89-4b4b-94ac-9d2d94df3d66",
        "Start Frame": 3480,
        "End Frame": 3600,
        "Caption": "#C C sprays water on the construction; #C C sprays water on the construction; #O man y walks around; #C C sprays water on the construction; #O man y walks forward"
    },
    {
        "Video Name": "93b1de09-2f89-4b4b-94ac-9d2d94df3d66",
        "Start Frame": 3600,
        "End Frame": 3720,
        "Caption": "#O man y walks around; #C C looks around; #C C sprays water on the construction; #C C sprays water on the construction; #C C sprays water on the construction"
    },
    {
        "Video Name": "93b1de09-2f89-4b4b-94ac-9d2d94df3d66",
        "Start Frame": 3720,
        "End Frame": 3840,
        "Caption": "#C C moves around; #C C walks around the construction site; #C C puts the pipe on the; #C C pulls his shirt; #C C walks forward"
    },
    {
        "Video Name": "93b1de09-2f89-4b4b-94ac-9d2d94df3d66",
        "Start Frame": 3840,
        "End Frame": 3960,
        "Caption": "#C C walks around; #C C walks around; #C C walks around; #C C walks forward; #C C walks on the"
    },
    {
        "Video Name": "93b1de09-2f89-4b4b-94ac-9d2d94df3d66",
        "Start Frame": 3960,
        "End Frame": 4080,
        "Caption": "#C C walks around the; #C C walks around; #C C walks around; #C C walks forward; #C C walks around the"
    },
    {
        "Video Name": "93b1de09-2f89-4b4b-94ac-9d2d94df3d66",
        "Start Frame": 4080,
        "End Frame": 4200,
        "Caption": "#C C picks a spade from the; #C C picks a spade ; #C C picks the grass cutter; #C C walks around the compound ; #C C bends down"
    },
    {
        "Video Name": "93b1de09-2f89-4b4b-94ac-9d2d94df3d66",
        "Start Frame": 4200,
        "End Frame": 4320,
        "Caption": "#C C touches the bag; #C C picks the bag; #C C picks the bag; #C C picks a bag; #C C picks a cleaning"
    },
    {
        "Video Name": "93b1de09-2f89-4b4b-94ac-9d2d94df3d66",
        "Start Frame": 4320,
        "End Frame": 4440,
        "Caption": "#C C takes a  concrete trowel; #C C takes a mud pan ; #C C picks a tool ; #C C picks a trowel ; #C C picks a sander"
    },
    {
        "Video Name": "93b1de09-2f89-4b4b-94ac-9d2d94df3d66",
        "Start Frame": 4440,
        "End Frame": 4560,
        "Caption": "#C C puts the paper on the; #C C takes out a paper; #O a man X gives C a; #C C takes the paper from person; #c c gives man x the bottle"
    },
    {
        "Video Name": "93b1de09-2f89-4b4b-94ac-9d2d94df3d66",
        "Start Frame": 4560,
        "End Frame": 4680,
        "Caption": "#O man X walks towards the manure; #O man A walks towards the grass; #O O throws the paper to C; #O man X holds a carton; #O man X picks a plastic bag"
    },
    {
        "Video Name": "93b1de09-2f89-4b4b-94ac-9d2d94df3d66",
        "Start Frame": 4680,
        "End Frame": 4800,
        "Caption": "#C C scratches his; #C C scratches his; #O man X walks; #C C wipes his; #O man y looks"
    },
    {
        "Video Name": "93b1de09-2f89-4b4b-94ac-9d2d94df3d66",
        "Start Frame": 4800,
        "End Frame": 4920,
        "Caption": "#O man Y walks towards; #C C walks around; #C C walks forward; #O man X walks; #C C walks forward"
    },
    {
        "Video Name": "93b1de09-2f89-4b4b-94ac-9d2d94df3d66",
        "Start Frame": 4920,
        "End Frame": 5040,
        "Caption": "#C C walks around; #C C walks on the ground; #C C walks around; #C C walks around; #C C walks on the compound"
    },
    {
        "Video Name": "93b1de09-2f89-4b4b-94ac-9d2d94df3d66",
        "Start Frame": 5040,
        "End Frame": 5160,
        "Caption": "#C C presses the laser level; #C C presses the button on the laser measuring; #C C presses buttons on the laser distance meter; #C C presses a button on the drone; #C C touches the battery "
    },
    {
        "Video Name": "93b1de09-2f89-4b4b-94ac-9d2d94df3d66",
        "Start Frame": 5160,
        "End Frame": 5280,
        "Caption": "#C C picks the machine ; #C C picks the cutting tool; #C C picks a machine cutter; #C C picks a machine from the; #C C picks up a cutting tool"
    },
    {
        "Video Name": "93b1de09-2f89-4b4b-94ac-9d2d94df3d66",
        "Start Frame": 5280,
        "End Frame": 5400,
        "Caption": "#C C looks around ; #C C turns on laser measuring; #C C picks up the laser measurement; #C C looks at laser measurement; #C C holds the laser measurement "
    }
]