[
    {
        "Video Name": "94f6e8bd-b65d-4fd0-b2a9-75b69397fe2e",
        "Start Frame": 0,
        "End Frame": 120,
        "Caption": "#C C puts the phone on the table; #C C drops the phone on the table with both hands; #C C puts the phone on the table; #C C puts the phone on the table; #C C drops the phone on the table."
    },
    {
        "Video Name": "94f6e8bd-b65d-4fd0-b2a9-75b69397fe2e",
        "Start Frame": 120,
        "End Frame": 240,
        "Caption": "#C C puts the wheel holder on the; #C C moves a box on the table; #C C Moves a tool holder on a; #C C takes the calipers ; #C C opens the box"
    },
    {
        "Video Name": "94f6e8bd-b65d-4fd0-b2a9-75b69397fe2e",
        "Start Frame": 240,
        "End Frame": 360,
        "Caption": "#C C takes a piece of wood from the box; #C C takes out a brush from a box; #C C picks up a sponge; #C C picks up a wood holder; #C C takes a sandpaper from a carton"
    },
    {
        "Video Name": "94f6e8bd-b65d-4fd0-b2a9-75b69397fe2e",
        "Start Frame": 360,
        "End Frame": 480,
        "Caption": "#C C puts the container on the table; #C C places the containers on the table; #C C puts the box on the table ; #C C puts wood cuttings in a; #C C puts the box on top of the"
    },
    {
        "Video Name": "94f6e8bd-b65d-4fd0-b2a9-75b69397fe2e",
        "Start Frame": 480,
        "End Frame": 600,
        "Caption": "#C C opens the box; #C C removes the box from the table; #c c picks  box; #C C moves a box; #C C removes the wood from the cart"
    },
    {
        "Video Name": "94f6e8bd-b65d-4fd0-b2a9-75b69397fe2e",
        "Start Frame": 600,
        "End Frame": 720,
        "Caption": "#C C holds the box.; #C C holds a box.; #C C opens the box; #C C opens the box.; #C C touches the wooden stick"
    },
    {
        "Video Name": "94f6e8bd-b65d-4fd0-b2a9-75b69397fe2e",
        "Start Frame": 720,
        "End Frame": 840,
        "Caption": "#C C pulls the box; #C C pulls a knife from the; #C C takes a knife from the; #C C puts the knife on the; #C C picks the knife"
    },
    {
        "Video Name": "94f6e8bd-b65d-4fd0-b2a9-75b69397fe2e",
        "Start Frame": 840,
        "End Frame": 960,
        "Caption": "#C C cuts the wood with the utility knife; #c c sharpens a pencil with a knife; #C C cuts the wood.; #C C cuts a piece of paper with the knife.; #C C cuts the paper on the table with the utility"
    },
    {
        "Video Name": "94f6e8bd-b65d-4fd0-b2a9-75b69397fe2e",
        "Start Frame": 960,
        "End Frame": 1080,
        "Caption": "#C C sharpens the wood file with the blade; #C C puts the blade into the machete; #C C cuts the wood.; #C C cuts the wood with a knife.; #C C cuts the wood."
    },
    {
        "Video Name": "94f6e8bd-b65d-4fd0-b2a9-75b69397fe2e",
        "Start Frame": 1080,
        "End Frame": 1200,
        "Caption": "#C C cuts the paper with the knife.; #C C picks up a blade from the table; #C C cuts the piece of wood with a; #C C Moves a wood rod on a table; #C C takes the ruler."
    },
    {
        "Video Name": "94f6e8bd-b65d-4fd0-b2a9-75b69397fe2e",
        "Start Frame": 1200,
        "End Frame": 1320,
        "Caption": "#C C cuts the edge of the wood.; #C C cuts the wood with a knife.; #C C cuts the wood.; #C C cuts the wood with the knife.; #C C sharpens the blade with a saw"
    },
    {
        "Video Name": "94f6e8bd-b65d-4fd0-b2a9-75b69397fe2e",
        "Start Frame": 1320,
        "End Frame": 1440,
        "Caption": "#C C holds the piece of wood on the table ; #C C holds a cut piece of wood on the table; #C C cuts the piece of wood with the knife.; #C C cuts the piece of wood with the utility knife; #C C sharpens a piece of wood with a knife"
    },
    {
        "Video Name": "94f6e8bd-b65d-4fd0-b2a9-75b69397fe2e",
        "Start Frame": 1440,
        "End Frame": 1560,
        "Caption": "#C C moves the piece of wood on the table; #C C cuts the paper with the blade.; #C C cuts the piece of wood.; #C C cuts the piece of wood with the blade; #C C cuts the wood with the cutter."
    },
    {
        "Video Name": "94f6e8bd-b65d-4fd0-b2a9-75b69397fe2e",
        "Start Frame": 1560,
        "End Frame": 1680,
        "Caption": "#C C holds the triangular rule with his hands.; #C C places the ruler on the wooden board; #C C turns the square ruler; #C C cuts the wooden board with the knife.; #C C moves the square ruler on the piece of wood."
    },
    {
        "Video Name": "94f6e8bd-b65d-4fd0-b2a9-75b69397fe2e",
        "Start Frame": 1680,
        "End Frame": 1800,
        "Caption": "#C C Cuts a piece of wood with a; #C C cuts the wood.; #C C cuts the wooden block.; #C C Cuts a piece of wood with a; #C C cuts the piece of wood with the knife"
    },
    {
        "Video Name": "94f6e8bd-b65d-4fd0-b2a9-75b69397fe2e",
        "Start Frame": 1800,
        "End Frame": 1920,
        "Caption": "#C C picks up the utility knife; #C C opens the cutter.; #C C cuts the paper.; #C C cuts the paper on the table; #C C tears the box."
    },
    {
        "Video Name": "94f6e8bd-b65d-4fd0-b2a9-75b69397fe2e",
        "Start Frame": 1920,
        "End Frame": 2040,
        "Caption": "#C C sharpens the knife ; #C C puts the knife on the table; #C C Picks a knife from the table; #C C puts the knife on the table; #C C sharpens the knife"
    },
    {
        "Video Name": "94f6e8bd-b65d-4fd0-b2a9-75b69397fe2e",
        "Start Frame": 2040,
        "End Frame": 2160,
        "Caption": "#C C cuts the wood; #C C cuts the wood.; #C C cuts the board.; #C C cuts the wood into smaller pieces; #C C cuts the wood."
    },
    {
        "Video Name": "94f6e8bd-b65d-4fd0-b2a9-75b69397fe2e",
        "Start Frame": 2160,
        "End Frame": 2280,
        "Caption": "#C C picks a knife from the table; #C C Picks up a knife from a; #C C Picks up a knife from a; #C C picks up a knife.; #C C picks a knife from the table"
    },
    {
        "Video Name": "94f6e8bd-b65d-4fd0-b2a9-75b69397fe2e",
        "Start Frame": 2280,
        "End Frame": 2400,
        "Caption": "#C C sharpens the blade; #C C sharpens the pencil.; #C C sharpens the pencil.; #C C sharpens the blade.; #C C sharpens the pencil with the knife"
    },
    {
        "Video Name": "94f6e8bd-b65d-4fd0-b2a9-75b69397fe2e",
        "Start Frame": 2400,
        "End Frame": 2520,
        "Caption": "#C C cuts the piece of wood; #C C cuts the wood; #C C cuts the piece of wood with the knife; #C C measures the wooden piece with the square.; #C C cuts the paper with the knife."
    },
    {
        "Video Name": "94f6e8bd-b65d-4fd0-b2a9-75b69397fe2e",
        "Start Frame": 2520,
        "End Frame": 2640,
        "Caption": "#C C holds a pen on the piece of paper ; #C C cuts the piece of wood.; #C C holds a set square.; #C C cuts the piece of wood with the penknife; #C C cuts the piece of wood with the cutter knife"
    },
    {
        "Video Name": "94f6e8bd-b65d-4fd0-b2a9-75b69397fe2e",
        "Start Frame": 2640,
        "End Frame": 2760,
        "Caption": "#C C cuts the paper with the knife.; #C C measures the piece of wood with the ruler.; #C C cuts the ruler with the knife.; #C C measures the paper with the ruler.; #C C measures the piece of wood with the square ruler"
    },
    {
        "Video Name": "94f6e8bd-b65d-4fd0-b2a9-75b69397fe2e",
        "Start Frame": 2760,
        "End Frame": 2880,
        "Caption": "#C C adjusts the chair; #C C picks up the knife; #C C places the knife on the; #C C takes a knife; #C C puts the knife on the"
    },
    {
        "Video Name": "94f6e8bd-b65d-4fd0-b2a9-75b69397fe2e",
        "Start Frame": 2880,
        "End Frame": 3000,
        "Caption": "#C C Picks up a knife from a; #C C picks up a knife; #C C stares at the knife; #C C picks knife on the table.; #C C takes a knife "
    },
    {
        "Video Name": "94f6e8bd-b65d-4fd0-b2a9-75b69397fe2e",
        "Start Frame": 3000,
        "End Frame": 3120,
        "Caption": "#C C measures the wooden board with a ruler; #C C places the ruler under the piece of wood; #C C measures the wood with a ruler.; #C C measures the wood.; #C C measures the board with the ruler."
    },
    {
        "Video Name": "94f6e8bd-b65d-4fd0-b2a9-75b69397fe2e",
        "Start Frame": 3120,
        "End Frame": 3240,
        "Caption": "#C C cuts the wood with the blade.; #C C measures the wood with the ruler.; #C C puts the ruler on the table ; #C C cuts the wood with the utility knife; #C C moves the ruler."
    },
    {
        "Video Name": "94f6e8bd-b65d-4fd0-b2a9-75b69397fe2e",
        "Start Frame": 3240,
        "End Frame": 3360,
        "Caption": "#C C pulls the ruler off the wood; #C C places the ruler on the wood; #C C measures the wood with the ruler; #C C adjusts the ruler.; #C C turns the ruler."
    },
    {
        "Video Name": "94f6e8bd-b65d-4fd0-b2a9-75b69397fe2e",
        "Start Frame": 3360,
        "End Frame": 3480,
        "Caption": "#C C cuts the wood.; #C C removes knife blade ; #C C cuts the piece of wood ; #C C cuts the wood with the knife; #C C cuts the paper on the table"
    },
    {
        "Video Name": "94f6e8bd-b65d-4fd0-b2a9-75b69397fe2e",
        "Start Frame": 3480,
        "End Frame": 3600,
        "Caption": "#C C cuts the piece of wood.; #C C cuts the wood with the knife.; #C C cuts the wood with the knife.; #C C cuts the piece of wood with the utility saw; #C C cuts the piece of wood with the hand saw"
    },
    {
        "Video Name": "94f6e8bd-b65d-4fd0-b2a9-75b69397fe2e",
        "Start Frame": 3600,
        "End Frame": 3720,
        "Caption": "#C C turns the ruler.; #C C places the ruler on the table; #C C cuts the paper.; #C C turns the paper knife.; #C C moves the ruler."
    },
    {
        "Video Name": "94f6e8bd-b65d-4fd0-b2a9-75b69397fe2e",
        "Start Frame": 3720,
        "End Frame": 3840,
        "Caption": "#C C cuts the knife with the knife cutter.; #C C cuts the wood.; #C C cuts the knife ; #C C cuts the knife; #C C sharpens the knife with the grinder"
    },
    {
        "Video Name": "94f6e8bd-b65d-4fd0-b2a9-75b69397fe2e",
        "Start Frame": 3840,
        "End Frame": 3960,
        "Caption": "#C C cuts the wood with the utility; #C C sharpens the blade; #C C cuts the wood with the knife; #C C sharpens the blade; #C C cuts the paper."
    },
    {
        "Video Name": "94f6e8bd-b65d-4fd0-b2a9-75b69397fe2e",
        "Start Frame": 3960,
        "End Frame": 4080,
        "Caption": "#C C cuts the wood with the knife; #C C cuts the wood.; #C C cuts the wood with the knife; #C C cuts the wood with the knife; #C C cuts the wood with the knife"
    },
    {
        "Video Name": "94f6e8bd-b65d-4fd0-b2a9-75b69397fe2e",
        "Start Frame": 4080,
        "End Frame": 4200,
        "Caption": "#C C cuts the wood with the knife; #C C holds the knife; #C C cuts the wood into two; #C C cuts the wood with the knife; #C C sharpens the blade"
    },
    {
        "Video Name": "94f6e8bd-b65d-4fd0-b2a9-75b69397fe2e",
        "Start Frame": 4200,
        "End Frame": 4320,
        "Caption": "#C C Holds the knife with both; #C C holds the knife with both hands; #C C Holds the knife; #C C Holds a knife with hands; #C C holds the knife with both hands"
    },
    {
        "Video Name": "94f6e8bd-b65d-4fd0-b2a9-75b69397fe2e",
        "Start Frame": 4320,
        "End Frame": 4440,
        "Caption": "#C C looks at the knife; #C C holds the utility knife with both hands; #C C holds a knife; #C C Holds the knife; #C C holds the cutter with his left hand"
    },
    {
        "Video Name": "94f6e8bd-b65d-4fd0-b2a9-75b69397fe2e",
        "Start Frame": 4440,
        "End Frame": 4560,
        "Caption": "#C C measures the wood.; #C C holds the ruler.; #C C holds a ruler; #C C holds a ruler; #C C measures the ruler with the ruler"
    },
    {
        "Video Name": "94f6e8bd-b65d-4fd0-b2a9-75b69397fe2e",
        "Start Frame": 4560,
        "End Frame": 4680,
        "Caption": "#C C measures the board with the square ruler.; #C C holds a ruler; #C C looks at the ruler; #C C measures the wooden stick with the L shape; #C C measures the wood with the ruler."
    },
    {
        "Video Name": "94f6e8bd-b65d-4fd0-b2a9-75b69397fe2e",
        "Start Frame": 4680,
        "End Frame": 4800,
        "Caption": "#C C cuts the wood.; #C C cuts the piece of wood.; #C C draws a line on the wood with the ruler; #C C puts a mark with a pencil; #C C holds the ruler on the wood."
    },
    {
        "Video Name": "94f6e8bd-b65d-4fd0-b2a9-75b69397fe2e",
        "Start Frame": 4800,
        "End Frame": 4920,
        "Caption": "#C C cuts a wood ; #C C puts the wood shavings into the dustbin; #C C picks up a wood shavings on the table; #C C takes a sharpener blade; #C C puts the wood screws in the container"
    },
    {
        "Video Name": "94f6e8bd-b65d-4fd0-b2a9-75b69397fe2e",
        "Start Frame": 4920,
        "End Frame": 5040,
        "Caption": "#C C picks a; #C C picks a; #C C moves a; #C C picks the; #C C picks a"
    },
    {
        "Video Name": "94f6e8bd-b65d-4fd0-b2a9-75b69397fe2e",
        "Start Frame": 5040,
        "End Frame": 5160,
        "Caption": "#C C drinks water; #C C drinks the water; #C C drinks from the; #C C drinks from the; #C C drinks the water"
    },
    {
        "Video Name": "94f6e8bd-b65d-4fd0-b2a9-75b69397fe2e",
        "Start Frame": 5160,
        "End Frame": 5280,
        "Caption": "#C C moves the ruler.; #C C measures the board with the ruler; #C C measures the piece of wood with the square; #C C measures the wood with a ruler.; #C C measures the wood with the ruler."
    },
    {
        "Video Name": "94f6e8bd-b65d-4fd0-b2a9-75b69397fe2e",
        "Start Frame": 5280,
        "End Frame": 5400,
        "Caption": "#C C adjusts the ruler on the table; #C C places the ruler on the table; #C C takes the ruler.; #C C moves the ruler.; #C C picks a ruler from the table"
    }
]