[
    {
        "Video Name": "960f4df3-e414-48ae-8f29-188ab5eeca0b",
        "Start Frame": 0,
        "End Frame": 120,
        "Caption": "#C C mixes the dough in the bowl of flour with her right hand.; #C C mixes the flour in the tray with her right hand; #C C scoops the dough in the tray on the ground with her right hand; #C C mixes the dough with flour; #C C mixes the dough with flour"
    },
    {
        "Video Name": "960f4df3-e414-48ae-8f29-188ab5eeca0b",
        "Start Frame": 120,
        "End Frame": 240,
        "Caption": "#C C pours water from the bowl in her right hand on her left palm; #C C pours water from the bowl in her left hand onto her right hand; #C C touches the bowl with her left hand.; #C C touches the flour in the bowl on the floor with her left hand.; #C C pours water from the bowl to the ground with her left hand."
    },
    {
        "Video Name": "960f4df3-e414-48ae-8f29-188ab5eeca0b",
        "Start Frame": 240,
        "End Frame": 360,
        "Caption": "#C C stirs the flour with her hands; #C C kneads the dough; #C C adjusts the bowl with her left hand; #C C mixes the flour; #C C mixes the dough"
    },
    {
        "Video Name": "960f4df3-e414-48ae-8f29-188ab5eeca0b",
        "Start Frame": 360,
        "End Frame": 480,
        "Caption": "#C C mixes dough; #C C kneads dough; #C C holds the basin with her left hand.; #C C touches the flour; #C C mixes the dough in the tray with her right hand"
    },
    {
        "Video Name": "960f4df3-e414-48ae-8f29-188ab5eeca0b",
        "Start Frame": 480,
        "End Frame": 600,
        "Caption": "#C C kneads the dough; #C C mixes dough in the basin with her right hand.; #C C mixes the dough in the bowl with her right hand.; #C C mixes the dough in the bowl on the floor with her right hand; #C C scoops flour "
    },
    {
        "Video Name": "960f4df3-e414-48ae-8f29-188ab5eeca0b",
        "Start Frame": 600,
        "End Frame": 720,
        "Caption": "#C C kneads the dough; #C C kneads dough ; #C C kneads the dough; #C C cuts the dough; #C C kneads dough"
    },
    {
        "Video Name": "960f4df3-e414-48ae-8f29-188ab5eeca0b",
        "Start Frame": 720,
        "End Frame": 840,
        "Caption": "#C C kneads dough ; #C C kneads the dough with both; #C C kneads the dough ; #C C kneads dough ; #C C kneads dough "
    },
    {
        "Video Name": "960f4df3-e414-48ae-8f29-188ab5eeca0b",
        "Start Frame": 840,
        "End Frame": 960,
        "Caption": "#C C wipes her hands; #C C puts her hands in a bowl of water on the floor; #C C rubs her palms together.; #C C touches the flour in the bowl with her left hand.; #C C touches the bowl on the floor with her right hand."
    },
    {
        "Video Name": "960f4df3-e414-48ae-8f29-188ab5eeca0b",
        "Start Frame": 960,
        "End Frame": 1080,
        "Caption": "#C C rubs her hands; #C C kneads the dough with her; #C C rubs her hands together; #C C rubs her hands together; #C C rubs her hands together."
    },
    {
        "Video Name": "960f4df3-e414-48ae-8f29-188ab5eeca0b",
        "Start Frame": 1080,
        "End Frame": 1200,
        "Caption": "#C C kneads the dough with both hands; #O The man X walks towards C.; #C C puts the dough in the tray; #O The man X walks into the kitchen.; #C C converses with a woman X"
    },
    {
        "Video Name": "960f4df3-e414-48ae-8f29-188ab5eeca0b",
        "Start Frame": 1200,
        "End Frame": 1320,
        "Caption": "#C C wipes the hands; #C C rubs her hands together; #C C rubs her hands together; #C C rubs her hands together; #C C rubs her hands together"
    },
    {
        "Video Name": "960f4df3-e414-48ae-8f29-188ab5eeca0b",
        "Start Frame": 1320,
        "End Frame": 1440,
        "Caption": "#C C picks the cooking pot lid from the ground; #C C moves a stainless bowl on the floor with her left hand; #C C picks a pot lid from the ground with her left hand; #C C picks the metal bowl from the ground with her left hand; #C C picks the tray from the floor with her right hand"
    },
    {
        "Video Name": "960f4df3-e414-48ae-8f29-188ab5eeca0b",
        "Start Frame": 1440,
        "End Frame": 1560,
        "Caption": "#C C adds water in the cooking pot; #C C pours the rice in the pot on the stove with the spoon in her right hand.; #C C pours rice from the pot to the pot on the stove with the spoon in her right hand; #C C puts the spoon in the pot with her right hand.; #C C puts the spoon in her right hand into the pot on the stove."
    },
    {
        "Video Name": "960f4df3-e414-48ae-8f29-188ab5eeca0b",
        "Start Frame": 1560,
        "End Frame": 1680,
        "Caption": "#C C picks a serving spoon; #C C drops the spoon in her right hand into the pot on the floor; #C C puts the spoon in the bowl.; #C C drops the spoon into a pot on the floor.; #C C puts a spoon on a tray "
    },
    {
        "Video Name": "960f4df3-e414-48ae-8f29-188ab5eeca0b",
        "Start Frame": 1680,
        "End Frame": 1800,
        "Caption": "#C C picks up the tray on the floor with her left hand.; #C C opens the frying pan on the gas cooker with her left hand; #C C opens the pot with her left hand.; #C C removes the lid with the piece of cloth ; #C C picks up the tray from the bowl with her left hand."
    },
    {
        "Video Name": "960f4df3-e414-48ae-8f29-188ab5eeca0b",
        "Start Frame": 1800,
        "End Frame": 1920,
        "Caption": "#C C pours the sauce into the pot on the stove with her right hand.; #C C hits the spoon on the deep frying pan on the stove with her right hand.; #C C pours the vegetables in the spoon in her right hand into the pot on the stove; #C C puts the spoon in the pot; #C C holds the tray with her left hand."
    },
    {
        "Video Name": "960f4df3-e414-48ae-8f29-188ab5eeca0b",
        "Start Frame": 1920,
        "End Frame": 2040,
        "Caption": "#C C pours the soup into the pot with the spoon in her right hand.; #C C mixes the vegetables in the pot with the spoon in her right hand. ; #C C stirs the vegetables in the pot with the spoon in her right hand.; #C C stirs the vegetables in the pot with the spoon in her right hand.; #C C stirs the vegetable in the pot on the stove with the spoon in her right hand"
    },
    {
        "Video Name": "960f4df3-e414-48ae-8f29-188ab5eeca0b",
        "Start Frame": 2040,
        "End Frame": 2160,
        "Caption": "# C c picks food; #C C puts spoon on the cooking pot; #C C stirs the vegetable; #C C drops the spoon on the pot with her right hand; # C C touches food"
    },
    {
        "Video Name": "960f4df3-e414-48ae-8f29-188ab5eeca0b",
        "Start Frame": 2160,
        "End Frame": 2280,
        "Caption": "#C C stirs the vegetables in the pot with the spoon in her right hand.; #C C stirs the vegetable soup with the spoon in her right hand.; #C C stirs the rice with the spoon; #C C stirs the food ; #C C stirs the vegetables in the deep frying pan with the spoon in her right hand"
    },
    {
        "Video Name": "960f4df3-e414-48ae-8f29-188ab5eeca0b",
        "Start Frame": 2280,
        "End Frame": 2400,
        "Caption": "#C C stirs the vegetable ; #C C stirs the food with the spoon. ; #C C stirs the vegetables in the pot with the spoon in her right hand; #C C mixes the food ; #C C stirs the vegetables in the pot with the spoon in her right hand"
    },
    {
        "Video Name": "960f4df3-e414-48ae-8f29-188ab5eeca0b",
        "Start Frame": 2400,
        "End Frame": 2520,
        "Caption": "#C C stirs the food ; #C C stirs the vegetable; #C C stirs the food; #C C mixes the food; #C C mixes the food in the pot with the spoon in her right hand"
    },
    {
        "Video Name": "960f4df3-e414-48ae-8f29-188ab5eeca0b",
        "Start Frame": 2520,
        "End Frame": 2640,
        "Caption": "#C C stirs the food in the pot with the spoon in her right hand.; #C C stirs the rice with the spoon in her right hand.; #C C drops the spoon on the pot on the stove with her right hand.; # C c picks food; # C C takes food"
    },
    {
        "Video Name": "960f4df3-e414-48ae-8f29-188ab5eeca0b",
        "Start Frame": 2640,
        "End Frame": 2760,
        "Caption": "#C C picks the lid from the pan with her left hand.; #C C picks the spoon on the pot with her right hand.; #C C holds the spoon on the pot on the stove with her right hand.; #C C turns the food in the pot on the stove with the spoon in her right hand; #C C pours water from the plate into the pot on the stove with her left hand"
    },
    {
        "Video Name": "960f4df3-e414-48ae-8f29-188ab5eeca0b",
        "Start Frame": 2760,
        "End Frame": 2880,
        "Caption": "#C C drops the spoon on the tray with her right hand; #C C places the spoon on a plate with her right hand; #C C puts the tray on the table; #C C puts down the serving spoon ; #C C puts the spoon in the tray"
    },
    {
        "Video Name": "960f4df3-e414-48ae-8f29-188ab5eeca0b",
        "Start Frame": 2880,
        "End Frame": 3000,
        "Caption": "#C C picks a cloth ; #C C picks up the cloth on the floor with her right hand; #C C picks the piece of cloth; #C C picks up a cloth from the ground with her right hand; #C C picks up a cloth on the floor with her right hand"
    },
    {
        "Video Name": "960f4df3-e414-48ae-8f29-188ab5eeca0b",
        "Start Frame": 3000,
        "End Frame": 3120,
        "Caption": "#C C takes the bottle of water; #C C picks up the bottle of water from the floor with her right; #C C looks at the other side; #C C picks the jug; #C C picks up the bottle"
    },
    {
        "Video Name": "960f4df3-e414-48ae-8f29-188ab5eeca0b",
        "Start Frame": 3120,
        "End Frame": 3240,
        "Caption": "#C C picks a piece of cow dung pallet ; #C C picks the cow dung pallet from the ground with her right hand; #C C picks a piece of wood from the floor with her right hand.; #C C picks a piece of cow dung pallet; #C C picks a piece of firewood from the floor with her right hand."
    },
    {
        "Video Name": "960f4df3-e414-48ae-8f29-188ab5eeca0b",
        "Start Frame": 3240,
        "End Frame": 3360,
        "Caption": "#C C picks up a piece of wood from the ground with her right hand; #C C picks the cow dung cake from the ground with her right hand; #C C takes out the cow dung pallet ; #C C picks cow dung charcoal from the ground with her right hand.; #C C removes cow dung cake cot from the fire"
    },
    {
        "Video Name": "960f4df3-e414-48ae-8f29-188ab5eeca0b",
        "Start Frame": 3360,
        "End Frame": 3480,
        "Caption": "#C C adjusts the wood on the floor with her right hand.; #C C picks cow dung pallet ; #C C picks a piece of wood from the ground with her right hand; #C C picks cow dung pallet ; #C C picks a dry cow dung with her right hand. "
    },
    {
        "Video Name": "960f4df3-e414-48ae-8f29-188ab5eeca0b",
        "Start Frame": 3480,
        "End Frame": 3600,
        "Caption": "#C C takes a dry dung from the ground with her right hand; #C C picks up a wood shavings from the ground.; #C C picks up a piece of wood from the ground with her right; #C C picks a stone from the ground with her right hand.; #C C picks a piece of wood from the ground with her right hand"
    },
    {
        "Video Name": "960f4df3-e414-48ae-8f29-188ab5eeca0b",
        "Start Frame": 3600,
        "End Frame": 3720,
        "Caption": "#C C takes a piece of cow dung pallet; #C C pushes dry wood into stove; #C C picks a stone on the ground with her right hand.; #C C adjusts the cow dung pallet in the fire place.; #C C touches cow dung pallet "
    },
    {
        "Video Name": "960f4df3-e414-48ae-8f29-188ab5eeca0b",
        "Start Frame": 3720,
        "End Frame": 3840,
        "Caption": "#C C picks cow dung pallet ; #C C picks the cow dung pallet ; #C C picks another cow dung pallet  from the; #C C picks up a piece of wood; #C C picks a piece of wood"
    },
    {
        "Video Name": "960f4df3-e414-48ae-8f29-188ab5eeca0b",
        "Start Frame": 3840,
        "End Frame": 3960,
        "Caption": "#C C picks the bowl from the floor with her left hand; #C C picks a basin; #C C holds the bowl on the ground with her left hand; #C C moves the bowl on the floor with her left hand; #C C picks up the bowl on the floor with her left"
    },
    {
        "Video Name": "960f4df3-e414-48ae-8f29-188ab5eeca0b",
        "Start Frame": 3960,
        "End Frame": 4080,
        "Caption": "#C C rubs her hands together; #C C rubs her hands together; #C C rubs her palms together; #C C rubs her hands together; #C C rubs her hands together"
    },
    {
        "Video Name": "960f4df3-e414-48ae-8f29-188ab5eeca0b",
        "Start Frame": 4080,
        "End Frame": 4200,
        "Caption": "#C C kneads dough with both hands.; #C C rubs the flour on her hands; #C C kneads dough with both hands; #C C kneads the dough in the bowl with both; #C C holds basin"
    },
    {
        "Video Name": "960f4df3-e414-48ae-8f29-188ab5eeca0b",
        "Start Frame": 4200,
        "End Frame": 4320,
        "Caption": "#C C kneads the dough with both hands.; #C C cuts the dough with her hands; #C C kneads the dough; #C C kneads the dough with both hands.; #C C kneads the dough in the bowl with both hands"
    },
    {
        "Video Name": "960f4df3-e414-48ae-8f29-188ab5eeca0b",
        "Start Frame": 4320,
        "End Frame": 4440,
        "Caption": "#C C kneads dough; #C C kneads the dough; #C C kneads the dough; #C C kneads the dough; #C C kneads the dough"
    },
    {
        "Video Name": "960f4df3-e414-48ae-8f29-188ab5eeca0b",
        "Start Frame": 4440,
        "End Frame": 4560,
        "Caption": "#C C puts dough on the tray; #C C puts the kneading stick down; #C C drops the dough on the tray with her right hand; #C C puts the kneading stick down; #C C places her right hand on her left leg."
    },
    {
        "Video Name": "960f4df3-e414-48ae-8f29-188ab5eeca0b",
        "Start Frame": 4560,
        "End Frame": 4680,
        "Caption": "#C C picks a bowl; #C C picks up the bowl of water from the floor with her right hand.; #C C scoops water from a bowl on the floor with her right hand.; #C C dips her right hand into the water in the bowl on the floor.; #C C rinses her right hand in the container of water on the floor"
    },
    {
        "Video Name": "960f4df3-e414-48ae-8f29-188ab5eeca0b",
        "Start Frame": 4680,
        "End Frame": 4800,
        "Caption": "#C C cleans the tray; #C C takes a piece of dough from the bowl of water on the ground with her right hand.; #C C takes water from the bowl on the floor with her right hand. ; #C C washes her hands with water from the bowl.; #C C scoops water from the bowl with her right hand."
    },
    {
        "Video Name": "960f4df3-e414-48ae-8f29-188ab5eeca0b",
        "Start Frame": 4800,
        "End Frame": 4920,
        "Caption": "#C C cuts dough from the; #C C kneads dough; #C C kneads dough; #C C kneads dough; #C C kneads the"
    },
    {
        "Video Name": "960f4df3-e414-48ae-8f29-188ab5eeca0b",
        "Start Frame": 4920,
        "End Frame": 5040,
        "Caption": "#C C kneads dough ; #C C kneads dough with both hands; #C C kneads the dough with both hands.; #C C kneads the dough in the bowl with both hands; #C C picks dough "
    },
    {
        "Video Name": "960f4df3-e414-48ae-8f29-188ab5eeca0b",
        "Start Frame": 5040,
        "End Frame": 5160,
        "Caption": "#C C kneads the dough in the bowl with both hands; #C C kneads dough ; #C C kneads the dough; #C C kneads the dough with both hands.; #C C cuts out a small portion of the dough."
    },
    {
        "Video Name": "960f4df3-e414-48ae-8f29-188ab5eeca0b",
        "Start Frame": 5160,
        "End Frame": 5280,
        "Caption": "#C C kneads dough; #C C kneads dough; #C C kneads dough; #C C kneads dough; #C C kneads dough"
    },
    {
        "Video Name": "960f4df3-e414-48ae-8f29-188ab5eeca0b",
        "Start Frame": 5280,
        "End Frame": 5400,
        "Caption": "#C C kneads dough; #C C kneads dough; #C C kneads dough; #C C kneads dough; #C C kneads dough"
    }
]