[
    {
        "Video Name": "97dc6bb7-7eed-45f7-bdb0-269ab8c2f639",
        "Start Frame": 0,
        "End Frame": 120,
        "Caption": "#C C picks a screw from a lift stand.; #C C picks the bolt on the lift stand with his right hand.; #C C picks up the lawn mower; #C C picks a metal tube; #C C picks a bolt from a stacker on the mower worktable with his right hand"
    },
    {
        "Video Name": "97dc6bb7-7eed-45f7-bdb0-269ab8c2f639",
        "Start Frame": 120,
        "End Frame": 240,
        "Caption": "#C C walks around the garage; #C C walks around.; #C C picks the oil; #C C puts the oil can on the lawn mower; #C C drops the cordless drill machine on the lawn m"
    },
    {
        "Video Name": "97dc6bb7-7eed-45f7-bdb0-269ab8c2f639",
        "Start Frame": 240,
        "End Frame": 360,
        "Caption": "#C C drops the bolt on a stand.; #C C drops the impact wrench on a metal platform.; #C C drops the bolt on the lawn mower.; #C C puts the nut on the tire; #C C drops the bolt on the hydraulic lift with his right hand"
    },
    {
        "Video Name": "97dc6bb7-7eed-45f7-bdb0-269ab8c2f639",
        "Start Frame": 360,
        "End Frame": 480,
        "Caption": "#C C operates the lawn mower; #C C adjusts the lawn mower.; #C C pulls the gear on the lawn mower.; #C C pulls a starter handle of the lawn mower with his right hand; #C C moves the lawn mower."
    },
    {
        "Video Name": "97dc6bb7-7eed-45f7-bdb0-269ab8c2f639",
        "Start Frame": 480,
        "End Frame": 600,
        "Caption": "#C C adjusts the lawn mower with his left hand.; #C C holds the lawn mower handle ; #C C pulls the starter handle of the lawn mower with his right hand; #C C pulls the starter handle; #C C turns the lawn mower"
    },
    {
        "Video Name": "97dc6bb7-7eed-45f7-bdb0-269ab8c2f639",
        "Start Frame": 600,
        "End Frame": 720,
        "Caption": "#C C touches the lawn mower ; #C C turns the lawn mower handle; #C C removes his left hand from the lawn mower; #C C places his left hand on the lawn mower; #C C drops the screw on the lawn mower"
    },
    {
        "Video Name": "97dc6bb7-7eed-45f7-bdb0-269ab8c2f639",
        "Start Frame": 720,
        "End Frame": 840,
        "Caption": "#C C walks into a workshop; #C C walks around the workshop; #C C walks towards the lawn mower; #C C steps on the mower; #C C walks towards the lawn mower"
    },
    {
        "Video Name": "97dc6bb7-7eed-45f7-bdb0-269ab8c2f639",
        "Start Frame": 840,
        "End Frame": 960,
        "Caption": "#C C walks on the floor; #C C adjusts the stool with his right leg; #C C walks around; #C C steps on the lawn mower; #C C bends on the mower"
    },
    {
        "Video Name": "97dc6bb7-7eed-45f7-bdb0-269ab8c2f639",
        "Start Frame": 960,
        "End Frame": 1080,
        "Caption": "#C C adjusts the machine on the floor with his right hand.; #C C touches the lawn mower with his right hand.; #C C stands up; #C C puts his right leg on the lawn mower.; #C C adjusts the lawn mower with his hands"
    },
    {
        "Video Name": "97dc6bb7-7eed-45f7-bdb0-269ab8c2f639",
        "Start Frame": 1080,
        "End Frame": 1200,
        "Caption": "#C C bends down. ; #C C places his right hand on the lawn mower; #C C pulls his hands off the lawn mower; #C C stands up; #C C moves to the workshop lift."
    },
    {
        "Video Name": "97dc6bb7-7eed-45f7-bdb0-269ab8c2f639",
        "Start Frame": 1200,
        "End Frame": 1320,
        "Caption": "#C C removes his hands from the lawn m; #C C puts his right hand in his pocket; #C C stands up; #C C looks around the workshop; #C C walks in the room"
    },
    {
        "Video Name": "97dc6bb7-7eed-45f7-bdb0-269ab8c2f639",
        "Start Frame": 1320,
        "End Frame": 1440,
        "Caption": "#C C picks a bolt from the table with his right hand; #C C picks up the bolt.; #C C picks up a nut; #C C picks up a nut; #C C picks a bolt extractor from the table with his right hand"
    },
    {
        "Video Name": "97dc6bb7-7eed-45f7-bdb0-269ab8c2f639",
        "Start Frame": 1440,
        "End Frame": 1560,
        "Caption": "#C C walks around the workshop; #C C walks around the workshop; #C C walks towards the lawn mower.; #C C removes the screw from the lamp with his right hand; #C C walks towards the lawn mower"
    },
    {
        "Video Name": "97dc6bb7-7eed-45f7-bdb0-269ab8c2f639",
        "Start Frame": 1560,
        "End Frame": 1680,
        "Caption": "#C C drops the plier on the workbench.; #C C drops the pliers; #C C drops the pliers on the table.; #C C drops the plier on a table with his right hand.; #C C drops the plier on the tool box with his right hand"
    },
    {
        "Video Name": "97dc6bb7-7eed-45f7-bdb0-269ab8c2f639",
        "Start Frame": 1680,
        "End Frame": 1800,
        "Caption": "#C C drops the spanner on the floor with his right hand.; #C C drops the spanner on the lawn mower with his right hand; #C C drops the spanner on the floor with his right hand.; #C C holds the spanner with both hands.; #C C walks to the lawn mower"
    },
    {
        "Video Name": "97dc6bb7-7eed-45f7-bdb0-269ab8c2f639",
        "Start Frame": 1800,
        "End Frame": 1920,
        "Caption": "#C C drops the nut on the lawn mower with his right hand.; #C C adjusts the lawn mower; #C C touches the lawn mower; #C C drops the other spanner on the lawn mower with his right hand; #C C picks a spanner"
    },
    {
        "Video Name": "97dc6bb7-7eed-45f7-bdb0-269ab8c2f639",
        "Start Frame": 1920,
        "End Frame": 2040,
        "Caption": "#C C fixes the lawn mower part; #C C pulls a wire of the mower with his right hand; #C C touches the lawn mower with his right hand.; #C C touches a lawn mower ; #C C adjusts the wire under the lawn mower with his hands"
    },
    {
        "Video Name": "97dc6bb7-7eed-45f7-bdb0-269ab8c2f639",
        "Start Frame": 2040,
        "End Frame": 2160,
        "Caption": "#C C removes the spanner from the lawn mower with his right hand; #C C removes the tube from the machine.; #C C removes the plug spanner from the plug with his right hand.; #C C puts a spanner on the floor ; #C C picks a spanner"
    },
    {
        "Video Name": "97dc6bb7-7eed-45f7-bdb0-269ab8c2f639",
        "Start Frame": 2160,
        "End Frame": 2280,
        "Caption": "#C C tightens the nut with the wrench.; #C C pulls the plug spanner off the bolt; #C C removes the nut from the lawn mower with his right hand; #C C tightens the nut with the spanner in his left hand; #C C holds the spanner with both hands."
    },
    {
        "Video Name": "97dc6bb7-7eed-45f7-bdb0-269ab8c2f639",
        "Start Frame": 2280,
        "End Frame": 2400,
        "Caption": "#C C holds the wrench with both hands.; #C C holds the spanner with both hands.; #C C inserts the nut in his right hand to the bolt on the lawn mower; #C C holds the spanner with both hands.; #C C drops the plier on the floor with his left hand."
    },
    {
        "Video Name": "97dc6bb7-7eed-45f7-bdb0-269ab8c2f639",
        "Start Frame": 2400,
        "End Frame": 2520,
        "Caption": "#C C drops the spanner on the floor with his left hand.; #C C removes the second spanner from the plug with his left hand; #C C drops the other spanner on the floor with his left hand; #C C drops the spanner on the floor with his left hand.; #C C drops the part of the lawn mower on the floor."
    },
    {
        "Video Name": "97dc6bb7-7eed-45f7-bdb0-269ab8c2f639",
        "Start Frame": 2520,
        "End Frame": 2640,
        "Caption": "#C C drops the spanner on the floor with his right hand; #C C fixes the bolt on the lawn mower; #C C drops the spanner on the floor with his right hand; #C C puts the spanner on the floor; #C C drops the spanner"
    },
    {
        "Video Name": "97dc6bb7-7eed-45f7-bdb0-269ab8c2f639",
        "Start Frame": 2640,
        "End Frame": 2760,
        "Caption": "#C C picks the cylinder cover from the floor with his left hand.; #C C picks a cover from the floor with his hands; #C C picks a rubber cover from the floor with his right hand.; #C C picks up a bowl of oil on the floor with his left hand; #C C removes the air filter"
    },
    {
        "Video Name": "97dc6bb7-7eed-45f7-bdb0-269ab8c2f639",
        "Start Frame": 2760,
        "End Frame": 2880,
        "Caption": "#C C fixes the oil filter with his left hand.; #C C tightens the hose to the machine; #C C pulls out the hose from the air filter with his right hand.; #C C removes a ring from the hose in the lawn mower with his right hand; #C C puts the nut on the bolt"
    },
    {
        "Video Name": "97dc6bb7-7eed-45f7-bdb0-269ab8c2f639",
        "Start Frame": 2880,
        "End Frame": 3000,
        "Caption": "#C C touches a gas tank cap; #C C puts the cloth on the floor; #C C looks around; #C C picks the rag from the lawn mower with his right hand; #C C picks up a cloth"
    },
    {
        "Video Name": "97dc6bb7-7eed-45f7-bdb0-269ab8c2f639",
        "Start Frame": 3000,
        "End Frame": 3120,
        "Caption": "#C C drops the nut on the floor with his right hand; #C C puts down the towel; #C C puts the hose on the lawn mower; #C C looks around; #C C picks a nail from the floor with his right hand"
    },
    {
        "Video Name": "97dc6bb7-7eed-45f7-bdb0-269ab8c2f639",
        "Start Frame": 3120,
        "End Frame": 3240,
        "Caption": "#C C picks the engine part Y from the lawn mower with his left hand; #C C opens the lawn mower.; #C C  puts the metal on the lawn mower; #C C pulls out a deck cover of the lawn mower with his left hand; #C C removes a wire from the lawn mower with his left hand"
    },
    {
        "Video Name": "97dc6bb7-7eed-45f7-bdb0-269ab8c2f639",
        "Start Frame": 3240,
        "End Frame": 3360,
        "Caption": "#C C drops the engine part Y on the mower; #C C drops the part of the riding mower on the lawn mower with his left hand; #C C drops the lawn mower part; #C C drops the engine cover on the lawn mower.; #C C drops the gas tank cap on the lawn mower. "
    },
    {
        "Video Name": "97dc6bb7-7eed-45f7-bdb0-269ab8c2f639",
        "Start Frame": 3360,
        "End Frame": 3480,
        "Caption": "#C C removes a metal plate from the lawn mower with his left hand; #C C picks a screw from the lawn mower; #C C picks up the part of the lawn mower with his left hand; #C C picks a cover from the lawn mower with his left hand.; #C C picks the engine part on the lawn mower with his left hand"
    },
    {
        "Video Name": "97dc6bb7-7eed-45f7-bdb0-269ab8c2f639",
        "Start Frame": 3480,
        "End Frame": 3600,
        "Caption": "#C C passes the air filter from his right hand to his left hand; #C C holds the other part of the lawn mower with his right; #C C puts the screw on the lawn mower; #C C drops the bolts on the lawn mower; #C C removes a screw from the lawn mower"
    },
    {
        "Video Name": "97dc6bb7-7eed-45f7-bdb0-269ab8c2f639",
        "Start Frame": 3600,
        "End Frame": 3720,
        "Caption": "#C C walks around; #C C walks around the; #C C walks around the; #C C walks around the; #C C walks in the"
    },
    {
        "Video Name": "97dc6bb7-7eed-45f7-bdb0-269ab8c2f639",
        "Start Frame": 3720,
        "End Frame": 3840,
        "Caption": "#C C closes the drawer with his right hand; #C C closes the drawer; #C C closes the drawer with his right hand; #C C closes a drawer with his right hand; #C C closes the drawer."
    },
    {
        "Video Name": "97dc6bb7-7eed-45f7-bdb0-269ab8c2f639",
        "Start Frame": 3840,
        "End Frame": 3960,
        "Caption": "#C C closes the drawer with his right hand; #C C closes the drawer with his left hand; #C C opens the drawer; #C C closes the drawer; #C C opens the drawer."
    },
    {
        "Video Name": "97dc6bb7-7eed-45f7-bdb0-269ab8c2f639",
        "Start Frame": 3960,
        "End Frame": 4080,
        "Caption": "#C C closes the drawer; #C C closes the drawer; #C C closes the drawer; #C C closes the drawer; #C C closes the drawer"
    },
    {
        "Video Name": "97dc6bb7-7eed-45f7-bdb0-269ab8c2f639",
        "Start Frame": 4080,
        "End Frame": 4200,
        "Caption": "#C C walks in the room; #C C walks towards the lawn mower.; #C C walks to a toolbox.; #C C walks to the other side of the; #C C walks around the workshop"
    },
    {
        "Video Name": "97dc6bb7-7eed-45f7-bdb0-269ab8c2f639",
        "Start Frame": 4200,
        "End Frame": 4320,
        "Caption": "#C C walks around the garage ; #C C walks towards a lawn m; #C C walks in the workshop ; #C C walks towards the lawn m; #C C walks around the workshop"
    },
    {
        "Video Name": "97dc6bb7-7eed-45f7-bdb0-269ab8c2f639",
        "Start Frame": 4320,
        "End Frame": 4440,
        "Caption": "#C C removes the paper from the lawn mower; #C C puts the part of the lawn mower on the lawn m; #C C places the blade on the lawn mower; #C C walks around the workshop; #C C takes the engine part from the lawn mower"
    },
    {
        "Video Name": "97dc6bb7-7eed-45f7-bdb0-269ab8c2f639",
        "Start Frame": 4440,
        "End Frame": 4560,
        "Caption": "#C C covers the lawn mower with the lawn mower cover; #C C loosens a part of the lawn mower with his right hand.; #C C holds the lawn mower part; #C C places the first lawn mower part on the lawn mower with his right hand; #C C removes the engine part X from the lawn mower with his left hand."
    },
    {
        "Video Name": "97dc6bb7-7eed-45f7-bdb0-269ab8c2f639",
        "Start Frame": 4560,
        "End Frame": 4680,
        "Caption": "#C C tightens the screw to the lawn mower with his left hand.; #C C fixes the screw to the engine; #C C places the screw on the lawn mower with his left hand; #C C opens the engine oil cap of the lawn mower with his left hand; #C C fixes the lawn mower"
    },
    {
        "Video Name": "97dc6bb7-7eed-45f7-bdb0-269ab8c2f639",
        "Start Frame": 4680,
        "End Frame": 4800,
        "Caption": "#C C fixes the fan into the lawn mower with his both hands; #C C places the part of the lawn mower on the lawn mower with his; #C C holds the machine.; #C C covers the lawn mower with the cover.; #C C moves the engine cover"
    },
    {
        "Video Name": "97dc6bb7-7eed-45f7-bdb0-269ab8c2f639",
        "Start Frame": 4800,
        "End Frame": 4920,
        "Caption": "#C C touches a part of the lawn mower with his left; #C C holds the lawn mower with his left hand.; #C C puts his left hand under the lawn mower.; #C C drops the screw on the lawn mower.; #C C drops the screw on the lawn mower"
    },
    {
        "Video Name": "97dc6bb7-7eed-45f7-bdb0-269ab8c2f639",
        "Start Frame": 4920,
        "End Frame": 5040,
        "Caption": "#C C takes a bolt from the engine of the lawn mower with his right hand; #C C tightens the screw on the lawn mower with his right hand.; #C C opens a oil tank.; #C C adjusts a bolt with his right hand.; #C C puts his right hand on the lawn mower."
    },
    {
        "Video Name": "97dc6bb7-7eed-45f7-bdb0-269ab8c2f639",
        "Start Frame": 5040,
        "End Frame": 5160,
        "Caption": "#C C walks towards the lawn mower; #C C walks around the workshop; #C C walks around; #C C walks to the other side of the hydraulic lift; #C C drops the spanner on a plier."
    },
    {
        "Video Name": "97dc6bb7-7eed-45f7-bdb0-269ab8c2f639",
        "Start Frame": 5160,
        "End Frame": 5280,
        "Caption": "#C C passes the plier from his right hand to his left hand; #C C passes the piece of cloth from his left hand to his right; #C C passes the other plier to his left hand; #C C passes the plier to his right hand.; #C C passes the plier to his left hand."
    },
    {
        "Video Name": "97dc6bb7-7eed-45f7-bdb0-269ab8c2f639",
        "Start Frame": 5280,
        "End Frame": 5400,
        "Caption": "#C C walks around the garage ; #C C walks towards the lawn m; #C C walks around the workshop; #C C walks around; #C C walks around the garage "
    }
]