[
    {
        "Video Name": "97f80e1c-164d-4072-8ee9-980e366eec6c",
        "Start Frame": 0,
        "End Frame": 120,
        "Caption": "#C C cuts the vegetables ; #C C cuts the vegetables ; #C C Cuts vegetables ; #C C cuts the vegetables ; #C C cuts the vegetable in her hands on the slicer on the floor"
    },
    {
        "Video Name": "97f80e1c-164d-4072-8ee9-980e366eec6c",
        "Start Frame": 120,
        "End Frame": 240,
        "Caption": "#C C cuts the vegetables with the boti on the; #C C cuts the vegetables ; #C C cuts the vegetables ; #C C Cuts vegetables ; #C C cuts the vegetables "
    },
    {
        "Video Name": "97f80e1c-164d-4072-8ee9-980e366eec6c",
        "Start Frame": 240,
        "End Frame": 360,
        "Caption": "#C C drops the vegetables in the pot ; #C C places the leaf stick in the bowl; #C C puts the leaves in the metal bowl; #C C puts the plucked vegetable in the cooking pot; #C C puts the coriander leaves in the cooking pot"
    },
    {
        "Video Name": "97f80e1c-164d-4072-8ee9-980e366eec6c",
        "Start Frame": 360,
        "End Frame": 480,
        "Caption": "#C C picks a plant; #C C picks a leaf stick from the metal trough on the floor with her right hand; #C C picks up vegetables; #C C picks a leaf stick from the stainless bowl with her right hand.; #C C picks a vegetable plant from the floor with her right hand."
    },
    {
        "Video Name": "97f80e1c-164d-4072-8ee9-980e366eec6c",
        "Start Frame": 480,
        "End Frame": 600,
        "Caption": "#C C plucks vegetable leaves; #C C passes the vegetable to the right; #C C plucks vegetable leaves; #C C pulls the vegetable from the stem; #C C plucks vegetable leaves"
    },
    {
        "Video Name": "97f80e1c-164d-4072-8ee9-980e366eec6c",
        "Start Frame": 600,
        "End Frame": 720,
        "Caption": "#C C removes the vegetables on the branch; #C C holds the vegetable with both hand; #C C plucks vegetable leaves; #C C Plucks out vegetables on tw; #C C drops the vegetables on the floor"
    },
    {
        "Video Name": "97f80e1c-164d-4072-8ee9-980e366eec6c",
        "Start Frame": 720,
        "End Frame": 840,
        "Caption": "#C C drops the vegetables in the basin; #C C Cuts vegetables with her hands; #C C Cuts vegetables with her hands; #C C Plucks out vegetables on the; #C C Cuts vegetables with her hands"
    },
    {
        "Video Name": "97f80e1c-164d-4072-8ee9-980e366eec6c",
        "Start Frame": 840,
        "End Frame": 960,
        "Caption": "#C C holds the vegetable with both hand; #C C holds the vegetables with both hand; #C C drops the vegetable stem on the floor; #C C Picks vegetables from the other hand; #C C passes the vegetable to her left hand"
    },
    {
        "Video Name": "97f80e1c-164d-4072-8ee9-980e366eec6c",
        "Start Frame": 960,
        "End Frame": 1080,
        "Caption": "#C C Cuts vegetables with her; #C C plucks vegetable leaves; #C C plucks vegetable leaves; #C C plucks vegetable leaves; #C C plucks vegetable leave"
    },
    {
        "Video Name": "97f80e1c-164d-4072-8ee9-980e366eec6c",
        "Start Frame": 1080,
        "End Frame": 1200,
        "Caption": "#C C plucks vegetable leaves; #C C Cuts vegetables with hands; #C C plucks vegetable leaves; #C C plucks vegetable leaves; #C C removes a leaf from the"
    },
    {
        "Video Name": "97f80e1c-164d-4072-8ee9-980e366eec6c",
        "Start Frame": 1200,
        "End Frame": 1320,
        "Caption": "#C C holds the leaf stick with her left hand; #C C holds a leaf stick with both hands.; #C C plucks vegetable leave ; #C C plucks vegetable leaves; #C C plucks vegetable leaves"
    },
    {
        "Video Name": "97f80e1c-164d-4072-8ee9-980e366eec6c",
        "Start Frame": 1320,
        "End Frame": 1440,
        "Caption": "#C C puts the vegetables on the left; #C C holds vegetable with both hand; #C C Puts down a plant; #C C holds the vegetables with both hands; #C C holds the vegetable with both hand"
    },
    {
        "Video Name": "97f80e1c-164d-4072-8ee9-980e366eec6c",
        "Start Frame": 1440,
        "End Frame": 1560,
        "Caption": "#C C Cuts vegetables with her; #C C cuts the vegetables ; #C C drops the vegetables on the; #C C Cuts vegetables with her; #C C cuts the vegetables "
    },
    {
        "Video Name": "97f80e1c-164d-4072-8ee9-980e366eec6c",
        "Start Frame": 1560,
        "End Frame": 1680,
        "Caption": "#C C cuts the vegetable in her hands on the pole on the floor; #C C cuts the vegetable in her hands on the vegetable stem.; #C C cuts the vegetables with the boti on the floor; #C C cuts the vegetables ; #C C cuts the vegetable in her hands on the plank."
    },
    {
        "Video Name": "97f80e1c-164d-4072-8ee9-980e366eec6c",
        "Start Frame": 1680,
        "End Frame": 1800,
        "Caption": "#C C cuts the stem off the jute mallow in her left hand with her right hand; #C C puts the leaves in the bowl; #C C cuts the vegetables ; #C C cuts the leaves; #C C cuts the vegetables "
    },
    {
        "Video Name": "97f80e1c-164d-4072-8ee9-980e366eec6c",
        "Start Frame": 1800,
        "End Frame": 1920,
        "Caption": "#C C cuts the vegetables ; #C C Puts the vegetables in the pot; #C C drops the leaves in the bowl on the floor with both hands; #C C Puts the vegetables in the pot; #C C puts the leaves in the cooking pot "
    },
    {
        "Video Name": "97f80e1c-164d-4072-8ee9-980e366eec6c",
        "Start Frame": 1920,
        "End Frame": 2040,
        "Caption": "#C C cuts the vegetable leaves; #C C cuts the stem off the jute mallow in her left hand with her right hand; #C C cuts the leaves ; #C C Cuts vegetables ; #C C cuts the leaves"
    },
    {
        "Video Name": "97f80e1c-164d-4072-8ee9-980e366eec6c",
        "Start Frame": 2040,
        "End Frame": 2160,
        "Caption": "#C C picks vegetables ; #C C picks vegetables ; #C C picks vegetable leaves; #C C picks vegetable leaves; #C C Picks up vegetables from the"
    },
    {
        "Video Name": "97f80e1c-164d-4072-8ee9-980e366eec6c",
        "Start Frame": 2160,
        "End Frame": 2280,
        "Caption": "#C C plucks vegetable leaves; #C C plucks the vegetable branch from the stem; #C C plucks vegetable leaves; #C C holds a leaf stick with her left hand; #C C holds the jute mallow in her right hand with both hands"
    },
    {
        "Video Name": "97f80e1c-164d-4072-8ee9-980e366eec6c",
        "Start Frame": 2280,
        "End Frame": 2400,
        "Caption": "#C C plucks vegetable leaves; #C C plucks vegetable leaves ; #C C plucks vegetable leaves; #C C passes the vegetable in her right hand to her left hand; #C C plucks vegetable leaves"
    },
    {
        "Video Name": "97f80e1c-164d-4072-8ee9-980e366eec6c",
        "Start Frame": 2400,
        "End Frame": 2520,
        "Caption": "#C C plucks vegetable leaves; #C C Adjusts a vegetable branch on her; #C C removes the vegetables from the stem; #C C cuts vegetable leaves; #C C Adjusts a vegetable branch on her"
    },
    {
        "Video Name": "97f80e1c-164d-4072-8ee9-980e366eec6c",
        "Start Frame": 2520,
        "End Frame": 2640,
        "Caption": "#C C Adjusts vegetables on her hands; #C C picks vegetable leaves; #C C Adjusts a vegetable branch on her; #C C Cuts vegetables with her hands; #C C holds the vegetable with both hand"
    },
    {
        "Video Name": "97f80e1c-164d-4072-8ee9-980e366eec6c",
        "Start Frame": 2640,
        "End Frame": 2760,
        "Caption": "#C C plucks vegetable leaves; #C C drops the vegetables on the; #C C cuts the vegetable ; #C C Cuts vegetables with her; #C C Cuts vegetables with her"
    },
    {
        "Video Name": "97f80e1c-164d-4072-8ee9-980e366eec6c",
        "Start Frame": 2760,
        "End Frame": 2880,
        "Caption": "#C C Cuts vegetables with hands; #C C drops the vegetables on the; #C C Cuts vegetables with hands; #C C Cuts vegetables ; #C C cuts the vegetable "
    },
    {
        "Video Name": "97f80e1c-164d-4072-8ee9-980e366eec6c",
        "Start Frame": 2880,
        "End Frame": 3000,
        "Caption": "#C C cuts the jute mallow in her left hand with the boti on the ground; #C C cuts the vegetable in her hands on the slicer.; #C C cuts the leaves ; #C C cuts the vegetables ; #C C cuts the vegetable in her hands on the slicer on the floor."
    },
    {
        "Video Name": "97f80e1c-164d-4072-8ee9-980e366eec6c",
        "Start Frame": 3000,
        "End Frame": 3120,
        "Caption": "#C C puts vegetable leaves in a cooking pot; #C C picks a leaf from the tray on the floor with her right hand; #C C puts the vegetables in the basin ; #C C puts the vegetables in the basin; #C C puts the vegetable branch on the floor"
    },
    {
        "Video Name": "97f80e1c-164d-4072-8ee9-980e366eec6c",
        "Start Frame": 3120,
        "End Frame": 3240,
        "Caption": "#C C cuts the leaf stick with her right hand.; #C C plucks vegetable leaves; #C C plucks a leaf from the leaf stick with her right hand; #C C Picks plant from the other hand; #C C Picks vegetable branch from the other hand"
    },
    {
        "Video Name": "97f80e1c-164d-4072-8ee9-980e366eec6c",
        "Start Frame": 3240,
        "End Frame": 3360,
        "Caption": "#C C plucks vegetable leave; #C C plucks a leaf from the leaf stick with her right hand; #C C plucks vegetable leaves; #C C removes the vegetable leaves; #C C cuts the leaf from the branch"
    },
    {
        "Video Name": "97f80e1c-164d-4072-8ee9-980e366eec6c",
        "Start Frame": 3360,
        "End Frame": 3480,
        "Caption": "#C C drops the vegetables on the pot; #C C drops vegetable leaves; #C C puts the leaves on the left; #C C drops the leaves on the pot; #C C puts the leaf stick down"
    },
    {
        "Video Name": "97f80e1c-164d-4072-8ee9-980e366eec6c",
        "Start Frame": 3480,
        "End Frame": 3600,
        "Caption": "#C C Cuts vegetables with hands; #C C Cuts vegetables with a; #C C Cuts vegetables with a; #C C Cuts vegetables with a; #C C cuts the vegetables "
    },
    {
        "Video Name": "97f80e1c-164d-4072-8ee9-980e366eec6c",
        "Start Frame": 3600,
        "End Frame": 3720,
        "Caption": "#C C drops the vegetables on the pot; #C C puts the leaves in the basin; #C C drops vegetables in the basin ; #C C Puts vegetables in a cooking; #C C puts the vegetables in the basin"
    },
    {
        "Video Name": "97f80e1c-164d-4072-8ee9-980e366eec6c",
        "Start Frame": 3720,
        "End Frame": 3840,
        "Caption": "#C C Picks a vegetable; #C C Picks a vegetable; #C C picks a vegetable; #C C Picks a vegetable; #C C Picks a plant"
    },
    {
        "Video Name": "97f80e1c-164d-4072-8ee9-980e366eec6c",
        "Start Frame": 3840,
        "End Frame": 3960,
        "Caption": "#C C plucks vegetable leaves; #C C plucks vegetable leaves; #C C cuts a vegetable from the stem; #C C picks a leaf stick from the branch in her left hand with her right hand; #C C plucks vegetable leaves"
    },
    {
        "Video Name": "97f80e1c-164d-4072-8ee9-980e366eec6c",
        "Start Frame": 3960,
        "End Frame": 4080,
        "Caption": "#C C plucks vegetable leaves; #C C holds plant with both; #C C plucks vegetable leaves; #C C holds the vegetable; #C C plucks vegetable leaves"
    },
    {
        "Video Name": "97f80e1c-164d-4072-8ee9-980e366eec6c",
        "Start Frame": 4080,
        "End Frame": 4200,
        "Caption": "#C C cuts the vegetable; #C C plucks vegetable; #C C plucks vegetable; #C C plucks vegetable; #C C plucks vegetable"
    },
    {
        "Video Name": "97f80e1c-164d-4072-8ee9-980e366eec6c",
        "Start Frame": 4200,
        "End Frame": 4320,
        "Caption": "#C C holds the vegetable with both hands; #C C passes the vegetable branch from her right hand to her left hand; #C C Cuts vegetables with hands ; #C C drops the vegetable branch on the floor with her right hand.; #C C plucks vegetable leaves"
    },
    {
        "Video Name": "97f80e1c-164d-4072-8ee9-980e366eec6c",
        "Start Frame": 4320,
        "End Frame": 4440,
        "Caption": "#C C holds vegetable leaves with both hand; #C C Holds vegetables with hands ; #C C holds the vegetable with both hands; #C C holds vegetable with both hands; #C C holds plant with both hands"
    },
    {
        "Video Name": "97f80e1c-164d-4072-8ee9-980e366eec6c",
        "Start Frame": 4440,
        "End Frame": 4560,
        "Caption": "#C C plucks vegetable leaves; #C C plucks vegetable leaves; #C C cuts a leaf from the branch in her left hand with her right hand; #C C plucks vegetable leaves; #C C cuts the vegetable off the stem with her right hand."
    },
    {
        "Video Name": "97f80e1c-164d-4072-8ee9-980e366eec6c",
        "Start Frame": 4560,
        "End Frame": 4680,
        "Caption": "#C C drops vegetable leaves on the floor; #C C Puts down a plant; #C C drops the vegetable branch on the floor with her right hand; #C C plucks vegetable leaves; #C C drops the vegetable branch on the floor with her right hand"
    },
    {
        "Video Name": "97f80e1c-164d-4072-8ee9-980e366eec6c",
        "Start Frame": 4680,
        "End Frame": 4800,
        "Caption": "#C C plucks vegetable leaves; #C C plucks vegetable leaves; #C C plucks vegetable leaves; #C C plucks vegetable leaves; #C C holds the vegetable with both"
    },
    {
        "Video Name": "97f80e1c-164d-4072-8ee9-980e366eec6c",
        "Start Frame": 4800,
        "End Frame": 4920,
        "Caption": "#C C Puts down a vegetable branch; #C C holds the vegetable with both hands; #C C drops the vegetable branch on the floor with her left hand; #C C Puts down a vegetable branch; #C C plucks vegetable leaves"
    },
    {
        "Video Name": "97f80e1c-164d-4072-8ee9-980e366eec6c",
        "Start Frame": 4920,
        "End Frame": 5040,
        "Caption": "#C C plucks vegetable leaves; #C C cuts vegetable off stem; #C C plucks vegetable leaves; #C C cuts a leaf from the stem; #C C Plucks out vegetables on the"
    },
    {
        "Video Name": "97f80e1c-164d-4072-8ee9-980e366eec6c",
        "Start Frame": 5040,
        "End Frame": 5160,
        "Caption": "#C C holds the leaves with both hands; #C C holds plant with both hands; #C C drops the vegetable stem on the floor with her right hand; #C C holds the vegetables with both hands; #C C cuts a leaf from the branch"
    },
    {
        "Video Name": "97f80e1c-164d-4072-8ee9-980e366eec6c",
        "Start Frame": 5160,
        "End Frame": 5280,
        "Caption": "#C C holds the vegetable with both; #C C Picks vegetable from the other; #C C Holds vegetable with hands; #C C Picks vegetable from the other; #C C holds vegetable with both hands"
    },
    {
        "Video Name": "97f80e1c-164d-4072-8ee9-980e366eec6c",
        "Start Frame": 5280,
        "End Frame": 5400,
        "Caption": "#C C cuts the vegetables; #C C plucks vegetable; #C C picks the vegetables; #C C cuts the vegetables; #C C cuts the vegetables"
    }
]