[
    {
        "Video Name": "98031100-bf7c-418b-a985-c1c1123bf72a",
        "Start Frame": 0,
        "End Frame": 120,
        "Caption": "#C C washes the frying pan; #C C cleans the pan with the scouring; #C C washes the pan with the sponge; #C C cleans the pan with a scouring; #C C scrubs pan"
    },
    {
        "Video Name": "98031100-bf7c-418b-a985-c1c1123bf72a",
        "Start Frame": 120,
        "End Frame": 240,
        "Caption": "#C C cleans the pan ; #C C washes the pan; #C C cleans the pan; #C C washes the pan; #C C washes the pan with the scouring"
    },
    {
        "Video Name": "98031100-bf7c-418b-a985-c1c1123bf72a",
        "Start Frame": 240,
        "End Frame": 360,
        "Caption": "#C C rinses the; #C C turns the tap; #C C washes the pan; #C C cleans the cooking pan; #C C rinses the"
    },
    {
        "Video Name": "98031100-bf7c-418b-a985-c1c1123bf72a",
        "Start Frame": 360,
        "End Frame": 480,
        "Caption": "#C C rinses the pan; #C C rinses the frying; #C C washes the pan; #C C rinses the frying; #C C rinses the pan"
    },
    {
        "Video Name": "98031100-bf7c-418b-a985-c1c1123bf72a",
        "Start Frame": 480,
        "End Frame": 600,
        "Caption": "#C C rinses the pan; #C C cleans the pan with the; #C C rinses the pan; #C C rinses the pan; #C C rinses the pan"
    },
    {
        "Video Name": "98031100-bf7c-418b-a985-c1c1123bf72a",
        "Start Frame": 600,
        "End Frame": 720,
        "Caption": "#C C rinses the; #C C rinses pan; #C C rinses the; #C C rinses the; #C C cleans the pan "
    },
    {
        "Video Name": "98031100-bf7c-418b-a985-c1c1123bf72a",
        "Start Frame": 720,
        "End Frame": 840,
        "Caption": "#C C cleans the pan; #C C cleans the pan; #C C turns off the; #C C closes the tap; #C C cleans the pan"
    },
    {
        "Video Name": "98031100-bf7c-418b-a985-c1c1123bf72a",
        "Start Frame": 840,
        "End Frame": 960,
        "Caption": "#C C pours the water in the; #C C pours water from the pan; #C C pours water from the pan; #C C pours water in the sink; #C C pours water in the sink"
    },
    {
        "Video Name": "98031100-bf7c-418b-a985-c1c1123bf72a",
        "Start Frame": 960,
        "End Frame": 1080,
        "Caption": "#C c closes tap; #C C closes the tap; #c c turns off the; #C C closes the tap; #C C closes tap"
    },
    {
        "Video Name": "98031100-bf7c-418b-a985-c1c1123bf72a",
        "Start Frame": 1080,
        "End Frame": 1200,
        "Caption": "#C C closes the; #C C closes the; #c c closes the; #C C closes the; #C C closes the"
    },
    {
        "Video Name": "98031100-bf7c-418b-a985-c1c1123bf72a",
        "Start Frame": 1200,
        "End Frame": 1320,
        "Caption": "#C C walks around; #C C puts the frying pan on the; #C C puts the pan on the cooker; #C C puts the pan on the cooker; #C C puts the pan on the gas"
    },
    {
        "Video Name": "98031100-bf7c-418b-a985-c1c1123bf72a",
        "Start Frame": 1320,
        "End Frame": 1440,
        "Caption": "#C C puts the hand towel on the counter; #C C picks the towel; #C C picks up a cloth; #C C wipes the cooker; #C C wipes the cooker"
    },
    {
        "Video Name": "98031100-bf7c-418b-a985-c1c1123bf72a",
        "Start Frame": 1440,
        "End Frame": 1560,
        "Caption": "#C C closes the; #C C closes the; #C C closes the; #C C closes the; #C C closes the"
    },
    {
        "Video Name": "98031100-bf7c-418b-a985-c1c1123bf72a",
        "Start Frame": 1560,
        "End Frame": 1680,
        "Caption": "#C C closes the tap; #C C opens the tap; #C C rinses the; #C C rinses the; #C C washes the knife"
    },
    {
        "Video Name": "98031100-bf7c-418b-a985-c1c1123bf72a",
        "Start Frame": 1680,
        "End Frame": 1800,
        "Caption": "#C C turns off the water; #C C looks around; #C C walks around ; #C C walks in the house; #C C turns off the tap"
    },
    {
        "Video Name": "98031100-bf7c-418b-a985-c1c1123bf72a",
        "Start Frame": 1800,
        "End Frame": 1920,
        "Caption": "#c c open the; #c c opens the; #C C opens the; #C C opens the; #C C opens the"
    },
    {
        "Video Name": "98031100-bf7c-418b-a985-c1c1123bf72a",
        "Start Frame": 1920,
        "End Frame": 2040,
        "Caption": "#C C looks at the phone; #C C looks around; #C C stares around the house; #C C looks around; #C C stares around the house"
    },
    {
        "Video Name": "98031100-bf7c-418b-a985-c1c1123bf72a",
        "Start Frame": 2040,
        "End Frame": 2160,
        "Caption": "#C C picks the serviette from the; #C C wipes the counter top; #C C wipes the counter top with the tissue; #C C picks a tissue ; #C C wipes the kitchen counter with the tissue"
    },
    {
        "Video Name": "98031100-bf7c-418b-a985-c1c1123bf72a",
        "Start Frame": 2160,
        "End Frame": 2280,
        "Caption": "#C C cleans the counter top; #C C wipes the counter top; #C C wipes the kitchen counter; #C C moves a bowl on the kitchen counter; #C C wipes the counter"
    },
    {
        "Video Name": "98031100-bf7c-418b-a985-c1c1123bf72a",
        "Start Frame": 2280,
        "End Frame": 2400,
        "Caption": "#C C cleans the counter top; #C C wipes the kitchen counter; #C C wipes the kitchen counter; #C C wipes the counter top; #C C wipes the table"
    },
    {
        "Video Name": "98031100-bf7c-418b-a985-c1c1123bf72a",
        "Start Frame": 2400,
        "End Frame": 2520,
        "Caption": "#C C cleans the kitchen counter; #C C puts the plate on the kitchen counter; #C C moves a kettle; #C C wipes the counter; #C C wipes the kitchen top"
    },
    {
        "Video Name": "98031100-bf7c-418b-a985-c1c1123bf72a",
        "Start Frame": 2520,
        "End Frame": 2640,
        "Caption": "#C C walks around the; #c c walks in the; #C C walks around the; #C C walks towards the; #C C looks around"
    },
    {
        "Video Name": "98031100-bf7c-418b-a985-c1c1123bf72a",
        "Start Frame": 2640,
        "End Frame": 2760,
        "Caption": "#C C looks around ; #C C walks in the house ; #C C dialogues with lady X; #C C looks around; #C C looks around"
    },
    {
        "Video Name": "98031100-bf7c-418b-a985-c1c1123bf72a",
        "Start Frame": 2760,
        "End Frame": 2880,
        "Caption": "#C C wipes a kitchen counter with a; #C C wipes the counter with the hand; #C C wipes the cooker; #C C wipes the countertop with a; #C C wipes the cooker"
    },
    {
        "Video Name": "98031100-bf7c-418b-a985-c1c1123bf72a",
        "Start Frame": 2880,
        "End Frame": 3000,
        "Caption": "#C C wipes the cooker with the; #C C cleans the cooker; #C C wipes the cooker; #C C wipes the cooker; #C C wipes the cooker."
    },
    {
        "Video Name": "98031100-bf7c-418b-a985-c1c1123bf72a",
        "Start Frame": 3000,
        "End Frame": 3120,
        "Caption": "#C c picks the frying pan from the counter; #C C wipes the cooker; #C c wipes the cooker with the kitchen towel; #C C wipes the surface with the tissue paper; #C C wipes the countertop"
    },
    {
        "Video Name": "98031100-bf7c-418b-a985-c1c1123bf72a",
        "Start Frame": 3120,
        "End Frame": 3240,
        "Caption": "#C C wipes the cooker ; #C C wipes the countertop using a hand; #C C wipes the gas stove; #C C wipes the cooker ; #C C wipes the cooker"
    },
    {
        "Video Name": "98031100-bf7c-418b-a985-c1c1123bf72a",
        "Start Frame": 3240,
        "End Frame": 3360,
        "Caption": "#C C wipes the counter; #C C wipes the counter top with the; #C C wipes the counter top ; #C C wipes the counter top with the; #C C wipes the countertop with the"
    },
    {
        "Video Name": "98031100-bf7c-418b-a985-c1c1123bf72a",
        "Start Frame": 3360,
        "End Frame": 3480,
        "Caption": "#C C wipes the kitchen counter; #C C wipes the counter with the tissue; #C C wipes the kitchen counter ; #C C wipes the kitchen counter; #C C wipes the kitchen counter with the"
    },
    {
        "Video Name": "98031100-bf7c-418b-a985-c1c1123bf72a",
        "Start Frame": 3480,
        "End Frame": 3600,
        "Caption": "#C C cleans the countertop with the; #C C wipes the counter; #C C cleans the kitchen counter; #C C wipes on the kitchen top; #C C wipes the counter"
    },
    {
        "Video Name": "98031100-bf7c-418b-a985-c1c1123bf72a",
        "Start Frame": 3600,
        "End Frame": 3720,
        "Caption": "#C C cleans the countertop with a sponge; #C C wipes the sink with his right hand; #C C wipes the counter with the tissue ; #C C wipes the kitchen counter ; #C C wipes the sink with a tissue"
    },
    {
        "Video Name": "98031100-bf7c-418b-a985-c1c1123bf72a",
        "Start Frame": 3720,
        "End Frame": 3840,
        "Caption": "#C C wipes the countertop with a sponge; #C C cleans the counter with the sponge; #C C picks the sponge; #C C washes the kitchen sink with the; #C C picks a sponge"
    },
    {
        "Video Name": "98031100-bf7c-418b-a985-c1c1123bf72a",
        "Start Frame": 3840,
        "End Frame": 3960,
        "Caption": "#C C wipes the sink with a sponge; #C C Wipes the counter top; #C C turns off the tap; #C C cleans the kitchen table; #C C closes the tap"
    },
    {
        "Video Name": "98031100-bf7c-418b-a985-c1c1123bf72a",
        "Start Frame": 3960,
        "End Frame": 4080,
        "Caption": "#C C cleans the sink; #C C cleans the sink; #C C washes the; #C C wipes the sink; #C C wipes the sink"
    },
    {
        "Video Name": "98031100-bf7c-418b-a985-c1c1123bf72a",
        "Start Frame": 4080,
        "End Frame": 4200,
        "Caption": "#C C rinses the; #C C rinses the; #C C washes the towel; #C C rinses the; #C C washes the sponge"
    },
    {
        "Video Name": "98031100-bf7c-418b-a985-c1c1123bf72a",
        "Start Frame": 4200,
        "End Frame": 4320,
        "Caption": "#C C washes the sink; #C C washes the sink; #C C cleans the sink ; #C C cleans the sink; #C C cleans the sink"
    },
    {
        "Video Name": "98031100-bf7c-418b-a985-c1c1123bf72a",
        "Start Frame": 4320,
        "End Frame": 4440,
        "Caption": "#C C turns off the tap; #C C washes the sponge; #C C squeezes the sponge; #C C squeezes the sponge; #C C rinses the"
    },
    {
        "Video Name": "98031100-bf7c-418b-a985-c1c1123bf72a",
        "Start Frame": 4440,
        "End Frame": 4560,
        "Caption": "#C C drops the; #C C folds the; #C C folds the; #C C picks a; #C C folds the"
    },
    {
        "Video Name": "98031100-bf7c-418b-a985-c1c1123bf72a",
        "Start Frame": 4560,
        "End Frame": 4680,
        "Caption": "#C C puts the plates in the; #C C places the container on the; #C C closes the dish washer; #C C opens the kitchen cupboard; #C C puts the container in the"
    },
    {
        "Video Name": "98031100-bf7c-418b-a985-c1c1123bf72a",
        "Start Frame": 4680,
        "End Frame": 4800,
        "Caption": "#C C walks around ; #C C walks in the kitchen; #C C walks in the kitchen; #C C walks in the room; #C C walks around the house"
    },
    {
        "Video Name": "98031100-bf7c-418b-a985-c1c1123bf72a",
        "Start Frame": 4800,
        "End Frame": 4920,
        "Caption": "#C C walks towards the sink; #C C walks in the house; #C C walks to the kitchen; #C C walks towards the table; #C C walks in the house"
    },
    {
        "Video Name": "98031100-bf7c-418b-a985-c1c1123bf72a",
        "Start Frame": 4920,
        "End Frame": 5040,
        "Caption": "#C C takes phone from the; #C C picks phone from the; #C C operates the phone; #C C picks the phone; #c c picks phone"
    },
    {
        "Video Name": "98031100-bf7c-418b-a985-c1c1123bf72a",
        "Start Frame": 5040,
        "End Frame": 5160,
        "Caption": "#C C walks to the kitchen; #C C moves around; #C C walks around the house; #C C turns around; #C C walks around"
    },
    {
        "Video Name": "98031100-bf7c-418b-a985-c1c1123bf72a",
        "Start Frame": 5160,
        "End Frame": 5280,
        "Caption": "#C C walks around ; #C C looks around the house ; #C C looks at lady Y ; #C C dialogues with lady Y; #C C looks around "
    },
    {
        "Video Name": "98031100-bf7c-418b-a985-c1c1123bf72a",
        "Start Frame": 5280,
        "End Frame": 5400,
        "Caption": "#C C dialogues with #O woman Y; #O lady Y dialogues with C ; #O lady B dialogues with C; #O person Z walks around ; #C C looks around "
    }
]