[
    {
        "Video Name": "9af82064-62c5-4373-a94a-6815c0b6b53a",
        "Start Frame": 0,
        "End Frame": 120,
        "Caption": "#C C walks around the; #C C walks in the; #C C walks around the; #C C walks around the; #C C walks to the"
    },
    {
        "Video Name": "9af82064-62c5-4373-a94a-6815c0b6b53a",
        "Start Frame": 120,
        "End Frame": 240,
        "Caption": "#C C walks in the; #C C takes a towel; #C C takes a towel; #C C walks in the; #C C holds a towel"
    },
    {
        "Video Name": "9af82064-62c5-4373-a94a-6815c0b6b53a",
        "Start Frame": 240,
        "End Frame": 360,
        "Caption": "#c c wipes the wooden stand with the; #C C puts towel on the table; #C C drops towel ; #c c picks towel; #c c dries his hands with a"
    },
    {
        "Video Name": "9af82064-62c5-4373-a94a-6815c0b6b53a",
        "Start Frame": 360,
        "End Frame": 480,
        "Caption": "#C C puts cup on table; #C C puts a glass on the; #C C puts the cup on the; #C C puts the glass on the; #C C puts the glass on the"
    },
    {
        "Video Name": "9af82064-62c5-4373-a94a-6815c0b6b53a",
        "Start Frame": 480,
        "End Frame": 600,
        "Caption": "#C C picks a phone from the table; #C C touches the table; #C C looks around the room; #C C drops the phone on the table; #C C walks in the room"
    },
    {
        "Video Name": "9af82064-62c5-4373-a94a-6815c0b6b53a",
        "Start Frame": 600,
        "End Frame": 720,
        "Caption": "#C C picks a pin; #C C picks a pin; #C C picks up the; #C C picks up a; #C C takes the screws"
    },
    {
        "Video Name": "9af82064-62c5-4373-a94a-6815c0b6b53a",
        "Start Frame": 720,
        "End Frame": 840,
        "Caption": "#C C cleans the table with a; #C C wipes a table ; #C C wipes table; #C C wipes the table ; #C C wipes the table with the"
    },
    {
        "Video Name": "9af82064-62c5-4373-a94a-6815c0b6b53a",
        "Start Frame": 840,
        "End Frame": 960,
        "Caption": "#C C cuts the polythene bag; #C C sharpens the blade with the sharpening machine.; #C C cuts the edges of the shoes with the seam ripper; #C C picks the piece of cloth; #C C sharpens a blade "
    },
    {
        "Video Name": "9af82064-62c5-4373-a94a-6815c0b6b53a",
        "Start Frame": 960,
        "End Frame": 1080,
        "Caption": "#C C adjusts the cloth on the table; #C C opens the zip; #C C unfolds the belt; #C C puts the tie on the table; #C C moves the zips aside"
    },
    {
        "Video Name": "9af82064-62c5-4373-a94a-6815c0b6b53a",
        "Start Frame": 1080,
        "End Frame": 1200,
        "Caption": "#C C sharpens the blade with the sharpening machine.; #C C sharpens the blade with the sharpening machine.; #C C sharpens the blade with the sharpening machine.; #C C measures the length of the zip lock bag with the ruler; #C C sharpens a blade."
    },
    {
        "Video Name": "9af82064-62c5-4373-a94a-6815c0b6b53a",
        "Start Frame": 1200,
        "End Frame": 1320,
        "Caption": "#C C cuts the threads of the pair of jean trousers with the scissors; #C C puts the pair of scissors on the table.; #C C cuts a part of the cloth; #C C turns the zips on the table.; #C C turns the face mask"
    },
    {
        "Video Name": "9af82064-62c5-4373-a94a-6815c0b6b53a",
        "Start Frame": 1320,
        "End Frame": 1440,
        "Caption": "#C C pulls a thread on the table; #C C turns the blade; #C C sharpens the blade; #C C holds a saw.; #C C sharpens the blade."
    },
    {
        "Video Name": "9af82064-62c5-4373-a94a-6815c0b6b53a",
        "Start Frame": 1440,
        "End Frame": 1560,
        "Caption": "#C C holds the blade on the table ; #C C sharpens the blade with the hand saw.; #C C sharpens a blade with a grinder ; #C C sharpens the blade with the blade sharpener; #C C sharpens the machete with the blade"
    },
    {
        "Video Name": "9af82064-62c5-4373-a94a-6815c0b6b53a",
        "Start Frame": 1560,
        "End Frame": 1680,
        "Caption": "#C C cuts a piece of paper with the knife.; #C C sharpens the knife; #C C sharpens the blade ; #C C sharpens the blade ; #C C sharpens the knife with the knife sharpener"
    },
    {
        "Video Name": "9af82064-62c5-4373-a94a-6815c0b6b53a",
        "Start Frame": 1680,
        "End Frame": 1800,
        "Caption": "#c c cuts the ties with the scissors; #C C cuts a tie; #C C cuts the thread with the scissors; #C C cuts the clothes with the scissors; #C C cuts the hairband"
    },
    {
        "Video Name": "9af82064-62c5-4373-a94a-6815c0b6b53a",
        "Start Frame": 1800,
        "End Frame": 1920,
        "Caption": "#C C cuts the thread; #C C cuts threads on the cloth; #C C cuts the thread; #C C cuts threads from the pair of; #C C cuts the threads "
    },
    {
        "Video Name": "9af82064-62c5-4373-a94a-6815c0b6b53a",
        "Start Frame": 1920,
        "End Frame": 2040,
        "Caption": "#C C Picks a knife; #c c wipes the knife with his; #C C  takes a knife; #C C picks the knife; #C C takes a knife"
    },
    {
        "Video Name": "9af82064-62c5-4373-a94a-6815c0b6b53a",
        "Start Frame": 2040,
        "End Frame": 2160,
        "Caption": "#C C holds the scissors; #C C holds the pair of scissors.; #C C cuts a thread from the piece of cloth.; #C C cuts the cloth tag on the cloth with the scissors; #C C cuts a thread"
    },
    {
        "Video Name": "9af82064-62c5-4373-a94a-6815c0b6b53a",
        "Start Frame": 2160,
        "End Frame": 2280,
        "Caption": "#C C picks a knife; #C C sharpens a knife; #c c sharpens the knife; #C C sharpens the knife; #C C picks the knife "
    },
    {
        "Video Name": "9af82064-62c5-4373-a94a-6815c0b6b53a",
        "Start Frame": 2280,
        "End Frame": 2400,
        "Caption": "#C C picks the scissor on the; #C C cuts the string with the scissors.; #C C cuts the thread; #C C cuts the thread ; #C C cuts the band with the scissors."
    },
    {
        "Video Name": "9af82064-62c5-4373-a94a-6815c0b6b53a",
        "Start Frame": 2400,
        "End Frame": 2520,
        "Caption": "#C C puts the wood pieces on the; #C C picks a wood; #C C puts the wood in the box; #C C takes a piece of wood; #C C touches the wood "
    },
    {
        "Video Name": "9af82064-62c5-4373-a94a-6815c0b6b53a",
        "Start Frame": 2520,
        "End Frame": 2640,
        "Caption": "#C C wipes a knife ; #c c scratches the knife; #C C uses hand knife on the hand; #C C wipes the knife.; #C C stares at the knife"
    },
    {
        "Video Name": "9af82064-62c5-4373-a94a-6815c0b6b53a",
        "Start Frame": 2640,
        "End Frame": 2760,
        "Caption": "#C C touches the box; #C C takes a box; #C C touches the wood; #C C touches the box; #C C picks up the"
    },
    {
        "Video Name": "9af82064-62c5-4373-a94a-6815c0b6b53a",
        "Start Frame": 2760,
        "End Frame": 2880,
        "Caption": "#C C sharpens the blade ; #C C sharpens a pencil ; #C C sharpens the pencil on the cutting block ; #C C cuts the ruler with a knife ; #C C sharpens the blade of the folding knife with the sharpening stone."
    },
    {
        "Video Name": "9af82064-62c5-4373-a94a-6815c0b6b53a",
        "Start Frame": 2880,
        "End Frame": 3000,
        "Caption": "#C C takes a box; #C C picks a box; #C C takes the screw ; #C C picks up a wooden; #C C picks a wood piece"
    },
    {
        "Video Name": "9af82064-62c5-4373-a94a-6815c0b6b53a",
        "Start Frame": 3000,
        "End Frame": 3120,
        "Caption": "#C C wipes the table; #C C wipes the table ; #C C removes the blades from the; #C C wipes the table; #C C cuts a paper"
    },
    {
        "Video Name": "9af82064-62c5-4373-a94a-6815c0b6b53a",
        "Start Frame": 3120,
        "End Frame": 3240,
        "Caption": "#C C picks the phone; #C C touches the phone; #C C pushes the metal box aside; #C C picks a frame; #C C pushes the phone "
    },
    {
        "Video Name": "9af82064-62c5-4373-a94a-6815c0b6b53a",
        "Start Frame": 3240,
        "End Frame": 3360,
        "Caption": "#C C picks the gadget on the; #C C picks a stand; #C C takes a wine bottle.; #c c picks unsure; #C C picks the grill stand"
    },
    {
        "Video Name": "9af82064-62c5-4373-a94a-6815c0b6b53a",
        "Start Frame": 3360,
        "End Frame": 3480,
        "Caption": "#C C picks a wood; #C C picks a wood pieces; #C C moves a wood ; #C C picks a wooden tool; #C C moves wood"
    },
    {
        "Video Name": "9af82064-62c5-4373-a94a-6815c0b6b53a",
        "Start Frame": 3480,
        "End Frame": 3600,
        "Caption": "#C C sharpens the pencil.; #C C sharpens the wood sharpener with the sharpening stone; #C C sharpens the saw; #C C sharpens the blade on the table.; #C C sharpens the pencil."
    },
    {
        "Video Name": "9af82064-62c5-4373-a94a-6815c0b6b53a",
        "Start Frame": 3600,
        "End Frame": 3720,
        "Caption": "#C C puts the bottle on the table; #C C picks up the bottle from the; #C C puts the bottle on the table; #C C drops the bottle on the table; #C C picks the bottle top"
    },
    {
        "Video Name": "9af82064-62c5-4373-a94a-6815c0b6b53a",
        "Start Frame": 3720,
        "End Frame": 3840,
        "Caption": "#C C drops a bottle on the; #C C puts the bottle on the; #C C picks up a bottle; #C C puts the bottle on the; #C C puts the bottle on the"
    },
    {
        "Video Name": "9af82064-62c5-4373-a94a-6815c0b6b53a",
        "Start Frame": 3840,
        "End Frame": 3960,
        "Caption": "#C C wipes the table with his hand; #C C wipes the table with his left; #C C cleans the table with his left; #C C wipes the table with his hand; #C C wipes the table with his hand"
    },
    {
        "Video Name": "9af82064-62c5-4373-a94a-6815c0b6b53a",
        "Start Frame": 3960,
        "End Frame": 4080,
        "Caption": "#C C cuts the piece of paper with the utility blade; #C C cuts the paper with the cutter.; #C C cuts the paper.; #C C cuts the paper with the cutter.; #C C cuts the paper."
    },
    {
        "Video Name": "9af82064-62c5-4373-a94a-6815c0b6b53a",
        "Start Frame": 4080,
        "End Frame": 4200,
        "Caption": "#C C cuts the ruler; #C C measures the table; #C C measures the ruler; #c c measures the paper with a; #C C measures the ruler"
    },
    {
        "Video Name": "9af82064-62c5-4373-a94a-6815c0b6b53a",
        "Start Frame": 4200,
        "End Frame": 4320,
        "Caption": "#C C adjusts the ruler; #C C cuts the paper.; #C C cuts the paper with a paper cutter; #C C cuts the paper with the cutter.; #C C cuts the paper with the cutter."
    },
    {
        "Video Name": "9af82064-62c5-4373-a94a-6815c0b6b53a",
        "Start Frame": 4320,
        "End Frame": 4440,
        "Caption": "#C C cuts the paper on the table; #c c cuts the paper with the knife; #c c puts the knife on the table; #C C cuts the paper with a hand; #C C cuts the blade."
    },
    {
        "Video Name": "9af82064-62c5-4373-a94a-6815c0b6b53a",
        "Start Frame": 4440,
        "End Frame": 4560,
        "Caption": "#C C cuts the piece of paper with the; #C C sharpens the knife; #C C cuts the bottle; #C C cuts the bottle top with the knife; #C C cuts the bottle with the knife"
    },
    {
        "Video Name": "9af82064-62c5-4373-a94a-6815c0b6b53a",
        "Start Frame": 4560,
        "End Frame": 4680,
        "Caption": "#C C measures the table; #c c cuts the piece of paper with the; #C C cuts the piece of cloth with a; #C C measures the piece of paper with a; #C C cuts the piece of paper with the"
    },
    {
        "Video Name": "9af82064-62c5-4373-a94a-6815c0b6b53a",
        "Start Frame": 4680,
        "End Frame": 4800,
        "Caption": "#C C measures the ruler with a ruler; #C C measures the piece of paper.; #C C measures the table; #C C holds a ruler; #C C measures the table with a ruler"
    },
    {
        "Video Name": "9af82064-62c5-4373-a94a-6815c0b6b53a",
        "Start Frame": 4800,
        "End Frame": 4920,
        "Caption": "#C C cuts the piece of paper with the scissors; #C C cuts the piece of cloth; #C C cuts the piece of cloth with a scissors; #C C cuts the cloth with the scissors; #C C cuts the piece of cloth with the scissors"
    },
    {
        "Video Name": "9af82064-62c5-4373-a94a-6815c0b6b53a",
        "Start Frame": 4920,
        "End Frame": 5040,
        "Caption": "#C C sharpens the blade; #C C sharpens the blade.; #C C sharpens the blade; #C C sharpens the cutting blade; #C C sharpens the blade."
    },
    {
        "Video Name": "9af82064-62c5-4373-a94a-6815c0b6b53a",
        "Start Frame": 5040,
        "End Frame": 5160,
        "Caption": "#C C sharpens the blade ; #C C sharpens the pencil ; #C C sharpens the pencil with the; #C C sharpens the blade; #C C sharpens the knife"
    },
    {
        "Video Name": "9af82064-62c5-4373-a94a-6815c0b6b53a",
        "Start Frame": 5160,
        "End Frame": 5280,
        "Caption": "#C C sharpens the blade with the grinder; #C C sharpens a blade; #C C sharpens the blade with the hand saw; #C C sharpens the blade; #C C sharpens a saw blade with a gr"
    },
    {
        "Video Name": "9af82064-62c5-4373-a94a-6815c0b6b53a",
        "Start Frame": 5280,
        "End Frame": 5400,
        "Caption": "#C C sharpens the blade; #C C sharpens the blade with a knife.; #C C sharpens the blade with the knife sharpening; #C C sharpens the knife; #C C sharpens the knife with the grinder"
    }
]