[
    {
        "Video Name": "9e50476f-2e77-46f3-8b06-f1005ee55974",
        "Start Frame": 0,
        "End Frame": 120,
        "Caption": "#C C opens box; #C C pulls the box; #C C puts the tape on the; #C C puts tape on the box; #C C presses the box"
    },
    {
        "Video Name": "9e50476f-2e77-46f3-8b06-f1005ee55974",
        "Start Frame": 120,
        "End Frame": 240,
        "Caption": "#C C folds the box; #C C holds a box with the right; #C C picks the box; #C C opens the box; #C C removes tape from the box"
    },
    {
        "Video Name": "9e50476f-2e77-46f3-8b06-f1005ee55974",
        "Start Frame": 240,
        "End Frame": 360,
        "Caption": "#C C puts the carton in a; #C C picks up the box; #C C touches the box ; #C C opens the box; #C C holds the box"
    },
    {
        "Video Name": "9e50476f-2e77-46f3-8b06-f1005ee55974",
        "Start Frame": 360,
        "End Frame": 480,
        "Caption": "#C C moves the box; #C C places the box on top of the; #C C holds the box; #C C opens a box; #C C puts the box on the floor"
    },
    {
        "Video Name": "9e50476f-2e77-46f3-8b06-f1005ee55974",
        "Start Frame": 480,
        "End Frame": 600,
        "Caption": "#C C folds the tape on the box; #c c cuts seal tape; #c c cuts masking tape; #C C pulls the masking tapes; #C C cuts the cello tape with the"
    },
    {
        "Video Name": "9e50476f-2e77-46f3-8b06-f1005ee55974",
        "Start Frame": 600,
        "End Frame": 720,
        "Caption": "#C C puts the box on the floor; #C C picks up a carton ; #C C picks up a box from the; #C C picks a box ; #C C removes a paper from the box"
    },
    {
        "Video Name": "9e50476f-2e77-46f3-8b06-f1005ee55974",
        "Start Frame": 720,
        "End Frame": 840,
        "Caption": "#C C opens box; #C C opens the; #C C folds the; #C C opens the; #C C opens box"
    },
    {
        "Video Name": "9e50476f-2e77-46f3-8b06-f1005ee55974",
        "Start Frame": 840,
        "End Frame": 960,
        "Caption": "#C C  folds the paper; #C C removes a paper from the box; #C C folds the paper ; #C C removes the cut pieces from the cart; #C C removes the paper from the box"
    },
    {
        "Video Name": "9e50476f-2e77-46f3-8b06-f1005ee55974",
        "Start Frame": 960,
        "End Frame": 1080,
        "Caption": "#C C presses the paper on the box; #C C attaches the carton with the tape; #C C looks at the carton; #C C folds the carton; #C C cuts the seal tape on the cart"
    },
    {
        "Video Name": "9e50476f-2e77-46f3-8b06-f1005ee55974",
        "Start Frame": 1080,
        "End Frame": 1200,
        "Caption": "#C C removes the envelopes; #C C removes paper from the box; #C C pulls out a piece of paper from the; #C C removes the papers from the box; #C C removes paper from the box"
    },
    {
        "Video Name": "9e50476f-2e77-46f3-8b06-f1005ee55974",
        "Start Frame": 1200,
        "End Frame": 1320,
        "Caption": "#C C takes the carton; #C C takes out a tape; #C C puts the masking tape on the; #C C takes a masking tape; #C C removes the masking tape from the"
    },
    {
        "Video Name": "9e50476f-2e77-46f3-8b06-f1005ee55974",
        "Start Frame": 1320,
        "End Frame": 1440,
        "Caption": "#C C puts the masking tape in the box; #C C puts the papers in the box; #C C puts a paper on the box; #C C puts the piece of carton paper in the; #C C places the paper on top of the cardboard"
    },
    {
        "Video Name": "9e50476f-2e77-46f3-8b06-f1005ee55974",
        "Start Frame": 1440,
        "End Frame": 1560,
        "Caption": "#C C removes the tape from the paper; #C C folds the paper ; #C C aligns the paper on the; #C C unfolds the paper; #C C folds the paper "
    },
    {
        "Video Name": "9e50476f-2e77-46f3-8b06-f1005ee55974",
        "Start Frame": 1560,
        "End Frame": 1680,
        "Caption": "#C C   sticks the tape on the                                                                 ; #C C sticks the masking tape on the table; #C C pulls a masking tape ; #c c removes masking tape; #c c removes tape"
    },
    {
        "Video Name": "9e50476f-2e77-46f3-8b06-f1005ee55974",
        "Start Frame": 1680,
        "End Frame": 1800,
        "Caption": "#C C cuts a piece of masking; #C C cuts the seal tape; #C C cuts the tape ; #C C pulls tape ; #C C pulls the sellotape"
    },
    {
        "Video Name": "9e50476f-2e77-46f3-8b06-f1005ee55974",
        "Start Frame": 1800,
        "End Frame": 1920,
        "Caption": "#C C removes the paper from the envelop; #C C pulls the paper; #C C holds the paper with both hands; #C C opens the paper; #C C folds the paper"
    },
    {
        "Video Name": "9e50476f-2e77-46f3-8b06-f1005ee55974",
        "Start Frame": 1920,
        "End Frame": 2040,
        "Caption": "#C C removes a paper on the envelope; #C C pulls the masking tape on the; #C C opens the paper; #C C removes the sticker on the paper; #C C removes a paper on the envelope"
    },
    {
        "Video Name": "9e50476f-2e77-46f3-8b06-f1005ee55974",
        "Start Frame": 2040,
        "End Frame": 2160,
        "Caption": "#C C removes the paper on the masking tape; #C C removes a paper from the masking tape; #C C removes the paper; #C C removes a paper from the envelopes; #C C removes a piece of paper"
    },
    {
        "Video Name": "9e50476f-2e77-46f3-8b06-f1005ee55974",
        "Start Frame": 2160,
        "End Frame": 2280,
        "Caption": "#C C folds a paper; #C C folds the paper; #C C holds the masking tape with both; #C C holds a paper; #C C unbuttons the brown paper"
    },
    {
        "Video Name": "9e50476f-2e77-46f3-8b06-f1005ee55974",
        "Start Frame": 2280,
        "End Frame": 2400,
        "Caption": "#C C folds the paper ; #C C adjusts the paper; #C C removes a paper from the; #C C removes a paper on the; #C C opens the carton"
    },
    {
        "Video Name": "9e50476f-2e77-46f3-8b06-f1005ee55974",
        "Start Frame": 2400,
        "End Frame": 2520,
        "Caption": "#C C removes the masking tape from the box; #C C cuts the tape on the carton; #C C seals the box; #C C cuts a cello tape from the cart; #C C removes masking tape from the box"
    },
    {
        "Video Name": "9e50476f-2e77-46f3-8b06-f1005ee55974",
        "Start Frame": 2520,
        "End Frame": 2640,
        "Caption": "#C C cuts a tape on the box with the hand ; #C C pulls the masking tape on the box with hands; #C C removes the masking tape on the box with the right; #C C sticks the masking tape on the carton; #C C sews the carton with the sewing machine"
    },
    {
        "Video Name": "9e50476f-2e77-46f3-8b06-f1005ee55974",
        "Start Frame": 2640,
        "End Frame": 2760,
        "Caption": "#C C removes a paper from the; #C C removes the paper from the; #C C folds the paper; #C C pulls the paper; #C C folds the carton"
    },
    {
        "Video Name": "9e50476f-2e77-46f3-8b06-f1005ee55974",
        "Start Frame": 2760,
        "End Frame": 2880,
        "Caption": "#C C tears off the seal tape from the piece of; #C C cuts the sellotape on the paper; #C C removes the tape from the paper; #C C removes the tape from the envelope; #C C tears off the sticker"
    },
    {
        "Video Name": "9e50476f-2e77-46f3-8b06-f1005ee55974",
        "Start Frame": 2880,
        "End Frame": 3000,
        "Caption": "#C C removes the paper from the box; #C C removes the tape from the paper; #C C removes the masking tape from the; #C C unbuttons the paper ; #C C removes the tape on the paper "
    },
    {
        "Video Name": "9e50476f-2e77-46f3-8b06-f1005ee55974",
        "Start Frame": 3000,
        "End Frame": 3120,
        "Caption": "#C C sticks paper on the other paper; #C C folds the paper; #C C folds the paper on the door; #C C folds the papers on the sheet; #C C Stretches the paper on the"
    },
    {
        "Video Name": "9e50476f-2e77-46f3-8b06-f1005ee55974",
        "Start Frame": 3120,
        "End Frame": 3240,
        "Caption": "#C C folds the paper; #C C folds the paper; #C C removes a paper from the paper; #C C folds the paper on the paper; #C C folds the paper"
    },
    {
        "Video Name": "9e50476f-2e77-46f3-8b06-f1005ee55974",
        "Start Frame": 3240,
        "End Frame": 3360,
        "Caption": "#C C holds a piece of paper on the door; #C C removes the paper from the file; #C C folds the paper; #C C places the paper on the door frame; #C C folds the paper"
    },
    {
        "Video Name": "9e50476f-2e77-46f3-8b06-f1005ee55974",
        "Start Frame": 3360,
        "End Frame": 3480,
        "Caption": "#C C adjusts the carton on the; #C C unfolds the paper on the door; #C C peels off the paper; #C C removes the papers; #C C looks at the paper"
    },
    {
        "Video Name": "9e50476f-2e77-46f3-8b06-f1005ee55974",
        "Start Frame": 3480,
        "End Frame": 3600,
        "Caption": "#C C opens a box; #C C closes the box; #C C removes the box from the; #C C opens a box; #C C opens a box"
    },
    {
        "Video Name": "9e50476f-2e77-46f3-8b06-f1005ee55974",
        "Start Frame": 3600,
        "End Frame": 3720,
        "Caption": "#C C removes the tape from the box; #C C folds the tape on the carton; #C C removes tape from the box ; #C C sticks the masking tapes to the cart; #C C removes the sellotape"
    },
    {
        "Video Name": "9e50476f-2e77-46f3-8b06-f1005ee55974",
        "Start Frame": 3720,
        "End Frame": 3840,
        "Caption": "#C C folds the paper on the; #C C folds the carton; #C C folds the carton; #C C presses down the carton; #C C adjusts the carton"
    },
    {
        "Video Name": "9e50476f-2e77-46f3-8b06-f1005ee55974",
        "Start Frame": 3840,
        "End Frame": 3960,
        "Caption": "#C C cuts the carton ; #C C cuts the carton; #C C cuts the carton box with the knife; #C C cuts a carton; #C C cuts the carton box with the utility"
    },
    {
        "Video Name": "9e50476f-2e77-46f3-8b06-f1005ee55974",
        "Start Frame": 3960,
        "End Frame": 4080,
        "Caption": "#C C cuts a masking tape on the box with a; #C C cuts the masking tape on the carton box; #C C cuts the carton box; #C C cuts the seal tape with the utility knife; #C C cuts the box"
    },
    {
        "Video Name": "9e50476f-2e77-46f3-8b06-f1005ee55974",
        "Start Frame": 4080,
        "End Frame": 4200,
        "Caption": "#C C pulls the seal tape; #C C removes the paper from the box; #C C sticks the tape on the box; #C C removes the masking tape from the; #C C pulls the box"
    },
    {
        "Video Name": "9e50476f-2e77-46f3-8b06-f1005ee55974",
        "Start Frame": 4200,
        "End Frame": 4320,
        "Caption": "#C C moves box with; #C C folds the box; #C C adjusts carton; #C C folds a box; #C C folds the box"
    },
    {
        "Video Name": "9e50476f-2e77-46f3-8b06-f1005ee55974",
        "Start Frame": 4320,
        "End Frame": 4440,
        "Caption": "#C C holds box ; #C C adjusts the carton; #C C lifts the box; #C C opens the box; #C C holds a carton"
    },
    {
        "Video Name": "9e50476f-2e77-46f3-8b06-f1005ee55974",
        "Start Frame": 4440,
        "End Frame": 4560,
        "Caption": "#C C removes the sticker on the box; #C C removes a paper from the box; #C C folds the carton ; #C C pulls a piece of carton; #C C removes sticker on a box"
    },
    {
        "Video Name": "9e50476f-2e77-46f3-8b06-f1005ee55974",
        "Start Frame": 4560,
        "End Frame": 4680,
        "Caption": "#C C picks a cut piece of the carton; #C C takes a box ; #C C picks a scissors from the cupboard ; #C C takes a plywood from the cupboard; #C C puts the pieces of box in a box"
    },
    {
        "Video Name": "9e50476f-2e77-46f3-8b06-f1005ee55974",
        "Start Frame": 4680,
        "End Frame": 4800,
        "Caption": "#C C fixes a box with his; #C C opens the box; #C C picks a carton ; #C C puts the box in the; #c c  removes the box"
    },
    {
        "Video Name": "9e50476f-2e77-46f3-8b06-f1005ee55974",
        "Start Frame": 4800,
        "End Frame": 4920,
        "Caption": "#C C picks a masking tape; #C C picks a cello tape on a; #C C moves the masking tape; #C C touches tape; #C C picks a cello tape on a"
    },
    {
        "Video Name": "9e50476f-2e77-46f3-8b06-f1005ee55974",
        "Start Frame": 4920,
        "End Frame": 5040,
        "Caption": "#c c remove carton from the socket; #c c puts the masking tape on the; #C C removes sellotape from the box; #C C holds the box with both hands; #C C cuts the cello tape"
    },
    {
        "Video Name": "9e50476f-2e77-46f3-8b06-f1005ee55974",
        "Start Frame": 5040,
        "End Frame": 5160,
        "Caption": "#C C puts the shelf holder on the wall; #c c remove a  piece of  cloth from the; #C C fixes the plastic on the wall; #C C touches the bed with her hand; #C C puts a mat on the table"
    },
    {
        "Video Name": "9e50476f-2e77-46f3-8b06-f1005ee55974",
        "Start Frame": 5160,
        "End Frame": 5280,
        "Caption": "#C C puts tape on the box; #C C tears the sticker; #C C removes a sticker on the box; #c c removes the sellotape; #C C tears the seal on the box with his"
    },
    {
        "Video Name": "9e50476f-2e77-46f3-8b06-f1005ee55974",
        "Start Frame": 5280,
        "End Frame": 5400,
        "Caption": "#C C   tears a piece of; #C C removes a sticker on the box; #c c tears the papers from the cart; #c c removes sticker; #C C removes a seal tape from the"
    }
]