[
    {
        "Video Name": "a004e80f-f4cd-4e62-9848-dd825cc6a398",
        "Start Frame": 0,
        "End Frame": 120,
        "Caption": "#C C places the steel tube on the floor with his left hand; #C C places the metal rod on the floor ; #C C picks the rod; #C C drops the steel tube on the floor with his left hand; #c c picks the metal"
    },
    {
        "Video Name": "a004e80f-f4cd-4e62-9848-dd825cc6a398",
        "Start Frame": 120,
        "End Frame": 240,
        "Caption": "#C C adjusts the iron on the floor with his left hand.; #C C holds the metal pipe with his left hand.; #C C holds the iron with his left hand.; #C C picks the angle grinder from the floor with his right hand; #C C  puts machine down "
    },
    {
        "Video Name": "a004e80f-f4cd-4e62-9848-dd825cc6a398",
        "Start Frame": 240,
        "End Frame": 360,
        "Caption": "#C C moves the metal rod; #C C smoothens the steel tube on the floor with the angle grinder in his right hand; #C C smoothens metal with a grinder; #C C smoothens the metal pipe with the angle grinder in his right hand.; #C C grinds the steel tube with the angle grinder in his right hand."
    },
    {
        "Video Name": "a004e80f-f4cd-4e62-9848-dd825cc6a398",
        "Start Frame": 360,
        "End Frame": 480,
        "Caption": "#C C smoothens the iron rod with the angle grinder in his right hand; #C C grinds the metal rod; #C C uses the grinder; #C C welds the metal rod with the electric rotary tool; #C C grinds the metal rod with the grinder"
    },
    {
        "Video Name": "a004e80f-f4cd-4e62-9848-dd825cc6a398",
        "Start Frame": 480,
        "End Frame": 600,
        "Caption": "#C C adjusts a metal rod on the floor with his left hand.; #C C puts a metal on the floor; #C C drops the iron on the floor with his left hand.; #C C removes the metal rod from the hallow bar with his left hand; #C C drops the iron on the floor with his left hand."
    },
    {
        "Video Name": "a004e80f-f4cd-4e62-9848-dd825cc6a398",
        "Start Frame": 600,
        "End Frame": 720,
        "Caption": "#C C picks a metal rod; #C C picks a metal rod; #C C picks the iron; #C C picks a metal rod from the floor with his right hand; #C C picks the iron from the floor with his left hand."
    },
    {
        "Video Name": "a004e80f-f4cd-4e62-9848-dd825cc6a398",
        "Start Frame": 720,
        "End Frame": 840,
        "Caption": "#C C picks the angle grinder from the floor with his right hand; #C C picks the grinder; #C C picks the angle grinder from the floor with his right hand; #C C picks a metal polisher ; #C C picks the grinder"
    },
    {
        "Video Name": "a004e80f-f4cd-4e62-9848-dd825cc6a398",
        "Start Frame": 840,
        "End Frame": 960,
        "Caption": "#C C removes the steel tube from the iron with his left hand; #C C smoothens the metal rod; #C C turns the rod; #C C turns the iron with his left hand.; #C C holds the metal"
    },
    {
        "Video Name": "a004e80f-f4cd-4e62-9848-dd825cc6a398",
        "Start Frame": 960,
        "End Frame": 1080,
        "Caption": "#C C holds the metal rod; #C C holds the metal rod; #C C lifts the metal rod; #C C pulls the metal rod ; #C C holds the iron with both"
    },
    {
        "Video Name": "a004e80f-f4cd-4e62-9848-dd825cc6a398",
        "Start Frame": 1080,
        "End Frame": 1200,
        "Caption": "#C C lifts the steel tube from the ground with his left hand; #C C holds the metal; #c c holds the metal rod; #C C picks a metal pipe; #C C puts a metal rod on the ground"
    },
    {
        "Video Name": "a004e80f-f4cd-4e62-9848-dd825cc6a398",
        "Start Frame": 1200,
        "End Frame": 1320,
        "Caption": "#C C smoothens the metal pipe in his left hand with the angle grinder in his right hand; #c c grinds the steel rod with the grinder; #C C polishes the steel tube on the floor with the angle grinder in his right hand.; #C C smoothens the steel tube on the floor with the angle grinder in his right hand.; #C C files the iron with the filing machine in his right hand."
    },
    {
        "Video Name": "a004e80f-f4cd-4e62-9848-dd825cc6a398",
        "Start Frame": 1320,
        "End Frame": 1440,
        "Caption": "#C C looks around ; #C C turns the rod; #C C looks around; #C C turns the iron with his left hand.; #C C drops the angle grinder on the floor with his right hand"
    },
    {
        "Video Name": "a004e80f-f4cd-4e62-9848-dd825cc6a398",
        "Start Frame": 1440,
        "End Frame": 1560,
        "Caption": "#C C picks a metal; #C C picks a metal; #C C picks a metal; #C C picks a metal; #C C holds the rod"
    },
    {
        "Video Name": "a004e80f-f4cd-4e62-9848-dd825cc6a398",
        "Start Frame": 1560,
        "End Frame": 1680,
        "Caption": "#C C picks the angle grinder from the floor with his right hand; #C C holds the steel tube on the floor with his left hand.; #C C holds the angle grinder with his right hand.; #C C holds the rod with his left hand.; #C C picks the angle grinder from the floor with his right hand"
    },
    {
        "Video Name": "a004e80f-f4cd-4e62-9848-dd825cc6a398",
        "Start Frame": 1680,
        "End Frame": 1800,
        "Caption": "#C C polishes the stainless steel tube on the floor with the angle grinder in his right hand; #C C holds the steel tube on the floor with his left hand.; #C C smoothens the aluminium rod with the angle grinder.; #C C holds the iron with his left hand.; #C C smoothens the joint on the pipe with the angle grinder in his right hand."
    },
    {
        "Video Name": "a004e80f-f4cd-4e62-9848-dd825cc6a398",
        "Start Frame": 1800,
        "End Frame": 1920,
        "Caption": "#C C picks the iron from the floor with his left hand.; #C C holds the metal tube on the floor with his left hand; #c c uses a metal polishing machine to smooth the metal; #C C turns the metal bar; #C C adjusts the iron with his left hand."
    },
    {
        "Video Name": "a004e80f-f4cd-4e62-9848-dd825cc6a398",
        "Start Frame": 1920,
        "End Frame": 2040,
        "Caption": "#C C adjusts the cable of the angle grinder with his left hand; #C C looks around; #C C moves the iron on the floor with his left hand.; #C C looks around ; #C C looks around"
    },
    {
        "Video Name": "a004e80f-f4cd-4e62-9848-dd825cc6a398",
        "Start Frame": 2040,
        "End Frame": 2160,
        "Caption": "#C C holds the metal; #C C holds the metal rod with both hands; #C C holds a metal rod with his left; #C C holds the iron with his left hand; #C C picks the metal rod"
    },
    {
        "Video Name": "a004e80f-f4cd-4e62-9848-dd825cc6a398",
        "Start Frame": 2160,
        "End Frame": 2280,
        "Caption": "#C C polishes the metal tube on the floor with the angle grinder in his right hand; #c c grinds the metal rod with the grinder; #C C holds the steel tube on the floor with his left hand.; #C C grinds the steel tube with the angle grinder in his right hand.; #C C holds the metal tube on the floor with his left hand."
    },
    {
        "Video Name": "a004e80f-f4cd-4e62-9848-dd825cc6a398",
        "Start Frame": 2280,
        "End Frame": 2400,
        "Caption": "#C C smoothens the iron with the angle grinder in his right hand; #c c smoothens the steel rod with the angle grinder; #C C grinds the steel tube with the angle grinder.; #C C turns the rod; #C C polishes the iron with the angle grinder in his right hand"
    },
    {
        "Video Name": "a004e80f-f4cd-4e62-9848-dd825cc6a398",
        "Start Frame": 2400,
        "End Frame": 2520,
        "Caption": "#C C smoothens the metal pipe in his left hand with the angle grinder in his right hand; #C C smoothens the metal tube on the floor with the angle grinder in his right hand.; #C C grinds the rod in his left hand with the angle grinder in his right hand.; #C C grinds the metal rod with the grinder; #C C files the steel tube with the filing machine in his right hand."
    },
    {
        "Video Name": "a004e80f-f4cd-4e62-9848-dd825cc6a398",
        "Start Frame": 2520,
        "End Frame": 2640,
        "Caption": "#C C moves metal rod; #C C moves the left hand; #C C moves his left hand ; #C C removes his left hand from the steel tube on the floor; #C C moves the left leg"
    },
    {
        "Video Name": "a004e80f-f4cd-4e62-9848-dd825cc6a398",
        "Start Frame": 2640,
        "End Frame": 2760,
        "Caption": "#C C pulls a metal rod; #C C holds the metal rod with the left; #C C picks a metal rod; #C C pulls a metal rod; #C C holds the metal rod"
    },
    {
        "Video Name": "a004e80f-f4cd-4e62-9848-dd825cc6a398",
        "Start Frame": 2760,
        "End Frame": 2880,
        "Caption": "#C C polishes the hallow bar with the angle grinder in his right hand; #C C grinds the metal rod; #C C holds a metal pipe; #C C holds the metal rod with his left hand.; #C C holds the angle grinder with his right hand."
    },
    {
        "Video Name": "a004e80f-f4cd-4e62-9848-dd825cc6a398",
        "Start Frame": 2880,
        "End Frame": 3000,
        "Caption": "#C C grinds the metal pipe in his left hand with the angle grinder in his right hand; #C C smoothens the metal tube on the floor with the angle grinder in his right hand.; #C C holds the aluminum pipe with his left hand.; #C C grinds the rod with the grinder; #C C grinds the metal tube with the angle grinder in his right hand."
    },
    {
        "Video Name": "a004e80f-f4cd-4e62-9848-dd825cc6a398",
        "Start Frame": 3000,
        "End Frame": 3120,
        "Caption": "#C C grinds the metal rod with the grinder; #C C smoothens the metal tube on the floor with the angle grinder in his right hand; #C C  grinds the metal rod with the grinder; #C C grinds the metal rod with the grinder; #C C grinds the metal rod with the grinder"
    },
    {
        "Video Name": "a004e80f-f4cd-4e62-9848-dd825cc6a398",
        "Start Frame": 3120,
        "End Frame": 3240,
        "Caption": "#C C drops the metal rod; #C C moves the steel rod with his right hand; #C C takes a metal rod; #C C pulls a metal pipe; #C C holds the metal"
    },
    {
        "Video Name": "a004e80f-f4cd-4e62-9848-dd825cc6a398",
        "Start Frame": 3240,
        "End Frame": 3360,
        "Caption": "#C C picks a metal; #C C holds the metal; #C C picks the metal; #C C takes the metal; #C C picks a metal"
    },
    {
        "Video Name": "a004e80f-f4cd-4e62-9848-dd825cc6a398",
        "Start Frame": 3360,
        "End Frame": 3480,
        "Caption": "#C C holds the steel tube with his left hand.; #C C picks a grinder; #C C holds the angle grinder with his right hand.; #C C polishes the aluminum bar with the angle grinder in his right hand; #C C picks the angle grinder from the floor with his right hand."
    },
    {
        "Video Name": "a004e80f-f4cd-4e62-9848-dd825cc6a398",
        "Start Frame": 3480,
        "End Frame": 3600,
        "Caption": "#C C smoothens the metal pipe in his left hand with the angle grinder in his right hand; #C C smoothens the metal tube on the floor with the angle grinder in his right hand.; #C C grinds the steel tube with the angle grinder in his right hand.; #C C holds the steel tube on the floor with his left hand.; #C C holds the steel tube on the floor with his left hand."
    },
    {
        "Video Name": "a004e80f-f4cd-4e62-9848-dd825cc6a398",
        "Start Frame": 3600,
        "End Frame": 3720,
        "Caption": "#C C grinds the steel rod with the grinder; #C C  welds the metal rod with the welding machine; #C C adjusts the iron on the floor with his left hand; #C C grinds the metal; #C C holds the metal rod with the left hand"
    },
    {
        "Video Name": "a004e80f-f4cd-4e62-9848-dd825cc6a398",
        "Start Frame": 3720,
        "End Frame": 3840,
        "Caption": "#c c smoothens the metal rod with the grinder; #C C polishes the stainless steel tube with the angle grinder in his right hand.; #C C smoothens the metal tube on the floor with the angle grinder in his right hand; #C C adjusts the  steel tube on the floor with his left hand.; #c c smooth the metal rod"
    },
    {
        "Video Name": "a004e80f-f4cd-4e62-9848-dd825cc6a398",
        "Start Frame": 3840,
        "End Frame": 3960,
        "Caption": "#C C moves the cable; #C C looks around the workshop ; #C C looks around; #C C places the angle grinder on the floor with his right hand; #C C looks around "
    },
    {
        "Video Name": "a004e80f-f4cd-4e62-9848-dd825cc6a398",
        "Start Frame": 3960,
        "End Frame": 4080,
        "Caption": "#C C touches the metal rod; #C C holds the metal rod; #C C touches the metal rod; #C C adjusts the iron on the floor with his left hand; #C C holds the metal rod"
    },
    {
        "Video Name": "a004e80f-f4cd-4e62-9848-dd825cc6a398",
        "Start Frame": 4080,
        "End Frame": 4200,
        "Caption": "#C C holds the angle grinder with his right hand.; #C C smoothens the hallow bar with the angle grinder in his right hand.; #C C holds the angle grinder with his left hand.; #C C picks the angle grinder from the floor with his right hand.; #C C holds the angle grinder with his right hand."
    },
    {
        "Video Name": "a004e80f-f4cd-4e62-9848-dd825cc6a398",
        "Start Frame": 4200,
        "End Frame": 4320,
        "Caption": "#C C grinds the rod with the grinder; #C C holds the steel tube on the floor with his left hand; #C C grinds the rod with the grinder; #c c welds the steel rod with the grinder; #C C holds the metal rod with his left hand."
    },
    {
        "Video Name": "a004e80f-f4cd-4e62-9848-dd825cc6a398",
        "Start Frame": 4320,
        "End Frame": 4440,
        "Caption": "#C C holds the steel tube on the floor with his left hand.; #C C grinds the metal; #C C polishes the stainless steel tube with the angle grinder in his right hand; #C C holds the angle grinder with his right hand.; #C C holds the metal"
    },
    {
        "Video Name": "a004e80f-f4cd-4e62-9848-dd825cc6a398",
        "Start Frame": 4440,
        "End Frame": 4560,
        "Caption": "#C C looks around the workshop; #C C looks around the workshop; #C C looks around; #C C holds the metal rod with his left hand; #C C looks around"
    },
    {
        "Video Name": "a004e80f-f4cd-4e62-9848-dd825cc6a398",
        "Start Frame": 4560,
        "End Frame": 4680,
        "Caption": "#C C picks an iron rod from the floor with his right hand.; #C C picks the metal rod; #C C holds the metal rod; #C C picks a metal rod; #C C picks a metal"
    },
    {
        "Video Name": "a004e80f-f4cd-4e62-9848-dd825cc6a398",
        "Start Frame": 4680,
        "End Frame": 4800,
        "Caption": "#C C looks around; #C C holds the metal rod; #C C adjusts the long rectangular shaped steel rod on the floor with his left hand; #C C picks the metal rod; #C C looks around"
    },
    {
        "Video Name": "a004e80f-f4cd-4e62-9848-dd825cc6a398",
        "Start Frame": 4800,
        "End Frame": 4920,
        "Caption": "#C C grinds the metal tube on the floor with the angle grinder in his right hand; #C C grinds the steel tube with the angle grinder in his right hand.; #c c smooth the metal rod with the grinder; #C C smoothens the metal rod with the angle grinder in his right hand.; #C C smoothens the metal tube on the floor with the angle grinder in his right hand"
    },
    {
        "Video Name": "a004e80f-f4cd-4e62-9848-dd825cc6a398",
        "Start Frame": 4920,
        "End Frame": 5040,
        "Caption": "#C C grinds the iron rod in his left hand with the angle grinder in his right hand; #C C grinds the rod with the grinder; #C C  grinds the metal rod with the grinder; #C C smoothens the metal pipe in his left hand with the angle grinder in his right hand; #C C grinds the metal rod in his left hand with the angle grinder in his right hand"
    },
    {
        "Video Name": "a004e80f-f4cd-4e62-9848-dd825cc6a398",
        "Start Frame": 5040,
        "End Frame": 5160,
        "Caption": "#C C drops the angle grinder on the floor with his right hand; #C C puts the metal on the floor; #C C turns the angle grinder on the floor with his right hand; #C C drops the angle grinder on the floor with his right hand; #C C picks the angle grinder from the floor with his right hand"
    },
    {
        "Video Name": "a004e80f-f4cd-4e62-9848-dd825cc6a398",
        "Start Frame": 5160,
        "End Frame": 5280,
        "Caption": "#C C looks around; #C C looks around; #C C looks around; #C C looks around; #C C looks around"
    },
    {
        "Video Name": "a004e80f-f4cd-4e62-9848-dd825cc6a398",
        "Start Frame": 5280,
        "End Frame": 5400,
        "Caption": "#C C removes his left hand from the angle grinder.; #C C looks around; #C C places the grinder on the floor; #C C picks a angle grinder from the floor with his left hand; #C C moves the leg"
    }
]