[
    {
        "Video Name": "a203b4a9-0639-43c8-b05d-cbcbacb77f48",
        "Start Frame": 0,
        "End Frame": 120,
        "Caption": "#C C picks the thread; #C C pulls thread ; #C C pulls the thread from the spool pin with her right hand; #C C fixes the thread on the bobbin with her hands.; #C C picks the thread"
    },
    {
        "Video Name": "a203b4a9-0639-43c8-b05d-cbcbacb77f48",
        "Start Frame": 120,
        "End Frame": 240,
        "Caption": "#C C pulls the thread from the thread take up lever with her right hand.; #C C adjusts the thread with both hands.; #C C inserts thread in the machine; #C C pulls the thread from the thread take up lever of the sewing machine with her right hand; #C C removes thread from the thread guide on the sewing machine with her right hand."
    },
    {
        "Video Name": "a203b4a9-0639-43c8-b05d-cbcbacb77f48",
        "Start Frame": 240,
        "End Frame": 360,
        "Caption": "#C C pulls thread ; #C C pulls the thread with her right hand; #C C Pulls the thread; #C C pulls a thread; #C C Pulls the thread"
    },
    {
        "Video Name": "a203b4a9-0639-43c8-b05d-cbcbacb77f48",
        "Start Frame": 360,
        "End Frame": 480,
        "Caption": "#C C pulls the thread; #C C Pulls a; #C C pulls the thread; #C C pulls thread; #C C Adjusts thread"
    },
    {
        "Video Name": "a203b4a9-0639-43c8-b05d-cbcbacb77f48",
        "Start Frame": 480,
        "End Frame": 600,
        "Caption": "#C C pulls the thread; #C C pulls the thread from the thread guide of the sewing machine with her right hand; #C C pulls the thread with her left hand.; #C C pulls the thread; #C C pulls the thread with her left hand."
    },
    {
        "Video Name": "a203b4a9-0639-43c8-b05d-cbcbacb77f48",
        "Start Frame": 600,
        "End Frame": 720,
        "Caption": "#C C pulls the thread; #C C puts the thread in the sewing machine with both hands.; #C C pulls thread from the thread guide on the sewing machine with both hands; #C C pulls the thread with both hands.; #C C Holds the thread with the left hand"
    },
    {
        "Video Name": "a203b4a9-0639-43c8-b05d-cbcbacb77f48",
        "Start Frame": 720,
        "End Frame": 840,
        "Caption": "#C C pulls the thread; #C C passes thread through the needle; #C C pulls the thread with the left hand; #C C puts the thread on the sewing machine ; #C C places the thread on the sewing machine with her left hand"
    },
    {
        "Video Name": "a203b4a9-0639-43c8-b05d-cbcbacb77f48",
        "Start Frame": 840,
        "End Frame": 960,
        "Caption": "#C C pulls thread; #C C passes the thread through the sewing machine needle; #C C puts thread in a needle; #C C fixes thread in the needle ; #C C inserts the thread in the sewing machine needle with her left hand"
    },
    {
        "Video Name": "a203b4a9-0639-43c8-b05d-cbcbacb77f48",
        "Start Frame": 960,
        "End Frame": 1080,
        "Caption": "#C C places thread on thread guide ; #C C fixes thread in the sewing machine; #C C puts thread on the needle; #C C holds the thread; #C C pulls the thread with her left hand"
    },
    {
        "Video Name": "a203b4a9-0639-43c8-b05d-cbcbacb77f48",
        "Start Frame": 1080,
        "End Frame": 1200,
        "Caption": "#C C pulls the thread with her right hand.; #C C pulls the thread with both hands.; #C C puts the thread in the needle with her left hand; #C C pulls the thread with her left hand.; #C C removes thread"
    },
    {
        "Video Name": "a203b4a9-0639-43c8-b05d-cbcbacb77f48",
        "Start Frame": 1200,
        "End Frame": 1320,
        "Caption": "#C C puts the thread on the sewing machine; #C C pulls the thread with her left hand.; #C C removes thread from the thread guide with her left hand; #C C pulls the thread with her right hand.; #C C puts thread through the needle"
    },
    {
        "Video Name": "a203b4a9-0639-43c8-b05d-cbcbacb77f48",
        "Start Frame": 1320,
        "End Frame": 1440,
        "Caption": "#C C Pulls the; #C C pulls thread; #C C adjusts thread; #C C pulls the thread; #C C pulls thread"
    },
    {
        "Video Name": "a203b4a9-0639-43c8-b05d-cbcbacb77f48",
        "Start Frame": 1440,
        "End Frame": 1560,
        "Caption": "#C C Pulls a thread ; #C C pulls thread; #C C pulls the thread ; #C C pulls thread from the sewing machine with her left hand; #C C Pulls the thread"
    },
    {
        "Video Name": "a203b4a9-0639-43c8-b05d-cbcbacb77f48",
        "Start Frame": 1560,
        "End Frame": 1680,
        "Caption": "#C C picks a; #C C pulls the; #C C holds thread; #C C picks a; #C C adjusts thread"
    },
    {
        "Video Name": "a203b4a9-0639-43c8-b05d-cbcbacb77f48",
        "Start Frame": 1680,
        "End Frame": 1800,
        "Caption": "#C C picks a cloth; #C C Picks a scissors; #C C removes the thread from the sewing machine with her right hand; #C C picks the thread; #C C picks the thread on the sewing machine with her right hand"
    },
    {
        "Video Name": "a203b4a9-0639-43c8-b05d-cbcbacb77f48",
        "Start Frame": 1800,
        "End Frame": 1920,
        "Caption": "#C C  aligns a cloth; #C C holds the cloth ; #C C adjusts the fabric with her hands; #C C holds the fabric with both hands; #C C folds a cloth "
    },
    {
        "Video Name": "a203b4a9-0639-43c8-b05d-cbcbacb77f48",
        "Start Frame": 1920,
        "End Frame": 2040,
        "Caption": "#C C folds the piece of cloth. ; #C C adjusts the cloth with both hands.; #C C holds the piece of cloth with both hands; #C C adjusts the cloth ; #C C folds a piece of cloth."
    },
    {
        "Video Name": "a203b4a9-0639-43c8-b05d-cbcbacb77f48",
        "Start Frame": 2040,
        "End Frame": 2160,
        "Caption": "#C C Puts a piece of cloth on a sewing; #C C adjusts the cloth with her hands.; #C C folds the cloth with both hands.; #C C Folds the cloth; #C C folds the fabric on the cloth with her hands"
    },
    {
        "Video Name": "a203b4a9-0639-43c8-b05d-cbcbacb77f48",
        "Start Frame": 2160,
        "End Frame": 2280,
        "Caption": "#C C adjusts the cloth; #C C Puts the cloth on the sewing machine; #C C straightens the cloth on the sewing machine.; #C C places the piece of cloth on the sewing machine; #C C adjusts the cloth on the sewing machine"
    },
    {
        "Video Name": "a203b4a9-0639-43c8-b05d-cbcbacb77f48",
        "Start Frame": 2280,
        "End Frame": 2400,
        "Caption": "#C C sews cloth ; #C C sews cloth with the sewing machine; #C C sews cloth on the sewing machine; #C C Sews a cloth with a sewing machine; #C C sews cloth "
    },
    {
        "Video Name": "a203b4a9-0639-43c8-b05d-cbcbacb77f48",
        "Start Frame": 2400,
        "End Frame": 2520,
        "Caption": "#C C sews cloth on the sewing machine; #C C sews cloth with the sewing machine; #C C sews the cloth ; #C C sews cloth ; #C C sews cloth "
    },
    {
        "Video Name": "a203b4a9-0639-43c8-b05d-cbcbacb77f48",
        "Start Frame": 2520,
        "End Frame": 2640,
        "Caption": "#C C adjusts the sewing machine ; #C C pulls the thread; #C C adjusts the sewing machine ; #C C lifts the presser bar lifter on the sewing machine with her right hand; #C C pulls the thread "
    },
    {
        "Video Name": "a203b4a9-0639-43c8-b05d-cbcbacb77f48",
        "Start Frame": 2640,
        "End Frame": 2760,
        "Caption": "#C C drags the thread from the sewing machine with her left hand; #C C pulls the thread with her left hand.; #C C picks the thread; #C C removes thread from the sewing machine; #C C Pulls the thread"
    },
    {
        "Video Name": "a203b4a9-0639-43c8-b05d-cbcbacb77f48",
        "Start Frame": 2760,
        "End Frame": 2880,
        "Caption": "#C C Pulls the thread; #C C pulls the thread; #C C pulls the thread; #C C pulls the thread; #C C pulls the thread from the thread guide of the sewing machine with her left hand"
    },
    {
        "Video Name": "a203b4a9-0639-43c8-b05d-cbcbacb77f48",
        "Start Frame": 2880,
        "End Frame": 3000,
        "Caption": "#C C holds the thread with her right hand; #C C pulls the thread; #C C holds the thread with both hands.; #C C cuts the thread; #C C pulls the thread "
    },
    {
        "Video Name": "a203b4a9-0639-43c8-b05d-cbcbacb77f48",
        "Start Frame": 3000,
        "End Frame": 3120,
        "Caption": "#C C drops the pair of scissors on the table with her right hand.; #C C drops the pair of scissors on the table with her right hand.; #C C drops the pair of scissors on the table with her right hand.; #C C drops the pair of scissors on the table with her right hand.; #C C drops the pair of scissors on the sewing machine with her right hand"
    },
    {
        "Video Name": "a203b4a9-0639-43c8-b05d-cbcbacb77f48",
        "Start Frame": 3120,
        "End Frame": 3240,
        "Caption": "#C C pulls the thread; #C C straightens the thread; #C C pulls the thread; #C C holds the thread with both hands; #C C holds thread"
    },
    {
        "Video Name": "a203b4a9-0639-43c8-b05d-cbcbacb77f48",
        "Start Frame": 3240,
        "End Frame": 3360,
        "Caption": "#C C removes thread from the thread guide with her left hand; #C C puts the thread in the needle; #C C pulls thread; #C C picks thread; #C C Pulls the thread"
    },
    {
        "Video Name": "a203b4a9-0639-43c8-b05d-cbcbacb77f48",
        "Start Frame": 3360,
        "End Frame": 3480,
        "Caption": "#C C inserts thread in the sewing machine needle; #C C puts the thread in the needle; #C C places thread in the needle; #C C inserts thread in the needle; #C C puts the thread on the sewing machine needle"
    },
    {
        "Video Name": "a203b4a9-0639-43c8-b05d-cbcbacb77f48",
        "Start Frame": 3480,
        "End Frame": 3600,
        "Caption": "#C C pulls the thread with the left; #C C fixes thread on the sewing machine; #C C pulls the thread with both hands; #C C pulls a thread; #C C pulls the thread with her hands"
    },
    {
        "Video Name": "a203b4a9-0639-43c8-b05d-cbcbacb77f48",
        "Start Frame": 3600,
        "End Frame": 3720,
        "Caption": "#C C picks a scissor; #C C picks the pair of scissors from the sewing machine with her right hand.; #C C cuts a thread on the fabric with the pair of scissors in her right hand.; #C C cuts the thread from the cloth with the pair of scissor's in her right hand; #C C Picks a pair of scissor"
    },
    {
        "Video Name": "a203b4a9-0639-43c8-b05d-cbcbacb77f48",
        "Start Frame": 3720,
        "End Frame": 3840,
        "Caption": "#C C puts the scissors on the sewing machine; #C C places the fabric on the sewing machine with both hands; #C C removes the thread from the sewing machine with both hands; #C C holds thread; #C C pulls a thread"
    },
    {
        "Video Name": "a203b4a9-0639-43c8-b05d-cbcbacb77f48",
        "Start Frame": 3840,
        "End Frame": 3960,
        "Caption": "#C C holds the piece of cloth; #C C stretches the cloth ; #C C straightens the cloth with both hands.; #C C holds the piece of cloth on the sewing machine with both hands; #C C folds the cloth"
    },
    {
        "Video Name": "a203b4a9-0639-43c8-b05d-cbcbacb77f48",
        "Start Frame": 3960,
        "End Frame": 4080,
        "Caption": "#C C Folds the cloth; #C C sews cloth ; #C C puts cloth on the sewing machine; #C C sets the cloth on the sewing machine with both hands; #C C puts the cloth on the sewing machine "
    },
    {
        "Video Name": "a203b4a9-0639-43c8-b05d-cbcbacb77f48",
        "Start Frame": 4080,
        "End Frame": 4200,
        "Caption": "#C C sews the fabric with the sewing machine.; #C C Sews the cloth with sewing machine; #C C Folds the cloth; #C C adjusts the fabric on the sewing machine with both hands; #C C puts a cloth on the sewing machine "
    },
    {
        "Video Name": "a203b4a9-0639-43c8-b05d-cbcbacb77f48",
        "Start Frame": 4200,
        "End Frame": 4320,
        "Caption": "#C C puts the cloth on the sewing machine; #C C Folds the cloth; #C C Holds a thread with hands; #C C Sews the cloth with sewing machine; #C C Folds the cloth"
    },
    {
        "Video Name": "a203b4a9-0639-43c8-b05d-cbcbacb77f48",
        "Start Frame": 4320,
        "End Frame": 4440,
        "Caption": "#C C lowers the presser bar lifter on the sewing machine with her right hand; #C C sews the fabric with the sewing machine.; #C C sews a cloth ; #C C sews the fabric; #C C sews the fabric with the sewing machine."
    },
    {
        "Video Name": "a203b4a9-0639-43c8-b05d-cbcbacb77f48",
        "Start Frame": 4440,
        "End Frame": 4560,
        "Caption": "#C C picks a scissor; #C C picks the pair of scissors from the sewing machine with her right hand; #C C picks the pair of scissors from the sewing machine with her right hand; #C C picks the scissors from the sewing machine with her right hand.; #C C picks the pair of scissors from the sewing machine with her right hand"
    },
    {
        "Video Name": "a203b4a9-0639-43c8-b05d-cbcbacb77f48",
        "Start Frame": 4560,
        "End Frame": 4680,
        "Caption": "#C C drops the pair of scissors on the sewing machine.; #C C drops the pair of scissors in her right hand on the sewing machine; #C C drops the scissors on the sewing machine with her right hand.; #C C drops the scissors on the sewing machine with her right hand.; #C C drops the pair of scissors on the sewing machine."
    },
    {
        "Video Name": "a203b4a9-0639-43c8-b05d-cbcbacb77f48",
        "Start Frame": 4680,
        "End Frame": 4800,
        "Caption": "#C C holds the piece of cloth with her left hand; #C C holds the fabric with both hands.; #C C holds the piece of cloth with both hands.; #C C holds the scissors with her right hand.; #C C adjusts the piece of cloth with both hands."
    },
    {
        "Video Name": "a203b4a9-0639-43c8-b05d-cbcbacb77f48",
        "Start Frame": 4800,
        "End Frame": 4920,
        "Caption": "#C C turns the fabric with both hands.; #C C holds the piece of cloth with both hands; #C C straightens the cloth; #C C holds the piece of cloth with her hands; #C C folds the piece of cloth "
    },
    {
        "Video Name": "a203b4a9-0639-43c8-b05d-cbcbacb77f48",
        "Start Frame": 4920,
        "End Frame": 5040,
        "Caption": "#C C sews cloth ; #C C sews cloth ; #C C sews the fabric ; #C C puts thread under the needle; #C C sews cloth "
    },
    {
        "Video Name": "a203b4a9-0639-43c8-b05d-cbcbacb77f48",
        "Start Frame": 5040,
        "End Frame": 5160,
        "Caption": "#C C sews cloth with the sewing machine; #C C fixes the thread under the presser foot of the sewing machine with both hands; #C C moves the fabric on the sewing machine; #C C sews the fabric with the sewing machine.; #C C sews the fabric with the sewing machine."
    },
    {
        "Video Name": "a203b4a9-0639-43c8-b05d-cbcbacb77f48",
        "Start Frame": 5160,
        "End Frame": 5280,
        "Caption": "#C C adjusts the sewing machine ; #C C adjusts the thread tension of the sewing machine with her right hand.; #C C lowers presser bar lifter; #C C sews the fabric with the sewing machine.; #C C drops the presser bar lifter on the sewing machine with her right hand"
    },
    {
        "Video Name": "a203b4a9-0639-43c8-b05d-cbcbacb77f48",
        "Start Frame": 5280,
        "End Frame": 5400,
        "Caption": "#C C touches the sewing machine; #C C puts the cloth on the sewing machine; #C C sews the cloth with the sewing; #C C sews the cloth with the sewing; #C C touches sewing machine"
    }
]