[
    {
        "Video Name": "a2142f6c-561c-4b6f-bac8-35e8a1022e93",
        "Start Frame": 0,
        "End Frame": 120,
        "Caption": "#O The man X drops a wooden float in a pan with his right hand; #C C looks around; #C C turns around ; #C C walks around; #O The man X drops the axe on a block with his right hand."
    },
    {
        "Video Name": "a2142f6c-561c-4b6f-bac8-35e8a1022e93",
        "Start Frame": 120,
        "End Frame": 240,
        "Caption": "#C C looks around ; #O man X puts the cement on the wall ; #O The man X takes mortar from the head pan with the trowel in his right hand; #O man X puts down the brick trowel ; #C C looks around"
    },
    {
        "Video Name": "a2142f6c-561c-4b6f-bac8-35e8a1022e93",
        "Start Frame": 240,
        "End Frame": 360,
        "Caption": "#O The man Y drops the trowel in the head pan with his right hand.; #O The man X drops the trowel in the head pan with his right hand.; #O Man X puts cement in the space between the blocks with the trowel in his right hand; #O man Y puts concrete in the brick ; #O The man X spreads the mortar on the fence with the trowel in his right hand."
    },
    {
        "Video Name": "a2142f6c-561c-4b6f-bac8-35e8a1022e93",
        "Start Frame": 360,
        "End Frame": 480,
        "Caption": "#C C looks around; #C C turns around; #C C looks around; #C C looks around; #C C looks around"
    },
    {
        "Video Name": "a2142f6c-561c-4b6f-bac8-35e8a1022e93",
        "Start Frame": 480,
        "End Frame": 600,
        "Caption": "#C C walks around; #C C walks on the; #c c walks around; #C C walks in the; #C C walks around"
    },
    {
        "Video Name": "a2142f6c-561c-4b6f-bac8-35e8a1022e93",
        "Start Frame": 600,
        "End Frame": 720,
        "Caption": "#C C looks around; #C C walks to the man X; #C C walks towards the man X; #C C turns around ; #C C walks at the construction site"
    },
    {
        "Video Name": "a2142f6c-561c-4b6f-bac8-35e8a1022e93",
        "Start Frame": 720,
        "End Frame": 840,
        "Caption": "#O The man X drops the axe in his right hand on the ground.; #O The man Y takes some sand from the ground with the hoe in his hands; #C C looks around; #O The man X carries a brick from the ground with his hands.; #O man X digs"
    },
    {
        "Video Name": "a2142f6c-561c-4b6f-bac8-35e8a1022e93",
        "Start Frame": 840,
        "End Frame": 960,
        "Caption": "#O The man A pours cement on the wall with the trowel in his right hand.; #O The man Y pours cement from the trowel on the concrete block with his right hand; #C C walks towards the man M.; #O The man X picks a block from the ground with his left hand.; #C C converses with the man B."
    },
    {
        "Video Name": "a2142f6c-561c-4b6f-bac8-35e8a1022e93",
        "Start Frame": 960,
        "End Frame": 1080,
        "Caption": "#O The man X picks the trowel from the mortar pan with his right hand.; #O The man X puts the concrete mix on the block with the trowel in his right hand; #o o puts the trowel on the ground; #o man x picks a brick; #O The man X lifts the concrete block from the ground with both hands."
    },
    {
        "Video Name": "a2142f6c-561c-4b6f-bac8-35e8a1022e93",
        "Start Frame": 1080,
        "End Frame": 1200,
        "Caption": "#O The man X places the piece of brick on the wall with both hands.; #O The man X drops the concrete block in the concrete block with both hands.; #O Man X drops the concrete block on the concrete with both hands.; #O Man X spreads the cement on the block with the trowel in his right hand; #O The man X places the concrete block on the concrete block on the ground with both hands"
    },
    {
        "Video Name": "a2142f6c-561c-4b6f-bac8-35e8a1022e93",
        "Start Frame": 1200,
        "End Frame": 1320,
        "Caption": "#O The man X picks a block from the ground with his left hand.; #O The man Y drops the trowel on the head pan with his right hand.; #O The man X takes concrete from the pan on the ground with the trowel in his right hand; #O The man X drops the axe on the ground with his right hand.; #O The man X takes mortar from the head pan with the trowel in his right hand."
    },
    {
        "Video Name": "a2142f6c-561c-4b6f-bac8-35e8a1022e93",
        "Start Frame": 1320,
        "End Frame": 1440,
        "Caption": "#O The man X drops the axe on the ground with his right hand.; #O The man Y plasters the wall with the brick trowel in his right hand; #O The man X places his left hand on the concrete block.; #O The man M holds the axe on the ground with his right hand.; #O person X moves on the ground "
    },
    {
        "Video Name": "a2142f6c-561c-4b6f-bac8-35e8a1022e93",
        "Start Frame": 1440,
        "End Frame": 1560,
        "Caption": "#O The man X picks the axe from the ground with his right hand.; #O The man M picks a concrete block on the ground with his left hand; #O The man X picks a concrete block from the ground with his right hand; #O Man X drops the concrete block on the ground with his right hand.; #O The man X takes some blocks from the ground with his hands."
    },
    {
        "Video Name": "a2142f6c-561c-4b6f-bac8-35e8a1022e93",
        "Start Frame": 1560,
        "End Frame": 1680,
        "Caption": "#O The man X drops the concrete block on the ground with his right hand.; #O The man X moves the concrete block on the ground with his hands.; #O The man X packs some concrete from the ground with the trowel in his right hand; #O The man X drops the concrete block on the ground with his right hand.; #O man X puts brick on the ground"
    },
    {
        "Video Name": "a2142f6c-561c-4b6f-bac8-35e8a1022e93",
        "Start Frame": 1680,
        "End Frame": 1800,
        "Caption": "#O Man X puts the concrete block on the concrete block on the ground with both hands; #O The man X takes the block from the wall with both hands.; #O Man X picks a concrete block from the ground with both hands.; #O The man D hits the block with the axe in his right hand.; #O person A  picks a brick"
    },
    {
        "Video Name": "a2142f6c-561c-4b6f-bac8-35e8a1022e93",
        "Start Frame": 1800,
        "End Frame": 1920,
        "Caption": "#C C walks; #C C turns; #C C turns; #C C walks; #C C walks"
    },
    {
        "Video Name": "a2142f6c-561c-4b6f-bac8-35e8a1022e93",
        "Start Frame": 1920,
        "End Frame": 2040,
        "Caption": "#C C walks around the construction site; #O The man Y holds a plumb bob with his right hand; #C C converses with the man X.; #C C looks around the compound; #C C walks around"
    },
    {
        "Video Name": "a2142f6c-561c-4b6f-bac8-35e8a1022e93",
        "Start Frame": 2040,
        "End Frame": 2160,
        "Caption": "#C C walks around the construction; #C C walks around the construction; #C C walks around ; #C C turns around; #C C looks around"
    },
    {
        "Video Name": "a2142f6c-561c-4b6f-bac8-35e8a1022e93",
        "Start Frame": 2160,
        "End Frame": 2280,
        "Caption": "#C C looks around; #C C walks around; #C C looks around; #C C looks around; #C C looks around"
    },
    {
        "Video Name": "a2142f6c-561c-4b6f-bac8-35e8a1022e93",
        "Start Frame": 2280,
        "End Frame": 2400,
        "Caption": "#C C holds the block with his right hand.; #C C moves the concrete block on the pile of concrete blocks with his right hand; #C C picks a concrete block from the stack of concrete blocks with his right hand; #C C adjusts the block on the pile of blocks with his right hand.; #C C places his right hand on a block."
    },
    {
        "Video Name": "a2142f6c-561c-4b6f-bac8-35e8a1022e93",
        "Start Frame": 2400,
        "End Frame": 2520,
        "Caption": "#C C looks around ; #O Man X packs the blocks on the ground with his hands; #C C turns around ; #O person X walks around; #C C looks around "
    },
    {
        "Video Name": "a2142f6c-561c-4b6f-bac8-35e8a1022e93",
        "Start Frame": 2520,
        "End Frame": 2640,
        "Caption": "#O The man Z holds a block on the ground with his left hand; #C C walks around; #C C walks around; #C C walks ; #C C walks around the construction site"
    },
    {
        "Video Name": "a2142f6c-561c-4b6f-bac8-35e8a1022e93",
        "Start Frame": 2640,
        "End Frame": 2760,
        "Caption": "#O The man X picks a block from the ground with his hands; #O person X puts concrete on the ground; #C C looks around; #C C converses with the man X.; #O A man Y puts a brick on the ground"
    },
    {
        "Video Name": "a2142f6c-561c-4b6f-bac8-35e8a1022e93",
        "Start Frame": 2760,
        "End Frame": 2880,
        "Caption": "#O The man X packs concrete mix from the ground with the gauging trowel in his right hand; #C C looks around; #O The man X takes the block from the ground with both hands.; #C C turns around ; #O The man Y picks a block from the ground with his left hand."
    },
    {
        "Video Name": "a2142f6c-561c-4b6f-bac8-35e8a1022e93",
        "Start Frame": 2880,
        "End Frame": 3000,
        "Caption": "#C C walks around the construction site; #C C walks around the compound ; #O man P places a brick on a; #C C walks towards the man X.; #C C walks around the compound "
    },
    {
        "Video Name": "a2142f6c-561c-4b6f-bac8-35e8a1022e93",
        "Start Frame": 3000,
        "End Frame": 3120,
        "Caption": "#O A man X digs a brick with a hoe in both hands; #O Man X holds a block with his right hand; #C C walks around the compound ; #C C looks around ; #O The man Z holds a block with both hands."
    },
    {
        "Video Name": "a2142f6c-561c-4b6f-bac8-35e8a1022e93",
        "Start Frame": 3120,
        "End Frame": 3240,
        "Caption": "#O The man X pours water from the jug in his right hand on a concrete block; #O The man X touches the block on the ground with his right hand.; #O The man A holds a block with his left hand.; #C C looks around; #O The man X lifts the block on the ground with his hands."
    },
    {
        "Video Name": "a2142f6c-561c-4b6f-bac8-35e8a1022e93",
        "Start Frame": 3240,
        "End Frame": 3360,
        "Caption": "#C C looks around; #O The man X moves a block on the ground with both hands.; #O The man X packs some concrete mix from a pan on the concrete deck with the gauging trowel in his right hand; #O The man A scoops some mortar from the head pan with the trowel in his right hand.; #C C looks around the construction site"
    },
    {
        "Video Name": "a2142f6c-561c-4b6f-bac8-35e8a1022e93",
        "Start Frame": 3360,
        "End Frame": 3480,
        "Caption": "#C C looks around the compound ; #C C walks to the man A.; #C C turns around; #C C interacts with the man X.; #O A man X carries a head pan with both hands"
    },
    {
        "Video Name": "a2142f6c-561c-4b6f-bac8-35e8a1022e93",
        "Start Frame": 3480,
        "End Frame": 3600,
        "Caption": "#C C walks towards the man X.; #C C walks around the site; #C C walks towards the man Y.; #C C walks around; #O A man Y holds a basin with both hands"
    },
    {
        "Video Name": "a2142f6c-561c-4b6f-bac8-35e8a1022e93",
        "Start Frame": 3600,
        "End Frame": 3720,
        "Caption": "#O The man X picks a brick from the ground with both hands.; #O man Q puts brick aside.; #O The man X holds the block on the ground with his left hand; #O man X picks a brick; #O The man X drops the axe on the ground with his right hand"
    },
    {
        "Video Name": "a2142f6c-561c-4b6f-bac8-35e8a1022e93",
        "Start Frame": 3720,
        "End Frame": 3840,
        "Caption": "#C C looks around ; #O The man Y packs the cement mix from the pan on the ground with the trowel in his right hand; #C C looks around ; #O The man M packs mortar from the pan on the ground with the trowel in his right hand.; #O Man X carries the cement with the trowel"
    },
    {
        "Video Name": "a2142f6c-561c-4b6f-bac8-35e8a1022e93",
        "Start Frame": 3840,
        "End Frame": 3960,
        "Caption": "#O The man X plasters the brick on the fence with the hand trowel in his right hand; #O The man X  takes mortar from the head pan with the hand trowel in his right hand; #O The man X drops the trowel on the head pan with his right hand.; #O Man X puts the mortar on the brick with the trowel in his right hand.; #O The man D packs some mortar from the head pan with the trowel in his right hand."
    },
    {
        "Video Name": "a2142f6c-561c-4b6f-bac8-35e8a1022e93",
        "Start Frame": 3960,
        "End Frame": 4080,
        "Caption": "#O The man X takes mortar from the head pan with the trowel in his right hand.; #O The man X puts the mortar on the brick with the trowel in his right hand.; #O The man M takes mortar from the head pan with the trowel in his right hand.; #O The man D packs concrete mix from the pan on the concrete deck with the trowel in his right hand; #O The man D drops the axe on the ground with his right hand."
    },
    {
        "Video Name": "a2142f6c-561c-4b6f-bac8-35e8a1022e93",
        "Start Frame": 4080,
        "End Frame": 4200,
        "Caption": "#O The man D packs the mortar from the head pan with the trowel in his right hand.; #O The man D drops the concrete from the hand trowel on the concrete pan with his right hand; #O The man X puts the mortar in the brick trowel on the fence with his right hand.; #O The man X packs the cement mix from the pan with the trowel in his right hand.; #O The man D pours the mortar on the brick with the trowel in his right hand."
    },
    {
        "Video Name": "a2142f6c-561c-4b6f-bac8-35e8a1022e93",
        "Start Frame": 4200,
        "End Frame": 4320,
        "Caption": "#C C looks around ; #C C turns around; #C C turns around ; #O The man A scrapes some mortar from the top of the block with the trowel in his right hand; #C C turns around"
    },
    {
        "Video Name": "a2142f6c-561c-4b6f-bac8-35e8a1022e93",
        "Start Frame": 4320,
        "End Frame": 4440,
        "Caption": "#O The man X pours the cement on the brick trowel in his right hand on a concrete mix on the ground; #O The man B picks the trowel from the head pan on the ground with his right hand.; #C C talks to person X; #O The man Y picks a trowel from the pan on the ground with his right hand.; #C C looks around "
    },
    {
        "Video Name": "a2142f6c-561c-4b6f-bac8-35e8a1022e93",
        "Start Frame": 4440,
        "End Frame": 4560,
        "Caption": "#O The man X mixes the cement in the cement bowl with the trowel in his right hand.; #O The man D takes cement from the pan with the trowel in his right hand.; #O The man X pours cement on the wall with the trowel in his right hand.; #O The man M scoops some mortar from the head pan on the ground with the brick trowel in his right hand; #O The man X scoops cement from the pan with the trowel with his right hand."
    },
    {
        "Video Name": "a2142f6c-561c-4b6f-bac8-35e8a1022e93",
        "Start Frame": 4560,
        "End Frame": 4680,
        "Caption": "#O The man X takes cement from the pan with the masonry trowel in his right hand.; #C C turns around; #O The man A picks the axe from the ground with his right hand.; #O The man X picks a concrete block from the ground with his hands.; #C C turns around"
    },
    {
        "Video Name": "a2142f6c-561c-4b6f-bac8-35e8a1022e93",
        "Start Frame": 4680,
        "End Frame": 4800,
        "Caption": "#C C walks towards a stack of blocks; #C C walks around ; #C C walks towards the man X.; #C C walks around; #C C walks around"
    },
    {
        "Video Name": "a2142f6c-561c-4b6f-bac8-35e8a1022e93",
        "Start Frame": 4800,
        "End Frame": 4920,
        "Caption": "#O A man X walks around the construction; #C C looks around; #C C looks around; #C C looks around; #C C looks around "
    },
    {
        "Video Name": "a2142f6c-561c-4b6f-bac8-35e8a1022e93",
        "Start Frame": 4920,
        "End Frame": 5040,
        "Caption": "#C C pushes a brick on a pile of bricks with his right hand.; #C C carries a brick with his right hand.; #C C touches a block with his right hand.; #C C moves a brick on the stack of bricks with his right hand.; #C C picks a brick from the stack of bricks with his right hand."
    },
    {
        "Video Name": "a2142f6c-561c-4b6f-bac8-35e8a1022e93",
        "Start Frame": 5040,
        "End Frame": 5160,
        "Caption": "#C C picks a block; #C C moves the block on the stack of blocks with his right hand.; #C C picks a brick from the pile of bricks with his right hand.; #C C holds the block; #C C moves the block on the pile of blocks with his right hand."
    },
    {
        "Video Name": "a2142f6c-561c-4b6f-bac8-35e8a1022e93",
        "Start Frame": 5160,
        "End Frame": 5280,
        "Caption": "#C C walks around the compound; #C C walks on the construction; #C C walks around; #C C walks around; #C C walks around the construction"
    },
    {
        "Video Name": "a2142f6c-561c-4b6f-bac8-35e8a1022e93",
        "Start Frame": 5280,
        "End Frame": 5400,
        "Caption": "#C C walks around ; #O A man A holds a plank with both hands.; #O The man X drops the wooden float on the block on the ground with his left hand; #O The man A drops the axe on the ground with his right hand.; #O The man X drops the block on a block with his right hand."
    }
]