[
    {
        "Video Name": "a56b297f-35c0-471a-b346-a53c291e0dae",
        "Start Frame": 0,
        "End Frame": 120,
        "Caption": "#C C stands in the; #C C looks around; #C C adjusts the camera; #C C adjusts the camera; #C C adjusts the camera"
    },
    {
        "Video Name": "a56b297f-35c0-471a-b346-a53c291e0dae",
        "Start Frame": 120,
        "End Frame": 240,
        "Caption": "#C C looks at the tire; #C C looks at the tire; #C C looks at the tire; #C C looks at the car; #C C looks at the wheel"
    },
    {
        "Video Name": "a56b297f-35c0-471a-b346-a53c291e0dae",
        "Start Frame": 240,
        "End Frame": 360,
        "Caption": "#C C looks at the; #C C looks around; #C C looks around; #C C looks around; #C C looks around"
    },
    {
        "Video Name": "a56b297f-35c0-471a-b346-a53c291e0dae",
        "Start Frame": 360,
        "End Frame": 480,
        "Caption": "#C C touches the car; #C C touches the car; #C C looks around; #C C touches the car; #C C holds the car"
    },
    {
        "Video Name": "a56b297f-35c0-471a-b346-a53c291e0dae",
        "Start Frame": 480,
        "End Frame": 600,
        "Caption": "#C C looks at the car; #C C looks at the car; #C C looks at the car; #C C looks around; #C C looks around"
    },
    {
        "Video Name": "a56b297f-35c0-471a-b346-a53c291e0dae",
        "Start Frame": 600,
        "End Frame": 720,
        "Caption": "#C C looks; #C C looks; #C C looks; #C C looks; #C C looks"
    },
    {
        "Video Name": "a56b297f-35c0-471a-b346-a53c291e0dae",
        "Start Frame": 720,
        "End Frame": 840,
        "Caption": "#C C  looks around; #C C touches the clot; #C C looks around ; #C C looks around; #C C looks around"
    },
    {
        "Video Name": "a56b297f-35c0-471a-b346-a53c291e0dae",
        "Start Frame": 840,
        "End Frame": 960,
        "Caption": "#C C touches the car ; #C C switches on the light; #C C touches the brake cable; #C C touches the car break; #C C stops walking "
    },
    {
        "Video Name": "a56b297f-35c0-471a-b346-a53c291e0dae",
        "Start Frame": 960,
        "End Frame": 1080,
        "Caption": "#C C looks at the car; #C C touches the torch; #C C touches a car wheel; #C C adjusts the machine; #C C adjusts the camera"
    },
    {
        "Video Name": "a56b297f-35c0-471a-b346-a53c291e0dae",
        "Start Frame": 1080,
        "End Frame": 1200,
        "Caption": "#C C looks at the car; #C C stops the vehicle; #C C looks at the  brake pad; #C C turns on the flash light ; #C C turns on the torch"
    },
    {
        "Video Name": "a56b297f-35c0-471a-b346-a53c291e0dae",
        "Start Frame": 1200,
        "End Frame": 1320,
        "Caption": "#C C looks at the car; #C C looks at the car; #C C adjusts the wheel hub; #C C looks at the car; #C C looks around "
    },
    {
        "Video Name": "a56b297f-35c0-471a-b346-a53c291e0dae",
        "Start Frame": 1320,
        "End Frame": 1440,
        "Caption": "#C C  lights the torch; #C C turns on the light; #C C presses on the car; #C C puts the flashlight on the; #C C pulls the car brake "
    },
    {
        "Video Name": "a56b297f-35c0-471a-b346-a53c291e0dae",
        "Start Frame": 1440,
        "End Frame": 1560,
        "Caption": "#C C picks a piece of cloth; #C C picks a towel from the vehicle ; #C C picks a cloth.; #C C picks a towel; #C C cleans his hands with the piece of"
    },
    {
        "Video Name": "a56b297f-35c0-471a-b346-a53c291e0dae",
        "Start Frame": 1560,
        "End Frame": 1680,
        "Caption": "#C C walks around; #C C walks in the garage; #C C walks in the garage; #C C walks around the workshop ; #C C walks to the other side of the"
    },
    {
        "Video Name": "a56b297f-35c0-471a-b346-a53c291e0dae",
        "Start Frame": 1680,
        "End Frame": 1800,
        "Caption": "#C C walks in the room; #C C walks in the garage; #C C walks in the garage; #C C walks around; #C C walks in the garage"
    },
    {
        "Video Name": "a56b297f-35c0-471a-b346-a53c291e0dae",
        "Start Frame": 1800,
        "End Frame": 1920,
        "Caption": "#C C picks up the oil can; #C C puts the container on the shelf; #C C puts the container on the shelf; #C C puts the container on the shelf; #C C puts the container on the shelf"
    },
    {
        "Video Name": "a56b297f-35c0-471a-b346-a53c291e0dae",
        "Start Frame": 1920,
        "End Frame": 2040,
        "Caption": "#C C walks around; #C C walks ; #C C walks ; #C C walks around the; #C C walks to the"
    },
    {
        "Video Name": "a56b297f-35c0-471a-b346-a53c291e0dae",
        "Start Frame": 2040,
        "End Frame": 2160,
        "Caption": "#C C closes the oil; #C C picks a oil; #C C opens the bon; #C C opens the lid; #C C closes the oil"
    },
    {
        "Video Name": "a56b297f-35c0-471a-b346-a53c291e0dae",
        "Start Frame": 2160,
        "End Frame": 2280,
        "Caption": "#C C looks inside the engine; #C C removes the oil cap; #C C moves the hand from the; #C C  puts hand down; #C C opens the oil oil lid"
    },
    {
        "Video Name": "a56b297f-35c0-471a-b346-a53c291e0dae",
        "Start Frame": 2280,
        "End Frame": 2400,
        "Caption": "#C C looks at the engine ; #C C puts the oil can on the car; #C C takes a container; #C C puts the bucket on the car; #C C puts the container down"
    },
    {
        "Video Name": "a56b297f-35c0-471a-b346-a53c291e0dae",
        "Start Frame": 2400,
        "End Frame": 2520,
        "Caption": "#C C picks a; #C C picks the; #C C picks a; #C C picks a; #C C takes a"
    },
    {
        "Video Name": "a56b297f-35c0-471a-b346-a53c291e0dae",
        "Start Frame": 2520,
        "End Frame": 2640,
        "Caption": "#C C pulls the cloth ; #C C wipes the engine; #C C holds the cloth with his left; #C C moves the cloth; #C C  moves the cloth"
    },
    {
        "Video Name": "a56b297f-35c0-471a-b346-a53c291e0dae",
        "Start Frame": 2640,
        "End Frame": 2760,
        "Caption": "#c c touches the car tyre; #C C picks the tank; #C C picks the engine from the; #C C lifts the car; #C C picks the container"
    },
    {
        "Video Name": "a56b297f-35c0-471a-b346-a53c291e0dae",
        "Start Frame": 2760,
        "End Frame": 2880,
        "Caption": "#C C removes oil filter; #C C puts the pipe on the car; #C C moves the tank; #C C puts oil filter down; #C C puts the oil container on the"
    },
    {
        "Video Name": "a56b297f-35c0-471a-b346-a53c291e0dae",
        "Start Frame": 2880,
        "End Frame": 3000,
        "Caption": "#C C looks around ; #C C looks at the; #C C looks at the; #C C looks around the; #C C looks at the"
    },
    {
        "Video Name": "a56b297f-35c0-471a-b346-a53c291e0dae",
        "Start Frame": 3000,
        "End Frame": 3120,
        "Caption": "#O Person B puts on the bracelet; #C C looks at the price tag on the; #O person X holds the bag; #C C looks at the items on the table; #C C stares at the table"
    },
    {
        "Video Name": "a56b297f-35c0-471a-b346-a53c291e0dae",
        "Start Frame": 3120,
        "End Frame": 3240,
        "Caption": "#C C looks around; #C C looks at the; #C C looks around the; #C C stares at the; #C C looks at the"
    },
    {
        "Video Name": "a56b297f-35c0-471a-b346-a53c291e0dae",
        "Start Frame": 3240,
        "End Frame": 3360,
        "Caption": "#O man Y talks to C; #C C looks around the room; #C C looks around the supermarket; #C C looks at the bags; #O man B converses with"
    },
    {
        "Video Name": "a56b297f-35c0-471a-b346-a53c291e0dae",
        "Start Frame": 3360,
        "End Frame": 3480,
        "Caption": "#C C looks at the table; #C C looks around; #C C looks at the bags; #C C looks at the floor; #C C looks at the man"
    },
    {
        "Video Name": "a56b297f-35c0-471a-b346-a53c291e0dae",
        "Start Frame": 3480,
        "End Frame": 3600,
        "Caption": "#C C looks at the items; #C C looks around the room; #C C looks at the camera; #C C stares the keys in the box; #C C looks at the floor"
    },
    {
        "Video Name": "a56b297f-35c0-471a-b346-a53c291e0dae",
        "Start Frame": 3600,
        "End Frame": 3720,
        "Caption": "#C C looks at the table; #C C looks at the table; #C C looks at the table; #C C looks at the table; #C C looks at the bags on the"
    },
    {
        "Video Name": "a56b297f-35c0-471a-b346-a53c291e0dae",
        "Start Frame": 3720,
        "End Frame": 3840,
        "Caption": "#C C looks at the; #C C looks at the; #C C looks around; #C C looks around; #C C looks down"
    },
    {
        "Video Name": "a56b297f-35c0-471a-b346-a53c291e0dae",
        "Start Frame": 3840,
        "End Frame": 3960,
        "Caption": "#C C looks around; #C C looks at the inside of the; #C C looks at the car ; #C C looks at the car; #C C looks at the car"
    },
    {
        "Video Name": "a56b297f-35c0-471a-b346-a53c291e0dae",
        "Start Frame": 3960,
        "End Frame": 4080,
        "Caption": "#C C looks around ; #C C looks at the inside of the; #C C Looks at the table; #C C looks at the papers on the; #C C stares at the table"
    },
    {
        "Video Name": "a56b297f-35c0-471a-b346-a53c291e0dae",
        "Start Frame": 4080,
        "End Frame": 4200,
        "Caption": "#C C adjusts bolt; #C C fixes bolt with span; #C C looks at the engine; #c c looks at the engine; #C C removes the bolts"
    },
    {
        "Video Name": "a56b297f-35c0-471a-b346-a53c291e0dae",
        "Start Frame": 4200,
        "End Frame": 4320,
        "Caption": "#C C lifts up the car; #C C puts the wheel down; #C C puts down the car; #C C picks the car spare; #C C lifts the car"
    },
    {
        "Video Name": "a56b297f-35c0-471a-b346-a53c291e0dae",
        "Start Frame": 4320,
        "End Frame": 4440,
        "Caption": "#C C walks around the garage; #C C walks towards the car; #C C walks around; #C C walks in the garage; #C C walks in the garage"
    },
    {
        "Video Name": "a56b297f-35c0-471a-b346-a53c291e0dae",
        "Start Frame": 4440,
        "End Frame": 4560,
        "Caption": "#C C puts down the air horse ; #C C puts down the electric screwdriver ; #C C puts the air compressor on the car; #C C puts the tire inflator on the; #C C puts the wheel spanner on the"
    },
    {
        "Video Name": "a56b297f-35c0-471a-b346-a53c291e0dae",
        "Start Frame": 4560,
        "End Frame": 4680,
        "Caption": "#C C walks in the garage; #C C walks around the garage; #C C walks around; #C C walks around; #C C walks around the garage"
    },
    {
        "Video Name": "a56b297f-35c0-471a-b346-a53c291e0dae",
        "Start Frame": 4680,
        "End Frame": 4800,
        "Caption": "#C C fixes the engine; #C C picks a towel ; #C C picks the towel; #C C wipes his hand on the clot; #C C picks a cloth"
    },
    {
        "Video Name": "a56b297f-35c0-471a-b346-a53c291e0dae",
        "Start Frame": 4800,
        "End Frame": 4920,
        "Caption": "#C C wipes hand on a clothe; #C C holds the towel; #c c wipes hand; #C C touches the cloth; #C C walks to the car"
    },
    {
        "Video Name": "a56b297f-35c0-471a-b346-a53c291e0dae",
        "Start Frame": 4920,
        "End Frame": 5040,
        "Caption": "#C C takes the cloth; #C C puts the spanner in the; #C C walks in the garage; #C C walks in the workshop; #C C touches the car spare part"
    },
    {
        "Video Name": "a56b297f-35c0-471a-b346-a53c291e0dae",
        "Start Frame": 5040,
        "End Frame": 5160,
        "Caption": "#C C walks around the; #C C looks around; #C C walks around; #C C walks in the; #C C walks around"
    },
    {
        "Video Name": "a56b297f-35c0-471a-b346-a53c291e0dae",
        "Start Frame": 5160,
        "End Frame": 5280,
        "Caption": "#C C picks the towel; #C C walks in the garage ; #C C wipes the hands with a; #C C picks a towel; #C C walks around"
    },
    {
        "Video Name": "a56b297f-35c0-471a-b346-a53c291e0dae",
        "Start Frame": 5280,
        "End Frame": 5400,
        "Caption": "#C C pulls the spanner ; #C C picks a screw driver; #C C touches a car engine; #C C fixes the car; #C C places spanner on the"
    }
]