[
    {
        "Video Name": "a6f20af7-21e8-4ee9-aa66-f23056ecab48",
        "Start Frame": 0,
        "End Frame": 120,
        "Caption": "#C C puts the mixture in the blender; #C C pours the butter in the blender.; #C C puts the grater in the blender.; #C C    removes the potato from the gr; #C C grates the garlic"
    },
    {
        "Video Name": "a6f20af7-21e8-4ee9-aa66-f23056ecab48",
        "Start Frame": 120,
        "End Frame": 240,
        "Caption": "#C C removes the potatoes on the grater.; #C C puts the grated cheese in the blender; #C C removes butter from the grater.; #C C pours the ingredients on the grater; #C C picks the potato."
    },
    {
        "Video Name": "a6f20af7-21e8-4ee9-aa66-f23056ecab48",
        "Start Frame": 240,
        "End Frame": 360,
        "Caption": "#C C puts the chopped carrots in the gr; #C C adds the ingredients in the blender; #C C removes the ingredients from the grater; #C C grates the potato.; #C C puts the ingredients in the blender"
    },
    {
        "Video Name": "a6f20af7-21e8-4ee9-aa66-f23056ecab48",
        "Start Frame": 360,
        "End Frame": 480,
        "Caption": "#C C puts the carrots in the blender.; #C C puts the diced potatoes in the blender; #C C removes the ginger from the grater; #C C grates the ginger.; #C C puts the carrots in the blender"
    },
    {
        "Video Name": "a6f20af7-21e8-4ee9-aa66-f23056ecab48",
        "Start Frame": 480,
        "End Frame": 600,
        "Caption": "#C C puts the grater down; #C C puts the grater on the table; #C C picks the grater.; #C C picks the grater.; #C C puts grater on the table"
    },
    {
        "Video Name": "a6f20af7-21e8-4ee9-aa66-f23056ecab48",
        "Start Frame": 600,
        "End Frame": 720,
        "Caption": "#C C takes a grater.; #C C picks a grater; #C C puts the grater in the bowl; #C C picks the grater.; #C C picks up the grater"
    },
    {
        "Video Name": "a6f20af7-21e8-4ee9-aa66-f23056ecab48",
        "Start Frame": 720,
        "End Frame": 840,
        "Caption": "#C C scrapes the mixture in the grater; #C C places the potato on the grater.; #C C removes the ingredients from the grater; #C C puts the potatoes in the blender; #C C puts the grated cheese in the blender"
    },
    {
        "Video Name": "a6f20af7-21e8-4ee9-aa66-f23056ecab48",
        "Start Frame": 840,
        "End Frame": 960,
        "Caption": "#C C puts the butter on the grater.; #C C grates the carrot.; #C C pours the carrots in the siever; #C C puts the garlic on the grater.; #C C puts the potato in the blender."
    },
    {
        "Video Name": "a6f20af7-21e8-4ee9-aa66-f23056ecab48",
        "Start Frame": 960,
        "End Frame": 1080,
        "Caption": "#C C pours the potatoes into the blender jar; #C C puts the food in the grater.; #C C puts the potatoes in the sieve; #C C puts the ginger on the grater.; #C C puts the chopped potatoes in the blender jug"
    },
    {
        "Video Name": "a6f20af7-21e8-4ee9-aa66-f23056ecab48",
        "Start Frame": 1080,
        "End Frame": 1200,
        "Caption": "#C C removes the potato from the grater.; #C C grates the potatoes.; #C C grates the potato.; #C C grates the ginger.; #C C puts the grated ginger on the food cup"
    },
    {
        "Video Name": "a6f20af7-21e8-4ee9-aa66-f23056ecab48",
        "Start Frame": 1200,
        "End Frame": 1320,
        "Caption": "#C C picks the potato; #C C picks the potato ; #C C picks the potato.; #C C gathers the potatoes together; #C C chops the ginger."
    },
    {
        "Video Name": "a6f20af7-21e8-4ee9-aa66-f23056ecab48",
        "Start Frame": 1320,
        "End Frame": 1440,
        "Caption": "#C C grates the ginger.; #C C picks the potato.; #C C removes the potato  peel from the grater; #C C puts the potatoes on the slicer.; #C C grates the ginger."
    },
    {
        "Video Name": "a6f20af7-21e8-4ee9-aa66-f23056ecab48",
        "Start Frame": 1440,
        "End Frame": 1560,
        "Caption": "#C C grates the ginger.; #C C holds the grater with both hands; #C C removes ginger from the grater.; #C C looks at the grater; #C C presses the grater."
    },
    {
        "Video Name": "a6f20af7-21e8-4ee9-aa66-f23056ecab48",
        "Start Frame": 1560,
        "End Frame": 1680,
        "Caption": "#C C picks up the grater.; #C C puts the garlic on the grater; #C C grates the ginger. ; #C C puts the garlic in the grater; #C C grates the cheese"
    },
    {
        "Video Name": "a6f20af7-21e8-4ee9-aa66-f23056ecab48",
        "Start Frame": 1680,
        "End Frame": 1800,
        "Caption": "#C C picks up the grater; #C C puts the grater on the kitchen; #C C takes the grater; #C C picks the grater.; #C C removes the grater "
    },
    {
        "Video Name": "a6f20af7-21e8-4ee9-aa66-f23056ecab48",
        "Start Frame": 1800,
        "End Frame": 1920,
        "Caption": "#C C takes the cheese; #C C grates the cheese.; #C C grates the cheese; #C C grates the ginger.; #C C puts the grater on the plate"
    },
    {
        "Video Name": "a6f20af7-21e8-4ee9-aa66-f23056ecab48",
        "Start Frame": 1920,
        "End Frame": 2040,
        "Caption": "#C C picks the grater; #C C picks the grater; #C C picks the grater.; #C C takes cheese; #C C picks up the grater"
    },
    {
        "Video Name": "a6f20af7-21e8-4ee9-aa66-f23056ecab48",
        "Start Frame": 2040,
        "End Frame": 2160,
        "Caption": "#C C closes the drawer; #C C walks around.; #C C walks around; #C C walks in the room; #C C walks to the sink"
    },
    {
        "Video Name": "a6f20af7-21e8-4ee9-aa66-f23056ecab48",
        "Start Frame": 2160,
        "End Frame": 2280,
        "Caption": "#C C adjusts the camera; #C C looks around the kitchen; #C C eats food; #C C looks around.; #C C looks around. "
    },
    {
        "Video Name": "a6f20af7-21e8-4ee9-aa66-f23056ecab48",
        "Start Frame": 2280,
        "End Frame": 2400,
        "Caption": "#C C looks around; #C C looks around; #C C looks around; #C C looks around; #C C looks around"
    },
    {
        "Video Name": "a6f20af7-21e8-4ee9-aa66-f23056ecab48",
        "Start Frame": 2400,
        "End Frame": 2520,
        "Caption": "#C C looks at the cooking recipe; #C C looks at the phone; #C C looks at the cooking recipe; #C C looks around.; #C C looks at the kitchen area"
    },
    {
        "Video Name": "a6f20af7-21e8-4ee9-aa66-f23056ecab48",
        "Start Frame": 2520,
        "End Frame": 2640,
        "Caption": "#C C looks around. ; #C C looks around. ; #C C stares at the cooking recipe; #C C looks at the cooking recipe; #C C looks at the cooking recipe"
    },
    {
        "Video Name": "a6f20af7-21e8-4ee9-aa66-f23056ecab48",
        "Start Frame": 2640,
        "End Frame": 2760,
        "Caption": "#C C looks at the food.; #C C looks at the cooking recipe; #C C looks at the food.; #C C looks around. ; #C C looks at the cookbook"
    },
    {
        "Video Name": "a6f20af7-21e8-4ee9-aa66-f23056ecab48",
        "Start Frame": 2760,
        "End Frame": 2880,
        "Caption": "#C C reads the recipe.; #C C looks around.; #O woman X converses with C; #C C looks at the cooking recipe; #C C looks at the food."
    },
    {
        "Video Name": "a6f20af7-21e8-4ee9-aa66-f23056ecab48",
        "Start Frame": 2880,
        "End Frame": 3000,
        "Caption": "#C C looks around.; #C C looks at the food; #C C looks around; #C C looks around the kitchen; #C C looks at the phone"
    },
    {
        "Video Name": "a6f20af7-21e8-4ee9-aa66-f23056ecab48",
        "Start Frame": 3000,
        "End Frame": 3120,
        "Caption": "#C C talks to #OO; #C C looks at the cooking on the kitchen; #C C walks in the kitchen; #C C looks at the phone; #C C interacts with lady X"
    },
    {
        "Video Name": "a6f20af7-21e8-4ee9-aa66-f23056ecab48",
        "Start Frame": 3120,
        "End Frame": 3240,
        "Caption": "#C C walks in the kitchen; #C C looks at the cooking; #C C walks in the room; #C C walks in the kitchen; #C C picks ginger"
    },
    {
        "Video Name": "a6f20af7-21e8-4ee9-aa66-f23056ecab48",
        "Start Frame": 3240,
        "End Frame": 3360,
        "Caption": "#C C holds cooking pot; #C C puts the saucepan on the cooker; #C C holds the cooking pot; #C C picks up the cooking pot; #C C holds cooking pot"
    },
    {
        "Video Name": "a6f20af7-21e8-4ee9-aa66-f23056ecab48",
        "Start Frame": 3360,
        "End Frame": 3480,
        "Caption": "#c c puts knife on the table; #C c puts the knife on the; #C C puts the knife on the; #C c puts the knife down; #C C puts knife on the table"
    },
    {
        "Video Name": "a6f20af7-21e8-4ee9-aa66-f23056ecab48",
        "Start Frame": 3480,
        "End Frame": 3600,
        "Caption": "#C C peels the vegetable; #C C pours the onions in the pan; #C C puts the chopped onions in the cooking; #C C puts the vegetables on the chopping board; #C C puts the chopped pieces on the cooking"
    },
    {
        "Video Name": "a6f20af7-21e8-4ee9-aa66-f23056ecab48",
        "Start Frame": 3600,
        "End Frame": 3720,
        "Caption": "#C C collects peels on the chopping board; #C C picks the onion from the table; #C C picks up a knife; #C C collects the peels; #C C picks up the peels"
    },
    {
        "Video Name": "a6f20af7-21e8-4ee9-aa66-f23056ecab48",
        "Start Frame": 3720,
        "End Frame": 3840,
        "Caption": "#C C picks the chopped vegetables from the cooking; #C C removes the coriander leaves; #C C puts the cauliflower in the cooking; #C C puts the vegetables in the cooking pot; #C C puts the chopped vegetables in the cooking"
    },
    {
        "Video Name": "a6f20af7-21e8-4ee9-aa66-f23056ecab48",
        "Start Frame": 3840,
        "End Frame": 3960,
        "Caption": "#C C moves the coriander leaves; #C C removes the coriander leaves; #C C takes the coriander ; #C C puts coriander leaves on the chopping; #C C puts the coriander together"
    },
    {
        "Video Name": "a6f20af7-21e8-4ee9-aa66-f23056ecab48",
        "Start Frame": 3960,
        "End Frame": 4080,
        "Caption": "#C C puts the knife in the drawer; #C C opens the drawer; #C C puts the cooking oil in the; #C C picks a knife ; #C C picks vegetables from the drawer"
    },
    {
        "Video Name": "a6f20af7-21e8-4ee9-aa66-f23056ecab48",
        "Start Frame": 4080,
        "End Frame": 4200,
        "Caption": "#C C stirs the; #C C stirs the; #C C stirs food; #C C stirs the; #C C stirs the"
    },
    {
        "Video Name": "a6f20af7-21e8-4ee9-aa66-f23056ecab48",
        "Start Frame": 4200,
        "End Frame": 4320,
        "Caption": "#C C reads the cooking instruction paper; #C C picks the cooking recipe paper; #C C puts down the cooking manual.; #c c takes the cooking paper; #C C puts the manual on the kitchen"
    },
    {
        "Video Name": "a6f20af7-21e8-4ee9-aa66-f23056ecab48",
        "Start Frame": 4320,
        "End Frame": 4440,
        "Caption": "#C C reads the cooking; #C C reads the recipe; #C C stirs the; #C C stirs the; #C C reads the cooking"
    },
    {
        "Video Name": "a6f20af7-21e8-4ee9-aa66-f23056ecab48",
        "Start Frame": 4440,
        "End Frame": 4560,
        "Caption": "#C C reads the recipe; #C C adjusts the camera; #C C reads the recipe; #C C looks at the; #C C reads the cooking"
    },
    {
        "Video Name": "a6f20af7-21e8-4ee9-aa66-f23056ecab48",
        "Start Frame": 4560,
        "End Frame": 4680,
        "Caption": "#C C stirs the food with the spoon; #C C stirs the food; #C C stirs food; #C C stirs the food; #C C stirs the food"
    },
    {
        "Video Name": "a6f20af7-21e8-4ee9-aa66-f23056ecab48",
        "Start Frame": 4680,
        "End Frame": 4800,
        "Caption": "#C C stirs the food; #C C stirs the food ; #C C stirs the food; #C C reads the cooking instruction booklet; #C C stirs the food"
    },
    {
        "Video Name": "a6f20af7-21e8-4ee9-aa66-f23056ecab48",
        "Start Frame": 4800,
        "End Frame": 4920,
        "Caption": "#C C reads the cooking recipe; #C C reads the cooking recipe; #C C reads the cooking recipe; #C C reads the cooking instruction; #C C reads the cooking recipe"
    },
    {
        "Video Name": "a6f20af7-21e8-4ee9-aa66-f23056ecab48",
        "Start Frame": 4920,
        "End Frame": 5040,
        "Caption": "#C C reads the cooking instructions; #C C reads the recipe paper; #C C reads the cooking recipe; #C C reads the instructions on the cooking pan; #C C reads the cooking instructions"
    },
    {
        "Video Name": "a6f20af7-21e8-4ee9-aa66-f23056ecab48",
        "Start Frame": 5040,
        "End Frame": 5160,
        "Caption": "#C C stirs the; #C C stirs the; #C C stirs food; #C C stirs the; #C C stirs the"
    },
    {
        "Video Name": "a6f20af7-21e8-4ee9-aa66-f23056ecab48",
        "Start Frame": 5160,
        "End Frame": 5280,
        "Caption": "#C C opens the cabinet; #C C opens the cabinet; #C C opens the cabinet; #C C opens the fridge; #C C opens the fridge"
    },
    {
        "Video Name": "a6f20af7-21e8-4ee9-aa66-f23056ecab48",
        "Start Frame": 5280,
        "End Frame": 5400,
        "Caption": "#C C opens the container; #C C picks up the container.; #C C picks a bottle of spices; #C C opens the bottle; #C C takes a container of spices"
    }
]