[
    {
        "Video Name": "a885299a-bc85-4d98-9905-d3e58518edea",
        "Start Frame": 0,
        "End Frame": 120,
        "Caption": "#C C opens the tap with her right hand.; #C C holds the tap with her left hand.; #C C turns off the sink tap with her right hand; #C C opens the tap with her right hand.; #O A man X puts the dish on the sink"
    },
    {
        "Video Name": "a885299a-bc85-4d98-9905-d3e58518edea",
        "Start Frame": 120,
        "End Frame": 240,
        "Caption": "#C C looks around; #C C opens the tap with her right hand.; #C C closes the tap with her right hand.; #C C fetches water with a hose from a tap; #C C rinses the sponge in her left hand"
    },
    {
        "Video Name": "a885299a-bc85-4d98-9905-d3e58518edea",
        "Start Frame": 240,
        "End Frame": 360,
        "Caption": "#C C looks around the room; #C C opens the tap with her right hand.; #C C closes the tap; #C C places a bottle on the kitchen counter with her right hand; #C C washes the cup in the kitchen sink with both hands"
    },
    {
        "Video Name": "a885299a-bc85-4d98-9905-d3e58518edea",
        "Start Frame": 360,
        "End Frame": 480,
        "Caption": "#O The man X puts off the tap with his right hand; #C C washes her hands ; #C C rinses the knife under the tap.; #C C rinses a sponge with water from the tap; #O The man X washes a knife with both hands."
    },
    {
        "Video Name": "a885299a-bc85-4d98-9905-d3e58518edea",
        "Start Frame": 480,
        "End Frame": 600,
        "Caption": "#C C turns on the tap with her left hand.; #C C closes the tap; #C C closes the tap; #C C turns off the tap with her left hand.; #O The man X drops the bottle on the countertop"
    },
    {
        "Video Name": "a885299a-bc85-4d98-9905-d3e58518edea",
        "Start Frame": 600,
        "End Frame": 720,
        "Caption": "#O The woman X picks a box from the countertop with her left hand; #C C fetches water in a bowl; #C C washes a sink ; #C C washes a cup in the sink.; #C C washes the sink with a sponge in her right hand."
    },
    {
        "Video Name": "a885299a-bc85-4d98-9905-d3e58518edea",
        "Start Frame": 720,
        "End Frame": 840,
        "Caption": "#C C talks to man X; #C C looks around ; #C C looks around ; #C C looks around; #C C picks a sponge from the kitchen counter with her right hand"
    },
    {
        "Video Name": "a885299a-bc85-4d98-9905-d3e58518edea",
        "Start Frame": 840,
        "End Frame": 960,
        "Caption": "#C C rinses the sponge under the running tap with her right hand; #C C washes the sponge; #O The man Y drops the sponge on the kitchen sink with his left hand; #C C turns off the tap with her right hand.; #C C rinses the sponge under the tap with her right hand."
    },
    {
        "Video Name": "a885299a-bc85-4d98-9905-d3e58518edea",
        "Start Frame": 960,
        "End Frame": 1080,
        "Caption": "#C C looks around; #C C looks at the kitchen area; #C C rinses her hands with water from the tap; #C C rinses her hands in the sink.; #O The man X cleans the plate with the sponge in his right hand"
    },
    {
        "Video Name": "a885299a-bc85-4d98-9905-d3e58518edea",
        "Start Frame": 1080,
        "End Frame": 1200,
        "Caption": "#C C looks around; #O The man X opens the tap with his right hand.; #C C opens a tap on the kitchen sink with her right hand; #O The man X holds a white bowl with his left hand.; #C C converses with the man X."
    },
    {
        "Video Name": "a885299a-bc85-4d98-9905-d3e58518edea",
        "Start Frame": 1200,
        "End Frame": 1320,
        "Caption": "#C C rinses a measuring spoon with water from the tap.; #C C washes the spatula ; #C C picks up the spoon from the kitchen counter with her right hand.; #C C washes the cooking stick; #O The man X picks the spoon from the kitchen counter with his right hand"
    },
    {
        "Video Name": "a885299a-bc85-4d98-9905-d3e58518edea",
        "Start Frame": 1320,
        "End Frame": 1440,
        "Caption": "#C C looks around ; #C C talks to man X; #C C opens the tap with her right hand.; #C C looks around; #O A man X puts the plate in the sink"
    },
    {
        "Video Name": "a885299a-bc85-4d98-9905-d3e58518edea",
        "Start Frame": 1440,
        "End Frame": 1560,
        "Caption": "#O man X talks to C; #O man X talks to C; #O The man X drops the plate on the kitchen counter with his right hand; #O the man X rinses the fry pan with both hands.; #C C washes the plate in the sink"
    },
    {
        "Video Name": "a885299a-bc85-4d98-9905-d3e58518edea",
        "Start Frame": 1560,
        "End Frame": 1680,
        "Caption": "#O The man X picks the cover of the plate on the kitchen counter with his right hand; #O The man X holds the white bowl with both hands.; #O The man X picks a container lid from the kitchen counter with his left hand.; #O The man X picks a plastic plate from the kitchen countertop with his left hand.; #O The man X closes the kitchen cabinet with his right hand."
    },
    {
        "Video Name": "a885299a-bc85-4d98-9905-d3e58518edea",
        "Start Frame": 1680,
        "End Frame": 1800,
        "Caption": "#C C looks around ; #O The man X washes a plate with the sponge in his right hand.; #O man Y closes the tap; #C C washes dishes ; #C C pours the water in the bowl into a sink with her right hand"
    },
    {
        "Video Name": "a885299a-bc85-4d98-9905-d3e58518edea",
        "Start Frame": 1800,
        "End Frame": 1920,
        "Caption": "#O The man X closes the pack with the lid in his right hand.; #O The man X removes a seal from the bottle of spice with his right hand; #O the man X removes a small nylon from the plastic container with his right hand; #C C looks around the house ; #O The man X closes the container with his left hand."
    },
    {
        "Video Name": "a885299a-bc85-4d98-9905-d3e58518edea",
        "Start Frame": 1920,
        "End Frame": 2040,
        "Caption": "#C C turns on a tap with her right hand; #C C rinses the fork; #C C closes the tap; #C C washes the hands ; #C C puts the spoon in the sink"
    },
    {
        "Video Name": "a885299a-bc85-4d98-9905-d3e58518edea",
        "Start Frame": 2040,
        "End Frame": 2160,
        "Caption": "#C C looks around ; #C C picks a plate from the countertop with her left hand; #C C looks around; #C C moves towards the kitchen sink.; #C C puts bowl on the countertop"
    },
    {
        "Video Name": "a885299a-bc85-4d98-9905-d3e58518edea",
        "Start Frame": 2160,
        "End Frame": 2280,
        "Caption": "#C C washes the utensils; #C C cleans the sink ; #C C washes her hands; #C C rinses the plate in the sink with her right hand; #C C washes the plate"
    },
    {
        "Video Name": "a885299a-bc85-4d98-9905-d3e58518edea",
        "Start Frame": 2280,
        "End Frame": 2400,
        "Caption": "#C C rinses the chopping board under the tap with both hands.; #C C washes the plate; #C C talks with man X; #C C rinses the plate with water from the tap.; #C C fetches water in the cup from the tap with the bowl in her right hand"
    },
    {
        "Video Name": "a885299a-bc85-4d98-9905-d3e58518edea",
        "Start Frame": 2400,
        "End Frame": 2520,
        "Caption": "#C C rinses the plate.; #C C washes the plate under the tap with both hands; #C C washes the plate; #C C washes the plate in the sink with her hands; #C C rinses the bowl."
    },
    {
        "Video Name": "a885299a-bc85-4d98-9905-d3e58518edea",
        "Start Frame": 2520,
        "End Frame": 2640,
        "Caption": "#O The man Y places his left hand on a kitchen sink.; #C C pours the water from the bowl on the sink with her right hand; #C C rinses the plate with water from the tap.; # C C puts soap on the sponge; #C C pours the liquid soap on the sponge in her right hand."
    },
    {
        "Video Name": "a885299a-bc85-4d98-9905-d3e58518edea",
        "Start Frame": 2640,
        "End Frame": 2760,
        "Caption": "#C C turns to the sink; #C C looks around; #C C picks a plate; #C C looks around; #C C picks a bowl from the kitchen counter with her left hand"
    },
    {
        "Video Name": "a885299a-bc85-4d98-9905-d3e58518edea",
        "Start Frame": 2760,
        "End Frame": 2880,
        "Caption": "#O The man X picks a pair of scissors on the countertop with his right hand; #C C rinses the utensils; #C C rinses the sink with the water from the tap.; #C C rinses the strainer with both hands.; #C C rinses her right hand under the tap."
    },
    {
        "Video Name": "a885299a-bc85-4d98-9905-d3e58518edea",
        "Start Frame": 2880,
        "End Frame": 3000,
        "Caption": "#C C washes the plate with water from the tap.; #C C rinses the bowl; #O The man X cleans a plate in the sink with a sponge in his right hand; #C C rinses the plate in her right hand under the tap.; #C C rinses the sink with water from the tap with her right hand."
    },
    {
        "Video Name": "a885299a-bc85-4d98-9905-d3e58518edea",
        "Start Frame": 3000,
        "End Frame": 3120,
        "Caption": "#C C closes the tap with her right hand; #C C closes the tap with her left hand; #C C closes the tap; #C C looks around; #C C converses with the man X."
    },
    {
        "Video Name": "a885299a-bc85-4d98-9905-d3e58518edea",
        "Start Frame": 3120,
        "End Frame": 3240,
        "Caption": "#C C closes the kitchen cabinet with her left hand; #C C looks around the kitchen; #C C looks around; #C C looks around ; #C C looks around "
    },
    {
        "Video Name": "a885299a-bc85-4d98-9905-d3e58518edea",
        "Start Frame": 3240,
        "End Frame": 3360,
        "Caption": "#C C picks a bowl from the kitchen countertop with his left hand.; #C C picks up a container cover from the kitchen counter with his left hand; #C C picks a plastic bowl from the kitchen countertop with her left hand; #C C picks up a bowl from the countertop with her left hand.; #C C picks a bowl from the countertop with her left hand."
    },
    {
        "Video Name": "a885299a-bc85-4d98-9905-d3e58518edea",
        "Start Frame": 3360,
        "End Frame": 3480,
        "Caption": "#C C talks to man X; #O The man X picks a plastic bag from the countertop with his right hand.; #C C converses with person X; #O The man X picks a plastic container cover from the kitchen counter with his right hand; #O The man X picks a slice of bread from a bread basket with his right hand"
    },
    {
        "Video Name": "a885299a-bc85-4d98-9905-d3e58518edea",
        "Start Frame": 3480,
        "End Frame": 3600,
        "Caption": "#C C opens the tap; #C C closes the tap with her right hand.; #C C turns on the tap with her right hand; #C C looks around ; #C C looks around "
    },
    {
        "Video Name": "a885299a-bc85-4d98-9905-d3e58518edea",
        "Start Frame": 3600,
        "End Frame": 3720,
        "Caption": "#C C looks around ; #C C talks to man X; #C C looks at man X; #C C looks around ; #C C looks around"
    },
    {
        "Video Name": "a885299a-bc85-4d98-9905-d3e58518edea",
        "Start Frame": 3720,
        "End Frame": 3840,
        "Caption": "#C C walks towards the kitchen; #C C walks towards the table; #C C walks in the house; #C C walks towards the table; #C C walks towards the table"
    },
    {
        "Video Name": "a885299a-bc85-4d98-9905-d3e58518edea",
        "Start Frame": 3840,
        "End Frame": 3960,
        "Caption": "#C C walks to a kitchen cabinet.; #C C talks to person X; #C C walks around the kitchen; #C C walks towards the kitchen counter.; #C C walks to the kitchen from the dining"
    },
    {
        "Video Name": "a885299a-bc85-4d98-9905-d3e58518edea",
        "Start Frame": 3960,
        "End Frame": 4080,
        "Caption": "#C C closes the tap with her left hand.; #O The man X passes the scissors from his right hand to his left hand; #C C closes the tap; #C C closes the tap ; #C C turns on a tap on the sink with her left hand."
    },
    {
        "Video Name": "a885299a-bc85-4d98-9905-d3e58518edea",
        "Start Frame": 4080,
        "End Frame": 4200,
        "Caption": "#C C looks around; #C C interacts with the man X.; #C C talks to man X; #C C interacts with the man X.; #O The man X holds the kitchen cabinet with his left hand"
    },
    {
        "Video Name": "a885299a-bc85-4d98-9905-d3e58518edea",
        "Start Frame": 4200,
        "End Frame": 4320,
        "Caption": "#C C walks into the kitchen.; #C C walks around the house ; #C C walks around the house ; #C C walks to the kitchen; #C C walks to a kitchen sink"
    },
    {
        "Video Name": "a885299a-bc85-4d98-9905-d3e58518edea",
        "Start Frame": 4320,
        "End Frame": 4440,
        "Caption": "#C C walks to the kitchen counter; #C C walks around the kitchen ; #C C walks towards the man M; #C C walks to a kitchen counter; #C C interacts with man X"
    },
    {
        "Video Name": "a885299a-bc85-4d98-9905-d3e58518edea",
        "Start Frame": 4440,
        "End Frame": 4560,
        "Caption": "#C C walks around; #C C walks in the kitchen; #O The man X chops a carrot on the chopping board with the knife in his right hand; #C C walks to the kitchen sink.; #C C walks around the kitchen "
    },
    {
        "Video Name": "a885299a-bc85-4d98-9905-d3e58518edea",
        "Start Frame": 4560,
        "End Frame": 4680,
        "Caption": "#O The man X picks the knife from the kitchen counter with his right hand; #C C converses with the man X.; #C C converses with the man X.; #O The man X cuts the carrot with his left hand.; #O The man X picks a carrot from the kitchen counter with his left hand"
    },
    {
        "Video Name": "a885299a-bc85-4d98-9905-d3e58518edea",
        "Start Frame": 4680,
        "End Frame": 4800,
        "Caption": "#C C looks around; #C C looks around the house; #C C looks around; #C C turns to the counter; #C C walks to the countertop from the kitchen"
    },
    {
        "Video Name": "a885299a-bc85-4d98-9905-d3e58518edea",
        "Start Frame": 4800,
        "End Frame": 4920,
        "Caption": "#C C closes the drawer; #C C closes the drawer; #O The man X picks the knife from the kitchen counter with his right hand; #C C closes the drawer; #C C closes the drawer"
    },
    {
        "Video Name": "a885299a-bc85-4d98-9905-d3e58518edea",
        "Start Frame": 4920,
        "End Frame": 5040,
        "Caption": "#C C moves the hand; #C C looks around; #O The man Y drops a plastic cover in his left hand on the kitchen counter; #C C converses with the man X; #C C looks around"
    },
    {
        "Video Name": "a885299a-bc85-4d98-9905-d3e58518edea",
        "Start Frame": 5040,
        "End Frame": 5160,
        "Caption": "#C C looks around ; #C C looks at man X; #C C converses with the man X; #C C interacts with the man X.; #C C converses with man B "
    },
    {
        "Video Name": "a885299a-bc85-4d98-9905-d3e58518edea",
        "Start Frame": 5160,
        "End Frame": 5280,
        "Caption": "#C C looks around; #C C looks around the house; #C C looks at man X; #C C looks at the man; #C C talks to man X"
    },
    {
        "Video Name": "a885299a-bc85-4d98-9905-d3e58518edea",
        "Start Frame": 5280,
        "End Frame": 5400,
        "Caption": "#O the man X picks a can from the countertop with his right hand.; #O The man X rinses the plate under the tap with his left hand.; #O The man X picks a tomato from a container on the kitchen counter with his left hand; #C C looks at the counter; #C C moves a tin on the countertop with her left hand."
    }
]