[
    {
        "Video Name": "ab4bd39c-a184-421d-9f38-bf18dd238b2d",
        "Start Frame": 0,
        "End Frame": 120,
        "Caption": "#C C holds the bulb holder part; #C C removes the bulb holder from the bulb holder part with both hands; #C C fixes the bulb holder cover on the bulb holder.; #C C holds the bulb holder with both hands.; #C C holds the bulb holder part with both hands."
    },
    {
        "Video Name": "ab4bd39c-a184-421d-9f38-bf18dd238b2d",
        "Start Frame": 120,
        "End Frame": 240,
        "Caption": "#C C holds the bulb holder with both hands.; #C C holds the bulb holder with both hands.; #C C picks the bulb holder.; #C C holds the bulb holder cover with both hands.; #C C holds the bulb holder with his right hand."
    },
    {
        "Video Name": "ab4bd39c-a184-421d-9f38-bf18dd238b2d",
        "Start Frame": 240,
        "End Frame": 360,
        "Caption": "#C C looks at the bulb holder.; #C C touches the bulb holder.; #C C looks at the bulb holder part; #C C stares the bulb holder part ; #C C holds the bulb holder part with both hands."
    },
    {
        "Video Name": "ab4bd39c-a184-421d-9f38-bf18dd238b2d",
        "Start Frame": 360,
        "End Frame": 480,
        "Caption": "#C C looks at the bulb holder.; #C C holds the bulb holder with his left hand.; #C C holds the bulb holder part with both hands.; #C C looks at the bulb holder cover; #C C holds the bulb holder with both hands. "
    },
    {
        "Video Name": "ab4bd39c-a184-421d-9f38-bf18dd238b2d",
        "Start Frame": 480,
        "End Frame": 600,
        "Caption": "#C C looks at the bulb holder part; #C C holds the bulb holder with both hands.; #C C stares at the bulb holder part; #C C looks at the bulb holder part; #C C holds the bulb holder with both hands."
    },
    {
        "Video Name": "ab4bd39c-a184-421d-9f38-bf18dd238b2d",
        "Start Frame": 600,
        "End Frame": 720,
        "Caption": "#C C puts the bulb holder on the table.; #C C picks up the mechanical component from the table with his left; #C C holds the bulb holder with his left hand.; #C C moves the bulb holder with his left hand. ; #C C places the bulb holder on the table "
    },
    {
        "Video Name": "ab4bd39c-a184-421d-9f38-bf18dd238b2d",
        "Start Frame": 720,
        "End Frame": 840,
        "Caption": "#C C picks up the bulb holder from the table with his right hand; #C C picks up the bulb holder on the table with his right hand; #C C holds the bulb holder cover. ; #C C takes the bulb holder.; #C C picks the bulb holder."
    },
    {
        "Video Name": "ab4bd39c-a184-421d-9f38-bf18dd238b2d",
        "Start Frame": 840,
        "End Frame": 960,
        "Caption": "#C C presses glue from the tube to his left hand; #C C covers the tube with the cover in his left hand; #C C covers the tube with the lid in his left hand; #C C closes the tube with the cap with his right hand; #C C opens the tube of glue with his right hand."
    },
    {
        "Video Name": "ab4bd39c-a184-421d-9f38-bf18dd238b2d",
        "Start Frame": 960,
        "End Frame": 1080,
        "Caption": "#C C holds the bulb holder with both hands.; #C C adjusts the bulb holder cover.; #C C holds the bulb holder.; #C C looks at the bulb holder.; #C C holds the bulb holder cover with both hands"
    },
    {
        "Video Name": "ab4bd39c-a184-421d-9f38-bf18dd238b2d",
        "Start Frame": 1080,
        "End Frame": 1200,
        "Caption": "#C C drops the lamp on the table with his right hand; #C C drops the bulb holder.; #C C looks at the bulb holder.; #C C puts the bulb holder on the table.; #C C puts down the bulb holder."
    },
    {
        "Video Name": "ab4bd39c-a184-421d-9f38-bf18dd238b2d",
        "Start Frame": 1200,
        "End Frame": 1320,
        "Caption": "#C C looks at the bulb holder; #C C looks at the bulb holder; #C C looks at the bulb holder; #C C holds the bulb holder.; #C C looks at the bulb holder"
    },
    {
        "Video Name": "ab4bd39c-a184-421d-9f38-bf18dd238b2d",
        "Start Frame": 1320,
        "End Frame": 1440,
        "Caption": "#C C looks at the bulb holder.; #C C fixes the bulb holder; #C C puts the bulb holder on the; #C C holds the bulb holder.; #C C looks at the bulb holder."
    },
    {
        "Video Name": "ab4bd39c-a184-421d-9f38-bf18dd238b2d",
        "Start Frame": 1440,
        "End Frame": 1560,
        "Caption": "#C C holds the bulb holder cover with both hands; #C C holds the bulb holder with both hands.; #C C fixes the bulb holder.; #C C fixes the bulb holder.; #C C fixes the bulb holder with his right hand"
    },
    {
        "Video Name": "ab4bd39c-a184-421d-9f38-bf18dd238b2d",
        "Start Frame": 1560,
        "End Frame": 1680,
        "Caption": "#C C removes the bulb holder cover from the bulb holder with his left hand; #C C touches the bulb holder cover with his right hand.; #C C holds the bulb holder cover with both hands.; #C C passes the bulb holder from his right hand to his left hand.; #C C fixes the bulb holder."
    },
    {
        "Video Name": "ab4bd39c-a184-421d-9f38-bf18dd238b2d",
        "Start Frame": 1680,
        "End Frame": 1800,
        "Caption": "#C C holds the bulb holder cover; #C C looks at the bulb holder; #C C examines the bulb holder.; #C C looks at the bulb holder; #C C looks at the bulb holder"
    },
    {
        "Video Name": "ab4bd39c-a184-421d-9f38-bf18dd238b2d",
        "Start Frame": 1800,
        "End Frame": 1920,
        "Caption": "#C C picks the bulb holder.; #C C picks the screwdriver; #C C picks the spring hook; #C C picks up the wire from the; #C C picks the screw driver"
    },
    {
        "Video Name": "ab4bd39c-a184-421d-9f38-bf18dd238b2d",
        "Start Frame": 1920,
        "End Frame": 2040,
        "Caption": "#C C looks at the bulb holder.; #C C looks at the bulb holder part; #C C looks at the bulb holder part; #C C looks at the bulb holder.; #C C looks at the bulb holder."
    },
    {
        "Video Name": "ab4bd39c-a184-421d-9f38-bf18dd238b2d",
        "Start Frame": 2040,
        "End Frame": 2160,
        "Caption": "#C C fixes the bulb holder cover with the pliers; #C C holds the bulb holder cover with the pair of pliers; #C C fixes the bulb holder with the pliers ; #C C fixes the bulb holder with the pliers; #C C fixes the bulb holder with the pliers"
    },
    {
        "Video Name": "ab4bd39c-a184-421d-9f38-bf18dd238b2d",
        "Start Frame": 2160,
        "End Frame": 2280,
        "Caption": "#C C looks at the bulb holder.; #C C looks at the bulb holder part; #C C looks at the bulb holder.; #C C looks at the bulb holder.; #C C looks at the bulb holder."
    },
    {
        "Video Name": "ab4bd39c-a184-421d-9f38-bf18dd238b2d",
        "Start Frame": 2280,
        "End Frame": 2400,
        "Caption": "#C C picks the metal rod from the table.; #C C holds the piece of metal with both hands; #C C holds the bulb holder with his left hand; #C C fixes the bulb holder; #C C takes the bulb holder part "
    },
    {
        "Video Name": "ab4bd39c-a184-421d-9f38-bf18dd238b2d",
        "Start Frame": 2400,
        "End Frame": 2520,
        "Caption": "#C C holds the bulb holder with his left hand.; #C C holds the bulb holder cover with both hands.; #C C holds the bulb holder with both hands.; #C C looks at the bulb holder cover.; #C C looks at the bulb holder part."
    },
    {
        "Video Name": "ab4bd39c-a184-421d-9f38-bf18dd238b2d",
        "Start Frame": 2520,
        "End Frame": 2640,
        "Caption": "#C C drops the atomizer on the table with his left hand; #C C holds the bulb holder part.; #C C looks at the bulb holder part.; #C C looks at the bulb holder part; #C C holds the bulb holder in his left hand."
    },
    {
        "Video Name": "ab4bd39c-a184-421d-9f38-bf18dd238b2d",
        "Start Frame": 2640,
        "End Frame": 2760,
        "Caption": "#C C picks the lamp holder from the table with his left hand; #C C picks the bulb holder.; #C C picks the bulb holder.; #C C places the bulb holder on the table.; #C C takes the bulb holder cover."
    },
    {
        "Video Name": "ab4bd39c-a184-421d-9f38-bf18dd238b2d",
        "Start Frame": 2760,
        "End Frame": 2880,
        "Caption": "#C C fixes the bulb holder with the pl; #C C fixes the bulb holder.; #C C fixes the bulb holder with the pl; #C C fixes the bulb holder with the pl; #C C fixes the bulb holder."
    },
    {
        "Video Name": "ab4bd39c-a184-421d-9f38-bf18dd238b2d",
        "Start Frame": 2880,
        "End Frame": 3000,
        "Caption": "#C C fixes the bulb holder with the pliers; #C C fixes the bulb holder with the pair of pliers.; #C C fixes the bulb holder with the screw driver ; #C C fixes the bulb holder with the pair of pliers in his right hand; #C C holds a bulb holder."
    },
    {
        "Video Name": "ab4bd39c-a184-421d-9f38-bf18dd238b2d",
        "Start Frame": 3000,
        "End Frame": 3120,
        "Caption": "#C C holds the tube with his left hand; #C C picks up the tube; #C C drops the tube on the table with his left hand; #C C picks the tube from the table with his left hand; #C C picks the tube on the table with his left hand"
    },
    {
        "Video Name": "ab4bd39c-a184-421d-9f38-bf18dd238b2d",
        "Start Frame": 3120,
        "End Frame": 3240,
        "Caption": "#C C drops the tube on the table.; #C C drops the tube on the table ; #C C drops the tube on the table with his left hand; #C C drops the tube on the table.; #C C puts the tube on the table"
    },
    {
        "Video Name": "ab4bd39c-a184-421d-9f38-bf18dd238b2d",
        "Start Frame": 3240,
        "End Frame": 3360,
        "Caption": "#C C holds the metal with both hands; #C C touches the metal with his right hand; #C C fits the metal connector ; #C C holds the metal with his left hand; #C C holds the mechanical component with both hands"
    },
    {
        "Video Name": "ab4bd39c-a184-421d-9f38-bf18dd238b2d",
        "Start Frame": 3360,
        "End Frame": 3480,
        "Caption": "#C C  fixes the bulb holder.; #C C touches the bulb holder part; #C C looks at the bulb holder part; #C C fixes the metal with the hands; #C C fixes the bulb holder."
    },
    {
        "Video Name": "ab4bd39c-a184-421d-9f38-bf18dd238b2d",
        "Start Frame": 3480,
        "End Frame": 3600,
        "Caption": "#C C takes the metal connector ; #C C checks the small rod in his hands; #C C holds the bulb holder with both hands.; #C C fixes the bulb holder with the screwdriver; #C C holds the piece of metal with both hands"
    },
    {
        "Video Name": "ab4bd39c-a184-421d-9f38-bf18dd238b2d",
        "Start Frame": 3600,
        "End Frame": 3720,
        "Caption": "#C C holds the bulb holder cover; #C C looks at the bulb holder part ; #C C puts the plastic on the table ; #C C picks up the metal object from the table with his right; #C C drops the small tube on the table with his left hand"
    },
    {
        "Video Name": "ab4bd39c-a184-421d-9f38-bf18dd238b2d",
        "Start Frame": 3720,
        "End Frame": 3840,
        "Caption": "#C C holds the bulb holder part with both hands.; #C C holds the bulb holder.; #C C lifts the bulb holder.; #C C holds the bulb holder.; #C C checks the bulb holder part."
    },
    {
        "Video Name": "ab4bd39c-a184-421d-9f38-bf18dd238b2d",
        "Start Frame": 3840,
        "End Frame": 3960,
        "Caption": "#C C looks at the bulb holder.; #C C looks at the bulb holder part; #C C picks a bulb holder.; #C C moves the bulb holder with the left hand; #C C holds the bulb holder with both hands."
    },
    {
        "Video Name": "ab4bd39c-a184-421d-9f38-bf18dd238b2d",
        "Start Frame": 3960,
        "End Frame": 4080,
        "Caption": "#C C holds the bulb holder with both hands.; #C C holds the mechanical component with both hands; #C C looks at the bulb holder.; #C C touches the mechanical component with his left hand; #C C fixes the bulb holder."
    },
    {
        "Video Name": "ab4bd39c-a184-421d-9f38-bf18dd238b2d",
        "Start Frame": 4080,
        "End Frame": 4200,
        "Caption": "#C C looks at the bulb holder cover; #C C adjusts the bulb holder cover with his hands. ; #C C adjusts the bulb holder with both hands.; #C C picks the mechanical component from the table with his left; #C C holds the bulb holder with his right hand"
    },
    {
        "Video Name": "ab4bd39c-a184-421d-9f38-bf18dd238b2d",
        "Start Frame": 4200,
        "End Frame": 4320,
        "Caption": "#C C fixes the bulb holder on the bulb holder; #C C fixes the bulb holder with both hands.; #C C fixes the bulb holder.; #C C fixes the bulb holder on the bulb holder; #C C fits the bulb holder on the bulb holder"
    },
    {
        "Video Name": "ab4bd39c-a184-421d-9f38-bf18dd238b2d",
        "Start Frame": 4320,
        "End Frame": 4440,
        "Caption": "#C C adjusts the bulb holder with his left hand.; #C C holds the bulb holder with both hands.; #C C adjusts the bulb holder on the bulb holder cover with both hands.; #C C fixes the bulb holder.; #C C adjusts the bulb holder."
    },
    {
        "Video Name": "ab4bd39c-a184-421d-9f38-bf18dd238b2d",
        "Start Frame": 4440,
        "End Frame": 4560,
        "Caption": "#C C removes the part of the bulb holder with his left hand; #C C holds the mechanical component with both hands; #C C looks at the bulb holder part ; #C C holds the bulb holder cover; #C C holds the bulb holder part with both hands."
    },
    {
        "Video Name": "ab4bd39c-a184-421d-9f38-bf18dd238b2d",
        "Start Frame": 4560,
        "End Frame": 4680,
        "Caption": "#C C removes the O-ring from the bulb holder with his right hand; #C C picks the piece of metal.; #C C holds the piece of metal with both hands.; #C C removes the bulb holder cover with his right hand; #C C holds the lamp holder with his gloved hands."
    },
    {
        "Video Name": "ab4bd39c-a184-421d-9f38-bf18dd238b2d",
        "Start Frame": 4680,
        "End Frame": 4800,
        "Caption": "#C C cleans the mechanical component with the tissue paper in his right hand; #C C cleans the mechanical component in his left hand with the tissue paper in his right; #C C looks at the piece of cloth. ; #C C holds the white piece of cloth with both hands. ; #C C holds the piece of metal with both hands. "
    },
    {
        "Video Name": "ab4bd39c-a184-421d-9f38-bf18dd238b2d",
        "Start Frame": 4800,
        "End Frame": 4920,
        "Caption": "#C C wipes the bulb holder cover; #C C picks the cover of the atomizer from the table with his gloved right hand; #C C cleans the mechanical component with the tissue paper; #C C touches the lamp holder with his right hand.; #C C picks a piece of paper from the table"
    },
    {
        "Video Name": "ab4bd39c-a184-421d-9f38-bf18dd238b2d",
        "Start Frame": 4920,
        "End Frame": 5040,
        "Caption": "#C C looks at the bulb holder cover.; #C C places the bulb holder part on the table; #C C holds the bulb holder with both hands.; #C C   stares the bulb holder; #C C stares at the bulb holder part"
    },
    {
        "Video Name": "ab4bd39c-a184-421d-9f38-bf18dd238b2d",
        "Start Frame": 5040,
        "End Frame": 5160,
        "Caption": "#C C holds the piece of metal with both hands. ; #C C removes the mechanical component from the lamp with his right; #C C holds the mechanical component with both hands; #C C picks a bulb holder cover ; #C C holds the hex socket with his both hands. "
    },
    {
        "Video Name": "ab4bd39c-a184-421d-9f38-bf18dd238b2d",
        "Start Frame": 5160,
        "End Frame": 5280,
        "Caption": "#C C picks the tweezer on the table with his right hand; #C C picks the tube from the table with his right hand.; #C C picks the tube on the table with his right hand.; #C C picks the tong plier from the table with his right hand; #C C drops the tissue on the table with his right hand."
    },
    {
        "Video Name": "ab4bd39c-a184-421d-9f38-bf18dd238b2d",
        "Start Frame": 5280,
        "End Frame": 5400,
        "Caption": "#C C holds the metal with his hands. ; #C C fixes the bulb holder cover; #C C fixes the bulb holder.; #C C fixes the bulb holder with the tong.; #C C connects the bulb holder cover to the bulb holder with his right hand"
    }
]