[
    {
        "Video Name": "adfb2285-406f-4cbf-8a6c-52e7b222215d",
        "Start Frame": 0,
        "End Frame": 120,
        "Caption": "#C C welds the steel with the welding machine; #C C welds a metal; #C C welds a metal; #C C welds a metal; #C C welds a metal"
    },
    {
        "Video Name": "adfb2285-406f-4cbf-8a6c-52e7b222215d",
        "Start Frame": 120,
        "End Frame": 240,
        "Caption": "#C C welds the metal; #C C welds the metal with the angle gr; #C C grinds the metal; #C C grinds the metal; #C C grinds the steel"
    },
    {
        "Video Name": "adfb2285-406f-4cbf-8a6c-52e7b222215d",
        "Start Frame": 240,
        "End Frame": 360,
        "Caption": "#C C grinds the steel ; #C C grinds a stamped flange weld; #C C grinds a metal; #C C adjusts the stamped flange weld nut; #C C  welds a metal"
    },
    {
        "Video Name": "adfb2285-406f-4cbf-8a6c-52e7b222215d",
        "Start Frame": 360,
        "End Frame": 480,
        "Caption": "#C C grinds the steel with the grinder; #C C welds the steel with the welding machine; #C C welds a metal; #C C welds the metal; #C C polishes curtain screwfix with angle gr"
    },
    {
        "Video Name": "adfb2285-406f-4cbf-8a6c-52e7b222215d",
        "Start Frame": 480,
        "End Frame": 600,
        "Caption": "#C C polishes the metal ; #C C grinds the steel with the gr; #C C welds the metal; #C C grinds the metal; #C C welds the steel with the welding"
    },
    {
        "Video Name": "adfb2285-406f-4cbf-8a6c-52e7b222215d",
        "Start Frame": 600,
        "End Frame": 720,
        "Caption": "#C C welds a; #C C welds a; #C C grinds the; #C C welds the; #C C grinds metal"
    },
    {
        "Video Name": "adfb2285-406f-4cbf-8a6c-52e7b222215d",
        "Start Frame": 720,
        "End Frame": 840,
        "Caption": "#C C puts hammer down; #C C puts hammer on the ground; #C C puts the hammer down; #C C puts the hammer on the; #C C puts hammer down "
    },
    {
        "Video Name": "adfb2285-406f-4cbf-8a6c-52e7b222215d",
        "Start Frame": 840,
        "End Frame": 960,
        "Caption": "#C C welds a metal; #C C picks a welding machine; #C C welds the metal; #C C welds the metal; #C C welds the metal"
    },
    {
        "Video Name": "adfb2285-406f-4cbf-8a6c-52e7b222215d",
        "Start Frame": 960,
        "End Frame": 1080,
        "Caption": "#C C picks hammer; #C C picks hammer ; #C C picks up the; #C C picks up the; #C C picks a hammer"
    },
    {
        "Video Name": "adfb2285-406f-4cbf-8a6c-52e7b222215d",
        "Start Frame": 1080,
        "End Frame": 1200,
        "Caption": "#C C grinds the; #C C grinds the; #C C welds a; #C C grinds a; #C C grinds the"
    },
    {
        "Video Name": "adfb2285-406f-4cbf-8a6c-52e7b222215d",
        "Start Frame": 1200,
        "End Frame": 1320,
        "Caption": "#C C welds the steel with the welding; #C C welds the metal; #C C welds the metal ; #C C grinds metal; #C C welds the steel with the welding"
    },
    {
        "Video Name": "adfb2285-406f-4cbf-8a6c-52e7b222215d",
        "Start Frame": 1320,
        "End Frame": 1440,
        "Caption": "#C C polishes  metal; #C C grinds a stamped flange weld; #C C grinds the metal; #C C grinds the metal with the gr; #C C grinds the metal with the gr"
    },
    {
        "Video Name": "adfb2285-406f-4cbf-8a6c-52e7b222215d",
        "Start Frame": 1440,
        "End Frame": 1560,
        "Caption": "#C C looks around ; #C C looks around; #C C looks around; #C C looks around ; #O man A moves the welding"
    },
    {
        "Video Name": "adfb2285-406f-4cbf-8a6c-52e7b222215d",
        "Start Frame": 1560,
        "End Frame": 1680,
        "Caption": "#C C adjusts camera; #C C adjusts camera; #C C adjusts the; #C C adjusts camera; #C C looks around"
    },
    {
        "Video Name": "adfb2285-406f-4cbf-8a6c-52e7b222215d",
        "Start Frame": 1680,
        "End Frame": 1800,
        "Caption": "#C C holds the welding; #C C looks around; #C C takes welding gun; #C C picks a metal; #C C looks around"
    },
    {
        "Video Name": "adfb2285-406f-4cbf-8a6c-52e7b222215d",
        "Start Frame": 1800,
        "End Frame": 1920,
        "Caption": "#C C puts metal down; #C C puts the welding gun on the; #C C puts the welding machine on the; #C C takes a hammer ; #C C takes hammer "
    },
    {
        "Video Name": "adfb2285-406f-4cbf-8a6c-52e7b222215d",
        "Start Frame": 1920,
        "End Frame": 2040,
        "Caption": "#C C picks welding gun; #C C picks welding machine; #C C picks up the welding; #C C welds metal rod; #C C picks a welding machine"
    },
    {
        "Video Name": "adfb2285-406f-4cbf-8a6c-52e7b222215d",
        "Start Frame": 2040,
        "End Frame": 2160,
        "Caption": "#C C welds the metal with the welding; #C C welds the metal rod; #C C welds a metal; #C C welds the metal; #C C welds the metal"
    },
    {
        "Video Name": "adfb2285-406f-4cbf-8a6c-52e7b222215d",
        "Start Frame": 2160,
        "End Frame": 2280,
        "Caption": "#C C welds the; #C C welds the; #C C welds the; #C C welds metal; #C C welds the"
    },
    {
        "Video Name": "adfb2285-406f-4cbf-8a6c-52e7b222215d",
        "Start Frame": 2280,
        "End Frame": 2400,
        "Caption": "#C C welds the metal; #C C welds metal bar; #C C welds the metal rod with welding machine; #C C welds the metal bar using a welding; #C C welds the metal rod "
    },
    {
        "Video Name": "adfb2285-406f-4cbf-8a6c-52e7b222215d",
        "Start Frame": 2400,
        "End Frame": 2520,
        "Caption": "#C C welds a metal; #C C welds metal; #C C welds the metal; #C C welds the metal with the welding; #C C welds the metal"
    },
    {
        "Video Name": "adfb2285-406f-4cbf-8a6c-52e7b222215d",
        "Start Frame": 2520,
        "End Frame": 2640,
        "Caption": "#C C looks around; #C C puts down welding; #C C looks around; #C C holds a welding; #C C looks around"
    },
    {
        "Video Name": "adfb2285-406f-4cbf-8a6c-52e7b222215d",
        "Start Frame": 2640,
        "End Frame": 2760,
        "Caption": "#C C places the metal rod down; #C C puts the metal on the; #C C puts metal rod down; #C C puts metal down ; #C C puts the metal rod down"
    },
    {
        "Video Name": "adfb2285-406f-4cbf-8a6c-52e7b222215d",
        "Start Frame": 2760,
        "End Frame": 2880,
        "Caption": "#C C looks around ; #C C adjusts the welding machine; #O man Y picks angle gr; #C C holds welding machine; #C C wears the sunglasses"
    },
    {
        "Video Name": "adfb2285-406f-4cbf-8a6c-52e7b222215d",
        "Start Frame": 2880,
        "End Frame": 3000,
        "Caption": "#C C  picks metal; #C C holds the steel metal with both; #C C picks metal; #C C moves metal; #C C puts metal on the floor"
    },
    {
        "Video Name": "adfb2285-406f-4cbf-8a6c-52e7b222215d",
        "Start Frame": 3000,
        "End Frame": 3120,
        "Caption": "#C C picks hammer; #C C hits the metal with a; #C C picks a hammer; #C C picks hammer; #C C holds the metal rod"
    },
    {
        "Video Name": "adfb2285-406f-4cbf-8a6c-52e7b222215d",
        "Start Frame": 3120,
        "End Frame": 3240,
        "Caption": "#C C puts the metal rod down; #C C looks around ; #C C puts metal down ; #C C looks around ; #C C puts metal down "
    },
    {
        "Video Name": "adfb2285-406f-4cbf-8a6c-52e7b222215d",
        "Start Frame": 3240,
        "End Frame": 3360,
        "Caption": "#C C places the hammer on the; #C C holds the metal; #C C places the metal rod down; #C C looks around; #C C moves metal down "
    },
    {
        "Video Name": "adfb2285-406f-4cbf-8a6c-52e7b222215d",
        "Start Frame": 3360,
        "End Frame": 3480,
        "Caption": "#C C looks at the metal; #C C rotates metal; #C C moves the metal rod down; #C C drops the metal; #C C puts the metal rod down"
    },
    {
        "Video Name": "adfb2285-406f-4cbf-8a6c-52e7b222215d",
        "Start Frame": 3480,
        "End Frame": 3600,
        "Caption": "#C C picks the metal; #C C picks metal; #C C picks a metal; #C C puts a metal down; #C C picks a metal"
    },
    {
        "Video Name": "adfb2285-406f-4cbf-8a6c-52e7b222215d",
        "Start Frame": 3600,
        "End Frame": 3720,
        "Caption": "#C C hammers the; #C C hammers the; #C C picks a hammer; #C C picks the hammer; #C C picks the hammer"
    },
    {
        "Video Name": "adfb2285-406f-4cbf-8a6c-52e7b222215d",
        "Start Frame": 3720,
        "End Frame": 3840,
        "Caption": "#C C  moves the metal rod down; #C C moves the metal; #C C looks around ; #C C looks around ; #C C puts the metal on the floor"
    },
    {
        "Video Name": "adfb2285-406f-4cbf-8a6c-52e7b222215d",
        "Start Frame": 3840,
        "End Frame": 3960,
        "Caption": "#C C picks hammer; #C C picks hammer; #C C picks a hammer; #C C puts hammer down; #C C picks hammer"
    },
    {
        "Video Name": "adfb2285-406f-4cbf-8a6c-52e7b222215d",
        "Start Frame": 3960,
        "End Frame": 4080,
        "Caption": "#C C picks the hammer; #C C puts the hammer down; #C C places the metal rod down; #C C moves the metal rod down; #C C moves the metal"
    },
    {
        "Video Name": "adfb2285-406f-4cbf-8a6c-52e7b222215d",
        "Start Frame": 4080,
        "End Frame": 4200,
        "Caption": "#C C puts metal down ; #C C puts metal down ; #C C puts the metal down; #C C puts the metal rod; #C C puts the metal down"
    },
    {
        "Video Name": "adfb2285-406f-4cbf-8a6c-52e7b222215d",
        "Start Frame": 4200,
        "End Frame": 4320,
        "Caption": "#C C picks the; #C C picks a; #C C holds the; #C C picks hammer; #C C picks hammer"
    },
    {
        "Video Name": "adfb2285-406f-4cbf-8a6c-52e7b222215d",
        "Start Frame": 4320,
        "End Frame": 4440,
        "Caption": "#C C holds the metal with the left; #C C hammers the metal; #C C moves the metal; #C C hammers the metal; #C C adjusts the metal"
    },
    {
        "Video Name": "adfb2285-406f-4cbf-8a6c-52e7b222215d",
        "Start Frame": 4440,
        "End Frame": 4560,
        "Caption": "#C C picks a metal rod; #C C puts the metal down ; #C C places the metal on the; #C C puts the metal down; #C C looks around "
    },
    {
        "Video Name": "adfb2285-406f-4cbf-8a6c-52e7b222215d",
        "Start Frame": 4560,
        "End Frame": 4680,
        "Caption": "#C C puts the metal rod down; #C C puts the metal rod down; #C C puts the hammer on the; #C C hammers the metal; #C C puts the hammer down"
    },
    {
        "Video Name": "adfb2285-406f-4cbf-8a6c-52e7b222215d",
        "Start Frame": 4680,
        "End Frame": 4800,
        "Caption": "#C C places the metal rod down; #C C moves the metal; #C C moves the metal rod down; #C C  turns the metal rod; #C C turns the metal rod"
    },
    {
        "Video Name": "adfb2285-406f-4cbf-8a6c-52e7b222215d",
        "Start Frame": 4800,
        "End Frame": 4920,
        "Caption": "#C C places the metal rod on the; #C C puts the metal down; #C C puts the metal rod down ; #C C puts metal down; #C C puts the metal aside"
    },
    {
        "Video Name": "adfb2285-406f-4cbf-8a6c-52e7b222215d",
        "Start Frame": 4920,
        "End Frame": 5040,
        "Caption": "#C C holds the metal; #C C holds the metal; #C C hammers the; #C C picks hammer; #C C hammers the"
    },
    {
        "Video Name": "adfb2285-406f-4cbf-8a6c-52e7b222215d",
        "Start Frame": 5040,
        "End Frame": 5160,
        "Caption": "#C C moves the metal rod; #C C holds the metal; #C C adjusts the metal; #C C holds the metal; #C C adjusts the metal"
    },
    {
        "Video Name": "adfb2285-406f-4cbf-8a6c-52e7b222215d",
        "Start Frame": 5160,
        "End Frame": 5280,
        "Caption": "#C C picks a metal; #C C  puts aside; #C C puts metal down; #C C picks the metal; #C C picks metal"
    },
    {
        "Video Name": "adfb2285-406f-4cbf-8a6c-52e7b222215d",
        "Start Frame": 5280,
        "End Frame": 5400,
        "Caption": "#C C holds the metal; #C C hammers the metal; #C C puts metal rod down; #C C puts hammer down ; #C C adjusts the metal"
    }
]