[
    {
        "Video Name": "aebf3455-59b7-4071-a7d2-18d053c38f8f",
        "Start Frame": 0,
        "End Frame": 120,
        "Caption": "#O The man X touches a plank with his right hand; #O person X holds the wood; #O Person A holds the wooden structure; #O person X holds the wood; #C C turns around the room"
    },
    {
        "Video Name": "aebf3455-59b7-4071-a7d2-18d053c38f8f",
        "Start Frame": 120,
        "End Frame": 240,
        "Caption": "#C C turns around the room; #C C looks around the house; #C C looks around the room; #O The man X holds a hammer with his right hand; #O person X puts the wood against the wall "
    },
    {
        "Video Name": "aebf3455-59b7-4071-a7d2-18d053c38f8f",
        "Start Frame": 240,
        "End Frame": 360,
        "Caption": "#O a man X holds a hammer; #C C  hits the wooden frame with the hammer in his right hand.; #C C talks to the man X; #O the man X holds the hammer with his right hand. ; #C C removes a nail from a wood with a hammer"
    },
    {
        "Video Name": "aebf3455-59b7-4071-a7d2-18d053c38f8f",
        "Start Frame": 360,
        "End Frame": 480,
        "Caption": "#C C interacts with the man X.; #C C looks around the room; #C C looks around.; #C C touches the ladder with his left hand; #C C turns around "
    },
    {
        "Video Name": "aebf3455-59b7-4071-a7d2-18d053c38f8f",
        "Start Frame": 480,
        "End Frame": 600,
        "Caption": "#C C looks around the room; #C C looks around the house ; #O The man X holds the wooden frame with his left hand.; #O The man A removes the wooden frame from the wall with both hands; #O The man X holds the wooden ladder with his right hand."
    },
    {
        "Video Name": "aebf3455-59b7-4071-a7d2-18d053c38f8f",
        "Start Frame": 600,
        "End Frame": 720,
        "Caption": "#O person X  fixes the wood; #C C stares at a man X; #C C looks around the house; #O The man X holds a piece of wood with his right hand; #O person X takes a nail from his pocket"
    },
    {
        "Video Name": "aebf3455-59b7-4071-a7d2-18d053c38f8f",
        "Start Frame": 720,
        "End Frame": 840,
        "Caption": "#C C holds the nail; #C C looks around the house ; #C C looks at man X ; #O person X drills the nails into the wood; #O person X cuts the wood"
    },
    {
        "Video Name": "aebf3455-59b7-4071-a7d2-18d053c38f8f",
        "Start Frame": 840,
        "End Frame": 960,
        "Caption": "#O person X kneels on the floor; #O Apprentice X holds the screwdriver with his left hand.; #O person X picks the screw driver; #O Apprentice X throws the nail on the floor with his left hand; #O Apprentice X holds the nail with both hands."
    },
    {
        "Video Name": "aebf3455-59b7-4071-a7d2-18d053c38f8f",
        "Start Frame": 960,
        "End Frame": 1080,
        "Caption": "#O person X checks the hammer; #O A man X holds a; #O person X holds the wood; #O person X picks a screw; #O person X gives C a"
    },
    {
        "Video Name": "aebf3455-59b7-4071-a7d2-18d053c38f8f",
        "Start Frame": 1080,
        "End Frame": 1200,
        "Caption": "#O person X removes the nail from the; #O person X puts the nail in the; #O person X adjusts the wood; #O person X fixes the nail; #O O fixes the nail with the screw"
    },
    {
        "Video Name": "aebf3455-59b7-4071-a7d2-18d053c38f8f",
        "Start Frame": 1200,
        "End Frame": 1320,
        "Caption": "#O person X fixes the wood with the hand; #C C looks around; #O Man X holds a nail in his left hand.; #O a man X removes the nail from the wood with the screwdriver; #O person X cuts the wood with the wood cutting machine"
    },
    {
        "Video Name": "aebf3455-59b7-4071-a7d2-18d053c38f8f",
        "Start Frame": 1320,
        "End Frame": 1440,
        "Caption": "#O Apprentice X drops the hand saw on the floor with his left hand; #O A man Y holds the wood with his right hand; #O person Y removes a nail from a wall; #O person X touches the wall ; #O A man Y touches the wall "
    },
    {
        "Video Name": "aebf3455-59b7-4071-a7d2-18d053c38f8f",
        "Start Frame": 1440,
        "End Frame": 1560,
        "Caption": "#C C looks around the house ; #C C looks around the house; #O person X fits the screw on the wall; #O Apprentice Y drops the hammer on the wooden floor with his right hand; #O person X holds the wood frame with both hands"
    },
    {
        "Video Name": "aebf3455-59b7-4071-a7d2-18d053c38f8f",
        "Start Frame": 1560,
        "End Frame": 1680,
        "Caption": "#O Apprentice X drops the wood plank on the floor with his right hand; #O The man X measures the wooden structure with the tape measure; #O Apprentice X holds a wood plank with his left hand.; #O Apprentice X holds the electric drill with his left hand.; #O person Y touches the wall"
    },
    {
        "Video Name": "aebf3455-59b7-4071-a7d2-18d053c38f8f",
        "Start Frame": 1680,
        "End Frame": 1800,
        "Caption": "#O Apprentice X holds a measuring tape with both hands; #O Apprentice X holds the hammer.; #O person X measures a piece of wood; #O A man X holds the wood with both hands; #O a man X takes measurements "
    },
    {
        "Video Name": "aebf3455-59b7-4071-a7d2-18d053c38f8f",
        "Start Frame": 1800,
        "End Frame": 1920,
        "Caption": "#O man A converses with C.; #C C stares at X; #O The man X holds the wooden frame with both hands; #O The man X holds the wooden frame with his left; #C C looks around the room"
    },
    {
        "Video Name": "aebf3455-59b7-4071-a7d2-18d053c38f8f",
        "Start Frame": 1920,
        "End Frame": 2040,
        "Caption": "#C C picks the plywood from the ceiling with his right hand; #C C holds a wood ; #C C holds the wood; #C C holds a wood ; #C C removes a nail from the wooden structure with the electric drill"
    },
    {
        "Video Name": "aebf3455-59b7-4071-a7d2-18d053c38f8f",
        "Start Frame": 2040,
        "End Frame": 2160,
        "Caption": "#O Apprentice Y holds the wood with his left hand; #O person X touches the wood; #O a man X touches the wooden structure; #O a man X holds a wood ; #O Apprentice Y holds the wood with his right hand"
    },
    {
        "Video Name": "aebf3455-59b7-4071-a7d2-18d053c38f8f",
        "Start Frame": 2160,
        "End Frame": 2280,
        "Caption": "#O person X removes a nail from a wall with a crow bar ; #C C turns around the room; #O The man X holds the wall with his left hand.; #O A man X holds the piece of wood against the wall; #O The man X places the wooden frame on the wall with his left hand"
    },
    {
        "Video Name": "aebf3455-59b7-4071-a7d2-18d053c38f8f",
        "Start Frame": 2280,
        "End Frame": 2400,
        "Caption": "#O The man X hits the wooden frame with the hammer in his right hand.; #O the man X hits the wooden frame with the hammer in his right hand.; #O the man X hits the wooden structure with a hammer. ; #O The man X holds the wooden frame with his left hand.; #O A man X holds a hammer"
    },
    {
        "Video Name": "aebf3455-59b7-4071-a7d2-18d053c38f8f",
        "Start Frame": 2400,
        "End Frame": 2520,
        "Caption": "#C C holds the hammer with his right hand; #C C stares at person X; #C C holds the hammer; #C C picks up the hammer; #C C holds a nail gun"
    },
    {
        "Video Name": "aebf3455-59b7-4071-a7d2-18d053c38f8f",
        "Start Frame": 2520,
        "End Frame": 2640,
        "Caption": "#C C interacts with a man X; #C C talks to man X; #C C holds the hand drill with both hands.; #C C holds the screwdriver with his right hand; #C C moves the hand"
    },
    {
        "Video Name": "aebf3455-59b7-4071-a7d2-18d053c38f8f",
        "Start Frame": 2640,
        "End Frame": 2760,
        "Caption": "#O A man Y touches the wall; #O Person A  holds a door frame with his right; #C C talks with person X; #O person X holds the wall; #O person X checks the door"
    },
    {
        "Video Name": "aebf3455-59b7-4071-a7d2-18d053c38f8f",
        "Start Frame": 2760,
        "End Frame": 2880,
        "Caption": "#C C turns around the room ; #O person X looks around; #C C adjusts a wood on the; #O person X holds the wooden bar; #C C looks around the house"
    },
    {
        "Video Name": "aebf3455-59b7-4071-a7d2-18d053c38f8f",
        "Start Frame": 2880,
        "End Frame": 3000,
        "Caption": "#O a man X drops the hammer on the floor; #O man X holds a wall; #O A man X holds the wooden bar; #C C looks around the house ; #O man X holds the wooden pole on the wall"
    },
    {
        "Video Name": "aebf3455-59b7-4071-a7d2-18d053c38f8f",
        "Start Frame": 3000,
        "End Frame": 3120,
        "Caption": "#O a man X  picks the wooden stick; #C C removes the nail on the wood with the crowbar; #C C hits the wooden structure with the hammer in his right; #O A man X places the wood on the wall; #C C removes a nail from the wall with the crow bar"
    },
    {
        "Video Name": "aebf3455-59b7-4071-a7d2-18d053c38f8f",
        "Start Frame": 3120,
        "End Frame": 3240,
        "Caption": "#C C removes the nail with his hand; #C C takes off the nail with his left hand; #C C removes his hand from the wooden frame; #C C turns around the room ; #C C pulls the nail using the crow bar "
    },
    {
        "Video Name": "aebf3455-59b7-4071-a7d2-18d053c38f8f",
        "Start Frame": 3240,
        "End Frame": 3360,
        "Caption": "#O man X holds a hammer with his right hand.; #O co-worker X hits the hammer on the wall with his right hand; #O Carpenter X takes the hammer from the floor with his right hand.; #C C talks to man X ; #O a man X removes the wood from the wall with a crow bar"
    },
    {
        "Video Name": "aebf3455-59b7-4071-a7d2-18d053c38f8f",
        "Start Frame": 3360,
        "End Frame": 3480,
        "Caption": "#C C removes the ripping bar from the wooden frame with his right hand; #C C removes nails with a crow bar ; #C C removes a nail with the crow bar ; #C C removes the wood with his left hand; #C C removes a nail with the crow bar "
    },
    {
        "Video Name": "aebf3455-59b7-4071-a7d2-18d053c38f8f",
        "Start Frame": 3480,
        "End Frame": 3600,
        "Caption": "#C C removes another nail with the crow bar; #C C removes another nail with the crow bar.; #C C holds a crow bar with both hands; #C C removes a nail with the crow bar ; #C C removes the ripping bar from the wall with his right hand"
    },
    {
        "Video Name": "aebf3455-59b7-4071-a7d2-18d053c38f8f",
        "Start Frame": 3600,
        "End Frame": 3720,
        "Caption": "#C C removes a nail with the crow bar; #C C removes a nail with the crow bar; #C C removes nail from the wooden structure; #C C removes a nail with a crow bar; #C C removes a nail with the crow bar"
    },
    {
        "Video Name": "aebf3455-59b7-4071-a7d2-18d053c38f8f",
        "Start Frame": 3720,
        "End Frame": 3840,
        "Caption": "#C C removes a nail with the crow bar; #C C removes another nail with the crow bar; #C C removes the wood with the crow bar; #c c hits the wood with the crow bar; #c c uses a skiving knife to pull"
    },
    {
        "Video Name": "aebf3455-59b7-4071-a7d2-18d053c38f8f",
        "Start Frame": 3840,
        "End Frame": 3960,
        "Caption": "#C C removes a nail from the wooden structure with the crow bar; #C C removes a nail with the crow bar ; #O Carpenter X holds the crow bar with his left hand.; #C C removes the wood using the crow bar; #C C removes the wood with a crow bar "
    },
    {
        "Video Name": "aebf3455-59b7-4071-a7d2-18d053c38f8f",
        "Start Frame": 3960,
        "End Frame": 4080,
        "Caption": "#O Carpenter X hits the wall with a crowbar ; #O Carpenter X removes a nail from the wooden structure with the crow bar; #O a man X removes a nail from the wood; #O co-worker X drops the hammer on the ground. ; #O a man Y hits the wall with the crowbar"
    },
    {
        "Video Name": "aebf3455-59b7-4071-a7d2-18d053c38f8f",
        "Start Frame": 4080,
        "End Frame": 4200,
        "Caption": "#C C removes the wood with the crowbar; #O man X hits the wooden structure with the crow; #O Carpenter X hits the wall with the crowbar; #O person Y removes the wooden frame with the crow; #O man X pulls wood with the crowbar."
    },
    {
        "Video Name": "aebf3455-59b7-4071-a7d2-18d053c38f8f",
        "Start Frame": 4200,
        "End Frame": 4320,
        "Caption": "#C C removes the wood with the crow bar; #C C knocks the wooden structure; #C C drops the hammer ; #O man X picks the hammer; #C C turns around the room "
    },
    {
        "Video Name": "aebf3455-59b7-4071-a7d2-18d053c38f8f",
        "Start Frame": 4320,
        "End Frame": 4440,
        "Caption": "#C C puts the wood down; #C C removes pieces of wood from the wood frame; #C C removes the wood with his hand; #O a man X removes a wood from the wall with a crow; #C C removes the wood with his hand"
    },
    {
        "Video Name": "aebf3455-59b7-4071-a7d2-18d053c38f8f",
        "Start Frame": 4440,
        "End Frame": 4560,
        "Caption": "#C C removes the wood from the wall; #C C removes the wood with his hands; #C C removes the piece of wood from the wall with his left hand; #C C removes a nail from the wood with his left hand; #C C removes the piece of wood"
    },
    {
        "Video Name": "aebf3455-59b7-4071-a7d2-18d053c38f8f",
        "Start Frame": 4560,
        "End Frame": 4680,
        "Caption": "#O man X removes a nail from the wall with a crowbar; #O man X  holds a piece of wood ; #C C turns around the room ; #O The man X touches the wooden foundation with his right hand.; #C C looks at man X "
    },
    {
        "Video Name": "aebf3455-59b7-4071-a7d2-18d053c38f8f",
        "Start Frame": 4680,
        "End Frame": 4800,
        "Caption": "#C C holds a crow bar ; #O a man X holds a crowbar ; #O a man X puts the hammer on the ground; #O man X pushes the wood with his leg; #O man X places the hammer against the wall"
    },
    {
        "Video Name": "aebf3455-59b7-4071-a7d2-18d053c38f8f",
        "Start Frame": 4800,
        "End Frame": 4920,
        "Caption": "#C C removes the wood debris with his right hand; #C C removes the wood using the crowbar; #C C looks at the wall; #C C removes the wood from the wall with his; #C C removes a wood plank with his hands"
    },
    {
        "Video Name": "aebf3455-59b7-4071-a7d2-18d053c38f8f",
        "Start Frame": 4920,
        "End Frame": 5040,
        "Caption": "#O carpenter X pulls the wood with his hands.; #O The man X holds a wood with his right hand; #C C removes a nail with the crow bar ; #C C removes the nails; #C C holds the wall with his left hand"
    },
    {
        "Video Name": "aebf3455-59b7-4071-a7d2-18d053c38f8f",
        "Start Frame": 5040,
        "End Frame": 5160,
        "Caption": "#O person Y collects the wall.; #C C removes a nail with the crow bar ; #O man Y holds the crowbar with the other; #C C removes a nail with the crow bar ; #O a man X holds the metal"
    },
    {
        "Video Name": "aebf3455-59b7-4071-a7d2-18d053c38f8f",
        "Start Frame": 5160,
        "End Frame": 5280,
        "Caption": "#C C removes the pieces of wood; #C C removes the pieces of wood; #C C removes a nail with a crow bar; #C C removes a nail with the crow bar; #C C removes the wood with his hands"
    },
    {
        "Video Name": "aebf3455-59b7-4071-a7d2-18d053c38f8f",
        "Start Frame": 5280,
        "End Frame": 5400,
        "Caption": "#O person X throws a piece of wood on the floor ; #O a man X removes a nail with a crowbar ; #C C removes the wood from the wall; #O O removes wood with a crow bar; #O carpenter X removes a wood from the wall with his left hand"
    }
]