[
    {
        "Video Name": "afbc1ef9-bc2b-49f9-9009-3d7486563764",
        "Start Frame": 0,
        "End Frame": 120,
        "Caption": "#C C carves wood with a knife; #C C carves wood with a knife; #C C carves wood with a knife; #C C carves wood with a knife; #C C carves wood with a knife"
    },
    {
        "Video Name": "afbc1ef9-bc2b-49f9-9009-3d7486563764",
        "Start Frame": 120,
        "End Frame": 240,
        "Caption": "#C C carves wood with a knife; #C C carves wood with a knife; #C C carves wood with a knife; #C C carves wood with a knife; #C C carves wood with a knife"
    },
    {
        "Video Name": "afbc1ef9-bc2b-49f9-9009-3d7486563764",
        "Start Frame": 240,
        "End Frame": 360,
        "Caption": "#C C carves wood with a knife; #C C carves wood with a knife; #C C carves wood with a knife; #C C carves wood with a knife; #C C carves wood with a knife"
    },
    {
        "Video Name": "afbc1ef9-bc2b-49f9-9009-3d7486563764",
        "Start Frame": 360,
        "End Frame": 480,
        "Caption": "#C C carves wood with a knife; #C C carves wood with a knife; #C C carves wood with a knife; #C C carves wood with a knife; #C C carves wood with a knife"
    },
    {
        "Video Name": "afbc1ef9-bc2b-49f9-9009-3d7486563764",
        "Start Frame": 480,
        "End Frame": 600,
        "Caption": "#C C carves wood with a knife; #C C carves wood with a knife; #C C carves wood with a knife; #C C carves wood with a knife; #C C carves wood with a knife"
    },
    {
        "Video Name": "afbc1ef9-bc2b-49f9-9009-3d7486563764",
        "Start Frame": 600,
        "End Frame": 720,
        "Caption": "#C C carves wood with a knife; #C C carves wood with a knife; #C C carves wood with a knife; #C C carves wood with a knife; #C C carves wood with a knife"
    },
    {
        "Video Name": "afbc1ef9-bc2b-49f9-9009-3d7486563764",
        "Start Frame": 720,
        "End Frame": 840,
        "Caption": "#C C carves wood with a knife; #C C carves wood with a knife; #C C carves wood with a knife; #C C carves wood with a knife; #C C carves wood with a knife"
    },
    {
        "Video Name": "afbc1ef9-bc2b-49f9-9009-3d7486563764",
        "Start Frame": 840,
        "End Frame": 960,
        "Caption": "#C C touches the face; #C C looks at the knife; #C C touches face; #C C wipes face; #C C holds wood"
    },
    {
        "Video Name": "afbc1ef9-bc2b-49f9-9009-3d7486563764",
        "Start Frame": 960,
        "End Frame": 1080,
        "Caption": "#C C carves wood with a knife; #C C carves wood with a knife; #C C carves wood with a knife; #C C carves wood with a knife; #C C carves wood with a knife"
    },
    {
        "Video Name": "afbc1ef9-bc2b-49f9-9009-3d7486563764",
        "Start Frame": 1080,
        "End Frame": 1200,
        "Caption": "#C C carves wood with a knife; #C C touches wood; #C C touches the wood; #C C turns wood ; #C C turns wood "
    },
    {
        "Video Name": "afbc1ef9-bc2b-49f9-9009-3d7486563764",
        "Start Frame": 1200,
        "End Frame": 1320,
        "Caption": "#C C carves wood with a knife; #C C carves wood with a knife; #C C carves wood with a knife; #C C carves wood with a knife; #C C carves wood with a knife"
    },
    {
        "Video Name": "afbc1ef9-bc2b-49f9-9009-3d7486563764",
        "Start Frame": 1320,
        "End Frame": 1440,
        "Caption": "#C C carves wood with a knife; #C C carves wood with a knife; #C C carves wood with a knife; #C C carves wood with a knife; #C C carves wood with a knife"
    },
    {
        "Video Name": "afbc1ef9-bc2b-49f9-9009-3d7486563764",
        "Start Frame": 1440,
        "End Frame": 1560,
        "Caption": "#C C carves wood with a knife; #C C carves wood with a knife; #C C carves wood with a knife; #C C carves wood with a knife; #C C carves wood with a knife"
    },
    {
        "Video Name": "afbc1ef9-bc2b-49f9-9009-3d7486563764",
        "Start Frame": 1560,
        "End Frame": 1680,
        "Caption": "#C C carves wood with a knife; #C C carves wood with a knife; #C C carves wood with a knife; #C C carves wood with a knife; #C C carves wood with a knife"
    },
    {
        "Video Name": "afbc1ef9-bc2b-49f9-9009-3d7486563764",
        "Start Frame": 1680,
        "End Frame": 1800,
        "Caption": "#C C carves wood with a knife; #C C carves wood with a knife; #C C carves wood with a knife; #C C carves wood with a knife; #C C carves wood with a knife"
    },
    {
        "Video Name": "afbc1ef9-bc2b-49f9-9009-3d7486563764",
        "Start Frame": 1800,
        "End Frame": 1920,
        "Caption": "#C C carves wood with a knife; #C C carves wood with a knife; #C C carves wood with a knife; #C C carves wood with a knife; #C C carves wood with a knife"
    },
    {
        "Video Name": "afbc1ef9-bc2b-49f9-9009-3d7486563764",
        "Start Frame": 1920,
        "End Frame": 2040,
        "Caption": "#C C carves wood with a knife; #C C carves wood with a knife; #C C carves wood with a knife; #C C carves wood with a knife; #C C carves wood with a knife"
    },
    {
        "Video Name": "afbc1ef9-bc2b-49f9-9009-3d7486563764",
        "Start Frame": 2040,
        "End Frame": 2160,
        "Caption": "#C C carves wood with a knife; #C C carves wood with a knife; #C C carves wood with a knife; #C C carves wood with a knife; #C C carves wood with a knife"
    },
    {
        "Video Name": "afbc1ef9-bc2b-49f9-9009-3d7486563764",
        "Start Frame": 2160,
        "End Frame": 2280,
        "Caption": "#C C carves wood with a knife; #C C carves wood with a knife; #C C carves wood with a knife; #C C carves wood with a knife; #C C carves wood with a knife"
    },
    {
        "Video Name": "afbc1ef9-bc2b-49f9-9009-3d7486563764",
        "Start Frame": 2280,
        "End Frame": 2400,
        "Caption": "#C C carves wood with a knife; #C C carves wood with a knife; #C C carves wood with a knife; #C C carves wood with a knife; #C C carves wood with a knife"
    },
    {
        "Video Name": "afbc1ef9-bc2b-49f9-9009-3d7486563764",
        "Start Frame": 2400,
        "End Frame": 2520,
        "Caption": "#C C carves wood with a knife; #C C carves wood with a knife; #C C carves wood with a knife; #C C carves wood with a knife; #C C carves wood with a knife"
    },
    {
        "Video Name": "afbc1ef9-bc2b-49f9-9009-3d7486563764",
        "Start Frame": 2520,
        "End Frame": 2640,
        "Caption": "#C C shapes wood with knife ; #C C carves wood with a knife; #C C carves wood with a knife; #C C carves wood with a knife; #C C carves wood with a knife"
    },
    {
        "Video Name": "afbc1ef9-bc2b-49f9-9009-3d7486563764",
        "Start Frame": 2640,
        "End Frame": 2760,
        "Caption": "#C C carves wood with a knife; #C C carves wood with a knife; #C C carves wood with a knife; #C C carves wood with a knife; #C C carves wood with a knife"
    },
    {
        "Video Name": "afbc1ef9-bc2b-49f9-9009-3d7486563764",
        "Start Frame": 2760,
        "End Frame": 2880,
        "Caption": "#C C carves wood with a knife; #C C carves wood with a knife; #C C carves wood with a knife; #C C carves wood with a knife; #C C carves wood with a knife"
    },
    {
        "Video Name": "afbc1ef9-bc2b-49f9-9009-3d7486563764",
        "Start Frame": 2880,
        "End Frame": 3000,
        "Caption": "#C C carves wood with a knife; #C C carves wood with a knife; #C C carves wood with a knife; #C C carves wood with a knife; #C C carves wood with a knife"
    },
    {
        "Video Name": "afbc1ef9-bc2b-49f9-9009-3d7486563764",
        "Start Frame": 3000,
        "End Frame": 3120,
        "Caption": "#C C carves wood with a knife; #C C carves wood with a knife; #C C carves wood with a knife; #C C carves wood with a knife; #C C carves wood with a knife"
    },
    {
        "Video Name": "afbc1ef9-bc2b-49f9-9009-3d7486563764",
        "Start Frame": 3120,
        "End Frame": 3240,
        "Caption": "#C C carves wood with a knife; #C C carves wood with a knife; #C C carves wood with a knife; #C C carves wood with a knife; #C C carves wood with a knife"
    },
    {
        "Video Name": "afbc1ef9-bc2b-49f9-9009-3d7486563764",
        "Start Frame": 3240,
        "End Frame": 3360,
        "Caption": "#C C operates phone; #C C takes phone ; #C C picks the phone; #C C picks the phone; #C C looks at the"
    },
    {
        "Video Name": "afbc1ef9-bc2b-49f9-9009-3d7486563764",
        "Start Frame": 3360,
        "End Frame": 3480,
        "Caption": "#C C carves wood with a knife; #C C carves wood with a knife; #C C carves wood with a knife; #C C carves wood with a knife; #C C carves wood with a knife"
    },
    {
        "Video Name": "afbc1ef9-bc2b-49f9-9009-3d7486563764",
        "Start Frame": 3480,
        "End Frame": 3600,
        "Caption": "#C C shapes wood with knife ; #C C carves wood with a knife; #C C carves wood with a knife; #C C carves wood with a knife; #C C carves wood with a knife"
    },
    {
        "Video Name": "afbc1ef9-bc2b-49f9-9009-3d7486563764",
        "Start Frame": 3600,
        "End Frame": 3720,
        "Caption": "#C C carves wood with a knife; #C C carves wood with a knife; #C C carves wood with a knife; #C C carves wood with a knife; #C C carves wood with a knife"
    },
    {
        "Video Name": "afbc1ef9-bc2b-49f9-9009-3d7486563764",
        "Start Frame": 3720,
        "End Frame": 3840,
        "Caption": "#C C carves wood with a knife; #C C carves wood with a knife; #C C carves wood with a knife; #C C carves wood with a knife; #C C carves wood with a knife"
    },
    {
        "Video Name": "afbc1ef9-bc2b-49f9-9009-3d7486563764",
        "Start Frame": 3840,
        "End Frame": 3960,
        "Caption": "#C C carves wood with a knife; #C C carves wood with a knife; #C C carves wood with a knife; #C C carves wood with a knife; #C C carves wood with a knife"
    },
    {
        "Video Name": "afbc1ef9-bc2b-49f9-9009-3d7486563764",
        "Start Frame": 3960,
        "End Frame": 4080,
        "Caption": "#C C shapes wood with knife ; #C C carves wood with a knife; #C C carves wood with a knife; #C C carves wood with a knife; #C C carves wood with a knife"
    },
    {
        "Video Name": "afbc1ef9-bc2b-49f9-9009-3d7486563764",
        "Start Frame": 4080,
        "End Frame": 4200,
        "Caption": "#C C carves wood with a knife; #C C carves wood with a knife; #C C carves wood with a knife; #C C carves wood with a knife; #C C carves wood with a knife"
    },
    {
        "Video Name": "afbc1ef9-bc2b-49f9-9009-3d7486563764",
        "Start Frame": 4200,
        "End Frame": 4320,
        "Caption": "#C C carves wood with a knife; #C C carves wood with a knife; #C C carves wood with a knife; #C C carves wood with a knife; #C C carves wood with a knife"
    },
    {
        "Video Name": "afbc1ef9-bc2b-49f9-9009-3d7486563764",
        "Start Frame": 4320,
        "End Frame": 4440,
        "Caption": "#C C carves wood with a knife; #C C carves wood with a knife; #C C carves wood with a knife; #C C carves wood with a knife; #C C shapes wood with knife "
    },
    {
        "Video Name": "afbc1ef9-bc2b-49f9-9009-3d7486563764",
        "Start Frame": 4440,
        "End Frame": 4560,
        "Caption": "#C C carves wood with a knife; #C C carves wood with a knife; #C C carves wood with a knife; #C C carves wood with a knife; #C C carves wood with a knife"
    },
    {
        "Video Name": "afbc1ef9-bc2b-49f9-9009-3d7486563764",
        "Start Frame": 4560,
        "End Frame": 4680,
        "Caption": "#C C carves wood with a knife; #C C carves wood with a knife; #C C carves wood with a knife; #C C carves wood with a knife; #C C carves wood with a knife"
    },
    {
        "Video Name": "afbc1ef9-bc2b-49f9-9009-3d7486563764",
        "Start Frame": 4680,
        "End Frame": 4800,
        "Caption": "#C C carves wood with a knife; #C C carves wood with a knife; #C C carves wood with a knife; #C C carves wood with a knife; #C C carves wood with a knife"
    },
    {
        "Video Name": "afbc1ef9-bc2b-49f9-9009-3d7486563764",
        "Start Frame": 4800,
        "End Frame": 4920,
        "Caption": "#C C carves wood with a knife; #C C carves wood with a knife; #C C carves wood with a knife; #C C carves wood with a knife; #C C carves wood with a knife"
    },
    {
        "Video Name": "afbc1ef9-bc2b-49f9-9009-3d7486563764",
        "Start Frame": 4920,
        "End Frame": 5040,
        "Caption": "#C C carves wood with a knife; #C C carves wood with a knife; #C C carves wood with a knife; #C C carves wood with a knife; #C C carves wood with a knife"
    },
    {
        "Video Name": "afbc1ef9-bc2b-49f9-9009-3d7486563764",
        "Start Frame": 5040,
        "End Frame": 5160,
        "Caption": "#C C carves wood with a knife; #C C carves wood with a knife; #C C carves wood with a knife; #C C carves wood with a knife; #C C carves wood with a knife"
    },
    {
        "Video Name": "afbc1ef9-bc2b-49f9-9009-3d7486563764",
        "Start Frame": 5160,
        "End Frame": 5280,
        "Caption": "#C C carves wood with a knife; #C C carves wood with a knife; #C C carves wood with a knife; #C C carves wood with a knife; #C C carves wood with a knife"
    },
    {
        "Video Name": "afbc1ef9-bc2b-49f9-9009-3d7486563764",
        "Start Frame": 5280,
        "End Frame": 5400,
        "Caption": "#C C carves wood with a knife; #C C carves wood with a knife; #C C carves wood with a knife; #C C carves wood with a knife; #C C carves wood with a knife"
    }
]