[
    {
        "Video Name": "b3aaaea6-e6f6-499f-8b03-ddf85b3f62c4",
        "Start Frame": 0,
        "End Frame": 120,
        "Caption": "#C C tightens the bolt with the span; #O Person A holds the cable; #C C holds a cable; #O man A holds cable; #C C holds a cable"
    },
    {
        "Video Name": "b3aaaea6-e6f6-499f-8b03-ddf85b3f62c4",
        "Start Frame": 120,
        "End Frame": 240,
        "Caption": "#C C holds cable; #O person X picks a pl; #O A man Y holds the; #O person X picks a cable; #O man A holds cable"
    },
    {
        "Video Name": "b3aaaea6-e6f6-499f-8b03-ddf85b3f62c4",
        "Start Frame": 240,
        "End Frame": 360,
        "Caption": "#C C holds pliers; #O man X pulls cable; #O Man X cuts the wire; #O person X  cuts the wire; #O A person B  fixes a cable with his"
    },
    {
        "Video Name": "b3aaaea6-e6f6-499f-8b03-ddf85b3f62c4",
        "Start Frame": 360,
        "End Frame": 480,
        "Caption": "#C C holds a wire; #O person X holds the wire; #O A person B  holds a pliers with his right; #C C holds the cable; #C C holds pliers"
    },
    {
        "Video Name": "b3aaaea6-e6f6-499f-8b03-ddf85b3f62c4",
        "Start Frame": 480,
        "End Frame": 600,
        "Caption": "#O man A takes pliers from C; #O A man K cuts the wire cable; #C C takes a pliers from person; #C C puts the pliers down; #O person X picks a pliers "
    },
    {
        "Video Name": "b3aaaea6-e6f6-499f-8b03-ddf85b3f62c4",
        "Start Frame": 600,
        "End Frame": 720,
        "Caption": "#C C looks around; #C C looks around; #O man A walks; #O A man Y holds the; #O a man Z holds a"
    },
    {
        "Video Name": "b3aaaea6-e6f6-499f-8b03-ddf85b3f62c4",
        "Start Frame": 720,
        "End Frame": 840,
        "Caption": "#O A person B  adjusts a nut with a span; #O A person B   touches a tool; #C C points at the electrical equipment; #O a man a drops down the spanner; #O person X touches a screw driver"
    },
    {
        "Video Name": "b3aaaea6-e6f6-499f-8b03-ddf85b3f62c4",
        "Start Frame": 840,
        "End Frame": 960,
        "Caption": "#O Man X holds the cable; #O man G picks a screw driver ; #O A Man H touches the cable with the left hand; #O a man a touches the cable; #O Man X moves a hand"
    },
    {
        "Video Name": "b3aaaea6-e6f6-499f-8b03-ddf85b3f62c4",
        "Start Frame": 960,
        "End Frame": 1080,
        "Caption": "#C C   holds a bolt; #C C looks around; #C C converses with Person A; #C C looks around; #C C looks around"
    },
    {
        "Video Name": "b3aaaea6-e6f6-499f-8b03-ddf85b3f62c4",
        "Start Frame": 1080,
        "End Frame": 1200,
        "Caption": "#O a man A holds a pliers; #C C holds a pliers ; #O A person B  picks up a screwdriver; #C C touches the cable; #C C holds a pliers"
    },
    {
        "Video Name": "b3aaaea6-e6f6-499f-8b03-ddf85b3f62c4",
        "Start Frame": 1200,
        "End Frame": 1320,
        "Caption": "#O man Y touches a meter; #C C touches wires ; #C C looks at the wires; #C C interacts with man Y; #C C holds the cable "
    },
    {
        "Video Name": "b3aaaea6-e6f6-499f-8b03-ddf85b3f62c4",
        "Start Frame": 1320,
        "End Frame": 1440,
        "Caption": "#C C cuts the cable; #C C holds a cable ; #C C holds the cable; #C C loosens the cable; #O A person B  fixes a cable with a pl"
    },
    {
        "Video Name": "b3aaaea6-e6f6-499f-8b03-ddf85b3f62c4",
        "Start Frame": 1440,
        "End Frame": 1560,
        "Caption": "#C C  cuts the cable; #C C holds a cable; #O A person B  cuts a wire with a pl; #O person X gives C a clip; #O person X connects a wire to the meter box"
    },
    {
        "Video Name": "b3aaaea6-e6f6-499f-8b03-ddf85b3f62c4",
        "Start Frame": 1560,
        "End Frame": 1680,
        "Caption": "#C C holds a cable; #O A man X holds the wire; #C C places pliers on the; #C C turns a cable ; #C C holds the cable"
    },
    {
        "Video Name": "b3aaaea6-e6f6-499f-8b03-ddf85b3f62c4",
        "Start Frame": 1680,
        "End Frame": 1800,
        "Caption": "#O Man X holds cable; #O person X  gives the pliers to; #O A person B  picks up a cable; #C C holds cable with both hands; #C C adjusts the cable"
    },
    {
        "Video Name": "b3aaaea6-e6f6-499f-8b03-ddf85b3f62c4",
        "Start Frame": 1800,
        "End Frame": 1920,
        "Caption": "#C C holds a cable; #O a man A picks a pliers; #O A person B  picks up a pl; #O a person P holds cable; #C C holds cable"
    },
    {
        "Video Name": "b3aaaea6-e6f6-499f-8b03-ddf85b3f62c4",
        "Start Frame": 1920,
        "End Frame": 2040,
        "Caption": "#O person X picks up the cable; #C C holds a cable; #O a person P  holds a cable; #C C gives person X the pliers; #C C passes the wire to Person A"
    },
    {
        "Video Name": "b3aaaea6-e6f6-499f-8b03-ddf85b3f62c4",
        "Start Frame": 2040,
        "End Frame": 2160,
        "Caption": "#O A man X gives cable to; #O person X holds a wire ; #C C holds a cable; #O person X picks pliers; #O person X holds pliers"
    },
    {
        "Video Name": "b3aaaea6-e6f6-499f-8b03-ddf85b3f62c4",
        "Start Frame": 2160,
        "End Frame": 2280,
        "Caption": "#O person X picks a pliers; #O man X holds pliers; #O person X holds pliers with both hands; #O man X holds pliers; #O A person B  puts down a screw"
    },
    {
        "Video Name": "b3aaaea6-e6f6-499f-8b03-ddf85b3f62c4",
        "Start Frame": 2280,
        "End Frame": 2400,
        "Caption": "#O a person P puts pliers on the tool box; #O A person B  fixes a metal with a pl; #O Person A holds the cable; #O A person B  puts down a spanner; #O person X picks a pliers"
    },
    {
        "Video Name": "b3aaaea6-e6f6-499f-8b03-ddf85b3f62c4",
        "Start Frame": 2400,
        "End Frame": 2520,
        "Caption": "#O person X tightens screw with a screw driver; #C C  interacts with man X; #O person X cuts a wire; #O A person B  holds a cable with both; #O Person A holds the cable"
    },
    {
        "Video Name": "b3aaaea6-e6f6-499f-8b03-ddf85b3f62c4",
        "Start Frame": 2520,
        "End Frame": 2640,
        "Caption": "#O person X adjusts a screw driver; #C C holds the screw driver with both; #O A person B holds a pliers; #O person X cuts a wire; #C C cuts cable with a saw"
    },
    {
        "Video Name": "b3aaaea6-e6f6-499f-8b03-ddf85b3f62c4",
        "Start Frame": 2640,
        "End Frame": 2760,
        "Caption": "#O person X picks a pliers; #O A person B   puts a spanner; #O A person B  places down a screw driver; #O a man a picks a pliers; #O man X picks pliers"
    },
    {
        "Video Name": "b3aaaea6-e6f6-499f-8b03-ddf85b3f62c4",
        "Start Frame": 2760,
        "End Frame": 2880,
        "Caption": "#C C holds the cable; #C C holds cable; #O a person P inserts a; #O person X fixes a cable; #O person X picks a wire"
    },
    {
        "Video Name": "b3aaaea6-e6f6-499f-8b03-ddf85b3f62c4",
        "Start Frame": 2880,
        "End Frame": 3000,
        "Caption": "#C C holds a cable; #C C holds cable; #C C puts the hand on the; #C C pulls a cable; #O person X holds a cable"
    },
    {
        "Video Name": "b3aaaea6-e6f6-499f-8b03-ddf85b3f62c4",
        "Start Frame": 3000,
        "End Frame": 3120,
        "Caption": "#C C holds a cable; #O a person P puts a pliers on the; #O A person B  places down a cable; #C C holds cable; #O a man B holds the cables"
    },
    {
        "Video Name": "b3aaaea6-e6f6-499f-8b03-ddf85b3f62c4",
        "Start Frame": 3120,
        "End Frame": 3240,
        "Caption": "#C C gives person X a pliers; #O man X holds cable; #C C holds pliers; #O man X holds pliers; #O man X puts pliers on the"
    },
    {
        "Video Name": "b3aaaea6-e6f6-499f-8b03-ddf85b3f62c4",
        "Start Frame": 3240,
        "End Frame": 3360,
        "Caption": "#O person X gives C the pliers; #C C gives the pliers to person X; #O A person B  picks up a pl; #C C puts pliers on the tool holder; #C C talks to man X "
    },
    {
        "Video Name": "b3aaaea6-e6f6-499f-8b03-ddf85b3f62c4",
        "Start Frame": 3360,
        "End Frame": 3480,
        "Caption": "#O person X cuts the cable; #C C interacts with person X; #O man X tightens the bolt; #C C passes the pliers to person; #C C holds pliers"
    },
    {
        "Video Name": "b3aaaea6-e6f6-499f-8b03-ddf85b3f62c4",
        "Start Frame": 3480,
        "End Frame": 3600,
        "Caption": "#O person X adjusts the cable on the cable holder; #O person X  picks a pliers; #O A person B  adjusts a screwdriver on the; #O A person B holds a screwdriver; #O A person B  puts a screw driver on a"
    },
    {
        "Video Name": "b3aaaea6-e6f6-499f-8b03-ddf85b3f62c4",
        "Start Frame": 3600,
        "End Frame": 3720,
        "Caption": "#O A man C holds pliers; #C C gives man X a span; #C C takes pliers from man; #C C takes pliers; #O Person A picks pliers "
    },
    {
        "Video Name": "b3aaaea6-e6f6-499f-8b03-ddf85b3f62c4",
        "Start Frame": 3720,
        "End Frame": 3840,
        "Caption": "#C C stares at the wires; #C C picks a wire ; #C C gives man X a pl; #C C holds the wire; #O person X gives C the pl"
    },
    {
        "Video Name": "b3aaaea6-e6f6-499f-8b03-ddf85b3f62c4",
        "Start Frame": 3840,
        "End Frame": 3960,
        "Caption": "#O a person B picks a pliers; #C C points on the ground with a left hand; #O person X fixes the wire; #C C points at the wire; #C C points the cable"
    },
    {
        "Video Name": "b3aaaea6-e6f6-499f-8b03-ddf85b3f62c4",
        "Start Frame": 3960,
        "End Frame": 4080,
        "Caption": "#C C holds the cable; #O person X gives C the pliers; #C C hands the cable to the man; #O A person B holds a cable; #C C picks cable from person X"
    },
    {
        "Video Name": "b3aaaea6-e6f6-499f-8b03-ddf85b3f62c4",
        "Start Frame": 4080,
        "End Frame": 4200,
        "Caption": "#C C picks a pliers; #C C holds cable; #C C holds wire ; #C C holds the wire cable with left; #C C holds a cable"
    },
    {
        "Video Name": "b3aaaea6-e6f6-499f-8b03-ddf85b3f62c4",
        "Start Frame": 4200,
        "End Frame": 4320,
        "Caption": "#O A person B  picks up a pl; #C C holds a pliers; #C C holds pliers; #C C holds the pliers with the right; #O person X holds pliers"
    },
    {
        "Video Name": "b3aaaea6-e6f6-499f-8b03-ddf85b3f62c4",
        "Start Frame": 4320,
        "End Frame": 4440,
        "Caption": "#C C gives the pliers to Person; #O person X holds the spanner; #O person X takes a pliers ; #O A person B holds pliers; #O man X picks a pliers"
    },
    {
        "Video Name": "b3aaaea6-e6f6-499f-8b03-ddf85b3f62c4",
        "Start Frame": 4440,
        "End Frame": 4560,
        "Caption": "#O person X  picks pliers; #O man X gives C a pliers; #C C takes pliers from man X; #C C puts pliers on the floor; #O A person B gives C a pl"
    },
    {
        "Video Name": "b3aaaea6-e6f6-499f-8b03-ddf85b3f62c4",
        "Start Frame": 4560,
        "End Frame": 4680,
        "Caption": "#C C inserts bolt; #C C fixes bolt with right hand; #C C fixes the bolt on the; #C C fixes bolt; #C C fixes a nut on the"
    },
    {
        "Video Name": "b3aaaea6-e6f6-499f-8b03-ddf85b3f62c4",
        "Start Frame": 4680,
        "End Frame": 4800,
        "Caption": "#C C fixes bolt on a machine; #C C fixes the bolt; #C C Fixes a nut on a; #C C tightens bolts on a; #C C tightens bolt"
    },
    {
        "Video Name": "b3aaaea6-e6f6-499f-8b03-ddf85b3f62c4",
        "Start Frame": 4800,
        "End Frame": 4920,
        "Caption": "#C C  pulls a cable with both; #C C holds a cable; #C C holds wire with both hands ; #C C holds cable with both hands; #C C holds a cable"
    },
    {
        "Video Name": "b3aaaea6-e6f6-499f-8b03-ddf85b3f62c4",
        "Start Frame": 4920,
        "End Frame": 5040,
        "Caption": "#C C adjusts bolts on bolts ; #C C touches the bolt; #C C  moves hand on bolt; #C C loosens bolt with the right hand; #C C tightens bolt"
    },
    {
        "Video Name": "b3aaaea6-e6f6-499f-8b03-ddf85b3f62c4",
        "Start Frame": 5040,
        "End Frame": 5160,
        "Caption": "#C C puts bolts on the screw; #C C tightens bolt; #C C fixes bolt; #C C  fixes a nut on a bolt; #C C  fixes a nut on the bolt"
    },
    {
        "Video Name": "b3aaaea6-e6f6-499f-8b03-ddf85b3f62c4",
        "Start Frame": 5160,
        "End Frame": 5280,
        "Caption": "#C C fixes bolt; #C C fixes bolt in the machine; #C C  fixes bolt on the; #C C fixes bolt; #C C tightens bolt"
    },
    {
        "Video Name": "b3aaaea6-e6f6-499f-8b03-ddf85b3f62c4",
        "Start Frame": 5280,
        "End Frame": 5400,
        "Caption": "#C C tightens bolt; #C C fixes the bolt; #C C  fixes a nut with a spanner; #C C fixes bolt on the bolt nut; #C C tightens bolt"
    }
]