[
    {
        "Video Name": "b53d2693-bbaa-4e50-b703-e7d70ecf827f",
        "Start Frame": 0,
        "End Frame": 120,
        "Caption": "#C C crochets with her left hand and the crochet needle in her right; #C C crochets with the yarn; #C C crochets the fabric; #C C crochets the fabric with the yarn and the crochet hook; #C C crochets the fabric with the yarn and the crochet hook"
    },
    {
        "Video Name": "b53d2693-bbaa-4e50-b703-e7d70ecf827f",
        "Start Frame": 120,
        "End Frame": 240,
        "Caption": "#C C adjusts the crochet in her hands; #C C continues crocheting with the; #C C turns the fabric; #C C crochets with the yarn; #C C straightens the fabric "
    },
    {
        "Video Name": "b53d2693-bbaa-4e50-b703-e7d70ecf827f",
        "Start Frame": 240,
        "End Frame": 360,
        "Caption": "#C C crochets the fabric; #C C crochets with the yarn; #C C continues crocheting with the yarn; #C C crochets the fabric with yarn using the crochet; #C C crochets the fabric with the yarn."
    },
    {
        "Video Name": "b53d2693-bbaa-4e50-b703-e7d70ecf827f",
        "Start Frame": 360,
        "End Frame": 480,
        "Caption": "#C C weaves a fabric; #C C weaves a fabric; #C C crochets with the yarn; #C C sews clothe using crochet; #C C knits fabric with hooked needle"
    },
    {
        "Video Name": "b53d2693-bbaa-4e50-b703-e7d70ecf827f",
        "Start Frame": 480,
        "End Frame": 600,
        "Caption": "#C C continues crocheting with the; #C C crochets with the yarn; #C C continues crocheting with the; #C C crochets with the yarn; #C C crochets with the yarn"
    },
    {
        "Video Name": "b53d2693-bbaa-4e50-b703-e7d70ecf827f",
        "Start Frame": 600,
        "End Frame": 720,
        "Caption": "#C C knits a fabric; #C C crochets with the; #C C crochets with the; #C C crochets with the; #C C crochets with the"
    },
    {
        "Video Name": "b53d2693-bbaa-4e50-b703-e7d70ecf827f",
        "Start Frame": 720,
        "End Frame": 840,
        "Caption": "#C C weaves a fabric; #C C crochets with the yarn; #C C crochets with the yarn; #C C knits a fabric using a crotchet; #C C crochets with the yarn"
    },
    {
        "Video Name": "b53d2693-bbaa-4e50-b703-e7d70ecf827f",
        "Start Frame": 840,
        "End Frame": 960,
        "Caption": "#C C crochets with the; #C C crochets with the; #C C crochets with the; #C C straightens a fabric; #C C adjusts the crochet with her"
    },
    {
        "Video Name": "b53d2693-bbaa-4e50-b703-e7d70ecf827f",
        "Start Frame": 960,
        "End Frame": 1080,
        "Caption": "#C C examines the fabric; #C C counts the fabric stic; #C C straightens the fabric; #C C counts the fabric holes; #C C counts the fabric stitches"
    },
    {
        "Video Name": "b53d2693-bbaa-4e50-b703-e7d70ecf827f",
        "Start Frame": 1080,
        "End Frame": 1200,
        "Caption": "#C C knits the fabric; #C C crochets with the yarn; #C C crochets with the yarn; #C C knits the fabric with a yarn using a crotchet; #C C knits fabric with hooked needle"
    },
    {
        "Video Name": "b53d2693-bbaa-4e50-b703-e7d70ecf827f",
        "Start Frame": 1200,
        "End Frame": 1320,
        "Caption": "#C C knits a fabric using a crotchet hook; #C C weaves a fabric clothe; #C C crochets the fabric with the yarn and the crochet; #C C knits the fabric; #C C crochets the fabric"
    },
    {
        "Video Name": "b53d2693-bbaa-4e50-b703-e7d70ecf827f",
        "Start Frame": 1320,
        "End Frame": 1440,
        "Caption": "#C C crochets with the; #C C crochets with the; #C C crochets with the; #C C crochets with the; #C C crochets with the"
    },
    {
        "Video Name": "b53d2693-bbaa-4e50-b703-e7d70ecf827f",
        "Start Frame": 1440,
        "End Frame": 1560,
        "Caption": "#C C crochets the fabric with the yarn; #C C crochets the fabric; #C C continues crocheting with the yarn; #C C crochets with the yarn; #C C crochets the fabric with a yarn using a crotchet"
    },
    {
        "Video Name": "b53d2693-bbaa-4e50-b703-e7d70ecf827f",
        "Start Frame": 1560,
        "End Frame": 1680,
        "Caption": "#C C crochets yarn with the crochet; #C C crochets with the yarn; #C C crochets with the yarn; #C C crochets with the yarn; #C C crochets with the yarn"
    },
    {
        "Video Name": "b53d2693-bbaa-4e50-b703-e7d70ecf827f",
        "Start Frame": 1680,
        "End Frame": 1800,
        "Caption": "#C C adjusts the crocheted yarn with the crochet; #C C puts the crochet hook in the fabric; #C C touches the crocheted material with her left; #C C adjusts the crochet hook with her left hand; #C C aligns the fabric"
    },
    {
        "Video Name": "b53d2693-bbaa-4e50-b703-e7d70ecf827f",
        "Start Frame": 1800,
        "End Frame": 1920,
        "Caption": "#C C knits the fabric with a yarn using a crotchet; #C C crochets with the yarn; #C C weaves the fabric; #C C checks the fabric; #C C continues crocheting with the yarn"
    },
    {
        "Video Name": "b53d2693-bbaa-4e50-b703-e7d70ecf827f",
        "Start Frame": 1920,
        "End Frame": 2040,
        "Caption": "#C C removes the crochet hook from the; #C C places the crochet hook on her; #C C places the crochet hook on the; #C C examines the crochet material with her; #C C unhands the crocheted"
    },
    {
        "Video Name": "b53d2693-bbaa-4e50-b703-e7d70ecf827f",
        "Start Frame": 2040,
        "End Frame": 2160,
        "Caption": "#C C picks a needle; #C C picks up a scissors; #C C picks a scissors from a; #C C picks the thread; #C C picks a needle"
    },
    {
        "Video Name": "b53d2693-bbaa-4e50-b703-e7d70ecf827f",
        "Start Frame": 2160,
        "End Frame": 2280,
        "Caption": "#C C places the needle on the cloth; #C C cuts the yarn with the scissors; #C C continues crocheting the yarn with the crochet; #C C cuts the yarn with the scissors; #C C cuts the yarn"
    },
    {
        "Video Name": "b53d2693-bbaa-4e50-b703-e7d70ecf827f",
        "Start Frame": 2280,
        "End Frame": 2400,
        "Caption": "#C C cuts the yarn with the scissors; #C C cuts the yarn with the scissors; #C C cuts a yarn with a scissors; #C C cuts the yarn; #C C cuts the yarn cord"
    },
    {
        "Video Name": "b53d2693-bbaa-4e50-b703-e7d70ecf827f",
        "Start Frame": 2400,
        "End Frame": 2520,
        "Caption": "#C C cuts the yarn cord with the; #C C cuts a yarn with the scissors; #C C cuts the yarn with the scissors; #C C cuts the yarn cord; #C C cuts a yarn with the scissors"
    },
    {
        "Video Name": "b53d2693-bbaa-4e50-b703-e7d70ecf827f",
        "Start Frame": 2520,
        "End Frame": 2640,
        "Caption": "#C C drops the crochet hook on her lap; #C C drops the crochet hook in her left; #C C puts the yarn on her laps; #C C picks a needle; #C C picks the crochet hook from the couch"
    },
    {
        "Video Name": "b53d2693-bbaa-4e50-b703-e7d70ecf827f",
        "Start Frame": 2640,
        "End Frame": 2760,
        "Caption": "#C C aligns the fabric; #C C adjusts the crochet hook; #C C places the crochet hook on her left; #C C passes the crochet hook to her left; #C C passes the crochet hook to her left"
    },
    {
        "Video Name": "b53d2693-bbaa-4e50-b703-e7d70ecf827f",
        "Start Frame": 2760,
        "End Frame": 2880,
        "Caption": "#C C counts the spaces on the fabric; #C C removes the crochet hook from the; #C C straightens a fabric; #C C turns the fabric ; #C C aligns the fabric"
    },
    {
        "Video Name": "b53d2693-bbaa-4e50-b703-e7d70ecf827f",
        "Start Frame": 2880,
        "End Frame": 3000,
        "Caption": "#C C picks a crochet hook; #C C picks a knitting awl; #C C adjusts the yarn with her right; #C C crochets the fabric ; #C C removes the crochet hook from the"
    },
    {
        "Video Name": "b53d2693-bbaa-4e50-b703-e7d70ecf827f",
        "Start Frame": 3000,
        "End Frame": 3120,
        "Caption": "#C C adjusts the crochet on her; #C C adjusts the fabric; #C C straightens the fabric; #C C adjusts the crochet on her; #C C turns the fabric "
    },
    {
        "Video Name": "b53d2693-bbaa-4e50-b703-e7d70ecf827f",
        "Start Frame": 3120,
        "End Frame": 3240,
        "Caption": "#C C picks the crochet hook from her; #C C places the fabric on her laps; #C C drops the crochet hook on her; #C C places the fabric on her laps; #C C holds the fabric"
    },
    {
        "Video Name": "b53d2693-bbaa-4e50-b703-e7d70ecf827f",
        "Start Frame": 3240,
        "End Frame": 3360,
        "Caption": "#C C adjusts the crochet on her lap; #C C moves the crotchet hook to her right; #C C picks the fabric; #C C adjusts the fabric on her lap; #C C picks up the fabric"
    },
    {
        "Video Name": "b53d2693-bbaa-4e50-b703-e7d70ecf827f",
        "Start Frame": 3360,
        "End Frame": 3480,
        "Caption": "#C C turns the fabric; #C C lifts the fabric; #C C stretches the fabric; #C C adjusts the crocheted wool with her; #C C adjusts the fabric"
    },
    {
        "Video Name": "b53d2693-bbaa-4e50-b703-e7d70ecf827f",
        "Start Frame": 3480,
        "End Frame": 3600,
        "Caption": "#C C places the knitting needle on her lap; #C C picks the yarn; #C C picks up the cloth material; #C C drops the crochet hook on her lap with her right; #C C puts the cloth aside"
    },
    {
        "Video Name": "b53d2693-bbaa-4e50-b703-e7d70ecf827f",
        "Start Frame": 3600,
        "End Frame": 3720,
        "Caption": "#C C puts the fabric on the; #C C puts the fabric on the; #C C cuts the thread with a; #C C puts the fabric on the; #c c drops the scissors"
    },
    {
        "Video Name": "b53d2693-bbaa-4e50-b703-e7d70ecf827f",
        "Start Frame": 3720,
        "End Frame": 3840,
        "Caption": "#C C drops the scissors on the sofa; #C C puts the scissors on the chair; #C C picks up the scissors; #C C puts the scissors on the couch; #C C drops the scissors on the sofa"
    },
    {
        "Video Name": "b53d2693-bbaa-4e50-b703-e7d70ecf827f",
        "Start Frame": 3840,
        "End Frame": 3960,
        "Caption": "#C C cuts the thread; #C C cuts the string with the; #C C cuts the thread; #C C cuts a string from the; #C C cuts a thread with a"
    },
    {
        "Video Name": "b53d2693-bbaa-4e50-b703-e7d70ecf827f",
        "Start Frame": 3960,
        "End Frame": 4080,
        "Caption": "#C C puts the scissors on the; #C C takes the needle; #C C picks a crochet hook; #C C picks a yarn ; #c c picks up the double sided"
    },
    {
        "Video Name": "b53d2693-bbaa-4e50-b703-e7d70ecf827f",
        "Start Frame": 4080,
        "End Frame": 4200,
        "Caption": "#C C lifts the fabric; #C C places the fabric on her laps; #C C places the fabric on her lap; #C C turns the fabric.; #C C puts the fabric on her laps"
    },
    {
        "Video Name": "b53d2693-bbaa-4e50-b703-e7d70ecf827f",
        "Start Frame": 4200,
        "End Frame": 4320,
        "Caption": "#C C turns the fabric; #C C folds the fabric; #C C lifts up the; #C C adjusts the fabric; #C C straightens the"
    },
    {
        "Video Name": "b53d2693-bbaa-4e50-b703-e7d70ecf827f",
        "Start Frame": 4320,
        "End Frame": 4440,
        "Caption": "#C C turns the fabric.; #C C aligns fabric ; #C C stretches the cloth ; #C C lifts up the fabric; #C C stretches the cloth."
    },
    {
        "Video Name": "b53d2693-bbaa-4e50-b703-e7d70ecf827f",
        "Start Frame": 4440,
        "End Frame": 4560,
        "Caption": "#C C stretches the fabric ; #C C stares at the fabric; #C C places the cloth on her laps; #C C turns the fabric.; #C C looks at the cloth."
    },
    {
        "Video Name": "b53d2693-bbaa-4e50-b703-e7d70ecf827f",
        "Start Frame": 4560,
        "End Frame": 4680,
        "Caption": "#C C lifts the fabric ; #C C folds the fabric; #C C adjusts the fabric; #C C puts the fabric on the; #C C straightens the fabric"
    },
    {
        "Video Name": "b53d2693-bbaa-4e50-b703-e7d70ecf827f",
        "Start Frame": 4680,
        "End Frame": 4800,
        "Caption": "#C C straightens the; #C C lifts up the; #C C straightens the; #C C straightens the; #C C turns the fabric"
    },
    {
        "Video Name": "b53d2693-bbaa-4e50-b703-e7d70ecf827f",
        "Start Frame": 4800,
        "End Frame": 4920,
        "Caption": "#C C picks the knitting needle; #C C picks up the crochet hook; #C C picks the crochet hook; #C C picks a knitting needle; #C C picks up the crotchet"
    },
    {
        "Video Name": "b53d2693-bbaa-4e50-b703-e7d70ecf827f",
        "Start Frame": 4920,
        "End Frame": 5040,
        "Caption": "#C C inserts the yarn on the crochet; #C C inserts the knitting pin into the yarn; #C C cuts the yarn with the crochet hook; #C C pulls the yarn; #C C  puts the crochet hook on the"
    },
    {
        "Video Name": "b53d2693-bbaa-4e50-b703-e7d70ecf827f",
        "Start Frame": 5040,
        "End Frame": 5160,
        "Caption": "#C C puts the crochet hook on the; #C C ties the yarn on the hook; #C C fixes the yarn on the crochet; #C C puts the thread on the table; #C C places the thread on the table"
    },
    {
        "Video Name": "b53d2693-bbaa-4e50-b703-e7d70ecf827f",
        "Start Frame": 5160,
        "End Frame": 5280,
        "Caption": "#C C crochets with the yarn; #C C crochets the fabric with the yarn and the crocheting; #C C knits the fabric; #C C crochets the fabric with the smaller crochet hook and yarn; #C C picks up the crochet hook"
    },
    {
        "Video Name": "b53d2693-bbaa-4e50-b703-e7d70ecf827f",
        "Start Frame": 5280,
        "End Frame": 5400,
        "Caption": "#C C pulls the yarn; #C C removes the crochet hook from the fabric; #C C pulls out the crochet hook; #C C crochets the fabric with the yarn and the crochet; #C C picks the crochet hook"
    }
]