[
    {
        "Video Name": "b5867202-c87b-4ffa-8617-e8b2e9eba1a2",
        "Start Frame": 0,
        "End Frame": 120,
        "Caption": "#C C puts the buttons on the table; #C C picks a dice; #C C picks a button; #C C puts dices on the table; #C C picks a button"
    },
    {
        "Video Name": "b5867202-c87b-4ffa-8617-e8b2e9eba1a2",
        "Start Frame": 120,
        "End Frame": 240,
        "Caption": "#C C arranges cards; #C C arranges cards; #C C picks a card; #C C picks a card; #C C arranges cards"
    },
    {
        "Video Name": "b5867202-c87b-4ffa-8617-e8b2e9eba1a2",
        "Start Frame": 240,
        "End Frame": 360,
        "Caption": "#C C looks around; #C C looks at the cards; #C C looks at the table; #C C looks at the table; #C C looks at the table"
    },
    {
        "Video Name": "b5867202-c87b-4ffa-8617-e8b2e9eba1a2",
        "Start Frame": 360,
        "End Frame": 480,
        "Caption": "#C C looks at the cards; #O man X picks a card; #C C looks at the cards; #C C looks at the cards; #C C looks around "
    },
    {
        "Video Name": "b5867202-c87b-4ffa-8617-e8b2e9eba1a2",
        "Start Frame": 480,
        "End Frame": 600,
        "Caption": "#C C picks a card; #C C picks a card; #C C takes a card; #C C picks a card; #C C picks a card"
    },
    {
        "Video Name": "b5867202-c87b-4ffa-8617-e8b2e9eba1a2",
        "Start Frame": 600,
        "End Frame": 720,
        "Caption": "#C C picks card; #C C puts card on the table; #C C puts card on the table; #C C counts cards ; #C C picks a card"
    },
    {
        "Video Name": "b5867202-c87b-4ffa-8617-e8b2e9eba1a2",
        "Start Frame": 720,
        "End Frame": 840,
        "Caption": "#c c picks a card from the; #C C picks a card ; #C C puts the card on the; #c c picks a card on the; #c c picks a card on the"
    },
    {
        "Video Name": "b5867202-c87b-4ffa-8617-e8b2e9eba1a2",
        "Start Frame": 840,
        "End Frame": 960,
        "Caption": "#C C picks a card; #C C picks a card; #C C picks a card; #C C looks at the; #C C looks at the"
    },
    {
        "Video Name": "b5867202-c87b-4ffa-8617-e8b2e9eba1a2",
        "Start Frame": 960,
        "End Frame": 1080,
        "Caption": "#O man X looks on the; #C C looks at the cards; #C C looks at the table; #C C looks at the table; #C C looks around"
    },
    {
        "Video Name": "b5867202-c87b-4ffa-8617-e8b2e9eba1a2",
        "Start Frame": 1080,
        "End Frame": 1200,
        "Caption": "#C C looks at the cards; #C C puts a card on the; #C C looks at the cards; #C C puts card on the table; #c c puts card down"
    },
    {
        "Video Name": "b5867202-c87b-4ffa-8617-e8b2e9eba1a2",
        "Start Frame": 1200,
        "End Frame": 1320,
        "Caption": "#C C puts card on the table; #C C puts card down; #C C puts the cards on the; #C C puts card on the table; #C C puts cards on the table"
    },
    {
        "Video Name": "b5867202-c87b-4ffa-8617-e8b2e9eba1a2",
        "Start Frame": 1320,
        "End Frame": 1440,
        "Caption": "#C C puts a card on the table; #C C puts a card on the table; #C C puts card on the table; #C C puts a card on the table; #c c places  card on the table"
    },
    {
        "Video Name": "b5867202-c87b-4ffa-8617-e8b2e9eba1a2",
        "Start Frame": 1440,
        "End Frame": 1560,
        "Caption": "#C C puts the pellet on the; #C C picks the dice; #C C picks up the bottle top; #C C picks the balls; #C C picks a piece of cloth"
    },
    {
        "Video Name": "b5867202-c87b-4ffa-8617-e8b2e9eba1a2",
        "Start Frame": 1560,
        "End Frame": 1680,
        "Caption": "#C C looks around; #C C looks around ; #C C puts the pellet on the table; #C C puts a pellet on the table ; #C C puts the pellet on the table."
    },
    {
        "Video Name": "b5867202-c87b-4ffa-8617-e8b2e9eba1a2",
        "Start Frame": 1680,
        "End Frame": 1800,
        "Caption": "#C C looks around ; #C C puts a card on the; #C C puts cards on the table; #C C takes a card ; #C C takes a card "
    },
    {
        "Video Name": "b5867202-c87b-4ffa-8617-e8b2e9eba1a2",
        "Start Frame": 1800,
        "End Frame": 1920,
        "Caption": "#C C looks around; #C C looks around; #C C puts a card on the table; #C C looks around ; #C C drops the card on the table"
    },
    {
        "Video Name": "b5867202-c87b-4ffa-8617-e8b2e9eba1a2",
        "Start Frame": 1920,
        "End Frame": 2040,
        "Caption": "#o man x picks a card from the; #o man x picks a card; #O man X picks dice; #O man X picks a dice ; #O man Y takes a dice "
    },
    {
        "Video Name": "b5867202-c87b-4ffa-8617-e8b2e9eba1a2",
        "Start Frame": 2040,
        "End Frame": 2160,
        "Caption": "#O man X takes a dice; #o man x picks a card on the; #O man X pushes dice ; #O man X  takes a dice ; #O man X places the card on the"
    },
    {
        "Video Name": "b5867202-c87b-4ffa-8617-e8b2e9eba1a2",
        "Start Frame": 2160,
        "End Frame": 2280,
        "Caption": "#C C puts the cards on the; #C C takes a card; #C C picks the card; #O man X picks a card; #O man X picks a card"
    },
    {
        "Video Name": "b5867202-c87b-4ffa-8617-e8b2e9eba1a2",
        "Start Frame": 2280,
        "End Frame": 2400,
        "Caption": "#c c picks card; #C C picks a card; #c c takes a card; #c c puts the card on the; #c c picks card"
    },
    {
        "Video Name": "b5867202-c87b-4ffa-8617-e8b2e9eba1a2",
        "Start Frame": 2400,
        "End Frame": 2520,
        "Caption": "#O Man K looks on the; #C C looks at the cards; #C C looks at the cards; #C C arranges cards; #C C shuffles cards"
    },
    {
        "Video Name": "b5867202-c87b-4ffa-8617-e8b2e9eba1a2",
        "Start Frame": 2520,
        "End Frame": 2640,
        "Caption": "#C C puts dices on the table; #C C puts the dices on the; #C C picks a dice; #C C moves dice on the table ; #C C moves a hand"
    },
    {
        "Video Name": "b5867202-c87b-4ffa-8617-e8b2e9eba1a2",
        "Start Frame": 2640,
        "End Frame": 2760,
        "Caption": "#C C picks a card; #C C picks a card; #C C picks a card; #c c picks a card; #c c picks a card"
    },
    {
        "Video Name": "b5867202-c87b-4ffa-8617-e8b2e9eba1a2",
        "Start Frame": 2760,
        "End Frame": 2880,
        "Caption": "#c c puts  card on the table; #o man x takes a card on the; #O man X puts card on the table; #O man Y puts cards on the table; #O man X  takes a card"
    },
    {
        "Video Name": "b5867202-c87b-4ffa-8617-e8b2e9eba1a2",
        "Start Frame": 2880,
        "End Frame": 3000,
        "Caption": "#c c picks  cards; #C C puts the cards on the table; #C C picks a card from the table; #C C looks at the cards on the; #c c picks cards"
    },
    {
        "Video Name": "b5867202-c87b-4ffa-8617-e8b2e9eba1a2",
        "Start Frame": 3000,
        "End Frame": 3120,
        "Caption": "#O Man K puts card down; #C C looks at the table; #C C looks on the table; #C C looks at the cards; #C C scratches the nose"
    },
    {
        "Video Name": "b5867202-c87b-4ffa-8617-e8b2e9eba1a2",
        "Start Frame": 3120,
        "End Frame": 3240,
        "Caption": "#O Man K puts hand on the; #C C looks at the cards; #C C looks at the table; #O Man J looks at the cards; #C C selects cards "
    },
    {
        "Video Name": "b5867202-c87b-4ffa-8617-e8b2e9eba1a2",
        "Start Frame": 3240,
        "End Frame": 3360,
        "Caption": "#c c puts card on the table; #C C puts card on the table; #c c picks a card; #C C picks a card ; #c c places the card on the"
    },
    {
        "Video Name": "b5867202-c87b-4ffa-8617-e8b2e9eba1a2",
        "Start Frame": 3360,
        "End Frame": 3480,
        "Caption": "#C C picks a card from the table; #C C picks card ; #C C picks a card ; #C C picks cards from the table ; #C C picks a card from the table"
    },
    {
        "Video Name": "b5867202-c87b-4ffa-8617-e8b2e9eba1a2",
        "Start Frame": 3480,
        "End Frame": 3600,
        "Caption": "#C C arranges cards; #C C selects cards ; #C C arranges cards; #C C arranges the; #C C looks at the"
    },
    {
        "Video Name": "b5867202-c87b-4ffa-8617-e8b2e9eba1a2",
        "Start Frame": 3600,
        "End Frame": 3720,
        "Caption": "#O Man K puts cards on the table; #O person X puts a card on the table; #O man X looks at the cards; #C C looks at the cards; #O man X looks at the card"
    },
    {
        "Video Name": "b5867202-c87b-4ffa-8617-e8b2e9eba1a2",
        "Start Frame": 3720,
        "End Frame": 3840,
        "Caption": "#O man X shuffles; #C C looks around; #C C looks at the; #c c selects cards; #C C looks at the"
    },
    {
        "Video Name": "b5867202-c87b-4ffa-8617-e8b2e9eba1a2",
        "Start Frame": 3840,
        "End Frame": 3960,
        "Caption": "#o man x takes a card from the; #o man x picks a dice; #O man X plays catan game ; #O man X takes dice ; #O man X rolls the dice "
    },
    {
        "Video Name": "b5867202-c87b-4ffa-8617-e8b2e9eba1a2",
        "Start Frame": 3960,
        "End Frame": 4080,
        "Caption": "#O man X puts the dice on the table; #o man x moves a card on the table; #o man x puts the card on the table; #o man x  takes a card on the; #O Man J puts the cards on the table"
    },
    {
        "Video Name": "b5867202-c87b-4ffa-8617-e8b2e9eba1a2",
        "Start Frame": 4080,
        "End Frame": 4200,
        "Caption": "#C C puts card on the; #C C picks a card ; #C C takes a card ; #C C picks a card ; #C C picks a card "
    },
    {
        "Video Name": "b5867202-c87b-4ffa-8617-e8b2e9eba1a2",
        "Start Frame": 4200,
        "End Frame": 4320,
        "Caption": "#O man X gives C a card; #C C picks the cards; #C C holds the cards ; #C C hands man X  a dice ; #C C drops the dices on the table"
    },
    {
        "Video Name": "b5867202-c87b-4ffa-8617-e8b2e9eba1a2",
        "Start Frame": 4320,
        "End Frame": 4440,
        "Caption": "#C C looks at the cards; #C C shuffles the cards; #c c puts  card on the; #c c picks card; #C C shuffles the cards "
    },
    {
        "Video Name": "b5867202-c87b-4ffa-8617-e8b2e9eba1a2",
        "Start Frame": 4440,
        "End Frame": 4560,
        "Caption": "#C C looks around; #o person x  takes a card on the; #C C looks around; #C C looks around; #C C looks around"
    },
    {
        "Video Name": "b5867202-c87b-4ffa-8617-e8b2e9eba1a2",
        "Start Frame": 4560,
        "End Frame": 4680,
        "Caption": "#C C picks a card; #C C takes a card; #C C picks a card; #c c puts card down; #C C picks a card"
    },
    {
        "Video Name": "b5867202-c87b-4ffa-8617-e8b2e9eba1a2",
        "Start Frame": 4680,
        "End Frame": 4800,
        "Caption": "#C C arranges cards; #C C looks at the; #C C looks at the; #C C selects the cards; #C C arranges cards"
    },
    {
        "Video Name": "b5867202-c87b-4ffa-8617-e8b2e9eba1a2",
        "Start Frame": 4800,
        "End Frame": 4920,
        "Caption": "#o man x picks a die; #O man X  takes dice; #O man X takes a dice; #O man X takes a die; #O Man X drops dice"
    },
    {
        "Video Name": "b5867202-c87b-4ffa-8617-e8b2e9eba1a2",
        "Start Frame": 4920,
        "End Frame": 5040,
        "Caption": "#c c gives x card; #C C takes a card; #C C gives the card to person X; #C C gives man X a card; #C C gives man X card"
    },
    {
        "Video Name": "b5867202-c87b-4ffa-8617-e8b2e9eba1a2",
        "Start Frame": 5040,
        "End Frame": 5160,
        "Caption": "#C C looks at the cards; #C C picks a card from the table; #C C looks at the cards ; #C C arranges cards; #C C picks a card"
    },
    {
        "Video Name": "b5867202-c87b-4ffa-8617-e8b2e9eba1a2",
        "Start Frame": 5160,
        "End Frame": 5280,
        "Caption": "#c c puts card down; #c c puts the card on the; #C C puts the card down ; #C C puts card down ; #c c puts the card on the"
    },
    {
        "Video Name": "b5867202-c87b-4ffa-8617-e8b2e9eba1a2",
        "Start Frame": 5280,
        "End Frame": 5400,
        "Caption": "#C C puts button down ; #C C picks a card ; #C C plays catan game ; #C C picks a number ; #c c puts the beads on the"
    }
]