[
    {
        "Video Name": "b70e3446-2c06-49fd-8d15-dfafd1b8eb09",
        "Start Frame": 0,
        "End Frame": 120,
        "Caption": "#C C drives the excav; #C C drives the excav; #C C drives the excav; #C C drives the truck; #C C drives the tractor"
    },
    {
        "Video Name": "b70e3446-2c06-49fd-8d15-dfafd1b8eb09",
        "Start Frame": 120,
        "End Frame": 240,
        "Caption": "#C C drives the tractor; #C C turns the excavator; #C C drives a forklift; #C C drives the tractor; #C C pushes the stone with the fork"
    },
    {
        "Video Name": "b70e3446-2c06-49fd-8d15-dfafd1b8eb09",
        "Start Frame": 240,
        "End Frame": 360,
        "Caption": "#C C drives the forklift; #C C drives a forklift; #C C moves a stone ; #C C drives the tractor; #C C picks stones from the"
    },
    {
        "Video Name": "b70e3446-2c06-49fd-8d15-dfafd1b8eb09",
        "Start Frame": 360,
        "End Frame": 480,
        "Caption": "#C C operates the forklift; #C C levels soil with a caterpillar; #C C operates the excavator; #C C reverses the forklift; #C C picks stones with a forklift"
    },
    {
        "Video Name": "b70e3446-2c06-49fd-8d15-dfafd1b8eb09",
        "Start Frame": 480,
        "End Frame": 600,
        "Caption": "#C C looks around; #C C looks around; #C C looks around; #C C operates a forklift; #C C drives a tractor"
    },
    {
        "Video Name": "b70e3446-2c06-49fd-8d15-dfafd1b8eb09",
        "Start Frame": 600,
        "End Frame": 720,
        "Caption": "#C C drives the forklift; #C C drives the truck; #C C drives the excavator; #C C drives the forklift; #C C looks around"
    },
    {
        "Video Name": "b70e3446-2c06-49fd-8d15-dfafd1b8eb09",
        "Start Frame": 720,
        "End Frame": 840,
        "Caption": "#C C drives the tractor; #C C drives the tractor; #C C drives the excav; #C C drives the fork; #C C drives a tractor"
    },
    {
        "Video Name": "b70e3446-2c06-49fd-8d15-dfafd1b8eb09",
        "Start Frame": 840,
        "End Frame": 960,
        "Caption": "#C C drives the forklift; #C C drives the excavator; #C C looks around; #C C drives the excavator; #C C drives the grader forward"
    },
    {
        "Video Name": "b70e3446-2c06-49fd-8d15-dfafd1b8eb09",
        "Start Frame": 960,
        "End Frame": 1080,
        "Caption": "#C C drives the tractor ; #C C looks around ; #C C drives the excavator; #C C drives a forklift; #C C drives the tractor"
    },
    {
        "Video Name": "b70e3446-2c06-49fd-8d15-dfafd1b8eb09",
        "Start Frame": 1080,
        "End Frame": 1200,
        "Caption": "#C C holds the excav; #C C drives forklift; #C C drives the fork; #C C operates a fork; #C C moves the excav"
    },
    {
        "Video Name": "b70e3446-2c06-49fd-8d15-dfafd1b8eb09",
        "Start Frame": 1200,
        "End Frame": 1320,
        "Caption": "#C C drives the excavator; #C C drives the tractor; #C C drives the forklift; #C C drives the forklift; #C C drives the forklift"
    },
    {
        "Video Name": "b70e3446-2c06-49fd-8d15-dfafd1b8eb09",
        "Start Frame": 1320,
        "End Frame": 1440,
        "Caption": "#C C drives the forklift; #C C looks around; #C C drives the forklift; #C C looks around; #C C drives a forklift"
    },
    {
        "Video Name": "b70e3446-2c06-49fd-8d15-dfafd1b8eb09",
        "Start Frame": 1440,
        "End Frame": 1560,
        "Caption": "#C C looks around; #C C turns a corner ; #C C drives the forklift; #C C looks around; #C C drives the forklift"
    },
    {
        "Video Name": "b70e3446-2c06-49fd-8d15-dfafd1b8eb09",
        "Start Frame": 1560,
        "End Frame": 1680,
        "Caption": "#C C drives the excav; #C C operates a tractor; #C C drives the fork; #C C drives the tractor; #C C drives the truck"
    },
    {
        "Video Name": "b70e3446-2c06-49fd-8d15-dfafd1b8eb09",
        "Start Frame": 1680,
        "End Frame": 1800,
        "Caption": "#C C drives the tractor; #C C drives the forklift ; #O man E walks; #O male B walks around the area; #O A man Y walks around the"
    },
    {
        "Video Name": "b70e3446-2c06-49fd-8d15-dfafd1b8eb09",
        "Start Frame": 1800,
        "End Frame": 1920,
        "Caption": "#C C drives the grader in; #C C moves a stone ; #C C moves stone on the excav; #C C operates the excavator; #C C drives the forklift"
    },
    {
        "Video Name": "b70e3446-2c06-49fd-8d15-dfafd1b8eb09",
        "Start Frame": 1920,
        "End Frame": 2040,
        "Caption": "#C C drives a forklift; #C C drives the forklift; #C C drives the forklift; #C C drives the forklift; #C C drives the grader"
    },
    {
        "Video Name": "b70e3446-2c06-49fd-8d15-dfafd1b8eb09",
        "Start Frame": 2040,
        "End Frame": 2160,
        "Caption": "#C C looks around; #C C drives the forklift; #C C drives the forklift; #C C drives a forklift; #C C operates the excavator"
    },
    {
        "Video Name": "b70e3446-2c06-49fd-8d15-dfafd1b8eb09",
        "Start Frame": 2160,
        "End Frame": 2280,
        "Caption": "#C C holds the excavator lever with his left hand; #C C controls the excavator; #C C looks around; #C C holds the excavator with both hands.; #C C looks around"
    },
    {
        "Video Name": "b70e3446-2c06-49fd-8d15-dfafd1b8eb09",
        "Start Frame": 2280,
        "End Frame": 2400,
        "Caption": "#C C sits down ; #C C drives forklift ; #C C moves the excavator; #C C moves the forklift; #C C places the car down"
    },
    {
        "Video Name": "b70e3446-2c06-49fd-8d15-dfafd1b8eb09",
        "Start Frame": 2400,
        "End Frame": 2520,
        "Caption": "#C C drives the excavator; #C C drives the excavator; #C C drives the forklift; #C C drives the grader; #C C drives the excavator"
    },
    {
        "Video Name": "b70e3446-2c06-49fd-8d15-dfafd1b8eb09",
        "Start Frame": 2520,
        "End Frame": 2640,
        "Caption": "#C C drives the truck; #C C reverses the truck; #C C drives the truck ; #C C drives the grader forward; #C C drives the truck"
    },
    {
        "Video Name": "b70e3446-2c06-49fd-8d15-dfafd1b8eb09",
        "Start Frame": 2640,
        "End Frame": 2760,
        "Caption": "#C C drives the forklift; #C C drives a tractor ; #C C drives a forklift; #C C drives the grader; #C C drives the tractor"
    },
    {
        "Video Name": "b70e3446-2c06-49fd-8d15-dfafd1b8eb09",
        "Start Frame": 2760,
        "End Frame": 2880,
        "Caption": "#C C drives the forklift; #C C looks around; #C C drives the forklift; #C C drives the forklift; #C C drives a forklift"
    },
    {
        "Video Name": "b70e3446-2c06-49fd-8d15-dfafd1b8eb09",
        "Start Frame": 2880,
        "End Frame": 3000,
        "Caption": "#C C drives a forklift; #C C drives tractor; #C C operates a forklift; #C C drives a forklift; #C C drives the truck"
    },
    {
        "Video Name": "b70e3446-2c06-49fd-8d15-dfafd1b8eb09",
        "Start Frame": 3000,
        "End Frame": 3120,
        "Caption": "#C C reverses the forklift; #C C drives the grader in; #C C moves the excavator; #C C looks around; #C C drives the truck "
    },
    {
        "Video Name": "b70e3446-2c06-49fd-8d15-dfafd1b8eb09",
        "Start Frame": 3120,
        "End Frame": 3240,
        "Caption": "#C C moves; #C C looks; #C C looks; #C C moves; #C C looks"
    },
    {
        "Video Name": "b70e3446-2c06-49fd-8d15-dfafd1b8eb09",
        "Start Frame": 3240,
        "End Frame": 3360,
        "Caption": "#C C stares at the tractor; #C C looks around; #C C drives the tractor; #C C looks around; #C C looks at the excav"
    },
    {
        "Video Name": "b70e3446-2c06-49fd-8d15-dfafd1b8eb09",
        "Start Frame": 3360,
        "End Frame": 3480,
        "Caption": "#C C operates forklift ; #C C drives a tractor; #C C drives a forklift; #C C drives the tractor; #C C drives a tractor"
    },
    {
        "Video Name": "b70e3446-2c06-49fd-8d15-dfafd1b8eb09",
        "Start Frame": 3480,
        "End Frame": 3600,
        "Caption": "#C C drives the tractor; #C C drives the excav; #C C drives the excav; #C C drives the fork; #C C looks around "
    },
    {
        "Video Name": "b70e3446-2c06-49fd-8d15-dfafd1b8eb09",
        "Start Frame": 3600,
        "End Frame": 3720,
        "Caption": "#C C drives the tractor ; #C C reverses the forklift; #C C drives the grader forward; #C C drives the truck; #C C turns a switch on the excavator with both hands"
    },
    {
        "Video Name": "b70e3446-2c06-49fd-8d15-dfafd1b8eb09",
        "Start Frame": 3720,
        "End Frame": 3840,
        "Caption": "#C C drives the; #C C drives the; #C C drives the; #C C drives the; #C C drives the"
    },
    {
        "Video Name": "b70e3446-2c06-49fd-8d15-dfafd1b8eb09",
        "Start Frame": 3840,
        "End Frame": 3960,
        "Caption": "#O The man E walks towards the front of the forklift; #C C adjusts the truck; #O person X walks around; #O A man Y walks around the area; #O man X walks around"
    },
    {
        "Video Name": "b70e3446-2c06-49fd-8d15-dfafd1b8eb09",
        "Start Frame": 3960,
        "End Frame": 4080,
        "Caption": "#C C moves a hand ; #C C drives the tractor; #C C drives the forklift ; #C C moves the lever on the forklift with his right hand; #C C turns right"
    },
    {
        "Video Name": "b70e3446-2c06-49fd-8d15-dfafd1b8eb09",
        "Start Frame": 4080,
        "End Frame": 4200,
        "Caption": "#C C drives the tractor; #C C drives the truck; #C C holds a wood; #C C adjusts stone; #C C looks around"
    },
    {
        "Video Name": "b70e3446-2c06-49fd-8d15-dfafd1b8eb09",
        "Start Frame": 4200,
        "End Frame": 4320,
        "Caption": "#C C drives forklift; #C C drives the truck; #C C pushes the excav; #C C drives the excav; #C C adjusts the gear"
    },
    {
        "Video Name": "b70e3446-2c06-49fd-8d15-dfafd1b8eb09",
        "Start Frame": 4320,
        "End Frame": 4440,
        "Caption": "#C C drives the truck; #C C drives the excav; #C C drives the vehicle; #C C drives the tractor; #C C moves the excav"
    },
    {
        "Video Name": "b70e3446-2c06-49fd-8d15-dfafd1b8eb09",
        "Start Frame": 4440,
        "End Frame": 4560,
        "Caption": "#C C drives the forklift; #C C moves the truck; #C C drives a forklift; #C C drives the tractor; #C C drives the vehicle "
    },
    {
        "Video Name": "b70e3446-2c06-49fd-8d15-dfafd1b8eb09",
        "Start Frame": 4560,
        "End Frame": 4680,
        "Caption": "#C C drives the tractor; #C C operates the excavator; #C C drives a forklift; #C C drives forklift ; #C C drives forklift"
    },
    {
        "Video Name": "b70e3446-2c06-49fd-8d15-dfafd1b8eb09",
        "Start Frame": 4680,
        "End Frame": 4800,
        "Caption": "#C C looks around; #C C holds the excavator lever with his left hand; #C C drives a forklift ; #C C drives the forklift; #C C looks at the excavator"
    },
    {
        "Video Name": "b70e3446-2c06-49fd-8d15-dfafd1b8eb09",
        "Start Frame": 4800,
        "End Frame": 4920,
        "Caption": "#C C moves the right hand; #C C drives the tractor; #C C drives the forklift; #C C drives the excavator; #C C drives the forklift"
    },
    {
        "Video Name": "b70e3446-2c06-49fd-8d15-dfafd1b8eb09",
        "Start Frame": 4920,
        "End Frame": 5040,
        "Caption": "#C C looks around; #C C operates shovel machine; #C C holds the excav; #C C moves hand; #C C moves left hand"
    },
    {
        "Video Name": "b70e3446-2c06-49fd-8d15-dfafd1b8eb09",
        "Start Frame": 5040,
        "End Frame": 5160,
        "Caption": "#C C drives the tractor; #C C looks around; #O A man M walks around the; #C C adjusts stone on the ground; #C C reverses the forklift"
    },
    {
        "Video Name": "b70e3446-2c06-49fd-8d15-dfafd1b8eb09",
        "Start Frame": 5160,
        "End Frame": 5280,
        "Caption": "#C C looks around; #C C looks around; #C C looks around; #C C looks around; #C C looks around"
    },
    {
        "Video Name": "b70e3446-2c06-49fd-8d15-dfafd1b8eb09",
        "Start Frame": 5280,
        "End Frame": 5400,
        "Caption": "#C C turns right; #C C looks around; #C C holds on the excav; #C C looks around the compound; #C C looks around "
    }
]