[
    {
        "Video Name": "b7657449-42cf-47bc-9092-c9ab2d240bea",
        "Start Frame": 0,
        "End Frame": 120,
        "Caption": "#O woman X Moves the container; #O woman X Picks the plastic lid; #O The woman B moves the beaker in the fume cupboard with her left hand; #C C picks the conical flask from the table with her left hand.; #O woman X Puts the liter cup on the table"
    },
    {
        "Video Name": "b7657449-42cf-47bc-9092-c9ab2d240bea",
        "Start Frame": 120,
        "End Frame": 240,
        "Caption": "#C C looks around; #C C looks around ; #C C looks around; #O person X  takes a be; #C C looks around "
    },
    {
        "Video Name": "b7657449-42cf-47bc-9092-c9ab2d240bea",
        "Start Frame": 240,
        "End Frame": 360,
        "Caption": "#C C walks around; #O A woman X opens a cabinet with her right hand.; #O The woman A drops the cellophane wrap on the table with her left hand; #C C walks in the laboratory; #O The woman A holds the lid of the test tube with her right hand."
    },
    {
        "Video Name": "b7657449-42cf-47bc-9092-c9ab2d240bea",
        "Start Frame": 360,
        "End Frame": 480,
        "Caption": "#C C picks a pen; #C C picks up the pen from the book; #C C picks a pen; #C C picks a pen; #C C picks the pen from the table with her right hand"
    },
    {
        "Video Name": "b7657449-42cf-47bc-9092-c9ab2d240bea",
        "Start Frame": 480,
        "End Frame": 600,
        "Caption": "#C C looks around the laboratory ; #C C puts the container down; #C C looks around; #C C looks around; #O woman X Puts down a test"
    },
    {
        "Video Name": "b7657449-42cf-47bc-9092-c9ab2d240bea",
        "Start Frame": 600,
        "End Frame": 720,
        "Caption": "#C C places the conical tubes in her left hand on the laboratory slab; #C C holds the conical tube with both hands.; #C C passes the conical flask from her left hand to her right hand; #C C holds the conical tube with both hands.; #C C holds the conical flask with both hands."
    },
    {
        "Video Name": "b7657449-42cf-47bc-9092-c9ab2d240bea",
        "Start Frame": 720,
        "End Frame": 840,
        "Caption": "#O person A puts the conical flask on the table; #C C picks the bottle ; #O The woman B picks the conical flask on the slab with her right hand; #O the woman B picks a conical flask from the slab with her right hand; #C C drops the conical flask on the table with her right hand."
    },
    {
        "Video Name": "b7657449-42cf-47bc-9092-c9ab2d240bea",
        "Start Frame": 840,
        "End Frame": 960,
        "Caption": "#C C places the test tube rack on the counter; #O the woman A opens a lid on the test tube in her left hand with her right hand; #C C picks the foil paper from the lab slab with her right hand.; #C C drops the sample bottle on the laboratory slab with her left hand.; #C C drops the foil paper on the table with her right hand."
    },
    {
        "Video Name": "b7657449-42cf-47bc-9092-c9ab2d240bea",
        "Start Frame": 960,
        "End Frame": 1080,
        "Caption": "#C C picks the conical flask from the slab with her left hand; #O person X  operates the phone ; #O person X moves the bottle ; #O woman X Puts down a bottle ; #C C picks the lid "
    },
    {
        "Video Name": "b7657449-42cf-47bc-9092-c9ab2d240bea",
        "Start Frame": 1080,
        "End Frame": 1200,
        "Caption": "#C C looks around; #O A person X opens the bottle; #O A person X places the bottle on the; #C C looks around; #O person X  sits on the floor"
    },
    {
        "Video Name": "b7657449-42cf-47bc-9092-c9ab2d240bea",
        "Start Frame": 1200,
        "End Frame": 1320,
        "Caption": "#O person X puts pen on the table; #C C looks around; #O person X writes on a book; #O A woman X picks a pen from the; #C C looks around"
    },
    {
        "Video Name": "b7657449-42cf-47bc-9092-c9ab2d240bea",
        "Start Frame": 1320,
        "End Frame": 1440,
        "Caption": "#C C looks around; #C C looks around; #C C looks around; #C C looks around; #C C looks around"
    },
    {
        "Video Name": "b7657449-42cf-47bc-9092-c9ab2d240bea",
        "Start Frame": 1440,
        "End Frame": 1560,
        "Caption": "#C C looks around; #C C looks around; #C C looks around the; #C C looks around; #C C looks around"
    },
    {
        "Video Name": "b7657449-42cf-47bc-9092-c9ab2d240bea",
        "Start Frame": 1560,
        "End Frame": 1680,
        "Caption": "#C C puts the bottle on the table; #C C drops the conical flask on the slab with her right hand.; #C C puts the conical flask on the laboratory slab with her right hand; #C C places the reagent bottle on the slab with her right hand.; #C C places the conical flask on the laboratory slab with her right hand"
    },
    {
        "Video Name": "b7657449-42cf-47bc-9092-c9ab2d240bea",
        "Start Frame": 1680,
        "End Frame": 1800,
        "Caption": "#C C puts the lid on the bottle; #C C drops the lid ; #C C puts the lid on the counter top; #C C places the jar lid on the laboratory slab with her left hand; #C C puts the lid on the table"
    },
    {
        "Video Name": "b7657449-42cf-47bc-9092-c9ab2d240bea",
        "Start Frame": 1800,
        "End Frame": 1920,
        "Caption": "#O The woman B operates a phone with both hands; #O A lady X operates a phone; #C C looks around the room; #O lady X operates phone; #O A lady X operates the phone"
    },
    {
        "Video Name": "b7657449-42cf-47bc-9092-c9ab2d240bea",
        "Start Frame": 1920,
        "End Frame": 2040,
        "Caption": "#C C looks around; #C C looks at person P; #C C looks around; #O The woman X holds a phone with her right hand; #O person X operates phone "
    },
    {
        "Video Name": "b7657449-42cf-47bc-9092-c9ab2d240bea",
        "Start Frame": 2040,
        "End Frame": 2160,
        "Caption": "#C C looks around the; #C C looks around; #C C looks around; #O woman X Moves a; #C C looks around"
    },
    {
        "Video Name": "b7657449-42cf-47bc-9092-c9ab2d240bea",
        "Start Frame": 2160,
        "End Frame": 2280,
        "Caption": "#O person X puts hand on the table; #C C looks around; #O A woman Y places the bottle on the; #O Lady X points at the table; #C C puts the conical flask on the"
    },
    {
        "Video Name": "b7657449-42cf-47bc-9092-c9ab2d240bea",
        "Start Frame": 2280,
        "End Frame": 2400,
        "Caption": "#C C stares at the room; #C C looks around; #C C looks around; #C C stares around the laboratory; #C C walks towards a laboratory"
    },
    {
        "Video Name": "b7657449-42cf-47bc-9092-c9ab2d240bea",
        "Start Frame": 2400,
        "End Frame": 2520,
        "Caption": "#C C picks a container from the cabinet with her right hand; #C C picks up the bottle; #C C puts the bottle down; #C C places the bottle on the table; #C C puts bottle down"
    },
    {
        "Video Name": "b7657449-42cf-47bc-9092-c9ab2d240bea",
        "Start Frame": 2520,
        "End Frame": 2640,
        "Caption": "#C C puts the bottle on the table; #C C drops the bottle on the table with her right hand; #C C puts the bottle on the table; #C C puts the bottle lid on the table; #C C picks up the bottle"
    },
    {
        "Video Name": "b7657449-42cf-47bc-9092-c9ab2d240bea",
        "Start Frame": 2640,
        "End Frame": 2760,
        "Caption": "#C C picks the lid of the container from the table with her right hand; #C C picks the lid; #C C opens the bottle; #C C picks a lid from the table; #C C picks the lid from the table with her right hand."
    },
    {
        "Video Name": "b7657449-42cf-47bc-9092-c9ab2d240bea",
        "Start Frame": 2760,
        "End Frame": 2880,
        "Caption": "#C C shakes the conical flask with her right hand.; #C C picks a conical flask from the table with her right hand.; #C C places the conical flask in her left hand on the laboratory slab; #C C places the conical flask on the laboratory slab with her left hand; #C C presses the conical flask with her right hand."
    },
    {
        "Video Name": "b7657449-42cf-47bc-9092-c9ab2d240bea",
        "Start Frame": 2880,
        "End Frame": 3000,
        "Caption": "#C C picks the lid; #C C picks the lid; #C C puts the bottle top on the; #C C opens the bottle; #C C puts a lid on the table"
    },
    {
        "Video Name": "b7657449-42cf-47bc-9092-c9ab2d240bea",
        "Start Frame": 3000,
        "End Frame": 3120,
        "Caption": "#C C picks the lid; #C C removes the lid; #C C picks the lid; #C C covers the bottle; #C C picks a lid"
    },
    {
        "Video Name": "b7657449-42cf-47bc-9092-c9ab2d240bea",
        "Start Frame": 3120,
        "End Frame": 3240,
        "Caption": "#C C puts the bottle down; #C C looks at the conical; #C C picks the jar ; #C C opens the test tube; #C C holds the container"
    },
    {
        "Video Name": "b7657449-42cf-47bc-9092-c9ab2d240bea",
        "Start Frame": 3240,
        "End Frame": 3360,
        "Caption": "#C C puts the bottle down; #C C picks the lid; #C C places the reagent bottle on the laboratory slab with her right hand; #C C puts the bottle on the table; #C C walks towards the laboratory table."
    },
    {
        "Video Name": "b7657449-42cf-47bc-9092-c9ab2d240bea",
        "Start Frame": 3360,
        "End Frame": 3480,
        "Caption": "#C C looks around; #C C looks around; #C C looks around the; #C C looks around; #C C looks around"
    },
    {
        "Video Name": "b7657449-42cf-47bc-9092-c9ab2d240bea",
        "Start Frame": 3480,
        "End Frame": 3600,
        "Caption": "#O The woman B operates the phone with her right hand; #C C turns to the side; #O person A operates the phone; #C C looks around; #O The woman X operates a phone with her hands."
    },
    {
        "Video Name": "b7657449-42cf-47bc-9092-c9ab2d240bea",
        "Start Frame": 3600,
        "End Frame": 3720,
        "Caption": "#C C looks around; #O The woman A places her left hand on the table; #O The woman A places her left hand on a table; #O The woman A operates a phone with her left hand; #C C  converses with person X"
    },
    {
        "Video Name": "b7657449-42cf-47bc-9092-c9ab2d240bea",
        "Start Frame": 3720,
        "End Frame": 3840,
        "Caption": "#C C interacts with the woman X.; #C C  stares at the phone; #O person X operates a phone ; #O The woman X operates a phone with her hands; #C C talks with person T"
    },
    {
        "Video Name": "b7657449-42cf-47bc-9092-c9ab2d240bea",
        "Start Frame": 3840,
        "End Frame": 3960,
        "Caption": "#C C looks at the phone; #O The woman X places her left hand on the book on the table; #C C interacts with the woman X.; #O The woman Y puts the phone on the table with her right hand; #C C looks at the phone"
    },
    {
        "Video Name": "b7657449-42cf-47bc-9092-c9ab2d240bea",
        "Start Frame": 3960,
        "End Frame": 4080,
        "Caption": "#C C puts the bottle on the; #C C looks around; #C C looks around; #C C looks around; #C C looks around"
    },
    {
        "Video Name": "b7657449-42cf-47bc-9092-c9ab2d240bea",
        "Start Frame": 4080,
        "End Frame": 4200,
        "Caption": "#C C puts the bottle down; #C C puts the jar on the table; #C C puts the bottle on the counter top; #C C puts the conical flask on the laboratory slab with her right hand; #C C puts the jar on the cabinet"
    },
    {
        "Video Name": "b7657449-42cf-47bc-9092-c9ab2d240bea",
        "Start Frame": 4200,
        "End Frame": 4320,
        "Caption": "#C C puts the conical flask on the rack; #C C places the conical flask on the table with her left hand; #C C places the beaker on the table; #C C puts the container on the holder; #C C puts the container on the holder"
    },
    {
        "Video Name": "b7657449-42cf-47bc-9092-c9ab2d240bea",
        "Start Frame": 4320,
        "End Frame": 4440,
        "Caption": "#C C pours liquid from the conical flask into the beaker on the laboratory slab with her right hand; #C C pours the fluid in the conical flask in her right hand into the beaker on the slab; #C C puts the reagent bottle on the rack; #C C pours liquid from the conical flask in her right hand into the beaker on the table.; #C C puts the conical flask in the jar with her right hand."
    },
    {
        "Video Name": "b7657449-42cf-47bc-9092-c9ab2d240bea",
        "Start Frame": 4440,
        "End Frame": 4560,
        "Caption": "#C C places the jar on the table ; #C C drops the conical flask on the laboratory slab with her right hand; #C C places the conical flask on the laboratory slab with her right hand; #C C puts the graduated cylinder on the counter top; #C C puts the conical flask on the laboratory slab with her right hand"
    },
    {
        "Video Name": "b7657449-42cf-47bc-9092-c9ab2d240bea",
        "Start Frame": 4560,
        "End Frame": 4680,
        "Caption": "#C C places the bottle on the table; #C C puts a bottle on the laboratory slab with her right hand; #C C covers the bottle with the lid; #C C places the jar on the cabinet; #C C puts the bottle down"
    },
    {
        "Video Name": "b7657449-42cf-47bc-9092-c9ab2d240bea",
        "Start Frame": 4680,
        "End Frame": 4800,
        "Caption": "#C C looks around the laboratory; #C C looks at person X; #C C converses with the woman X; #C C looks around; #C C looks at lady X"
    },
    {
        "Video Name": "b7657449-42cf-47bc-9092-c9ab2d240bea",
        "Start Frame": 4800,
        "End Frame": 4920,
        "Caption": "#C C picks a container from a table with her right hand.; #C C adjusts a glass jar on the lab slab with her right hand.; #C C  moves a glass jar; #C C picks up a conical flask; #C C moves a test tube rack on the lab bench with her right hand"
    },
    {
        "Video Name": "b7657449-42cf-47bc-9092-c9ab2d240bea",
        "Start Frame": 4920,
        "End Frame": 5040,
        "Caption": "#C C looks around; #C C looks around; #C C looks around; #C C looks around the; #C C looks around the"
    },
    {
        "Video Name": "b7657449-42cf-47bc-9092-c9ab2d240bea",
        "Start Frame": 5040,
        "End Frame": 5160,
        "Caption": "#O The woman B picks a test tube from the slab with her right hand; #C C looks at the sample; #C C adjusts the bottle in the laboratory slab with her right hand.; #C C holds the test tube rack ; #C C holds the specimen bottle"
    },
    {
        "Video Name": "b7657449-42cf-47bc-9092-c9ab2d240bea",
        "Start Frame": 5160,
        "End Frame": 5280,
        "Caption": "#C C passes the conical flask from her right hand to her left hand.; #C C removes the conical flask in her right hand from the conical stand in her left hand; #C C looks at the cylinder; #C C passes the conical flask from her right hand to her left hand.; #C C looks around the room"
    },
    {
        "Video Name": "b7657449-42cf-47bc-9092-c9ab2d240bea",
        "Start Frame": 5280,
        "End Frame": 5400,
        "Caption": "#C C looks at the test tube; #C C holds the conical flask with both hands.; #C C removes the test tube from the jerrycan ; #C C puts the reagent bottle in her right hand in the conical flask on the laboratory slab.; #C C picks the conical flask from the table with her right hand."
    }
]