[
    {
        "Video Name": "b8bdd88f-996d-47bc-beb8-3b54c60754ec",
        "Start Frame": 0,
        "End Frame": 120,
        "Caption": "#C C adjusts the camera; #C C places the camera on the; #C C puts the camera on the; #C C opens the camera.; #C C looks at the camera"
    },
    {
        "Video Name": "b8bdd88f-996d-47bc-beb8-3b54c60754ec",
        "Start Frame": 120,
        "End Frame": 240,
        "Caption": "#C C holds the camera ; #C C picks a camera disk; #C C takes the camera; #C C picks up the camera flash cube; #C C lifts the camera "
    },
    {
        "Video Name": "b8bdd88f-996d-47bc-beb8-3b54c60754ec",
        "Start Frame": 240,
        "End Frame": 360,
        "Caption": "#C C removes the film from the camera; #C C takes the photo; #C C removes the sticker on the camera; #C C removes the paper from the camera; #C C holds the camera "
    },
    {
        "Video Name": "b8bdd88f-996d-47bc-beb8-3b54c60754ec",
        "Start Frame": 360,
        "End Frame": 480,
        "Caption": "#C C removes a protective case; #C C picks the  disc; #C C takes the lens from the table; #C C picks a rubber from the table; #C C picks the camera disk holder"
    },
    {
        "Video Name": "b8bdd88f-996d-47bc-beb8-3b54c60754ec",
        "Start Frame": 480,
        "End Frame": 600,
        "Caption": "#C C lifts the camera; #C C turns the camera; #C C holds the camera; #C C operates the camera; #C C holds the camera"
    },
    {
        "Video Name": "b8bdd88f-996d-47bc-beb8-3b54c60754ec",
        "Start Frame": 600,
        "End Frame": 720,
        "Caption": "#C C puts the camera on the table; #C C checks the camera ; #C C holds the camera; #C C puts the camera on the table; #C C opens the camera "
    },
    {
        "Video Name": "b8bdd88f-996d-47bc-beb8-3b54c60754ec",
        "Start Frame": 720,
        "End Frame": 840,
        "Caption": "#C C puts the camera down; #C C stares at the camera; #C C touches the camera with the right; #C C adjusts the camera; #C C looks at the camera "
    },
    {
        "Video Name": "b8bdd88f-996d-47bc-beb8-3b54c60754ec",
        "Start Frame": 840,
        "End Frame": 960,
        "Caption": "#C C cleans the camera ; #C C opens the camera; #C C turns the camera ; #C C puts the camera on the table; #C C opens the camera"
    },
    {
        "Video Name": "b8bdd88f-996d-47bc-beb8-3b54c60754ec",
        "Start Frame": 960,
        "End Frame": 1080,
        "Caption": "#C C fixes the camera; #C C wipes the camera with the wipe; #C C puts the camera on the table; #C C wipes the camera; #C C operates the camera"
    },
    {
        "Video Name": "b8bdd88f-996d-47bc-beb8-3b54c60754ec",
        "Start Frame": 1080,
        "End Frame": 1200,
        "Caption": "#C C cleans the camera with the cotton; #C C wipes the camera; #C C wipes the camera; #C C wipes the camera; #C C wipes the camera"
    },
    {
        "Video Name": "b8bdd88f-996d-47bc-beb8-3b54c60754ec",
        "Start Frame": 1200,
        "End Frame": 1320,
        "Caption": "#C C cleans the camera; #C C wipes the camera disk; #C C cleans the camera with the cotton ; #C C wipes the camera with the earbud; #C C wipes the camera disk"
    },
    {
        "Video Name": "b8bdd88f-996d-47bc-beb8-3b54c60754ec",
        "Start Frame": 1320,
        "End Frame": 1440,
        "Caption": "#C C removes the camera disk from the; #C C wipes the camera; #C C removes the battery from the camera; #C C cleans the camera; #C C removes the film from the camera"
    },
    {
        "Video Name": "b8bdd88f-996d-47bc-beb8-3b54c60754ec",
        "Start Frame": 1440,
        "End Frame": 1560,
        "Caption": "#C C removes the camera disc; #C C removes the film; #C C turns the camera disk; #C C puts the film on the; #C C removes the protective film "
    },
    {
        "Video Name": "b8bdd88f-996d-47bc-beb8-3b54c60754ec",
        "Start Frame": 1560,
        "End Frame": 1680,
        "Caption": "#C C picks the camera from the; #C C turns the camera; #C C holds the camera; #C C holds the camera with both; #C C holds the camera"
    },
    {
        "Video Name": "b8bdd88f-996d-47bc-beb8-3b54c60754ec",
        "Start Frame": 1680,
        "End Frame": 1800,
        "Caption": "#C C cleans the camera; #C C cleans the camera with the cotton ; #C C wipes the camera with the earbud; #C C wipes the camera with the hand; #C C wipes the camera "
    },
    {
        "Video Name": "b8bdd88f-996d-47bc-beb8-3b54c60754ec",
        "Start Frame": 1800,
        "End Frame": 1920,
        "Caption": "#C C cleans the camera; #C C wipes the camera; #C C cleans the camera with the piece of cloth; #C C cleans the camera with the piece of cloth; #C C cleans the camera"
    },
    {
        "Video Name": "b8bdd88f-996d-47bc-beb8-3b54c60754ec",
        "Start Frame": 1920,
        "End Frame": 2040,
        "Caption": "#C C cleans part of the camera ; #C C cleans the camera with the wipe; #C C wipes the camera; #C C wipes the camera with the wipe; #C C cleans the camera"
    },
    {
        "Video Name": "b8bdd88f-996d-47bc-beb8-3b54c60754ec",
        "Start Frame": 2040,
        "End Frame": 2160,
        "Caption": "#C C drops the camera on the table; #C C opens the camera ; #C C adjusts the camera.; #C C turns the camera on ; #C C closes the camera"
    },
    {
        "Video Name": "b8bdd88f-996d-47bc-beb8-3b54c60754ec",
        "Start Frame": 2160,
        "End Frame": 2280,
        "Caption": "#C C looks at the camera; #C C turns the camera ; #C C opens the camera; #C C removes the battery from the; #C C opens the camera"
    },
    {
        "Video Name": "b8bdd88f-996d-47bc-beb8-3b54c60754ec",
        "Start Frame": 2280,
        "End Frame": 2400,
        "Caption": "#C C turns on the camera; #C C puts the camera on the; #C C operates the camera; #C C adjusts the camera; #C C opens the camera"
    },
    {
        "Video Name": "b8bdd88f-996d-47bc-beb8-3b54c60754ec",
        "Start Frame": 2400,
        "End Frame": 2520,
        "Caption": "#C C presses the camera; #C C opens the camera ; #C C turns on the camera; #C C looks at the camera; #C C  places the camera on the"
    },
    {
        "Video Name": "b8bdd88f-996d-47bc-beb8-3b54c60754ec",
        "Start Frame": 2520,
        "End Frame": 2640,
        "Caption": "#C C takes the camera from the; #C C closes the camera; #C C lifts up the camera; #C C holds the camera with both; #C C turns the camera "
    },
    {
        "Video Name": "b8bdd88f-996d-47bc-beb8-3b54c60754ec",
        "Start Frame": 2640,
        "End Frame": 2760,
        "Caption": "#C C drops the camera on the; #C C holds the camera; #C C turns on the camera; #C C puts the camera on the; #C C turns the camera "
    },
    {
        "Video Name": "b8bdd88f-996d-47bc-beb8-3b54c60754ec",
        "Start Frame": 2760,
        "End Frame": 2880,
        "Caption": "#C C picks the camera from the table ; #C C picks the camera disk from the table; #C C removes the camera; #C C removes the camera disk from the camera; #C C picks a camera disk"
    },
    {
        "Video Name": "b8bdd88f-996d-47bc-beb8-3b54c60754ec",
        "Start Frame": 2880,
        "End Frame": 3000,
        "Caption": "#C C closes the camera; #C C pulls out the camera disk; #C C closes the lens; #C C removes the paper from the; #C C removes the film from the"
    },
    {
        "Video Name": "b8bdd88f-996d-47bc-beb8-3b54c60754ec",
        "Start Frame": 3000,
        "End Frame": 3120,
        "Caption": "#C C lifts up the; #C C turns the camera; #C C closes the camera; #C C opens the camera; #C C touches the camera"
    },
    {
        "Video Name": "b8bdd88f-996d-47bc-beb8-3b54c60754ec",
        "Start Frame": 3120,
        "End Frame": 3240,
        "Caption": "#C C turns the Polaroid cold clip with both hands; #C C wipes the camera disk; #C C turns the Polaroid camera ; #C C cleans the camera disk with the piece of paper; #C C wipes the camera disk"
    },
    {
        "Video Name": "b8bdd88f-996d-47bc-beb8-3b54c60754ec",
        "Start Frame": 3240,
        "End Frame": 3360,
        "Caption": "#C C turns the Polaroid camera disk; #C C  folds the piece of paper; #C C turns the Polaroid camera disc; #C C checks the small box ; #C C folds the photo frame "
    },
    {
        "Video Name": "b8bdd88f-996d-47bc-beb8-3b54c60754ec",
        "Start Frame": 3360,
        "End Frame": 3480,
        "Caption": "#C C fixes the lens cover ; #C C lifts the camera disk; #C C opens the polaroid swinger; #C C removes the paper; #C C turns the polaroid swinger"
    },
    {
        "Video Name": "b8bdd88f-996d-47bc-beb8-3b54c60754ec",
        "Start Frame": 3480,
        "End Frame": 3600,
        "Caption": "#C C holds the  camera disk; #C C covers the camera; #C C holds the camera disk ; #C C turns the camera ; #C C raises the polaroid swinger camera"
    },
    {
        "Video Name": "b8bdd88f-996d-47bc-beb8-3b54c60754ec",
        "Start Frame": 3600,
        "End Frame": 3720,
        "Caption": "#C C holds the lens ; #C C holds the viewfinder; #C C looks at the tape; #C C removes the piece of paper; #C C removes the photo from the camera"
    },
    {
        "Video Name": "b8bdd88f-996d-47bc-beb8-3b54c60754ec",
        "Start Frame": 3720,
        "End Frame": 3840,
        "Caption": "#C C holds the photo album with her; #C C examines the photograph; #C C looks at the piece of paper; #C C examines the picture; #C C looks at the photo"
    },
    {
        "Video Name": "b8bdd88f-996d-47bc-beb8-3b54c60754ec",
        "Start Frame": 3840,
        "End Frame": 3960,
        "Caption": "#C C puts the camera on the table; #C C places the camera on the table; #C C puts the camera disk on the; #C C puts the camera on the table; #C C places the camera on the table"
    },
    {
        "Video Name": "b8bdd88f-996d-47bc-beb8-3b54c60754ec",
        "Start Frame": 3960,
        "End Frame": 4080,
        "Caption": "#C C looks at the camera; #C C lifts the camera up; #C C looks at the camera; #C C turns the camera ; #C C looks at the camera"
    },
    {
        "Video Name": "b8bdd88f-996d-47bc-beb8-3b54c60754ec",
        "Start Frame": 4080,
        "End Frame": 4200,
        "Caption": "#C C turns off the; #C C adjusts the camera; #C C opens the camera; #C C touches the camera; #C C sets the camera"
    },
    {
        "Video Name": "b8bdd88f-996d-47bc-beb8-3b54c60754ec",
        "Start Frame": 4200,
        "End Frame": 4320,
        "Caption": "#C C looks at the; #C C holds the camera; #C C turns the camera; #C C checks the camera; #C C opens the camera"
    },
    {
        "Video Name": "b8bdd88f-996d-47bc-beb8-3b54c60754ec",
        "Start Frame": 4320,
        "End Frame": 4440,
        "Caption": "#C C puts the camera aside; #C C puts the camera on the table; #C C puts the camera down on the; #C C puts the camera on the table; #C C turns off the camera"
    },
    {
        "Video Name": "b8bdd88f-996d-47bc-beb8-3b54c60754ec",
        "Start Frame": 4440,
        "End Frame": 4560,
        "Caption": "#C C picks camera disk; #C C puts the camera aside; #C C picks the camera from the; #C C picks a pad from the; #C C picks up the camera"
    },
    {
        "Video Name": "b8bdd88f-996d-47bc-beb8-3b54c60754ec",
        "Start Frame": 4560,
        "End Frame": 4680,
        "Caption": "#C C adjusts the camera with his left; #C C moves the camera towards the camera; #C C moves the phone; #C C operates the camera; #C C lifts the camera"
    },
    {
        "Video Name": "b8bdd88f-996d-47bc-beb8-3b54c60754ec",
        "Start Frame": 4680,
        "End Frame": 4800,
        "Caption": "#C C adjusts the camera; #C C adjusts the camera; #C C opens the camera; #C C lifts the camera; #C C opens the camera"
    },
    {
        "Video Name": "b8bdd88f-996d-47bc-beb8-3b54c60754ec",
        "Start Frame": 4800,
        "End Frame": 4920,
        "Caption": "#C C looks at the camera; #C C puts the camera on the; #C C turns the camera ; #C C turns camera ; #C C turns the camera "
    },
    {
        "Video Name": "b8bdd88f-996d-47bc-beb8-3b54c60754ec",
        "Start Frame": 4920,
        "End Frame": 5040,
        "Caption": "#C C takes a photo of the man X; #C C takes a photo with the camera ; #C C removes a camera flash from the camera with his left; #C C adjusts the camera ; #C C takes a picture"
    },
    {
        "Video Name": "b8bdd88f-996d-47bc-beb8-3b54c60754ec",
        "Start Frame": 5040,
        "End Frame": 5160,
        "Caption": "#C C operates the phone; #C C operates the phone; #C C looks at the phone; #C C operates the phone; #C C looks at the phone"
    },
    {
        "Video Name": "b8bdd88f-996d-47bc-beb8-3b54c60754ec",
        "Start Frame": 5160,
        "End Frame": 5280,
        "Caption": "#C C places the camera on the table; #C C puts the camera on the table; #C C picks up a camera from the; #C C places the camera on the table; #C C puts the camera on the table"
    },
    {
        "Video Name": "b8bdd88f-996d-47bc-beb8-3b54c60754ec",
        "Start Frame": 5280,
        "End Frame": 5400,
        "Caption": "#C C turns the camera ; #C C adjusts the camera; #C C opens the camera; #C C picks up the camera.; #C C moves the camera to the"
    }
]