[
    {
        "Video Name": "bd01de0d-994a-4c4e-9009-9577111af977",
        "Start Frame": 0,
        "End Frame": 120,
        "Caption": "#C C fixes the leaves; #c c adjusts the leaves ; #C C touches the leaves ; #c c fixes the leaves; #C C places the leaves on the"
    },
    {
        "Video Name": "bd01de0d-994a-4c4e-9009-9577111af977",
        "Start Frame": 120,
        "End Frame": 240,
        "Caption": "#C C places scissors on the floor; #c c puts the scissor down; #c c removes the leaves from the cart; #c c holds the leaf with both hands; #c c takes a piece of carton"
    },
    {
        "Video Name": "bd01de0d-994a-4c4e-9009-9577111af977",
        "Start Frame": 240,
        "End Frame": 360,
        "Caption": "#c c cuts off piece; #C C cuts a piece of the tape; #C C cuts the leaf; #C C stares at the leaves decoration; #c c puts the piece of the carton on the"
    },
    {
        "Video Name": "bd01de0d-994a-4c4e-9009-9577111af977",
        "Start Frame": 360,
        "End Frame": 480,
        "Caption": "#C C places the leaf on the cardboard; #C C puts a leaf on the cart; #c c places the leaves on the cart; #C C places the leave on the paper; #C C cuts the leaf"
    },
    {
        "Video Name": "bd01de0d-994a-4c4e-9009-9577111af977",
        "Start Frame": 480,
        "End Frame": 600,
        "Caption": "#C C puts the leaves on the box; #c c puts the leaf in the box; #C C picks the leaf from the box; #c c removes the pieces of the cart; #C C picks the leaf from the box"
    },
    {
        "Video Name": "bd01de0d-994a-4c4e-9009-9577111af977",
        "Start Frame": 600,
        "End Frame": 720,
        "Caption": "#c c picks another leaf from the; #C C touches the leaf; #C C puts the leaf on the; #C C picks the leaf; #C C picks a leaf from the"
    },
    {
        "Video Name": "bd01de0d-994a-4c4e-9009-9577111af977",
        "Start Frame": 720,
        "End Frame": 840,
        "Caption": "#c c puts the leaf down; #c c pushes the leaves aside; #C C picks a piece of paper from the; #C C puts the leaves on the fabric; #C C puts the leaf down"
    },
    {
        "Video Name": "bd01de0d-994a-4c4e-9009-9577111af977",
        "Start Frame": 840,
        "End Frame": 960,
        "Caption": "#C C touches the leaves decoration; #C C touches the leaves; #C C speaks to person X; #c c presses the leaves together; #c c puts the leaf on the"
    },
    {
        "Video Name": "bd01de0d-994a-4c4e-9009-9577111af977",
        "Start Frame": 960,
        "End Frame": 1080,
        "Caption": "#c c picks a leaf; #C C picks a leaf from the; #C C picks a leaf from the; #c c picks a leaf from the; #C C takes a leaf from the"
    },
    {
        "Video Name": "bd01de0d-994a-4c4e-9009-9577111af977",
        "Start Frame": 1080,
        "End Frame": 1200,
        "Caption": "#c c rotates the leaves; #C C touches the leaves ; #C C aligns the leaves on the; #c c removes the leaves from the leaf; #c c adjusts the leaves"
    },
    {
        "Video Name": "bd01de0d-994a-4c4e-9009-9577111af977",
        "Start Frame": 1200,
        "End Frame": 1320,
        "Caption": "#C C touches the leaves decoration; #c c moves the leaves; #C C places leaves on the; #C C arranges the leaves; #C C holds the leaves decoration"
    },
    {
        "Video Name": "bd01de0d-994a-4c4e-9009-9577111af977",
        "Start Frame": 1320,
        "End Frame": 1440,
        "Caption": "#C C moves leaves on the floor; #c c takes a leaf; #C C places the leaves on the; #C C puts a leaf on the; #C C looks at the leaves decoration"
    },
    {
        "Video Name": "bd01de0d-994a-4c4e-9009-9577111af977",
        "Start Frame": 1440,
        "End Frame": 1560,
        "Caption": "#c c adjusts the leaves ; #C C touches the leaves decoration; #c c puts the leaves on the; #C C picks a leaf; #c c puts the leaf on the"
    },
    {
        "Video Name": "bd01de0d-994a-4c4e-9009-9577111af977",
        "Start Frame": 1560,
        "End Frame": 1680,
        "Caption": "#C C lifts the leaf; #C C takes the leave; #C C picks a leaf from the; #C C puts down the leaves decoration; #C C puts the leaf on the"
    },
    {
        "Video Name": "bd01de0d-994a-4c4e-9009-9577111af977",
        "Start Frame": 1680,
        "End Frame": 1800,
        "Caption": "#C C removes the leaves from the; #c c takes a leaf from the; #C C places the leaf on the; #C C picks the leaf from the; #C C places the leaf on the"
    },
    {
        "Video Name": "bd01de0d-994a-4c4e-9009-9577111af977",
        "Start Frame": 1800,
        "End Frame": 1920,
        "Caption": "#C C puts down the leaf; #C C touches the leaves decoration; #c c puts the leaf on the; #C C adjusts the leaves decoration; #C C places the leaves on the"
    },
    {
        "Video Name": "bd01de0d-994a-4c4e-9009-9577111af977",
        "Start Frame": 1920,
        "End Frame": 2040,
        "Caption": "#C C touches the leaves; #C C removes the leaves from the basket; #C C moves the leaves in the bucket; #C C takes a leaf from the bucket; #C C picks a leaf from the bucket"
    },
    {
        "Video Name": "bd01de0d-994a-4c4e-9009-9577111af977",
        "Start Frame": 2040,
        "End Frame": 2160,
        "Caption": "#C C touches leaves on the bucket; #C C touches the leaves; #C C touches the leaves; #c c arranges the leaves on the; #C C picks leaves from the bucket"
    },
    {
        "Video Name": "bd01de0d-994a-4c4e-9009-9577111af977",
        "Start Frame": 2160,
        "End Frame": 2280,
        "Caption": "#c c touches the leaves; #C C takes a leaf; #C C touches the leaves decoration; #C C places the leaves on the; #C C picks a leaf"
    },
    {
        "Video Name": "bd01de0d-994a-4c4e-9009-9577111af977",
        "Start Frame": 2280,
        "End Frame": 2400,
        "Caption": "#c c picks a leaf; #C C arranges the leaves; #c c picks a piece of the; #C C arranges the leaves decoration; #c c puts the leaf on the"
    },
    {
        "Video Name": "bd01de0d-994a-4c4e-9009-9577111af977",
        "Start Frame": 2400,
        "End Frame": 2520,
        "Caption": "#C C aligns the leaves ; #C C attaches the leaves on the carton piece; #C C  sticks a piece of paper on the; #C C fixes the leaves on the cardboard; #C C puts the leaves on the cardboard"
    },
    {
        "Video Name": "bd01de0d-994a-4c4e-9009-9577111af977",
        "Start Frame": 2520,
        "End Frame": 2640,
        "Caption": "#C C takes the leaves decoration; #C C takes another pair of; #C C picks the leaf; #C C puts the scissors down; #C C puts down the scissors"
    },
    {
        "Video Name": "bd01de0d-994a-4c4e-9009-9577111af977",
        "Start Frame": 2640,
        "End Frame": 2760,
        "Caption": "#C C picks a scissors; #c c picks a pair of; #C C takes a scissors; #c c picks a sciss; #C C picks a scissors"
    },
    {
        "Video Name": "bd01de0d-994a-4c4e-9009-9577111af977",
        "Start Frame": 2760,
        "End Frame": 2880,
        "Caption": "#c c places the piece of paper on the; #C C puts down the scissors; #C C places a scissors on the floor; #C C places the scissors on the floor; #C C cuts the leaves"
    },
    {
        "Video Name": "bd01de0d-994a-4c4e-9009-9577111af977",
        "Start Frame": 2880,
        "End Frame": 3000,
        "Caption": "#C C cuts the leaf; #C C cuts the leaf; #C C cuts the leaves; #C C touches the leaves; #C C cuts a leaf"
    },
    {
        "Video Name": "bd01de0d-994a-4c4e-9009-9577111af977",
        "Start Frame": 3000,
        "End Frame": 3120,
        "Caption": "#c c puts the leaf on the floor; #C C puts down the scissor; #c c puts the leaf down; #c c moves the bunch of leaves on the; #C C puts down the leaves"
    },
    {
        "Video Name": "bd01de0d-994a-4c4e-9009-9577111af977",
        "Start Frame": 3120,
        "End Frame": 3240,
        "Caption": "#c c removes a piece of the; #c c adjusts the leaves ; #C C puts the leaf on the; #C C puts down the leaf; #c c adjusts the leaves"
    },
    {
        "Video Name": "bd01de0d-994a-4c4e-9009-9577111af977",
        "Start Frame": 3240,
        "End Frame": 3360,
        "Caption": "#c c touches the leaves; #C C presses the leaves ; #C C places the leaf on top of the other; #C C places the leaf on the paper; #c c adjusts the leaves "
    },
    {
        "Video Name": "bd01de0d-994a-4c4e-9009-9577111af977",
        "Start Frame": 3360,
        "End Frame": 3480,
        "Caption": "#C C holds a leaf; #C C touches the leaves decoration; #c c wipes the leaves; #C C touches the leaves decoration; #C C places a leaf on the"
    },
    {
        "Video Name": "bd01de0d-994a-4c4e-9009-9577111af977",
        "Start Frame": 3480,
        "End Frame": 3600,
        "Caption": "#C C places the leaves on the floor; #C C puts the piece of cloth on the; #C C puts down the leaves decoration; #c c puts the leaf on the floor; #C C puts down the leaf"
    },
    {
        "Video Name": "bd01de0d-994a-4c4e-9009-9577111af977",
        "Start Frame": 3600,
        "End Frame": 3720,
        "Caption": "#C C picks a leaf ; #c c picks a leaf from the; #c c picks a piece of paper; #c c picks a leaf from the; #C C puts down a leaf"
    },
    {
        "Video Name": "bd01de0d-994a-4c4e-9009-9577111af977",
        "Start Frame": 3720,
        "End Frame": 3840,
        "Caption": "#c c puts down the bunch; #c c puts the leaf down; #C C puts the leaf on the; #c c puts the leave down; #C C puts down the leaves"
    },
    {
        "Video Name": "bd01de0d-994a-4c4e-9009-9577111af977",
        "Start Frame": 3840,
        "End Frame": 3960,
        "Caption": "#C C moves the leaves decoration; #c c puts down the leaves; #C C adjusts the leaves decoration; #C C looks at the leaves decoration; #C C puts the leaves decoration on the"
    },
    {
        "Video Name": "bd01de0d-994a-4c4e-9009-9577111af977",
        "Start Frame": 3960,
        "End Frame": 4080,
        "Caption": "#C C looks at the leaves; #c c adjusts the leaves ; #C C takes the leave; #c c adjusts the leaves; #c c adjusts the leaves"
    },
    {
        "Video Name": "bd01de0d-994a-4c4e-9009-9577111af977",
        "Start Frame": 4080,
        "End Frame": 4200,
        "Caption": "#C C picks the leaves decoration from the; #C C picks leaves decoration; #C C picks the leaves decoration from the; #C C picks up the branch; #C C puts the plant aside"
    },
    {
        "Video Name": "bd01de0d-994a-4c4e-9009-9577111af977",
        "Start Frame": 4200,
        "End Frame": 4320,
        "Caption": "#c c picks a branch; #c c takes a leaf; #c c adjusts the leaves ; #C C places the leaves decoration on the; #c c takes a leaf"
    },
    {
        "Video Name": "bd01de0d-994a-4c4e-9009-9577111af977",
        "Start Frame": 4320,
        "End Frame": 4440,
        "Caption": "#C C looks around; #C C looks around; #C C looks around; #C C looks at person; #c c walks around"
    },
    {
        "Video Name": "bd01de0d-994a-4c4e-9009-9577111af977",
        "Start Frame": 4440,
        "End Frame": 4560,
        "Caption": "#C C walks forward; #C C walks around the; #C C walks in the; #C C looks around; #C C looks around"
    },
    {
        "Video Name": "bd01de0d-994a-4c4e-9009-9577111af977",
        "Start Frame": 4560,
        "End Frame": 4680,
        "Caption": "#C C walks in the; #C C walks around the; #C C walks to the; #C C walks around; #C C walks around the"
    },
    {
        "Video Name": "bd01de0d-994a-4c4e-9009-9577111af977",
        "Start Frame": 4680,
        "End Frame": 4800,
        "Caption": "#C C looks around the; #C C looks around; #C C looks around; #C C looks around ; #C C looks around"
    },
    {
        "Video Name": "bd01de0d-994a-4c4e-9009-9577111af977",
        "Start Frame": 4800,
        "End Frame": 4920,
        "Caption": "#C C looks at person X; #C C looks at the plants on the; #C C looks around; #c c looks at the plant; #O person X speaks to C"
    },
    {
        "Video Name": "bd01de0d-994a-4c4e-9009-9577111af977",
        "Start Frame": 4920,
        "End Frame": 5040,
        "Caption": "#C C looks at person; #O person X speaks to; #C C talks to person; #C C looks at person; #C C looks at person"
    },
    {
        "Video Name": "bd01de0d-994a-4c4e-9009-9577111af977",
        "Start Frame": 5040,
        "End Frame": 5160,
        "Caption": "#c c looks at the leaves on the; #C C looks at the leaves decoration; #c c puts the leaf down; #c c picks the leaf ; #c c looks at the leaves on the"
    },
    {
        "Video Name": "bd01de0d-994a-4c4e-9009-9577111af977",
        "Start Frame": 5160,
        "End Frame": 5280,
        "Caption": "#c c adjusts the bunch; #C C takes a piece of the; #C C speaks to person X; #C C speaks to person X; #c c adjusts the leaves on the"
    },
    {
        "Video Name": "bd01de0d-994a-4c4e-9009-9577111af977",
        "Start Frame": 5280,
        "End Frame": 5400,
        "Caption": "#c c drops the bunch on the; #C C places the leaf on the; #C C puts down the leaves decoration; #C C removes a piece of the; #c c adjusts a leaf"
    }
]