[
    {
        "Video Name": "bd58f24f-340f-448d-977b-bf49a0575b21",
        "Start Frame": 0,
        "End Frame": 120,
        "Caption": "#C C looks at the mirror; #C C looks at himself in the; #C C stares at the mirror; #C C looks at the mirror ; #C C looks himself on the mirror"
    },
    {
        "Video Name": "bd58f24f-340f-448d-977b-bf49a0575b21",
        "Start Frame": 120,
        "End Frame": 240,
        "Caption": "#C C takes the phone; #C C takes a picture; #C C takes a photo with his phone; #C C hangs the phone on the hanging; #C C lifts a phone"
    },
    {
        "Video Name": "bd58f24f-340f-448d-977b-bf49a0575b21",
        "Start Frame": 240,
        "End Frame": 360,
        "Caption": "#C C takes a picture; #C C scrolls the phone; #C C takes a photo of; #C C uses the phone; #C C operates the phone"
    },
    {
        "Video Name": "bd58f24f-340f-448d-977b-bf49a0575b21",
        "Start Frame": 360,
        "End Frame": 480,
        "Caption": "#C C looks around; #C C walks around the room; #C C looks around ; #C C looks around the house; #C C walks around the room"
    },
    {
        "Video Name": "bd58f24f-340f-448d-977b-bf49a0575b21",
        "Start Frame": 480,
        "End Frame": 600,
        "Caption": "#C C looks around the house; #C C looks around the room; #C C looks around the house; #C C looks around; #C C looks around"
    },
    {
        "Video Name": "bd58f24f-340f-448d-977b-bf49a0575b21",
        "Start Frame": 600,
        "End Frame": 720,
        "Caption": "#O person X touches the cloth; #C C picks the phone ; #C C adjusts the camera; #C C looks around the room; #C C looks around the house"
    },
    {
        "Video Name": "bd58f24f-340f-448d-977b-bf49a0575b21",
        "Start Frame": 720,
        "End Frame": 840,
        "Caption": "#C C operates phone; #C C looks at the; #C C looks at phone; #C C uses the phone; #C C uses phone"
    },
    {
        "Video Name": "bd58f24f-340f-448d-977b-bf49a0575b21",
        "Start Frame": 840,
        "End Frame": 960,
        "Caption": "#C C operates a phone; #C C scrolls the phone ; #C C looks at the phone; #C C uses phone; #C C dials phone"
    },
    {
        "Video Name": "bd58f24f-340f-448d-977b-bf49a0575b21",
        "Start Frame": 960,
        "End Frame": 1080,
        "Caption": "#C C scrolls through a; #C C uses the phone; #C C looks at the; #C C stares at the; #C C stares at the"
    },
    {
        "Video Name": "bd58f24f-340f-448d-977b-bf49a0575b21",
        "Start Frame": 1080,
        "End Frame": 1200,
        "Caption": "#C C drops the bag on the floor with his left hand; #C C opens the bag ; #C C opens the bag ; #C C opens the bag; #C C opens the bag"
    },
    {
        "Video Name": "bd58f24f-340f-448d-977b-bf49a0575b21",
        "Start Frame": 1200,
        "End Frame": 1320,
        "Caption": "#C C opens a bag with both hands; #C C puts the screw in a bag; #C C picks up the power bank from the bag; #C C takes out a cord from the bag on the floor with his right hand; #C C removes a battery from the bag with his right hand. "
    },
    {
        "Video Name": "bd58f24f-340f-448d-977b-bf49a0575b21",
        "Start Frame": 1320,
        "End Frame": 1440,
        "Caption": "#C C picks a sweater from the bag; #C C places the bag on the floor; #C C picks the cloth; #C C picks a trouser; #C C removes a shirt from the bag"
    },
    {
        "Video Name": "bd58f24f-340f-448d-977b-bf49a0575b21",
        "Start Frame": 1440,
        "End Frame": 1560,
        "Caption": "#C C stands in the room ; #C C looks around; #C C puts the clothes on the; #C C looks around; #C C walks around"
    },
    {
        "Video Name": "bd58f24f-340f-448d-977b-bf49a0575b21",
        "Start Frame": 1560,
        "End Frame": 1680,
        "Caption": "#C C picks a phone; #C C adjusts a camera; #C C looks around; #C C looks around the; #C C looks around "
    },
    {
        "Video Name": "bd58f24f-340f-448d-977b-bf49a0575b21",
        "Start Frame": 1680,
        "End Frame": 1800,
        "Caption": "#C C looks around; #C C looks around; #C C looks around the house; #C C looks around; #C C looks around the room"
    },
    {
        "Video Name": "bd58f24f-340f-448d-977b-bf49a0575b21",
        "Start Frame": 1800,
        "End Frame": 1920,
        "Caption": "#C C looks at himself on the; #C C looks at the mirror; #C C looks himself on the mirror; #C C uses the phone ; #C C holds a phone"
    },
    {
        "Video Name": "bd58f24f-340f-448d-977b-bf49a0575b21",
        "Start Frame": 1920,
        "End Frame": 2040,
        "Caption": "#C C takes a photo; #C C takes a photo ; #C C takes a photo; #C C puts a phone on the; #C C takes a photo"
    },
    {
        "Video Name": "bd58f24f-340f-448d-977b-bf49a0575b21",
        "Start Frame": 2040,
        "End Frame": 2160,
        "Caption": "#C C uses phone; #C C looks at the; #C C uses the phone; #C C operates a phone; #C C looks at the"
    },
    {
        "Video Name": "bd58f24f-340f-448d-977b-bf49a0575b21",
        "Start Frame": 2160,
        "End Frame": 2280,
        "Caption": "#C C uses phone; #C C uses phone; #C C looks at the phone; #C C uses the phone; #C C takes a picture of the"
    },
    {
        "Video Name": "bd58f24f-340f-448d-977b-bf49a0575b21",
        "Start Frame": 2280,
        "End Frame": 2400,
        "Caption": "#C C holds the; #C C holds phone; #C C uses his; #C C uses the; #C C operates the"
    },
    {
        "Video Name": "bd58f24f-340f-448d-977b-bf49a0575b21",
        "Start Frame": 2400,
        "End Frame": 2520,
        "Caption": "#C C operates the phone ; #C C looks at the phone; #C C uses the phone; #C C operates the phone ; #C C uses the phone"
    },
    {
        "Video Name": "bd58f24f-340f-448d-977b-bf49a0575b21",
        "Start Frame": 2520,
        "End Frame": 2640,
        "Caption": "#C C operates the phone; #C C operates the phone; #C C looks at the; #C C uses the phone; #C C operates the phone"
    },
    {
        "Video Name": "bd58f24f-340f-448d-977b-bf49a0575b21",
        "Start Frame": 2640,
        "End Frame": 2760,
        "Caption": "#C C looks at the; #C C looks at the; #C C looks at the; #C C converses with; #C C looks at the"
    },
    {
        "Video Name": "bd58f24f-340f-448d-977b-bf49a0575b21",
        "Start Frame": 2760,
        "End Frame": 2880,
        "Caption": "#C C looks around ; #C C looks around the room; #C C uses phone ; #C C looks around the room; #C C puts the phone on the"
    },
    {
        "Video Name": "bd58f24f-340f-448d-977b-bf49a0575b21",
        "Start Frame": 2880,
        "End Frame": 3000,
        "Caption": "#C C uses phone; #C C uses a phone; #C C operates a phone; #C C operates a phone; #C C looks around "
    },
    {
        "Video Name": "bd58f24f-340f-448d-977b-bf49a0575b21",
        "Start Frame": 3000,
        "End Frame": 3120,
        "Caption": "#C C looks around; #c c puts phone down; #C C walks in the room; #C C looks around; #C C dialogues with person"
    },
    {
        "Video Name": "bd58f24f-340f-448d-977b-bf49a0575b21",
        "Start Frame": 3120,
        "End Frame": 3240,
        "Caption": "#C C looks around; #C C looks around; #c c puts phone down; #C C looks around; #C C picks up the"
    },
    {
        "Video Name": "bd58f24f-340f-448d-977b-bf49a0575b21",
        "Start Frame": 3240,
        "End Frame": 3360,
        "Caption": "#C C picks a; #C C looks around; #C C takes the; #C C looks around; #C C looks around"
    },
    {
        "Video Name": "bd58f24f-340f-448d-977b-bf49a0575b21",
        "Start Frame": 3360,
        "End Frame": 3480,
        "Caption": "#C C moves around; #C C picks the neck; #C C looks around; #C C looks around; #C C picks the shoes"
    },
    {
        "Video Name": "bd58f24f-340f-448d-977b-bf49a0575b21",
        "Start Frame": 3480,
        "End Frame": 3600,
        "Caption": "#C C puts the shirt on the; #C C puts the cloth on the; #C C places the cloth on the; #C C puts cloth on the table; #C C spreads the cloth on the"
    },
    {
        "Video Name": "bd58f24f-340f-448d-977b-bf49a0575b21",
        "Start Frame": 3600,
        "End Frame": 3720,
        "Caption": "#C C stares around the house; #C C looks around ; #C C adjusts the camera; #C C puts the cloth on the chair; #C C looks around the room"
    },
    {
        "Video Name": "bd58f24f-340f-448d-977b-bf49a0575b21",
        "Start Frame": 3720,
        "End Frame": 3840,
        "Caption": "#C C looks around; #C C looks around the house; #C C looks around; #C C looks around the house; #C C looks around "
    },
    {
        "Video Name": "bd58f24f-340f-448d-977b-bf49a0575b21",
        "Start Frame": 3840,
        "End Frame": 3960,
        "Caption": "#C C looks at the window; #C C looks outside the window; #C C looks through the window; #C C looks around; #C C looks through the window"
    },
    {
        "Video Name": "bd58f24f-340f-448d-977b-bf49a0575b21",
        "Start Frame": 3960,
        "End Frame": 4080,
        "Caption": "#C C walks in the house; #C C walks to the living; #C C walks around; #C C walks around the house; #C C walks in the room"
    },
    {
        "Video Name": "bd58f24f-340f-448d-977b-bf49a0575b21",
        "Start Frame": 4080,
        "End Frame": 4200,
        "Caption": "#C C walks around the house; #C C moves around; #C C walks around the room; #C C walks in the house; #C C walks in the room"
    },
    {
        "Video Name": "bd58f24f-340f-448d-977b-bf49a0575b21",
        "Start Frame": 4200,
        "End Frame": 4320,
        "Caption": "#C C walks around the; #C C walks in the; #C C walks around the; #C C looks around ; #C C walks around the"
    },
    {
        "Video Name": "bd58f24f-340f-448d-977b-bf49a0575b21",
        "Start Frame": 4320,
        "End Frame": 4440,
        "Caption": "#C C walks around the; #C C walks in the; #C C walks around the; #C C walks around the; #C C walks in the"
    },
    {
        "Video Name": "bd58f24f-340f-448d-977b-bf49a0575b21",
        "Start Frame": 4440,
        "End Frame": 4560,
        "Caption": "#C C takes a bowl; #C C picks a plastic tin; #C C puts the tissue on the; #C C puts the tissue on the; #C C picks the serviette"
    },
    {
        "Video Name": "bd58f24f-340f-448d-977b-bf49a0575b21",
        "Start Frame": 4560,
        "End Frame": 4680,
        "Caption": "#C C picks a packet of snacks; #C C puts food on the table; #C C looks around ; #C C picks a packet of snacks; #C C places the packet on the"
    },
    {
        "Video Name": "bd58f24f-340f-448d-977b-bf49a0575b21",
        "Start Frame": 4680,
        "End Frame": 4800,
        "Caption": "#C C picks a plate of cookies from the; #C C picks up the plate from the table; #C C picks the snack from the table; #C C picks a plate ; #C C picks a plate"
    },
    {
        "Video Name": "bd58f24f-340f-448d-977b-bf49a0575b21",
        "Start Frame": 4800,
        "End Frame": 4920,
        "Caption": "#C C puts the plate on the table.; #C C puts the packet on the table; #C C looks around; #C C picks a plate of snacks from the table with his right hand; #C C puts the packet of cookies on the counter"
    },
    {
        "Video Name": "bd58f24f-340f-448d-977b-bf49a0575b21",
        "Start Frame": 4920,
        "End Frame": 5040,
        "Caption": "#C C picks a box of cookies from a table with her right hand; #C C puts a snack on the table.; #C C picks the cakes; #C C picks a pack of cookies; #C C puts the cookies on the table."
    },
    {
        "Video Name": "bd58f24f-340f-448d-977b-bf49a0575b21",
        "Start Frame": 5040,
        "End Frame": 5160,
        "Caption": "#C C picks the bottle from the cup; #C C puts the bottle on the shelf; #C C picks a bottle ; #C C puts the bottle on the shelf; #C C picks a bottle from the shelf"
    },
    {
        "Video Name": "bd58f24f-340f-448d-977b-bf49a0575b21",
        "Start Frame": 5160,
        "End Frame": 5280,
        "Caption": "#C C walks around; #C C walks in the house; #C C walks around the house; #C C walks around; #C C walks towards the table"
    },
    {
        "Video Name": "bd58f24f-340f-448d-977b-bf49a0575b21",
        "Start Frame": 5280,
        "End Frame": 5400,
        "Caption": "#C C puts a bottle on the; #C C picks the carton; #C C puts the box on the; #C C picks the paper on the; #C C touches the table"
    }
]