[
    {
        "Video Name": "bd5c107d-3d17-418c-a315-9d6b85072aef",
        "Start Frame": 0,
        "End Frame": 120,
        "Caption": "#C C turns the camera lens; #C C folds the paperboard.; #C C examines the camera lens.; #C C raises the camera model.; #C C holds the piece of paper camera"
    },
    {
        "Video Name": "bd5c107d-3d17-418c-a315-9d6b85072aef",
        "Start Frame": 120,
        "End Frame": 240,
        "Caption": "#C C looks at the paper; #C C holds the carton.; #C C inserts the piece of cardboard in the cardboard camera model; #C C holds the box and paperboard; #C C applies glue on the cardboard"
    },
    {
        "Video Name": "bd5c107d-3d17-418c-a315-9d6b85072aef",
        "Start Frame": 240,
        "End Frame": 360,
        "Caption": "#C C puts the cardboard camera model on the table.; #C C fixes the cardboard camera model.; #C C folds the cardboard camera model.; #C C puts the piece of paper on the cardboard camera model; #C C puts the cardboard camera model on the table."
    },
    {
        "Video Name": "bd5c107d-3d17-418c-a315-9d6b85072aef",
        "Start Frame": 360,
        "End Frame": 480,
        "Caption": "#C C lifts the camera model.; #C C adjusts the cardboard camera model.; #C C adjusts the craft on the table.; #C C looks at the camera model.; #C C looks at the paperboard camera model."
    },
    {
        "Video Name": "bd5c107d-3d17-418c-a315-9d6b85072aef",
        "Start Frame": 480,
        "End Frame": 600,
        "Caption": "#C C turns to the right; #C C looks around the table; #C C looks around the table; #C C looks around the table; #C C looks at the table"
    },
    {
        "Video Name": "bd5c107d-3d17-418c-a315-9d6b85072aef",
        "Start Frame": 600,
        "End Frame": 720,
        "Caption": "#C C looks at the table.; #C C looks around the table; #C C looks towards the table.; #C C looks around the table.; #C C turns to the book on the table"
    },
    {
        "Video Name": "bd5c107d-3d17-418c-a315-9d6b85072aef",
        "Start Frame": 720,
        "End Frame": 840,
        "Caption": "#C C looks at the sketch book.; #C C looks at the paperboard camera model ; #C C holds the cardboard camera model with both hands; #C C drops the cardboard camera model.; #C C looks at the paperboard camera model"
    },
    {
        "Video Name": "bd5c107d-3d17-418c-a315-9d6b85072aef",
        "Start Frame": 840,
        "End Frame": 960,
        "Caption": "#C C reads the manual; #C C turns to the book on the table; #C C looks at the sketch paper.; #C C looks at the sketch book.; #C C picks the puzzle piece from the table"
    },
    {
        "Video Name": "bd5c107d-3d17-418c-a315-9d6b85072aef",
        "Start Frame": 960,
        "End Frame": 1080,
        "Caption": "#C C adjusts the instruction manual on the table. ; #C C drops the instruction manual on the table. ; #C C picks the paper on the table with her left hand; #C C looks at the manual. ; #C C moves the manual."
    },
    {
        "Video Name": "bd5c107d-3d17-418c-a315-9d6b85072aef",
        "Start Frame": 1080,
        "End Frame": 1200,
        "Caption": "#C C holds the paper tape with both hands; #C C picks up the piece of paper from the table with her right; #C C puts the paper tape on the table.; #C C picks up the paperboard.; #C C picks up the paper tape from the table."
    },
    {
        "Video Name": "bd5c107d-3d17-418c-a315-9d6b85072aef",
        "Start Frame": 1200,
        "End Frame": 1320,
        "Caption": "#C C picks up a piece of paper on the table with her left; #C C takes a paper from the table.; #C C picks up the white carton on the table with her left; #C C picks a cardboard box from the table.; #C C picks up a piece of carton."
    },
    {
        "Video Name": "bd5c107d-3d17-418c-a315-9d6b85072aef",
        "Start Frame": 1320,
        "End Frame": 1440,
        "Caption": "#C C drops the paperboard in her left hand on the; #C C removes the paper from the carton; #C C folds the paperboard. ; #C C picks up the paperboard on the table ; #C C holds the paperboard"
    },
    {
        "Video Name": "bd5c107d-3d17-418c-a315-9d6b85072aef",
        "Start Frame": 1440,
        "End Frame": 1560,
        "Caption": "#C C looks at the sketch book.; #C C holds the cardboard camera model with both hands; #C C folds the paperboard.; #C C removes a hand from the craft; #C C removes a hand from the craft"
    },
    {
        "Video Name": "bd5c107d-3d17-418c-a315-9d6b85072aef",
        "Start Frame": 1560,
        "End Frame": 1680,
        "Caption": "#C C places the cardboard model on the table.; #C C inserts the piece of the cardboard into the cardboard camera model.; #C C folds the cardboard camera model.; #C C places the cardboard camera model on the table. ; #C C looks at the carton."
    },
    {
        "Video Name": "bd5c107d-3d17-418c-a315-9d6b85072aef",
        "Start Frame": 1680,
        "End Frame": 1800,
        "Caption": "#C C picks up a paper on the table with her left; #C C picks up the piece of paper; #C C takes a piece of paper from the table. ; #C C takes a paper from the table.; #C C drops the paper on the table."
    },
    {
        "Video Name": "bd5c107d-3d17-418c-a315-9d6b85072aef",
        "Start Frame": 1800,
        "End Frame": 1920,
        "Caption": "#C C cuts out a piece of the seal tape from the pack; #C C cuts the nylon of the nylon with the scissors.; #C C cuts the sticker; #C C cuts the paper with the scissors; #C C cuts the seal"
    },
    {
        "Video Name": "bd5c107d-3d17-418c-a315-9d6b85072aef",
        "Start Frame": 1920,
        "End Frame": 2040,
        "Caption": "#C C opens the nylon; #C C opens the zip lock bag; #C C opens the zip lock bag.; #C C opens the nylon of the nylon; #C C opens the nylon paper "
    },
    {
        "Video Name": "bd5c107d-3d17-418c-a315-9d6b85072aef",
        "Start Frame": 2040,
        "End Frame": 2160,
        "Caption": "#C C places the cardboard paper on her right hand on the pieces of paper on her left; #C C removes a piece of paper from the piece of paper. ; #C C detaches the white double-sided paper from the brown one.; #C C folds the piece of paper. ; #C C holds the paper with her left hand"
    },
    {
        "Video Name": "bd5c107d-3d17-418c-a315-9d6b85072aef",
        "Start Frame": 2160,
        "End Frame": 2280,
        "Caption": "#C C pulls out a piece of paper from the  paper on her left; #C C removes a piece of the paper; #C C removes a piece of paper from the envelope; #C C folds the piece of paper. ; #C C tears the paper."
    },
    {
        "Video Name": "bd5c107d-3d17-418c-a315-9d6b85072aef",
        "Start Frame": 2280,
        "End Frame": 2400,
        "Caption": "#C C cuts the piece of the sellotape; #C C cuts the tape off the paper; #C C places the piece of masking tape on the table; #C C drops the cut-out paper tape on the table.; #C C cuts the piece of the sellotape"
    },
    {
        "Video Name": "bd5c107d-3d17-418c-a315-9d6b85072aef",
        "Start Frame": 2400,
        "End Frame": 2520,
        "Caption": "#C C folds the piece of paper. ; #C C picks the card box craft; #C C tears out a piece of paper from the paper; #C C removes the paper from the cardboard camera model.; #C C removes a tape from the paper on the table"
    },
    {
        "Video Name": "bd5c107d-3d17-418c-a315-9d6b85072aef",
        "Start Frame": 2520,
        "End Frame": 2640,
        "Caption": "#C C joins the paperboard.; #C C attaches the cardboard camera model together with both hands.; #C C removes the piece of paperboard on the paperboard camera; #C C looks at the box craft; #C C stares at the assembled pieces."
    },
    {
        "Video Name": "bd5c107d-3d17-418c-a315-9d6b85072aef",
        "Start Frame": 2640,
        "End Frame": 2760,
        "Caption": "#C C raises her left hand briefly.; #C C raises her right hand briefly.; #C C picks the puzzle piece from the table with her left hand; #C C raises her left hand briefly.; #C C reads the paper"
    },
    {
        "Video Name": "bd5c107d-3d17-418c-a315-9d6b85072aef",
        "Start Frame": 2760,
        "End Frame": 2880,
        "Caption": "#C C reads the manual; #C C reads the sketch; #C C looks at the; #C C picks up the; #C C reads the blueprint"
    },
    {
        "Video Name": "bd5c107d-3d17-418c-a315-9d6b85072aef",
        "Start Frame": 2880,
        "End Frame": 3000,
        "Caption": "#C C looks at the manual.; #C C looks at the instruction manual.; #C C drops his left hand on the table; #C C raises his right hand briefly.; #C C drops the paperboard on the table"
    },
    {
        "Video Name": "bd5c107d-3d17-418c-a315-9d6b85072aef",
        "Start Frame": 3000,
        "End Frame": 3120,
        "Caption": "#C C picks a cardboard from the table with her left hand; #C C picks up a tape from the table with his left; #C C picks up a cello tape on the table.; #C C picks the paper tape from the table.; #C C picks up a piece of cardboard from the table."
    },
    {
        "Video Name": "bd5c107d-3d17-418c-a315-9d6b85072aef",
        "Start Frame": 3120,
        "End Frame": 3240,
        "Caption": "#C C moves the paper on the table with her left hand; #C C raises the cardboard paper from the table.; #C C drops the paper on the table.; #C C moves the paper; #C C picks the paperboard "
    },
    {
        "Video Name": "bd5c107d-3d17-418c-a315-9d6b85072aef",
        "Start Frame": 3240,
        "End Frame": 3360,
        "Caption": "#C C reads the book; #C C turns the instruction manual to the other page.; #C C reads the manual; #C C drops the manual on the table.; #C C flips the page of the book to the other side"
    },
    {
        "Video Name": "bd5c107d-3d17-418c-a315-9d6b85072aef",
        "Start Frame": 3360,
        "End Frame": 3480,
        "Caption": "#C C picks up the cardboard paper from the table with her right; #C C adjusts the paper on the table with her left hand; #C C holds the cardboard paper to the table with her left hand; #C C reads the manual.; #C C picks the cardboard model from the table with her left hand"
    },
    {
        "Video Name": "bd5c107d-3d17-418c-a315-9d6b85072aef",
        "Start Frame": 3480,
        "End Frame": 3600,
        "Caption": "#C C folds the piece of paper. ; #C C folds the cardboard. ; #C C folds the piece of cardboard. ; #C C folds the piece of paper. ; #C C looks at the piece of paper."
    },
    {
        "Video Name": "bd5c107d-3d17-418c-a315-9d6b85072aef",
        "Start Frame": 3600,
        "End Frame": 3720,
        "Caption": "#C C passes the small piece to the right hand.; #C C removes a part of the cardboard model. ; #C C passes the cut-out piece of cardboard from her right hand to her left hand; #C C removes a piece of cardboard from the cardboard.; #C C passes the cut-out part of the cardboard piece to her left hand."
    },
    {
        "Video Name": "bd5c107d-3d17-418c-a315-9d6b85072aef",
        "Start Frame": 3720,
        "End Frame": 3840,
        "Caption": "#C C drops the cut out piece of the cardboard on the table. ; #C C drops the piece of cardboard on the table; #C C drops the cut-out piece of cardboard on the table with her right hand.; #C C drops the cut-out piece of cardboard on the table. ; #C C puts the pieces of cardboard down"
    },
    {
        "Video Name": "bd5c107d-3d17-418c-a315-9d6b85072aef",
        "Start Frame": 3840,
        "End Frame": 3960,
        "Caption": "#C C folds the piece of cardboard. ; #C C looks at the piece of the cardboard; #C C looks at the manual.; #C C looks at the piece of cardboard.; #C C folds the piece of cardboard. "
    },
    {
        "Video Name": "bd5c107d-3d17-418c-a315-9d6b85072aef",
        "Start Frame": 3960,
        "End Frame": 4080,
        "Caption": "#C C looks at the paper.; #C C looks at the manual; #C C looks at the manual.; #C C looks at the paper on the; #C C reads the manual"
    },
    {
        "Video Name": "bd5c107d-3d17-418c-a315-9d6b85072aef",
        "Start Frame": 4080,
        "End Frame": 4200,
        "Caption": "#C C looks at the book on the; #C C looks at the sketch book.; #C C reads the manual; #C C reads the instructions; #C C looks at the paper on the"
    },
    {
        "Video Name": "bd5c107d-3d17-418c-a315-9d6b85072aef",
        "Start Frame": 4200,
        "End Frame": 4320,
        "Caption": "#C C picks up the piece of cardboard.; #C C picks a piece of cardboard; #C C drops the piece of cardboard on the table; #C C picks up a piece of cardboard.; #C C picks the piece of paper. "
    },
    {
        "Video Name": "bd5c107d-3d17-418c-a315-9d6b85072aef",
        "Start Frame": 4320,
        "End Frame": 4440,
        "Caption": "#C C folds the piece of cardboard. ; #C C tears the piece of cardboard in two. ; #C C puts the pieces together.; #C C removes the piece of the cardboard from the cardboard. ; #C C detaches the piece of cardboard from the cardboard piece with her hands."
    },
    {
        "Video Name": "bd5c107d-3d17-418c-a315-9d6b85072aef",
        "Start Frame": 4440,
        "End Frame": 4560,
        "Caption": "#C C drops the cardboard paper on the table; #C C reads the manual; #C C drops the instruction manual on the table; #C C reads the manual; #C C puts the paper down"
    },
    {
        "Video Name": "bd5c107d-3d17-418c-a315-9d6b85072aef",
        "Start Frame": 4560,
        "End Frame": 4680,
        "Caption": "#C C folds the piece of cardboard. ; #C C removes the cut-out part of the cardboard from the cardboard. ; #C C folds the piece.; #C C removes the cut-out part of the carboard piece with her left hand.; #C C removes a white double-sided tape from the piece of cardboard. "
    },
    {
        "Video Name": "bd5c107d-3d17-418c-a315-9d6b85072aef",
        "Start Frame": 4680,
        "End Frame": 4800,
        "Caption": "#C C touches the carton on the table; #C C drops the cut-out part of the cardboard camera model; #C C holds the cardboard camera model.; #C C holds the cardboard camera model.; #C C looks at the piece of paper."
    },
    {
        "Video Name": "bd5c107d-3d17-418c-a315-9d6b85072aef",
        "Start Frame": 4800,
        "End Frame": 4920,
        "Caption": "#C C looks at the piece of cardboard. ; #C C holds the piece with both hands.; #C C holds the piece of cardboard with both hands.; #C C folds the piece of cardboard. ; #C C folds the piece of cardboard. "
    },
    {
        "Video Name": "bd5c107d-3d17-418c-a315-9d6b85072aef",
        "Start Frame": 4920,
        "End Frame": 5040,
        "Caption": "#C C holds the piece of cardboard. ; #C C picks the small piece of cardboard. ; #C C holds the piece of cardboard with both hands.; #C C turns the piece.; #C C drops the piece of cardboard on the table."
    },
    {
        "Video Name": "bd5c107d-3d17-418c-a315-9d6b85072aef",
        "Start Frame": 5040,
        "End Frame": 5160,
        "Caption": "#C C picks up a cut-out piece of cardboard from the table; #C C picks up the cardboard paper from the table with her left hand; #C C picks up the cardboard papers from the table; #C C drops the cut-out piece of cardboard on the table.; #C C takes the  piece of cardboard "
    },
    {
        "Video Name": "bd5c107d-3d17-418c-a315-9d6b85072aef",
        "Start Frame": 5160,
        "End Frame": 5280,
        "Caption": "#C C picks the manual booklet on the table; #C C drops the puzzle manual on the table; #C C puts the manual down; #C C reads the manual.; #C C reads the manual."
    },
    {
        "Video Name": "bd5c107d-3d17-418c-a315-9d6b85072aef",
        "Start Frame": 5280,
        "End Frame": 5400,
        "Caption": "#C C examines the book; #C C looks at the book; #C C looks at the book; #C C reads the manual.; #C C holds the book with both"
    }
]