[
    {
        "Video Name": "bdd542a6-41c1-4119-b89d-101405d581df",
        "Start Frame": 0,
        "End Frame": 120,
        "Caption": "#C C opens the fridge; #C C opens the fridge; #C C opens the fridge; #C C opens the fridge; #C C opens the fridge"
    },
    {
        "Video Name": "bdd542a6-41c1-4119-b89d-101405d581df",
        "Start Frame": 120,
        "End Frame": 240,
        "Caption": "#C C opens the drawer; #C C pulls a crisper ; #C C opens a drawer; #C C picks a tin from the; #C C opens the drawer"
    },
    {
        "Video Name": "bdd542a6-41c1-4119-b89d-101405d581df",
        "Start Frame": 240,
        "End Frame": 360,
        "Caption": "#C C puts the cucumber on the table; #C C puts the cucumber in the fridge; #C C puts the cucumber in the cabinet; #C C puts the broccoli on the counter.; #C C puts the cucumber in the fridge"
    },
    {
        "Video Name": "bdd542a6-41c1-4119-b89d-101405d581df",
        "Start Frame": 360,
        "End Frame": 480,
        "Caption": "#C C opens the fridge; #C C opens a fridge; #C C closes the fridge; #C C opens the fridge; #C C pushes the fridge shelf"
    },
    {
        "Video Name": "bdd542a6-41c1-4119-b89d-101405d581df",
        "Start Frame": 480,
        "End Frame": 600,
        "Caption": "#C C looks at the tomatoes ; #C C puts pepper on the nylon bag ; #C C removes the pepper from the polythene; #C C picks the bell pepper; #C C puts the capsicum in the paper"
    },
    {
        "Video Name": "bdd542a6-41c1-4119-b89d-101405d581df",
        "Start Frame": 600,
        "End Frame": 720,
        "Caption": "#C C picks up capsicum; #C C picks bell pepper; #C C picks the red pepper; #C C takes the bell pepper; #C C picks a yellow pepper"
    },
    {
        "Video Name": "bdd542a6-41c1-4119-b89d-101405d581df",
        "Start Frame": 720,
        "End Frame": 840,
        "Caption": "#C C puts the pepper in the cabinet.; #C C puts pepper in the cabinet ; #C C puts the tomatoes in the cabinet.; #C C puts the bell pepper in the fridge; #C C puts the bell pepper in the drawer"
    },
    {
        "Video Name": "bdd542a6-41c1-4119-b89d-101405d581df",
        "Start Frame": 840,
        "End Frame": 960,
        "Caption": "#C C opens the cup; #C C opens the cabinet; #C C opens a kitchen; #C C opens a drawer; #C C opens the cabinet"
    },
    {
        "Video Name": "bdd542a6-41c1-4119-b89d-101405d581df",
        "Start Frame": 960,
        "End Frame": 1080,
        "Caption": "#C C takes chopping board; #C C takes a chopping board from the; #C C picks chopping board; #C C closes the cupboard ; #C C picks the chopping board from the"
    },
    {
        "Video Name": "bdd542a6-41c1-4119-b89d-101405d581df",
        "Start Frame": 1080,
        "End Frame": 1200,
        "Caption": "#C C puts chopping board on the counter; #C C picks up a chopping board.; #C C puts the chopping board on the; #C C takes the chopping board ; #C C moves the chopping board "
    },
    {
        "Video Name": "bdd542a6-41c1-4119-b89d-101405d581df",
        "Start Frame": 1200,
        "End Frame": 1320,
        "Caption": "#C C picks up the knife; #C C picks the knife ; #C C picks up a knife; #C C picks up the knife; #C C picks the knife."
    },
    {
        "Video Name": "bdd542a6-41c1-4119-b89d-101405d581df",
        "Start Frame": 1320,
        "End Frame": 1440,
        "Caption": "#C C picks a packet of garlic; #C C puts the garlic in the kitchen; #C C opens the cabinet; #C C puts the garlic in the cabinet; #C C puts the ingredients in the cabinet"
    },
    {
        "Video Name": "bdd542a6-41c1-4119-b89d-101405d581df",
        "Start Frame": 1440,
        "End Frame": 1560,
        "Caption": "#C C picks onion from the cupboard; #C C picks onion.; #C C picks the onion from the cabinet; #C C opens a cabinet.; #C C opens the cabinet."
    },
    {
        "Video Name": "bdd542a6-41c1-4119-b89d-101405d581df",
        "Start Frame": 1560,
        "End Frame": 1680,
        "Caption": "#C C tears the onion; #C C picks a carrot; #C C holds the onion; #C C picks the onion; #C C peels the"
    },
    {
        "Video Name": "bdd542a6-41c1-4119-b89d-101405d581df",
        "Start Frame": 1680,
        "End Frame": 1800,
        "Caption": "#C C chops the cucumber; #C C chops the cucumber; #C C slices the cucumber; #C C chops the cucumber; #C C slices the cucumber"
    },
    {
        "Video Name": "bdd542a6-41c1-4119-b89d-101405d581df",
        "Start Frame": 1800,
        "End Frame": 1920,
        "Caption": "#C C cuts the cucumber.; #C C chops the cucumber.; #C C chops the cucumber.; #C C cuts the cucumber with a knife; #C C slices the cucumber."
    },
    {
        "Video Name": "bdd542a6-41c1-4119-b89d-101405d581df",
        "Start Frame": 1920,
        "End Frame": 2040,
        "Caption": "#C C cuts the cucumber; #C C cuts the cucumber; #C C cuts the cucumber; #C C chops cucumber.; #C C cuts the cucumber"
    },
    {
        "Video Name": "bdd542a6-41c1-4119-b89d-101405d581df",
        "Start Frame": 2040,
        "End Frame": 2160,
        "Caption": "#C C puts the knife in the drawer; #C C puts the cucumber in the; #C C puts the knife in the drawer; #C C closes the drawer ; #C C closes the drawer"
    },
    {
        "Video Name": "bdd542a6-41c1-4119-b89d-101405d581df",
        "Start Frame": 2160,
        "End Frame": 2280,
        "Caption": "#C C picks a spoon; #C C takes a spoon from the; #C C opens the drawer; #C C picks a spoon; #C C opens the drawer"
    },
    {
        "Video Name": "bdd542a6-41c1-4119-b89d-101405d581df",
        "Start Frame": 2280,
        "End Frame": 2400,
        "Caption": "#C C picks a cucumber; #C C walks towards the kitchen; #C C walks in the kitchen; #C C closes the dustbin; #C C puts the cucumber in the dust"
    },
    {
        "Video Name": "bdd542a6-41c1-4119-b89d-101405d581df",
        "Start Frame": 2400,
        "End Frame": 2520,
        "Caption": "#C C peels off the banana skin; #C C peels the bulb fruit; #C C peels off the outer layer of the cuc; #C C peels the eggplant; #C C peels the coco yam."
    },
    {
        "Video Name": "bdd542a6-41c1-4119-b89d-101405d581df",
        "Start Frame": 2520,
        "End Frame": 2640,
        "Caption": "#C C peels the banana; #C C peels the banana; #C C removes the banana peel from the container ; #C C removes the banana peels from the plastic container; #C C peels the banana with his hand"
    },
    {
        "Video Name": "bdd542a6-41c1-4119-b89d-101405d581df",
        "Start Frame": 2640,
        "End Frame": 2760,
        "Caption": "#C C peels off the onion skin; #C C peels off the cucumber; #C C peels the onion; #C C peels the cucumber; #C C peels off the outer part of the"
    },
    {
        "Video Name": "bdd542a6-41c1-4119-b89d-101405d581df",
        "Start Frame": 2760,
        "End Frame": 2880,
        "Caption": "#C C puts the banana peel on the table; #C C puts the cabbage in the dustbin; #C C puts the cucumber on the table; #C C places the cucumber on the table; #C C puts the food on the chopping board"
    },
    {
        "Video Name": "bdd542a6-41c1-4119-b89d-101405d581df",
        "Start Frame": 2880,
        "End Frame": 3000,
        "Caption": "#C C peels off the banana; #C C peels off the outer layer of the; #C C peels off the banana; #C C removes the banana peels from the tin; #C C peels the banana"
    },
    {
        "Video Name": "bdd542a6-41c1-4119-b89d-101405d581df",
        "Start Frame": 3000,
        "End Frame": 3120,
        "Caption": "#C C peels off the outer layer of the cabbage; #C C puts the banana peels in the dustbin; #C C removes the peels on the green onion with; #C C peels off the outer layer of the banana; #C C peels the banana"
    },
    {
        "Video Name": "bdd542a6-41c1-4119-b89d-101405d581df",
        "Start Frame": 3120,
        "End Frame": 3240,
        "Caption": "#C C puts the onion peel in the dustbin.; #C C throws the peel in the trash bin; #C C places the banana in the dust bin; #C C puts the peels in the dustbin; #C C puts the cabbage peels in the dustbin"
    },
    {
        "Video Name": "bdd542a6-41c1-4119-b89d-101405d581df",
        "Start Frame": 3240,
        "End Frame": 3360,
        "Caption": "#C C walks around.; #C C walks in the kitchen; #C C walks in the kitchen; #C C walks in the room; #C C walks in the kitchen"
    },
    {
        "Video Name": "bdd542a6-41c1-4119-b89d-101405d581df",
        "Start Frame": 3360,
        "End Frame": 3480,
        "Caption": "#C C chops the cucumber; #C C cuts cucumber; #C C chops the cucumber; #C C cuts the cucumber; #C C chops the cucumber"
    },
    {
        "Video Name": "bdd542a6-41c1-4119-b89d-101405d581df",
        "Start Frame": 3480,
        "End Frame": 3600,
        "Caption": "#C C cuts the cucumber; #C C chops the cucumber; #C C cuts the cucumber; #C C cuts the cucumber; #C C slices the cucumber"
    },
    {
        "Video Name": "bdd542a6-41c1-4119-b89d-101405d581df",
        "Start Frame": 3600,
        "End Frame": 3720,
        "Caption": "#C C cuts the cucumber; #C C cuts the cucumber; #C C cuts the cucumber; #C C cuts the cucumber; #C C chops the cucumber"
    },
    {
        "Video Name": "bdd542a6-41c1-4119-b89d-101405d581df",
        "Start Frame": 3720,
        "End Frame": 3840,
        "Caption": "#C C cuts the cucumber; #C C chops the cucumber; #C C chops the cucumber; #C C cuts the cucumber; #C C chops the cucumber"
    },
    {
        "Video Name": "bdd542a6-41c1-4119-b89d-101405d581df",
        "Start Frame": 3840,
        "End Frame": 3960,
        "Caption": "#C C cuts the cucumber; #C C chops the cucumber; #C C chops the cucumber; #C C cuts the cucumber; #C C chops the cucumber"
    },
    {
        "Video Name": "bdd542a6-41c1-4119-b89d-101405d581df",
        "Start Frame": 3960,
        "End Frame": 4080,
        "Caption": "#C C chops the cucumber.; #C C chops the cucumber.; #C C cuts the cucumber.; #C C cuts the cucumber.; #C C cuts the cucumber."
    },
    {
        "Video Name": "bdd542a6-41c1-4119-b89d-101405d581df",
        "Start Frame": 4080,
        "End Frame": 4200,
        "Caption": "#C C picks a knife.; #C C cuts the cucumber; #C C chops the cucumber; #C C chops the cucumber; #C C cuts the cucumber"
    },
    {
        "Video Name": "bdd542a6-41c1-4119-b89d-101405d581df",
        "Start Frame": 4200,
        "End Frame": 4320,
        "Caption": "#C C chops the cucumber ; #C C cuts the cucumber.; #C C chops the cucumber; #C C cuts the cucumber; #C C cuts the cucumber."
    },
    {
        "Video Name": "bdd542a6-41c1-4119-b89d-101405d581df",
        "Start Frame": 4320,
        "End Frame": 4440,
        "Caption": "#C C chops the cucumber; #C C chops the cucumber; #C C cuts the cucumber; #C C chops the cucumber; #C C chops the cucumber"
    },
    {
        "Video Name": "bdd542a6-41c1-4119-b89d-101405d581df",
        "Start Frame": 4440,
        "End Frame": 4560,
        "Caption": "#C C cuts the cucumber.; #C C cuts the cucumber.; #C C chops the cucumber with the knife; #C C chops the cucumber.; #C C cuts the cucumber."
    },
    {
        "Video Name": "bdd542a6-41c1-4119-b89d-101405d581df",
        "Start Frame": 4560,
        "End Frame": 4680,
        "Caption": "#C C chops the cucumber; #C C cuts the cucumber; #C C cuts the cucumber; #C C cuts the cucumber; #C C cuts the cucumber"
    },
    {
        "Video Name": "bdd542a6-41c1-4119-b89d-101405d581df",
        "Start Frame": 4680,
        "End Frame": 4800,
        "Caption": "#C C cuts the cucumber; #C C cuts the cucumber; #C C chops the cucumber; #C C chops the cucumber; #C C cuts the cucumber"
    },
    {
        "Video Name": "bdd542a6-41c1-4119-b89d-101405d581df",
        "Start Frame": 4800,
        "End Frame": 4920,
        "Caption": "#C C walks around the room; #C C walks in the kitchen ; #C C places the knife on the chopping board; #C C walks in the room.; #C C puts the knife on the chopping board"
    },
    {
        "Video Name": "bdd542a6-41c1-4119-b89d-101405d581df",
        "Start Frame": 4920,
        "End Frame": 5040,
        "Caption": "#C C walks in the; #C C moves to the; #C C walks in the; #C C closes the door; #C C walks in the"
    },
    {
        "Video Name": "bdd542a6-41c1-4119-b89d-101405d581df",
        "Start Frame": 5040,
        "End Frame": 5160,
        "Caption": "#C C takes plate; #C C opens a kitchen drawer.; #C C picks a plate; #C C takes the plate; #C C picks up the plate from the"
    },
    {
        "Video Name": "bdd542a6-41c1-4119-b89d-101405d581df",
        "Start Frame": 5160,
        "End Frame": 5280,
        "Caption": "#C C walks in the room; #C C walks in the room; #C C walks in the room; #C C walks in the room; #C C walks in the room"
    },
    {
        "Video Name": "bdd542a6-41c1-4119-b89d-101405d581df",
        "Start Frame": 5280,
        "End Frame": 5400,
        "Caption": "#C C puts the cucumber in the plate; #C C moves the cucumber in the plate; #C C puts the cucumber in the plate; #C C puts the cucumber on the plate; #C C puts the cucumber in the plate"
    }
]