[
    {
        "Video Name": "bfd0435f-5b15-44d8-90f6-dfb063a43a6d",
        "Start Frame": 0,
        "End Frame": 120,
        "Caption": "#C C puts bucket on the ground; #C C puts the bucket down; #C C places the bucket down; #C C puts the bucket on the; #C C places the container on the"
    },
    {
        "Video Name": "bfd0435f-5b15-44d8-90f6-dfb063a43a6d",
        "Start Frame": 120,
        "End Frame": 240,
        "Caption": "#C C puts the bucket on the; #C C puts bucket down; #C C puts the bucket on the; #C C puts bucket on the bucket; #C C puts the bucket on the"
    },
    {
        "Video Name": "bfd0435f-5b15-44d8-90f6-dfb063a43a6d",
        "Start Frame": 240,
        "End Frame": 360,
        "Caption": "#C C picks up the drill; #C C climbs up the platform ladder; #C C picks the drill; #C C holds the iron rod with his right hand; #C C picks the drilling machine"
    },
    {
        "Video Name": "bfd0435f-5b15-44d8-90f6-dfb063a43a6d",
        "Start Frame": 360,
        "End Frame": 480,
        "Caption": "#C C looks around; #C C picks up the drill; #C C picks the drill; #C C picks up the drill; #C C climbs up the scaffolding"
    },
    {
        "Video Name": "bfd0435f-5b15-44d8-90f6-dfb063a43a6d",
        "Start Frame": 480,
        "End Frame": 600,
        "Caption": "#C C steps on the steel step; #C C climbs down the scaffold; #C C jumps down from the scaff; #C C steps on the metal; #C C climbs down the scaffold"
    },
    {
        "Video Name": "bfd0435f-5b15-44d8-90f6-dfb063a43a6d",
        "Start Frame": 600,
        "End Frame": 720,
        "Caption": "#C C climbs down the scaffolding ; #C C touches the metal; #C C climbs down the scaffold ; #C C climbs down the scaffold; #C C holds the metal rod with the right"
    },
    {
        "Video Name": "bfd0435f-5b15-44d8-90f6-dfb063a43a6d",
        "Start Frame": 720,
        "End Frame": 840,
        "Caption": "#C C climbs down the scaff; #C C climbs down the steel; #C C climbs up the ladder; #C C climbs up the shelf; #C C climbs the scaffold"
    },
    {
        "Video Name": "bfd0435f-5b15-44d8-90f6-dfb063a43a6d",
        "Start Frame": 840,
        "End Frame": 960,
        "Caption": "#C C climbs up the scaffold.; #C C climbs down the scaffold; #C C gets down from the scaffold; #C C climbs down the scaffold; #C C steps down the scaffold"
    },
    {
        "Video Name": "bfd0435f-5b15-44d8-90f6-dfb063a43a6d",
        "Start Frame": 960,
        "End Frame": 1080,
        "Caption": "#C C picks the bucket with his left; #C C holds the bucket; #C C puts bucket on the ladder ; #C C carries the bucket; #C C picks the bucket"
    },
    {
        "Video Name": "bfd0435f-5b15-44d8-90f6-dfb063a43a6d",
        "Start Frame": 1080,
        "End Frame": 1200,
        "Caption": "#C C walks around ; #C C walks around; #C C looks around ; #C C climbs down the metal; #C C walks around"
    },
    {
        "Video Name": "bfd0435f-5b15-44d8-90f6-dfb063a43a6d",
        "Start Frame": 1200,
        "End Frame": 1320,
        "Caption": "#C C picks a bucket; #C C picks the container; #C C picks the container; #C C picks the container; #C C picks a bucket"
    },
    {
        "Video Name": "bfd0435f-5b15-44d8-90f6-dfb063a43a6d",
        "Start Frame": 1320,
        "End Frame": 1440,
        "Caption": "#C C pours the concrete sand from the plastic container on the; #C C removes concrete from the wall; #C C sprinkles concrete on the wall; #C C pours the water on the wall; #C C pours cement on the wall"
    },
    {
        "Video Name": "bfd0435f-5b15-44d8-90f6-dfb063a43a6d",
        "Start Frame": 1440,
        "End Frame": 1560,
        "Caption": "#C C puts container down; #C C puts the container on the container; #C C puts the container down; #C C puts bottle down; #C C Puts the bottle in the"
    },
    {
        "Video Name": "bfd0435f-5b15-44d8-90f6-dfb063a43a6d",
        "Start Frame": 1560,
        "End Frame": 1680,
        "Caption": "#C C picks the pliers; #C C takes the drilling machine; #C C picks the spade; #C C takes a trow; #C C picks the knife"
    },
    {
        "Video Name": "bfd0435f-5b15-44d8-90f6-dfb063a43a6d",
        "Start Frame": 1680,
        "End Frame": 1800,
        "Caption": "#C C picks cement ; #C C scoops cement ; #C C scoops the concrete sand; #C C scoops the concrete sand; #C C scoops the concrete sand with the trow"
    },
    {
        "Video Name": "bfd0435f-5b15-44d8-90f6-dfb063a43a6d",
        "Start Frame": 1800,
        "End Frame": 1920,
        "Caption": "#C C scoops cement ; #C C scoops the concrete sand with the trow; #C C scoops the concrete sand; #C C scoops cement ; #C C scoops the concrete sand with a trow"
    },
    {
        "Video Name": "bfd0435f-5b15-44d8-90f6-dfb063a43a6d",
        "Start Frame": 1920,
        "End Frame": 2040,
        "Caption": "#C C puts the cable in bucket; #C C puts the wire in the; #C C puts cement in bucket; #C C puts the sand in the; #C C puts the sand in the"
    },
    {
        "Video Name": "bfd0435f-5b15-44d8-90f6-dfb063a43a6d",
        "Start Frame": 2040,
        "End Frame": 2160,
        "Caption": "#C C puts plier down; #C C puts the pliers on the ground; #C C puts the pliers down; #C C drops the plier on the ground with his gloved right hand; #C C puts the pliers on the ground"
    },
    {
        "Video Name": "bfd0435f-5b15-44d8-90f6-dfb063a43a6d",
        "Start Frame": 2160,
        "End Frame": 2280,
        "Caption": "#C C fixes the cable connector in the bulb; #C C cuts the wire; #C C cuts the cable; #C C inserts the cable in the adapter ; #C C fixes the bulb with the screwdriver"
    },
    {
        "Video Name": "bfd0435f-5b15-44d8-90f6-dfb063a43a6d",
        "Start Frame": 2280,
        "End Frame": 2400,
        "Caption": "#C C picks a trowel; #C C picks a trowel; #C C takes a trowel; #C C picks a trowel; #C C picks the trowel from the"
    },
    {
        "Video Name": "bfd0435f-5b15-44d8-90f6-dfb063a43a6d",
        "Start Frame": 2400,
        "End Frame": 2520,
        "Caption": "#C C looks around the building; #C C puts concrete in the wall; #C C puts the concrete mixture on the wall with a trow; #C C puts the concrete mixture in the hole; #C C puts cement in the bucket"
    },
    {
        "Video Name": "bfd0435f-5b15-44d8-90f6-dfb063a43a6d",
        "Start Frame": 2520,
        "End Frame": 2640,
        "Caption": "#C C smoothens the wall with the trow; #C C pours the concrete mixture on the wall; #C C plasters the wall; #C C puts concrete on the wall; #C C plasters the wall"
    },
    {
        "Video Name": "bfd0435f-5b15-44d8-90f6-dfb063a43a6d",
        "Start Frame": 2640,
        "End Frame": 2760,
        "Caption": "#C C scoops cement ; #C C puts the cement in the bucket; #C C picks a screw driver; #C C puts the trowel in the; #C C scoops cement "
    },
    {
        "Video Name": "bfd0435f-5b15-44d8-90f6-dfb063a43a6d",
        "Start Frame": 2760,
        "End Frame": 2880,
        "Caption": "#C C removes the concrete mixture with a trowel; #C C puts the concrete on the wall; #C C pastes the concrete mixture on the wall with a trow; #C C removes the concrete from the trowel; #C C plasters the wall"
    },
    {
        "Video Name": "bfd0435f-5b15-44d8-90f6-dfb063a43a6d",
        "Start Frame": 2880,
        "End Frame": 3000,
        "Caption": "#C C puts concrete on the wall ; #C C pours concrete in the basin; #C C puts the concrete mixture in the hole; #C C applies concrete mixture on the wall with a trow; #C C puts cement in the hole"
    },
    {
        "Video Name": "bfd0435f-5b15-44d8-90f6-dfb063a43a6d",
        "Start Frame": 3000,
        "End Frame": 3120,
        "Caption": "#C C puts the concrete mixture on the wall with a trow; #C C puts the concrete mixture on the wall with a trow; #C C puts cement in the bucket; #C C  pours cement mixture on the wall; #C C pours the concrete mixture on the wall"
    },
    {
        "Video Name": "bfd0435f-5b15-44d8-90f6-dfb063a43a6d",
        "Start Frame": 3120,
        "End Frame": 3240,
        "Caption": "#C C puts cement on the wall; #C C puts the concrete mixture on the wall with a trowel; #C C applies the concrete mixture on the wall with a trowel; #C C pastes the concrete mixture on the wall with a trow; #C C puts cement on the wall"
    },
    {
        "Video Name": "bfd0435f-5b15-44d8-90f6-dfb063a43a6d",
        "Start Frame": 3240,
        "End Frame": 3360,
        "Caption": "#C C puts the sponge in the trough; #C C removes the pipe from the plastic; #C C throws the sealant in the; #C C puts the paper on the trough; #C C throws the cement in the bucket"
    },
    {
        "Video Name": "bfd0435f-5b15-44d8-90f6-dfb063a43a6d",
        "Start Frame": 3360,
        "End Frame": 3480,
        "Caption": "#C C picks the plastic with his hands; #C C puts a steel plug in a hole; #C C holds the plastic conduit on the wall with his left hand; #C C drills a hole on the wall; #C C puts the plastic conduit on the concrete wall"
    },
    {
        "Video Name": "bfd0435f-5b15-44d8-90f6-dfb063a43a6d",
        "Start Frame": 3480,
        "End Frame": 3600,
        "Caption": "#C C puts the concrete on the wall; #C C touches the concrete wall; #C C places the wire line through the hole in the concrete wall with his hands; #C C puts concrete in the hole; #C C puts concrete in the hole"
    },
    {
        "Video Name": "bfd0435f-5b15-44d8-90f6-dfb063a43a6d",
        "Start Frame": 3600,
        "End Frame": 3720,
        "Caption": "#C C fixes the concrete wall; #C C puts the concrete in the hole; #C C fixes the plastic on the wall; #C C puts a plastic on the wall; #C C fixes the plastic with the screw"
    },
    {
        "Video Name": "bfd0435f-5b15-44d8-90f6-dfb063a43a6d",
        "Start Frame": 3720,
        "End Frame": 3840,
        "Caption": "#C C looks at the hole; #C C fixes the plastic ; #C C fixes the metal on the wall; #C C holds the plastic conduit against the wall with his left hand; #C C drills the wall"
    },
    {
        "Video Name": "bfd0435f-5b15-44d8-90f6-dfb063a43a6d",
        "Start Frame": 3840,
        "End Frame": 3960,
        "Caption": "#C C picks a trowel from the bucket; #c c picks trowel; #C C picks up a trowel from the; #c c picks the trowel; #c c picks a trowel"
    },
    {
        "Video Name": "bfd0435f-5b15-44d8-90f6-dfb063a43a6d",
        "Start Frame": 3960,
        "End Frame": 4080,
        "Caption": "#C C puts the concrete on the wall; #C C removes cement on the wall with the trowel; #C C presses the concrete with his hand; #C C fixes the concrete ; #C C adjusts the wall"
    },
    {
        "Video Name": "bfd0435f-5b15-44d8-90f6-dfb063a43a6d",
        "Start Frame": 4080,
        "End Frame": 4200,
        "Caption": "#C C puts cement in the bucket; #C C pours the concrete mixture on the wall with a trow; #C C puts cement in the concrete; #C C puts concrete in the wall; #C C pastes the concrete mixture on the wall with a trow"
    },
    {
        "Video Name": "bfd0435f-5b15-44d8-90f6-dfb063a43a6d",
        "Start Frame": 4200,
        "End Frame": 4320,
        "Caption": "#C C picks the trowel ; #C C picks a trowel ; #C C scoops the concrete mixture with a trow; #C C picks the trowel from the bucket; #C C scoops the concrete mixture with the trow"
    },
    {
        "Video Name": "bfd0435f-5b15-44d8-90f6-dfb063a43a6d",
        "Start Frame": 4320,
        "End Frame": 4440,
        "Caption": "#C C spreads the concrete on the wall with the trowel; #C C pastes the concrete mixture on the wall with a trowel; #C C plasters the concrete wall with the trowel in his right hand; #C C spreads the concrete; #C C spreads the concrete mixture on the wall with a trowel "
    },
    {
        "Video Name": "bfd0435f-5b15-44d8-90f6-dfb063a43a6d",
        "Start Frame": 4440,
        "End Frame": 4560,
        "Caption": "#C C applies the concrete mixture on the wall with a trow; #C C places the concrete in the trowel on the wall; #C C applies concrete on the wall with a trowel; #C C puts the concrete in the basin; #C C puts cement in the concrete"
    },
    {
        "Video Name": "bfd0435f-5b15-44d8-90f6-dfb063a43a6d",
        "Start Frame": 4560,
        "End Frame": 4680,
        "Caption": "#C C pastes the concrete mixture on the wall with a trow; #C C plasters the concrete wall; #C C applies concrete on the wall; #C C puts concrete in the hole; #C C puts the concrete mixture on the wall with a trowel"
    },
    {
        "Video Name": "bfd0435f-5b15-44d8-90f6-dfb063a43a6d",
        "Start Frame": 4680,
        "End Frame": 4800,
        "Caption": "#C C puts concrete on the trow; #C C puts the concrete on the wall; #C C throws the concrete in the hole; #C C throws the concrete on the wall; #C C drops the concrete"
    },
    {
        "Video Name": "bfd0435f-5b15-44d8-90f6-dfb063a43a6d",
        "Start Frame": 4800,
        "End Frame": 4920,
        "Caption": "#C C puts the wall hole filler in the; #C C puts the stone in the bucket ; #C C puts the concrete stone on the hole; #C C puts the plastic piece on the wall; #C C throws the concrete stone on the concrete"
    },
    {
        "Video Name": "bfd0435f-5b15-44d8-90f6-dfb063a43a6d",
        "Start Frame": 4920,
        "End Frame": 5040,
        "Caption": "#C C puts the pliers on the; #C C holds the cutter; #C C drops the pliers; #C C puts screw driver on the floor; #C C drops the pliers"
    },
    {
        "Video Name": "bfd0435f-5b15-44d8-90f6-dfb063a43a6d",
        "Start Frame": 5040,
        "End Frame": 5160,
        "Caption": "#C C holds the wall; #C C hits the wall with a trowel; #C C removes a stone from the hole on the wall with his right gloved hand; #C C puts wire in the wall; #C C puts the metal rod in the hole"
    },
    {
        "Video Name": "bfd0435f-5b15-44d8-90f6-dfb063a43a6d",
        "Start Frame": 5160,
        "End Frame": 5280,
        "Caption": "#C C picks a part of the wall hole filler with his right; #C C picks the metal from the hole; #C C picks the bulb holder from the hole; #C C removes the stone ; #C C holds the metal block in his left hand. "
    },
    {
        "Video Name": "bfd0435f-5b15-44d8-90f6-dfb063a43a6d",
        "Start Frame": 5280,
        "End Frame": 5400,
        "Caption": "#C C scoops the concrete mixture with a trow; #C C scoops the concrete mixture with a trow; #C C scoops the concrete mixture with a trow; #C C scoops the concrete mixture with a trow; #C C scoops the concrete mixture with a trow"
    }
]