[
    {
        "Video Name": "c30ad099-06ec-4945-ad82-a08276750f2b",
        "Start Frame": 0,
        "End Frame": 120,
        "Caption": "#C C throws the branch; #C C holds a branch; #C C pulls the branch; #C C turns around; #C C throws the branch"
    },
    {
        "Video Name": "c30ad099-06ec-4945-ad82-a08276750f2b",
        "Start Frame": 120,
        "End Frame": 240,
        "Caption": "#C C walks around.; #C C walks around the compound; #C C walks towards the garden; #C C walks towards the bucket; #C C walks around"
    },
    {
        "Video Name": "c30ad099-06ec-4945-ad82-a08276750f2b",
        "Start Frame": 240,
        "End Frame": 360,
        "Caption": "#C C walks around; #C C walks around; #C C walks around the; #C C walks around; #C C walks around"
    },
    {
        "Video Name": "c30ad099-06ec-4945-ad82-a08276750f2b",
        "Start Frame": 360,
        "End Frame": 480,
        "Caption": "#C C walks around the compound; #C C walks around the compound; #C C walks around the compound; #C C walks around the compound; #C C walks around the compound"
    },
    {
        "Video Name": "c30ad099-06ec-4945-ad82-a08276750f2b",
        "Start Frame": 480,
        "End Frame": 600,
        "Caption": "#C C walks in the garden; #C C walks on the grass; #C C walks on the lawn.; #C C walks towards the lawn m; #C C walks on the lawn "
    },
    {
        "Video Name": "c30ad099-06ec-4945-ad82-a08276750f2b",
        "Start Frame": 600,
        "End Frame": 720,
        "Caption": "#C C walks around the compound; #C C walks on the grass; #C C walks towards the bucket.; #C C walks towards a bucket of water; #C C walks towards the bucket "
    },
    {
        "Video Name": "c30ad099-06ec-4945-ad82-a08276750f2b",
        "Start Frame": 720,
        "End Frame": 840,
        "Caption": "#C C walks towards the fence; #C C walks forward; #C C walks to the garden; #C C carries the bucket with his right hand.; #C C walks to the backyard with the bucket in his left hand"
    },
    {
        "Video Name": "c30ad099-06ec-4945-ad82-a08276750f2b",
        "Start Frame": 840,
        "End Frame": 960,
        "Caption": "#C C drops the bucket; #C C carries the bucket with his left hand; #C C picks up the bucket; #C C drops the bucket on the ground with his left; #C C picks up the bucket"
    },
    {
        "Video Name": "c30ad099-06ec-4945-ad82-a08276750f2b",
        "Start Frame": 960,
        "End Frame": 1080,
        "Caption": "#C C drops the lemon into the bucket; #C C drops the lemon in the bucket ; #C C drops the lemon in the bucket; #C C drops the lemons in the bucket.; #C C drops the lemon into the bucket"
    },
    {
        "Video Name": "c30ad099-06ec-4945-ad82-a08276750f2b",
        "Start Frame": 1080,
        "End Frame": 1200,
        "Caption": "#C C puts the bucket down; #C C takes the bucket from the; #C C drops the bucket on the; #C C drops the bucket on the; #C C takes the bucket "
    },
    {
        "Video Name": "c30ad099-06ec-4945-ad82-a08276750f2b",
        "Start Frame": 1200,
        "End Frame": 1320,
        "Caption": "#C C picks a lemon from the bucket; #C C picks up the bucket from the ground. ; #C C picks a lemon from the ground with his left hand; #C C picks the apple from the ground ; #C C picks the bucket from the ground with his left hand"
    },
    {
        "Video Name": "c30ad099-06ec-4945-ad82-a08276750f2b",
        "Start Frame": 1320,
        "End Frame": 1440,
        "Caption": "#C C puts the bucket down; #C C drops the bucket on the ground.; #C C drops the bucket on the ground.; #C C drops the bucket on the ground; #C C drops the bucket on the ground with both hands"
    },
    {
        "Video Name": "c30ad099-06ec-4945-ad82-a08276750f2b",
        "Start Frame": 1440,
        "End Frame": 1560,
        "Caption": "#C C walks towards the bucket; #C C puts the lemon in the bucket; #C C walks to a bucket; #C C drops the fruit in the bucket; #C C drops the lemon in the bucket"
    },
    {
        "Video Name": "c30ad099-06ec-4945-ad82-a08276750f2b",
        "Start Frame": 1560,
        "End Frame": 1680,
        "Caption": "#C C moves the bucket ; #C C puts the bucket down; #C C picks the bucket; #C C carries the bucket; #C C holds the bucket with his left hand"
    },
    {
        "Video Name": "c30ad099-06ec-4945-ad82-a08276750f2b",
        "Start Frame": 1680,
        "End Frame": 1800,
        "Caption": "#C C walks around the compound; #C C walks around the compound; #C C walks around the compound; #C C walks around the compound; #C C walks towards the backyard"
    },
    {
        "Video Name": "c30ad099-06ec-4945-ad82-a08276750f2b",
        "Start Frame": 1800,
        "End Frame": 1920,
        "Caption": "#C C pours water from the bucket. ; #C C drops the bucket in the drum.; #C C pours water from the bucket into the garden with his right hand; #C C places the bucket on the ground.; #C C puts bucket in the drum"
    },
    {
        "Video Name": "c30ad099-06ec-4945-ad82-a08276750f2b",
        "Start Frame": 1920,
        "End Frame": 2040,
        "Caption": "#C C walks around the compound; #C C walks to the backyard; #C C walks to the backyard; #C C walks around the compound; #C C walks around"
    },
    {
        "Video Name": "c30ad099-06ec-4945-ad82-a08276750f2b",
        "Start Frame": 2040,
        "End Frame": 2160,
        "Caption": "#C C walks around the; #C C walks on the; #C C walks around; #C C walks around the; #C C walks on the"
    },
    {
        "Video Name": "c30ad099-06ec-4945-ad82-a08276750f2b",
        "Start Frame": 2160,
        "End Frame": 2280,
        "Caption": "#C C walks on the grass; #C C walks in the compound; #C C walks towards the garden; #C C walks around the garden; #C C walks around the garden"
    },
    {
        "Video Name": "c30ad099-06ec-4945-ad82-a08276750f2b",
        "Start Frame": 2280,
        "End Frame": 2400,
        "Caption": "#C C picks up a collar from the ground with her left hand; #C C picks a rope; #C C picks up the bucket; #C C takes the dog leash; #C C picks a hose pipe from the ground with his left hand"
    },
    {
        "Video Name": "c30ad099-06ec-4945-ad82-a08276750f2b",
        "Start Frame": 2400,
        "End Frame": 2520,
        "Caption": "#C C walks around the garden; #C C walks around the compound; #C C walks around the compound; #C C walks around the compound; #C C walks in the compound"
    },
    {
        "Video Name": "c30ad099-06ec-4945-ad82-a08276750f2b",
        "Start Frame": 2520,
        "End Frame": 2640,
        "Caption": "#C C walks to the backyard; #C C walks forward; #C C walks around the garden; #C C carries a bucket of water with her left; #C C picks up the bucket with his right hand"
    },
    {
        "Video Name": "c30ad099-06ec-4945-ad82-a08276750f2b",
        "Start Frame": 2640,
        "End Frame": 2760,
        "Caption": "#C C climbs the ladder ; #C C climbs the ladder.; #C C climbs down a ladder; #C C holds the ladder ; #C C climbs the ladder"
    },
    {
        "Video Name": "c30ad099-06ec-4945-ad82-a08276750f2b",
        "Start Frame": 2760,
        "End Frame": 2880,
        "Caption": "#C C walks around; #C C walks around; #C C walks around the compound; #C C walks around; #C C walks around"
    },
    {
        "Video Name": "c30ad099-06ec-4945-ad82-a08276750f2b",
        "Start Frame": 2880,
        "End Frame": 3000,
        "Caption": "#C C walks around the backyard; #C C walks around the backyard; #C C walks in the compound; #C C walks towards a lawn; #C C walks around the compound"
    },
    {
        "Video Name": "c30ad099-06ec-4945-ad82-a08276750f2b",
        "Start Frame": 3000,
        "End Frame": 3120,
        "Caption": "#C C opens a gate with both hands; #C C closes the gate; #C C opens a gate with both hands; #C C opens the gate; #C C ties the keys in the lock"
    },
    {
        "Video Name": "c30ad099-06ec-4945-ad82-a08276750f2b",
        "Start Frame": 3120,
        "End Frame": 3240,
        "Caption": "#C C walks around the garage; #C C walks out of the workshop; #C C walks to the other room; #C C walks around; #C C walks to the garage"
    },
    {
        "Video Name": "c30ad099-06ec-4945-ad82-a08276750f2b",
        "Start Frame": 3240,
        "End Frame": 3360,
        "Caption": "#C C picks a broom; #C C picks the broom; #C C picks a broom; #C C picks a broom; #C C picks a broom"
    },
    {
        "Video Name": "c30ad099-06ec-4945-ad82-a08276750f2b",
        "Start Frame": 3360,
        "End Frame": 3480,
        "Caption": "#C C walks in the compound; #C C walks towards the house; #C C walks into the garage; #C C walks in the compound; #C C walks into the garage"
    },
    {
        "Video Name": "c30ad099-06ec-4945-ad82-a08276750f2b",
        "Start Frame": 3480,
        "End Frame": 3600,
        "Caption": "#C C walks around; #C C walks back to the house.; #C C walks to the other side of the lawn; #C C walks towards the gate; #C C walks towards the lawn."
    },
    {
        "Video Name": "c30ad099-06ec-4945-ad82-a08276750f2b",
        "Start Frame": 3600,
        "End Frame": 3720,
        "Caption": "#C C sweeps the grass; #C C sweeps the grass; #C C sweeps the floor; #C C cleans the grass; #C C sweeps the compound with a"
    },
    {
        "Video Name": "c30ad099-06ec-4945-ad82-a08276750f2b",
        "Start Frame": 3720,
        "End Frame": 3840,
        "Caption": "#C C sweeps the compound ; #C C gathers the grass; #C C sweeps the compound ; #C C sweeps the ground with the; #C C sweeps the lawn with the"
    },
    {
        "Video Name": "c30ad099-06ec-4945-ad82-a08276750f2b",
        "Start Frame": 3840,
        "End Frame": 3960,
        "Caption": "#C C sweeps the leaves with the broom ; #C C sweeps the grass with the broom; #C C sweeps the ground with the broom.; #C C sweeps the ground; #C C gathers the grass with the rake in his"
    },
    {
        "Video Name": "c30ad099-06ec-4945-ad82-a08276750f2b",
        "Start Frame": 3960,
        "End Frame": 4080,
        "Caption": "#C C puts the grass trimmer on the ground ; #C C picks the rake from the ground with his right hand; #C C carries the rake with his right hand.; #C C picks the lawn mower; #C C holds the rake with both hands."
    },
    {
        "Video Name": "c30ad099-06ec-4945-ad82-a08276750f2b",
        "Start Frame": 4080,
        "End Frame": 4200,
        "Caption": "#C C sweeps the grass with the rake in his hands.; #C C sweeps the lawn with the lawn rake; #C C sweeps the grass into the wheelbarrow with the rake in both hands; #C C picks up the rake; #C C gathers grasses on the ground with the lawn rake in both hands."
    },
    {
        "Video Name": "c30ad099-06ec-4945-ad82-a08276750f2b",
        "Start Frame": 4200,
        "End Frame": 4320,
        "Caption": "#C C holds the rake with his left hand; #C C sweeps the grass ; #C C sweeps the grass with the broom; #C C sweeps the grass with the broom.; #C C sweeps the grass"
    },
    {
        "Video Name": "c30ad099-06ec-4945-ad82-a08276750f2b",
        "Start Frame": 4320,
        "End Frame": 4440,
        "Caption": "#C C sweeps the grass; #C C sweeps the compound with the broom; #C C sweeps the ground with the broom; #C C holds the rake with his left hand; #C C sweeps the compound with the broom"
    },
    {
        "Video Name": "c30ad099-06ec-4945-ad82-a08276750f2b",
        "Start Frame": 4440,
        "End Frame": 4560,
        "Caption": "#C C sweeps with the broom.; #C C collects the leaves with the rake; #C C sweeps the grass with the broom; #C C sweeps the leaves with the broom; #C C sweeps the grass with the broom"
    },
    {
        "Video Name": "c30ad099-06ec-4945-ad82-a08276750f2b",
        "Start Frame": 4560,
        "End Frame": 4680,
        "Caption": "#C C throws the weed into the bucket with his left hand; #C C collects the weeds ; #C C drops the weeds in the bucket; #C C collects the weeds from the ground; #C C drops the weeds into a bucket."
    },
    {
        "Video Name": "c30ad099-06ec-4945-ad82-a08276750f2b",
        "Start Frame": 4680,
        "End Frame": 4800,
        "Caption": "#C C looks around; #C C looks around; #C C looks around; #C C walks towards a tree; #C C looks around"
    },
    {
        "Video Name": "c30ad099-06ec-4945-ad82-a08276750f2b",
        "Start Frame": 4800,
        "End Frame": 4920,
        "Caption": "#C C holds the rake with his left; #C C holds the rake with both hands; #C C moves the rake in his hands; #C C carries the rake; #C C picks a rake"
    },
    {
        "Video Name": "c30ad099-06ec-4945-ad82-a08276750f2b",
        "Start Frame": 4920,
        "End Frame": 5040,
        "Caption": "#C C sweeps the ground; #C C sweeps the ground with the broom in both hands; #C C sweeps the compound ; #C C sweeps the ground; #C C holds the broom "
    },
    {
        "Video Name": "c30ad099-06ec-4945-ad82-a08276750f2b",
        "Start Frame": 5040,
        "End Frame": 5160,
        "Caption": "#C C sweeps the floor with the; #C C picks up the rake; #C C takes the rake from the; #C C picks up the broom; #C C walks to the broom"
    },
    {
        "Video Name": "c30ad099-06ec-4945-ad82-a08276750f2b",
        "Start Frame": 5160,
        "End Frame": 5280,
        "Caption": "#C C picks up the bucket; #C C drops the bucket in his left hand on the floor.; #C C picks up a bucket on the floor with his left hand; #C C picks the bucket; #C C picks the bucket from the ground."
    },
    {
        "Video Name": "c30ad099-06ec-4945-ad82-a08276750f2b",
        "Start Frame": 5280,
        "End Frame": 5400,
        "Caption": "#C C picks up the leaves with his right; #C C picks the leaves from the ground; #C C picks up the leaves with his hand; #C C picks up the leaves from the ground; #C C picks up the leaves"
    }
]