[
    {
        "Video Name": "c4bdfb22-e10a-49a0-a8fe-60ec2b966b56",
        "Start Frame": 0,
        "End Frame": 120,
        "Caption": "#O a woman X checks the; #O Person A shows C the; #O a woman X operates the; #O Person A operates her phone; #O Person A holds the phone"
    },
    {
        "Video Name": "c4bdfb22-e10a-49a0-a8fe-60ec2b966b56",
        "Start Frame": 120,
        "End Frame": 240,
        "Caption": "#O woman X shows C a phone; #O A woman X shows the phone to C; #O a woman X gives a man Y a; #O lady X shows C the phone; #O a lady X shows C her phone"
    },
    {
        "Video Name": "c4bdfb22-e10a-49a0-a8fe-60ec2b966b56",
        "Start Frame": 240,
        "End Frame": 360,
        "Caption": "#O A woman X operates a phone ; #O person X puts the phone on the hand; #O Person A operates the phone; #O A lady X looks at the phone; #O person X holds a phone"
    },
    {
        "Video Name": "c4bdfb22-e10a-49a0-a8fe-60ec2b966b56",
        "Start Frame": 360,
        "End Frame": 480,
        "Caption": "#O A woman X scrolls a phone; #O a woman X operates the phone; #O Person A operates the phone ; #O Person A uses the phone; #O A woman Y operates a phone"
    },
    {
        "Video Name": "c4bdfb22-e10a-49a0-a8fe-60ec2b966b56",
        "Start Frame": 480,
        "End Frame": 600,
        "Caption": "#O Person A operates her phone; #O a woman X shows a phone to C; #O A woman Y operates a phone; #O person X shows C the phone; #O Woman A swipes the screen of the"
    },
    {
        "Video Name": "c4bdfb22-e10a-49a0-a8fe-60ec2b966b56",
        "Start Frame": 600,
        "End Frame": 720,
        "Caption": "#O Person A operates the phone; #O Woman A Operates a phone; #O A woman X operates a phone; #O a woman Y uses a phone; #O woman X scrolls a phone "
    },
    {
        "Video Name": "c4bdfb22-e10a-49a0-a8fe-60ec2b966b56",
        "Start Frame": 720,
        "End Frame": 840,
        "Caption": "#O A woman Y operates a phone; #O A lady X scrolls the phone ; #O Woman A operates the phone; #O A woman Y operates a phone; #O person A scrolls a phone in the clothing store"
    },
    {
        "Video Name": "c4bdfb22-e10a-49a0-a8fe-60ec2b966b56",
        "Start Frame": 840,
        "End Frame": 960,
        "Caption": "#O woman X holds a; #C C walks around the; #C C walks around; #C C walks around; #O woman A operates her"
    },
    {
        "Video Name": "c4bdfb22-e10a-49a0-a8fe-60ec2b966b56",
        "Start Frame": 960,
        "End Frame": 1080,
        "Caption": "#C C walks in the supermarket; #c c walks in the supermarket; #c c walks in the supermarket; #C C walks around; #C C walks around"
    },
    {
        "Video Name": "c4bdfb22-e10a-49a0-a8fe-60ec2b966b56",
        "Start Frame": 1080,
        "End Frame": 1200,
        "Caption": "#C C walks in the supermarket; #C C walks in the supermarket; #C C walks around the store; #C C walks around the supermarket; #C C walks around the supermarket"
    },
    {
        "Video Name": "c4bdfb22-e10a-49a0-a8fe-60ec2b966b56",
        "Start Frame": 1200,
        "End Frame": 1320,
        "Caption": "#C C walks around the supermarket; #C C walks around the store shelf; #C C walks around; #C C walks around; #C C walks around the supermarket"
    },
    {
        "Video Name": "c4bdfb22-e10a-49a0-a8fe-60ec2b966b56",
        "Start Frame": 1320,
        "End Frame": 1440,
        "Caption": "#C C walks around the store; #C C walks around the store; #C C looks at the snacks on the; #C C walks around the supermarket; #C C walks in the supermarket"
    },
    {
        "Video Name": "c4bdfb22-e10a-49a0-a8fe-60ec2b966b56",
        "Start Frame": 1440,
        "End Frame": 1560,
        "Caption": "#O person Y walks in the; #O person B walks in the; #C C walks around; #O person X walks around; #C C walks around the supermarket"
    },
    {
        "Video Name": "c4bdfb22-e10a-49a0-a8fe-60ec2b966b56",
        "Start Frame": 1560,
        "End Frame": 1680,
        "Caption": "#C C looks around the store ; #C C looks around; #C C looks at the shelves ; #C C looks at the items on the; #C C looks around"
    },
    {
        "Video Name": "c4bdfb22-e10a-49a0-a8fe-60ec2b966b56",
        "Start Frame": 1680,
        "End Frame": 1800,
        "Caption": "#C C looks around; #C C looks around the store; #C C looks around; #C C looks at the items in the shelf; #C C looks at the shelf"
    },
    {
        "Video Name": "c4bdfb22-e10a-49a0-a8fe-60ec2b966b56",
        "Start Frame": 1800,
        "End Frame": 1920,
        "Caption": "#O person Y looks at the phone; #C C picks a packet of snacks; #O woman X takes a packet from the; #C C converses with person X; #C C picks a packet of chocolate"
    },
    {
        "Video Name": "c4bdfb22-e10a-49a0-a8fe-60ec2b966b56",
        "Start Frame": 1920,
        "End Frame": 2040,
        "Caption": "#O A woman X talks to C; #O Person A picks a packet of snack; #O woman X points at a box; #O A woman Y picks a packet of; #O a woman X inspects the box"
    },
    {
        "Video Name": "c4bdfb22-e10a-49a0-a8fe-60ec2b966b56",
        "Start Frame": 2040,
        "End Frame": 2160,
        "Caption": "#O woman Y picks a packet of biscuit; #O woman Y talks to C; #O person X puts a packet on the shelf; #O woman X dialogues with C; #O lady B picks a packet of snacks from the shelf"
    },
    {
        "Video Name": "c4bdfb22-e10a-49a0-a8fe-60ec2b966b56",
        "Start Frame": 2160,
        "End Frame": 2280,
        "Caption": "#O woman B points at the shelf; #C C dialogues with person X; #O A person X points at a pack of; #O A man X points at a packet of; #O Person A points at the snacks on the"
    },
    {
        "Video Name": "c4bdfb22-e10a-49a0-a8fe-60ec2b966b56",
        "Start Frame": 2280,
        "End Frame": 2400,
        "Caption": "#O person A walks in the supermarket; #C C walks around; #C C walks around; #O woman X converses with C; #O person X takes a packet of biscuits from a"
    },
    {
        "Video Name": "c4bdfb22-e10a-49a0-a8fe-60ec2b966b56",
        "Start Frame": 2400,
        "End Frame": 2520,
        "Caption": "#O person X picks up unsure from the shelf; #O woman X picks a packet from the shelve; #O person X picks a packet of snack from the; #O person B picks unsure from the shelve; #O woman Y picks an item "
    },
    {
        "Video Name": "c4bdfb22-e10a-49a0-a8fe-60ec2b966b56",
        "Start Frame": 2520,
        "End Frame": 2640,
        "Caption": "#O woman Y touches the price tag; #O person X picks a packet of snacks; #O person Y gives C the chocolate; #O person X touches a tin on a shelf ; #O Woman B points on the price tag on the"
    },
    {
        "Video Name": "c4bdfb22-e10a-49a0-a8fe-60ec2b966b56",
        "Start Frame": 2640,
        "End Frame": 2760,
        "Caption": "#O person X points at a packet of snack on the; #O person Y picks a candy on a shelf; #O Woman Y points at a tin ; #C C talks to person X; #O person Y  points at a snack"
    },
    {
        "Video Name": "c4bdfb22-e10a-49a0-a8fe-60ec2b966b56",
        "Start Frame": 2760,
        "End Frame": 2880,
        "Caption": "#O A woman X picks an item ; #O lady B holds items ; #C C converses with woman X; #C C converses with a  woman X ; #O lady B picks the packet of snacks from the shelf"
    },
    {
        "Video Name": "c4bdfb22-e10a-49a0-a8fe-60ec2b966b56",
        "Start Frame": 2880,
        "End Frame": 3000,
        "Caption": "#O Person A holds the sachet; #O person X picks up the packet of; #O person X picks a packet of candy; #O A woman Y takes the snack ; #O person X holds a pack of snack"
    },
    {
        "Video Name": "c4bdfb22-e10a-49a0-a8fe-60ec2b966b56",
        "Start Frame": 3000,
        "End Frame": 3120,
        "Caption": "#O person X picks a packet of biscuits from the; #O lady X dialogues with C ; #O A person X interacts with C; #O woman X picks a container from the shelf; #O A man X picks the snack"
    },
    {
        "Video Name": "c4bdfb22-e10a-49a0-a8fe-60ec2b966b56",
        "Start Frame": 3120,
        "End Frame": 3240,
        "Caption": "#O man X picks a snack; #C C looks around ; #C C looks at the shelves ; #O person X picks a pack from the; #C C looks at the shelf"
    },
    {
        "Video Name": "c4bdfb22-e10a-49a0-a8fe-60ec2b966b56",
        "Start Frame": 3240,
        "End Frame": 3360,
        "Caption": "#O a lady X interacts with C; #O person X looks at the price tag on the; #O Person A points at the items in the shelf; #O Person A walks around; #O person A moves her hand "
    },
    {
        "Video Name": "c4bdfb22-e10a-49a0-a8fe-60ec2b966b56",
        "Start Frame": 3360,
        "End Frame": 3480,
        "Caption": "#O woman A points the food; #C C talks to person Y; #O A woman X interacts with; #O lady X points; #O Person A holds the shopping"
    },
    {
        "Video Name": "c4bdfb22-e10a-49a0-a8fe-60ec2b966b56",
        "Start Frame": 3480,
        "End Frame": 3600,
        "Caption": "#C C looks around the supermarket; #O A woman X talks to C ; #O woman D points at a box ; #O Person A points the item on the shelf; #C C looks at the items on the shelf"
    },
    {
        "Video Name": "c4bdfb22-e10a-49a0-a8fe-60ec2b966b56",
        "Start Frame": 3600,
        "End Frame": 3720,
        "Caption": "#C C looks at woman Y; #C C looks at the products on the shelves; #O woman A talks; #O woman X walks; #o woman y speaks to c"
    },
    {
        "Video Name": "c4bdfb22-e10a-49a0-a8fe-60ec2b966b56",
        "Start Frame": 3720,
        "End Frame": 3840,
        "Caption": "#O woman X picks a packet from the shelf; #O woman A walks; #O person Y takes a packet of snacks from the shelf; #O lady X picks a packet from the shelf ; #C C looks around"
    },
    {
        "Video Name": "c4bdfb22-e10a-49a0-a8fe-60ec2b966b56",
        "Start Frame": 3840,
        "End Frame": 3960,
        "Caption": "#C C looks at the snacks on the; #C C looks at the products on the; #C C looks at the shelves ; #C C looks around the supermarket.; #C C looks around the supermarket "
    },
    {
        "Video Name": "c4bdfb22-e10a-49a0-a8fe-60ec2b966b56",
        "Start Frame": 3960,
        "End Frame": 4080,
        "Caption": "#C C walks around the store; #C C looks around; #C C looks around the shelf; #C C looks around the shelves; #C C looks around"
    },
    {
        "Video Name": "c4bdfb22-e10a-49a0-a8fe-60ec2b966b56",
        "Start Frame": 4080,
        "End Frame": 4200,
        "Caption": "#O lady X picks a packet of; #C C dialogues with woman B; #C C picks a packet of chocolate; #C C walks around the supermarket; #C C dialogues with person W"
    },
    {
        "Video Name": "c4bdfb22-e10a-49a0-a8fe-60ec2b966b56",
        "Start Frame": 4200,
        "End Frame": 4320,
        "Caption": "#C C walks around the; #C C walks around; #C C looks around the; #C C looks around; #C C looks at the"
    },
    {
        "Video Name": "c4bdfb22-e10a-49a0-a8fe-60ec2b966b56",
        "Start Frame": 4320,
        "End Frame": 4440,
        "Caption": "#C C returns the chocolate cake on the; #C C picks a snack; #C C picks a box of cookies; #C C puts the biscuit on the; #c c pick the snacks"
    },
    {
        "Video Name": "c4bdfb22-e10a-49a0-a8fe-60ec2b966b56",
        "Start Frame": 4440,
        "End Frame": 4560,
        "Caption": "#C C picks up the snack; #C C puts back the snack; #C C puts the snack in the shelf; #C C returns the packet of cookie on the; #c c puts snack on the shelve"
    },
    {
        "Video Name": "c4bdfb22-e10a-49a0-a8fe-60ec2b966b56",
        "Start Frame": 4560,
        "End Frame": 4680,
        "Caption": "#C C picks a snack; #C C picks the biscuits from the; #C C picks a packet of chocolate; #C C picks up a packet of; #C C picks a snack"
    },
    {
        "Video Name": "c4bdfb22-e10a-49a0-a8fe-60ec2b966b56",
        "Start Frame": 4680,
        "End Frame": 4800,
        "Caption": "#C C picks snacks; #C C picks the packet of chips from the; #C C looks at the snacks; #C C picks the items from the shelf; #C C picks the snack"
    },
    {
        "Video Name": "c4bdfb22-e10a-49a0-a8fe-60ec2b966b56",
        "Start Frame": 4800,
        "End Frame": 4920,
        "Caption": "#C C walks around ; #C C walks around the; #C C walks around the; #C C looks around; #C C walks around "
    },
    {
        "Video Name": "c4bdfb22-e10a-49a0-a8fe-60ec2b966b56",
        "Start Frame": 4920,
        "End Frame": 5040,
        "Caption": "#C C looks around; #C C walks in the supermarket.; #C C looks around the store shelf; #C C walks around the store; #C C walks around"
    },
    {
        "Video Name": "c4bdfb22-e10a-49a0-a8fe-60ec2b966b56",
        "Start Frame": 5040,
        "End Frame": 5160,
        "Caption": "#C C walks around the; #C C walks around the; #C C walks around the; #C C walks around ; #C C walks around the"
    },
    {
        "Video Name": "c4bdfb22-e10a-49a0-a8fe-60ec2b966b56",
        "Start Frame": 5160,
        "End Frame": 5280,
        "Caption": "#C C looks around; #C C looks at the shelf; #C C looks at the items on the shelf; #C C looks around; #C C looks around"
    },
    {
        "Video Name": "c4bdfb22-e10a-49a0-a8fe-60ec2b966b56",
        "Start Frame": 5280,
        "End Frame": 5400,
        "Caption": "#C C looks at the products on the; #C C looks at the items on the; #C C looks at the shelf; #C C looks around; #C C looks around"
    }
]