[
    {
        "Video Name": "c6bf44c3-2163-4fbc-8ff7-c07a6e3e533b",
        "Start Frame": 0,
        "End Frame": 120,
        "Caption": "#C C looks around the room; #C C sits on the chair in the living; #C C looks around; #C C looks at a man X; #C C looks at the desktop"
    },
    {
        "Video Name": "c6bf44c3-2163-4fbc-8ff7-c07a6e3e533b",
        "Start Frame": 120,
        "End Frame": 240,
        "Caption": "#C C adjusts the camera; #C C stares at the; #C C looks around; #C C operates the computer; #C C looks around"
    },
    {
        "Video Name": "c6bf44c3-2163-4fbc-8ff7-c07a6e3e533b",
        "Start Frame": 240,
        "End Frame": 360,
        "Caption": "#C C looks around the; #C C looks around ; #C C looks around; #C C looks around; #C C looks around "
    },
    {
        "Video Name": "c6bf44c3-2163-4fbc-8ff7-c07a6e3e533b",
        "Start Frame": 360,
        "End Frame": 480,
        "Caption": "#C C looks around the room; #C C sits on the chair; #C C adjusts the camera ; #C C looks around the room; #C C looks around the room"
    },
    {
        "Video Name": "c6bf44c3-2163-4fbc-8ff7-c07a6e3e533b",
        "Start Frame": 480,
        "End Frame": 600,
        "Caption": "#C C looks around the house ; #C C walks towards a computer on a table; #C C looks around the room; #C C looks at the computer; #C C walks around the house "
    },
    {
        "Video Name": "c6bf44c3-2163-4fbc-8ff7-c07a6e3e533b",
        "Start Frame": 600,
        "End Frame": 720,
        "Caption": "#C C looks around ; #C C looks at the; #c c looks at the; #C C looks at the; #c c looks around"
    },
    {
        "Video Name": "c6bf44c3-2163-4fbc-8ff7-c07a6e3e533b",
        "Start Frame": 720,
        "End Frame": 840,
        "Caption": "#C C walks around; #C C walks around; #C C walks around; #C C walks in the; #C C looks around "
    },
    {
        "Video Name": "c6bf44c3-2163-4fbc-8ff7-c07a6e3e533b",
        "Start Frame": 840,
        "End Frame": 960,
        "Caption": "#C C puts the phone on the; #C C picks up his phone; #C C looks around; #C C sits on the bed.; #C C folds the sheet "
    },
    {
        "Video Name": "c6bf44c3-2163-4fbc-8ff7-c07a6e3e533b",
        "Start Frame": 960,
        "End Frame": 1080,
        "Caption": "#C C sits on the chair; #C C looks around; #C C looks around; #C C looks around; #C C looks at the computer"
    },
    {
        "Video Name": "c6bf44c3-2163-4fbc-8ff7-c07a6e3e533b",
        "Start Frame": 1080,
        "End Frame": 1200,
        "Caption": "#C C walks towards the table; #C C walks around; #C C looks around; #c c puts the phone on the; #C C turns around"
    },
    {
        "Video Name": "c6bf44c3-2163-4fbc-8ff7-c07a6e3e533b",
        "Start Frame": 1200,
        "End Frame": 1320,
        "Caption": "#C C looks around the; #C C looks around the; #C C looks around; #C C walks around the; #C C looks around"
    },
    {
        "Video Name": "c6bf44c3-2163-4fbc-8ff7-c07a6e3e533b",
        "Start Frame": 1320,
        "End Frame": 1440,
        "Caption": "#C C stares at the; #C C looks around ; #C C stands up; #C C looks around the; #C C looks around"
    },
    {
        "Video Name": "c6bf44c3-2163-4fbc-8ff7-c07a6e3e533b",
        "Start Frame": 1440,
        "End Frame": 1560,
        "Caption": "#C C looks around; #C C looks around ; #C C moves around; #C C moves on the; #C C looks around"
    },
    {
        "Video Name": "c6bf44c3-2163-4fbc-8ff7-c07a6e3e533b",
        "Start Frame": 1560,
        "End Frame": 1680,
        "Caption": "#C C looks around; #C C looks around; #C C looks around; #C C looks around; #C C looks around"
    },
    {
        "Video Name": "c6bf44c3-2163-4fbc-8ff7-c07a6e3e533b",
        "Start Frame": 1680,
        "End Frame": 1800,
        "Caption": "#C C looks at the; #C C looks at the; #C C uses the phone; #C C looks at the; #C C scrolls the phone"
    },
    {
        "Video Name": "c6bf44c3-2163-4fbc-8ff7-c07a6e3e533b",
        "Start Frame": 1800,
        "End Frame": 1920,
        "Caption": "#C C looks; #C C looks; #C C looks; #C C looks; #C C looks"
    },
    {
        "Video Name": "c6bf44c3-2163-4fbc-8ff7-c07a6e3e533b",
        "Start Frame": 1920,
        "End Frame": 2040,
        "Caption": "#C C stares at the floor; #C C Stands up from the; #C C holds phone; #C C looks around; #C C looks around"
    },
    {
        "Video Name": "c6bf44c3-2163-4fbc-8ff7-c07a6e3e533b",
        "Start Frame": 2040,
        "End Frame": 2160,
        "Caption": "#C C looks around; #C C stares at the; #C C stares in the; #C C stands on the; #C C looks at the"
    },
    {
        "Video Name": "c6bf44c3-2163-4fbc-8ff7-c07a6e3e533b",
        "Start Frame": 2160,
        "End Frame": 2280,
        "Caption": "#C C looks around; #C C looks around ; #C C looks around; #C C looks at the; #C C looks down"
    },
    {
        "Video Name": "c6bf44c3-2163-4fbc-8ff7-c07a6e3e533b",
        "Start Frame": 2280,
        "End Frame": 2400,
        "Caption": "#C C moves hands ; #C C looks around; #C C looks at the; #C C looks around; #C C stares at the"
    },
    {
        "Video Name": "c6bf44c3-2163-4fbc-8ff7-c07a6e3e533b",
        "Start Frame": 2400,
        "End Frame": 2520,
        "Caption": "#C C stares at the; #C C folds the legs; #C C folds left leg; #C C looks around ; #c c adjusts the position"
    },
    {
        "Video Name": "c6bf44c3-2163-4fbc-8ff7-c07a6e3e533b",
        "Start Frame": 2520,
        "End Frame": 2640,
        "Caption": "#C C looks around; #C C looks down; #C C looks around; #C C looks around; #C C looks around"
    },
    {
        "Video Name": "c6bf44c3-2163-4fbc-8ff7-c07a6e3e533b",
        "Start Frame": 2640,
        "End Frame": 2760,
        "Caption": "#C C looks around; #C C looks at the; #C C looks around; #C C sits down; #C C looks around"
    },
    {
        "Video Name": "c6bf44c3-2163-4fbc-8ff7-c07a6e3e533b",
        "Start Frame": 2760,
        "End Frame": 2880,
        "Caption": "#C C looks at the; #C C looks around ; #C C looks around; #C C stares at the; #C C looks around the"
    },
    {
        "Video Name": "c6bf44c3-2163-4fbc-8ff7-c07a6e3e533b",
        "Start Frame": 2880,
        "End Frame": 3000,
        "Caption": "#C C looks around; #C C looks around; #C C looks around; #C C looks around ; #C C looks around the"
    },
    {
        "Video Name": "c6bf44c3-2163-4fbc-8ff7-c07a6e3e533b",
        "Start Frame": 3000,
        "End Frame": 3120,
        "Caption": "#C C opens a book; #C C uses the phone; #C C uses phone ; #C C operates the phone; #C C types on the"
    },
    {
        "Video Name": "c6bf44c3-2163-4fbc-8ff7-c07a6e3e533b",
        "Start Frame": 3120,
        "End Frame": 3240,
        "Caption": "#C C opens the box; #C C closes the box; #c c opens a book; #C C tears the envelope; #C C flips the box"
    },
    {
        "Video Name": "c6bf44c3-2163-4fbc-8ff7-c07a6e3e533b",
        "Start Frame": 3240,
        "End Frame": 3360,
        "Caption": "#C C opens the book; #C C opens the book; #C C picks a book from the; #C C looks around; #C C opens the bag"
    },
    {
        "Video Name": "c6bf44c3-2163-4fbc-8ff7-c07a6e3e533b",
        "Start Frame": 3360,
        "End Frame": 3480,
        "Caption": "#C C picks a piece of cloth; #C C opens the nylon bag; #C C holds a paper ; #C C picks a phone on the; #C C picks a paper "
    },
    {
        "Video Name": "c6bf44c3-2163-4fbc-8ff7-c07a6e3e533b",
        "Start Frame": 3480,
        "End Frame": 3600,
        "Caption": "#C C picks the paper from the; #C C picks a paper; #C C picks a paper; #C C picks up a piece of; #C C picks a piece of paper"
    },
    {
        "Video Name": "c6bf44c3-2163-4fbc-8ff7-c07a6e3e533b",
        "Start Frame": 3600,
        "End Frame": 3720,
        "Caption": "#C C removes a paper; #C C picks a piece of cloth; #C C picks the paper ; #C C picks a paper; #C C picks up a piece of"
    },
    {
        "Video Name": "c6bf44c3-2163-4fbc-8ff7-c07a6e3e533b",
        "Start Frame": 3720,
        "End Frame": 3840,
        "Caption": "#C C operates the phone; #C C looks around; #C C sits on the; #C C looks around the; #C C looks around the"
    },
    {
        "Video Name": "c6bf44c3-2163-4fbc-8ff7-c07a6e3e533b",
        "Start Frame": 3840,
        "End Frame": 3960,
        "Caption": "#C C looks at the room; #C C looks around the room; #C C folds the duvet; #C C looks around ; #C C looks around "
    },
    {
        "Video Name": "c6bf44c3-2163-4fbc-8ff7-c07a6e3e533b",
        "Start Frame": 3960,
        "End Frame": 4080,
        "Caption": "#C C picks a book on the; #C C picks a book; #C C picks a book ; #C C picks a book; #C C picks a book from the"
    },
    {
        "Video Name": "c6bf44c3-2163-4fbc-8ff7-c07a6e3e533b",
        "Start Frame": 4080,
        "End Frame": 4200,
        "Caption": "#C C looks around the; #C C stares at the; #C C looks around; #C C looks at the; #c c stands in the"
    },
    {
        "Video Name": "c6bf44c3-2163-4fbc-8ff7-c07a6e3e533b",
        "Start Frame": 4200,
        "End Frame": 4320,
        "Caption": "#C C looks around the room; #C C looks around the room; #C C looks around ; #C C looks around; #C C uses the phone "
    },
    {
        "Video Name": "c6bf44c3-2163-4fbc-8ff7-c07a6e3e533b",
        "Start Frame": 4320,
        "End Frame": 4440,
        "Caption": "#C C picks the; #C C picks a; #C C looks around; #C C uses phone; #C C picks a"
    },
    {
        "Video Name": "c6bf44c3-2163-4fbc-8ff7-c07a6e3e533b",
        "Start Frame": 4440,
        "End Frame": 4560,
        "Caption": "#C C flips the book ; #C C opens the book; #C C holds a note book in her right hand.; #C C flips a page of the book with her right hand; #C C flips the book"
    },
    {
        "Video Name": "c6bf44c3-2163-4fbc-8ff7-c07a6e3e533b",
        "Start Frame": 4560,
        "End Frame": 4680,
        "Caption": "#C C takes a card; #C C looks at the papers; #C C opens the book ; #C C picks a sheet of; #C C stares at the paper"
    },
    {
        "Video Name": "c6bf44c3-2163-4fbc-8ff7-c07a6e3e533b",
        "Start Frame": 4680,
        "End Frame": 4800,
        "Caption": "#C C closes the page; #C C looks at the book; #C C flips the page; #C C flips the book; #C C holds the book with both"
    },
    {
        "Video Name": "c6bf44c3-2163-4fbc-8ff7-c07a6e3e533b",
        "Start Frame": 4800,
        "End Frame": 4920,
        "Caption": "#C C flips the book on the lap; #C C opens the book; #C C puts the book on the bed; #C C holds book with both hands; #C C  flips a book "
    },
    {
        "Video Name": "c6bf44c3-2163-4fbc-8ff7-c07a6e3e533b",
        "Start Frame": 4920,
        "End Frame": 5040,
        "Caption": "#C C takes a book; #C C looks around; #C C looks around the; #C C looks around the; #C C looks around the"
    },
    {
        "Video Name": "c6bf44c3-2163-4fbc-8ff7-c07a6e3e533b",
        "Start Frame": 5040,
        "End Frame": 5160,
        "Caption": "#C C looks at the book; #C C stares at the room; #C C looks at the book; #C C looks at the book; #C C looks at the book"
    },
    {
        "Video Name": "c6bf44c3-2163-4fbc-8ff7-c07a6e3e533b",
        "Start Frame": 5160,
        "End Frame": 5280,
        "Caption": "#C C holds the paper; #C C stares at the; #C C looks at the; #C C holds the book; #C C Looks at the"
    },
    {
        "Video Name": "c6bf44c3-2163-4fbc-8ff7-c07a6e3e533b",
        "Start Frame": 5280,
        "End Frame": 5400,
        "Caption": "#C C picks a paper; #C C picks up the cloth; #C C picks a book; #C C picks a sachet from the; #C C picks up a book"
    }
]