[
    {
        "Video Name": "c93f3f21-63f5-48a3-b627-0aea50d26824",
        "Start Frame": 0,
        "End Frame": 120,
        "Caption": "#C C puts the detergent in the dust; #C C looks at the can ; #C C looks at the bottle; #C C looks around; #C C converses with a man X "
    },
    {
        "Video Name": "c93f3f21-63f5-48a3-b627-0aea50d26824",
        "Start Frame": 120,
        "End Frame": 240,
        "Caption": "#C C puts the paper aside; #C C picks a paper; #O A man X opens the; #C C puts the paper down; #C C puts the paper down"
    },
    {
        "Video Name": "c93f3f21-63f5-48a3-b627-0aea50d26824",
        "Start Frame": 240,
        "End Frame": 360,
        "Caption": "#C C looks around; #C C looks around the room; #O A man X pours the milk on the; #C C walks around the room ; #C C looks around the house"
    },
    {
        "Video Name": "c93f3f21-63f5-48a3-b627-0aea50d26824",
        "Start Frame": 360,
        "End Frame": 480,
        "Caption": "#O A man X picks a bottle from the; #O man X puts the cup on the fridge; #O O puts the bottle on the table; #O A man X picks the coffee jug; #O man X picks a coffee cup from the"
    },
    {
        "Video Name": "c93f3f21-63f5-48a3-b627-0aea50d26824",
        "Start Frame": 480,
        "End Frame": 600,
        "Caption": "#C C walks around the; #C C picks up cup; #O person X picks a; #O person Y picks a; #C C walks in the"
    },
    {
        "Video Name": "c93f3f21-63f5-48a3-b627-0aea50d26824",
        "Start Frame": 600,
        "End Frame": 720,
        "Caption": "#C C walks around the; #C C walks around the; #C C walks around; #C C looks around; #C C walks around"
    },
    {
        "Video Name": "c93f3f21-63f5-48a3-b627-0aea50d26824",
        "Start Frame": 720,
        "End Frame": 840,
        "Caption": "#C C looks around; #C C walks in the; #C C looks around; #C C looks around; #C C looks around"
    },
    {
        "Video Name": "c93f3f21-63f5-48a3-b627-0aea50d26824",
        "Start Frame": 840,
        "End Frame": 960,
        "Caption": "#O a man X holds a cup of; #O person X picks up the plate of; #O person X places a plate on the; #C C looks around; #C C walks around the house "
    },
    {
        "Video Name": "c93f3f21-63f5-48a3-b627-0aea50d26824",
        "Start Frame": 960,
        "End Frame": 1080,
        "Caption": "#O A man Y stands; #O man Y stands up; #O man X stands up; #O person X stands up; #O man A stands up"
    },
    {
        "Video Name": "c93f3f21-63f5-48a3-b627-0aea50d26824",
        "Start Frame": 1080,
        "End Frame": 1200,
        "Caption": "#O man A picks a card from the table; #C C dialogues with man A ; #X person o places card on the table; #X person o places card on the table; #O man X picks cards"
    },
    {
        "Video Name": "c93f3f21-63f5-48a3-b627-0aea50d26824",
        "Start Frame": 1200,
        "End Frame": 1320,
        "Caption": "#C C looks around; #C C adjusts camera; #C C adjusts the camera; #C C adjusts the camera; #O A man X adjusts the"
    },
    {
        "Video Name": "c93f3f21-63f5-48a3-b627-0aea50d26824",
        "Start Frame": 1320,
        "End Frame": 1440,
        "Caption": "#C C looks; #C C looks; #C C looks; #C C looks; #C C looks"
    },
    {
        "Video Name": "c93f3f21-63f5-48a3-b627-0aea50d26824",
        "Start Frame": 1440,
        "End Frame": 1560,
        "Caption": "#O A man X interacts with C; #C C looks around; #O A man X sits on a; #O person X picks a card; #C C looks around"
    },
    {
        "Video Name": "c93f3f21-63f5-48a3-b627-0aea50d26824",
        "Start Frame": 1560,
        "End Frame": 1680,
        "Caption": "#O person X picks a snack; #O person G puts snack on the plate.; #O man A puts the snack on the plate; #O person X picks a snack from the plate; #o man y picks snacks"
    },
    {
        "Video Name": "c93f3f21-63f5-48a3-b627-0aea50d26824",
        "Start Frame": 1680,
        "End Frame": 1800,
        "Caption": "#C C looks around the house; #O person X eats; #O man X puts phone away; #O man X holds a phone; #C C talks to man Y"
    },
    {
        "Video Name": "c93f3f21-63f5-48a3-b627-0aea50d26824",
        "Start Frame": 1800,
        "End Frame": 1920,
        "Caption": "#C C looks around; #C C looks around the house; #C C looks at man X; #C C turns to the side; #C C looks at man X"
    },
    {
        "Video Name": "c93f3f21-63f5-48a3-b627-0aea50d26824",
        "Start Frame": 1920,
        "End Frame": 2040,
        "Caption": "#C C adjusts the; #C C touches his; #C C adjusts the; #C C holds camera; #C C adjusts the"
    },
    {
        "Video Name": "c93f3f21-63f5-48a3-b627-0aea50d26824",
        "Start Frame": 2040,
        "End Frame": 2160,
        "Caption": "#O man X talks to C; #C C looks around; #O a man X talks to C; #O person X dialogues with C; #O man X converses with C"
    },
    {
        "Video Name": "c93f3f21-63f5-48a3-b627-0aea50d26824",
        "Start Frame": 2160,
        "End Frame": 2280,
        "Caption": "#C C looks at man X; #O A man X holds the; #C C looks around the house; #C C looks at man A; #C C looks around"
    },
    {
        "Video Name": "c93f3f21-63f5-48a3-b627-0aea50d26824",
        "Start Frame": 2280,
        "End Frame": 2400,
        "Caption": "#C C looks around; #O person X arranges the cards; #C C looks at man X; #O person X plays the card game; #O man Z places card on the"
    },
    {
        "Video Name": "c93f3f21-63f5-48a3-b627-0aea50d26824",
        "Start Frame": 2400,
        "End Frame": 2520,
        "Caption": "#O a man X eats the snacks; #C C looks around; #O man Z eats snacks; #O man X eats a snack; #O person Y eats the snack."
    },
    {
        "Video Name": "c93f3f21-63f5-48a3-b627-0aea50d26824",
        "Start Frame": 2520,
        "End Frame": 2640,
        "Caption": "#O person G picks up the snack.; #O a man X picks a snack from the; #O man X picks crisps; #O person X picks up food from the plate; #O person B  picks up a snack."
    },
    {
        "Video Name": "c93f3f21-63f5-48a3-b627-0aea50d26824",
        "Start Frame": 2640,
        "End Frame": 2760,
        "Caption": "#O man Z converses with C; #O man Z eats; #O man Z  looks at C; #C C looks around the mall; #O A man X eats snacks"
    },
    {
        "Video Name": "c93f3f21-63f5-48a3-b627-0aea50d26824",
        "Start Frame": 2760,
        "End Frame": 2880,
        "Caption": "#C C looks around; #C C looks around; #C C looks around; #C C looks around; #C C looks around"
    },
    {
        "Video Name": "c93f3f21-63f5-48a3-b627-0aea50d26824",
        "Start Frame": 2880,
        "End Frame": 3000,
        "Caption": "#C C  looks around the; #C C looks around; #C C looks around ; #C C looks at man X; #C C looks around"
    },
    {
        "Video Name": "c93f3f21-63f5-48a3-b627-0aea50d26824",
        "Start Frame": 3000,
        "End Frame": 3120,
        "Caption": "#C C looks around ; #O man X plays card game with C; #C C dialogues with person G ; #C C looks around ; #O person X looks at the floor "
    },
    {
        "Video Name": "c93f3f21-63f5-48a3-b627-0aea50d26824",
        "Start Frame": 3120,
        "End Frame": 3240,
        "Caption": "#O person X plays the card game.; #O person G drops paper.; #O person X pushes card on the table; #O person G arranges cards.; #O person X puts card on the table"
    },
    {
        "Video Name": "c93f3f21-63f5-48a3-b627-0aea50d26824",
        "Start Frame": 3240,
        "End Frame": 3360,
        "Caption": "#C C looks; #C C looks; #C C looks; #C C looks; #C C looks"
    },
    {
        "Video Name": "c93f3f21-63f5-48a3-b627-0aea50d26824",
        "Start Frame": 3360,
        "End Frame": 3480,
        "Caption": "#C C looks around; #C C looks around the; #C C looks around; #C C looks around; #C C looks around"
    },
    {
        "Video Name": "c93f3f21-63f5-48a3-b627-0aea50d26824",
        "Start Frame": 3480,
        "End Frame": 3600,
        "Caption": "#C C looks around ; #C C looks at man X; #C C dialogues with person X; #C C talks to person X ; #C C looks around"
    },
    {
        "Video Name": "c93f3f21-63f5-48a3-b627-0aea50d26824",
        "Start Frame": 3600,
        "End Frame": 3720,
        "Caption": "#O man X talks to C ; #C C dialogues with man A; #C C dialogues with person G; #O person X dialogues with C; #C C looks at a man X"
    },
    {
        "Video Name": "c93f3f21-63f5-48a3-b627-0aea50d26824",
        "Start Frame": 3720,
        "End Frame": 3840,
        "Caption": "#C C looks around; #C C looks around; #C C talks to man; #C C looks around the; #C C looks around "
    },
    {
        "Video Name": "c93f3f21-63f5-48a3-b627-0aea50d26824",
        "Start Frame": 3840,
        "End Frame": 3960,
        "Caption": "#O a person P touches the block; #C C looks around; #C C talks to man X ; #O person X plays sorry game with; #C C looks around "
    },
    {
        "Video Name": "c93f3f21-63f5-48a3-b627-0aea50d26824",
        "Start Frame": 3960,
        "End Frame": 4080,
        "Caption": "#O person X picks a snack.                                                                   ; #C C dialogues with person G; #O person X picks up a snack.                                                                  ; #O a man X picks the snacks; #O a man X picks a packet of snacks"
    },
    {
        "Video Name": "c93f3f21-63f5-48a3-b627-0aea50d26824",
        "Start Frame": 4080,
        "End Frame": 4200,
        "Caption": "#C C talks to man A ; #C C looks at man D; #C C looks around; #O person X puts the snack on the table; #O man D puts the crisps down "
    },
    {
        "Video Name": "c93f3f21-63f5-48a3-b627-0aea50d26824",
        "Start Frame": 4200,
        "End Frame": 4320,
        "Caption": "#O person B eats a snack; #O man Z scratches his head; #O A man X eats snacks; #C C looks around; #O person G adjusts the eyeglasses"
    },
    {
        "Video Name": "c93f3f21-63f5-48a3-b627-0aea50d26824",
        "Start Frame": 4320,
        "End Frame": 4440,
        "Caption": "#O man X speaks to C ; #O man Y interacts with C; #C C looks around; #C C looks around; #O person D  holds a book"
    },
    {
        "Video Name": "c93f3f21-63f5-48a3-b627-0aea50d26824",
        "Start Frame": 4440,
        "End Frame": 4560,
        "Caption": "#C C looks around; #C C looks around the; #C C looks around; #C C looks around ; #C C looks up"
    },
    {
        "Video Name": "c93f3f21-63f5-48a3-b627-0aea50d26824",
        "Start Frame": 4560,
        "End Frame": 4680,
        "Caption": "#C C looks around; #C C looks around; #C C looks around; #C C looks around the; #C C looks around"
    },
    {
        "Video Name": "c93f3f21-63f5-48a3-b627-0aea50d26824",
        "Start Frame": 4680,
        "End Frame": 4800,
        "Caption": "#C C walks around the; #C C walks around; #C C opens a cabinet; #C C opens the cabinet; #C C walks around"
    },
    {
        "Video Name": "c93f3f21-63f5-48a3-b627-0aea50d26824",
        "Start Frame": 4800,
        "End Frame": 4920,
        "Caption": "#C C picks a box from the shelf; #C C picks a box of puzzles; #C C picks up a box; #C C picks up the box of the board; #C C opens a box of play station"
    },
    {
        "Video Name": "c93f3f21-63f5-48a3-b627-0aea50d26824",
        "Start Frame": 4920,
        "End Frame": 5040,
        "Caption": "#C C puts the game pack inside the box; #C C puts the game box on the table; #C C picks a box of board game from the; #C C puts the game box in the cabinet; #C C takes a box"
    },
    {
        "Video Name": "c93f3f21-63f5-48a3-b627-0aea50d26824",
        "Start Frame": 5040,
        "End Frame": 5160,
        "Caption": "#C C looks around; #C C holds a remote; #C C looks at the floor; #C C stares at the floor; #C C looks around the house"
    },
    {
        "Video Name": "c93f3f21-63f5-48a3-b627-0aea50d26824",
        "Start Frame": 5160,
        "End Frame": 5280,
        "Caption": "#C C opens the game box; #C C opens the box; #C C picks a box; #C C picks up a game disk from the; #C C closes the box"
    },
    {
        "Video Name": "c93f3f21-63f5-48a3-b627-0aea50d26824",
        "Start Frame": 5280,
        "End Frame": 5400,
        "Caption": "#C C picks a box of candy; #C C Picks up a box from a; #C C puts the box in the drawer; #C C picks a box; #C C looks inside the cabinet"
    }
]