[
    {
        "Video Name": "cd569206-229f-44ac-aa8f-be52f68b0fd6",
        "Start Frame": 0,
        "End Frame": 120,
        "Caption": "#C C looks around; #C C walks in the house; #C C walks in the house; #C C walks in the room; #C C moves around "
    },
    {
        "Video Name": "cd569206-229f-44ac-aa8f-be52f68b0fd6",
        "Start Frame": 120,
        "End Frame": 240,
        "Caption": "#C C touches wall; #C C rubs the wall with his; #C C wipes the wall; #C C touches the wall; #C C touches the wall with his left"
    },
    {
        "Video Name": "cd569206-229f-44ac-aa8f-be52f68b0fd6",
        "Start Frame": 240,
        "End Frame": 360,
        "Caption": "#C C looks at the wall; #C C wipes the wall with the left hand; #C C wipes the wall; #C C wipes the wall with his left hand; #C C rubs hand on the wall"
    },
    {
        "Video Name": "cd569206-229f-44ac-aa8f-be52f68b0fd6",
        "Start Frame": 360,
        "End Frame": 480,
        "Caption": "#C C picks a tin; #C C picks a basket; #C C picks up the; #C C picks a carpet; #C C moves a bucket"
    },
    {
        "Video Name": "cd569206-229f-44ac-aa8f-be52f68b0fd6",
        "Start Frame": 480,
        "End Frame": 600,
        "Caption": "#C C dips a brush in a paint; #C C dips the paint brush in the; #C C deeps the brush in the; #C C picks a brush ; #C C picks a brush"
    },
    {
        "Video Name": "cd569206-229f-44ac-aa8f-be52f68b0fd6",
        "Start Frame": 600,
        "End Frame": 720,
        "Caption": "#C C looks around; #C C looks around; #C C looks around; #C C looks around; #C C turns around"
    },
    {
        "Video Name": "cd569206-229f-44ac-aa8f-be52f68b0fd6",
        "Start Frame": 720,
        "End Frame": 840,
        "Caption": "#C C wipes the wall; #C C wipes the wall with a; #C C wipes the wall with the; #C C wipes the wall with the; #C C wipes the wall with a"
    },
    {
        "Video Name": "cd569206-229f-44ac-aa8f-be52f68b0fd6",
        "Start Frame": 840,
        "End Frame": 960,
        "Caption": "#C C washes the wall; #C C rinses the wall with the scourer in his right hand; #C C washes the wall with the hand ; #C C washes the wall with the water from the bucket.; #C C washes the bucket"
    },
    {
        "Video Name": "cd569206-229f-44ac-aa8f-be52f68b0fd6",
        "Start Frame": 960,
        "End Frame": 1080,
        "Caption": "#C C touches the wall with his right hand; #C C smoothens the wall with a sandpaper in his right hand; #c c scrubs wall; #C C wipes the wall with the sponge ; #C C brushes the wall"
    },
    {
        "Video Name": "cd569206-229f-44ac-aa8f-be52f68b0fd6",
        "Start Frame": 1080,
        "End Frame": 1200,
        "Caption": "#C C scrubs the wall; #C C wipes wall with sponge ; #C C wipes the wall; #C C wipes on the wall with a; #C C rubs the wall"
    },
    {
        "Video Name": "cd569206-229f-44ac-aa8f-be52f68b0fd6",
        "Start Frame": 1200,
        "End Frame": 1320,
        "Caption": "#C C looks at the hand sprayer ; #c c wipes the wall; #C C takes a bottle from the bag on the floor with his right hand; #C C cleans the wall with the foam in his right hand.; #C C sprays the wall"
    },
    {
        "Video Name": "cd569206-229f-44ac-aa8f-be52f68b0fd6",
        "Start Frame": 1320,
        "End Frame": 1440,
        "Caption": "#C C smooths the wall with the sandpaper; #C C rubs the wall with the sponge; #c c scrubs the wall; #C C touches the wall; #C C touches the wall with his right hand."
    },
    {
        "Video Name": "cd569206-229f-44ac-aa8f-be52f68b0fd6",
        "Start Frame": 1440,
        "End Frame": 1560,
        "Caption": "#C C wipes the wall with a piece of cloth; #C C wipes the wall; #C C wipes a wall; #C C touches the wall; #C C touches the wall"
    },
    {
        "Video Name": "cd569206-229f-44ac-aa8f-be52f68b0fd6",
        "Start Frame": 1560,
        "End Frame": 1680,
        "Caption": "#C C cleans the bucket ; #C C picks the sponge from the; #C C places the pipe in the; #C C picks up the brush; #C C takes a nozzle"
    },
    {
        "Video Name": "cd569206-229f-44ac-aa8f-be52f68b0fd6",
        "Start Frame": 1680,
        "End Frame": 1800,
        "Caption": "#C C wipes the wall with the sponge; #C C wipes wall with sponge ; #C C wipes the wall with the sponge; #C C wipes the wall with a sponge; #C C wipes the wall with a sponge"
    },
    {
        "Video Name": "cd569206-229f-44ac-aa8f-be52f68b0fd6",
        "Start Frame": 1800,
        "End Frame": 1920,
        "Caption": "#C C washes the sponge in the; #C C washes the sponge; #C C washes the sponge; #C C picks a sponge from the bucket; #C C washes the sponge"
    },
    {
        "Video Name": "cd569206-229f-44ac-aa8f-be52f68b0fd6",
        "Start Frame": 1920,
        "End Frame": 2040,
        "Caption": "#c c rubs wall with sponge; #C C rubs wall; #C C wipes the wall; #C C rubs wall with a sponge ; #C C rubs the wall with a rug"
    },
    {
        "Video Name": "cd569206-229f-44ac-aa8f-be52f68b0fd6",
        "Start Frame": 2040,
        "End Frame": 2160,
        "Caption": "#C C picks a sponge from the; #C C washes the sponge; #C C washes a sponge ; #C C squeezes sponge ; #C C washes sponge"
    },
    {
        "Video Name": "cd569206-229f-44ac-aa8f-be52f68b0fd6",
        "Start Frame": 2160,
        "End Frame": 2280,
        "Caption": "#C C picks a sponge ; #C C picks a sponge; #C C pours water on the; #C C washes a sponge ; #C C cleans the wall with a"
    },
    {
        "Video Name": "cd569206-229f-44ac-aa8f-be52f68b0fd6",
        "Start Frame": 2280,
        "End Frame": 2400,
        "Caption": "#C C cleans the wall with the sponge in his right hand.; #C C rinses the wall; #C C wipes the wall with the brush; #C C brushes a wall with the brush with his right hand.; #C C sprays water on the wall with the spray gun in his right hand"
    },
    {
        "Video Name": "cd569206-229f-44ac-aa8f-be52f68b0fd6",
        "Start Frame": 2400,
        "End Frame": 2520,
        "Caption": "#C C puts the water in the bucket; #C C fetches water from a bucket with a tap in his right hand; #C C drops the spade; #C C picks the pipe ; #C C picks a water pipe "
    },
    {
        "Video Name": "cd569206-229f-44ac-aa8f-be52f68b0fd6",
        "Start Frame": 2520,
        "End Frame": 2640,
        "Caption": "#C C raises hand; #C C looks at the; #c c looks around; #c c raises right hand; #C C adjusts the camera"
    },
    {
        "Video Name": "cd569206-229f-44ac-aa8f-be52f68b0fd6",
        "Start Frame": 2640,
        "End Frame": 2760,
        "Caption": "#C C picks the foam from the; #C C washes sponge ; #C C washes the sponge ; #C C takes soap in the bucket; #C C washes the sponge"
    },
    {
        "Video Name": "cd569206-229f-44ac-aa8f-be52f68b0fd6",
        "Start Frame": 2760,
        "End Frame": 2880,
        "Caption": "#C C wipes the wall with a sponge; #c c wipes the wall; #C C cleans the wall with a napkin in her right hand; #C C cleans the wall with the sponge in his right hand.; #C C wipes the wall with a sponge"
    },
    {
        "Video Name": "cd569206-229f-44ac-aa8f-be52f68b0fd6",
        "Start Frame": 2880,
        "End Frame": 3000,
        "Caption": "#C C cleans the wall with the sponge; #C C picks the bucket; #C C washes the wall with the sponge in his right; #C C cleans the bucket with the sponge ; #C C sprays the wall"
    },
    {
        "Video Name": "cd569206-229f-44ac-aa8f-be52f68b0fd6",
        "Start Frame": 3000,
        "End Frame": 3120,
        "Caption": "#C C cleans the floor with the wet napkin in his right hand; #C C washes the floor; #C C cleans the floor; #C C washes the foot mat; #C C cleans the floor"
    },
    {
        "Video Name": "cd569206-229f-44ac-aa8f-be52f68b0fd6",
        "Start Frame": 3120,
        "End Frame": 3240,
        "Caption": "#C C scrubs the floor with a wet rug; #C C scrubs the verandah; #C C wipes the floor; #C C cleans the floor; #C C cleans the veranda with a wiping clothe"
    },
    {
        "Video Name": "cd569206-229f-44ac-aa8f-be52f68b0fd6",
        "Start Frame": 3240,
        "End Frame": 3360,
        "Caption": "#C C rinses the sponge with water; #C C washes the bottle; #C C pours the water in the bucket; #C C dips the paper in the water; #C C washes the basin with the brush in his right hand"
    },
    {
        "Video Name": "cd569206-229f-44ac-aa8f-be52f68b0fd6",
        "Start Frame": 3360,
        "End Frame": 3480,
        "Caption": "#C C washes the polishing compound; #C C washes the tile with the sponge; #C C cleans the floor with a rag; #C C washes the tile; #C C wipes the car floor"
    },
    {
        "Video Name": "cd569206-229f-44ac-aa8f-be52f68b0fd6",
        "Start Frame": 3480,
        "End Frame": 3600,
        "Caption": "#C C cleans the floor; #C C wipes the floor; #C C cleans the floor with the wiper; #C C wipes the floor with the wiper; #C C cleans the tile with a cleaning scrub"
    },
    {
        "Video Name": "cd569206-229f-44ac-aa8f-be52f68b0fd6",
        "Start Frame": 3600,
        "End Frame": 3720,
        "Caption": "#C C looks around; #C C looks around; #C C puts bucket on the; #C C walks around the building; #C C looks around"
    },
    {
        "Video Name": "cd569206-229f-44ac-aa8f-be52f68b0fd6",
        "Start Frame": 3720,
        "End Frame": 3840,
        "Caption": "#C C wipes the wall; #C C wipes on the wall with a sponge; #C C wipes the wall with the sponge ; #C C wipes the wall with the foam in his right hand; #C C looks down"
    },
    {
        "Video Name": "cd569206-229f-44ac-aa8f-be52f68b0fd6",
        "Start Frame": 3840,
        "End Frame": 3960,
        "Caption": "#C C rinses the bucket with water from the tap; #C C holds bucket; #C C washes the bucket ; #C C washes the bucket with the sponge in his right; #C C pours water"
    },
    {
        "Video Name": "cd569206-229f-44ac-aa8f-be52f68b0fd6",
        "Start Frame": 3960,
        "End Frame": 4080,
        "Caption": "#C C places the foam on the wall with his right hand.; #C C sprays the wall with the sprayer in his right hand; #c c scrubs the wall with a scrubber; #C C wipes the wall with the sponge in his right hand.; #C C scrubs the wall with the scrubber"
    },
    {
        "Video Name": "cd569206-229f-44ac-aa8f-be52f68b0fd6",
        "Start Frame": 4080,
        "End Frame": 4200,
        "Caption": "#C C fetches water with the container; #C C pours water on the ground; #C C touches water; #C C scoops water from the bucket with the plastic cup in his right hand; #C C washes the right hand with water"
    },
    {
        "Video Name": "cd569206-229f-44ac-aa8f-be52f68b0fd6",
        "Start Frame": 4200,
        "End Frame": 4320,
        "Caption": "#C C smoothens the wall with a sandpaper; #C C rubs the wall with the sponge in his right hand; #C C rubs the wall with a sandpaper; #C C rubs the wall with the sponge; #C C smoothens the wall"
    },
    {
        "Video Name": "cd569206-229f-44ac-aa8f-be52f68b0fd6",
        "Start Frame": 4320,
        "End Frame": 4440,
        "Caption": "#C C picks a sprayer; #C C picks a spray bottle ; #C C places the sprayer in the basin; #C C sprays water on a container with a spray; #C C moves the hand"
    },
    {
        "Video Name": "cd569206-229f-44ac-aa8f-be52f68b0fd6",
        "Start Frame": 4440,
        "End Frame": 4560,
        "Caption": "#C C wipes wall with sponge; #C C cleans the wall with the sponge in his right hand.; #C C places his right hand on the wall.; #C C wipes the wall with the sponge ; #C C smoothens the wall with a foam in his right hand"
    },
    {
        "Video Name": "cd569206-229f-44ac-aa8f-be52f68b0fd6",
        "Start Frame": 4560,
        "End Frame": 4680,
        "Caption": "#C C picks up a phone from a container on the floor; #C C picks a bottle from the floor with his right hand; #C C puts the phone on the concrete wall; #C C puts the phone on the wall; #C C puts down the phone"
    },
    {
        "Video Name": "cd569206-229f-44ac-aa8f-be52f68b0fd6",
        "Start Frame": 4680,
        "End Frame": 4800,
        "Caption": "#C C washes the wall with the rag in his right hand.; #C C washes the sponge; #C C washes the cement in the bucket; #C C washes the paint sprayer with the water; #C C rinses the bucket with the rag in his right hand"
    },
    {
        "Video Name": "cd569206-229f-44ac-aa8f-be52f68b0fd6",
        "Start Frame": 4800,
        "End Frame": 4920,
        "Caption": "#C C cleans the wall; #C C washes the wall; #C C cleans the wall with the rag in his right hand; #C C wipes the wall; #C C cleans the wall"
    },
    {
        "Video Name": "cd569206-229f-44ac-aa8f-be52f68b0fd6",
        "Start Frame": 4920,
        "End Frame": 5040,
        "Caption": "#C C pours water on the slab; #C C pours water into the bowl with the cup in his right hand; #C C scoops water; #C C fetches water with the container with the right hand; #C C scoops water with the bowl"
    },
    {
        "Video Name": "cd569206-229f-44ac-aa8f-be52f68b0fd6",
        "Start Frame": 5040,
        "End Frame": 5160,
        "Caption": "#C C rubs the wall; #C C rubs the wall with his finger; #C C scratches the wall with the right hand; #C C scratches the wall with a sandpaper; #C C rubs the wall"
    },
    {
        "Video Name": "cd569206-229f-44ac-aa8f-be52f68b0fd6",
        "Start Frame": 5160,
        "End Frame": 5280,
        "Caption": "#C C pours water from the bucket on the floor; #C C looks around; #C C puts the bottle of soap on the bucket; #C C washes his hands with the water; #C C washes the bucket with the water"
    },
    {
        "Video Name": "cd569206-229f-44ac-aa8f-be52f68b0fd6",
        "Start Frame": 5280,
        "End Frame": 5400,
        "Caption": "#c c scratches the wall with the scouring pad; #C C wipes the wall; #C C picks the plastic; #C C cleans the wall with the sponge in his right hand; #C C wipes the wall"
    }
]