[
    {
        "Video Name": "cf9298e5-6da3-42ba-bae9-fa3d75ad4d02",
        "Start Frame": 0,
        "End Frame": 120,
        "Caption": "#C C walks on the floor; #C C walks on the corridor; #C C walks in the construction site; #C C walks on the verandah; #C C walks around the construction site "
    },
    {
        "Video Name": "cf9298e5-6da3-42ba-bae9-fa3d75ad4d02",
        "Start Frame": 120,
        "End Frame": 240,
        "Caption": "#C C walks away ; #C C walks around the construction site; #C C walks in the construction site; #C C walks around; #C C puts the papers on the floor"
    },
    {
        "Video Name": "cf9298e5-6da3-42ba-bae9-fa3d75ad4d02",
        "Start Frame": 240,
        "End Frame": 360,
        "Caption": "#C C walks on the wooden floor; #C C walks on the floor ; #C C walks around; #C C walks on the construction site; #C C walks on the floor "
    },
    {
        "Video Name": "cf9298e5-6da3-42ba-bae9-fa3d75ad4d02",
        "Start Frame": 360,
        "End Frame": 480,
        "Caption": "#C C walks forward; #C C walks around the construction site; #C C walks on the corridor; #C C walks away from the door; #C C walks on the construction site"
    },
    {
        "Video Name": "cf9298e5-6da3-42ba-bae9-fa3d75ad4d02",
        "Start Frame": 480,
        "End Frame": 600,
        "Caption": "#C C walks at the construction; #C C walks around; #C C walks forward; #C C walks around the construction; #C C walks on the construction"
    },
    {
        "Video Name": "cf9298e5-6da3-42ba-bae9-fa3d75ad4d02",
        "Start Frame": 600,
        "End Frame": 720,
        "Caption": "#C C drops the box; #C C drops the package; #C C puts the box down; #C C puts the box on the; #C C puts the box aside"
    },
    {
        "Video Name": "cf9298e5-6da3-42ba-bae9-fa3d75ad4d02",
        "Start Frame": 720,
        "End Frame": 840,
        "Caption": "#C C walks around; #C C steps down; #C C stands up; #C C walks in the room; #C C walks towards the wall"
    },
    {
        "Video Name": "cf9298e5-6da3-42ba-bae9-fa3d75ad4d02",
        "Start Frame": 840,
        "End Frame": 960,
        "Caption": "#C C walks in the construction site; #C C puts down the spade; #C C walks around; #C C walks around ; #C C walks on the construction site"
    },
    {
        "Video Name": "cf9298e5-6da3-42ba-bae9-fa3d75ad4d02",
        "Start Frame": 960,
        "End Frame": 1080,
        "Caption": "#C C touches the shirt; #C C touches the shoulder; #C C walks on the floor; #C C walks around ; #C C wipes his face with his t-shirt"
    },
    {
        "Video Name": "cf9298e5-6da3-42ba-bae9-fa3d75ad4d02",
        "Start Frame": 1080,
        "End Frame": 1200,
        "Caption": "#C C walks around; #C C walks around ; #C C walks in the construction site; #C C walks outside; #C C walks around the construction site"
    },
    {
        "Video Name": "cf9298e5-6da3-42ba-bae9-fa3d75ad4d02",
        "Start Frame": 1200,
        "End Frame": 1320,
        "Caption": "#C C walks on the construction site; #C C walks to the other side of the construction; #C C walks around; #C C walks in the construction site; #C C walks in the construction site"
    },
    {
        "Video Name": "cf9298e5-6da3-42ba-bae9-fa3d75ad4d02",
        "Start Frame": 1320,
        "End Frame": 1440,
        "Caption": "#C C looks around; #C C walks around the construction; #C C walks around; #C C walks around the construction; #C C walks around the construction"
    },
    {
        "Video Name": "cf9298e5-6da3-42ba-bae9-fa3d75ad4d02",
        "Start Frame": 1440,
        "End Frame": 1560,
        "Caption": "#C C walks around; #C C walks around the construction; #C C walks around the construction; #C C walks on the construction; #C C walks in the construction"
    },
    {
        "Video Name": "cf9298e5-6da3-42ba-bae9-fa3d75ad4d02",
        "Start Frame": 1560,
        "End Frame": 1680,
        "Caption": "#C C walks around the construction site; #C C walks in the construction site; #C C walks in the construction site; #C C walks in the construction site; #C C walks around the construction site"
    },
    {
        "Video Name": "cf9298e5-6da3-42ba-bae9-fa3d75ad4d02",
        "Start Frame": 1680,
        "End Frame": 1800,
        "Caption": "#C C walks around the construction site; #C C walks in the construction site; #C C walks in the construction site; #C C walks around; #C C walks around "
    },
    {
        "Video Name": "cf9298e5-6da3-42ba-bae9-fa3d75ad4d02",
        "Start Frame": 1800,
        "End Frame": 1920,
        "Caption": "#C C walks around the construction; #C C walks around the construction; #C C walks on the construction; #C C walks around the construction; #C C walks around the construction"
    },
    {
        "Video Name": "cf9298e5-6da3-42ba-bae9-fa3d75ad4d02",
        "Start Frame": 1920,
        "End Frame": 2040,
        "Caption": "#C C walks around the construction; #C C walks around; #C C walks around ; #C C walks around; #C C walks around"
    },
    {
        "Video Name": "cf9298e5-6da3-42ba-bae9-fa3d75ad4d02",
        "Start Frame": 2040,
        "End Frame": 2160,
        "Caption": "#C C walks around; #C C walks around; #C C walks around; #C C walks around; #C C walks around the construction"
    },
    {
        "Video Name": "cf9298e5-6da3-42ba-bae9-fa3d75ad4d02",
        "Start Frame": 2160,
        "End Frame": 2280,
        "Caption": "#C C walks around the construction; #C C walks around the construction; #C C walks in the construction; #C C walks along the construction; #C C walks along the corridor"
    },
    {
        "Video Name": "cf9298e5-6da3-42ba-bae9-fa3d75ad4d02",
        "Start Frame": 2280,
        "End Frame": 2400,
        "Caption": "#C C puts the cable on the ground; #C C picks the pipe.; #C C picks the pipe; #C C takes the pipe; #C C takes the cable reel"
    },
    {
        "Video Name": "cf9298e5-6da3-42ba-bae9-fa3d75ad4d02",
        "Start Frame": 2400,
        "End Frame": 2520,
        "Caption": "#C C walks in the construction; #C C walks around ; #C C walks on the construction; #C C walks around the construction; #C C walks forward"
    },
    {
        "Video Name": "cf9298e5-6da3-42ba-bae9-fa3d75ad4d02",
        "Start Frame": 2520,
        "End Frame": 2640,
        "Caption": "#C C puts the pipe on the floor; #C C puts the pipe down; #C C drops pipe; #C C drops the pipe on the ground; #C C puts the pipe on the ground"
    },
    {
        "Video Name": "cf9298e5-6da3-42ba-bae9-fa3d75ad4d02",
        "Start Frame": 2640,
        "End Frame": 2760,
        "Caption": "#C C walks around; #C C walks on the floor; #C C walks on the floor; #C C walks around; #C C walks in the construction"
    },
    {
        "Video Name": "cf9298e5-6da3-42ba-bae9-fa3d75ad4d02",
        "Start Frame": 2760,
        "End Frame": 2880,
        "Caption": "#C C walks around the construction; #C C walks on the floor; #C C walks around ; #C C walks around; #C C walks around"
    },
    {
        "Video Name": "cf9298e5-6da3-42ba-bae9-fa3d75ad4d02",
        "Start Frame": 2880,
        "End Frame": 3000,
        "Caption": "#C C looks around; #C C walks around; #C C looks around; #C C walks in the construction; #C C walks around"
    },
    {
        "Video Name": "cf9298e5-6da3-42ba-bae9-fa3d75ad4d02",
        "Start Frame": 3000,
        "End Frame": 3120,
        "Caption": "#C C walks around; #C C walks around; #C C touches the t-shirt; #C C touches his jumper with the right hand; #C C touches his shirt"
    },
    {
        "Video Name": "cf9298e5-6da3-42ba-bae9-fa3d75ad4d02",
        "Start Frame": 3120,
        "End Frame": 3240,
        "Caption": "#C C walks on the construction site; #C C walks around the construction site; #C C walks around the construction site; #C C walks around; #C C walks around"
    },
    {
        "Video Name": "cf9298e5-6da3-42ba-bae9-fa3d75ad4d02",
        "Start Frame": 3240,
        "End Frame": 3360,
        "Caption": "#C C walks in the construction; #C C walks in the construction; #C C walks in the building; #C C walks around the construction; #C C walks around"
    },
    {
        "Video Name": "cf9298e5-6da3-42ba-bae9-fa3d75ad4d02",
        "Start Frame": 3360,
        "End Frame": 3480,
        "Caption": "#C C walks in the construction site; #C C walks forward; #C C walks in the construction site; #C C walks ahead; #O Man X walks on the other"
    },
    {
        "Video Name": "cf9298e5-6da3-42ba-bae9-fa3d75ad4d02",
        "Start Frame": 3480,
        "End Frame": 3600,
        "Caption": "#C C walks; #C C walks; #C C walks; #C C looks; #C C looks"
    },
    {
        "Video Name": "cf9298e5-6da3-42ba-bae9-fa3d75ad4d02",
        "Start Frame": 3600,
        "End Frame": 3720,
        "Caption": "#C C walks in the construction site; #C C walks on the floor; #C C walks in the construction site; #C C walks around the construction site; #C C walks in the construction site"
    },
    {
        "Video Name": "cf9298e5-6da3-42ba-bae9-fa3d75ad4d02",
        "Start Frame": 3720,
        "End Frame": 3840,
        "Caption": "#C C walks around; #C C walks around; #C C walks around; #C C walks around; #C C walks around"
    },
    {
        "Video Name": "cf9298e5-6da3-42ba-bae9-fa3d75ad4d02",
        "Start Frame": 3840,
        "End Frame": 3960,
        "Caption": "#C C scratches his hand ; #C C rubs his hands; #C C rubs his hand; #C C rubs the hands; #C C walks on the construction"
    },
    {
        "Video Name": "cf9298e5-6da3-42ba-bae9-fa3d75ad4d02",
        "Start Frame": 3960,
        "End Frame": 4080,
        "Caption": "#C C walks around; #C C walks on the construction; #C C rubs the nose; #C C touches his face ; #C C walks on the construction"
    },
    {
        "Video Name": "cf9298e5-6da3-42ba-bae9-fa3d75ad4d02",
        "Start Frame": 4080,
        "End Frame": 4200,
        "Caption": "#C C walks on the ground; #C C walks around the construction; #C C walks around the construction; #C C walks at the construction; #C C walks around the construction"
    },
    {
        "Video Name": "cf9298e5-6da3-42ba-bae9-fa3d75ad4d02",
        "Start Frame": 4200,
        "End Frame": 4320,
        "Caption": "#C C walks in the construction; #C C walks around the construction; #C C walks around the construction; #C C walks around the construction; #C C walks to the building"
    },
    {
        "Video Name": "cf9298e5-6da3-42ba-bae9-fa3d75ad4d02",
        "Start Frame": 4320,
        "End Frame": 4440,
        "Caption": "#C C walks around the construction site; #C C walks around the construction site; #C C walks on the construction site; #C C walks around the construction site; #C C walks around"
    },
    {
        "Video Name": "cf9298e5-6da3-42ba-bae9-fa3d75ad4d02",
        "Start Frame": 4440,
        "End Frame": 4560,
        "Caption": "#C C walks around the construction; #C C walks around the construction; #C C walks on the construction; #C C walks around the construction; #C C walks around"
    },
    {
        "Video Name": "cf9298e5-6da3-42ba-bae9-fa3d75ad4d02",
        "Start Frame": 4560,
        "End Frame": 4680,
        "Caption": "#C C stares at the; #C C walks around the; #C C looks around the; #C C walks around the; #C C walks on the"
    },
    {
        "Video Name": "cf9298e5-6da3-42ba-bae9-fa3d75ad4d02",
        "Start Frame": 4680,
        "End Frame": 4800,
        "Caption": "#C C walks along the construction site; #C C walks around the construction site; #C C walks around the construction site; #C C walks in the construction site; #C C walks around the construction site"
    },
    {
        "Video Name": "cf9298e5-6da3-42ba-bae9-fa3d75ad4d02",
        "Start Frame": 4800,
        "End Frame": 4920,
        "Caption": "#C C walks outside; #C C walks around; #C C walks in the compound; #C C walks in the construction; #C C walks on the ground"
    },
    {
        "Video Name": "cf9298e5-6da3-42ba-bae9-fa3d75ad4d02",
        "Start Frame": 4920,
        "End Frame": 5040,
        "Caption": "#C C walks around; #C C walks around; #C C walks around; #C C walks around; #C C walks around the construction"
    },
    {
        "Video Name": "cf9298e5-6da3-42ba-bae9-fa3d75ad4d02",
        "Start Frame": 5040,
        "End Frame": 5160,
        "Caption": "#C C walks around; #C C walks in the construction site; #C C walks around; #C C walks around the construction site; #C C walks around"
    },
    {
        "Video Name": "cf9298e5-6da3-42ba-bae9-fa3d75ad4d02",
        "Start Frame": 5160,
        "End Frame": 5280,
        "Caption": "#C C walks in the construction; #C C walks around; #C C walks around; #C C walks around; #C C walks around"
    },
    {
        "Video Name": "cf9298e5-6da3-42ba-bae9-fa3d75ad4d02",
        "Start Frame": 5280,
        "End Frame": 5400,
        "Caption": "#C C walks around; #C C walks around; #C C walks around; #C C walks in the construction; #C C walks around"
    }
]