[
    {
        "Video Name": "d0bbd7fa-2a15-4c25-ab06-adc7d04bce7b",
        "Start Frame": 0,
        "End Frame": 120,
        "Caption": "#C C raises his whole body up; #C C lowers his whole body down the; #C C lowers his whole body down the; #C C raises his whole body up; #C C raises his whole body up"
    },
    {
        "Video Name": "d0bbd7fa-2a15-4c25-ab06-adc7d04bce7b",
        "Start Frame": 120,
        "End Frame": 240,
        "Caption": "#C C raises his whole body; #C C raises his whole body; #C C raises his whole body; #C C raises his whole body; #C C raises his whole body"
    },
    {
        "Video Name": "d0bbd7fa-2a15-4c25-ab06-adc7d04bce7b",
        "Start Frame": 240,
        "End Frame": 360,
        "Caption": "#C C raises his whole body up; #C C raises his whole body up; #C C lowers his body to the ground.; #C C raises his whole body up; #C C raises up his whole body from the mat"
    },
    {
        "Video Name": "d0bbd7fa-2a15-4c25-ab06-adc7d04bce7b",
        "Start Frame": 360,
        "End Frame": 480,
        "Caption": "#C C places his right hand on the mat.; #C C stands up from the mat.; #C C places his right hand on his right leg; #C C sits on the yoga mat.; #C C sits on the yoga mat."
    },
    {
        "Video Name": "d0bbd7fa-2a15-4c25-ab06-adc7d04bce7b",
        "Start Frame": 480,
        "End Frame": 600,
        "Caption": "#C C walks forward.; #C C moves his head.; #C C looks around; #C C raises his right hand; #C C walks forward"
    },
    {
        "Video Name": "d0bbd7fa-2a15-4c25-ab06-adc7d04bce7b",
        "Start Frame": 600,
        "End Frame": 720,
        "Caption": "#C C walks backwards to the mat; #C C walks around. ; #C C walks to his right.; #C C moves his hands; #C C walks around the mat."
    },
    {
        "Video Name": "d0bbd7fa-2a15-4c25-ab06-adc7d04bce7b",
        "Start Frame": 720,
        "End Frame": 840,
        "Caption": "#C C places his right hand on his chest; #C C places his right hand on his chest; #C C places his right hand on his chest; #C C places his right hand on his chest; #C C places his left hand on his chest"
    },
    {
        "Video Name": "d0bbd7fa-2a15-4c25-ab06-adc7d04bce7b",
        "Start Frame": 840,
        "End Frame": 960,
        "Caption": "#C C walks back to the mat; #C C walks towards the bag; #C C walks towards the mat; #C C walks around the gym.; #C C walks around"
    },
    {
        "Video Name": "d0bbd7fa-2a15-4c25-ab06-adc7d04bce7b",
        "Start Frame": 960,
        "End Frame": 1080,
        "Caption": "#C C walks forward.; #C C walks around; #C C walks around the mat; #C C walks towards the mat; #C C walks to a mat"
    },
    {
        "Video Name": "d0bbd7fa-2a15-4c25-ab06-adc7d04bce7b",
        "Start Frame": 1080,
        "End Frame": 1200,
        "Caption": "#C C walks forward.; #C C walks around.; #C C walks forward a bit; #C C walks forward a bit; #C C walks around the mat"
    },
    {
        "Video Name": "d0bbd7fa-2a15-4c25-ab06-adc7d04bce7b",
        "Start Frame": 1200,
        "End Frame": 1320,
        "Caption": "#C C walks around; #C C walks around; #C C walks towards the mat; #C C walks on the mat; #C C walks around"
    },
    {
        "Video Name": "d0bbd7fa-2a15-4c25-ab06-adc7d04bce7b",
        "Start Frame": 1320,
        "End Frame": 1440,
        "Caption": "#C C walks to the mat; #C C walks to the mat; #C C walks around the mat; #C C walks around the mat; #C C walks towards the mat"
    },
    {
        "Video Name": "d0bbd7fa-2a15-4c25-ab06-adc7d04bce7b",
        "Start Frame": 1440,
        "End Frame": 1560,
        "Caption": "#C C walks around the mat.; #C C walks to the mat; #C C walks to a mat.; #C C moves to the end of the mat; #C C walks around the mat"
    },
    {
        "Video Name": "d0bbd7fa-2a15-4c25-ab06-adc7d04bce7b",
        "Start Frame": 1560,
        "End Frame": 1680,
        "Caption": "#C C scratches his left arm with his right hand; #C C walks round the mat.; #C C drops his right hand.; #C C places his right hand on his chest.; #C C moves his body to the right"
    },
    {
        "Video Name": "d0bbd7fa-2a15-4c25-ab06-adc7d04bce7b",
        "Start Frame": 1680,
        "End Frame": 1800,
        "Caption": "#C C places both hands on his left leg.; #C C rubs his hands together; #C C scratches his left hand; #C C holds his right hand with his left hand; #C C puts his right hand on his left hand"
    },
    {
        "Video Name": "d0bbd7fa-2a15-4c25-ab06-adc7d04bce7b",
        "Start Frame": 1800,
        "End Frame": 1920,
        "Caption": "#C C kneels on the mat; #C C puts his hands on the; #C C kneels down; #C C places his hands on the; #C C places his hands on the"
    },
    {
        "Video Name": "d0bbd7fa-2a15-4c25-ab06-adc7d04bce7b",
        "Start Frame": 1920,
        "End Frame": 2040,
        "Caption": "#C C moves his whole body sideways; #C C moves his legs sideways; #C C raises his whole body up; #C C kneels on the mat; #C C raises his whole body up"
    },
    {
        "Video Name": "d0bbd7fa-2a15-4c25-ab06-adc7d04bce7b",
        "Start Frame": 2040,
        "End Frame": 2160,
        "Caption": "#C C does the push ups on the; #C C bends his knees; #C C does the push ups ; #C C does the press ups on the; #C C kneels down"
    },
    {
        "Video Name": "d0bbd7fa-2a15-4c25-ab06-adc7d04bce7b",
        "Start Frame": 2160,
        "End Frame": 2280,
        "Caption": "#C C raises his whole body up; #C C does the push ups.; #C C raises his whole body up; #C C does the plank in a circular motion; #C C lowers his whole body down the mat"
    },
    {
        "Video Name": "d0bbd7fa-2a15-4c25-ab06-adc7d04bce7b",
        "Start Frame": 2280,
        "End Frame": 2400,
        "Caption": "#C C raises his whole body up; #C C lowers his whole body down the; #C C lowers his whole body down the; #C C raises his whole body up; #C C raises his whole body up"
    },
    {
        "Video Name": "d0bbd7fa-2a15-4c25-ab06-adc7d04bce7b",
        "Start Frame": 2400,
        "End Frame": 2520,
        "Caption": "#C C raises his whole body up; #C C raises up his whole body; #C C raises his whole body up; #C C raises his whole body up; #C C raises his whole body up"
    },
    {
        "Video Name": "d0bbd7fa-2a15-4c25-ab06-adc7d04bce7b",
        "Start Frame": 2520,
        "End Frame": 2640,
        "Caption": "#C C places both hands on the floor.; #C C kneels on the mat; #C C stands up from the mat.; #C C does push ups on the mat with both legs; #C C does press ups on the crash pads."
    },
    {
        "Video Name": "d0bbd7fa-2a15-4c25-ab06-adc7d04bce7b",
        "Start Frame": 2640,
        "End Frame": 2760,
        "Caption": "#C C raises his whole body up; #C C raises his whole body up; #C C lowers his whole body down the mat; #C C lowers his whole body down the mat; #C C raises his whole body up"
    },
    {
        "Video Name": "d0bbd7fa-2a15-4c25-ab06-adc7d04bce7b",
        "Start Frame": 2760,
        "End Frame": 2880,
        "Caption": "#C C raises his whole body up; #C C raises his whole body up; #C C raises his whole body up; #C C raises his whole body up; #C C lowers his whole body down the"
    },
    {
        "Video Name": "d0bbd7fa-2a15-4c25-ab06-adc7d04bce7b",
        "Start Frame": 2880,
        "End Frame": 3000,
        "Caption": "#C C raises his whole body up; #C C lowers his whole body down the; #C C raises his whole body up; #C C raises his whole body up; #C C raises his whole body up"
    },
    {
        "Video Name": "d0bbd7fa-2a15-4c25-ab06-adc7d04bce7b",
        "Start Frame": 3000,
        "End Frame": 3120,
        "Caption": "#C C raises his whole body up; #C C lowers his whole body down the; #C C raises his whole body up; #C C raises his body up; #C C places both hands on the mat"
    },
    {
        "Video Name": "d0bbd7fa-2a15-4c25-ab06-adc7d04bce7b",
        "Start Frame": 3120,
        "End Frame": 3240,
        "Caption": "#C C walks to the edge of the mat; #C C walks around the ground.; #C C walks around the mat.; #C C walks towards a mat.; #C C walks around the mat."
    },
    {
        "Video Name": "d0bbd7fa-2a15-4c25-ab06-adc7d04bce7b",
        "Start Frame": 3240,
        "End Frame": 3360,
        "Caption": "#C C walks around. ; #C C walks around the mat.; #C C walks forward; #C C walks around. ; #C C walks around the mat."
    },
    {
        "Video Name": "d0bbd7fa-2a15-4c25-ab06-adc7d04bce7b",
        "Start Frame": 3360,
        "End Frame": 3480,
        "Caption": "#C C walks towards a mat; #C C walks to the mat; #C C walks around; #C C walks towards the mat; #C C walks around the mat"
    },
    {
        "Video Name": "d0bbd7fa-2a15-4c25-ab06-adc7d04bce7b",
        "Start Frame": 3480,
        "End Frame": 3600,
        "Caption": "#C C walks around; #C C drops his right hand to his side; #C C walks to the table.; #C C drops his right hand.; #C C drops his right hand to his side"
    },
    {
        "Video Name": "d0bbd7fa-2a15-4c25-ab06-adc7d04bce7b",
        "Start Frame": 3600,
        "End Frame": 3720,
        "Caption": "#C C walks forward; #C C walks towards a mat.; #C C walks back to the mat.; #C C kicks a bag on the mat with his right leg; #C C moves to another mat."
    },
    {
        "Video Name": "d0bbd7fa-2a15-4c25-ab06-adc7d04bce7b",
        "Start Frame": 3720,
        "End Frame": 3840,
        "Caption": "#C C places his left hand on his waist.; #C C walks around the playground.; #C C touches his tummy with his left hand; #C C places his left hand on his chest.; #C C places his left hand on his chest."
    },
    {
        "Video Name": "d0bbd7fa-2a15-4c25-ab06-adc7d04bce7b",
        "Start Frame": 3840,
        "End Frame": 3960,
        "Caption": "#C C walks around the playground; #C C moves his body to the; #C C walks around; #C C walks around the ground.; #C C walks around the playground"
    },
    {
        "Video Name": "d0bbd7fa-2a15-4c25-ab06-adc7d04bce7b",
        "Start Frame": 3960,
        "End Frame": 4080,
        "Caption": "#C C walks around; #C C walks around the mat; #C C walks around.; #C C walks towards the mat; #C C walks to the mat"
    },
    {
        "Video Name": "d0bbd7fa-2a15-4c25-ab06-adc7d04bce7b",
        "Start Frame": 4080,
        "End Frame": 4200,
        "Caption": "#C C walks away from the mat; #C C turns to the right; #C C moves to the mat.; #C C walks towards the mat.; #C C walks around the mat."
    },
    {
        "Video Name": "d0bbd7fa-2a15-4c25-ab06-adc7d04bce7b",
        "Start Frame": 4200,
        "End Frame": 4320,
        "Caption": "#C C walks around the mat; #C C walks around the mat; #C C walks on the floor; #C C walks towards the mat; #C C walks around"
    },
    {
        "Video Name": "d0bbd7fa-2a15-4c25-ab06-adc7d04bce7b",
        "Start Frame": 4320,
        "End Frame": 4440,
        "Caption": "#C C walks around the mat.; #C C moves back to his original position.; #C C walks towards the mat.; #C C walks towards a bag on the floor; #C C walks towards the mat."
    },
    {
        "Video Name": "d0bbd7fa-2a15-4c25-ab06-adc7d04bce7b",
        "Start Frame": 4440,
        "End Frame": 4560,
        "Caption": "#C C raises his right hand.; #C C raises his right hand.; #C C touches the camera with his right hand; #C C lifts his right hand.; #C C walks towards the bench."
    },
    {
        "Video Name": "d0bbd7fa-2a15-4c25-ab06-adc7d04bce7b",
        "Start Frame": 4560,
        "End Frame": 4680,
        "Caption": "#C C walks towards a mat; #C C walks towards the mat; #C C walks to the mat; #C C walks to a mat; #C C walks towards the mat"
    },
    {
        "Video Name": "d0bbd7fa-2a15-4c25-ab06-adc7d04bce7b",
        "Start Frame": 4680,
        "End Frame": 4800,
        "Caption": "#C C raises his head.; #C C places his left hand on his waist; #C C moves his head to the left.; #C C raises his right hand.; #C C stands upright."
    },
    {
        "Video Name": "d0bbd7fa-2a15-4c25-ab06-adc7d04bce7b",
        "Start Frame": 4800,
        "End Frame": 4920,
        "Caption": "#C C stands; #C C stands; #C C stands; #C C stands; #C C stands"
    },
    {
        "Video Name": "d0bbd7fa-2a15-4c25-ab06-adc7d04bce7b",
        "Start Frame": 4920,
        "End Frame": 5040,
        "Caption": "#C C stands up; #C C lowers his body to the mat; #C C lowers his whole body down the; #C C raises his upper body up; #C C lowers both hands to the ground"
    },
    {
        "Video Name": "d0bbd7fa-2a15-4c25-ab06-adc7d04bce7b",
        "Start Frame": 5040,
        "End Frame": 5160,
        "Caption": "#C C stands up; #C C stands up; #C C bends down; #C C bends his right knee; #C C bends down"
    },
    {
        "Video Name": "d0bbd7fa-2a15-4c25-ab06-adc7d04bce7b",
        "Start Frame": 5160,
        "End Frame": 5280,
        "Caption": "#C C raises his head up.; #C C raises both of his legs.; #C C lowers his whole body down the; #C C raises his head up.; #C C adjusts the camera with both hands"
    },
    {
        "Video Name": "d0bbd7fa-2a15-4c25-ab06-adc7d04bce7b",
        "Start Frame": 5280,
        "End Frame": 5400,
        "Caption": "#C C bends his body; #C C lowers his hands; #C C bends down; #C C stands up; #C C stands up"
    }
]