[
    {
        "Video Name": "d204f3d8-47a1-4e84-a3d3-ca20ebccd932",
        "Start Frame": 0,
        "End Frame": 120,
        "Caption": "#C C plays game on computer; #C C looks around; #C C presses computer keyboard ; #C C plays video game on; #C C presses on the keyboard"
    },
    {
        "Video Name": "d204f3d8-47a1-4e84-a3d3-ca20ebccd932",
        "Start Frame": 120,
        "End Frame": 240,
        "Caption": "#C C looks around ; #C C presses the keyboard; #C C plays a video; #C C looks around; #C C presses keyboard "
    },
    {
        "Video Name": "d204f3d8-47a1-4e84-a3d3-ca20ebccd932",
        "Start Frame": 240,
        "End Frame": 360,
        "Caption": "#C C plays video game; #C C presses keyboard ; #C C presses keyboard ; #C C presses keyboard ; #C C presses keyboard "
    },
    {
        "Video Name": "d204f3d8-47a1-4e84-a3d3-ca20ebccd932",
        "Start Frame": 360,
        "End Frame": 480,
        "Caption": "#C C presses keyboard ; #C C presses keyboard ; #C C plays video game ; #C C  scrolls on the keyboard; #C C types on the keyboard"
    },
    {
        "Video Name": "d204f3d8-47a1-4e84-a3d3-ca20ebccd932",
        "Start Frame": 480,
        "End Frame": 600,
        "Caption": "#C C plays a game on the; #C C looks around; #C C plays video game on the; #C C presses the keyboard; #C C clicks on the keyboard "
    },
    {
        "Video Name": "d204f3d8-47a1-4e84-a3d3-ca20ebccd932",
        "Start Frame": 600,
        "End Frame": 720,
        "Caption": "#C C presses the keyboard with both; #C C removes the hands from the; #C C types on keyboard ; #C C plays video game ; #C C presses the keyboard"
    },
    {
        "Video Name": "d204f3d8-47a1-4e84-a3d3-ca20ebccd932",
        "Start Frame": 720,
        "End Frame": 840,
        "Caption": "#C C plays computer games ; #C C clicks on keyboard; #C C clicks on the keyboard; #C C clicks on the keyboard; #C C plays video game on"
    },
    {
        "Video Name": "d204f3d8-47a1-4e84-a3d3-ca20ebccd932",
        "Start Frame": 840,
        "End Frame": 960,
        "Caption": "#C C presses the keyboard ; #C C presses a keyboard ; #C C plays a game on a desktop; #C C scrolls a keyboard ; #C C looks at the computer"
    },
    {
        "Video Name": "d204f3d8-47a1-4e84-a3d3-ca20ebccd932",
        "Start Frame": 960,
        "End Frame": 1080,
        "Caption": "#C C plays video game on computer; #C C looks around; #C C plays video game on a; #C C presses the keyboard ; #C C looks around"
    },
    {
        "Video Name": "d204f3d8-47a1-4e84-a3d3-ca20ebccd932",
        "Start Frame": 1080,
        "End Frame": 1200,
        "Caption": "#C C looks around ; #C C presses the keyboard; #C C presses on the; #C C presses keyboard ; #C C looks around"
    },
    {
        "Video Name": "d204f3d8-47a1-4e84-a3d3-ca20ebccd932",
        "Start Frame": 1200,
        "End Frame": 1320,
        "Caption": "#C C types on keyboard; #C C presses keyboard ; #C C plays video game; #C C presses keyboard ; #C C scrolls mouse "
    },
    {
        "Video Name": "d204f3d8-47a1-4e84-a3d3-ca20ebccd932",
        "Start Frame": 1320,
        "End Frame": 1440,
        "Caption": "#C C presses computer keyboard with both; #C C clicks keyboard; #C C presses computer keyboard ; #C C presses keyboard ; #C C presses the keyboard with both"
    },
    {
        "Video Name": "d204f3d8-47a1-4e84-a3d3-ca20ebccd932",
        "Start Frame": 1440,
        "End Frame": 1560,
        "Caption": "#C C clicks mouse; #C C clicks mouse; #C C plays video game; #C C clicks mouse ; #C C operates computer with mouse"
    },
    {
        "Video Name": "d204f3d8-47a1-4e84-a3d3-ca20ebccd932",
        "Start Frame": 1560,
        "End Frame": 1680,
        "Caption": "#C C plays a game on the; #C C operates computer; #C C types on keyboard; #C C presses the keyboard ; #C C presses the keyboard "
    },
    {
        "Video Name": "d204f3d8-47a1-4e84-a3d3-ca20ebccd932",
        "Start Frame": 1680,
        "End Frame": 1800,
        "Caption": "#C C presses the keyboard; #C C scrolls the mouse; #C C holds mouse ; #C C scrolls mouse ; #C C presses computer keyboard"
    },
    {
        "Video Name": "d204f3d8-47a1-4e84-a3d3-ca20ebccd932",
        "Start Frame": 1800,
        "End Frame": 1920,
        "Caption": "#C C presses mouse ; #C C moves the mouse; #C C holds mouse ; #C C presses computer mouse; #C C holds a mouse"
    },
    {
        "Video Name": "d204f3d8-47a1-4e84-a3d3-ca20ebccd932",
        "Start Frame": 1920,
        "End Frame": 2040,
        "Caption": "#C C holds mouse; #C C uses computer mouse ; #C C holds mouse ; #C C scrolls a computer mouse; #C C types on the keyboard"
    },
    {
        "Video Name": "d204f3d8-47a1-4e84-a3d3-ca20ebccd932",
        "Start Frame": 2040,
        "End Frame": 2160,
        "Caption": "#C C types on keyboard; #C C presses the keyboard; #C C presses computer keyboard; #C C presses computer keyboard; #C C presses the keyboard"
    },
    {
        "Video Name": "d204f3d8-47a1-4e84-a3d3-ca20ebccd932",
        "Start Frame": 2160,
        "End Frame": 2280,
        "Caption": "#C C clicks on keyboard; #C C presses computer keyboard; #C C presses keyboard ; #C C presses keyboard ; #C C plays game on"
    },
    {
        "Video Name": "d204f3d8-47a1-4e84-a3d3-ca20ebccd932",
        "Start Frame": 2280,
        "End Frame": 2400,
        "Caption": "#C C presses the keyboard ; #C C plays a game on; #C C presses computer keyboard ; #C C looks around; #C C plays video game on"
    },
    {
        "Video Name": "d204f3d8-47a1-4e84-a3d3-ca20ebccd932",
        "Start Frame": 2400,
        "End Frame": 2520,
        "Caption": "#C C presses the keyboard ; #C C presses the keyboard ; #C C plays video game on; #C C presses keyboard ; #C C presses the keyboard "
    },
    {
        "Video Name": "d204f3d8-47a1-4e84-a3d3-ca20ebccd932",
        "Start Frame": 2520,
        "End Frame": 2640,
        "Caption": "#C C plays game on computer; #C C plays video game; #C C plays game on computer; #C C plays the game on the; #C C clicks on the keyboard"
    },
    {
        "Video Name": "d204f3d8-47a1-4e84-a3d3-ca20ebccd932",
        "Start Frame": 2640,
        "End Frame": 2760,
        "Caption": "#C C plays game on computer; #C C looks around; #C C plays video game ; #C C plays game on computer; #C C plays video game on"
    },
    {
        "Video Name": "d204f3d8-47a1-4e84-a3d3-ca20ebccd932",
        "Start Frame": 2760,
        "End Frame": 2880,
        "Caption": "#C C plays video game ; #C C plays video game ; #C C plays video game  on the; #C C plays video game on computer; #C C plays video game  on computer"
    },
    {
        "Video Name": "d204f3d8-47a1-4e84-a3d3-ca20ebccd932",
        "Start Frame": 2880,
        "End Frame": 3000,
        "Caption": "#C C clicks keyboard; #C C presses computer keyboard; #C C plays game on; #C C presses keyboard ; #C C presses keyboard "
    },
    {
        "Video Name": "d204f3d8-47a1-4e84-a3d3-ca20ebccd932",
        "Start Frame": 3000,
        "End Frame": 3120,
        "Caption": "#C C presses keyboard; #C C plays game on; #C C presses keyboard; #C C looks at the; #C C plays game on"
    },
    {
        "Video Name": "d204f3d8-47a1-4e84-a3d3-ca20ebccd932",
        "Start Frame": 3120,
        "End Frame": 3240,
        "Caption": "#C C scrolls mouse ; #C C plays the game on the; #C C plays game on computer; #C C plays game on computer; #C C plays the game on the"
    },
    {
        "Video Name": "d204f3d8-47a1-4e84-a3d3-ca20ebccd932",
        "Start Frame": 3240,
        "End Frame": 3360,
        "Caption": "#C C clicks mouse ; #C C clicks mouse ; #C C moves cursor on the; #C C operates computer ; #C C clicks mouse "
    },
    {
        "Video Name": "d204f3d8-47a1-4e84-a3d3-ca20ebccd932",
        "Start Frame": 3360,
        "End Frame": 3480,
        "Caption": "#C C clicks mouse ; #C C scrolls mouse ; #C C clicks mouse ; #C C scrolls the mouse; #C C presses mouse"
    },
    {
        "Video Name": "d204f3d8-47a1-4e84-a3d3-ca20ebccd932",
        "Start Frame": 3480,
        "End Frame": 3600,
        "Caption": "#C C moves the cup; #C C holds the computer mouse with his right hand; #c c picks a cup; #C C looks around; #C C holds the game pad on his right hand"
    },
    {
        "Video Name": "d204f3d8-47a1-4e84-a3d3-ca20ebccd932",
        "Start Frame": 3600,
        "End Frame": 3720,
        "Caption": "#C C plays game on the computer with the game; #C C puts the pad on the table; #C C puts the flash drive on the table; #C C turns off the game controller ; #C C picks a chip from the table"
    },
    {
        "Video Name": "d204f3d8-47a1-4e84-a3d3-ca20ebccd932",
        "Start Frame": 3720,
        "End Frame": 3840,
        "Caption": "#C C presses the keyboard; #C C plays video game; #C C presses the keyboard; #C C presses the keyboard; #C C presses the keyboard"
    },
    {
        "Video Name": "d204f3d8-47a1-4e84-a3d3-ca20ebccd932",
        "Start Frame": 3840,
        "End Frame": 3960,
        "Caption": "#C C presses computer keyboard ; #C C looks around; #C C plays a video game on a; #C C watches the game; #C C presses the keyboard "
    },
    {
        "Video Name": "d204f3d8-47a1-4e84-a3d3-ca20ebccd932",
        "Start Frame": 3960,
        "End Frame": 4080,
        "Caption": "#C C plays video game on; #C C looks around; #C C looks around; #C C plays video game ; #C C plays game on computer"
    },
    {
        "Video Name": "d204f3d8-47a1-4e84-a3d3-ca20ebccd932",
        "Start Frame": 4080,
        "End Frame": 4200,
        "Caption": "#C C plays video game on; #C C looks at the screen; #C C plays game on computer; #C C plays game on computer; #C C plays game on computer"
    },
    {
        "Video Name": "d204f3d8-47a1-4e84-a3d3-ca20ebccd932",
        "Start Frame": 4200,
        "End Frame": 4320,
        "Caption": "#C C presses the keyboard with both hands; #C C plays video game on the desktop; #C C plays game on computer; #C C plays video game on computer; #C C clicks the keyboard "
    },
    {
        "Video Name": "d204f3d8-47a1-4e84-a3d3-ca20ebccd932",
        "Start Frame": 4320,
        "End Frame": 4440,
        "Caption": "#C C presses keyboard ; #C C presses keyboard with both; #C C plays video game on; #C C plays game on computer; #C C presses keyboard with both"
    },
    {
        "Video Name": "d204f3d8-47a1-4e84-a3d3-ca20ebccd932",
        "Start Frame": 4440,
        "End Frame": 4560,
        "Caption": "#C C clicks mouse ; #C C clicks mouse ; #C C holds a mouse; #C C holds the mouse; #C C scrolls mouse "
    },
    {
        "Video Name": "d204f3d8-47a1-4e84-a3d3-ca20ebccd932",
        "Start Frame": 4560,
        "End Frame": 4680,
        "Caption": "#C C scrolls the mouse; #C C operates the desktop; #C C scrolls mouse ; #C C scrolls mouse ; #C C clicks mouse "
    },
    {
        "Video Name": "d204f3d8-47a1-4e84-a3d3-ca20ebccd932",
        "Start Frame": 4680,
        "End Frame": 4800,
        "Caption": "#C C holds the mouse; #C C holds the mouse; #C C clicks mouse ; #C C scrolls the mouse; #C C operates computer"
    },
    {
        "Video Name": "d204f3d8-47a1-4e84-a3d3-ca20ebccd932",
        "Start Frame": 4800,
        "End Frame": 4920,
        "Caption": "#C C looks at the; #C C looks at the; #C C looks around; #C C stares at the; #C C looks at the"
    },
    {
        "Video Name": "d204f3d8-47a1-4e84-a3d3-ca20ebccd932",
        "Start Frame": 4920,
        "End Frame": 5040,
        "Caption": "#C C looks around; #C C looks around; #C C plays game on; #C C presses keyboard ; #C C plays game on"
    },
    {
        "Video Name": "d204f3d8-47a1-4e84-a3d3-ca20ebccd932",
        "Start Frame": 5040,
        "End Frame": 5160,
        "Caption": "#C C scrolls the laptop ; #C C presses computer keyboard ; #C C clicks on the keyboard; #C C plays video game ; #C C plays video game "
    },
    {
        "Video Name": "d204f3d8-47a1-4e84-a3d3-ca20ebccd932",
        "Start Frame": 5160,
        "End Frame": 5280,
        "Caption": "#C C plays game on computer; #C C plays video game; #C C plays video game ; #C C plays video game on the; #C C plays game on computer"
    },
    {
        "Video Name": "d204f3d8-47a1-4e84-a3d3-ca20ebccd932",
        "Start Frame": 5280,
        "End Frame": 5400,
        "Caption": "#C C presses the keyboard; #C C plays video game on; #C C presses computer keyboard; #C C plays game on computer; #C C plays video game "
    }
]