[
    {
        "Video Name": "d299858f-cde8-49a9-a713-fb546db0a268",
        "Start Frame": 0,
        "End Frame": 120,
        "Caption": "#C C touches the wall ; #C C touches the wall ; #C C touches the wall; #C C touches the wall with his left hand; #C C touches the wall"
    },
    {
        "Video Name": "d299858f-cde8-49a9-a713-fb546db0a268",
        "Start Frame": 120,
        "End Frame": 240,
        "Caption": "#C C smears cement on the wall ; #C C scrapes mortar on the wall with a trowel; #C C  pours the cement on  the wall ; #C C throws the concrete mix on the trowel  in his right hand on the wall.; #C C pours cement on the wall "
    },
    {
        "Video Name": "d299858f-cde8-49a9-a713-fb546db0a268",
        "Start Frame": 240,
        "End Frame": 360,
        "Caption": "#C C plasters the wall with the cement mixture with the trowel; #C C plasters the ceiling with the cement with the trowel; #C C scrapes the mortar off the wall with the trowel; #C C plasters the wall with the cement on the trowel in his right hand; #C C spreads the concrete on the wall with the trowel "
    },
    {
        "Video Name": "d299858f-cde8-49a9-a713-fb546db0a268",
        "Start Frame": 360,
        "End Frame": 480,
        "Caption": "#C C scrapes mortar from the wall with the trowel in his right hand.; #C C applies mortar on the wall with a trowel; #C C scrapes mortar on the wall with a trowel; #C C plasters the wall with the mortar on the trowel in his right hand; #C C applies the mortar on the wall with a trowel"
    },
    {
        "Video Name": "d299858f-cde8-49a9-a713-fb546db0a268",
        "Start Frame": 480,
        "End Frame": 600,
        "Caption": "#C C scrapes mortar on the wall with a trowel; #C C  applies cement on the wall ; #C C scrapes mortar on the wall with the trowel in his right hand; #C C throws mortar on the wall with a trowel; #C C scrapes mortar from the wall with the trowel in his right hand"
    },
    {
        "Video Name": "d299858f-cde8-49a9-a713-fb546db0a268",
        "Start Frame": 600,
        "End Frame": 720,
        "Caption": "#C C looks at the trowel; #C C smears mortar on the wall with the trowel; #C C scrapes mortar on the wall with the trowel in his right hand; #C C scrapes mortar from the wall with the trowel in his right hand; #C C scrapes mortar from the wall with the trowel in his right hand"
    },
    {
        "Video Name": "d299858f-cde8-49a9-a713-fb546db0a268",
        "Start Frame": 720,
        "End Frame": 840,
        "Caption": "#C C places his right hand on the wall.; #C C scrapes mortar from the wall with the trowel in his right hand; #C C looks around ; #C C scrapes mortar from the wall with the trowel in his right hand; #C C levels the mortar on the wall with the trowel in his right hand"
    },
    {
        "Video Name": "d299858f-cde8-49a9-a713-fb546db0a268",
        "Start Frame": 840,
        "End Frame": 960,
        "Caption": "#C C applies the mortar on the wall with a trowel; #C C plasters the wall with the cement on the trowel in his right hand; #C C scrapes mortar from the wall with the trowel in his right hand.; #C C scrapes mortar from the wall with the trowel in his right hand.; #C C applies concrete on the wall with a trowel"
    },
    {
        "Video Name": "d299858f-cde8-49a9-a713-fb546db0a268",
        "Start Frame": 960,
        "End Frame": 1080,
        "Caption": "#O A woman X puts the trowel on the wood ; #O The woman X picks a trowel from a bowl on the bamboo seat with her right hand; #C C looks around; #C C looks around; #C C looks around"
    },
    {
        "Video Name": "d299858f-cde8-49a9-a713-fb546db0a268",
        "Start Frame": 1080,
        "End Frame": 1200,
        "Caption": "#C C smoothens the wall with the wooden float in his left hand.; #C C smoothens the wall with the float; #C C smoothens the mortar onto the wall with the float in his left hand; #C C removes the concrete on the wall with the trowel; #C C smoothens the wall with the wood float "
    },
    {
        "Video Name": "d299858f-cde8-49a9-a713-fb546db0a268",
        "Start Frame": 1200,
        "End Frame": 1320,
        "Caption": "#C C spreads the cement mix on the wall with the trowel in his right hand; #C C smoothens mortar on the wall with the float in his left hand.; #C C flattens mortar on the wall with a trowel; #C C smoothens the mortar on the wall with the float in his left hand.; #C C levels the wall with a hawk "
    },
    {
        "Video Name": "d299858f-cde8-49a9-a713-fb546db0a268",
        "Start Frame": 1320,
        "End Frame": 1440,
        "Caption": "#C C throws mortar on the wall with a trowel; #C C scrapes mortar from the wall with the trowel; #C C applies mortar on the wall ; #C C plasters the house; #C C scrapes mortar from the wall with the trowel in his right hand"
    },
    {
        "Video Name": "d299858f-cde8-49a9-a713-fb546db0a268",
        "Start Frame": 1440,
        "End Frame": 1560,
        "Caption": "#C C spreads mortar on the wall ; #C C applies mortar on the wall ; #C C plasters the wall with the mortar on the trowel in his right hand; #C C applies the mortar on the wall ; #C C plasters the wall "
    },
    {
        "Video Name": "d299858f-cde8-49a9-a713-fb546db0a268",
        "Start Frame": 1560,
        "End Frame": 1680,
        "Caption": "#C C smoothens the wall with the plastering trowel in his left hand.; #C C levels the concrete with the trowel; #C C levels the wall with the wooden float; #C C plasters the wall with the concrete on the trowel in his right hand; #C C levels the concrete on the wall with the wooden float"
    },
    {
        "Video Name": "d299858f-cde8-49a9-a713-fb546db0a268",
        "Start Frame": 1680,
        "End Frame": 1800,
        "Caption": "#C C looks around ; #C C looks around ; #C C looks around ; #C C looks around; #C C picks the trow"
    },
    {
        "Video Name": "d299858f-cde8-49a9-a713-fb546db0a268",
        "Start Frame": 1800,
        "End Frame": 1920,
        "Caption": "#C C looks around; #C C stares at the wall; #C C looks around; #C C holds wall with left; #C C looks down"
    },
    {
        "Video Name": "d299858f-cde8-49a9-a713-fb546db0a268",
        "Start Frame": 1920,
        "End Frame": 2040,
        "Caption": "#C C turns around ; #C C puts the trowel on the wood float; #C C picks a trowel; #C C looks around; #C C puts the trowel aside"
    },
    {
        "Video Name": "d299858f-cde8-49a9-a713-fb546db0a268",
        "Start Frame": 2040,
        "End Frame": 2160,
        "Caption": "#C C rubs the wall with the float; #C C plasters the wall with a wood float; #C C smoothens the mortar on the wall with the wooden float in his left hand; #C C plasters a wall; #C C looks around"
    },
    {
        "Video Name": "d299858f-cde8-49a9-a713-fb546db0a268",
        "Start Frame": 2160,
        "End Frame": 2280,
        "Caption": "#C C smoothens the wall with the wooden float in his left hand.; #C C smoothens the wall with the wooden float in his left hand.; #C C smoothens the wall with the wooden float in his left hand.; #C C rubs the wall with the trowel in his right hand.; #C C smoothens the mortar on the wall with the float in his right hand"
    },
    {
        "Video Name": "d299858f-cde8-49a9-a713-fb546db0a268",
        "Start Frame": 2280,
        "End Frame": 2400,
        "Caption": "#C C smoothens the wall with the edging trowel in his right hand; #C C smoothens the mortar on the wall with the float in his right hand.; #C C smoothens the wall with the float in his right hand.; #C C smoothens the wall with the trowel in his right hand.; #C C smoothens the wall with the float"
    },
    {
        "Video Name": "d299858f-cde8-49a9-a713-fb546db0a268",
        "Start Frame": 2400,
        "End Frame": 2520,
        "Caption": "#C C looks around; #C C looks around; #C C looks around; #C C looks around; #C C looks around"
    },
    {
        "Video Name": "d299858f-cde8-49a9-a713-fb546db0a268",
        "Start Frame": 2520,
        "End Frame": 2640,
        "Caption": "#C C looks around ; #C C dialogues with person Y; #C C moves hand ; #C C looks around ; #C C looks around"
    },
    {
        "Video Name": "d299858f-cde8-49a9-a713-fb546db0a268",
        "Start Frame": 2640,
        "End Frame": 2760,
        "Caption": "#C C dialogues with #O man B ; #C C dialogues with #O a person X; #C C talks to man X; #O man Y plasters the wall ; #C C dialogues with person X"
    },
    {
        "Video Name": "d299858f-cde8-49a9-a713-fb546db0a268",
        "Start Frame": 2760,
        "End Frame": 2880,
        "Caption": "#C C looks around; #C C looks around; #O A person X looks; #C C looks around; #C C looks around "
    },
    {
        "Video Name": "d299858f-cde8-49a9-a713-fb546db0a268",
        "Start Frame": 2880,
        "End Frame": 3000,
        "Caption": "#C C smoothens the mortar on the wall with the float in his left hand.; #C C levels the mortar on the wall with a wood float ; #C C converses with the man X.; #O man X talks with C; #C C smoothens the mortar on the wall with the wooden float in his right hand"
    },
    {
        "Video Name": "d299858f-cde8-49a9-a713-fb546db0a268",
        "Start Frame": 3000,
        "End Frame": 3120,
        "Caption": "#C C smoothens the wall with the wooden float; #C C smoothens the mortar on the wall with the float in his left hand; #C C smoothens the mortar on the wall with the float in his right hand; #C C smoothens the mortar on the wall with the float in his left hand; #C C smoothens the wall with the wooden float in his left hand."
    },
    {
        "Video Name": "d299858f-cde8-49a9-a713-fb546db0a268",
        "Start Frame": 3120,
        "End Frame": 3240,
        "Caption": "#C C stares at the; #C C looks around ; #C C looks around ; #C C looks around; #C C looks around"
    },
    {
        "Video Name": "d299858f-cde8-49a9-a713-fb546db0a268",
        "Start Frame": 3240,
        "End Frame": 3360,
        "Caption": "#C C converses with A man X ; #C C converses with the man A.; #C C looks around; #O The man A smoothens the wall with the wooden float in his right hand.; #O The man X smoothens the wall with the hand trowel in his right hand"
    },
    {
        "Video Name": "d299858f-cde8-49a9-a713-fb546db0a268",
        "Start Frame": 3360,
        "End Frame": 3480,
        "Caption": "#O man X picks a trowel ; #O The man X smoothens the mortar on the wall with the trowel in his right hand.; #O a person X applies the concrete on the wall; #O A person X picks up a plastering trowel; #O The man X plasters the mortar on the wall with the hand trowel in his right hand"
    },
    {
        "Video Name": "d299858f-cde8-49a9-a713-fb546db0a268",
        "Start Frame": 3480,
        "End Frame": 3600,
        "Caption": "#O The man X smoothens the wall with the wooden float in his right hand.; #O The man X smoothens the wall with the float in his right hand.; #O The man X plasters mortar on the wall with the hand trowel in his right hand; #C C looks around; #O The man X smoothens the mortar on the wall with the float in his left hand."
    },
    {
        "Video Name": "d299858f-cde8-49a9-a713-fb546db0a268",
        "Start Frame": 3600,
        "End Frame": 3720,
        "Caption": "#C C converses with the man X.; #O The man X smoothens the mortar on the wall with the float in his left hand; #O The man X smoothens the wall with the foam in his right hand.; #C C converses with A person X      ; #O The man X smoothens the mortar on the wall with the foam in his right hand"
    },
    {
        "Video Name": "d299858f-cde8-49a9-a713-fb546db0a268",
        "Start Frame": 3720,
        "End Frame": 3840,
        "Caption": "#C C looks; #C C looks; #C C looks; #C C turns; #C C looks"
    },
    {
        "Video Name": "d299858f-cde8-49a9-a713-fb546db0a268",
        "Start Frame": 3840,
        "End Frame": 3960,
        "Caption": "#O The man X smoothens the mortar on the wall with the float in his left hand.; #O The man X smoothens the wall with the float in his left hand.; #O The man X plasters the wall with the mortar on the brick trowel in his right hand; #C C looks around; #O The man X smoothens the wall with the hand trowel in his right hand."
    },
    {
        "Video Name": "d299858f-cde8-49a9-a713-fb546db0a268",
        "Start Frame": 3960,
        "End Frame": 4080,
        "Caption": "#C C smoothens the wall with the wooden float in his left hand.; #O The man X smoothens the wall with the wooden float in his left hand; #O The man X smoothens the wall with the wooden float in his left hand; #O a man X plasters the wall; #O man X smoothens the wall"
    },
    {
        "Video Name": "d299858f-cde8-49a9-a713-fb546db0a268",
        "Start Frame": 4080,
        "End Frame": 4200,
        "Caption": "#O the man X smoothens the mortar on the wall with the float in his right hand; #O A person X removes dirt from the wall; #O A person X smoothens wall; #O A person X smoothens wall; #O A person X smoothens the wall with a wood float"
    },
    {
        "Video Name": "d299858f-cde8-49a9-a713-fb546db0a268",
        "Start Frame": 4200,
        "End Frame": 4320,
        "Caption": "#O A person X applies concrete to the wall; #O a person P scoops the concrete with a trowel; #O The man X drops the float on the wall with his right hand; #O A person X puts concrete on the wall; #O The man X drops the float on the bowl with his left hand"
    },
    {
        "Video Name": "d299858f-cde8-49a9-a713-fb546db0a268",
        "Start Frame": 4320,
        "End Frame": 4440,
        "Caption": "#O man X looks at the wall; #O man X puts the trowel on the ground; #O A person X smoothens wall with a trow; #C C looks around ; #C C looks at man X"
    },
    {
        "Video Name": "d299858f-cde8-49a9-a713-fb546db0a268",
        "Start Frame": 4440,
        "End Frame": 4560,
        "Caption": "#O man Y plasters the wall with a trowel; #O The man X removes his left hand from the wooden float.; #O A person X gives C a trowel; #O A person X  places the trowel on the wall; #O The man Y smoothens the wall with the smoothening trowel in his right hand"
    },
    {
        "Video Name": "d299858f-cde8-49a9-a713-fb546db0a268",
        "Start Frame": 4560,
        "End Frame": 4680,
        "Caption": "#C C looks around; #O A man X plasters the wall ; #C C looks around; #O The man X scoops cement from the pan with the trowel in his right hand; #C C looks around"
    },
    {
        "Video Name": "d299858f-cde8-49a9-a713-fb546db0a268",
        "Start Frame": 4680,
        "End Frame": 4800,
        "Caption": "#C C looks around; #C C looks around; #C C looks around; #C C looks around; #O The man X smoothens the mortar on the wall with the float in his left hand"
    },
    {
        "Video Name": "d299858f-cde8-49a9-a713-fb546db0a268",
        "Start Frame": 4800,
        "End Frame": 4920,
        "Caption": "#O person X smoothens the wall with the float; #O The man X passes the float from his left hand to his right hand; #C C interacts with the man X.; #O person X puts the float on the wall; #C C looks around"
    },
    {
        "Video Name": "d299858f-cde8-49a9-a713-fb546db0a268",
        "Start Frame": 4920,
        "End Frame": 5040,
        "Caption": "#C C looks around; #C C looks around; #C C looks around; #C C looks at the wall; #C C  looks around "
    },
    {
        "Video Name": "d299858f-cde8-49a9-a713-fb546db0a268",
        "Start Frame": 5040,
        "End Frame": 5160,
        "Caption": "#C C interacts with the man X.; #O A person X throws the cement on the wall; #O A person X throws concrete on wall; #O the man X drops the trowel on the ground with his right hand.; #O The man X pours the concrete mix on the wall with the trowel in his right hand."
    },
    {
        "Video Name": "d299858f-cde8-49a9-a713-fb546db0a268",
        "Start Frame": 5160,
        "End Frame": 5280,
        "Caption": "#O The man X applies concrete mix on the wall with the trowel in his right hand.; #O The man X plasters the mortar on the wall with the trowel in his right hand; #O The man X scoops cement from the pan with the trowel in his right hand.; #O A person X applies mortar on the wall; #O The man X drops the trowel in the head pan with his right hand."
    },
    {
        "Video Name": "d299858f-cde8-49a9-a713-fb546db0a268",
        "Start Frame": 5280,
        "End Frame": 5400,
        "Caption": "#O The man X scrapes the mortar from the wooden float in his left hand with the hand trowel in his right hand; #O The man X smoothens the wall with the hand trowel in his right hand.; #C C looks around; #O A person X smoothens wall with a masonry trowel; #O person X picks up a trowel"
    }
]