[
    {
        "Video Name": "d33126fd-07dd-480e-ad89-9fdca4f813c4",
        "Start Frame": 0,
        "End Frame": 120,
        "Caption": "#C C types on the laptop; #C C types on the laptop; #C C types on the laptop; #C C operates the laptop ; #C C looks at the laptop"
    },
    {
        "Video Name": "d33126fd-07dd-480e-ad89-9fdca4f813c4",
        "Start Frame": 120,
        "End Frame": 240,
        "Caption": "#C C types on the laptop; #C C types on the laptop; #C C types on the laptop; #C C types on the laptop; #C C types on the laptop"
    },
    {
        "Video Name": "d33126fd-07dd-480e-ad89-9fdca4f813c4",
        "Start Frame": 240,
        "End Frame": 360,
        "Caption": "#C C looks at the laptop; #C C looks at the laptop; #C C looks around; #C C types on the laptop; #C C looks at the laptop"
    },
    {
        "Video Name": "d33126fd-07dd-480e-ad89-9fdca4f813c4",
        "Start Frame": 360,
        "End Frame": 480,
        "Caption": "#C C looks at the laptop; #C C types on the laptop; #C C scrolls the laptop; #C C looks at the laptop; #C C types on the laptop"
    },
    {
        "Video Name": "d33126fd-07dd-480e-ad89-9fdca4f813c4",
        "Start Frame": 480,
        "End Frame": 600,
        "Caption": "#C C stares at the; #C C stares at the; #C C stares at the; #C C scrolls the laptop; #C C scrolls the laptop"
    },
    {
        "Video Name": "d33126fd-07dd-480e-ad89-9fdca4f813c4",
        "Start Frame": 600,
        "End Frame": 720,
        "Caption": "#C C scrolls the laptop; #C C scrolls the laptop; #C C looks at the; #C C stares at the; #C C types on the"
    },
    {
        "Video Name": "d33126fd-07dd-480e-ad89-9fdca4f813c4",
        "Start Frame": 720,
        "End Frame": 840,
        "Caption": "#C C looks at the laptop; #C C stares at the laptop; #C C stares at the laptop; #C C looks at the laptop; #C C scrolls the laptop"
    },
    {
        "Video Name": "d33126fd-07dd-480e-ad89-9fdca4f813c4",
        "Start Frame": 840,
        "End Frame": 960,
        "Caption": "#C C stares at the laptop; #C C stares at the laptop; #C C operates the laptop ; #C C moves the laptop to the table; #C C looks at the laptop "
    },
    {
        "Video Name": "d33126fd-07dd-480e-ad89-9fdca4f813c4",
        "Start Frame": 960,
        "End Frame": 1080,
        "Caption": "#C C looks at the laptop; #C C scrolls the laptop; #C C looks at the laptop; #C C stares at the laptop; #C C stares at the laptop"
    },
    {
        "Video Name": "d33126fd-07dd-480e-ad89-9fdca4f813c4",
        "Start Frame": 1080,
        "End Frame": 1200,
        "Caption": "#C C looks at the laptop; #C C looks at the laptop; #C C looks at the laptop; #C C looks at the laptop; #C C looks at the laptop"
    },
    {
        "Video Name": "d33126fd-07dd-480e-ad89-9fdca4f813c4",
        "Start Frame": 1200,
        "End Frame": 1320,
        "Caption": "#C C stares at the laptop; #C C looks at the laptop; #C C looks at the laptop; #C C scrolls the laptop ; #C C looks at the laptop"
    },
    {
        "Video Name": "d33126fd-07dd-480e-ad89-9fdca4f813c4",
        "Start Frame": 1320,
        "End Frame": 1440,
        "Caption": "#C C looks at the laptop; #C C scrolls the laptop; #C C scrolls the laptop; #C C operates the laptop ; #C C types on the laptop"
    },
    {
        "Video Name": "d33126fd-07dd-480e-ad89-9fdca4f813c4",
        "Start Frame": 1440,
        "End Frame": 1560,
        "Caption": "#C C looks around the room; #C C looks around the room; #C C looks around ; #C C looks at the laptop; #C C looks around the room"
    },
    {
        "Video Name": "d33126fd-07dd-480e-ad89-9fdca4f813c4",
        "Start Frame": 1560,
        "End Frame": 1680,
        "Caption": "#C C types on the laptop; #C C types on the laptop; #C C types on the laptop; #C C types on the laptop; #C C types on the laptop"
    },
    {
        "Video Name": "d33126fd-07dd-480e-ad89-9fdca4f813c4",
        "Start Frame": 1680,
        "End Frame": 1800,
        "Caption": "#C C types on the laptop; #C C types on the laptop; #C C types on the laptop; #C C types on the laptop; #C C types on the laptop"
    },
    {
        "Video Name": "d33126fd-07dd-480e-ad89-9fdca4f813c4",
        "Start Frame": 1800,
        "End Frame": 1920,
        "Caption": "#C C types on the laptop; #C C types on the laptop; #C C types on the laptop; #C C types on the laptop; #C C types on the laptop"
    },
    {
        "Video Name": "d33126fd-07dd-480e-ad89-9fdca4f813c4",
        "Start Frame": 1920,
        "End Frame": 2040,
        "Caption": "#C C looks around; #C C looks around the room; #C C turns around; #C C looks around the room; #C C stares at the laptop"
    },
    {
        "Video Name": "d33126fd-07dd-480e-ad89-9fdca4f813c4",
        "Start Frame": 2040,
        "End Frame": 2160,
        "Caption": "#C C looks around the room; #C C looks around the room; #C C looks around the office; #C C looks around the room; #C C looks around the office"
    },
    {
        "Video Name": "d33126fd-07dd-480e-ad89-9fdca4f813c4",
        "Start Frame": 2160,
        "End Frame": 2280,
        "Caption": "#C C looks at the; #C C adjusts the camera; #C C touches the camera; #C C adjusts the camera; #C C adjusts the camera"
    },
    {
        "Video Name": "d33126fd-07dd-480e-ad89-9fdca4f813c4",
        "Start Frame": 2280,
        "End Frame": 2400,
        "Caption": "#C C types on the laptop; #C C puts down the laptop; #C C types on the laptop; #C C holds the laptop ; #C C types on the laptop"
    },
    {
        "Video Name": "d33126fd-07dd-480e-ad89-9fdca4f813c4",
        "Start Frame": 2400,
        "End Frame": 2520,
        "Caption": "#C C lifts up the; #C C uses the laptop; #C C moves the laptop; #C C operates the laptop; #C C scrolls the laptop"
    },
    {
        "Video Name": "d33126fd-07dd-480e-ad89-9fdca4f813c4",
        "Start Frame": 2520,
        "End Frame": 2640,
        "Caption": "#C C looks at the laptop; #C C looks at the laptop; #C C looks at the laptop; #C C moves the iPad ; #C C looks at the laptop"
    },
    {
        "Video Name": "d33126fd-07dd-480e-ad89-9fdca4f813c4",
        "Start Frame": 2640,
        "End Frame": 2760,
        "Caption": "#C C writes on the iPad; #C C writes on the iPad; #C C writes on the iPad; #C C looks at the tablet; #C C looks at the laptop"
    },
    {
        "Video Name": "d33126fd-07dd-480e-ad89-9fdca4f813c4",
        "Start Frame": 2760,
        "End Frame": 2880,
        "Caption": "#C C looks at the laptop; #C C writes on the iPad; #C C writes on the iPad; #C C writes on the iPad; #C C writes on the iPad"
    },
    {
        "Video Name": "d33126fd-07dd-480e-ad89-9fdca4f813c4",
        "Start Frame": 2880,
        "End Frame": 3000,
        "Caption": "#C C looks at the tablet; #C C writes on the iPad; #C C looks at the tablet; #C C looks at the laptop; #C C looks at the laptop"
    },
    {
        "Video Name": "d33126fd-07dd-480e-ad89-9fdca4f813c4",
        "Start Frame": 3000,
        "End Frame": 3120,
        "Caption": "#C C writes on the iPad; #C C writes on the iPad; #C C writes on the iPad; #C C looks at the laptop; #C C looks at the laptop"
    },
    {
        "Video Name": "d33126fd-07dd-480e-ad89-9fdca4f813c4",
        "Start Frame": 3120,
        "End Frame": 3240,
        "Caption": "#C C looks at the laptop; #C C looks at the laptop; #C C looks at the tablet; #C C writes on the iPad; #C C looks at the laptop"
    },
    {
        "Video Name": "d33126fd-07dd-480e-ad89-9fdca4f813c4",
        "Start Frame": 3240,
        "End Frame": 3360,
        "Caption": "#C C writes on the iPad; #C C writes on the iPad; #C C looks at the laptop; #C C looks at the laptop; #C C writes on the iPad"
    },
    {
        "Video Name": "d33126fd-07dd-480e-ad89-9fdca4f813c4",
        "Start Frame": 3360,
        "End Frame": 3480,
        "Caption": "#C C writes on the iPad; #C C writes on the iPad; #C C looks at the laptop; #C C writes on the iPad; #C C writes on the iPad"
    },
    {
        "Video Name": "d33126fd-07dd-480e-ad89-9fdca4f813c4",
        "Start Frame": 3480,
        "End Frame": 3600,
        "Caption": "#C C writes on the iPad; #C C writes on the iPad; #C C writes on the iPad; #C C writes on the tablet; #C C looks at the laptop"
    },
    {
        "Video Name": "d33126fd-07dd-480e-ad89-9fdca4f813c4",
        "Start Frame": 3600,
        "End Frame": 3720,
        "Caption": "#C C looks at the laptop; #C C looks at the laptop; #C C looks at the laptop; #C C looks at the laptop; #C C stares at the laptop"
    },
    {
        "Video Name": "d33126fd-07dd-480e-ad89-9fdca4f813c4",
        "Start Frame": 3720,
        "End Frame": 3840,
        "Caption": "#C C picks up the cup; #C C puts the cup on the table; #C C picks the cup; #C C puts the cup on the table; #C C places the cup on the table"
    },
    {
        "Video Name": "d33126fd-07dd-480e-ad89-9fdca4f813c4",
        "Start Frame": 3840,
        "End Frame": 3960,
        "Caption": "#C C looks at the laptop; #C C looks at the laptop; #C C looks at the laptop; #C C looks at the laptop; #C C looks at the laptop"
    },
    {
        "Video Name": "d33126fd-07dd-480e-ad89-9fdca4f813c4",
        "Start Frame": 3960,
        "End Frame": 4080,
        "Caption": "#C C looks at the phone; #C C looks at the laptop; #C C looks at the laptop; #C C drinks tea; #C C stares at the laptop"
    },
    {
        "Video Name": "d33126fd-07dd-480e-ad89-9fdca4f813c4",
        "Start Frame": 4080,
        "End Frame": 4200,
        "Caption": "#C C looks at the tablet ; #C C writes on the iPad ; #C C places the iPad pen on the tablet; #C C picks the iPad pen ; #C C places the tablet pen on the tablet"
    },
    {
        "Video Name": "d33126fd-07dd-480e-ad89-9fdca4f813c4",
        "Start Frame": 4200,
        "End Frame": 4320,
        "Caption": "#C C writes on the iPad; #C C writes on the iPad; #C C writes on the iPad; #C C looks at the laptop; #C C writes on the iPad"
    },
    {
        "Video Name": "d33126fd-07dd-480e-ad89-9fdca4f813c4",
        "Start Frame": 4320,
        "End Frame": 4440,
        "Caption": "#C C writes on the iPad; #C C writes on the iPad; #C C writes on the iPad; #C C writes on the iPad; #C C writes on the iPad"
    },
    {
        "Video Name": "d33126fd-07dd-480e-ad89-9fdca4f813c4",
        "Start Frame": 4440,
        "End Frame": 4560,
        "Caption": "#C C writes on the iPad; #C C writes on the iPad; #C C writes on the iPad; #C C writes on the iPad; #C C writes on the laptop"
    },
    {
        "Video Name": "d33126fd-07dd-480e-ad89-9fdca4f813c4",
        "Start Frame": 4560,
        "End Frame": 4680,
        "Caption": "#C C writes on the iPad; #C C writes on the iPad; #C C writes on the iPad; #C C writes on the iPad; #C C writes on the iPad"
    },
    {
        "Video Name": "d33126fd-07dd-480e-ad89-9fdca4f813c4",
        "Start Frame": 4680,
        "End Frame": 4800,
        "Caption": "#C C looks at the laptop; #C C looks at the laptop; #C C looks at the laptop; #C C looks at the laptop; #C C looks at the laptop"
    },
    {
        "Video Name": "d33126fd-07dd-480e-ad89-9fdca4f813c4",
        "Start Frame": 4800,
        "End Frame": 4920,
        "Caption": "#C C looks at the iPad; #C C stares at the tablet; #C C looks at the laptop; #C C looks at the laptop; #C C looks at the laptop"
    },
    {
        "Video Name": "d33126fd-07dd-480e-ad89-9fdca4f813c4",
        "Start Frame": 4920,
        "End Frame": 5040,
        "Caption": "#C C adjusts the camera; #C C adjusts the camera; #C C adjusts the camera; #C C touches the camera; #C C fixes the camera"
    },
    {
        "Video Name": "d33126fd-07dd-480e-ad89-9fdca4f813c4",
        "Start Frame": 5040,
        "End Frame": 5160,
        "Caption": "#C C looks at the laptop; #C C types on the laptop; #C C looks at the laptop; #C C stares at the laptop; #C C stares at the laptop"
    },
    {
        "Video Name": "d33126fd-07dd-480e-ad89-9fdca4f813c4",
        "Start Frame": 5160,
        "End Frame": 5280,
        "Caption": "#C C fixes the camera; #C C fixes the camera; #C C touches the camera; #C C fixes the camera; #C C adjusts the camera"
    },
    {
        "Video Name": "d33126fd-07dd-480e-ad89-9fdca4f813c4",
        "Start Frame": 5280,
        "End Frame": 5400,
        "Caption": "#C C adjusts the camera; #C C adjusts the camera; #C C adjusts the camera; #C C fixes the camera; #C C holds the camera"
    }
]