[
    {
        "Video Name": "da76805c-891c-449d-8e52-dcf01b79f773",
        "Start Frame": 0,
        "End Frame": 120,
        "Caption": "#C C washes the hands; #C C washes hands ; #C C washes hands; #C C washes his hands; #C C washes his hands"
    },
    {
        "Video Name": "da76805c-891c-449d-8e52-dcf01b79f773",
        "Start Frame": 120,
        "End Frame": 240,
        "Caption": "#C C washes hands; #C C washes hands in the; #C C rinses hands ; #C C washes the hands; #C C washes her hands "
    },
    {
        "Video Name": "da76805c-891c-449d-8e52-dcf01b79f773",
        "Start Frame": 240,
        "End Frame": 360,
        "Caption": "#C C washes his hands; #C C washes hands ; #C C rinses his; #C C washes hands ; #C C washes the spoon"
    },
    {
        "Video Name": "da76805c-891c-449d-8e52-dcf01b79f773",
        "Start Frame": 360,
        "End Frame": 480,
        "Caption": "#C C washes the knife; #C C rinses a; #C C washes the knife; #C C opens tap; #c c washes the potato"
    },
    {
        "Video Name": "da76805c-891c-449d-8e52-dcf01b79f773",
        "Start Frame": 480,
        "End Frame": 600,
        "Caption": "#C C puts potatoes in the sink; #C C picks the potato; #C C puts knife in the sink; #C C takes potato ; #C C picks knife "
    },
    {
        "Video Name": "da76805c-891c-449d-8e52-dcf01b79f773",
        "Start Frame": 600,
        "End Frame": 720,
        "Caption": "#C C cuts the potato into pieces; #C C cuts the potato into pieces; #C C chops the potato; #C C chops the potato with a; #C C cuts the potato"
    },
    {
        "Video Name": "da76805c-891c-449d-8e52-dcf01b79f773",
        "Start Frame": 720,
        "End Frame": 840,
        "Caption": "#C C cuts the potato with the knife; #C C chops the potato into small pieces; #C C cuts potato; #C C cuts the potatoes into pieces.; #C C cuts potato with a knife "
    },
    {
        "Video Name": "da76805c-891c-449d-8e52-dcf01b79f773",
        "Start Frame": 840,
        "End Frame": 960,
        "Caption": "#C C cuts the potato into pieces; #C C cuts the potato into pieces; #C C chops the potato; #C C cuts the potato into pieces; #C C cuts a potato"
    },
    {
        "Video Name": "da76805c-891c-449d-8e52-dcf01b79f773",
        "Start Frame": 960,
        "End Frame": 1080,
        "Caption": "#C C cuts a potato with a; #C C cuts the potato into pieces; #C C cuts the potato into pieces; #C C cuts the potato into pieces; #C C chops the potato into pieces"
    },
    {
        "Video Name": "da76805c-891c-449d-8e52-dcf01b79f773",
        "Start Frame": 1080,
        "End Frame": 1200,
        "Caption": "#C C cuts the potato; #C C cuts the potato into pieces; #C C cuts the potato into pieces; #C C cuts the potato with a; #C C slices the potato into pieces"
    },
    {
        "Video Name": "da76805c-891c-449d-8e52-dcf01b79f773",
        "Start Frame": 1200,
        "End Frame": 1320,
        "Caption": "#C C cuts potatoes ; #C C cuts the potato into pieces; #C C cuts the potatoes ; #C C cuts potato into pieces with; #C C cuts potato with knife "
    },
    {
        "Video Name": "da76805c-891c-449d-8e52-dcf01b79f773",
        "Start Frame": 1320,
        "End Frame": 1440,
        "Caption": "#C C cuts potato; #C C cuts potato with a knife; #C C cuts potato into pieces.; #C C cuts the potato with a; #C C cuts potato with a knife"
    },
    {
        "Video Name": "da76805c-891c-449d-8e52-dcf01b79f773",
        "Start Frame": 1440,
        "End Frame": 1560,
        "Caption": "#C C cuts potato into pieces with a; #C C cuts potato with a knife ; #C C chops potato into pieces; #C C cuts potatoes with a knife ; #C C cuts the potato"
    },
    {
        "Video Name": "da76805c-891c-449d-8e52-dcf01b79f773",
        "Start Frame": 1560,
        "End Frame": 1680,
        "Caption": "#C C slices the potato; #C C cuts the potato; #C C cuts the potato with a; #C C cuts the potato into pieces; #C C chops the potato into pieces"
    },
    {
        "Video Name": "da76805c-891c-449d-8e52-dcf01b79f773",
        "Start Frame": 1680,
        "End Frame": 1800,
        "Caption": "#C C cuts the potato; #C C cuts potato into pieces ; #C C chops potato into pieces; #C C cuts potato into pieces ; #C C cuts the potato into pieces"
    },
    {
        "Video Name": "da76805c-891c-449d-8e52-dcf01b79f773",
        "Start Frame": 1800,
        "End Frame": 1920,
        "Caption": "#C C cuts the potatoes; #C C cuts the potatoes into pieces; #C C cuts the potato into pieces; #C C cuts the potato into pieces; #C C cuts the potato into pieces"
    },
    {
        "Video Name": "da76805c-891c-449d-8e52-dcf01b79f773",
        "Start Frame": 1920,
        "End Frame": 2040,
        "Caption": "#C C chops the potato; #C C slices potatoes with a knife; #C C cuts potato with a knife; #C C chops the potato; #C C cuts potato into pieces."
    },
    {
        "Video Name": "da76805c-891c-449d-8e52-dcf01b79f773",
        "Start Frame": 2040,
        "End Frame": 2160,
        "Caption": "#C C cuts the potato into pieces; #C C cuts the potato into pieces; #C C cuts the potato into pieces; #C C cuts the potato with a; #C C cuts the potato"
    },
    {
        "Video Name": "da76805c-891c-449d-8e52-dcf01b79f773",
        "Start Frame": 2160,
        "End Frame": 2280,
        "Caption": "#C C holds the potato; #C C picks the potato pieces; #C C chops potato ; #C C cuts potatoes; #C C picks the potato from the chopping"
    },
    {
        "Video Name": "da76805c-891c-449d-8e52-dcf01b79f773",
        "Start Frame": 2280,
        "End Frame": 2400,
        "Caption": "#C C cuts potato with knife ; #C C slices the potato; #C C cuts the potato into pieces; #C C cuts the potato into pieces; #C C cuts the potatoes "
    },
    {
        "Video Name": "da76805c-891c-449d-8e52-dcf01b79f773",
        "Start Frame": 2400,
        "End Frame": 2520,
        "Caption": "#C C slices the potato; #C C cuts the potato into pieces; #C C cuts potato into pieces ; #C C chops potato into pieces; #C C cuts potato with a knife"
    },
    {
        "Video Name": "da76805c-891c-449d-8e52-dcf01b79f773",
        "Start Frame": 2520,
        "End Frame": 2640,
        "Caption": "#C C cuts the potato into pieces; #C C chops the potato; #C C cuts the potato; #C C chops the potato with a; #C C cuts the potato"
    },
    {
        "Video Name": "da76805c-891c-449d-8e52-dcf01b79f773",
        "Start Frame": 2640,
        "End Frame": 2760,
        "Caption": "#C C cuts potato ; #C C cuts the potato; #C C cuts the potato into pieces; #C C cuts potato; #C C cuts the potato into pieces"
    },
    {
        "Video Name": "da76805c-891c-449d-8e52-dcf01b79f773",
        "Start Frame": 2760,
        "End Frame": 2880,
        "Caption": "#C C chops the potato; #C C drops the potato pieces on the chopping board; #C C cuts the potato into pieces; #C C slices potato; #C C cuts potato into pieces "
    },
    {
        "Video Name": "da76805c-891c-449d-8e52-dcf01b79f773",
        "Start Frame": 2880,
        "End Frame": 3000,
        "Caption": "#C C takes the potato from the chopping; #C C picks up the chopping board; #C C carries the potatoes; #C C takes the potatoes; #C C walks around the kitchen"
    },
    {
        "Video Name": "da76805c-891c-449d-8e52-dcf01b79f773",
        "Start Frame": 3000,
        "End Frame": 3120,
        "Caption": "#C C puts potatoes in the pot; #C C puts the potatoes in the cooking pan ; #C C puts potatoes in the pot; #C C puts the potato in the cooking pot; #C C pours the potatoes in the cooking pan"
    },
    {
        "Video Name": "da76805c-891c-449d-8e52-dcf01b79f773",
        "Start Frame": 3120,
        "End Frame": 3240,
        "Caption": "#C C puts the food into the pot; #C C puts the pieces of chopped onions in the; #C C pours the chopped onions on the cooking; #C C adds the ingredients in the pot; #C C pours the food in the cooking pot"
    },
    {
        "Video Name": "da76805c-891c-449d-8e52-dcf01b79f773",
        "Start Frame": 3240,
        "End Frame": 3360,
        "Caption": "#C C washes the knife in the; #C C washes hands ; #c c washes the knife in the; #C C washes the knife ; #C C rinses the knife "
    },
    {
        "Video Name": "da76805c-891c-449d-8e52-dcf01b79f773",
        "Start Frame": 3360,
        "End Frame": 3480,
        "Caption": "#C C cleans the counter; #C C looks around; #C C turns off the tap; #C C cleans the counter top; #C C   rinses the kitchen"
    },
    {
        "Video Name": "da76805c-891c-449d-8e52-dcf01b79f773",
        "Start Frame": 3480,
        "End Frame": 3600,
        "Caption": "#C C places the kettle on the counter top; #C C puts the kettle on the kitchen counter; #C C puts the kettle on the table; #C C hangs the cloth on the kitchen counter; #C C walks around the kitchen"
    },
    {
        "Video Name": "da76805c-891c-449d-8e52-dcf01b79f773",
        "Start Frame": 3600,
        "End Frame": 3720,
        "Caption": "#C C pours water into the pot; #C C pours water in the pot; #C C pours water in the food; #C C pours water in a pot; #C C pours water in the cooking"
    },
    {
        "Video Name": "da76805c-891c-449d-8e52-dcf01b79f773",
        "Start Frame": 3720,
        "End Frame": 3840,
        "Caption": "#C C presses the cooker button; #C C adds water in the pot; #C C switches on the cooker; #C C turns on the cooker; #C C pours water in the cooking"
    },
    {
        "Video Name": "da76805c-891c-449d-8e52-dcf01b79f773",
        "Start Frame": 3840,
        "End Frame": 3960,
        "Caption": "#C C walks around the; #C C walks to the; #C C walks around the; #C C picks a bowl; #C C walks in the"
    },
    {
        "Video Name": "da76805c-891c-449d-8e52-dcf01b79f773",
        "Start Frame": 3960,
        "End Frame": 4080,
        "Caption": "#C C puts the plate in the dishwasher machine; #C C picks a plate from the dishwasher; #C C opens dishwasher ; #C C  removes a plate from the dishwasher; #C C puts the plate in the dishwasher"
    },
    {
        "Video Name": "da76805c-891c-449d-8e52-dcf01b79f773",
        "Start Frame": 4080,
        "End Frame": 4200,
        "Caption": "#C C closes the dishwasher; #C C closes the dishwasher; #C C closes the dishwasher; #c c closes the dishwasher; #C C closes the dishwasher"
    },
    {
        "Video Name": "da76805c-891c-449d-8e52-dcf01b79f773",
        "Start Frame": 4200,
        "End Frame": 4320,
        "Caption": "#C C  puts spoons on the; #C C puts knife on a rack; #C C picks a spoon ; #C C puts knife in the rack ; #C C puts the spoon on a rack"
    },
    {
        "Video Name": "da76805c-891c-449d-8e52-dcf01b79f773",
        "Start Frame": 4320,
        "End Frame": 4440,
        "Caption": "#C C touches the bottle; #C C places the spice bottle on the shelf; #c c picks salt; #C C picks a jar from the shelf; #C C picks a bottle of salt from the"
    },
    {
        "Video Name": "da76805c-891c-449d-8e52-dcf01b79f773",
        "Start Frame": 4440,
        "End Frame": 4560,
        "Caption": "#C C places the spice bottle in the; #c c puts spice on the shelf; #C C puts back the ingredient; #C C places the ingredient on the shelf; #c c puts back spice bottle"
    },
    {
        "Video Name": "da76805c-891c-449d-8e52-dcf01b79f773",
        "Start Frame": 4560,
        "End Frame": 4680,
        "Caption": "#c c picks tin; #C C picks a bottle from the shelf; #C C puts bottle on the shelve; #c c picks unsure from the shelf; #C C picks a bottle "
    },
    {
        "Video Name": "da76805c-891c-449d-8e52-dcf01b79f773",
        "Start Frame": 4680,
        "End Frame": 4800,
        "Caption": "#C C stares around the kitchen; #C C looks around the kitchen; #C C looks at the items on the; #C C looks around the store ; #C C looks at the items on the"
    },
    {
        "Video Name": "da76805c-891c-449d-8e52-dcf01b79f773",
        "Start Frame": 4800,
        "End Frame": 4920,
        "Caption": "#C C picks a spoon from the table; #C C picks up a container of salt; #C C puts the salt container on the table ; #C C puts the salt shaker on the counter; #C C drops the container on the kitchen countertop"
    },
    {
        "Video Name": "da76805c-891c-449d-8e52-dcf01b79f773",
        "Start Frame": 4920,
        "End Frame": 5040,
        "Caption": "#C C picks up a packet of milk; #C C picks a packet of rice; #C C picks a packet of ingredient; #C C picks up a packet of salt from the; #C C takes a packet of salt from the counter"
    },
    {
        "Video Name": "da76805c-891c-449d-8e52-dcf01b79f773",
        "Start Frame": 5040,
        "End Frame": 5160,
        "Caption": "#C C adds the ingredients in the cooking; #C C pours the ingredients on the; #C C adds the ingredient in the pot; #C C adds salt to the ingredients; #C C puts some salt in the cooking"
    },
    {
        "Video Name": "da76805c-891c-449d-8e52-dcf01b79f773",
        "Start Frame": 5160,
        "End Frame": 5280,
        "Caption": "#C C adds salt in the food ; #C C pours the beans in the; #C C adds the rice to the cooking; #C C adds the salt to the food; #C C pours rice into the pot"
    },
    {
        "Video Name": "da76805c-891c-449d-8e52-dcf01b79f773",
        "Start Frame": 5280,
        "End Frame": 5400,
        "Caption": "#C C adds the ingredients on the pan; #C C adds the rice to the cooking pot; #C C pours the rice in the pot; #C C pours the content of the pack into the pot; #C C adds the salt in the cooking pot"
    }
]