[
    {
        "Video Name": "ddaa8277-d940-4722-addf-da2af5c30206",
        "Start Frame": 0,
        "End Frame": 120,
        "Caption": "#C C sprays the farm; #C C sprays the farm with the hose in his right hand; #C C sprays the ground with the hose in his right hand; #C C sprays the farm; #C C sprays the ground with the hose in his right hand"
    },
    {
        "Video Name": "ddaa8277-d940-4722-addf-da2af5c30206",
        "Start Frame": 120,
        "End Frame": 240,
        "Caption": "#C C sprays the ground with the hose in his right hand.; #C C sprays the farm with the hose in his right hand.; #C C sprays the farm; #C C sprays the ground with the hose in his right hand.; #C C sprays the ground with the nozzle of the sprayer in his right hand"
    },
    {
        "Video Name": "ddaa8277-d940-4722-addf-da2af5c30206",
        "Start Frame": 240,
        "End Frame": 360,
        "Caption": "#C C sprays the ground with the chemical in the hose in his right hand; #C C sprays the ground with the liquid in the hose in his right hand; #C C sprays the farm; #C C sprays the farm; #C C sprays the ground with the hose in his right hand."
    },
    {
        "Video Name": "ddaa8277-d940-4722-addf-da2af5c30206",
        "Start Frame": 360,
        "End Frame": 480,
        "Caption": "#C C sprays the ground with the hose in his right hand; #C C sprays the farm with liquid; #C C sprays the farm with the hose in his right hand; #C C sprinkles the fertilizer on the field with his right hand; #C C sprays the farm"
    },
    {
        "Video Name": "ddaa8277-d940-4722-addf-da2af5c30206",
        "Start Frame": 480,
        "End Frame": 600,
        "Caption": "#C C sprinkles the fertilizer on the ground with his right hand; #C C sprays the farm; #C C sprays the farm; #C C sprays the farm with the hose in his right hand; #C C sprays the farm"
    },
    {
        "Video Name": "ddaa8277-d940-4722-addf-da2af5c30206",
        "Start Frame": 600,
        "End Frame": 720,
        "Caption": "#C C sprays the field with the hose in his right hand; #C C sprays the ground with the hose in his right hand; #C C sprays the farm with the hose in his right hand; #C C sprays the garden; #C C sprays the ground with the hose in his right hand"
    },
    {
        "Video Name": "ddaa8277-d940-4722-addf-da2af5c30206",
        "Start Frame": 720,
        "End Frame": 840,
        "Caption": "#C C sprays the ground with the liquid in the garden hose in his right hand; #C C sprays the ground with the hose in his right hand.; #C C sprays the farm with the liquid from the hose in his right hand.; #C C sprays the soil; #C C sprinkles the fertilizer on the farmland with his right hand."
    },
    {
        "Video Name": "ddaa8277-d940-4722-addf-da2af5c30206",
        "Start Frame": 840,
        "End Frame": 960,
        "Caption": "#C C sprays the sand on the farmland with the nozzle of the pressure sprayer in his right hand; #C C sprays the farm with the hose in his right hand.; #C C sprays the farm; #C C walks around the garden; #C C sprays the ground"
    },
    {
        "Video Name": "ddaa8277-d940-4722-addf-da2af5c30206",
        "Start Frame": 960,
        "End Frame": 1080,
        "Caption": "#C C sprays the ground with the hose in his right hand.; #C C sprays the ground with the hose in his right hand.; #C C sprays the ground with the chemical in the garden hose in his right hand; #C C sprays the field with the hose in his right hand.; #C C sprays the farm with the hose in his right hand."
    },
    {
        "Video Name": "ddaa8277-d940-4722-addf-da2af5c30206",
        "Start Frame": 1080,
        "End Frame": 1200,
        "Caption": "#C C sprays the farm; #C C sprays the ground with the hose in his right hand; #C C sprays the farm with the hose in his right hand; #C C sprays the ground with the hose in his right hand; #C C sprays the farm"
    },
    {
        "Video Name": "ddaa8277-d940-4722-addf-da2af5c30206",
        "Start Frame": 1200,
        "End Frame": 1320,
        "Caption": "#C C sprays the farm; #C C sprinkles the fertilizer on the ground with his right hand; #C C sprays the ground with the hose in his right hand; #C C walks on the farm; #C C sprays the farm"
    },
    {
        "Video Name": "ddaa8277-d940-4722-addf-da2af5c30206",
        "Start Frame": 1320,
        "End Frame": 1440,
        "Caption": "#C C sprays the farm; #C C sprays the farm; #C C sprays the ground; #C C sprays the farm with the hose in his right hand; #C C walks on the farmland."
    },
    {
        "Video Name": "ddaa8277-d940-4722-addf-da2af5c30206",
        "Start Frame": 1440,
        "End Frame": 1560,
        "Caption": "#C C waters the grass with water from the hose in his right hand.; #C C sprays the ground with the hose in his right hand.; #C C sprays the ground with the hose in his right hand.; #C C sprays the garden; #C C sprays the ground with the nozzle of the pressure sprayer in his right hand"
    },
    {
        "Video Name": "ddaa8277-d940-4722-addf-da2af5c30206",
        "Start Frame": 1560,
        "End Frame": 1680,
        "Caption": "#C C sprays the ground with the nozzle of the backpack sprayer with his right hand; #C C sprays the farm; #C C sprays the ground with the hose in his right hand.; #C C sprays the ground with the hose in his right hand.; #C C sprays the ground"
    },
    {
        "Video Name": "ddaa8277-d940-4722-addf-da2af5c30206",
        "Start Frame": 1680,
        "End Frame": 1800,
        "Caption": "#C C sprays the farm with the hose in his right hand; #C C sprays the ground; #C C sprays the farm with the hose in his right hand; #C C sprays the ground; #C C sprays the farm"
    },
    {
        "Video Name": "ddaa8277-d940-4722-addf-da2af5c30206",
        "Start Frame": 1800,
        "End Frame": 1920,
        "Caption": "#C C sprinkles the fertilizer on the grass. ; #C C sprays the ground with liquid in the hose; #C C sprays the ground with the sprayer's liquid in his right; #C C waters the garden; #C C sprays the ground with the hose in his right hand."
    },
    {
        "Video Name": "ddaa8277-d940-4722-addf-da2af5c30206",
        "Start Frame": 1920,
        "End Frame": 2040,
        "Caption": "#C C waters the ground with the hose in his right hand.; #C C sprays the ground with the liquid in the hose in his right hand; #C C sprays the farmland with the sprinkler.; #C C waters the ground with water from the hose in his right hand.; #C C sprays the ground with the hose in his right hand."
    },
    {
        "Video Name": "ddaa8277-d940-4722-addf-da2af5c30206",
        "Start Frame": 2040,
        "End Frame": 2160,
        "Caption": "#C C walks on the farm; #C C sprays the garden; #C C sprays the ground with the liquid in the hose in his right hand; #C C sprays the ground; #C C turns left"
    },
    {
        "Video Name": "ddaa8277-d940-4722-addf-da2af5c30206",
        "Start Frame": 2160,
        "End Frame": 2280,
        "Caption": "#C C sprays the ground with the hose in his right hand; #C C sprinkles the fertilizer on the grass.; #C C walks round the garden.; #C C sprays the ground with the hose in his right hand; #C C sprays the farm with the hose in his right hand"
    },
    {
        "Video Name": "ddaa8277-d940-4722-addf-da2af5c30206",
        "Start Frame": 2280,
        "End Frame": 2400,
        "Caption": "#C C holds the pipe with his left hand.; #C C walks on the garden; #C C walks on the garden; #C C walks ahead of the man X on the farmland; #C C looks around"
    },
    {
        "Video Name": "ddaa8277-d940-4722-addf-da2af5c30206",
        "Start Frame": 2400,
        "End Frame": 2520,
        "Caption": "#C C looks around ; #C C looks around; #C C places his right hand on his right leg; #C C looks around ; #C C looks around"
    },
    {
        "Video Name": "ddaa8277-d940-4722-addf-da2af5c30206",
        "Start Frame": 2520,
        "End Frame": 2640,
        "Caption": "#C C holds the lid; #C C removes the lid from the keg with his left hand.; #C C moves the lid on the keg with his left hand.; #C C opens the lid of the gallon with his left hand.; #C C closes the lid of the knapsack sprayer with his left hand"
    },
    {
        "Video Name": "ddaa8277-d940-4722-addf-da2af5c30206",
        "Start Frame": 2640,
        "End Frame": 2760,
        "Caption": "#C C holds the lid of the keg in the crate with both hands; #C C moves the lid of the gallon with both hands.; #C C holds the hose with his left hand.; #C C holds the lid ; #C C removes the lid of the gallon with his right hand."
    },
    {
        "Video Name": "ddaa8277-d940-4722-addf-da2af5c30206",
        "Start Frame": 2760,
        "End Frame": 2880,
        "Caption": "#C C fetches chemical from the chemical bucket with the container in his right hand; #C C picks the bucket from the barrel with his left hand.; #C C takes fertilizer from the drum with the bucket in his right hand.; #C C mixes a liquid with a bucket; #C C lifts the bucket from the drum with his right hand."
    },
    {
        "Video Name": "ddaa8277-d940-4722-addf-da2af5c30206",
        "Start Frame": 2880,
        "End Frame": 3000,
        "Caption": "#C C pours water on the bucket with his right hand.; #C C puts a bucket on the drum; #C C places bucket in tank; #C C picks the bucket from the water drum with his right hand; #C C puts the bucket in the tank"
    },
    {
        "Video Name": "ddaa8277-d940-4722-addf-da2af5c30206",
        "Start Frame": 3000,
        "End Frame": 3120,
        "Caption": "#C C adjusts the bucket of chemicals with his left hand; #C C lifts the bucket; #C C holds the bucket with both hands.; #C C holds a bucket with his left hand.; #C C looks around"
    },
    {
        "Video Name": "ddaa8277-d940-4722-addf-da2af5c30206",
        "Start Frame": 3120,
        "End Frame": 3240,
        "Caption": "#C C pours chemical from the plastic into the white bowl on the pavement with his right hand; #C C pours chemical from the can into the pipe on the plant with his right hand.; #C C pours chemical from the container in his hands into the mixing machine.; #C C puts some chemical from the chemical container in the hose into the sprayer.; #C C pours chemical from the container in his right hand into the knapsack sprayer"
    },
    {
        "Video Name": "ddaa8277-d940-4722-addf-da2af5c30206",
        "Start Frame": 3240,
        "End Frame": 3360,
        "Caption": "#C C pours the chemical in the hose into the plastic container on the pavement with his right hand; #C C pours the chemical from the plastic into the nozzle with his right hand.; #C C pours the chemical in the spray can into the container with his right hand.; #C C pours chemical from the plastic container in his right hand into the sprayer.; #C C pours the chemical from the plastic container into the sprayer."
    },
    {
        "Video Name": "ddaa8277-d940-4722-addf-da2af5c30206",
        "Start Frame": 3360,
        "End Frame": 3480,
        "Caption": "#C C pours some chemical from the plastic into the spray gun.; #C C pours the chemical from the plastic container into the sprayer with his right hand; #C C pours the chemical from the plastic container in his right hand into the spraying machine; #C C pours some chemical from the plastic container into the barrel with his right hand.; #C C pours the chemical from the jar in his right hand into the spray machine."
    },
    {
        "Video Name": "ddaa8277-d940-4722-addf-da2af5c30206",
        "Start Frame": 3480,
        "End Frame": 3600,
        "Caption": "#C C pours chemical from the plastic container in his right hand into the mixing machine.; #C C pours the chemical from the bowl into the hose with his right hand.; #C C pours the chemical in the sprayer ; #C C pours liquid in the sprayer; #C C pours chemical from the container in his hands into the keg in the truck"
    },
    {
        "Video Name": "ddaa8277-d940-4722-addf-da2af5c30206",
        "Start Frame": 3600,
        "End Frame": 3720,
        "Caption": "#C C places his left hand on the bucket.; #C C takes chemical from the plastic drum with the bucket in his right hand; #C C fetches water from a drum with the bucket in his right hand; #C C fetches water from the drum with the bucket in his right hand; #C C picks the bucket"
    },
    {
        "Video Name": "ddaa8277-d940-4722-addf-da2af5c30206",
        "Start Frame": 3720,
        "End Frame": 3840,
        "Caption": "#C C looks around; #C C looks around; #C C holds a pipe; #C C looks around; #C C moves towards the"
    },
    {
        "Video Name": "ddaa8277-d940-4722-addf-da2af5c30206",
        "Start Frame": 3840,
        "End Frame": 3960,
        "Caption": "#C C pours the chemical from the plastic container in his hands into the sprayer.; #C C pours the chemical from the gallon into the sprayer container with his right hand.; #C C pours chemical from the plastic container into the barrel with his right hand.; #C C pours chemical from the sprayer in his hands into a plastic container on the truck.; #C C pours the chemical from the hose into the plastic container with his right hand."
    },
    {
        "Video Name": "ddaa8277-d940-4722-addf-da2af5c30206",
        "Start Frame": 3960,
        "End Frame": 4080,
        "Caption": "#C C places the hose in his right hand into the plastic container in his left hand.; #C C pours chemical from the plastic in his right hand into the barrel on the pavement; #C C pours insecticide from the gallon on the top of the sprayer.; #C C holds the hose with both hands.; #C C pours chemical from the plastic bottle into the sprayer."
    },
    {
        "Video Name": "ddaa8277-d940-4722-addf-da2af5c30206",
        "Start Frame": 4080,
        "End Frame": 4200,
        "Caption": "#C C turns around; #C C looks around; #C C looks around; #O A man X walks on the road; #C C pours fertilizer from the container in both hands to the fertilizer on the ground"
    },
    {
        "Video Name": "ddaa8277-d940-4722-addf-da2af5c30206",
        "Start Frame": 4200,
        "End Frame": 4320,
        "Caption": "#C C pours liquid from the sprayer into a plastic with his right hand.; #C C pours liquid in the spray gun ; #C C pours chemicals from the plastic container in his right hand into the hopper gun.; #C C pours chemical from the gallon on the plastic into a plastic container on the slab with his right hand; #C C pours chemical from the gallon on the container with his right hand."
    },
    {
        "Video Name": "ddaa8277-d940-4722-addf-da2af5c30206",
        "Start Frame": 4320,
        "End Frame": 4440,
        "Caption": "#O A man Y touches his face; #C C talks to man Y ; #O The man X touches his face with his right hand; #O The man X touches his face with his left hand; #C C interacts with the man X."
    },
    {
        "Video Name": "ddaa8277-d940-4722-addf-da2af5c30206",
        "Start Frame": 4440,
        "End Frame": 4560,
        "Caption": "#C C interacts with the man X; #C C interacts with the man X; #C C interacts with the man X; #C C interacts with the man A; #C C puts down the bucket"
    },
    {
        "Video Name": "ddaa8277-d940-4722-addf-da2af5c30206",
        "Start Frame": 4560,
        "End Frame": 4680,
        "Caption": "#C C looks around; #C C carries the bucket; #C C looks around; #C C walks on the; #C C looks around"
    },
    {
        "Video Name": "ddaa8277-d940-4722-addf-da2af5c30206",
        "Start Frame": 4680,
        "End Frame": 4800,
        "Caption": "#C C pours a chemical from the pipe in his right hand on the container in his left hand; #C C pours fertilizer from the container in his hands into the hose into the fertilizer sprayer.; #C C pours insecticide from the sprayer in his hands into the garden hose.; #C C pours the chemical from the spray can into the hose from the bucket in his left hand; #C C pours liquid fertilizer on the ground from the plastic container in both hands."
    },
    {
        "Video Name": "ddaa8277-d940-4722-addf-da2af5c30206",
        "Start Frame": 4800,
        "End Frame": 4920,
        "Caption": "#C C pours chemicals from the bucket in his hands into the knapsack sprayer; #C C pours the chemical in the sprayer; #C C pours chemical from the plastic into the mixer with his right hand.; #C C pours the chemical from the bucket in his hands into the sprayer.; #C C pours chemicals in the sprayer"
    },
    {
        "Video Name": "ddaa8277-d940-4722-addf-da2af5c30206",
        "Start Frame": 4920,
        "End Frame": 5040,
        "Caption": "#C C looks; #C C looks; #C C looks; #C C looks; #C C looks"
    },
    {
        "Video Name": "ddaa8277-d940-4722-addf-da2af5c30206",
        "Start Frame": 5040,
        "End Frame": 5160,
        "Caption": "#C C looks; #C C looks; #C C looks; #C C looks; #C C looks"
    },
    {
        "Video Name": "ddaa8277-d940-4722-addf-da2af5c30206",
        "Start Frame": 5160,
        "End Frame": 5280,
        "Caption": "#C C closes the pipe; #O The man X removes his right hand from the hose in his left hand.; #C C removes a lid from the bucket on the container on the ground with his right hand; #C C holds the hose with both hands.; #C C holds the lid of the keg with his left hand."
    },
    {
        "Video Name": "ddaa8277-d940-4722-addf-da2af5c30206",
        "Start Frame": 5280,
        "End Frame": 5400,
        "Caption": "#C C removes the lid of the knapsack sprayer with his left hand; #C C touches the lid with his left hand.; #C C holds a container; #C C pulls the hose from the barrel with his left hand.; #C C opens a lid on the pumping machine with his right hand."
    }
]