[
    {
        "Video Name": "dfb6c468-e124-40f6-9c4e-c13ee45a2ad9",
        "Start Frame": 0,
        "End Frame": 120,
        "Caption": "#C C applies the grease on the metal; #C C applies the gum on the metal; #C C applies the grease on the baluster with the grease brush in his right hand; #C C applies the grease on the metal; #C C applies grease on the metal"
    },
    {
        "Video Name": "dfb6c468-e124-40f6-9c4e-c13ee45a2ad9",
        "Start Frame": 120,
        "End Frame": 240,
        "Caption": "#C C puts the metal on the hook; #C C applies the grease on the metal; #C C applies the grease on the metal; #C C applies grease on the metal; #C C puts the gum on the metal"
    },
    {
        "Video Name": "dfb6c468-e124-40f6-9c4e-c13ee45a2ad9",
        "Start Frame": 240,
        "End Frame": 360,
        "Caption": "#C C puts metal down; #C C puts metal down; #C C drops metal; #C C looks around; #C C puts metal down"
    },
    {
        "Video Name": "dfb6c468-e124-40f6-9c4e-c13ee45a2ad9",
        "Start Frame": 360,
        "End Frame": 480,
        "Caption": "#C C puts the screw on the; #C C puts metal down ; #C C puts metal down ; #C C puts down the metal; #C C puts the metal on the"
    },
    {
        "Video Name": "dfb6c468-e124-40f6-9c4e-c13ee45a2ad9",
        "Start Frame": 480,
        "End Frame": 600,
        "Caption": "#C C puts metal cap on; #C C puts the metal down; #C C fixes metal cap; #C C puts the metal down; #C C takes a screw"
    },
    {
        "Video Name": "dfb6c468-e124-40f6-9c4e-c13ee45a2ad9",
        "Start Frame": 600,
        "End Frame": 720,
        "Caption": "#C C holds the; #C C touches metal; #C C picks metal; #C C moves metal; #C C puts metal"
    },
    {
        "Video Name": "dfb6c468-e124-40f6-9c4e-c13ee45a2ad9",
        "Start Frame": 720,
        "End Frame": 840,
        "Caption": "#C C puts metal down; #C C puts metal down; #C C looks at metal; #C C puts metal on; #C C looks around"
    },
    {
        "Video Name": "dfb6c468-e124-40f6-9c4e-c13ee45a2ad9",
        "Start Frame": 840,
        "End Frame": 960,
        "Caption": "#C C puts the nuts on top of the; #C C looks at the metal; #C C looks around; #C C looks around ; #C C puts metal down "
    },
    {
        "Video Name": "dfb6c468-e124-40f6-9c4e-c13ee45a2ad9",
        "Start Frame": 960,
        "End Frame": 1080,
        "Caption": "#C C touches on the grease; #C C applies grease on the metal; #C C applies glue on the metal; #C C looks at the metal; #C C applies the grease on the"
    },
    {
        "Video Name": "dfb6c468-e124-40f6-9c4e-c13ee45a2ad9",
        "Start Frame": 1080,
        "End Frame": 1200,
        "Caption": "#C C applies the grease on the; #C C applies the grease to the; #C C applies the grease on the; #C C applies the grease to the; #C C rubs the metal"
    },
    {
        "Video Name": "dfb6c468-e124-40f6-9c4e-c13ee45a2ad9",
        "Start Frame": 1200,
        "End Frame": 1320,
        "Caption": "#C C applies grease on the metal; #C C applies the glue on the; #C C applies grease on a metal; #C C applies the glue on the; #C C applies the grease on the"
    },
    {
        "Video Name": "dfb6c468-e124-40f6-9c4e-c13ee45a2ad9",
        "Start Frame": 1320,
        "End Frame": 1440,
        "Caption": "#C C applies grease on the metal; #C C applies grease on the metal; #C C applies the gum on the; #C C applies grease on the metal; #C C applies the grease on the"
    },
    {
        "Video Name": "dfb6c468-e124-40f6-9c4e-c13ee45a2ad9",
        "Start Frame": 1440,
        "End Frame": 1560,
        "Caption": "#C C touches metal; #C C puts metal down; #C C touches metal; #C C picks up metal; #C C touches metal"
    },
    {
        "Video Name": "dfb6c468-e124-40f6-9c4e-c13ee45a2ad9",
        "Start Frame": 1560,
        "End Frame": 1680,
        "Caption": "#C C takes metal; #C C puts the metal on the; #C C touches metal; #C C drops metal; #C C picks metal"
    },
    {
        "Video Name": "dfb6c468-e124-40f6-9c4e-c13ee45a2ad9",
        "Start Frame": 1680,
        "End Frame": 1800,
        "Caption": "#C C applies grease on metal; #C C applies grease on the metal; #C C applies the grease on the; #C C applies the glue on the; #C C applies the gum on the"
    },
    {
        "Video Name": "dfb6c468-e124-40f6-9c4e-c13ee45a2ad9",
        "Start Frame": 1800,
        "End Frame": 1920,
        "Caption": "#C C applies lubricant on metal; #C C applies the grease on the metal; #C C applies the glue on the metal; #C C applies glue on metal; #C C applies glue to the tip of the metal"
    },
    {
        "Video Name": "dfb6c468-e124-40f6-9c4e-c13ee45a2ad9",
        "Start Frame": 1920,
        "End Frame": 2040,
        "Caption": "#C C applies lubricant on the metal; #C C applies the grease on the metal; #C C applies glue on the metal; #C C applies gum on the screw; #C C applies the grease on the bal"
    },
    {
        "Video Name": "dfb6c468-e124-40f6-9c4e-c13ee45a2ad9",
        "Start Frame": 2040,
        "End Frame": 2160,
        "Caption": "#C C moves around; #C C picks the; #C C moves the; #C C looks around; #C C moves around"
    },
    {
        "Video Name": "dfb6c468-e124-40f6-9c4e-c13ee45a2ad9",
        "Start Frame": 2160,
        "End Frame": 2280,
        "Caption": "#C C picks up a metal; #C C moves wood; #C C moves wood on floor; #C C places wood down ; #C C picks a metal"
    },
    {
        "Video Name": "dfb6c468-e124-40f6-9c4e-c13ee45a2ad9",
        "Start Frame": 2280,
        "End Frame": 2400,
        "Caption": "#C C picks metal; #C C removes metal from the; #C C picks metal; #C C holds metal; #C C picks metal"
    },
    {
        "Video Name": "dfb6c468-e124-40f6-9c4e-c13ee45a2ad9",
        "Start Frame": 2400,
        "End Frame": 2520,
        "Caption": "#C C touches #; #C C picks metal; #C C picks a; #C C picks metal; #C C picks metal"
    },
    {
        "Video Name": "dfb6c468-e124-40f6-9c4e-c13ee45a2ad9",
        "Start Frame": 2520,
        "End Frame": 2640,
        "Caption": "#C C looks; #C C looks; #C C looks; #C C holds; #C C holds"
    },
    {
        "Video Name": "dfb6c468-e124-40f6-9c4e-c13ee45a2ad9",
        "Start Frame": 2640,
        "End Frame": 2760,
        "Caption": "#C C applies grease on metal; #C C applies grease on metal; #C C applies grease on the; #C C applies glue on metal; #C C applies grease on the"
    },
    {
        "Video Name": "dfb6c468-e124-40f6-9c4e-c13ee45a2ad9",
        "Start Frame": 2760,
        "End Frame": 2880,
        "Caption": "#C C  looks at the; #C C holds the metal; #C C moves the metal; #C C touches the metal; #C C moves hand"
    },
    {
        "Video Name": "dfb6c468-e124-40f6-9c4e-c13ee45a2ad9",
        "Start Frame": 2880,
        "End Frame": 3000,
        "Caption": "#C C looks; #C C looks; #C C looks; #C C looks; #C C looks"
    },
    {
        "Video Name": "dfb6c468-e124-40f6-9c4e-c13ee45a2ad9",
        "Start Frame": 3000,
        "End Frame": 3120,
        "Caption": "#C C moves metal; #C C picks a metal; #C C moves metal; #C C picks metal; #C C picks metal"
    },
    {
        "Video Name": "dfb6c468-e124-40f6-9c4e-c13ee45a2ad9",
        "Start Frame": 3120,
        "End Frame": 3240,
        "Caption": "#C C looks around; #C C looks around; #C C looks around; #C C looks around; #C C looks around"
    },
    {
        "Video Name": "dfb6c468-e124-40f6-9c4e-c13ee45a2ad9",
        "Start Frame": 3240,
        "End Frame": 3360,
        "Caption": "#C C puts metal down; #C C takes a metal; #C C picks metal; #C C removes metal; #C C puts metal down"
    },
    {
        "Video Name": "dfb6c468-e124-40f6-9c4e-c13ee45a2ad9",
        "Start Frame": 3360,
        "End Frame": 3480,
        "Caption": "#C C moves metal; #C C moves a metal; #C C picks a metal; #C C picks the metal; #C C moves metal"
    },
    {
        "Video Name": "dfb6c468-e124-40f6-9c4e-c13ee45a2ad9",
        "Start Frame": 3480,
        "End Frame": 3600,
        "Caption": "#C C puts metal down; #C C looks around; #C C looks around; #C C puts metal down; #C C looks around"
    },
    {
        "Video Name": "dfb6c468-e124-40f6-9c4e-c13ee45a2ad9",
        "Start Frame": 3600,
        "End Frame": 3720,
        "Caption": "#C C looks around; #C C welds metal; #C C looks around; #C C welds on metal; #C C welds the metal"
    },
    {
        "Video Name": "dfb6c468-e124-40f6-9c4e-c13ee45a2ad9",
        "Start Frame": 3720,
        "End Frame": 3840,
        "Caption": "#C C takes a grease brush; #C C dips brush in the grease oil; #C C takes the grease brush ; #C C picks brush; #C C deeps the brush into the"
    },
    {
        "Video Name": "dfb6c468-e124-40f6-9c4e-c13ee45a2ad9",
        "Start Frame": 3840,
        "End Frame": 3960,
        "Caption": "#C C applies grease on; #C C welds a; #C C holds the metal; #C C holds metal; #C C holds the metal"
    },
    {
        "Video Name": "dfb6c468-e124-40f6-9c4e-c13ee45a2ad9",
        "Start Frame": 3960,
        "End Frame": 4080,
        "Caption": "#C C looks around; #C C looks around; #C C looks around; #C C looks around; #C C looks around"
    },
    {
        "Video Name": "dfb6c468-e124-40f6-9c4e-c13ee45a2ad9",
        "Start Frame": 4080,
        "End Frame": 4200,
        "Caption": "#C C puts metal down; #C C holds metal; #C C moves metal; #C C moves metal; #C C picks a metal"
    },
    {
        "Video Name": "dfb6c468-e124-40f6-9c4e-c13ee45a2ad9",
        "Start Frame": 4200,
        "End Frame": 4320,
        "Caption": "#C C removes metal rod from the; #C C places metal on the floor; #C C looks around; #C C looks around; #C C moves metal"
    },
    {
        "Video Name": "dfb6c468-e124-40f6-9c4e-c13ee45a2ad9",
        "Start Frame": 4320,
        "End Frame": 4440,
        "Caption": "#C C puts metal down; #C C moves metal; #C C moves metal; #C C moves metal; #C C puts metal down"
    },
    {
        "Video Name": "dfb6c468-e124-40f6-9c4e-c13ee45a2ad9",
        "Start Frame": 4440,
        "End Frame": 4560,
        "Caption": "#C C holds; #C C moves; #C C turns; #C C turns; #C C moves"
    },
    {
        "Video Name": "dfb6c468-e124-40f6-9c4e-c13ee45a2ad9",
        "Start Frame": 4560,
        "End Frame": 4680,
        "Caption": "#C C holds metal; #C C welds metal; #C C holds metal; #C C holds metal; #C C welds the"
    },
    {
        "Video Name": "dfb6c468-e124-40f6-9c4e-c13ee45a2ad9",
        "Start Frame": 4680,
        "End Frame": 4800,
        "Caption": "#C C puts metal down; #C C puts metal down; #C C looks around; #C C puts metal down; #C C looks around"
    },
    {
        "Video Name": "dfb6c468-e124-40f6-9c4e-c13ee45a2ad9",
        "Start Frame": 4800,
        "End Frame": 4920,
        "Caption": "#C C cuts metal; #C C fixes metal; #C C welds; #C C adjusts metal; #C C screws metal"
    },
    {
        "Video Name": "dfb6c468-e124-40f6-9c4e-c13ee45a2ad9",
        "Start Frame": 4920,
        "End Frame": 5040,
        "Caption": "#C C looks around; #C C looks around; #C C looks around; #C C looks around; #C C looks around"
    },
    {
        "Video Name": "dfb6c468-e124-40f6-9c4e-c13ee45a2ad9",
        "Start Frame": 5040,
        "End Frame": 5160,
        "Caption": "#C C puts metal down ; #C C fixes metal; #C C holds metal; #C C removes metal from the metal; #C C picks metal"
    },
    {
        "Video Name": "dfb6c468-e124-40f6-9c4e-c13ee45a2ad9",
        "Start Frame": 5160,
        "End Frame": 5280,
        "Caption": "#C C adjusts the metal; #C C removes metal; #C C  touches metal; #C C picks metal; #C C adjusts the metal"
    },
    {
        "Video Name": "dfb6c468-e124-40f6-9c4e-c13ee45a2ad9",
        "Start Frame": 5280,
        "End Frame": 5400,
        "Caption": "#C C looks; #C C looks; #C C looks; #C C looks; #C C looks"
    }
]