[
    {
        "Video Name": "e0d0c4f6-7290-42f7-980d-b5590db33051",
        "Start Frame": 0,
        "End Frame": 120,
        "Caption": "#C C switches on the table saw with his right hand.; #C C touches the table saw with his right hand.; #C C adjusts the knob on the table saw with his right hand; #C C adjusts the table saw with his right hand.; #C C holds the table saw with his right hand."
    },
    {
        "Video Name": "e0d0c4f6-7290-42f7-980d-b5590db33051",
        "Start Frame": 120,
        "End Frame": 240,
        "Caption": "#C C turns the knob on the table saw with his right hand; #C C adjusts the table saw with his right hand.; #C C turns off the table saw with his right hand.; #C C adjusts the table saw fence with his right hand.; #C C turns on the table saw with his right hand."
    },
    {
        "Video Name": "e0d0c4f6-7290-42f7-980d-b5590db33051",
        "Start Frame": 240,
        "End Frame": 360,
        "Caption": "#C C holds the plank with both hands.; #C C holds the plank with both hands.; #C C holds the plank with both hands.; #C C holds the wood plank with both hands; #C C holds the wood with both hands"
    },
    {
        "Video Name": "e0d0c4f6-7290-42f7-980d-b5590db33051",
        "Start Frame": 360,
        "End Frame": 480,
        "Caption": "#C C picks the wood from the table saw with his left hand.; #C C adjusts the wood with both hands; #C C moves the wood on the table saw; #C C touches the wood on the table saw with his right hand.; #C C holds the wood on the table saw with his right hand."
    },
    {
        "Video Name": "e0d0c4f6-7290-42f7-980d-b5590db33051",
        "Start Frame": 480,
        "End Frame": 600,
        "Caption": "#C C picks a wood; #C C picks a stick; #C C picks the piece of wood from the table saw with his left hand.; #C C holds the piece of wood on the table saw with his left hand.; #C C pushes the stick in the table saw with his left hand."
    },
    {
        "Video Name": "e0d0c4f6-7290-42f7-980d-b5590db33051",
        "Start Frame": 600,
        "End Frame": 720,
        "Caption": "#C C pushes the wood with a stick; #C C pushes the wood with the metal; #C C pushes the wood with the stick; #c c cuts the wood with the knife; #C C pushes the wood towards the edge of the table saw with the stick in his right hand"
    },
    {
        "Video Name": "e0d0c4f6-7290-42f7-980d-b5590db33051",
        "Start Frame": 720,
        "End Frame": 840,
        "Caption": "#C C drops the piece of wood on the table saw with his left hand; #C C picks the wood on the table saw with his right hand. ; #C C puts the piece of wood on the table saw; #C C places the push stick on the table saw with his right hand.; #C C puts the knife on the table saw"
    },
    {
        "Video Name": "e0d0c4f6-7290-42f7-980d-b5590db33051",
        "Start Frame": 840,
        "End Frame": 960,
        "Caption": "#C C drops the wood on the table saw with his left hand.; #C C picks the wood cutter machine; #C C turns the knob on the table saw with his right hand.; #C C pulls out the piece of wood from the table saw with his left hand; #C C removes a piece of wood from the table saw with his right hand."
    },
    {
        "Video Name": "e0d0c4f6-7290-42f7-980d-b5590db33051",
        "Start Frame": 960,
        "End Frame": 1080,
        "Caption": "#C C picks a wood ; #C C picks a wood.; #C C picks the wood; #C C picks a wood; #C C passes the wood from his right hand to his left hand"
    },
    {
        "Video Name": "e0d0c4f6-7290-42f7-980d-b5590db33051",
        "Start Frame": 1080,
        "End Frame": 1200,
        "Caption": "#C C walks into the workshop.; #C C walks in the workshop ; #C C passes the piece of wood in his right hand to his left hand; #C C walks around the room; #C C walks to the store room."
    },
    {
        "Video Name": "e0d0c4f6-7290-42f7-980d-b5590db33051",
        "Start Frame": 1200,
        "End Frame": 1320,
        "Caption": "#C C places the piece of wood against the wall; #C C places the piece of wood against the wall with his left hand; #C C places the piece of wood on the wall with his left hand; #C C places the piece of wood on the wall with his left hand; #C C places the piece of wood on the wall with his left hand"
    },
    {
        "Video Name": "e0d0c4f6-7290-42f7-980d-b5590db33051",
        "Start Frame": 1320,
        "End Frame": 1440,
        "Caption": "#C C picks the plank from the wall with both hands.; #C C holds the stick with his right hand.; #C C holds the plank with his left hand.; #C C removes the piece of wood from the wall with both hands.; #C C passes the piece of wood to his left hand with his right hand"
    },
    {
        "Video Name": "e0d0c4f6-7290-42f7-980d-b5590db33051",
        "Start Frame": 1440,
        "End Frame": 1560,
        "Caption": "#C C removes his left hand from the pipe.; #C C hits the wall with his left hand.; #C C puts his right hand on a wall.; #C C presses a button on the wall with his left hand; #C C touches the wall with his left hand."
    },
    {
        "Video Name": "e0d0c4f6-7290-42f7-980d-b5590db33051",
        "Start Frame": 1560,
        "End Frame": 1680,
        "Caption": "#C C moves his left hand on the piece of wood.; #C C holds the wood plank with both hands.; #C C holds the piece of wood to the wall with his right hand; #C C holds the wood plank with both hands; #C C holds the plank on the wall with his right hand."
    },
    {
        "Video Name": "e0d0c4f6-7290-42f7-980d-b5590db33051",
        "Start Frame": 1680,
        "End Frame": 1800,
        "Caption": "#C C holds the wood on the wall with both hands.; #C C holds the rod with his right hand.; #C C holds the rod with both hands.; #C C holds the wood with both hands; #C C places the plank against the wall with his right hand"
    },
    {
        "Video Name": "e0d0c4f6-7290-42f7-980d-b5590db33051",
        "Start Frame": 1800,
        "End Frame": 1920,
        "Caption": "#C C places his right hand on the wall.; #C C holds the wood plank with his right hand; #C C holds the wood plank with both hands.; #C C presses the wood with his left hand.; #C C hits the wood plank with his right hand"
    },
    {
        "Video Name": "e0d0c4f6-7290-42f7-980d-b5590db33051",
        "Start Frame": 1920,
        "End Frame": 2040,
        "Caption": "#C C removes the small piece of wood from the wall with his left hand; #C C holds a plank with both hands.; #C C holds the piece of wood with both hands.; #C C holds the wood plank with his right hand; #C C moves the wood with his hands."
    },
    {
        "Video Name": "e0d0c4f6-7290-42f7-980d-b5590db33051",
        "Start Frame": 2040,
        "End Frame": 2160,
        "Caption": "#C C places his left hand on the wood on the wall; #C C holds the plank on the wall with his left hand; #C C touches the wood with his right hand.; #C C holds the piece of wood with his right hand.; #C C moves his left hand on the wood plank."
    },
    {
        "Video Name": "e0d0c4f6-7290-42f7-980d-b5590db33051",
        "Start Frame": 2160,
        "End Frame": 2280,
        "Caption": "#C C stands up; #C C stands up ; #C C bends down ; #C C stands up; #C C sits on the floor"
    },
    {
        "Video Name": "e0d0c4f6-7290-42f7-980d-b5590db33051",
        "Start Frame": 2280,
        "End Frame": 2400,
        "Caption": "#C C drops the plank on the table saw with his right hand.; #C C drops the stick on a table with his right hand.; #C C picks the woods on the table saw with his right hand.; #C C drops the wood plank on the table saw with his right hand; #C C drops the wood on a table saw with his right hand."
    },
    {
        "Video Name": "e0d0c4f6-7290-42f7-980d-b5590db33051",
        "Start Frame": 2400,
        "End Frame": 2520,
        "Caption": "#C C passes the wood plank in his left hand to his right hand; #C C places the wood on the floor with his right hand.; #C C passes the wood plank from his left hand to his right hand; #C C holds the plank in his right hand with his left hand.; #C C holds the plank with his left hand."
    },
    {
        "Video Name": "e0d0c4f6-7290-42f7-980d-b5590db33051",
        "Start Frame": 2520,
        "End Frame": 2640,
        "Caption": "#c c hold the table saw; #C C puts the piece of wood on the table saw with his left hand; #C C removes the wooden plank from the table saw with his right hand.; #C C picks a piece of wood; #C C adjusts the table saw"
    },
    {
        "Video Name": "e0d0c4f6-7290-42f7-980d-b5590db33051",
        "Start Frame": 2640,
        "End Frame": 2760,
        "Caption": "#C C holds a table saw wood cutter with his left hand.; #C C moves the rip fence with his right hand.; #C C adjusts the machine; #C C adjusts the rip fence of the table saw with his right hand; #C C holds the table saw with his right hand. "
    },
    {
        "Video Name": "e0d0c4f6-7290-42f7-980d-b5590db33051",
        "Start Frame": 2760,
        "End Frame": 2880,
        "Caption": "#C C adjusts the table saw; #C C cuts the wood with the table saw with both hands.; #C C cuts the wood plank with a table saw; #C C cuts the piece of wood with the table saw with his right hand; #C C cuts a piece of wood"
    },
    {
        "Video Name": "e0d0c4f6-7290-42f7-980d-b5590db33051",
        "Start Frame": 2880,
        "End Frame": 3000,
        "Caption": "#c c turns on the saw; #C C walks around the workshop; #C C turns around; #C C picks a wood with his left hand; #C C walks around"
    },
    {
        "Video Name": "e0d0c4f6-7290-42f7-980d-b5590db33051",
        "Start Frame": 3000,
        "End Frame": 3120,
        "Caption": "#C C passes the plank to his right hand.; #C C holds the wood plank with both hands.; #C C holds the plank with his right hand.; #C C holds the piece of wood with both hands; #C C holds the piece of wood with both hands"
    },
    {
        "Video Name": "e0d0c4f6-7290-42f7-980d-b5590db33051",
        "Start Frame": 3120,
        "End Frame": 3240,
        "Caption": "#C C holds a piece of wood; #C C holds the wood plank on the ground with his left hand; #C C holds the wood with his right hand; #C C holds the piece of wood ; #C C places the wood plank on the wall with his left hand"
    },
    {
        "Video Name": "e0d0c4f6-7290-42f7-980d-b5590db33051",
        "Start Frame": 3240,
        "End Frame": 3360,
        "Caption": "#C C removes the piece of wood under the pipe on the wall with both hands; #C C adjusts the wood on the wall with his left hand.; #C C adjusts the piece of wood on the wall with his left hand.; #C C picks a piece of wood from the floor with his right hand.; #C C holds the piece of wood to the wall with his left hand."
    },
    {
        "Video Name": "e0d0c4f6-7290-42f7-980d-b5590db33051",
        "Start Frame": 3360,
        "End Frame": 3480,
        "Caption": "#C C removes the piece of wood from the wall with his left hand; #C C holds the wooden pole on the wall with his right hand.; #C C adjusts the piece of wood on the wall with his left hand; #C C places the piece of wood on the wall with both hands.; #C C holds the piece of wood with his left hand."
    },
    {
        "Video Name": "e0d0c4f6-7290-42f7-980d-b5590db33051",
        "Start Frame": 3480,
        "End Frame": 3600,
        "Caption": "#C C presses the piece of wood against the wall; #C C holds the wood with his left hand.; #C C Holds the wood with the left hand; #C C holds the plank on the wooden structure with his left hand; #C C touches the wood with his left hand."
    },
    {
        "Video Name": "e0d0c4f6-7290-42f7-980d-b5590db33051",
        "Start Frame": 3600,
        "End Frame": 3720,
        "Caption": "#C C looks around; #C C puts the wood on the; #C C looks around ; #C C looks around; #C C stares at the pipe"
    },
    {
        "Video Name": "e0d0c4f6-7290-42f7-980d-b5590db33051",
        "Start Frame": 3720,
        "End Frame": 3840,
        "Caption": "#C C holds the wood with his left hand.; #C C holds the wood with his left hand.; #C C holds the wood with both hands; #C C lifts the wood ; #C C removes the plank from the hole in the wall with his left hand"
    },
    {
        "Video Name": "e0d0c4f6-7290-42f7-980d-b5590db33051",
        "Start Frame": 3840,
        "End Frame": 3960,
        "Caption": "#C C holds the wood plank with his left hand.; #C C holds the wood with the other hand; #C C pushes the wood into the wall with both hands; #C C holds the wood plank on the wall with his right hand; #C C holds the plank with both hands"
    },
    {
        "Video Name": "e0d0c4f6-7290-42f7-980d-b5590db33051",
        "Start Frame": 3960,
        "End Frame": 4080,
        "Caption": "#C C fixes the piece of wood into the wall; #C C places the piece of wood against the wall; #C C holds the wood against the wall; #C C moves his left hand on the piece of wood; #C C holds the wood against the wall"
    },
    {
        "Video Name": "e0d0c4f6-7290-42f7-980d-b5590db33051",
        "Start Frame": 4080,
        "End Frame": 4200,
        "Caption": "#C C holds the piece of wood ; #C C holds the piece of wood with his left hand.; #C C adjusts the piece of wood on the wall with his right hand; #C C removes the piece of wood from the wall with his left hand; #C C holds a piece of wood with his left hand"
    },
    {
        "Video Name": "e0d0c4f6-7290-42f7-980d-b5590db33051",
        "Start Frame": 4200,
        "End Frame": 4320,
        "Caption": "#C C stands up; #C C moves away from the wall; #C C stands up from the floor.; #C C places his right hand on the wall; #C C sits on the floor"
    },
    {
        "Video Name": "e0d0c4f6-7290-42f7-980d-b5590db33051",
        "Start Frame": 4320,
        "End Frame": 4440,
        "Caption": "#C C walks out of the workshop.; #C C walks into the workshop.; #C C walks into a room.; #C C walks to the room.; #C C walks out of the store room"
    },
    {
        "Video Name": "e0d0c4f6-7290-42f7-980d-b5590db33051",
        "Start Frame": 4440,
        "End Frame": 4560,
        "Caption": "#C C picks a measuring tool from the table ; #C C picks a folding ruler from a table with his right hand.; #C C picks the folding ruler from the table with his right hand.; #C C takes the folding rule from the table with his right hand.; #C C picks a ruler from a table with his right hand."
    },
    {
        "Video Name": "e0d0c4f6-7290-42f7-980d-b5590db33051",
        "Start Frame": 4560,
        "End Frame": 4680,
        "Caption": "#C C walks around the room; #C C walks in the room ; #C C walks to the room.; #C C walks out of the room; #C C walks out of the room"
    },
    {
        "Video Name": "e0d0c4f6-7290-42f7-980d-b5590db33051",
        "Start Frame": 4680,
        "End Frame": 4800,
        "Caption": "#C C walks towards the room; #C C picks a wood from the floor with his left hand; #C C walks into the workshop from the store room.; #C C sits on the floor; #C C walks out of the room"
    },
    {
        "Video Name": "e0d0c4f6-7290-42f7-980d-b5590db33051",
        "Start Frame": 4800,
        "End Frame": 4920,
        "Caption": "#C C places the level on the wall with his left hand.; #C C removes a wood plank from the wall with his left hand.; #C C measures the wall with the measuring tape in his left hand.; #C C measures the wall with the folding rule with his left hand.; #C C measures the wall with the measuring tape in his left hand."
    },
    {
        "Video Name": "e0d0c4f6-7290-42f7-980d-b5590db33051",
        "Start Frame": 4920,
        "End Frame": 5040,
        "Caption": "#C C measures the wood; #C C holds the tape measure with his right hand.; #C C removes the measuring stick from the wall with his left hand; #C C measures the floor with the measuring stick with both hands.; #C C measures the wall with the ruler in his left hand."
    },
    {
        "Video Name": "e0d0c4f6-7290-42f7-980d-b5590db33051",
        "Start Frame": 5040,
        "End Frame": 5160,
        "Caption": "#C C measures the wood with the folding ruler in his left hand and his right hand on the stick; #C C measures the plank with the measuring tape in his hands.; #C C measures a wall with a folding rule ; #C C measures the wood using a measuring tape; #C C measures the wood using the ruler"
    },
    {
        "Video Name": "e0d0c4f6-7290-42f7-980d-b5590db33051",
        "Start Frame": 5160,
        "End Frame": 5280,
        "Caption": "#C C walks in the room; #C C walks to the door; #C C walks in the workshop; #C C walks around the workshop; #C C walks around the workshop"
    },
    {
        "Video Name": "e0d0c4f6-7290-42f7-980d-b5590db33051",
        "Start Frame": 5280,
        "End Frame": 5400,
        "Caption": "#C C walks to a table saw.; #C C walks to the other side of the; #C C walks to the table saw.; #C C walks to the work bench.; #C C walks in the workshop"
    }
]