[
    {
        "Video Name": "e1f6335e-323e-4c7b-864a-568b9f2581cf",
        "Start Frame": 0,
        "End Frame": 120,
        "Caption": "#C C rinses the blender cup with both hands; #C C rinses the blender. ; #C C cleans the water pump.; #C C turns on the tap.; #C C pours water from the jug."
    },
    {
        "Video Name": "e1f6335e-323e-4c7b-864a-568b9f2581cf",
        "Start Frame": 120,
        "End Frame": 240,
        "Caption": "#C C puts the container in the sink.; #C C drops the cup on the sink.; #C C puts the cup on the sink.; #C C puts the cup in the utensil rack; #C C drops the cup."
    },
    {
        "Video Name": "e1f6335e-323e-4c7b-864a-568b9f2581cf",
        "Start Frame": 240,
        "End Frame": 360,
        "Caption": "#C C rinses the container.; #C C rinses the white container with both hands; #C C rinses the container.; #C C rinses the container with both hands.; #C C rinses the container with both hands."
    },
    {
        "Video Name": "e1f6335e-323e-4c7b-864a-568b9f2581cf",
        "Start Frame": 360,
        "End Frame": 480,
        "Caption": "#C C pours the water in the tin in the sink; #C C puts the spoon in the container.; #C C pours the water in the container in the sink; #C C squeezes the sponge.; #C C picks a sponge."
    },
    {
        "Video Name": "e1f6335e-323e-4c7b-864a-568b9f2581cf",
        "Start Frame": 480,
        "End Frame": 600,
        "Caption": "#C C washes the food cup.; #C C cleans the pot with the sponge.; #C C scrubs the sponge on the mouth of the sink.; #C C cleans the metal basin.; #C C washes the bottom of the container."
    },
    {
        "Video Name": "e1f6335e-323e-4c7b-864a-568b9f2581cf",
        "Start Frame": 600,
        "End Frame": 720,
        "Caption": "#C C cleans the tin.; #C C cleans the container.; #C C puts the container in the sink; #C C pours water in the sink; #C C cleans the container."
    },
    {
        "Video Name": "e1f6335e-323e-4c7b-864a-568b9f2581cf",
        "Start Frame": 720,
        "End Frame": 840,
        "Caption": "#C C drops the container on the slab.; #C C drops the container on the sink.; #C C pours water from the metal container into the sink; #C C rinses the container.; #C C puts the sponge down."
    },
    {
        "Video Name": "e1f6335e-323e-4c7b-864a-568b9f2581cf",
        "Start Frame": 840,
        "End Frame": 960,
        "Caption": "#C C picks the container.; #C C rinses the container.; #C C picks the container.; #C C puts the container on the sink slab; #C C pours water from the container."
    },
    {
        "Video Name": "e1f6335e-323e-4c7b-864a-568b9f2581cf",
        "Start Frame": 960,
        "End Frame": 1080,
        "Caption": "#C C fetches water into the jar.; #C C rinses the container with water from the tap.; #C C fetches water in the container.; #C C fetches water from the tap with the container in her left hand; #C C rinses the plastic container."
    },
    {
        "Video Name": "e1f6335e-323e-4c7b-864a-568b9f2581cf",
        "Start Frame": 1080,
        "End Frame": 1200,
        "Caption": "#C C fetches water from the tap into the container.; #C C pours the water in the plastic container in the sink; #C C rinses the container.; #C C rinses the container.; #C C cleans the container."
    },
    {
        "Video Name": "e1f6335e-323e-4c7b-864a-568b9f2581cf",
        "Start Frame": 1200,
        "End Frame": 1320,
        "Caption": "#C C cleans the container.; #C C fills the container with water.; #C C cleans the plastic container.; #C C pours water from the container into the sink; #C C washes the container."
    },
    {
        "Video Name": "e1f6335e-323e-4c7b-864a-568b9f2581cf",
        "Start Frame": 1320,
        "End Frame": 1440,
        "Caption": "#C C drops the container in the sink.; #C C puts the container in the sink.; #C C drops the container in the sink.; #C C puts the container in the sink.; #C C puts the container in the sink"
    },
    {
        "Video Name": "e1f6335e-323e-4c7b-864a-568b9f2581cf",
        "Start Frame": 1440,
        "End Frame": 1560,
        "Caption": "#C C rinses the container; #C C rinses the lid; #C C cleans the container.; #C C cleans the lid.; #C C rinses the lid"
    },
    {
        "Video Name": "e1f6335e-323e-4c7b-864a-568b9f2581cf",
        "Start Frame": 1560,
        "End Frame": 1680,
        "Caption": "#C C puts the container on the sink; #C C drops the cooking pot.; #C C moves the container.; #C C puts the lid on the sink; #C C places the container in the sink"
    },
    {
        "Video Name": "e1f6335e-323e-4c7b-864a-568b9f2581cf",
        "Start Frame": 1680,
        "End Frame": 1800,
        "Caption": "#C C fetches water with the white container. ; #C C puts the container in the sink.; #C C picks the lid.; #C C picks the container.; #C C pours water from the container into the sink"
    },
    {
        "Video Name": "e1f6335e-323e-4c7b-864a-568b9f2581cf",
        "Start Frame": 1800,
        "End Frame": 1920,
        "Caption": "#C C rinses the container lid.; #C C rinses the lid. ; #C C drops the container on the plate rack with her left hand; #C C drops the sponge. ; #C C pours water from the cup into the sink."
    },
    {
        "Video Name": "e1f6335e-323e-4c7b-864a-568b9f2581cf",
        "Start Frame": 1920,
        "End Frame": 2040,
        "Caption": "#C C picks the pot.; #C C picks up the pot cover.; #C C turns the pot.; #C C rinses the pot with water; #C C puts water in the pot."
    },
    {
        "Video Name": "e1f6335e-323e-4c7b-864a-568b9f2581cf",
        "Start Frame": 2040,
        "End Frame": 2160,
        "Caption": "#C C pours water from the cup into the sink. ; #C C cleans the tin.; #C C puts water into the container.; #C C pours water in the sink from the white container.; #C C pours water from the container."
    },
    {
        "Video Name": "e1f6335e-323e-4c7b-864a-568b9f2581cf",
        "Start Frame": 2160,
        "End Frame": 2280,
        "Caption": "#C C cleans the container.; #C C puts her right hand into the container; #C C picks up the sponge.; #C C picks the sponge.; #C C drops the sponge in the sink."
    },
    {
        "Video Name": "e1f6335e-323e-4c7b-864a-568b9f2581cf",
        "Start Frame": 2280,
        "End Frame": 2400,
        "Caption": "#C C scoops out the detergent from the container; #C C washes the container.; #C C pours water in the sink.; #C C cleans the container with a sponge.; #C C washes the container."
    },
    {
        "Video Name": "e1f6335e-323e-4c7b-864a-568b9f2581cf",
        "Start Frame": 2400,
        "End Frame": 2520,
        "Caption": "#C C cleans the container.; #C C washes the jar with the sponge; #C C cleans the tin with the sponge.; #C C wipes inside the container with the sponge; #C C cleans the container."
    },
    {
        "Video Name": "e1f6335e-323e-4c7b-864a-568b9f2581cf",
        "Start Frame": 2520,
        "End Frame": 2640,
        "Caption": "#C C pours the water in the container in the sink; #C C puts the sponge in the tin.; #C C picks the sponge.; #C C cleans the container.; #C C puts water in the container."
    },
    {
        "Video Name": "e1f6335e-323e-4c7b-864a-568b9f2581cf",
        "Start Frame": 2640,
        "End Frame": 2760,
        "Caption": "#C C rinses the lid; #C C cleans the tin.; #C C cleans the jar.; #C C cleans the lid.; #C C rinses the lid"
    },
    {
        "Video Name": "e1f6335e-323e-4c7b-864a-568b9f2581cf",
        "Start Frame": 2760,
        "End Frame": 2880,
        "Caption": "#C C rinses the tin.; #C C rinses the container.; #C C pours water from the can into the sink.; #C C rinses the container with water from the tap; #C C pours water in the sink from the can."
    },
    {
        "Video Name": "e1f6335e-323e-4c7b-864a-568b9f2581cf",
        "Start Frame": 2880,
        "End Frame": 3000,
        "Caption": "#C C drops the pot.; #C C drops the pot inside the sink; #C C puts the container in the sink; #C C drops the pot into the sink; #C C puts the pot in the sink"
    },
    {
        "Video Name": "e1f6335e-323e-4c7b-864a-568b9f2581cf",
        "Start Frame": 3000,
        "End Frame": 3120,
        "Caption": "#C C picks the container.; #C C picks a container.; #C C drops the bottle.; #C C drops the sponge in her right hand into the sink; #C C puts the container on the counter. "
    },
    {
        "Video Name": "e1f6335e-323e-4c7b-864a-568b9f2581cf",
        "Start Frame": 3120,
        "End Frame": 3240,
        "Caption": "#C C drops the container on the kitchen sink with her right hand.; #C C picks up the container from the sink.; #C C drops the container on the kitchen countertop with her left hand; #C C picks the container.; #C C pours the water from the container into the sink."
    },
    {
        "Video Name": "e1f6335e-323e-4c7b-864a-568b9f2581cf",
        "Start Frame": 3240,
        "End Frame": 3360,
        "Caption": "#C C drops the pot in the sink; #C C drops the pot in the sink; #C C drops the pot on the sink; #C C drops the pot on the sink; #C C puts the pot down."
    },
    {
        "Video Name": "e1f6335e-323e-4c7b-864a-568b9f2581cf",
        "Start Frame": 3360,
        "End Frame": 3480,
        "Caption": "#C C cleans the pot.; #C C rinses the pot with water.; #C C picks the pot cover from the sink with her left hand; #C C picks up the cooking pot.; #C C picks the lid."
    },
    {
        "Video Name": "e1f6335e-323e-4c7b-864a-568b9f2581cf",
        "Start Frame": 3480,
        "End Frame": 3600,
        "Caption": "#C C washes the pot with the sponge.; #C C touches the pot.; #C C rinses the pot.; #C C washes the pot with the iron sponge; #C C cleans the pot."
    },
    {
        "Video Name": "e1f6335e-323e-4c7b-864a-568b9f2581cf",
        "Start Frame": 3600,
        "End Frame": 3720,
        "Caption": "#C C puts the pot in the sink.; #C C places the second pot into the sink with her left hand; #C C rinses the first pot with both hands.; #C C puts the sponge on the counter.; #C C cleans the pot with the sponge."
    },
    {
        "Video Name": "e1f6335e-323e-4c7b-864a-568b9f2581cf",
        "Start Frame": 3720,
        "End Frame": 3840,
        "Caption": "#C C cleans the pot with the cleaning boll; #C C washes the pot with the iron sponge; #C C washes the pot with the iron sponge; #C C washes the pot with the iron sponge; #C C washes the pot with the iron sponge"
    },
    {
        "Video Name": "e1f6335e-323e-4c7b-864a-568b9f2581cf",
        "Start Frame": 3840,
        "End Frame": 3960,
        "Caption": "#C C cleans the pot with the cleaning boll; #C C rinses the pot.; #C C cleans the pot with the cleaning boll; #C C drops the pot in the sink.; #C C removes the pot from the sink."
    },
    {
        "Video Name": "e1f6335e-323e-4c7b-864a-568b9f2581cf",
        "Start Frame": 3960,
        "End Frame": 4080,
        "Caption": "#C C washes the pot with the iron sponge; #C C cleans the pot with the cleaning boll; #C C cleans the pot with the cleaning boll; #C C washes the pot.; #C C washes the pot with the iron sponge"
    },
    {
        "Video Name": "e1f6335e-323e-4c7b-864a-568b9f2581cf",
        "Start Frame": 4080,
        "End Frame": 4200,
        "Caption": "#C C picks the sponge from the sink with her right hand.; #C C moves the pot.; #C C turns the water in the pot into the sink with her left hand; #C C drops the sponge into the sink with her right hand.; #C C puts the pot in the sink."
    },
    {
        "Video Name": "e1f6335e-323e-4c7b-864a-568b9f2581cf",
        "Start Frame": 4200,
        "End Frame": 4320,
        "Caption": "#C C cleans the pot.; #C C pours water from the pot.; #C C cleans the pot.; #C C pours water from the pot into the sink with both hands; #C C pours water from the pot."
    },
    {
        "Video Name": "e1f6335e-323e-4c7b-864a-568b9f2581cf",
        "Start Frame": 4320,
        "End Frame": 4440,
        "Caption": "#C C cleans the pot.; #C C cleans the pot with the cleaning boll; #C C cleans the pot.; #C C washes the pot with the iron sponge; #C C cleans the pot."
    },
    {
        "Video Name": "e1f6335e-323e-4c7b-864a-568b9f2581cf",
        "Start Frame": 4440,
        "End Frame": 4560,
        "Caption": "#C C cleans the pot with the cleaning boll; #C C cleans the pot with the cleaning boll; #C C cleans the pot with the cleaning boll; #C C washes the pot.; #C C cleans the pot with the cleaning boll"
    },
    {
        "Video Name": "e1f6335e-323e-4c7b-864a-568b9f2581cf",
        "Start Frame": 4560,
        "End Frame": 4680,
        "Caption": "#C C puts the pot in the sink; #C C cleans the pot.; #C C picks the pot.; #C C pours water from the pot; #C C drops the pot in the sink"
    },
    {
        "Video Name": "e1f6335e-323e-4c7b-864a-568b9f2581cf",
        "Start Frame": 4680,
        "End Frame": 4800,
        "Caption": "#C C cleans the pot with the cleaning boll.; #C C cleans the pot.; #C C pours water in the sink from the pot; #C C cleans the pot.; #C C cleans the pot with the cleaning boll."
    },
    {
        "Video Name": "e1f6335e-323e-4c7b-864a-568b9f2581cf",
        "Start Frame": 4800,
        "End Frame": 4920,
        "Caption": "#C C picks the sponge.; #C C picks the pot.; #C C cleans the cooking pot.; #C C pours water out of the pot; #C C cleans the pot."
    },
    {
        "Video Name": "e1f6335e-323e-4c7b-864a-568b9f2581cf",
        "Start Frame": 4920,
        "End Frame": 5040,
        "Caption": "#C C picks a pot.; #C C cleans the steel plate.; #C C picks the steel wool.; #C C picks up the pot; #C C pours water from the pot into the sink"
    },
    {
        "Video Name": "e1f6335e-323e-4c7b-864a-568b9f2581cf",
        "Start Frame": 5040,
        "End Frame": 5160,
        "Caption": "#C C cleans the pot with the cleaning boll.; #C C cleans the metal basin with the cleaning boll; #C C washes the pot with the iron sponge.; #C C washes the pot with the iron sponge.; #C C cleans the pot with the cleaning boll."
    },
    {
        "Video Name": "e1f6335e-323e-4c7b-864a-568b9f2581cf",
        "Start Frame": 5160,
        "End Frame": 5280,
        "Caption": "#C C picks the pot.; #C C washes the pot with the iron sponge; #C C pours water from the pot.; #C C cleans the pot.; #C C cleans the metal basin."
    },
    {
        "Video Name": "e1f6335e-323e-4c7b-864a-568b9f2581cf",
        "Start Frame": 5280,
        "End Frame": 5400,
        "Caption": "#C C pours water from the pot in the sink; #C C cleans the metal basin with the cleaning boll; #C C cleans the metal basin with the cleaning boll; #C C cleans the metal basin.; #C C cleans the metal basin with the cleaning boll"
    }
]