[
    {
        "Video Name": "e45f14cd-a567-4c56-89f7-fbd5dba80986",
        "Start Frame": 0,
        "End Frame": 120,
        "Caption": "#C C wipes the book; #C C wipes the book; #C C wipes the book; #C C wipes on the; #C C wipes the book"
    },
    {
        "Video Name": "e45f14cd-a567-4c56-89f7-fbd5dba80986",
        "Start Frame": 120,
        "End Frame": 240,
        "Caption": "#C C picks the cloth; #C C wipes the book; #C C picks the book; #C C picks a book; #C C cleans the book"
    },
    {
        "Video Name": "e45f14cd-a567-4c56-89f7-fbd5dba80986",
        "Start Frame": 240,
        "End Frame": 360,
        "Caption": "#C C puts the cloth down.; #C C picks the wiper on the; #C C picks the rag; #C C picks the rag; #C C wipes the book"
    },
    {
        "Video Name": "e45f14cd-a567-4c56-89f7-fbd5dba80986",
        "Start Frame": 360,
        "End Frame": 480,
        "Caption": "#C C puts down the rag; #C C puts down the rag; #C C puts the book down.; #C C puts the rag on the; #C C puts the cloth down."
    },
    {
        "Video Name": "e45f14cd-a567-4c56-89f7-fbd5dba80986",
        "Start Frame": 480,
        "End Frame": 600,
        "Caption": "#C C flips the pages of the book; #C C opens the book; #C C opens the book; #C C Opens the next page of the; #C C opens the book"
    },
    {
        "Video Name": "e45f14cd-a567-4c56-89f7-fbd5dba80986",
        "Start Frame": 600,
        "End Frame": 720,
        "Caption": "#C C wipes the book; #C C wipes the book; #C C wipes the book; #C C wipes the book; #C C wipes the book"
    },
    {
        "Video Name": "e45f14cd-a567-4c56-89f7-fbd5dba80986",
        "Start Frame": 720,
        "End Frame": 840,
        "Caption": "#C C puts the book down.; #C C puts the book down.; #C C puts down the book; #C C opens the book; #C C puts the book on top of the pile of"
    },
    {
        "Video Name": "e45f14cd-a567-4c56-89f7-fbd5dba80986",
        "Start Frame": 840,
        "End Frame": 960,
        "Caption": "#C C wipes the book.; #C C wipes the book with the piece of clot; #C C wipes on the book; #C C wipes book; #C C wipes the book."
    },
    {
        "Video Name": "e45f14cd-a567-4c56-89f7-fbd5dba80986",
        "Start Frame": 960,
        "End Frame": 1080,
        "Caption": "#C C puts the book down.; #C C holds the book with both hands; #C C puts the book down.; #C C passes the book to the left hand; #C C puts the book down."
    },
    {
        "Video Name": "e45f14cd-a567-4c56-89f7-fbd5dba80986",
        "Start Frame": 1080,
        "End Frame": 1200,
        "Caption": "#C C Opens a book; #C C opens the book; #C C opens the book; #C C opens a book; #C C picks a book"
    },
    {
        "Video Name": "e45f14cd-a567-4c56-89f7-fbd5dba80986",
        "Start Frame": 1200,
        "End Frame": 1320,
        "Caption": "#C C flips the pages of the; #C C flips pages; #C C opens the book; #C C flaps the book pages; #C C Flips book pages."
    },
    {
        "Video Name": "e45f14cd-a567-4c56-89f7-fbd5dba80986",
        "Start Frame": 1320,
        "End Frame": 1440,
        "Caption": "#C C flips the book pages; #C C opens the book; #C C Opens the pages of the; #C C opens the book; #C C flips the pages of the book"
    },
    {
        "Video Name": "e45f14cd-a567-4c56-89f7-fbd5dba80986",
        "Start Frame": 1440,
        "End Frame": 1560,
        "Caption": "#C C flips the pages of the; #C C opens the book; #C C opens the book; #C C opens the book; #C C opens the book"
    },
    {
        "Video Name": "e45f14cd-a567-4c56-89f7-fbd5dba80986",
        "Start Frame": 1560,
        "End Frame": 1680,
        "Caption": "#C C wipes the book.; #C C wipes the book with a piece of clot; #C C wipes the book.; #C C wipes on the book; #C C wipes the book"
    },
    {
        "Video Name": "e45f14cd-a567-4c56-89f7-fbd5dba80986",
        "Start Frame": 1680,
        "End Frame": 1800,
        "Caption": "#C C opens the pages of the; #C C opens the pages of the; #C C peruses through the book; #C C holds a page of the; #C C peruses through the book"
    },
    {
        "Video Name": "e45f14cd-a567-4c56-89f7-fbd5dba80986",
        "Start Frame": 1800,
        "End Frame": 1920,
        "Caption": "#C C reads the book; #C C looks at the book; #C C reads the book; #C C reads the book; #C C reads the book "
    },
    {
        "Video Name": "e45f14cd-a567-4c56-89f7-fbd5dba80986",
        "Start Frame": 1920,
        "End Frame": 2040,
        "Caption": "#C C opens the pages of the book.; #C C opens the book; #C C Opens the next page of the; #C C flips pages; #C C flips a page"
    },
    {
        "Video Name": "e45f14cd-a567-4c56-89f7-fbd5dba80986",
        "Start Frame": 2040,
        "End Frame": 2160,
        "Caption": "#C C puts down the; #C C wipes book.; #C C opens a book; #C C wipes the book; #C C wipes the book"
    },
    {
        "Video Name": "e45f14cd-a567-4c56-89f7-fbd5dba80986",
        "Start Frame": 2160,
        "End Frame": 2280,
        "Caption": "#C C flips pages of the; #C C flips pages of the; #C C peruses through the; #C C opens the book; #C C peruses through the"
    },
    {
        "Video Name": "e45f14cd-a567-4c56-89f7-fbd5dba80986",
        "Start Frame": 2280,
        "End Frame": 2400,
        "Caption": "#C C opens the book; #C C opens the book; #C C opens the book; #C C reads the book; #C C peruses through the"
    },
    {
        "Video Name": "e45f14cd-a567-4c56-89f7-fbd5dba80986",
        "Start Frame": 2400,
        "End Frame": 2520,
        "Caption": "#C C closes the book; #C C flips the pages of the book; #C C flips the pages of the book; #C C puts down the book; #C C opens the book"
    },
    {
        "Video Name": "e45f14cd-a567-4c56-89f7-fbd5dba80986",
        "Start Frame": 2520,
        "End Frame": 2640,
        "Caption": "#C C opens the pages of the; #C C opens the book; #C C opens the book; #C C opens the book; #C C flips a book page"
    },
    {
        "Video Name": "e45f14cd-a567-4c56-89f7-fbd5dba80986",
        "Start Frame": 2640,
        "End Frame": 2760,
        "Caption": "#C C puts the cloth down; #C C Picks cloth.; #C C puts the cloth down; #C C puts the cloth down; #C C puts the rag down"
    },
    {
        "Video Name": "e45f14cd-a567-4c56-89f7-fbd5dba80986",
        "Start Frame": 2760,
        "End Frame": 2880,
        "Caption": "#C C wipes book; #C C wipes the book; #C C wipes the book; #C C wipes the book; #C C wipes the book with the cloth"
    },
    {
        "Video Name": "e45f14cd-a567-4c56-89f7-fbd5dba80986",
        "Start Frame": 2880,
        "End Frame": 3000,
        "Caption": "#C C wipes book; #C C cleans a book with rug; #C C wipes the book.; #C C wipes on the book; #C C wipes the book with a"
    },
    {
        "Video Name": "e45f14cd-a567-4c56-89f7-fbd5dba80986",
        "Start Frame": 3000,
        "End Frame": 3120,
        "Caption": "#C C puts down the rag; #C C puts down the wiper; #C C wipes the book.; #C C puts down the piece of clot; #C C puts the book down."
    },
    {
        "Video Name": "e45f14cd-a567-4c56-89f7-fbd5dba80986",
        "Start Frame": 3120,
        "End Frame": 3240,
        "Caption": "#C C wipes the book.; #C C wipes book with rug cloth; #C C wipes the book; #C C wipes the book; #C C wipes the book with the piece of cloth"
    },
    {
        "Video Name": "e45f14cd-a567-4c56-89f7-fbd5dba80986",
        "Start Frame": 3240,
        "End Frame": 3360,
        "Caption": "#C C wipes the book.; #C C wipes the book with the cloth; #C C wipes the book.; #C C wipes on the book; #C C wipes on the book"
    },
    {
        "Video Name": "e45f14cd-a567-4c56-89f7-fbd5dba80986",
        "Start Frame": 3360,
        "End Frame": 3480,
        "Caption": "#C C opens the book; #C C wipes on the book; #C C flips the pages of the; #C C opens the book; #C C opens the book"
    },
    {
        "Video Name": "e45f14cd-a567-4c56-89f7-fbd5dba80986",
        "Start Frame": 3480,
        "End Frame": 3600,
        "Caption": "#C C flips pages of the book; #C C flips book pages; #C C opens the pages of the; #C C opens the book; #C C opens the book"
    },
    {
        "Video Name": "e45f14cd-a567-4c56-89f7-fbd5dba80986",
        "Start Frame": 3600,
        "End Frame": 3720,
        "Caption": "#C C opens the book; #C C opens the book; #C C picks a book; #C C opens the book; #C C opens the pages of the"
    },
    {
        "Video Name": "e45f14cd-a567-4c56-89f7-fbd5dba80986",
        "Start Frame": 3720,
        "End Frame": 3840,
        "Caption": "#C C flips the pages of the book; #C C picks the wiper; #C C wipes the book with a piece of clot; #C C picks the cloth.; #C C opens the book"
    },
    {
        "Video Name": "e45f14cd-a567-4c56-89f7-fbd5dba80986",
        "Start Frame": 3840,
        "End Frame": 3960,
        "Caption": "#C C puts down the rag; #C C closes the book; #C C puts the cloth down; #C C flips the book pages; #C C wipes on the book"
    },
    {
        "Video Name": "e45f14cd-a567-4c56-89f7-fbd5dba80986",
        "Start Frame": 3960,
        "End Frame": 4080,
        "Caption": "#C C flaps the pages; #C C flaps the pages; #C C opens the pages of the; #C C opens the book; #C C opens the book"
    },
    {
        "Video Name": "e45f14cd-a567-4c56-89f7-fbd5dba80986",
        "Start Frame": 4080,
        "End Frame": 4200,
        "Caption": "#C C puts the book on the floor; #C C puts down the book; #C C puts the book down.; #C C puts the book down.; #C C puts down the book"
    },
    {
        "Video Name": "e45f14cd-a567-4c56-89f7-fbd5dba80986",
        "Start Frame": 4200,
        "End Frame": 4320,
        "Caption": "#C C opens the book; #C C opens the pages of the; #C C opens the book; #C C opens the book; #C C flips pages of the book"
    },
    {
        "Video Name": "e45f14cd-a567-4c56-89f7-fbd5dba80986",
        "Start Frame": 4320,
        "End Frame": 4440,
        "Caption": "#C C opens the book; #C C flips the pages of the book; #C C opens the pages of the book; #C C flips pages of the book; #C C opens the book"
    },
    {
        "Video Name": "e45f14cd-a567-4c56-89f7-fbd5dba80986",
        "Start Frame": 4440,
        "End Frame": 4560,
        "Caption": "#C C puts the book down.; #C C puts down the rag; #C C puts down the rag; #C C flips through pages of the; #C C drops a cloth"
    },
    {
        "Video Name": "e45f14cd-a567-4c56-89f7-fbd5dba80986",
        "Start Frame": 4560,
        "End Frame": 4680,
        "Caption": "#C C opens the book; #C C opens the pages of the book; #C C flips the pages of the book; #C C opens the pages of the book; #C C opens the book"
    },
    {
        "Video Name": "e45f14cd-a567-4c56-89f7-fbd5dba80986",
        "Start Frame": 4680,
        "End Frame": 4800,
        "Caption": "#C C wipes the book with the cloth; #C C wipes on the book; #C C wipes the book; #C C wipes on a book; #C C wipes on the book"
    },
    {
        "Video Name": "e45f14cd-a567-4c56-89f7-fbd5dba80986",
        "Start Frame": 4800,
        "End Frame": 4920,
        "Caption": "#C C puts the cloth down.; #C C puts down the piece of; #C C puts book down ; #C C drops down the cloth; #C C picks up the book"
    },
    {
        "Video Name": "e45f14cd-a567-4c56-89f7-fbd5dba80986",
        "Start Frame": 4920,
        "End Frame": 5040,
        "Caption": "#C C opens a page; #C C removes the book cover; #C C flips pages on the book; #C C flips the pages of the; #C C opens the book"
    },
    {
        "Video Name": "e45f14cd-a567-4c56-89f7-fbd5dba80986",
        "Start Frame": 5040,
        "End Frame": 5160,
        "Caption": "#C C opens the page; #C C peruses through the pages; #C C folds the paper; #C C flips through the pages of the book; #C C flips the page "
    },
    {
        "Video Name": "e45f14cd-a567-4c56-89f7-fbd5dba80986",
        "Start Frame": 5160,
        "End Frame": 5280,
        "Caption": "#C C folds the book; #C C flips through the; #C C stares at the; #C C opens the pages; #C C closes the book"
    },
    {
        "Video Name": "e45f14cd-a567-4c56-89f7-fbd5dba80986",
        "Start Frame": 5280,
        "End Frame": 5400,
        "Caption": "#C C wipes the book; #C C wipes the book; #C C wipes the book; #C C wipes on the; #C C wipes the book"
    }
]