[
    {
        "Video Name": "e4bfdb91-65d9-4a35-917e-d986a285f911",
        "Start Frame": 0,
        "End Frame": 120,
        "Caption": "#C C adjusts the ribbon; #C C pulls the ribbon through the hole; #C C holds the ribbon with both hands.; #C C opens up the ribbon; #C C adjusts the ribbon with her right hand"
    },
    {
        "Video Name": "e4bfdb91-65d9-4a35-917e-d986a285f911",
        "Start Frame": 120,
        "End Frame": 240,
        "Caption": "#C C removes the ribbon from the hole; #C C attaches the ribbon on the cloth; #C C puts the ribbon under the glass; #C C joins the ribbon with the sticky letter; #C C joins the ribbon to the  flower on the scrapbook with both hands"
    },
    {
        "Video Name": "e4bfdb91-65d9-4a35-917e-d986a285f911",
        "Start Frame": 240,
        "End Frame": 360,
        "Caption": "#C C turns the art book; #C C adjusts the book on the table with her right hand; #C C closes the scrapbook with her left hand.; #C C fixes the cushion on the book; #C C turns the art book"
    },
    {
        "Video Name": "e4bfdb91-65d9-4a35-917e-d986a285f911",
        "Start Frame": 360,
        "End Frame": 480,
        "Caption": "#C C places the ribbon on the scrapbook with both hands; #C C ties the ribbon; #C C ties the ribbon on the paper; #C C puts the ribbon on the table; #C C holds the ribbon"
    },
    {
        "Video Name": "e4bfdb91-65d9-4a35-917e-d986a285f911",
        "Start Frame": 480,
        "End Frame": 600,
        "Caption": "#C C adjusts ribbon; #C C attaches ribbon on the flower; #C C attaches ribbon with a pin; #C C removes the ribbon from the; #C C fixes the ribbon"
    },
    {
        "Video Name": "e4bfdb91-65d9-4a35-917e-d986a285f911",
        "Start Frame": 600,
        "End Frame": 720,
        "Caption": "#C C aligns the ribbon; #C C ties the ribbon on the leaf; #C C ties the ribbon with both hands; #C C ties the ribbon on the scrap; #C C places ribbon on the paper"
    },
    {
        "Video Name": "e4bfdb91-65d9-4a35-917e-d986a285f911",
        "Start Frame": 720,
        "End Frame": 840,
        "Caption": "#C C puts the ribbon on the; #C C adjusts the ribbon; #C C aligns the ribbon; #C C presses a ribbon; #C C adjusts the ribbon"
    },
    {
        "Video Name": "e4bfdb91-65d9-4a35-917e-d986a285f911",
        "Start Frame": 840,
        "End Frame": 960,
        "Caption": "#C C places the ribbon through the hole on the scrapbook with her left hand; #C C puts the ribbon through a hole on the scrapbook with her left hand; #C C ties the ribbon on the leaf ; #C C fixes the ribbon on the paper; #C C ties the ribbon"
    },
    {
        "Video Name": "e4bfdb91-65d9-4a35-917e-d986a285f911",
        "Start Frame": 960,
        "End Frame": 1080,
        "Caption": "#C C puts the ribbon through the hole on the scrapbook with her right hand; #C C sticks the ribbon with a pin; #C C ties a ribbon on a paper; #C C sticks a ribbon on the paper; #C C attaches the ribbon to the scrapbook with both hands."
    },
    {
        "Video Name": "e4bfdb91-65d9-4a35-917e-d986a285f911",
        "Start Frame": 1080,
        "End Frame": 1200,
        "Caption": "#C C ties the ribbon ; #C C folds the ribbon; #C C adjusts the ribbon with her right hand; #C C opens the ribbon; #C C uncoils the ribbon"
    },
    {
        "Video Name": "e4bfdb91-65d9-4a35-917e-d986a285f911",
        "Start Frame": 1200,
        "End Frame": 1320,
        "Caption": "#C C pulls the ribbon; #C C pins the ribbon on the scrapbook with her left hand; #C C picks a ribbon from the table with her right hand.; #C C holds the ribbon ; #C C adjusts the ribbon"
    },
    {
        "Video Name": "e4bfdb91-65d9-4a35-917e-d986a285f911",
        "Start Frame": 1320,
        "End Frame": 1440,
        "Caption": "#C C picks up the decoration; #C C flips through the page of the art; #C C holds the ribbon with both hands.; #C C removes a sticker from the art book; #C C  removes the ribbon from the book"
    },
    {
        "Video Name": "e4bfdb91-65d9-4a35-917e-d986a285f911",
        "Start Frame": 1440,
        "End Frame": 1560,
        "Caption": "#C C places the sticker on the ribbon; #C C pulls the ribbon through the hole; #C C ties the ribbon on the name tag; #C C holds the ribbon; #C C puts the ribbon through the hole on the"
    },
    {
        "Video Name": "e4bfdb91-65d9-4a35-917e-d986a285f911",
        "Start Frame": 1560,
        "End Frame": 1680,
        "Caption": "#C C pins the ribbon on the sticker ; #C C sticks a clip on a ribbon; #C C pins the ribbon with her right hand.; #C C fixes the ribbon on the name tag; #C C places the ribbon through the hole with her left hand"
    },
    {
        "Video Name": "e4bfdb91-65d9-4a35-917e-d986a285f911",
        "Start Frame": 1680,
        "End Frame": 1800,
        "Caption": "#C C sticks decoration on the ribbon; #C C removes the ribbon from the hole with her left hand; #C C puts the ribbon through a hole on the sticker; #C C adjusts ribbon; #C C holds a ribbon with her left hand."
    },
    {
        "Video Name": "e4bfdb91-65d9-4a35-917e-d986a285f911",
        "Start Frame": 1800,
        "End Frame": 1920,
        "Caption": "#C C adjusts the ribbon with both hands.; #C C connects the ribbon to the art ball; #C C fixes the ribbon through the hole; #C C puts the ribbon through the hole with her left hand; #C C inserts the ribbon through the hole"
    },
    {
        "Video Name": "e4bfdb91-65d9-4a35-917e-d986a285f911",
        "Start Frame": 1920,
        "End Frame": 2040,
        "Caption": "#C C  puts the ribbon through the hole; #C C pins the ribbon with her left hand; #C C fixes the ribbon in her left hand on the sticker on the scrapbook with her right hand; #C C ties the ribbon; #C C holds the ribbon"
    },
    {
        "Video Name": "e4bfdb91-65d9-4a35-917e-d986a285f911",
        "Start Frame": 2040,
        "End Frame": 2160,
        "Caption": "#C C fixes the ribbon; #C C holds the paper ; #C C places the ribbon on the; #C C puts the ribbon on the; #C C fixes the ribbon on the"
    },
    {
        "Video Name": "e4bfdb91-65d9-4a35-917e-d986a285f911",
        "Start Frame": 2160,
        "End Frame": 2280,
        "Caption": "#C C holds a part of the scrapbook with both hands; #C C adjusts the ribbon on the scrapbook with both hands; #C C fixes the ribbon on the scrapbook; #C C adjusts the ribbon; #C C holds the ribbon with both hands."
    },
    {
        "Video Name": "e4bfdb91-65d9-4a35-917e-d986a285f911",
        "Start Frame": 2280,
        "End Frame": 2400,
        "Caption": "#C C ties the ribbon; #C C adjusts the ribbon with both hands; #C C pins the ribbon; #C C ties the ribbon on the scrap; #C C holds a ribbon"
    },
    {
        "Video Name": "e4bfdb91-65d9-4a35-917e-d986a285f911",
        "Start Frame": 2400,
        "End Frame": 2520,
        "Caption": "#C C cuts the ribbon; #C C cuts the ribbon with a sciss; #C C cuts a ribbon with scissors; #C C cuts the ribbon; #C C cuts a piece of paper from the"
    },
    {
        "Video Name": "e4bfdb91-65d9-4a35-917e-d986a285f911",
        "Start Frame": 2520,
        "End Frame": 2640,
        "Caption": "#C C puts the ribbon on the table; #C C cuts the ribbon; #C C drops the ribbon on the cardboard with her left hand; #C C drops the ribbon on the cardboard with her left hand; #C C puts the ribbon on the paper"
    },
    {
        "Video Name": "e4bfdb91-65d9-4a35-917e-d986a285f911",
        "Start Frame": 2640,
        "End Frame": 2760,
        "Caption": "#C C picks scissors from the tool box; #C C takes a scissors from the table with her left hand.; #C C puts the scissors in the plastic container.; #C C puts the scissors in a box with her right hand.; #C C searches the toolbox with her left hand."
    },
    {
        "Video Name": "e4bfdb91-65d9-4a35-917e-d986a285f911",
        "Start Frame": 2760,
        "End Frame": 2880,
        "Caption": "#C C opens the box on the table with her right hand.; #C C opens the box ; #C C picks a container from the box with her right hand.; #C C adjusts the box on the table with both hands.; #C C picks up a paper bag from the table with her left hand"
    },
    {
        "Video Name": "e4bfdb91-65d9-4a35-917e-d986a285f911",
        "Start Frame": 2880,
        "End Frame": 3000,
        "Caption": "#C C picks the stapler; #C C opens the purse with her right hand.; #C C closes the book; #C C closes the box; #C C pulls out a blue pincer from a box on the table with her right hand"
    },
    {
        "Video Name": "e4bfdb91-65d9-4a35-917e-d986a285f911",
        "Start Frame": 3000,
        "End Frame": 3120,
        "Caption": "#C C burns the ribbon; #C C cuts the ribbon with the pair of scissors in her right hand.; #C C puts the lighter in her right hand on the paper in her left hand; #C C places the lighter in her right hand on the paper on the table.; #C C picks the lighter from the table with her right hand."
    },
    {
        "Video Name": "e4bfdb91-65d9-4a35-917e-d986a285f911",
        "Start Frame": 3120,
        "End Frame": 3240,
        "Caption": "#C C lights up the lighter; #C C lights up the lighter in her right hand; #C C burns the paper; #C C burns the ribbon; #C C burns the tip of the ribbon"
    },
    {
        "Video Name": "e4bfdb91-65d9-4a35-917e-d986a285f911",
        "Start Frame": 3240,
        "End Frame": 3360,
        "Caption": "#C C holds the ribbon with both hands; #C C adjusts the ribbon with her right hand; #C C puts the ribbon on the table; #C C places the ribbon on the book; #C C holds the ribbon"
    },
    {
        "Video Name": "e4bfdb91-65d9-4a35-917e-d986a285f911",
        "Start Frame": 3360,
        "End Frame": 3480,
        "Caption": "#C C pulls the ribbon through the hole with her right hand.; #C C holds the ribbon; #C C ties the ribbon on the piece of paper; #C C puts the ribbon through the hole on the scrapbook with her right hand; #C C pins the ribbon to the paper on the scrapbook with her right hand"
    },
    {
        "Video Name": "e4bfdb91-65d9-4a35-917e-d986a285f911",
        "Start Frame": 3480,
        "End Frame": 3600,
        "Caption": "#C C pulls a ribbon through the hole on the scrapbook with her right hand; #C C ties the ribbon; #C C attaches the ribbon on the  leaflet; #C C adjusts the ribbon; #C C fastens the ribbon "
    },
    {
        "Video Name": "e4bfdb91-65d9-4a35-917e-d986a285f911",
        "Start Frame": 3600,
        "End Frame": 3720,
        "Caption": "#C C drops the scissors on the table with her right hand.; #C C drops the scissors on the table with her right hand.; #C C places the glue gun on the table; #C C picks up a pair of scissors; #C C drops the pair of scissors on the table with her right hand"
    },
    {
        "Video Name": "e4bfdb91-65d9-4a35-917e-d986a285f911",
        "Start Frame": 3720,
        "End Frame": 3840,
        "Caption": "#C C cuts the ribbon; #C C cuts the ribbon; #C C cuts the ribbon ; #C C cuts the ribbon; #C C cuts the piece of"
    },
    {
        "Video Name": "e4bfdb91-65d9-4a35-917e-d986a285f911",
        "Start Frame": 3840,
        "End Frame": 3960,
        "Caption": "#C C lights the lighter; #C C adjusts the lamp holder on the table with her left hand; #C C removes a lighter from the lamp holder; #C C lights the torch; #C C lights the lighter "
    },
    {
        "Video Name": "e4bfdb91-65d9-4a35-917e-d986a285f911",
        "Start Frame": 3960,
        "End Frame": 4080,
        "Caption": "#C C burns the ribbon with the lighter; #C C lights the light; #C C lights the light ; #C C burns the ribbon; #C C lights the lighter with her left hand"
    },
    {
        "Video Name": "e4bfdb91-65d9-4a35-917e-d986a285f911",
        "Start Frame": 4080,
        "End Frame": 4200,
        "Caption": "#C C puts the ribbon in the  glue gun; #C C drops the ribbon on the table with her right hand; #C C drops the sticker on the table with her right hand; #C C removes the ribbon on the art book; #C C picks up a ribbon on the table"
    },
    {
        "Video Name": "e4bfdb91-65d9-4a35-917e-d986a285f911",
        "Start Frame": 4200,
        "End Frame": 4320,
        "Caption": "#C C closes the art book; #C C closes the art book with her left hand; #C C opens the art book; #C C turns a book with both hands; #C C opens the art book"
    },
    {
        "Video Name": "e4bfdb91-65d9-4a35-917e-d986a285f911",
        "Start Frame": 4320,
        "End Frame": 4440,
        "Caption": "#C C adjusts the art book; #C C arranges the scrapbook ; #C C arranges the book on the table; #C C adjusts the book on the cardboard with her hands; #C C adjusts the book with her left hand."
    },
    {
        "Video Name": "e4bfdb91-65d9-4a35-917e-d986a285f911",
        "Start Frame": 4440,
        "End Frame": 4560,
        "Caption": "#C C puts the ribbon through the hole; #C C drops the ribbon; #C C adjusts the button on the art; #C C puts the ribbon on the book; #C C puts a ribbon on the book"
    },
    {
        "Video Name": "e4bfdb91-65d9-4a35-917e-d986a285f911",
        "Start Frame": 4560,
        "End Frame": 4680,
        "Caption": "#C C puts the poster in her right hand on the table; #C C flips the book; #C C picks a paper on the table; #C C holds the scrapbook with both hands.; #C C removes the ribbon from the book"
    },
    {
        "Video Name": "e4bfdb91-65d9-4a35-917e-d986a285f911",
        "Start Frame": 4680,
        "End Frame": 4800,
        "Caption": "#C C picks up the; #C C picks scissors ; #C C picks the scissors; #C C picks a scissors; #C C picks a scissors"
    },
    {
        "Video Name": "e4bfdb91-65d9-4a35-917e-d986a285f911",
        "Start Frame": 4800,
        "End Frame": 4920,
        "Caption": "#C C picks up the glue gun; #C C picks the glue gun from the table with her right hand; #C C picks up the glue gun; #C C holds the paper; #C C holds the paper"
    },
    {
        "Video Name": "e4bfdb91-65d9-4a35-917e-d986a285f911",
        "Start Frame": 4920,
        "End Frame": 5040,
        "Caption": "#C C puts the glue gun on the; #C C puts glue on the paper; #C C puts glue on the letter; #C C puts glue on the letter; #C C puts the glue on the string"
    },
    {
        "Video Name": "e4bfdb91-65d9-4a35-917e-d986a285f911",
        "Start Frame": 5040,
        "End Frame": 5160,
        "Caption": "#C C puts the glue gun on the table; #C C puts the stapler on the; #C C drops the glue gun on the table; #C C puts the paper on the table; #C C puts the glue gun on the table"
    },
    {
        "Video Name": "e4bfdb91-65d9-4a35-917e-d986a285f911",
        "Start Frame": 5160,
        "End Frame": 5280,
        "Caption": "#C C puts glue gun on the table ; #C C puts the glue gun on the table; #C C puts glue gun on the table; #C C drops the glue gun on the table with her right hand; #C C puts the glue gun on the table"
    },
    {
        "Video Name": "e4bfdb91-65d9-4a35-917e-d986a285f911",
        "Start Frame": 5280,
        "End Frame": 5400,
        "Caption": "#C C puts glue on the letter; #C C puts glue on the name; #C C puts glue on the letter; #C C puts glue on the name; #C C puts glue on the letter"
    }
]