[
    {
        "Video Name": "e614f1a5-7c7b-468f-9840-d7373f740255",
        "Start Frame": 0,
        "End Frame": 120,
        "Caption": "#C C cleans the floor; #C C cleans floor with cleaner ; #C C cleans the floor with the vacuum; #C C cleans floor with vacuum cleaner ; #C C cleans the floor"
    },
    {
        "Video Name": "e614f1a5-7c7b-468f-9840-d7373f740255",
        "Start Frame": 120,
        "End Frame": 240,
        "Caption": "#C C opens a dust; #C C moves the dust; #C C opens the dust; #C C opens a dust; #C C pulls a dust"
    },
    {
        "Video Name": "e614f1a5-7c7b-468f-9840-d7373f740255",
        "Start Frame": 240,
        "End Frame": 360,
        "Caption": "#C C moves the dust; #C C moves the dust; #C C opens a dust; #C C cleans the floor; #C C closes the dust"
    },
    {
        "Video Name": "e614f1a5-7c7b-468f-9840-d7373f740255",
        "Start Frame": 360,
        "End Frame": 480,
        "Caption": "#C C cleans the floor; #C C puts stool aside; #C C moves the stool; #C C cleans floor with a vacuum cleaner ; #C C cleans the floor with the vacuum cleaner"
    },
    {
        "Video Name": "e614f1a5-7c7b-468f-9840-d7373f740255",
        "Start Frame": 480,
        "End Frame": 600,
        "Caption": "#C C cleans the floor with the vacuum; #C C cleans the floor ; #C C cleans the floor; #C C cleans the floor with the vacuum; #C C cleans the floor with the vacuum"
    },
    {
        "Video Name": "e614f1a5-7c7b-468f-9840-d7373f740255",
        "Start Frame": 600,
        "End Frame": 720,
        "Caption": "#C C cleans floor with cleaner ; #C C moves mat; #C C cleans the floor; #C C cleans the floor with the vacuum; #C C puts the chair aside"
    },
    {
        "Video Name": "e614f1a5-7c7b-468f-9840-d7373f740255",
        "Start Frame": 720,
        "End Frame": 840,
        "Caption": "#C C cleans the floor with a vacuum cleaner; #C C cleans the floor; #C C mops the floor; #C C cleans the floor; #C C cleans the floor"
    },
    {
        "Video Name": "e614f1a5-7c7b-468f-9840-d7373f740255",
        "Start Frame": 840,
        "End Frame": 960,
        "Caption": "#C C cleans the floor; #C C cleans the floor with the vacuum cleaner; #C C cleans the floor; #C C cleans the floor; #C C cleans the floor with the vacuum cleaner"
    },
    {
        "Video Name": "e614f1a5-7c7b-468f-9840-d7373f740255",
        "Start Frame": 960,
        "End Frame": 1080,
        "Caption": "#C C cleans the floor; #C C mops the; #C C cleans the floor; #C C cleans the floor; #C C cleans the floor"
    },
    {
        "Video Name": "e614f1a5-7c7b-468f-9840-d7373f740255",
        "Start Frame": 1080,
        "End Frame": 1200,
        "Caption": "#C C mops the floor; #C C cleans the floor; #C C cleans the floor; #C C cleans the floor with the vacuum; #C C cleans the floor with the vacuum"
    },
    {
        "Video Name": "e614f1a5-7c7b-468f-9840-d7373f740255",
        "Start Frame": 1200,
        "End Frame": 1320,
        "Caption": "#C C vacuums the floor; #C C cleans floor with a vacuum; #C C cleans the floor; #C C vacuum cleans the floor; #C C vacuum cleans the floor"
    },
    {
        "Video Name": "e614f1a5-7c7b-468f-9840-d7373f740255",
        "Start Frame": 1320,
        "End Frame": 1440,
        "Caption": "#C C cleans the floor; #C C cleans floor; #C C vacuums the floor; #C C cleans the floor; #C C cleans the floor with the vacuum cleaner"
    },
    {
        "Video Name": "e614f1a5-7c7b-468f-9840-d7373f740255",
        "Start Frame": 1440,
        "End Frame": 1560,
        "Caption": "#C C moves the table with her right; #C C moves the table; #C C moves the table; #C C moves the table on the floor; #C C moves the table"
    },
    {
        "Video Name": "e614f1a5-7c7b-468f-9840-d7373f740255",
        "Start Frame": 1560,
        "End Frame": 1680,
        "Caption": "#C C puts the vacuum cleaner on the; #C C puts the vacuum cleaner down ; #C C puts the vacuum cleaner on the; #C C picks up a bag; #C C puts the vacuum cleaner aside"
    },
    {
        "Video Name": "e614f1a5-7c7b-468f-9840-d7373f740255",
        "Start Frame": 1680,
        "End Frame": 1800,
        "Caption": "#C C puts bag on the floor; #C C puts the bag on the; #C C puts bag on the floor; #C C puts the bag on the; #C C drops bag on the floor"
    },
    {
        "Video Name": "e614f1a5-7c7b-468f-9840-d7373f740255",
        "Start Frame": 1800,
        "End Frame": 1920,
        "Caption": "#C C cleans the floor; #C C cleans the floor ; #C C cleans the floor ; #C C cleans the floor with the vacuum; #C C cleans the floor with the vacuum"
    },
    {
        "Video Name": "e614f1a5-7c7b-468f-9840-d7373f740255",
        "Start Frame": 1920,
        "End Frame": 2040,
        "Caption": "#C C cleans the floor with the vacuum cleaner; #C C cleans the floor; #C C cleans the floor; #C C cleans floor; #C C cleans the floor"
    },
    {
        "Video Name": "e614f1a5-7c7b-468f-9840-d7373f740255",
        "Start Frame": 2040,
        "End Frame": 2160,
        "Caption": "#C C cleans the floor ; #C C cleans the floor with the vacuum cleaner; #C C cleans the carpet; #C C cleans floor with a vacuum cleaner ; #C C cleans the floor with a vacuum cleaner"
    },
    {
        "Video Name": "e614f1a5-7c7b-468f-9840-d7373f740255",
        "Start Frame": 2160,
        "End Frame": 2280,
        "Caption": "#C C cleans the floor; #C C cleans the floor; #C C cleans the floor; #C C cleans the floor with the vacuum; #C C cleans the floor"
    },
    {
        "Video Name": "e614f1a5-7c7b-468f-9840-d7373f740255",
        "Start Frame": 2280,
        "End Frame": 2400,
        "Caption": "#C C cleans the floor with the vacuum; #C C cleans the floor; #C C cleans the house with the vacuum; #C C cleans the floor; #C C cleans the floor"
    },
    {
        "Video Name": "e614f1a5-7c7b-468f-9840-d7373f740255",
        "Start Frame": 2400,
        "End Frame": 2520,
        "Caption": "#C C cleans the; #C C cleans the; #C C cleans the; #C C cleans the; #C C cleans the"
    },
    {
        "Video Name": "e614f1a5-7c7b-468f-9840-d7373f740255",
        "Start Frame": 2520,
        "End Frame": 2640,
        "Caption": "#C C cleans the floor; #C C cleans the floor with a vacuum cleaner; #C C cleans the floor with a vacuum cleaner; #C C cleans the floor ; #C C cleans the floor with the vacuum cleaner"
    },
    {
        "Video Name": "e614f1a5-7c7b-468f-9840-d7373f740255",
        "Start Frame": 2640,
        "End Frame": 2760,
        "Caption": "#C C cleans the floor with the vacuum; #C C cleans the floor with a vacuum; #C C cleans floor with vacuum cleaner; #C C cleans the floor with the vacuum; #C C cleans the floor"
    },
    {
        "Video Name": "e614f1a5-7c7b-468f-9840-d7373f740255",
        "Start Frame": 2760,
        "End Frame": 2880,
        "Caption": "#C C vacuum cleans the; #C C cleans the floor; #C C cleans the floor; #C C switches the socket; #C C cleans the floor"
    },
    {
        "Video Name": "e614f1a5-7c7b-468f-9840-d7373f740255",
        "Start Frame": 2880,
        "End Frame": 3000,
        "Caption": "#C C cleans the floor with the vacuum cleaner; #C C cleans the floor with the vacuum cleaner; #C C cleans the floor with the vacuum cleaner; #C C cleans the floor; #C C cleans the floor"
    },
    {
        "Video Name": "e614f1a5-7c7b-468f-9840-d7373f740255",
        "Start Frame": 3000,
        "End Frame": 3120,
        "Caption": "#C C cleans the floor; #C C cleans the floor with a vacuum cleaner; #C C cleans the house with the vacuum cleaner; #C C cleans the floor with the vacuum cleaner; #C C cleans the floor"
    },
    {
        "Video Name": "e614f1a5-7c7b-468f-9840-d7373f740255",
        "Start Frame": 3120,
        "End Frame": 3240,
        "Caption": "#C C cleans the floor; #C C cleans the floor; #C C cleans the floor; #C C cleans the floor with the vacuum; #C C cleans the floor with a vacuum"
    },
    {
        "Video Name": "e614f1a5-7c7b-468f-9840-d7373f740255",
        "Start Frame": 3240,
        "End Frame": 3360,
        "Caption": "#C C cleans the floor; #C C cleans the floor; #C C cleans the floor; #C C cleans the floor; #C C cleans the floor with the vacuum"
    },
    {
        "Video Name": "e614f1a5-7c7b-468f-9840-d7373f740255",
        "Start Frame": 3360,
        "End Frame": 3480,
        "Caption": "#C C cleans the floor; #C C cleans the floor with a vacuum; #C C cleans the floor with the vacuum; #C C cleans the floor with the vacuum; #C C cleans the floor with the vacuum"
    },
    {
        "Video Name": "e614f1a5-7c7b-468f-9840-d7373f740255",
        "Start Frame": 3480,
        "End Frame": 3600,
        "Caption": "#C C cleans the floor with the vacuum; #C C cleans floor with a vacuum cleaner; #C C cleans the floor with a vacuum; #C C cleans the floor; #C C cleans the floor with a vacuum"
    },
    {
        "Video Name": "e614f1a5-7c7b-468f-9840-d7373f740255",
        "Start Frame": 3600,
        "End Frame": 3720,
        "Caption": "#C C cleans the floor; #C C cleans the floor with the vacuum; #C C cleans the house with the vacuum; #C C cleans the floor; #C C cleans the floor"
    },
    {
        "Video Name": "e614f1a5-7c7b-468f-9840-d7373f740255",
        "Start Frame": 3720,
        "End Frame": 3840,
        "Caption": "#C C carries the table; #C C drags the chair with his left; #C C cleans the floor with the vacuum cleaner; #C C cleans the floor with the vacuum cleaner; #C C moves the floor mat"
    },
    {
        "Video Name": "e614f1a5-7c7b-468f-9840-d7373f740255",
        "Start Frame": 3840,
        "End Frame": 3960,
        "Caption": "#C C puts the bags on the; #C C picks the bag; #C C removes the bag from the; #C C picks the bag; #C C puts a bag on the"
    },
    {
        "Video Name": "e614f1a5-7c7b-468f-9840-d7373f740255",
        "Start Frame": 3960,
        "End Frame": 4080,
        "Caption": "#C C cleans the floor with the vacuum cleaner; #C C cleans the floor with the vacuum cleaner; #C C cleans the floor with the vacuum cleaner; #C C cleans the floor; #C C cleans the carpet with the vacuum cleaner"
    },
    {
        "Video Name": "e614f1a5-7c7b-468f-9840-d7373f740255",
        "Start Frame": 4080,
        "End Frame": 4200,
        "Caption": "#C C puts the vacuum cleaner on the; #C C picks a vacuum cleaner; #C C puts the vacuum cleaner on the; #C C puts the vacuum cleaner aside; #C C puts the vacuum cleaner on the"
    },
    {
        "Video Name": "e614f1a5-7c7b-468f-9840-d7373f740255",
        "Start Frame": 4200,
        "End Frame": 4320,
        "Caption": "#C C cleans floor with a vacuum cleaner; #C C cleans the floor with the m; #C C picks the vacuum cleaner ; #C C cleans the mat; #C C cleans the carpet"
    },
    {
        "Video Name": "e614f1a5-7c7b-468f-9840-d7373f740255",
        "Start Frame": 4320,
        "End Frame": 4440,
        "Caption": "#C C cleans the floor; #C C cleans the floor; #C C cleans the room with the vacuum; #C C cleans the floor with the vacuum; #C C cleans the floor"
    },
    {
        "Video Name": "e614f1a5-7c7b-468f-9840-d7373f740255",
        "Start Frame": 4440,
        "End Frame": 4560,
        "Caption": "#C C cleans the floor; #C C cleans the floor with the vacuum; #C C cleans the carpet; #C C cleans the floor with the vacuum; #C C cleans the floor"
    },
    {
        "Video Name": "e614f1a5-7c7b-468f-9840-d7373f740255",
        "Start Frame": 4560,
        "End Frame": 4680,
        "Caption": "#C C cleans the floor; #C C cleans the floor; #C C cleans the floor; #C C cleans the floor with the vacuum cleaner; #C C cleans the floor with a vacuum cleaner"
    },
    {
        "Video Name": "e614f1a5-7c7b-468f-9840-d7373f740255",
        "Start Frame": 4680,
        "End Frame": 4800,
        "Caption": "#C C  cleans the floor with a vacuum; #C C picks a bag from the floor; #C C pushes the chair; #C C cleans the floor with the vacuum cleaner; #C C cleans the floor with a vacuum cleaner"
    },
    {
        "Video Name": "e614f1a5-7c7b-468f-9840-d7373f740255",
        "Start Frame": 4800,
        "End Frame": 4920,
        "Caption": "#C C cleans the floor with a vacuum; #C C cleans the floor; #C C cleans the floor; #C C cleans the floor with the vacuum; #C C cleans the floor"
    },
    {
        "Video Name": "e614f1a5-7c7b-468f-9840-d7373f740255",
        "Start Frame": 4920,
        "End Frame": 5040,
        "Caption": "#C C collects the toy; #C C pets the dog ; #C C picks up the toy from the floor; #C C picks the toy from the floor; #C C  picks up a toy from the floor"
    },
    {
        "Video Name": "e614f1a5-7c7b-468f-9840-d7373f740255",
        "Start Frame": 5040,
        "End Frame": 5160,
        "Caption": "#C C cleans the; #C C cleans the; #C C cleans the; #C C cleans the; #C C cleans the"
    },
    {
        "Video Name": "e614f1a5-7c7b-468f-9840-d7373f740255",
        "Start Frame": 5160,
        "End Frame": 5280,
        "Caption": "#C C cleans the floor with a vacuum cleaner; #C C cleans the floor; #C C cleans the floor; #C C cleans the floor; #C C cleans the floor with a vacuum cleaner"
    },
    {
        "Video Name": "e614f1a5-7c7b-468f-9840-d7373f740255",
        "Start Frame": 5280,
        "End Frame": 5400,
        "Caption": "#C C cleans the; #C C cleans the; #C C cleans the; #C C cleans the; #C C cleans the"
    }
]