[
    {
        "Video Name": "eb9074ae-88c5-4bab-b0da-7e02b9acfbc0",
        "Start Frame": 0,
        "End Frame": 120,
        "Caption": "#C C walks around the; #C C walks in the; #C C walks around the; #C C walks in the; #C C walks in the"
    },
    {
        "Video Name": "eb9074ae-88c5-4bab-b0da-7e02b9acfbc0",
        "Start Frame": 120,
        "End Frame": 240,
        "Caption": "#C C places his right hand on the floor; #C C sits on the floor.; #C C stands up; #C C sits on the floor.; #C C stands up"
    },
    {
        "Video Name": "eb9074ae-88c5-4bab-b0da-7e02b9acfbc0",
        "Start Frame": 240,
        "End Frame": 360,
        "Caption": "#C C puts wood on the floor ; #C C picks a piece of wood from the ground with his left hand; #C C holds the wood with his left hand.; #C C holds the wood ; #C C picks the wood from the floor with his left hand."
    },
    {
        "Video Name": "eb9074ae-88c5-4bab-b0da-7e02b9acfbc0",
        "Start Frame": 360,
        "End Frame": 480,
        "Caption": "#C C puts the piece of wood on the floor; #C C puts the wood on the floor; #C C puts the wood on the floor; #C C puts the piece of wood on the floor; #C C drops the plank on the floor with his hands"
    },
    {
        "Video Name": "eb9074ae-88c5-4bab-b0da-7e02b9acfbc0",
        "Start Frame": 480,
        "End Frame": 600,
        "Caption": "#C C passes the folding ruler from his left hand to his right hand.; #C C holds the tape measure with both hands.; #C C holds the measuring tape with both hands.; #C C passes the foldable ruler in his right hand to his left hand; #C C pulls out the tape measure from the box with his right hand."
    },
    {
        "Video Name": "eb9074ae-88c5-4bab-b0da-7e02b9acfbc0",
        "Start Frame": 600,
        "End Frame": 720,
        "Caption": "#C C picks the folding ruler from the floor with his right hand; #C C holds the tape measure with both hands.; #C C holds the tape measure with his right hand.; #C C holds the measuring tape on the floor with his right hand; #C C places his left hand on the floor."
    },
    {
        "Video Name": "eb9074ae-88c5-4bab-b0da-7e02b9acfbc0",
        "Start Frame": 720,
        "End Frame": 840,
        "Caption": "#C C puts the ruler on the floor ; #C C puts the ruler on the floor with his right hand; #C C measures wood with a tape measure; #C C drops the ruler on the floor with his right hand; #C C moves the wood on the floor with his right hand"
    },
    {
        "Video Name": "eb9074ae-88c5-4bab-b0da-7e02b9acfbc0",
        "Start Frame": 840,
        "End Frame": 960,
        "Caption": "#C C picks the wood from the floor with his left hand.; #C C moves the wood on the floor with his left hand.; #C C picks the piece of wood on the floor with his left hand; #C C drops the wood on the floor with his left hand.; #C C drops the wood on the floor with his left hand."
    },
    {
        "Video Name": "eb9074ae-88c5-4bab-b0da-7e02b9acfbc0",
        "Start Frame": 960,
        "End Frame": 1080,
        "Caption": "#C C places the ruler on the wood plank with both hands.; #C C measures the plank with the ruler in both hands.; #C C measures the wood; #C C measures wood with a ruler; #C C measures the plank with the folding ruler in his right hand"
    },
    {
        "Video Name": "eb9074ae-88c5-4bab-b0da-7e02b9acfbc0",
        "Start Frame": 1080,
        "End Frame": 1200,
        "Caption": "#C C marks a point on the plank with the pen in his right hand; #C C marks the plank with the pen in his right hand.; #C C marks the plank with the pen in his right hand.; #C C marks the wood with the pen in his right hand.; #C C marks the wood with a pen"
    },
    {
        "Video Name": "eb9074ae-88c5-4bab-b0da-7e02b9acfbc0",
        "Start Frame": 1200,
        "End Frame": 1320,
        "Caption": "#C C drops the plank on the floor with his left hand; #C C pushes wood on the floor; #C C looks around; #C C looks around; #C C looks around "
    },
    {
        "Video Name": "eb9074ae-88c5-4bab-b0da-7e02b9acfbc0",
        "Start Frame": 1320,
        "End Frame": 1440,
        "Caption": "#C C sits on the; #C C stands up; #C C walks to the; #C C moves around; #C C stands up"
    },
    {
        "Video Name": "eb9074ae-88c5-4bab-b0da-7e02b9acfbc0",
        "Start Frame": 1440,
        "End Frame": 1560,
        "Caption": "#C C walks around the room; #C C walks to a workbench in the workshop; #C C walks around the room; #C C walks around the room; #C C walks around the room "
    },
    {
        "Video Name": "eb9074ae-88c5-4bab-b0da-7e02b9acfbc0",
        "Start Frame": 1560,
        "End Frame": 1680,
        "Caption": "#C C walks around the workshop; #C C walks to a workshop from the store room; #C C walks around the room; #C C walks into the room.; #C C walks to the door."
    },
    {
        "Video Name": "eb9074ae-88c5-4bab-b0da-7e02b9acfbc0",
        "Start Frame": 1680,
        "End Frame": 1800,
        "Caption": "#C C picks the F-clamp with his left hand.; #C C picks the combination square with his left hand.; #C C picks a L-square from the bag with his left hand; #C C picks a combination square from the bag with his left hand.; #C C picks a square ruler"
    },
    {
        "Video Name": "eb9074ae-88c5-4bab-b0da-7e02b9acfbc0",
        "Start Frame": 1800,
        "End Frame": 1920,
        "Caption": "#C C holds the rod with his left hand; #C C walks around the workshop; #C C walks around the workshop ; #C C walks around the workshop; #C C walks towards the table saw."
    },
    {
        "Video Name": "eb9074ae-88c5-4bab-b0da-7e02b9acfbc0",
        "Start Frame": 1920,
        "End Frame": 2040,
        "Caption": "#C C sits on the floor.; #C C sits on the floor.; #C C sits on the floor.; #C C sits on the floor.; #C C places his left hand on the floor"
    },
    {
        "Video Name": "eb9074ae-88c5-4bab-b0da-7e02b9acfbc0",
        "Start Frame": 2040,
        "End Frame": 2160,
        "Caption": "#C C marks the wood with the pen in his left hand; #C C marks the wood with the pencil in his right hand; #C C marks on the wood with the pen; #C C marks the wood with the pencil in his right hand; #C C marks the wood with the pen"
    },
    {
        "Video Name": "eb9074ae-88c5-4bab-b0da-7e02b9acfbc0",
        "Start Frame": 2160,
        "End Frame": 2280,
        "Caption": "#C C marks the plank with the pen in his right hand.; #C C marks the plank with the pen in his right hand.; #C C marks the plank with the pencil in his right hand.; #C C marks the plank with the pencil in his left hand.; #C C draws a line on the plank with the pen in his left hand"
    },
    {
        "Video Name": "eb9074ae-88c5-4bab-b0da-7e02b9acfbc0",
        "Start Frame": 2280,
        "End Frame": 2400,
        "Caption": "#C C measures the wood ; #C C marks the plank with the pen in his right hand.; #C C measures the plank with the folding ruler in his left hand; #C C measures the plank with the measuring tape in both hands.; #C C measures the plank with the folding rule with both hands."
    },
    {
        "Video Name": "eb9074ae-88c5-4bab-b0da-7e02b9acfbc0",
        "Start Frame": 2400,
        "End Frame": 2520,
        "Caption": "#C C marks the wood with the pen in his right hand.; #C C measures the plank with the tape measure in his right hand; #C C moves the wood on the floor with both hands.; #C C takes his left hand off the tape measure.; #C C picks the folding rule on the floor with his left hand"
    },
    {
        "Video Name": "eb9074ae-88c5-4bab-b0da-7e02b9acfbc0",
        "Start Frame": 2520,
        "End Frame": 2640,
        "Caption": "#C C draws on the wood using a pen; #C C marks the wood with the pen in his right hand.; #C C marks the wood; #C C marks the wood; #C C marks the piece of wood with the pen in his right hand"
    },
    {
        "Video Name": "eb9074ae-88c5-4bab-b0da-7e02b9acfbc0",
        "Start Frame": 2640,
        "End Frame": 2760,
        "Caption": "#C C measures the plank with the folding ruler in his right hand.; #C C measures the floor with the measuring tape in his right hand.; #C C measures the floor with the tape measure in his right hand.; #C C measures wood; #C C measures the plank on the floor with the measuring tape in both hands"
    },
    {
        "Video Name": "eb9074ae-88c5-4bab-b0da-7e02b9acfbc0",
        "Start Frame": 2760,
        "End Frame": 2880,
        "Caption": "#C C places his right hand on the floor.; #C C holds the folding rule with both hands.; #C C places the folding rule on the floor with his left hand; #C C measures the floor; #C C measures the floor with a tape measure"
    },
    {
        "Video Name": "eb9074ae-88c5-4bab-b0da-7e02b9acfbc0",
        "Start Frame": 2880,
        "End Frame": 3000,
        "Caption": "#C C holds the ruler with both hands.; #C C measures the wall with the measuring tape in both hands.; #C C holds the measuring tool; #C C holds the ruler with his hands.; #C C measures the floor with the folding rule with both hands."
    },
    {
        "Video Name": "eb9074ae-88c5-4bab-b0da-7e02b9acfbc0",
        "Start Frame": 3000,
        "End Frame": 3120,
        "Caption": "#C C pulls out the folding ruler with his right hand.; #C C removes his right hand from the folding ruler.; #C C pulls the tape measure; #C C holds the folding ruler with both hands.; #C C places the folding ruler on the floor with his left hand"
    },
    {
        "Video Name": "eb9074ae-88c5-4bab-b0da-7e02b9acfbc0",
        "Start Frame": 3120,
        "End Frame": 3240,
        "Caption": "#C C measures the board with the folding rule with both hands.; #C C measures the piece of wood with the tape measure using both hands.; #C C holds the tape measure with both hands.; #C C measures the plank with the ruler in his right hand.; #C C measures the wood on the floor with the measuring tape in his left hand"
    },
    {
        "Video Name": "eb9074ae-88c5-4bab-b0da-7e02b9acfbc0",
        "Start Frame": 3240,
        "End Frame": 3360,
        "Caption": "#C C measures the wood with a tape measure; #C C measures the wooden structure with the tape measure using both hands; #C C measures the wood ; #C C measures the wood with the measuring tape; #C C measures the wood with the ruler in his right hand."
    },
    {
        "Video Name": "eb9074ae-88c5-4bab-b0da-7e02b9acfbc0",
        "Start Frame": 3360,
        "End Frame": 3480,
        "Caption": "#C C measures the plank on the floor with the folding ruler in his right hand; #C C measures the plank with the folding ruler with his right hand.; #C C holds the stick with his right hand.; #C C measures the wood with the tape measure in his right hand.; #C C measures the piece of wood with the ruler on his right hand."
    },
    {
        "Video Name": "eb9074ae-88c5-4bab-b0da-7e02b9acfbc0",
        "Start Frame": 3480,
        "End Frame": 3600,
        "Caption": "#C C adjusts the plank with both hands.; #C C touches the plank with his left hand; #C C touches the wood ; #C C aligns wood with both hands ; #C C holds the wood "
    },
    {
        "Video Name": "eb9074ae-88c5-4bab-b0da-7e02b9acfbc0",
        "Start Frame": 3600,
        "End Frame": 3720,
        "Caption": "#C C marks the wooden structure with the pen in his right hand; #C C measures wood; #C C measures the wood using a ruler; #C C marks the floor with the pencil in his right hand.; #C C marks the wood with the pen in his right hand."
    },
    {
        "Video Name": "eb9074ae-88c5-4bab-b0da-7e02b9acfbc0",
        "Start Frame": 3720,
        "End Frame": 3840,
        "Caption": "#C C holds a plank with his left hand.; #C C places his left hand on the wooden shelf; #C C removes his right hand from the wood.; #C C holds the plank with his left hand.; #C C places his right hand on the wooden structure"
    },
    {
        "Video Name": "eb9074ae-88c5-4bab-b0da-7e02b9acfbc0",
        "Start Frame": 3840,
        "End Frame": 3960,
        "Caption": "#C C picks a ruler from the floor with his right hand.; #C C picks a pencil from the floor with his right hand.; #C C picks the marking gauge from the floor with his right hand; #C C picks a measuring tool; #C C picks a wood"
    },
    {
        "Video Name": "eb9074ae-88c5-4bab-b0da-7e02b9acfbc0",
        "Start Frame": 3960,
        "End Frame": 4080,
        "Caption": "#C C puts the wood on the floor; #C C places his left hand on the floor.; #C C holds the plank on the floor with his left hand; #C C picks the plank from the floor with his left hand; #C C holds wood with the left hand"
    },
    {
        "Video Name": "eb9074ae-88c5-4bab-b0da-7e02b9acfbc0",
        "Start Frame": 4080,
        "End Frame": 4200,
        "Caption": "#C C adjusts the wire mesh; #C C takes a wire from the floor with his left hand; #C C picks a fan on the floor with his left hand; #C C picks the metal shelf; #C C picks the plastic cover "
    },
    {
        "Video Name": "eb9074ae-88c5-4bab-b0da-7e02b9acfbc0",
        "Start Frame": 4200,
        "End Frame": 4320,
        "Caption": "#C C puts the metal on the floor; #C C drops the wire mesh on the floor.; #C C drops the metal stand on the floor with his left hand; #C C puts the metal structure down; #C C puts metal on the floor "
    },
    {
        "Video Name": "eb9074ae-88c5-4bab-b0da-7e02b9acfbc0",
        "Start Frame": 4320,
        "End Frame": 4440,
        "Caption": "#C C picks the folding rule from the ground with his left hand; #C C holds the tape measure with the left hand; #C C picks the wood; #C C picks a measuring tape; #C C picks the folding ruler with both hands."
    },
    {
        "Video Name": "eb9074ae-88c5-4bab-b0da-7e02b9acfbc0",
        "Start Frame": 4440,
        "End Frame": 4560,
        "Caption": "#C C marks the piece of wood with the pen in his right hand.; #C C marks the wood with the pen in his right hand.; #C C marks the wood with the pencil in his right hand.; #C C marks the wood with the pen in his right hand.; #C C marks the plank on the floor with the pen in his right hand"
    },
    {
        "Video Name": "eb9074ae-88c5-4bab-b0da-7e02b9acfbc0",
        "Start Frame": 4560,
        "End Frame": 4680,
        "Caption": "#C C holds the wood with his left hand.; #C C adjusts the plank with his left hand.; #C C picks the folding ruler from the floor with his right hand; #C C drops the measuring tool on the floor with his left hand; #C C holds the wood with his left hand."
    },
    {
        "Video Name": "eb9074ae-88c5-4bab-b0da-7e02b9acfbc0",
        "Start Frame": 4680,
        "End Frame": 4800,
        "Caption": "#C C marks the wood with the pencil in his right hand.; #C C marks the piece of wood with the pencil in his right hand; #C C marks the wood with the pencil in his right hand.; #C C draws on wood; #C C marks the wood with the pen with his right hand."
    },
    {
        "Video Name": "eb9074ae-88c5-4bab-b0da-7e02b9acfbc0",
        "Start Frame": 4800,
        "End Frame": 4920,
        "Caption": "#C C measures the plank on the floor with the folding ruler in his right hand; #C C measures the plank with the tape measure using both hands.; #C C holds the plank with his left hand.; #C C measures the plank with the tape measure with both hands.; #C C holds the tape measure with his left hand."
    },
    {
        "Video Name": "eb9074ae-88c5-4bab-b0da-7e02b9acfbc0",
        "Start Frame": 4920,
        "End Frame": 5040,
        "Caption": "#C C adjusts the plank with both hands.; #C C adjusts the plank on the floor with his right hand.; #C C adjusts the plank with both hands.; #C C holds the tape measure with his right hand.; #C C draws a line on the plank with the pencil in his right hand"
    },
    {
        "Video Name": "eb9074ae-88c5-4bab-b0da-7e02b9acfbc0",
        "Start Frame": 5040,
        "End Frame": 5160,
        "Caption": "#C C measures the wood with the tape measure in his right hand; #C C places his left hand on the wood.; #C C puts his left hand on the plank.; #C C marks the wood with the pen in his right hand.; #C C marks the wood with the pen in his right hand."
    },
    {
        "Video Name": "eb9074ae-88c5-4bab-b0da-7e02b9acfbc0",
        "Start Frame": 5160,
        "End Frame": 5280,
        "Caption": "#C C picks a plank from the floor with his left hand; #C C moves the measuring tool; #C C looks around; #C C removes the ruler from the wood.; #C C picks the measuring tool"
    },
    {
        "Video Name": "eb9074ae-88c5-4bab-b0da-7e02b9acfbc0",
        "Start Frame": 5280,
        "End Frame": 5400,
        "Caption": "#C C measures the piece of wood with the folding ruler in his left hand; #C C places the folding ruler on the wooden structure with his hands.; #C C holds the ruler with both hands.; #C C measures the wood with the ruler with both hands.; #C C measures a wall with a ruler"
    }
]