[
    {
        "Video Name": "eccbb1cd-a12c-4872-a656-d27882c5e462",
        "Start Frame": 0,
        "End Frame": 120,
        "Caption": "#C C looks at the food; #C C looks around the kitchen; #C C looks around; #C C looks at the food; #C C stares at the food"
    },
    {
        "Video Name": "eccbb1cd-a12c-4872-a656-d27882c5e462",
        "Start Frame": 120,
        "End Frame": 240,
        "Caption": "#C C moves the leg; #C C sits on the; #C C stands in the; #C C looks around; #C C looks at the"
    },
    {
        "Video Name": "eccbb1cd-a12c-4872-a656-d27882c5e462",
        "Start Frame": 240,
        "End Frame": 360,
        "Caption": "#C C puts the cooking stick; #C C stirs the food; #C C mixes food ; #C C holds the cooking stick; #C C cooks food"
    },
    {
        "Video Name": "eccbb1cd-a12c-4872-a656-d27882c5e462",
        "Start Frame": 360,
        "End Frame": 480,
        "Caption": "#C C stirs food; #C C stirs food; #C C stirs food; #C C stirs food; #C C stirs food"
    },
    {
        "Video Name": "eccbb1cd-a12c-4872-a656-d27882c5e462",
        "Start Frame": 480,
        "End Frame": 600,
        "Caption": "#C C stirs food ; #c c stirs the food; #C C stirs food ; #C C stirs the food; #C C stirs the food"
    },
    {
        "Video Name": "eccbb1cd-a12c-4872-a656-d27882c5e462",
        "Start Frame": 600,
        "End Frame": 720,
        "Caption": "#C C stirs food; #C C stirs food; #C C stirs the; #C C mixes the food; #C C stirs food"
    },
    {
        "Video Name": "eccbb1cd-a12c-4872-a656-d27882c5e462",
        "Start Frame": 720,
        "End Frame": 840,
        "Caption": "#C C stirs food; #C C cooks food; #C C stirs the food; #C C stirs food; #C C stirs the food"
    },
    {
        "Video Name": "eccbb1cd-a12c-4872-a656-d27882c5e462",
        "Start Frame": 840,
        "End Frame": 960,
        "Caption": "#C C eats food; #C C holds the leg; #C C looks at the cooking; #C C looks at the cooking; #C C looks around the kitchen"
    },
    {
        "Video Name": "eccbb1cd-a12c-4872-a656-d27882c5e462",
        "Start Frame": 960,
        "End Frame": 1080,
        "Caption": "#C C looks at the food; #C C looks at the food; #C C looks around; #C C looks at the food; #C C looks at the food"
    },
    {
        "Video Name": "eccbb1cd-a12c-4872-a656-d27882c5e462",
        "Start Frame": 1080,
        "End Frame": 1200,
        "Caption": "#C C moves on the floor; #C C looks at the food; #C C looks around; #C C watches the food on the; #C C sits down"
    },
    {
        "Video Name": "eccbb1cd-a12c-4872-a656-d27882c5e462",
        "Start Frame": 1200,
        "End Frame": 1320,
        "Caption": "#C C stirs the food ; #C C moves around the kitchen; #C C stirs food with cooking; #C C stirs food; #C C adjusts the cooker"
    },
    {
        "Video Name": "eccbb1cd-a12c-4872-a656-d27882c5e462",
        "Start Frame": 1320,
        "End Frame": 1440,
        "Caption": "#C C stirs food ; #C C stirs food with a cooking; #C C stirs food ; #C C stirs food with a cooking; #C C stirs food "
    },
    {
        "Video Name": "eccbb1cd-a12c-4872-a656-d27882c5e462",
        "Start Frame": 1440,
        "End Frame": 1560,
        "Caption": "#C C tastes food; #C C tastes food; #C C tastes food; #C C eats the; #C C eats food"
    },
    {
        "Video Name": "eccbb1cd-a12c-4872-a656-d27882c5e462",
        "Start Frame": 1560,
        "End Frame": 1680,
        "Caption": "#C C eats food; #C C smells the; #C C eats food; #C C eats food; #C C tastes food"
    },
    {
        "Video Name": "eccbb1cd-a12c-4872-a656-d27882c5e462",
        "Start Frame": 1680,
        "End Frame": 1800,
        "Caption": "#c c stirs food; #C C stirs the food; #C C stirs the food; #C C stirs food ; #C C stirs food "
    },
    {
        "Video Name": "eccbb1cd-a12c-4872-a656-d27882c5e462",
        "Start Frame": 1800,
        "End Frame": 1920,
        "Caption": "#C C puts off the gas; #C C adjusts the cooker knob; #C C operates the stove; #C C regulates the heat; #C C turns on the cooker"
    },
    {
        "Video Name": "eccbb1cd-a12c-4872-a656-d27882c5e462",
        "Start Frame": 1920,
        "End Frame": 2040,
        "Caption": "#C C regulates the cooker; #C C regulates the cooker; #C C adjusts the cooker; #C C regulates the cooker; #C C adjusts the heat"
    },
    {
        "Video Name": "eccbb1cd-a12c-4872-a656-d27882c5e462",
        "Start Frame": 2040,
        "End Frame": 2160,
        "Caption": "#C C stirs the food; #C C stirs food ; #C C mixes food ; #C C stirs the food; #C C stirs food"
    },
    {
        "Video Name": "eccbb1cd-a12c-4872-a656-d27882c5e462",
        "Start Frame": 2160,
        "End Frame": 2280,
        "Caption": "#C C walks in the kitchen; #C C looks around the room; #C C touches the cooker; #C C looks around; #C C puts the cooking stick"
    },
    {
        "Video Name": "eccbb1cd-a12c-4872-a656-d27882c5e462",
        "Start Frame": 2280,
        "End Frame": 2400,
        "Caption": "#C C looks around; #C C stands up; #C C stares at the; #C C looks around the; #C C looks around "
    },
    {
        "Video Name": "eccbb1cd-a12c-4872-a656-d27882c5e462",
        "Start Frame": 2400,
        "End Frame": 2520,
        "Caption": "#C C looks at the; #C C looks around; #C C looks at the; #C C looks around; #C C looks around"
    },
    {
        "Video Name": "eccbb1cd-a12c-4872-a656-d27882c5e462",
        "Start Frame": 2520,
        "End Frame": 2640,
        "Caption": "#C C touches the cooker; #C C looks at the; #C C looks around ; #C C looks around; #C C looks around"
    },
    {
        "Video Name": "eccbb1cd-a12c-4872-a656-d27882c5e462",
        "Start Frame": 2640,
        "End Frame": 2760,
        "Caption": "#C C mixes food ; #C C stirs the food; #C C stirs the food; #C C stirs the food; #C C stirs the food"
    },
    {
        "Video Name": "eccbb1cd-a12c-4872-a656-d27882c5e462",
        "Start Frame": 2760,
        "End Frame": 2880,
        "Caption": "#C C stirs the food; #C C stirs the food; #C C mixes the food ; #C C stirs food; #C C stirs the food"
    },
    {
        "Video Name": "eccbb1cd-a12c-4872-a656-d27882c5e462",
        "Start Frame": 2880,
        "End Frame": 3000,
        "Caption": "#C C eats food; #C C tastes food; #C C tastes food; #C C tastes food; #C C eats food"
    },
    {
        "Video Name": "eccbb1cd-a12c-4872-a656-d27882c5e462",
        "Start Frame": 3000,
        "End Frame": 3120,
        "Caption": "#C C tastes food; #C C smells the food; #C C eats the pasta; #C C tastes food ; #C C eats food."
    },
    {
        "Video Name": "eccbb1cd-a12c-4872-a656-d27882c5e462",
        "Start Frame": 3120,
        "End Frame": 3240,
        "Caption": "#C C regulates the cooker; #C C regulates the gas cooker; #C C regulates the cooker; #C C cooks the food ; #C C regulates the cooker"
    },
    {
        "Video Name": "eccbb1cd-a12c-4872-a656-d27882c5e462",
        "Start Frame": 3240,
        "End Frame": 3360,
        "Caption": "#C C pours the pasta in the sink; #C C puts the food in the sink ; #C C puts food in the cooking pot; #C C puts the food in the sieve; #C C puts the food in the cooking pot"
    },
    {
        "Video Name": "eccbb1cd-a12c-4872-a656-d27882c5e462",
        "Start Frame": 3360,
        "End Frame": 3480,
        "Caption": "#C C walks in the room; #C C walks in the house; #C C walks in the room; #C C walks around the house; #C C walks around "
    },
    {
        "Video Name": "eccbb1cd-a12c-4872-a656-d27882c5e462",
        "Start Frame": 3480,
        "End Frame": 3600,
        "Caption": "#C C puts food in the cooking pan; #C C removes food stuck on the cooking; #C C puts the rice in the pan; #C C puts pasta in the cooking pan; #C C tastes food "
    },
    {
        "Video Name": "eccbb1cd-a12c-4872-a656-d27882c5e462",
        "Start Frame": 3600,
        "End Frame": 3720,
        "Caption": "#C C puts pasta in the siever ; #C C puts the sieve in the sink; #C C drains water from the pasta ; #C C puts the sieve in the sink; #C C removes the colander from the pot"
    },
    {
        "Video Name": "eccbb1cd-a12c-4872-a656-d27882c5e462",
        "Start Frame": 3720,
        "End Frame": 3840,
        "Caption": "#C C shakes the sieve; #C C shakes the colander ; #C C puts the strainer in the; #C C carries the colander from the; #C C takes the sieve"
    },
    {
        "Video Name": "eccbb1cd-a12c-4872-a656-d27882c5e462",
        "Start Frame": 3840,
        "End Frame": 3960,
        "Caption": "#C C pours the noodles in the cooking pot; #C C pours the pasta in the sieve; #C C pours food on the sink ; #C C puts the pasta in the sieve; #C C puts the food in the sink"
    },
    {
        "Video Name": "eccbb1cd-a12c-4872-a656-d27882c5e462",
        "Start Frame": 3960,
        "End Frame": 4080,
        "Caption": "#C C picks the food in the sink; #C C picks up a sieve ; #C C takes the sieve from the; #C C picks the sieve ; #C C picks up the colander"
    },
    {
        "Video Name": "eccbb1cd-a12c-4872-a656-d27882c5e462",
        "Start Frame": 4080,
        "End Frame": 4200,
        "Caption": "#C C stirs the food; #C C puts the cooking stick on the cooking; #C C mixes food with a cooking stick; #C C mixes the food; #C C stirs the food"
    },
    {
        "Video Name": "eccbb1cd-a12c-4872-a656-d27882c5e462",
        "Start Frame": 4200,
        "End Frame": 4320,
        "Caption": "#C C puts food in the cooking pot; #C C puts the food in the pot; #C C mixes the food with the cooking; #C C mixes the food ; #C C stirs the food "
    },
    {
        "Video Name": "eccbb1cd-a12c-4872-a656-d27882c5e462",
        "Start Frame": 4320,
        "End Frame": 4440,
        "Caption": "#C C stirs the food ; #C C mixes food with a cooking stick; #C C stirs food; #C C cooks food; #C C puts the food in the cooking"
    },
    {
        "Video Name": "eccbb1cd-a12c-4872-a656-d27882c5e462",
        "Start Frame": 4440,
        "End Frame": 4560,
        "Caption": "#C C stirs the food; #C C stirs the food; #C C stirs the food ; #C C puts the food in the; #C C mixes the food"
    },
    {
        "Video Name": "eccbb1cd-a12c-4872-a656-d27882c5e462",
        "Start Frame": 4560,
        "End Frame": 4680,
        "Caption": "#C C stirs food; #C C stirs the; #C C stirs food; #C C stirs the; #C C stirs the"
    },
    {
        "Video Name": "eccbb1cd-a12c-4872-a656-d27882c5e462",
        "Start Frame": 4680,
        "End Frame": 4800,
        "Caption": "#C C takes the bottle of oil ; #C C picks a container from the counter; #C C picks up a bottle of salt from the; #C C opens the bottle; #C C picks up the container"
    },
    {
        "Video Name": "eccbb1cd-a12c-4872-a656-d27882c5e462",
        "Start Frame": 4800,
        "End Frame": 4920,
        "Caption": "#C C scoops the ingredient from the bottle; #C C tastes the paste; #C C scoops the paste in the tin with the; #C C tastes the food; #C C scoops the spice with a spoon"
    },
    {
        "Video Name": "eccbb1cd-a12c-4872-a656-d27882c5e462",
        "Start Frame": 4920,
        "End Frame": 5040,
        "Caption": "#C C adds the ingredients in the food; #C C adds the spice in the food; #C C adds the ingredient in the food; #C C adds the spice in the food; #C C adds ingredient in the food"
    },
    {
        "Video Name": "eccbb1cd-a12c-4872-a656-d27882c5e462",
        "Start Frame": 5040,
        "End Frame": 5160,
        "Caption": "#C C puts the spices in the; #C C stirs the food; #C C mixes the food ; #C C puts the tomatoes in the; #C C stirs the food"
    },
    {
        "Video Name": "eccbb1cd-a12c-4872-a656-d27882c5e462",
        "Start Frame": 5160,
        "End Frame": 5280,
        "Caption": "#C C places the salt shaker on the; #C C places the tin on the countertop; #C C places the container on the countertop; #C C puts the ingredient in the food; #C C puts the spice on the table"
    },
    {
        "Video Name": "eccbb1cd-a12c-4872-a656-d27882c5e462",
        "Start Frame": 5280,
        "End Frame": 5400,
        "Caption": "#C C mixes food ; #C C stirs food; #C C stirs the food ; #C C stirs food with cooking; #C C stirs the food "
    }
]