[
    {
        "Video Name": "f388ca32-c003-4812-817e-e145a4ac764f",
        "Start Frame": 0,
        "End Frame": 120,
        "Caption": "#C C picks a pack of cards from the table with her left hand; #O A man x puts down cards on the table; #O man X picks a card from the pack of cards.; #C C picks a card from the table.; #C C drops a card on the table."
    },
    {
        "Video Name": "f388ca32-c003-4812-817e-e145a4ac764f",
        "Start Frame": 120,
        "End Frame": 240,
        "Caption": "#O A man x picks up a bottle from a table; #O  The man X drops the cigarette on the table.; #O The man X drops his left hand.; #O the man X picks up a pack of cards from the table; #O man X picks up a smoking pipe from the table. "
    },
    {
        "Video Name": "f388ca32-c003-4812-817e-e145a4ac764f",
        "Start Frame": 240,
        "End Frame": 360,
        "Caption": "#C C drops the bottle on the table.; #C C drops the bottle of shisha on the table.; #O a man X picks up a bottle from the table.; #C C drops the bottle of tobacco on the table with her right; #C C drops the container on the table with her right hand"
    },
    {
        "Video Name": "f388ca32-c003-4812-817e-e145a4ac764f",
        "Start Frame": 360,
        "End Frame": 480,
        "Caption": "#O man X drops cards on the table.; #O  The man X drops the phone on the table.; #O man X drops the card on the table.; #O the man X picks up a card from the table with his right; #O man X picks a bottle on the table."
    },
    {
        "Video Name": "f388ca32-c003-4812-817e-e145a4ac764f",
        "Start Frame": 480,
        "End Frame": 600,
        "Caption": "#O A man X arranges the cards on his; #C C looks around the room; #O the man X drops the card on the table; #O A man X  talks to man C.; #C C looks around the house."
    },
    {
        "Video Name": "f388ca32-c003-4812-817e-e145a4ac764f",
        "Start Frame": 600,
        "End Frame": 720,
        "Caption": "#O a man A mixes cards in his hands; #O man X adjusts the cards in his hands.; #O a man A shuffles cards in his hands; #O a man X picks a card from the table; #O man X arranges the cards on the table"
    },
    {
        "Video Name": "f388ca32-c003-4812-817e-e145a4ac764f",
        "Start Frame": 720,
        "End Frame": 840,
        "Caption": "#C C picks a card from the table.; #O the man X drops the card on the table.; #O man X drops a card on the table.; #O man X drops a card on the table.; #O  The man X picks up a card from the deck of cards on the table"
    },
    {
        "Video Name": "f388ca32-c003-4812-817e-e145a4ac764f",
        "Start Frame": 840,
        "End Frame": 960,
        "Caption": "#O man X arranges the cards in his hand; #O man X arranges the cards in his hands; #O man X arranges cards in his hands; #O the man X arranges the cards in his; #O man X shares the cards on the table."
    },
    {
        "Video Name": "f388ca32-c003-4812-817e-e145a4ac764f",
        "Start Frame": 960,
        "End Frame": 1080,
        "Caption": "#O The man X drops some cards on the table.; #O the man X drops the card in his right hand on the table; #O the man X puts the card on the table with his right hand; #O a man A drops a card on the table.; #O man X puts a card on the table."
    },
    {
        "Video Name": "f388ca32-c003-4812-817e-e145a4ac764f",
        "Start Frame": 1080,
        "End Frame": 1200,
        "Caption": "#O A man X  moves the card on the table; #O the man X drops the card on the table.; #O man X picks a card from the table. ; #O the man X picks up a card from the table; #O man X drops the cards on the table."
    },
    {
        "Video Name": "f388ca32-c003-4812-817e-e145a4ac764f",
        "Start Frame": 1200,
        "End Frame": 1320,
        "Caption": "#O  The man X picks a card from the table.; #O the man X picks a card from the table with his left; #O the man X picks a vape on the table with his right; #O the man X picks the vape from the table with his left; #O man X adjusts the cards on the table with his left hand"
    },
    {
        "Video Name": "f388ca32-c003-4812-817e-e145a4ac764f",
        "Start Frame": 1320,
        "End Frame": 1440,
        "Caption": "#O a man X holds his hands together; #O man X arranges the cards in his hands.; #O a man X arranges the cards; #O a man A spreads his cards; #O man X holds cards with both hands"
    },
    {
        "Video Name": "f388ca32-c003-4812-817e-e145a4ac764f",
        "Start Frame": 1440,
        "End Frame": 1560,
        "Caption": "#O the man X converses with C.; #O a man X talks to C; #O man X moves his hand; #O man X adjusts the cards in his hands.; #O the man X holds the cards in his left"
    },
    {
        "Video Name": "f388ca32-c003-4812-817e-e145a4ac764f",
        "Start Frame": 1560,
        "End Frame": 1680,
        "Caption": "#O a man X talks to C; #O A man x picks up a card from a; #O a man X talks with C; #O the man X talks to C.; #O man X holds the cards with both hands"
    },
    {
        "Video Name": "f388ca32-c003-4812-817e-e145a4ac764f",
        "Start Frame": 1680,
        "End Frame": 1800,
        "Caption": "#O the man X arranges the cards in his hand; #O a man A shuffles cards with both hands. ; #C C drops some cards on the table with her right hand; #O the man X picks up a card from the table with his right; #O A man Y places the cards on the table"
    },
    {
        "Video Name": "f388ca32-c003-4812-817e-e145a4ac764f",
        "Start Frame": 1800,
        "End Frame": 1920,
        "Caption": "#C C drops a card on the table; #O the man X moves his hands; #C C drops a card on the table; #C C plays a card.; #C C drops a card on the table"
    },
    {
        "Video Name": "f388ca32-c003-4812-817e-e145a4ac764f",
        "Start Frame": 1920,
        "End Frame": 2040,
        "Caption": "#C C picks a card from the table.; #C C picks a card from the deck of cards on the table.; #O man X picks a card from the deck of cards.; #C C picks up a card from the deck of cards on the table; #C C drops a card on the table."
    },
    {
        "Video Name": "f388ca32-c003-4812-817e-e145a4ac764f",
        "Start Frame": 2040,
        "End Frame": 2160,
        "Caption": "#C C drops a card on the table with her right; #C C drops a card on the table with her right; #C C drops a card on the table with her right; #C C drops a card on the table with her right; #C C drops a card on the table with her right"
    },
    {
        "Video Name": "f388ca32-c003-4812-817e-e145a4ac764f",
        "Start Frame": 2160,
        "End Frame": 2280,
        "Caption": "#O man X picks a card from the deck of cards on the table.; #O  The man X picks another card from the table.; #O man X picks a card from the table.; #O  The man X picks up a card from the deck of cards on the table; #O man X picks a card from the deck of cards on the table."
    },
    {
        "Video Name": "f388ca32-c003-4812-817e-e145a4ac764f",
        "Start Frame": 2280,
        "End Frame": 2400,
        "Caption": "#O a man A touches his face; #O man Y aligns his cards ; #O a man A holds cards in his; #O a man A looks at the cards; #C C looks around the room."
    },
    {
        "Video Name": "f388ca32-c003-4812-817e-e145a4ac764f",
        "Start Frame": 2400,
        "End Frame": 2520,
        "Caption": "#O  The man X drops the pipe on the table.; #O  The man X drops the pipe on the table.; #O  The man X drops the cigar pipe on the table; #O  The man X drops the tobacco on the table.; #O  The man X drops the bottle on the table."
    },
    {
        "Video Name": "f388ca32-c003-4812-817e-e145a4ac764f",
        "Start Frame": 2520,
        "End Frame": 2640,
        "Caption": "#O the man X smokes the tobacco; #O man X smokes from the pipe.; #O the man X smokes from the vape.; #C C drops the vape on the table.; #C C picks up the vaping device from the table"
    },
    {
        "Video Name": "f388ca32-c003-4812-817e-e145a4ac764f",
        "Start Frame": 2640,
        "End Frame": 2760,
        "Caption": "#O a man A picks card from the table.; #O the man X passes the card from his left hand to his right; #O man X picks a card from the deck of cards on the table; #O  The man X opens a card in his hands.; #C C drops a card on the table with her left hand"
    },
    {
        "Video Name": "f388ca32-c003-4812-817e-e145a4ac764f",
        "Start Frame": 2760,
        "End Frame": 2880,
        "Caption": "#O man X picks a card from the table; #C C holds the cards with both hands; #O a man A puts cards on the table; #O man X picks a card from the table; #C C drops the pen on the table."
    },
    {
        "Video Name": "f388ca32-c003-4812-817e-e145a4ac764f",
        "Start Frame": 2880,
        "End Frame": 3000,
        "Caption": "#O the man X picks a card from the deck of cards on the table with his left hand; #O man X picks a card from the table.; #O man X picks a card from the deck of cards on the table.; #O the man X picks up a card from the deck of cards on the table with his left; #O man X picks a card from the deck of cards on the table."
    },
    {
        "Video Name": "f388ca32-c003-4812-817e-e145a4ac764f",
        "Start Frame": 3000,
        "End Frame": 3120,
        "Caption": "#O man X picks a card from the table.; #O  The man X picks a card from the table; #O man X drops a card on the table.; #O  The man X drops a card on the table; #O man X drops a card on the table."
    },
    {
        "Video Name": "f388ca32-c003-4812-817e-e145a4ac764f",
        "Start Frame": 3120,
        "End Frame": 3240,
        "Caption": "#O man X picks a card from the deck of cards on the table; #O man X picks a card from the stacked cards on the table.; #O The man X drops the phone on the table.; #O the man X picks his cards from the table.; #O the man X picks the cards from the table."
    },
    {
        "Video Name": "f388ca32-c003-4812-817e-e145a4ac764f",
        "Start Frame": 3240,
        "End Frame": 3360,
        "Caption": "#O the man X holds the cards with both hands; #O the man X spreads the cards in his hands; #O The man X arranges the cards in his hands.; #O a man X picks a card from the table; #O  The man X picks a card from the cards on the table"
    },
    {
        "Video Name": "f388ca32-c003-4812-817e-e145a4ac764f",
        "Start Frame": 3360,
        "End Frame": 3480,
        "Caption": "#O man X arranges the cards in his hands.; #O man X arranges the cards in his hands; #O the man X flips a card over with his right; #O the man X drops some cards on the table.; #O the man X adjusts the cards in his hands"
    },
    {
        "Video Name": "f388ca32-c003-4812-817e-e145a4ac764f",
        "Start Frame": 3480,
        "End Frame": 3600,
        "Caption": "#O a man A picks a card from the table.; #C C picks a card from the table with her right hand; #C C picks a card from the stacked cards on the table with his left; #O the man X picks a card from the table with his right hand; #O man X picks a card from the table."
    },
    {
        "Video Name": "f388ca32-c003-4812-817e-e145a4ac764f",
        "Start Frame": 3600,
        "End Frame": 3720,
        "Caption": "#O man X arranges the cards in his hands; #O  The man X arranges the cards in his hands.; #O the man X picks some cards from the table with his left hand; #O the man X opens the card in his left hand with his right hand; #O man X arranges the cards in his hands."
    },
    {
        "Video Name": "f388ca32-c003-4812-817e-e145a4ac764f",
        "Start Frame": 3720,
        "End Frame": 3840,
        "Caption": "#O  The man X drops some cards on the table.; #O the man X drops the card on the table.; #O  The man X drops a card on the table.; #O  The man X picks a card from the table.; #O the man X drops the card on the table with his right"
    },
    {
        "Video Name": "f388ca32-c003-4812-817e-e145a4ac764f",
        "Start Frame": 3840,
        "End Frame": 3960,
        "Caption": "#O man X drops a card on the table; #O man X drops a card on the table; #O man X drops a card on the table; #O man A drops a card on the table; #O man A drops a card on the table"
    },
    {
        "Video Name": "f388ca32-c003-4812-817e-e145a4ac764f",
        "Start Frame": 3960,
        "End Frame": 4080,
        "Caption": "#O a man A drops a card on the table.; #O man X picks a card from the table.; #O man X picks a card from the table.; #O man X picks a card from the table.; #O man X picks a card from the table."
    },
    {
        "Video Name": "f388ca32-c003-4812-817e-e145a4ac764f",
        "Start Frame": 4080,
        "End Frame": 4200,
        "Caption": "#O  The man X drops the vape on the table; #C C picks a card from the table.; #O man X drops the cards on the table.; #C  C picks up a card from the table.; #C C picks up the smoke pipe from the table."
    },
    {
        "Video Name": "f388ca32-c003-4812-817e-e145a4ac764f",
        "Start Frame": 4200,
        "End Frame": 4320,
        "Caption": "#O man X smokes from the pipe.; #O man X smokes from the cigar.; #C C talks to man X ; #C C drops the card on the table; #O man X smokes from the pipe."
    },
    {
        "Video Name": "f388ca32-c003-4812-817e-e145a4ac764f",
        "Start Frame": 4320,
        "End Frame": 4440,
        "Caption": "#O Man X picks a card from the deck of cards on the table with his left; #O man X picks a card from the table.; #O man X picks a card from the stacked cards on the table.; #O man X picks up a card; #O man X picks a card from the table."
    },
    {
        "Video Name": "f388ca32-c003-4812-817e-e145a4ac764f",
        "Start Frame": 4440,
        "End Frame": 4560,
        "Caption": "#O man X shares the card.; #O the man X drops cards on the table with his right hand; #O the man X moves the cards on the table with his right; #O  The man X drops the cards on the table.; #O man X drops a card on the table."
    },
    {
        "Video Name": "f388ca32-c003-4812-817e-e145a4ac764f",
        "Start Frame": 4560,
        "End Frame": 4680,
        "Caption": "#C C picks a card from the deck of cards on the table with her right; #O man X holds cards in his hands.; #C C picks a card from the table with her right hand; #C C picks up a card from the table.; #O man X arranges the cards in his hands."
    },
    {
        "Video Name": "f388ca32-c003-4812-817e-e145a4ac764f",
        "Start Frame": 4680,
        "End Frame": 4800,
        "Caption": "#O man A drops card on table ; #C C interacts with man X.; #C C interacts with man X.; #O a man A leans forward; #O man A shuffles the cards in his hands"
    },
    {
        "Video Name": "f388ca32-c003-4812-817e-e145a4ac764f",
        "Start Frame": 4800,
        "End Frame": 4920,
        "Caption": "#O The man X drops the card on the table.; #O  The man X drops a card on the table.; #O the man X drops a card on the table with his left; #O the man X drops a card on the table with his left; #O  The man X drops some cards on the table."
    },
    {
        "Video Name": "f388ca32-c003-4812-817e-e145a4ac764f",
        "Start Frame": 4920,
        "End Frame": 5040,
        "Caption": "#C C picks a card from the table with her right hand; #O the man X arranges the cards on the table with both; #C C picks a card from the table.; #C C picks a card from the table.; #O The man X picks up a card from the table."
    },
    {
        "Video Name": "f388ca32-c003-4812-817e-e145a4ac764f",
        "Start Frame": 5040,
        "End Frame": 5160,
        "Caption": "#O man A shuffles cards in his hands. ; #O man X picks a card from the table.; #O the man X picks a card from the table with his left; #C C picks a card from the table with her left hand; #C C picks up a card from the table with her right hand"
    },
    {
        "Video Name": "f388ca32-c003-4812-817e-e145a4ac764f",
        "Start Frame": 5160,
        "End Frame": 5280,
        "Caption": "#O man X drops the poker cards on the table; #O a man A holds cards on the table; #O A man y interacts with c; #O a man A holds cards on the table; #O man X arranges the cards on the table"
    },
    {
        "Video Name": "f388ca32-c003-4812-817e-e145a4ac764f",
        "Start Frame": 5280,
        "End Frame": 5400,
        "Caption": "#O  The man X drops the vape pen on the table.; #O man A coughs.; #O the man X adjusts the glasses on his face with his right; #O man X smokes from the tobacco; #O the man X picks a card from the table with his left"
    }
]