[
    {
        "Video Name": "f60b20bb-ba25-4eea-a09f-01bbe8bbda88",
        "Start Frame": 0,
        "End Frame": 120,
        "Caption": "#C C cleans the cupboard ; #C C wipes chest of drawers with cloth; #C C wipes the cupboard ; #C C sprays the cabinet with the wooden furniture cleaning spray; #C C cleans the cupboard with the rag in her right hand"
    },
    {
        "Video Name": "f60b20bb-ba25-4eea-a09f-01bbe8bbda88",
        "Start Frame": 120,
        "End Frame": 240,
        "Caption": "#C C puts spray on the cupboard; #C C places spray on the chest of draw; #C C places spray on the chest of draw; #C C drops spray on floor ; #C C cleans the cabinet"
    },
    {
        "Video Name": "f60b20bb-ba25-4eea-a09f-01bbe8bbda88",
        "Start Frame": 240,
        "End Frame": 360,
        "Caption": "#C C holds a bottle; #C C wipes chest of drawers with cloth; #C C cleans the cupboard ; #C C sprays on the chest of drawers with; #C C wipes a shelf with a cloth"
    },
    {
        "Video Name": "f60b20bb-ba25-4eea-a09f-01bbe8bbda88",
        "Start Frame": 360,
        "End Frame": 480,
        "Caption": "#C C sprays on the chest of drawers with; #C C sprays on the chest of drawers; #C C sprays on the chest of drawers with; #C C sprays the cupboard; #C C sprays the cupboard "
    },
    {
        "Video Name": "f60b20bb-ba25-4eea-a09f-01bbe8bbda88",
        "Start Frame": 480,
        "End Frame": 600,
        "Caption": "#C C wipes chest of drawers with cloth; #C C wipes chest of drawers with cloth; #C C sprays on the chest of drawers with; #C C wipes chest of drawers with cloth; #C C wipes the cupboard with a piece of cloth"
    },
    {
        "Video Name": "f60b20bb-ba25-4eea-a09f-01bbe8bbda88",
        "Start Frame": 600,
        "End Frame": 720,
        "Caption": "#C C sprays on the chest of drawers with; #C C sprays the cupboard; #C C wipes the cupboard; #C C cleans the cabinet; #C C wipes the cupboard "
    },
    {
        "Video Name": "f60b20bb-ba25-4eea-a09f-01bbe8bbda88",
        "Start Frame": 720,
        "End Frame": 840,
        "Caption": "#C C wipes the cupboard with the cloth; #C C wipes the cupboard ; #C C wipes chest of drawers with cloth; #C C wipes chest of drawers with cloth; #C C wipes the cupboard with the cloth"
    },
    {
        "Video Name": "f60b20bb-ba25-4eea-a09f-01bbe8bbda88",
        "Start Frame": 840,
        "End Frame": 960,
        "Caption": "#C C wipes the shelve with the rag in her left hand; #C C sprays on the chest of drawers with spray; #C C sprays the cabinet with the wooden furniture cleaning spray; #C C wipes the cupboard with a piece of cloth; #C C sprays the cabinet"
    },
    {
        "Video Name": "f60b20bb-ba25-4eea-a09f-01bbe8bbda88",
        "Start Frame": 960,
        "End Frame": 1080,
        "Caption": "#C C wipes chest of drawers with cloth; #C C cleans the cabinet; #C C cleans the shelf with the rag in her left hand.; #C C cleans the shelve with the rag in her right hand; #C C wipes chest of drawers with cloth"
    },
    {
        "Video Name": "f60b20bb-ba25-4eea-a09f-01bbe8bbda88",
        "Start Frame": 1080,
        "End Frame": 1200,
        "Caption": "#C C sprays the cupboard; #C C sprays the cupboard; #C C sprays the cabinet; #C C sprays the cabinet; #C C sprays on the chest of drawers with"
    },
    {
        "Video Name": "f60b20bb-ba25-4eea-a09f-01bbe8bbda88",
        "Start Frame": 1200,
        "End Frame": 1320,
        "Caption": "#C C cleans the shelve with the rag in her right hand; #C C sprays the cupboard with the spray; #C C cleans the cabinet with the rag in her right hand.; #C C wipes the cupboard with the towel in her left hand; #C C sprays the cupboard"
    },
    {
        "Video Name": "f60b20bb-ba25-4eea-a09f-01bbe8bbda88",
        "Start Frame": 1320,
        "End Frame": 1440,
        "Caption": "#C C sprays the shelf with the wood cleaner in her right hand; #C C scraps the cupboard with the scraper; #C C wipes chest of drawers with cloth; #C C scrapes chest of drawers with scraper; #C C wipes chest of drawers with cloth"
    },
    {
        "Video Name": "f60b20bb-ba25-4eea-a09f-01bbe8bbda88",
        "Start Frame": 1440,
        "End Frame": 1560,
        "Caption": "#C C sprays the cupboard ; #C C sprays the cupboard; #C C sprays on the chest of drawers; #C C sprays the cabinet with the wooden furniture cleaning; #C C sprays the cabinet"
    },
    {
        "Video Name": "f60b20bb-ba25-4eea-a09f-01bbe8bbda88",
        "Start Frame": 1560,
        "End Frame": 1680,
        "Caption": "#C C sprays the cupboard ; #C C sprays the shelf with the wood cleaner in her left hand; #C C sprays the shelf with the wooden furniture cleaning spray; #C C sprays the shelf with the spray bottle in her right hand; #C C sprays the cupboard with the spray"
    },
    {
        "Video Name": "f60b20bb-ba25-4eea-a09f-01bbe8bbda88",
        "Start Frame": 1680,
        "End Frame": 1800,
        "Caption": "#C C wipes the cupboard ; #C C sprays on the chest of drawers; #C C sprays the shelve with the spray bottle in her right hand; #C C sprays the cupboard with the wooden furniture cleaning spray; #C C cleans the shelf with the rag in her right hand."
    },
    {
        "Video Name": "f60b20bb-ba25-4eea-a09f-01bbe8bbda88",
        "Start Frame": 1800,
        "End Frame": 1920,
        "Caption": "#C C sprays the cabinet; #C C sprays on the chest of drawers; #C C sprays the cupboard ; #C C sprays the cupboard with the spray; #C C wipes the cupboard with the hand towel in her right hand"
    },
    {
        "Video Name": "f60b20bb-ba25-4eea-a09f-01bbe8bbda88",
        "Start Frame": 1920,
        "End Frame": 2040,
        "Caption": "#C C wipes the cupboard ; #C C wipes chest of drawers with cloth; #C C holds the wooden rack with her left hand; #C C sprays the cabinet; #C C wipes the cupboard"
    },
    {
        "Video Name": "f60b20bb-ba25-4eea-a09f-01bbe8bbda88",
        "Start Frame": 2040,
        "End Frame": 2160,
        "Caption": "#C C wipes the cupboard; #C C cleans furniture with a towel; #C C wipes chest of drawers with; #C C wipes chest of drawers with; #C C wipes the cupboard with the"
    },
    {
        "Video Name": "f60b20bb-ba25-4eea-a09f-01bbe8bbda88",
        "Start Frame": 2160,
        "End Frame": 2280,
        "Caption": "#C C scrubs the cupboard; #C C wipes the cupboard ; #C C sprays on the chest of drawers with; #C C wipes the cupboard; #C C wipes the cupboard with the cloth"
    },
    {
        "Video Name": "f60b20bb-ba25-4eea-a09f-01bbe8bbda88",
        "Start Frame": 2280,
        "End Frame": 2400,
        "Caption": "#C C sprays the cupboard ; #C C sprays on the chest of draw; #C C picks a scraper; #C C looks around; #C C looks around"
    },
    {
        "Video Name": "f60b20bb-ba25-4eea-a09f-01bbe8bbda88",
        "Start Frame": 2400,
        "End Frame": 2520,
        "Caption": "#C C wipes the cupboard with the cloth; #C C wipes the cupboard; #C C wipes the cupboard with the cloth ; #C C cleans the shelve with the rag in her right hand; #C C wipes the cupboard "
    },
    {
        "Video Name": "f60b20bb-ba25-4eea-a09f-01bbe8bbda88",
        "Start Frame": 2520,
        "End Frame": 2640,
        "Caption": "#C C wipes hand with cloth; #C C wipes the cupboard ; #C C wipes the cupboard with the cloth; #C C holds the wooden surface with his left; #C C wipes the cupboard with the cloth"
    },
    {
        "Video Name": "f60b20bb-ba25-4eea-a09f-01bbe8bbda88",
        "Start Frame": 2640,
        "End Frame": 2760,
        "Caption": "#C C sprays the cupboard ; #C C cleans the cabinet; #C C sprays the cabinet; #C C holds the cloth with her left hand; #C C sprays on the chest of draw"
    },
    {
        "Video Name": "f60b20bb-ba25-4eea-a09f-01bbe8bbda88",
        "Start Frame": 2760,
        "End Frame": 2880,
        "Caption": "#C C sprays the cabinet with the spray; #C C sprays on the chest of draw; #C C sprays on the chest of draw; #C C sprays the cupboard; #C C sprays the cabinet"
    },
    {
        "Video Name": "f60b20bb-ba25-4eea-a09f-01bbe8bbda88",
        "Start Frame": 2880,
        "End Frame": 3000,
        "Caption": "#C C picks the spray bottle on the chest of drawers with her right hand; #C C places spray on the wood; #C C picks spray with right hand; #C C picks the spray bottle; #C C picks a spray bottle"
    },
    {
        "Video Name": "f60b20bb-ba25-4eea-a09f-01bbe8bbda88",
        "Start Frame": 3000,
        "End Frame": 3120,
        "Caption": "#C C  sprays a wood with a spray; #C C  touches a wood with a hand; #C C looks around; #C C puts spray down; #C C looks around"
    },
    {
        "Video Name": "f60b20bb-ba25-4eea-a09f-01bbe8bbda88",
        "Start Frame": 3120,
        "End Frame": 3240,
        "Caption": "#C C picks a scraper; #C C picks a sandpaper ; #C C picks a scraper; #C C places spray on the cup; #C C picks a brush"
    },
    {
        "Video Name": "f60b20bb-ba25-4eea-a09f-01bbe8bbda88",
        "Start Frame": 3240,
        "End Frame": 3360,
        "Caption": "#C C sprays the shelve with the spray bottle in her right hand; #C C picks the wood cleaner with her right hand; #C C wipes the cupboard with the towel; #C C sprays the cupboard with the wooden furniture cleaning spray; #C C sprays on the chest of drawers with spray"
    },
    {
        "Video Name": "f60b20bb-ba25-4eea-a09f-01bbe8bbda88",
        "Start Frame": 3360,
        "End Frame": 3480,
        "Caption": "#C C picks up the cloth; #C C places hand on the shelve; #C C  wipes a wooden surface with a cloth.; #C C wipes the cupboard with the cloth ; #C C  smoothens a wood with a sandpaper"
    },
    {
        "Video Name": "f60b20bb-ba25-4eea-a09f-01bbe8bbda88",
        "Start Frame": 3480,
        "End Frame": 3600,
        "Caption": "#C C sprays the wooden surface with the wooden furniture cleaning spray; #C C sprays the cupboard with the spray; #C C sprays the cupboard; #C C sprays the cupboard with the spray bottle; #C C sprays the shelve with the spray bottle in her right hand"
    },
    {
        "Video Name": "f60b20bb-ba25-4eea-a09f-01bbe8bbda88",
        "Start Frame": 3600,
        "End Frame": 3720,
        "Caption": "#C C places spray on the chest of drawers; #C C sprays on the chest of drawers with spray; #C C sprays the shelf with the wood cleaner in her right hand; #C C cleans the shelf with the cloth in her left hand.; #C C sprays the shelf with the wood cleaner in her right hand"
    },
    {
        "Video Name": "f60b20bb-ba25-4eea-a09f-01bbe8bbda88",
        "Start Frame": 3720,
        "End Frame": 3840,
        "Caption": "#C C wipes the cupboard with the cloth; #C C wipes the shelf with the cloth; #C C wipes the cupboard with the cloth; #C C wipes the cupboard with the cloth; #C C wipes the wooden surface with a kitchen"
    },
    {
        "Video Name": "f60b20bb-ba25-4eea-a09f-01bbe8bbda88",
        "Start Frame": 3840,
        "End Frame": 3960,
        "Caption": "#C C looks around; #C C looks around; #C C wipes the cupboard with the cloth; #C C wipes the cupboard; #C C cleans the shelf with the rag in her right hand"
    },
    {
        "Video Name": "f60b20bb-ba25-4eea-a09f-01bbe8bbda88",
        "Start Frame": 3960,
        "End Frame": 4080,
        "Caption": "#C C wipes the cupboard with the cloth; #C C wipes the wooden rack with a kitchen; #C C cleans the shelf with the cloth.; #C C wipes the furniture with a towel; #C C wipes the furniture"
    },
    {
        "Video Name": "f60b20bb-ba25-4eea-a09f-01bbe8bbda88",
        "Start Frame": 4080,
        "End Frame": 4200,
        "Caption": "#C C wipes the cupboard with the tissue paper; #C C wipes the cupboard with the serviet; #C C wipes the cupboard with a saviet; #C C wipes the cupboard with the tissue paper; #C C wipes the cupboard "
    },
    {
        "Video Name": "f60b20bb-ba25-4eea-a09f-01bbe8bbda88",
        "Start Frame": 4200,
        "End Frame": 4320,
        "Caption": "#C C places the spray bottle on the wooden shelf with her right hand.; #C C sprays the cupboard; #C C applies the wood polish on the wooden shelf with the piece of cloth in her right hand; #C C cleans the cupboard with the cloth in her right hand.; #C C sprays the cupboard"
    },
    {
        "Video Name": "f60b20bb-ba25-4eea-a09f-01bbe8bbda88",
        "Start Frame": 4320,
        "End Frame": 4440,
        "Caption": "#C C cleans furniture with a towel; #C C wipes the cupboard; #C C wipes drawer with cloth; #C C wipes the cupboard; #C C wipes the cupboard with the cloth"
    },
    {
        "Video Name": "f60b20bb-ba25-4eea-a09f-01bbe8bbda88",
        "Start Frame": 4440,
        "End Frame": 4560,
        "Caption": "#C C wipes the wooden rack with a kitchen towel; #C C wipes the cupboard ; #C C cleans the shelf with the rag in her right hand; #C C wipes the cupboard ; #C C wipes chest of drawers with cloth"
    },
    {
        "Video Name": "f60b20bb-ba25-4eea-a09f-01bbe8bbda88",
        "Start Frame": 4560,
        "End Frame": 4680,
        "Caption": "#C C sprays the cabinet; #C C cleans the cupboard ; #C C sprays on the chest of draw; #C C sprays the cupboard; #C C sprays on the chest of draw"
    },
    {
        "Video Name": "f60b20bb-ba25-4eea-a09f-01bbe8bbda88",
        "Start Frame": 4680,
        "End Frame": 4800,
        "Caption": "#C C wipes the cabinet; #C C sprays the cupboard ; #C C cleans the shelve with the rag in her right hand.; #C C wipes the wooden shelf with the napkin in her left hand.; #C C picks spray from the cupboard"
    },
    {
        "Video Name": "f60b20bb-ba25-4eea-a09f-01bbe8bbda88",
        "Start Frame": 4800,
        "End Frame": 4920,
        "Caption": "#C C sprays the shelve with the spray bottle in her right hand; #C C holds the cloth with her left hand.; #C C wipes the shelf with the piece of cloth in her left hand.; #C C sprays the shelve with the spray bottle in her right hand; #C C wipes the cupboard "
    },
    {
        "Video Name": "f60b20bb-ba25-4eea-a09f-01bbe8bbda88",
        "Start Frame": 4920,
        "End Frame": 5040,
        "Caption": "#C C holds the hand towel with her right hand; #C C holds the cloth with both hands.; #C C passes the spray bottle to her left hand.; #C C passes the cloth to her left hand; #C C drops the hand towel on the cloth with her left hand"
    },
    {
        "Video Name": "f60b20bb-ba25-4eea-a09f-01bbe8bbda88",
        "Start Frame": 5040,
        "End Frame": 5160,
        "Caption": "#C C moves the chest of drawers; #C C puts the spray on the cupboard; #C C drops the bottle on the floor with her right hand; #C C puts the cloth on the cabinet; #C C puts down the cloth"
    },
    {
        "Video Name": "f60b20bb-ba25-4eea-a09f-01bbe8bbda88",
        "Start Frame": 5160,
        "End Frame": 5280,
        "Caption": "#C C wipes the wooden surface with a kitchen; #C C wipes a wooden stand with a kitchen; #C C wipes the cupboard with the cloth; #C C wipes chest of drawers with cloth; #C C wipes the cupboard with the cloth"
    },
    {
        "Video Name": "f60b20bb-ba25-4eea-a09f-01bbe8bbda88",
        "Start Frame": 5280,
        "End Frame": 5400,
        "Caption": "#C C cleans the cabinet; #C C cleans the shelve with the rag in her right hand; #C C wipes chest of drawers with cloth; #C C cleans the furniture with the cloth in her right hand.; #C C wipes chest of drawers with cloth"
    }
]