[
    {
        "Video Name": "f671a773-cb56-49ed-ae8c-a529c977b33d",
        "Start Frame": 0,
        "End Frame": 120,
        "Caption": "#C C takes the steel bolt from the floor; #C C picks a steel bolt.; #C C picks the steel bolt on the floor; #C C picks a metal rod; #C C picks up the steel rod"
    },
    {
        "Video Name": "f671a773-cb56-49ed-ae8c-a529c977b33d",
        "Start Frame": 120,
        "End Frame": 240,
        "Caption": "#C C fixes the steel on the metal rod; #C C fixes the metal cap to the metal rod; #C C fixes the steel on the metal rod; #C C connects the steel bolt on the steel metal; #C C fixes the steel metal on the steel rod"
    },
    {
        "Video Name": "f671a773-cb56-49ed-ae8c-a529c977b33d",
        "Start Frame": 240,
        "End Frame": 360,
        "Caption": "#C C welds the steel metal with the welding machine; #C C welds the rod; #C C welds the steel metal with the welding machine; #C C welds the steel metal with welding machine.; #C C welds the steel metal with the welding machine"
    },
    {
        "Video Name": "f671a773-cb56-49ed-ae8c-a529c977b33d",
        "Start Frame": 360,
        "End Frame": 480,
        "Caption": "#C C puts the welding gun on the floor; #C C looks around.; #C C puts the welding gun down.; #C C puts welding gun down.; #C C puts the welding machine on the floor"
    },
    {
        "Video Name": "f671a773-cb56-49ed-ae8c-a529c977b33d",
        "Start Frame": 480,
        "End Frame": 600,
        "Caption": "#C C hammers the metal rod; #C C hits the steel metal with hammer; #C C hits the steel metal with hammer; #C C hammers the metal rod; #C C hammers the metal rod"
    },
    {
        "Video Name": "f671a773-cb56-49ed-ae8c-a529c977b33d",
        "Start Frame": 600,
        "End Frame": 720,
        "Caption": "#C C welds the steel metal with welding machine.; #C C welds a steel metal with a welding machine; #C C welds the steel metal with a welding machine; #C C welds the steel metal with welding machine.; #C C welds the steel metal with welding machine."
    },
    {
        "Video Name": "f671a773-cb56-49ed-ae8c-a529c977b33d",
        "Start Frame": 720,
        "End Frame": 840,
        "Caption": "#C C looks around ; #C C looks around ; #O person X looks around; #C C looks around; #C C looks around."
    },
    {
        "Video Name": "f671a773-cb56-49ed-ae8c-a529c977b33d",
        "Start Frame": 840,
        "End Frame": 960,
        "Caption": "#C C welds the steel; #C C picks up the electrode; #C C picks the welding rod; #C C picks the welding machine; #C C picks the welding machine"
    },
    {
        "Video Name": "f671a773-cb56-49ed-ae8c-a529c977b33d",
        "Start Frame": 960,
        "End Frame": 1080,
        "Caption": "#C C welds the steel metal with welding machine.; #C C welds the steel metal with the welding machine; #C C welds the steel metal with welding machine.; #C C welds the steel metal with the welding machine; #C C welds the steel metal with the welding machine"
    },
    {
        "Video Name": "f671a773-cb56-49ed-ae8c-a529c977b33d",
        "Start Frame": 1080,
        "End Frame": 1200,
        "Caption": "#C C welds the steel metal with welding machine.; #C C picks the welding machine; #C C puts the welding machine on the floor.; #C C welds the steel metal with the welding machine; #C C hammers the metal rod"
    },
    {
        "Video Name": "f671a773-cb56-49ed-ae8c-a529c977b33d",
        "Start Frame": 1200,
        "End Frame": 1320,
        "Caption": "#C C takes a metal rod; #C C puts hammer on the floor; #C C takes a hammer ; #C C takes hammer ; #C C puts the hammer on the floor"
    },
    {
        "Video Name": "f671a773-cb56-49ed-ae8c-a529c977b33d",
        "Start Frame": 1320,
        "End Frame": 1440,
        "Caption": "#C C arranges the steel bolt on the floor; #C C puts the steel bolt on the floor.; #C C fixes the steel bolt to the steel metal; #C C puts the steel bolt on the floor.; #C C puts the steel bolt on the floor."
    },
    {
        "Video Name": "f671a773-cb56-49ed-ae8c-a529c977b33d",
        "Start Frame": 1440,
        "End Frame": 1560,
        "Caption": "#C C picks up the steel bolt from the floor; #C C fixes the steel bolt on the steel metal; #C C fixes the steel bolt to the steel metal; #C C puts steel bolt in the steel metal.; #C C removes the steel bolt from the steel metal"
    },
    {
        "Video Name": "f671a773-cb56-49ed-ae8c-a529c977b33d",
        "Start Frame": 1560,
        "End Frame": 1680,
        "Caption": "#C C fixes the steel bolt to the steel metal; #C C fixes the steel bolt to the steel metal; #C C fixes the steel bolt to the steel metal; #C C fixes the steel bolt to the steel metal; #C C fixes the steel bolt to the steel metal"
    },
    {
        "Video Name": "f671a773-cb56-49ed-ae8c-a529c977b33d",
        "Start Frame": 1680,
        "End Frame": 1800,
        "Caption": "#C C removes the steel bolt from the steel metal; #C C fixes the steel bolt on the steel metal; #C C fixes the steel bolt to the steel metal; #C C fixes the steel bolt to the steel metal; #C C fixes the steel bolt to the steel metal"
    },
    {
        "Video Name": "f671a773-cb56-49ed-ae8c-a529c977b33d",
        "Start Frame": 1800,
        "End Frame": 1920,
        "Caption": "#C C fixes the steel bolt to the steel metal; #C C attaches the steel bolt to the steel metal; #C C fixes the steel bolt to the steel metal; #C C fixes the steel bolt to the steel metal; #C C fixes the steel bolt to the steel metal"
    },
    {
        "Video Name": "f671a773-cb56-49ed-ae8c-a529c977b33d",
        "Start Frame": 1920,
        "End Frame": 2040,
        "Caption": "#C C fixes the steel bolt on the steel metal; #C C removes the steel bolt from the steel metal; #C C fixes the steel bolt to the steel metal; #C C fixes the steel bolt on the steel metal; #C C attaches the steel bolt to the steel metal"
    },
    {
        "Video Name": "f671a773-cb56-49ed-ae8c-a529c977b33d",
        "Start Frame": 2040,
        "End Frame": 2160,
        "Caption": "#C C fixes the steel bolt to the steel metal; #C C joins the steel bolt to the steel metal; #C C fixes the steel bolt to the steel metal; #C C fixes the steel bolt to the steel metal; #C C fixes the steel bolt to the steel metal"
    },
    {
        "Video Name": "f671a773-cb56-49ed-ae8c-a529c977b33d",
        "Start Frame": 2160,
        "End Frame": 2280,
        "Caption": "#C C picks the steel bolt.; #C C takes steel bolt on the floor.; #C C takes steel bolt on the floor.; #C C removes the steel bolt from the steel metal; #C C removes the steel bolt from the steel metal"
    },
    {
        "Video Name": "f671a773-cb56-49ed-ae8c-a529c977b33d",
        "Start Frame": 2280,
        "End Frame": 2400,
        "Caption": "#C C removes the steel bolt from the steel metal; #C C fixes the steel bolt to the steel metal; #C C fixes the steel metal on the steel rod; #C C removes the steel bolt from the steel metal; #C C fixes the steel bolt to the steel metal"
    },
    {
        "Video Name": "f671a773-cb56-49ed-ae8c-a529c977b33d",
        "Start Frame": 2400,
        "End Frame": 2520,
        "Caption": "#C C removes the steel bolt from the steel metal; #C C picks the steel bolt on the floor.; #C C takes a steel bolt from the floor.; #C C fixes the steel bolt to the steel metal; #C C fixes the steel metal on the steel rod"
    },
    {
        "Video Name": "f671a773-cb56-49ed-ae8c-a529c977b33d",
        "Start Frame": 2520,
        "End Frame": 2640,
        "Caption": "#C C fixes the steel metal on the steel rod; #C C fixes the steel bolt to the steel metal; #C C fixes the steel bolt on the steel metal; #C C fixes the steel bolt to the steel metal; #C C fixes the steel bolt to the steel metal"
    },
    {
        "Video Name": "f671a773-cb56-49ed-ae8c-a529c977b33d",
        "Start Frame": 2640,
        "End Frame": 2760,
        "Caption": "#C C fixes the steel bolt on the steel metal; #C C attaches the steel pipe to the steel rod; #C C fixes the steel on the steel rod; #C C fixes the steel metal on the steel rod; #C C fixes the steel metal on the steel rod"
    },
    {
        "Video Name": "f671a773-cb56-49ed-ae8c-a529c977b33d",
        "Start Frame": 2760,
        "End Frame": 2880,
        "Caption": "#C C picks welding machine ; #C C picks up the welding machine ; #C C puts the welding machine on the; #C C puts the welding gun on the; #C C picks the welding machine"
    },
    {
        "Video Name": "f671a773-cb56-49ed-ae8c-a529c977b33d",
        "Start Frame": 2880,
        "End Frame": 3000,
        "Caption": "#C C welds the steel rod with the welding machine; #C C welds the steel metal with the welding machine; #C C welds the steel metal with the welding machine; #C C welds the steel metal with the welding machine; #C C welds a steel rod"
    },
    {
        "Video Name": "f671a773-cb56-49ed-ae8c-a529c977b33d",
        "Start Frame": 3000,
        "End Frame": 3120,
        "Caption": "#C C welds the steel metal with welding machine.; #C C rotates the metal rod; #C C welds the steel metal with the welding machine; #C C welds the steel metal with the welding machine; #C C turns the metal."
    },
    {
        "Video Name": "f671a773-cb56-49ed-ae8c-a529c977b33d",
        "Start Frame": 3120,
        "End Frame": 3240,
        "Caption": "#C C welds the metal with the welding machine; #C C welds the steel metal with welding machine; #C C welds the metal rod with a welding; #C C welds the steel metal with welding machine; #C C puts a welding machine on the ground"
    },
    {
        "Video Name": "f671a773-cb56-49ed-ae8c-a529c977b33d",
        "Start Frame": 3240,
        "End Frame": 3360,
        "Caption": "#C C puts hammer down ; #C C hammers the steel rod on the; #C C picks hammer; #C C hits the steel rod with the hammer; #C C hammers the metal"
    },
    {
        "Video Name": "f671a773-cb56-49ed-ae8c-a529c977b33d",
        "Start Frame": 3360,
        "End Frame": 3480,
        "Caption": "#C C takes hammer ; #C C puts the hammer on the floor; #C C puts hammer down ; #C C puts the metal rod on the; #C C picks the metal rod"
    },
    {
        "Video Name": "f671a773-cb56-49ed-ae8c-a529c977b33d",
        "Start Frame": 3480,
        "End Frame": 3600,
        "Caption": "#C C picks up the metal rod; #C C removes the metal rod from the; #C C picks a metal rod; #C C holds a metal rod; #C C looks at a metal rod"
    },
    {
        "Video Name": "f671a773-cb56-49ed-ae8c-a529c977b33d",
        "Start Frame": 3600,
        "End Frame": 3720,
        "Caption": "#C C takes the welding; #C C takes the gr; #C C picks a metal; #C C takes the metal; #C C moves the metal"
    },
    {
        "Video Name": "f671a773-cb56-49ed-ae8c-a529c977b33d",
        "Start Frame": 3720,
        "End Frame": 3840,
        "Caption": "#C C holds the cable; #C C puts the cable on the; #C C holds the welding machine; #C C adjusts the cable; #C C moves the cable"
    },
    {
        "Video Name": "f671a773-cb56-49ed-ae8c-a529c977b33d",
        "Start Frame": 3840,
        "End Frame": 3960,
        "Caption": "#C C looks around; #C C looks around; #C C looks around; #C C looks around; #C C looks around"
    },
    {
        "Video Name": "f671a773-cb56-49ed-ae8c-a529c977b33d",
        "Start Frame": 3960,
        "End Frame": 4080,
        "Caption": "#C C looks around; #C C looks around; #C C looks around; #C C looks around; #C C looks around"
    },
    {
        "Video Name": "f671a773-cb56-49ed-ae8c-a529c977b33d",
        "Start Frame": 4080,
        "End Frame": 4200,
        "Caption": "#C C fixes the blade in the angle gr; #C C turns the grinding wheel; #C C looks at the  grinder disk; #C C holds the grinding disk; #C C picks the grinding disc"
    },
    {
        "Video Name": "f671a773-cb56-49ed-ae8c-a529c977b33d",
        "Start Frame": 4200,
        "End Frame": 4320,
        "Caption": "#C C fixes the angle grinder blade; #C C pulls the metal polisher wire; #C C looks at the blade; #C C holds the grinding wheel ; #C C removes his right hand from the angle gr"
    },
    {
        "Video Name": "f671a773-cb56-49ed-ae8c-a529c977b33d",
        "Start Frame": 4320,
        "End Frame": 4440,
        "Caption": "#C C polishes curtain screwfix with angle gr; #C C grinds the steel with the grinder; #C C grinds the steel with the grinder; #C C grinds the metal ; #C C welds metal"
    },
    {
        "Video Name": "f671a773-cb56-49ed-ae8c-a529c977b33d",
        "Start Frame": 4440,
        "End Frame": 4560,
        "Caption": "#C C grinds the metal; #C C shapes fitting on metal with angle grinder; #C C grinds the metal; #C C smoothens the metal with the grinder; #C C polishes metal"
    },
    {
        "Video Name": "f671a773-cb56-49ed-ae8c-a529c977b33d",
        "Start Frame": 4560,
        "End Frame": 4680,
        "Caption": "#C C Grinds metal with a grinder; #C C smoothens the metal with the gr; #C C smoothens the metal; #C C smoothens the metal with the gr; #C C grinds the metal"
    },
    {
        "Video Name": "f671a773-cb56-49ed-ae8c-a529c977b33d",
        "Start Frame": 4680,
        "End Frame": 4800,
        "Caption": "#C C grinds the steel with the grinder; #C C polishes metal; #C C polishes curtain screwfix with angle gr; #C C grinds the metal; #C C smoothens the metal with the grinder"
    },
    {
        "Video Name": "f671a773-cb56-49ed-ae8c-a529c977b33d",
        "Start Frame": 4800,
        "End Frame": 4920,
        "Caption": "#C C Grinds metal with a grinder ; #C C polishes curtain screwfix with angle grinder; #C C polishes curtain screwfix with angle grinder; #C C polishes curtain screwfix with angle grinder; #C C grinds the metal with the grinder"
    },
    {
        "Video Name": "f671a773-cb56-49ed-ae8c-a529c977b33d",
        "Start Frame": 4920,
        "End Frame": 5040,
        "Caption": "#C C polishes curtain screwfix with angle gr; #C C polishes curtain screwfix with angle gr; #C C grinds the metal with the grinder; #C C shapes fitting on metal with grinder ; #C C grinds the metal with the grinder"
    },
    {
        "Video Name": "f671a773-cb56-49ed-ae8c-a529c977b33d",
        "Start Frame": 5040,
        "End Frame": 5160,
        "Caption": "#C C polishes curtain screwfix with angle grinder; #C C grinds the steel with the grinder; #C C polishes curtain screwfix with angle grinder; #C C grinds the metal; #C C Grinds metal with a grinder "
    },
    {
        "Video Name": "f671a773-cb56-49ed-ae8c-a529c977b33d",
        "Start Frame": 5160,
        "End Frame": 5280,
        "Caption": "#C C shapes fitting on metal with grinder ; #C C grinds the metal; #C C smoothens the metal with the grinder; #C C polishes curtain screwfix with angle gr; #C C shapes fitting on metal with grinder "
    },
    {
        "Video Name": "f671a773-cb56-49ed-ae8c-a529c977b33d",
        "Start Frame": 5280,
        "End Frame": 5400,
        "Caption": "#C C Grinds metal with a grinder; #C C Grinds metal with a grinder; #C C smoothens metal with a grinder; #C C polishes metal; #C C Grinds metal with a grinder"
    }
]