[
    {
        "Video Name": "f7a575b2-a623-4533-9d67-b6395c564889",
        "Start Frame": 0,
        "End Frame": 120,
        "Caption": "#C C picks the brick from the ground with both hands; #C C adjusts a stone on the ground with both hands; #C C picks the stone from the ground with his hands; #C C picks up a stone from the ground with both; #C C pulls the stone from the ground with his hands"
    },
    {
        "Video Name": "f7a575b2-a623-4533-9d67-b6395c564889",
        "Start Frame": 120,
        "End Frame": 240,
        "Caption": "#C C drops the stone on the ground with his right; #C C picks a rock; #C C picks the stone; #C C puts the stone down; #C C puts the stone on the ground"
    },
    {
        "Video Name": "f7a575b2-a623-4533-9d67-b6395c564889",
        "Start Frame": 240,
        "End Frame": 360,
        "Caption": "#C C puts the trowel on the ground; #C C picks up the axe from the ground with his right; #C C Holds the trowel; #C C throws the wood on the ground; #C C drops the bucket"
    },
    {
        "Video Name": "f7a575b2-a623-4533-9d67-b6395c564889",
        "Start Frame": 360,
        "End Frame": 480,
        "Caption": "#C C Hits the side of the stone with the; #C C breaks the ground with the crowbar; #C C removes the soil with the trowel; #C C hits the stone with the axe; #C C flattens the soil with the pick axe"
    },
    {
        "Video Name": "f7a575b2-a623-4533-9d67-b6395c564889",
        "Start Frame": 480,
        "End Frame": 600,
        "Caption": "#C C rubs his hand on the ground; #C C removes the stone from the soil; #C C stands up; #C C picks the hand shovel from the floor with his right; #C C Moves a hand on the ground"
    },
    {
        "Video Name": "f7a575b2-a623-4533-9d67-b6395c564889",
        "Start Frame": 600,
        "End Frame": 720,
        "Caption": "#C C picks a shovel from the ground ; #C C stands up; #C C picks a spade; #C C picks the spade from the ground with his left hand; #C C picks the axe from the ground"
    },
    {
        "Video Name": "f7a575b2-a623-4533-9d67-b6395c564889",
        "Start Frame": 720,
        "End Frame": 840,
        "Caption": "#C C picks a stone from the ground with his hands; #C C picks the stone; #C C holds the stone ; #C C picks up the stone from the ground with both; #C C picks a stone"
    },
    {
        "Video Name": "f7a575b2-a623-4533-9d67-b6395c564889",
        "Start Frame": 840,
        "End Frame": 960,
        "Caption": "#C C drops the axe on the ground with his right hand; #C C drops the hammer on the ground with his right hand; #C C drops the hammer on the ground with his right hand; #C C drops the axe on the ground with his right hand; #C C drops the axe on the ground with his right hand"
    },
    {
        "Video Name": "f7a575b2-a623-4533-9d67-b6395c564889",
        "Start Frame": 960,
        "End Frame": 1080,
        "Caption": "#C C drops the block on the ground with both; #C C places the stone on the ground; #C C drops the stone on the ground with his; #C C picks a stone from the ground with both; #C C places the stone on the ground with both"
    },
    {
        "Video Name": "f7a575b2-a623-4533-9d67-b6395c564889",
        "Start Frame": 1080,
        "End Frame": 1200,
        "Caption": "#C C holds the hammer with his right; #C C picks the hammer ; #C C hits a brick with a hammer; #C C hits the stone with a hammer; #C C hits the stone with a hammer"
    },
    {
        "Video Name": "f7a575b2-a623-4533-9d67-b6395c564889",
        "Start Frame": 1200,
        "End Frame": 1320,
        "Caption": "#C C drops the axe on the ground; #C C puts the axe on the ground; #C C places the axe on the ground; #C C puts the axe on the ground; #C C puts the axe down"
    },
    {
        "Video Name": "f7a575b2-a623-4533-9d67-b6395c564889",
        "Start Frame": 1320,
        "End Frame": 1440,
        "Caption": "#C C picks up a hammer on the ground with his right hand.; #C C picks the garden hand mattock from the ground with his right hand; #C C drops the sickle on the ground with his right hand; #C C stands up; #C C picks up the axe on the ground with his right hand"
    },
    {
        "Video Name": "f7a575b2-a623-4533-9d67-b6395c564889",
        "Start Frame": 1440,
        "End Frame": 1560,
        "Caption": "#C C drops the axe on the ground with his right; #C C puts the axe on the ground; #C C drops the axe on the ground with his right; #C C throws the axe on the ground; #C C drops the axe on the ground with his right"
    },
    {
        "Video Name": "f7a575b2-a623-4533-9d67-b6395c564889",
        "Start Frame": 1560,
        "End Frame": 1680,
        "Caption": "#C C puts the mattock on the ground; #C C drops the axe on the ground; #C C drops the mattock; #C C drops the axe on the ground; #C C drops the axe on the floor with his right hand"
    },
    {
        "Video Name": "f7a575b2-a623-4533-9d67-b6395c564889",
        "Start Frame": 1680,
        "End Frame": 1800,
        "Caption": "#C C picks the axe on the; #C C hits the stone with the; #C C pulls the stone with the; #C C holds a axe; #C C removes the stone with the"
    },
    {
        "Video Name": "f7a575b2-a623-4533-9d67-b6395c564889",
        "Start Frame": 1800,
        "End Frame": 1920,
        "Caption": "#C C drops the axe on the ground with his right; #C C holds the axe with his right hand; #C C puts the stone on the ground; #C C drops the axe; #C C drops the axe on the ground with his right"
    },
    {
        "Video Name": "f7a575b2-a623-4533-9d67-b6395c564889",
        "Start Frame": 1920,
        "End Frame": 2040,
        "Caption": "#C C places his right hand on a stone on the; #C C puts the stone aside; #C C lifts a stone from the ground with his left; #C C picks the axe ; #C C holds a stone on the ground"
    },
    {
        "Video Name": "f7a575b2-a623-4533-9d67-b6395c564889",
        "Start Frame": 2040,
        "End Frame": 2160,
        "Caption": "#C C picks a stone from the ground with his left hand; #C C puts the stone on the ground; #C C picks the axe ; #C C drops the axe on the floor with his right hand; #C C puts the axe down"
    },
    {
        "Video Name": "f7a575b2-a623-4533-9d67-b6395c564889",
        "Start Frame": 2160,
        "End Frame": 2280,
        "Caption": "#C C stands up; #C C moves a stone on the ground with his right; #C C drops the stone on the ground ; #C C stands up ; #C C places his right hand on a stone"
    },
    {
        "Video Name": "f7a575b2-a623-4533-9d67-b6395c564889",
        "Start Frame": 2280,
        "End Frame": 2400,
        "Caption": "#C C picks up a stone from the ground with his right; #C C clears the ground with his right hand; #C C picks a stone from the ground with his right hand; #C C picks up the stone from the ground with his right; #C C uproots the root of the weed with both hands"
    },
    {
        "Video Name": "f7a575b2-a623-4533-9d67-b6395c564889",
        "Start Frame": 2400,
        "End Frame": 2520,
        "Caption": "#C C pulls the soil with his right; #C C touches soil with his right hand; #C C holds the soil with his right; #C C adjusts the stone ; #C C touches the soil"
    },
    {
        "Video Name": "f7a575b2-a623-4533-9d67-b6395c564889",
        "Start Frame": 2520,
        "End Frame": 2640,
        "Caption": "#C C removes sand from the ground with his right hand; #C C pulls the plant from the ground; #C C holds a plant with his right hand; #C C moves soil with his right hand; #C C places his right hand on the ground."
    },
    {
        "Video Name": "f7a575b2-a623-4533-9d67-b6395c564889",
        "Start Frame": 2640,
        "End Frame": 2760,
        "Caption": "#C C picks a hammer; #C C picks the axe; #C C picks the axe; #C C picks the axe; #C C picks the hammer"
    },
    {
        "Video Name": "f7a575b2-a623-4533-9d67-b6395c564889",
        "Start Frame": 2760,
        "End Frame": 2880,
        "Caption": "#C C pulls the stone with a crow bar; #C C picks up a hammer; #C C puts the hammer on the ground; #C C picks up the axe; #C C drops the axe on the ground"
    },
    {
        "Video Name": "f7a575b2-a623-4533-9d67-b6395c564889",
        "Start Frame": 2880,
        "End Frame": 3000,
        "Caption": "#C C holds the stone ; #C C removes the stone with a chisel; #C C knocks a stone with a hammer; #C C digs the ground with the axe; #C C places the hammer on the ground"
    },
    {
        "Video Name": "f7a575b2-a623-4533-9d67-b6395c564889",
        "Start Frame": 3000,
        "End Frame": 3120,
        "Caption": "#C C removes the hammer from the stone ; #C C holds the stone ; #C C puts a hammer on the ground; #C C picks a hammer; #C C drops the axe on the ground with his right hand"
    },
    {
        "Video Name": "f7a575b2-a623-4533-9d67-b6395c564889",
        "Start Frame": 3120,
        "End Frame": 3240,
        "Caption": "#C C clears the soil around the root stump with his right; #C C touches the soil; #C C touches the soil with his right hand; #C C holds the soil with his left hand; #C C picks up soil from the ground with his right hand"
    },
    {
        "Video Name": "f7a575b2-a623-4533-9d67-b6395c564889",
        "Start Frame": 3240,
        "End Frame": 3360,
        "Caption": "#C C packs sand from the ground with both hands.; #C C packs the soil with his hands; #C C touches the soil with both hands; #C C removes his right hand from the root of the stump of the root of the; #C C gathers soil on the ground with his hands."
    },
    {
        "Video Name": "f7a575b2-a623-4533-9d67-b6395c564889",
        "Start Frame": 3360,
        "End Frame": 3480,
        "Caption": "#C C puts the axe down; #C C drops the axe on the ground. ; #C C drops the axe on the ground with his right hand; #C C drops the axe on the ground; #C C drops the axe on the ground with his right hand"
    },
    {
        "Video Name": "f7a575b2-a623-4533-9d67-b6395c564889",
        "Start Frame": 3480,
        "End Frame": 3600,
        "Caption": "#C C picks up the axe; #C C picks the axe on the ground with his right hand; #C C puts the axe on the ground; #C C drops the axe on the ground with his right hand; #C C drops the axe on the floor with his right hand"
    },
    {
        "Video Name": "f7a575b2-a623-4533-9d67-b6395c564889",
        "Start Frame": 3600,
        "End Frame": 3720,
        "Caption": "#C C drops the axe on the ground; #C C digs the ground with the axe.; #C C places the axe on the ground; #C C pulls the tree roots with the crow bar; #C C digs the ground with a hand shovel"
    },
    {
        "Video Name": "f7a575b2-a623-4533-9d67-b6395c564889",
        "Start Frame": 3720,
        "End Frame": 3840,
        "Caption": "#C C picks up the shovel with his left hand; #C C puts the spade on the ground; #C C drops the axe on the floor.; #C C drops the garden trowel in his left hand on the ground; #C C picks up a shovel from the ground."
    },
    {
        "Video Name": "f7a575b2-a623-4533-9d67-b6395c564889",
        "Start Frame": 3840,
        "End Frame": 3960,
        "Caption": "#C C moves the plant with the shovel; #C C moves the tree root with the axe ; #C C hits the chunk of stone with the axe; #C C holds a spade; #C C digs a hole on the ground with a sp"
    },
    {
        "Video Name": "f7a575b2-a623-4533-9d67-b6395c564889",
        "Start Frame": 3960,
        "End Frame": 4080,
        "Caption": "#C C puts axe down; #C C drops the axe on the ground with his right hand; #C C puts the axe on the ground; #C C looks around; #C C puts the axe on the ground"
    },
    {
        "Video Name": "f7a575b2-a623-4533-9d67-b6395c564889",
        "Start Frame": 4080,
        "End Frame": 4200,
        "Caption": "#C C moves his left hand on the soil; #C C removes soil from the ground with his hands.; #C C picks up a stone from the ground with his right hand; #C C removes soil from the hole; #C C picks a stone from the ground with his right hand."
    },
    {
        "Video Name": "f7a575b2-a623-4533-9d67-b6395c564889",
        "Start Frame": 4200,
        "End Frame": 4320,
        "Caption": "#C C takes the axe; #C C drops the hammer on the ground.; #C C drops the axe on the ground with his right hand; #C C places his right hand on the stone.; #C C turns around "
    },
    {
        "Video Name": "f7a575b2-a623-4533-9d67-b6395c564889",
        "Start Frame": 4320,
        "End Frame": 4440,
        "Caption": "#C C picks the axe from the ground with his right hand; #C C holds the axe on the ground with his right hand; #C C drops the axe on the ground with his right hand; #C C picks a mattock axe with his right hand.; #C C picks the axe"
    },
    {
        "Video Name": "f7a575b2-a623-4533-9d67-b6395c564889",
        "Start Frame": 4440,
        "End Frame": 4560,
        "Caption": "#C C removes the stone with the hand; #C C moves the stone with the axe; #C C removes sand from the ground with the; #C C pulls the stone with the axe; #C C moves the stone with the axe"
    },
    {
        "Video Name": "f7a575b2-a623-4533-9d67-b6395c564889",
        "Start Frame": 4560,
        "End Frame": 4680,
        "Caption": "#C C scrapes the ground with the stick in his right hand; #C C picks the stick on the ground with his right hand; #C C Cuts a piece of wood with a hand; #C C Pulls the piece of wood from the ground; #C C cuts a piece of wood from the ground with the axe"
    },
    {
        "Video Name": "f7a575b2-a623-4533-9d67-b6395c564889",
        "Start Frame": 4680,
        "End Frame": 4800,
        "Caption": "#C C digs the ground with the digging hoe; #C C removes the soil with the hand shovel; #C C digs the ground with the hoe; #C C scrapes the soil with the axe.; #C C holds a stone"
    },
    {
        "Video Name": "f7a575b2-a623-4533-9d67-b6395c564889",
        "Start Frame": 4800,
        "End Frame": 4920,
        "Caption": "#C C lifts the garden trowel; #C C Holds the ground with his hands; #C C drops the stone on the ground; #C C lifts the root stump from the ground with his left; #C C digs the ground with the garden trowel"
    },
    {
        "Video Name": "f7a575b2-a623-4533-9d67-b6395c564889",
        "Start Frame": 4920,
        "End Frame": 5040,
        "Caption": "#C C removes soil on the garden using the rake; #C C digs up the root stump with the hand shovel in his right; #C C pulls out the root of the plant with his left hand; #C C digs the ground with a garden trowel; #C C digs the ground with the garden trowel in his right"
    },
    {
        "Video Name": "f7a575b2-a623-4533-9d67-b6395c564889",
        "Start Frame": 5040,
        "End Frame": 5160,
        "Caption": "#C C drops the garden hoe on the ground. ; #C C picks a rock from the ground with his right hand; #C C clears the ground with the hand shovel in his hands; #C C puts the plant root in the hole with his right; #C C passes the spade to his right hand"
    },
    {
        "Video Name": "f7a575b2-a623-4533-9d67-b6395c564889",
        "Start Frame": 5160,
        "End Frame": 5280,
        "Caption": "#C C drops the axe; #C C holds the axe with his right hand; #C C pulls the stone with a spade; #C C picks the axe from the floor with his left hand; #C C picks the axe from the ground with his left hand"
    },
    {
        "Video Name": "f7a575b2-a623-4533-9d67-b6395c564889",
        "Start Frame": 5280,
        "End Frame": 5400,
        "Caption": "#C C lifts the mattock; #C C moves the stone with the axe; #C C holds the pick axe on the ground with his right hand; #C C pushes the stone with the hammer; #C C holds a mattock "
    }
]