[
    {
        "Video Name": "fec37c37-f9ae-42a5-86de-508fffa3d881",
        "Start Frame": 0,
        "End Frame": 120,
        "Caption": "#C C puts the paper in the bin; #C C puts the wrapper in the trash; #C C drops the pack of cheese in a trash bin with her right hand; #C C throws the piece of paper in the dustbin; #C C drops the packet of milk in a trash can."
    },
    {
        "Video Name": "fec37c37-f9ae-42a5-86de-508fffa3d881",
        "Start Frame": 120,
        "End Frame": 240,
        "Caption": "#C C picks the butter from the table; #C C walks towards the fridge.; #C C drops the box of butter on the kitchen counter. ; #C C picks the butter; #C C picks a carton of milk on the table with his right hand"
    },
    {
        "Video Name": "fec37c37-f9ae-42a5-86de-508fffa3d881",
        "Start Frame": 240,
        "End Frame": 360,
        "Caption": "#C C cuts the butter with her hands.; #C C removes the paper off the cheese; #C C picks the cheese; #C C folds the foil paper; #C C puts the butter on the table."
    },
    {
        "Video Name": "fec37c37-f9ae-42a5-86de-508fffa3d881",
        "Start Frame": 360,
        "End Frame": 480,
        "Caption": "#C C picks the cheese; #C C picks up the butter knife; #C C picks a cheese with her left hand; #C C picks up the cheese on the bowl; #C C picks the cheese"
    },
    {
        "Video Name": "fec37c37-f9ae-42a5-86de-508fffa3d881",
        "Start Frame": 480,
        "End Frame": 600,
        "Caption": "#C C cuts the butter with the knife.; #C C cuts the butter with the knife.; #C C cuts the cheese.; #C C cuts the cheese. ; #C C cuts the butter."
    },
    {
        "Video Name": "fec37c37-f9ae-42a5-86de-508fffa3d881",
        "Start Frame": 600,
        "End Frame": 720,
        "Caption": "#C C puts the butter on the table.; #C C cuts the butter.; #C C removes the cheese from the knife with her right hand.; #C C cuts butter with a knife ; #C C drops the cheese on the knife. "
    },
    {
        "Video Name": "fec37c37-f9ae-42a5-86de-508fffa3d881",
        "Start Frame": 720,
        "End Frame": 840,
        "Caption": "#C C picks up the cheese with the knife; #C C picks the cheese; #C C picks up the cheese; #C C picks the butter with the knife.; #C C picks the butter with the knife."
    },
    {
        "Video Name": "fec37c37-f9ae-42a5-86de-508fffa3d881",
        "Start Frame": 840,
        "End Frame": 960,
        "Caption": "#C C drops the butter in her left hand on the bowl.; #C C drops the butter on the bowl with her left hand.; #C C drops the butter in the bowl.; #C C drops the butter knife on the bowl of butter.; #C C drops the butter in the bowl. "
    },
    {
        "Video Name": "fec37c37-f9ae-42a5-86de-508fffa3d881",
        "Start Frame": 960,
        "End Frame": 1080,
        "Caption": "#C C removes the butter on the knife with her left hand. ; #C C removes the cheese from the knife with her left hand.; #C C drops the pieces of cheese in the bowl with her left hand.; #C C removes the butter from the knife into the bowl with her left hand; #C C places the knife on the cheese with her right hand. "
    },
    {
        "Video Name": "fec37c37-f9ae-42a5-86de-508fffa3d881",
        "Start Frame": 1080,
        "End Frame": 1200,
        "Caption": "#C C picks up the butter knife with her left hand; #C C cuts butter; #C C moves the butter with the knife.; #C C cuts the butter.; #C C holds the cheese with her left hand."
    },
    {
        "Video Name": "fec37c37-f9ae-42a5-86de-508fffa3d881",
        "Start Frame": 1200,
        "End Frame": 1320,
        "Caption": "#C C cuts the butter with the knife.; #C C scrapes the chocolate powder from the spoon into the bowl with her left hand; #C C holds the cheese; #C C puts the butter in the bowl with her left hand.; #C C puts butter on the plate with the knife."
    },
    {
        "Video Name": "fec37c37-f9ae-42a5-86de-508fffa3d881",
        "Start Frame": 1320,
        "End Frame": 1440,
        "Caption": "#C C drops the knife on the bowl.; #C C cleans the knife with her left hand.; #C C scrapes the apples off the knife into the bowl with his right hand.; #C C removes the cheese from the knife ; #C C removes the bread crumbs off the knife in her right hand with her left hand"
    },
    {
        "Video Name": "fec37c37-f9ae-42a5-86de-508fffa3d881",
        "Start Frame": 1440,
        "End Frame": 1560,
        "Caption": "#C C picks the cheese; #C C opens the butter box; #C C picks up the cheese; #C C picks up a pack of milk from the kitchen counter with her left hand; #C C takes the cheese pack from the kitchen counter with her left hand."
    },
    {
        "Video Name": "fec37c37-f9ae-42a5-86de-508fffa3d881",
        "Start Frame": 1560,
        "End Frame": 1680,
        "Caption": "#C C picks a packet of milk from the fridge; #C C picks a bottle from the fridge ; #C C closes the fridge; #C C picks a packet of milk.; #C C walks towards the fridge."
    },
    {
        "Video Name": "fec37c37-f9ae-42a5-86de-508fffa3d881",
        "Start Frame": 1680,
        "End Frame": 1800,
        "Caption": "#C C picks a box; #C C takes a box of pancake mix; #C C takes a box; #C C picks a box; #C C picks a carton from a shelf with his hands"
    },
    {
        "Video Name": "fec37c37-f9ae-42a5-86de-508fffa3d881",
        "Start Frame": 1800,
        "End Frame": 1920,
        "Caption": "#C C removes the cable; #C C picks a cable; #C C picks up a cable; #C C picks a heating glue gun; #C C picks a charger "
    },
    {
        "Video Name": "fec37c37-f9ae-42a5-86de-508fffa3d881",
        "Start Frame": 1920,
        "End Frame": 2040,
        "Caption": "#C C moves the box; #C C puts the tube on the box; #C C puts the paper in the box; #C C picks a box of cups; #C C takes the box"
    },
    {
        "Video Name": "fec37c37-f9ae-42a5-86de-508fffa3d881",
        "Start Frame": 2040,
        "End Frame": 2160,
        "Caption": "#C C puts the mixer on the countertop; #C C drops the machine on the kitchen counter.; #C C drops the electric mixer on the countertop with his left hand; #C C puts the blender on the table; #C C places the mixer on the kitchen counter with her left hand."
    },
    {
        "Video Name": "fec37c37-f9ae-42a5-86de-508fffa3d881",
        "Start Frame": 2160,
        "End Frame": 2280,
        "Caption": "#C C looks around the kitchen.; #C C puts the basket down; #C C adjusts the bowl on the kitchen cabinet with her left hand; #C C picks up the plate; #C C takes a bowl"
    },
    {
        "Video Name": "fec37c37-f9ae-42a5-86de-508fffa3d881",
        "Start Frame": 2280,
        "End Frame": 2400,
        "Caption": "#C C fixes the camera; #C C lifts the hand; #C C adjusts the camera; #C C  touches her; #C C adjusts the camera"
    },
    {
        "Video Name": "fec37c37-f9ae-42a5-86de-508fffa3d881",
        "Start Frame": 2400,
        "End Frame": 2520,
        "Caption": "#C C puts the whisk on the table ; #C C moves the bowl of bread spread on the kitchen counter with her right hand; #C C puts a bowl on the countertop; #C C puts the jug on the counter; #C C moves towards a kitchen cabinet."
    },
    {
        "Video Name": "fec37c37-f9ae-42a5-86de-508fffa3d881",
        "Start Frame": 2520,
        "End Frame": 2640,
        "Caption": "#C C opens a drawer with his right hand.; #C C opens a drawer with his left hand.; #C C opens the drawer; #C C opens a drawer with his right hand.; #C C opens a drawer with his right hand."
    },
    {
        "Video Name": "fec37c37-f9ae-42a5-86de-508fffa3d881",
        "Start Frame": 2640,
        "End Frame": 2760,
        "Caption": "#C C walks around the; #C C walks in the; #C C walks around the; #C C walks around the; #C C walks around the"
    },
    {
        "Video Name": "fec37c37-f9ae-42a5-86de-508fffa3d881",
        "Start Frame": 2760,
        "End Frame": 2880,
        "Caption": "#C C removes the fork from the cup with his right hand.; #C C holds the fork; #C C picks a fork from the kitchen counter with her right hand; #C C removes a cling film on the cheese; #C C removes the whisk from the bowl with his right hand."
    },
    {
        "Video Name": "fec37c37-f9ae-42a5-86de-508fffa3d881",
        "Start Frame": 2880,
        "End Frame": 3000,
        "Caption": "#C C removes the plug from the extension socket with her right hand. ; #C C removes a cord from the egg beater machine with her right hand.; #C C places the mixer blade on the kitchen counter with her right hand.; #C C holds the blender's cover with her left hand.; #C C removes the motor on the bread knife with her right hand."
    },
    {
        "Video Name": "fec37c37-f9ae-42a5-86de-508fffa3d881",
        "Start Frame": 3000,
        "End Frame": 3120,
        "Caption": "#C C removes the charger from the socket.; #C C unplugs a charger from the socket; #C C holds the phone charger.; #C C turns off the socket with her right hand; #C C removes the charger from the socket"
    },
    {
        "Video Name": "fec37c37-f9ae-42a5-86de-508fffa3d881",
        "Start Frame": 3120,
        "End Frame": 3240,
        "Caption": "#C C pulls the wire; #C C puts off the switch of the breadfruit machine with his right hand; #C C takes the nut cracker from the counter with his right hand.; #C C touches the knob on the electric mixer with his right hand.; #C C connects the white cord to the electric mixer."
    },
    {
        "Video Name": "fec37c37-f9ae-42a5-86de-508fffa3d881",
        "Start Frame": 3240,
        "End Frame": 3360,
        "Caption": "#C C operates the mixer with his right hand.; #C C wipes the blender with his hand; #C C operates the food processor with his right hand; #C C holds the motor; #C C attaches the meat mixer to the blender"
    },
    {
        "Video Name": "fec37c37-f9ae-42a5-86de-508fffa3d881",
        "Start Frame": 3360,
        "End Frame": 3480,
        "Caption": "#C C holds the mixer with her left hand.; #C C holds the bowl with her left hand.; #C C turns on the mixer with his right hand; #C C turns the mixer on ; #C C holds the mixer"
    },
    {
        "Video Name": "fec37c37-f9ae-42a5-86de-508fffa3d881",
        "Start Frame": 3480,
        "End Frame": 3600,
        "Caption": "#C C holds the mixer with left hand.; #C C shakes the mixer in his right hand. ; #C C holds the mixer in her left hand.; #C C beats the mixture in the bowl with the whisk in his right hand.; #C C whisks the mixture of nutmeg and chocolate powder together with his right hand"
    },
    {
        "Video Name": "fec37c37-f9ae-42a5-86de-508fffa3d881",
        "Start Frame": 3600,
        "End Frame": 3720,
        "Caption": "#C C hits the mixer with the fork in her right hand.; #C C mixes the mixture; #C C wipes the bowl with the spatula.; #C C wipes the bowl; #C C scrapes the inside of the blender jug with the scraper in his right hand"
    },
    {
        "Video Name": "fec37c37-f9ae-42a5-86de-508fffa3d881",
        "Start Frame": 3720,
        "End Frame": 3840,
        "Caption": "#C C turns off the mixer with her right hand.; #C C holds the mixer with her right hand.; #C C mixes the flour with the fork in her right hand; #C C moves the mixer machine; #C C removes the butter from the mixer."
    },
    {
        "Video Name": "fec37c37-f9ae-42a5-86de-508fffa3d881",
        "Start Frame": 3840,
        "End Frame": 3960,
        "Caption": "#C C turns off the blender.; #C C whisks the mixture in the mixer; #C C holds the mixer with the other hand; #C C puts the cheese on the bowl with her right hand; #C C blows the mixture on the bowl"
    },
    {
        "Video Name": "fec37c37-f9ae-42a5-86de-508fffa3d881",
        "Start Frame": 3960,
        "End Frame": 4080,
        "Caption": "#C C holds the whisk with both hands.; #C C holds the whisk in his right hand. ; #C C holds the mixer; #C C picks up a whisk from a bowl on the kitchen counter with his left hand; #C C holds the whisk with the other hand."
    },
    {
        "Video Name": "fec37c37-f9ae-42a5-86de-508fffa3d881",
        "Start Frame": 4080,
        "End Frame": 4200,
        "Caption": "#C C puts spoon in the bowl; #C C walks to the counter; #C C puts the spoon on the bowl; #C C puts the fork in the bowl; #C C puts the fork in the dish"
    },
    {
        "Video Name": "fec37c37-f9ae-42a5-86de-508fffa3d881",
        "Start Frame": 4200,
        "End Frame": 4320,
        "Caption": "#C C puts the fork in the bowl; #C C wipes the bowl with a fork; #C C clears the counter with the fork; #C C adjusts the fork.; #C C takes the fork from the bowl with his right hand"
    },
    {
        "Video Name": "fec37c37-f9ae-42a5-86de-508fffa3d881",
        "Start Frame": 4320,
        "End Frame": 4440,
        "Caption": "#C C picks up the fork from the bowl with his right hand.; #C C wipes the egg beater with the fork in her right hand.; #C C wipes the spoon with his hand.; #C C puts the fork in the bowl; #C C picks a fork from the bowl on the counter with his right hand."
    },
    {
        "Video Name": "fec37c37-f9ae-42a5-86de-508fffa3d881",
        "Start Frame": 4440,
        "End Frame": 4560,
        "Caption": "#C C presses the button on the cooker.; #C C presses a button on the range cooker with her right hand; #C C presses the button on the cooker.; #C C turns on the switch.; #C C presses the oven button"
    },
    {
        "Video Name": "fec37c37-f9ae-42a5-86de-508fffa3d881",
        "Start Frame": 4560,
        "End Frame": 4680,
        "Caption": "#C C picks the fork ; #C C holds the fork with his right hand.; #C C holds the fork in the bowl with his right hand.; #C C picks up the fork; #C C picks a fork from the bowl of pancakes with his right hand"
    },
    {
        "Video Name": "fec37c37-f9ae-42a5-86de-508fffa3d881",
        "Start Frame": 4680,
        "End Frame": 4800,
        "Caption": "#C C scrapes the bowl.; #C C stirs the eggs with a fork; #C C removes the fork from the egg with his right hand.; #C C washes the fork; #C C mixes the eggs and the fork in his right hand with the fork in his left hand"
    },
    {
        "Video Name": "fec37c37-f9ae-42a5-86de-508fffa3d881",
        "Start Frame": 4800,
        "End Frame": 4920,
        "Caption": "#C C holds the fork; #C C wipes the bowl with a fork; #C C drops the fork in the bowl with his right hand.; #C C stirs the eggs in the bowl with the fork in his right hand; #C C wipes the fork in his right hand on the plate on the countertop"
    },
    {
        "Video Name": "fec37c37-f9ae-42a5-86de-508fffa3d881",
        "Start Frame": 4920,
        "End Frame": 5040,
        "Caption": "#C C holds the bowl; #C C holds the bowl; #C C holds the fork; #C C places the fork on the bowl; #C C holds the fork"
    },
    {
        "Video Name": "fec37c37-f9ae-42a5-86de-508fffa3d881",
        "Start Frame": 5040,
        "End Frame": 5160,
        "Caption": "#C C walks around the room; #C C picks up a sachet; #C C passes the pack of cheese to his left hand; #C C walks to the kitchen counter. ; #C C walks towards the gas stove."
    },
    {
        "Video Name": "fec37c37-f9ae-42a5-86de-508fffa3d881",
        "Start Frame": 5160,
        "End Frame": 5280,
        "Caption": "#C C opens the butter with both hands.; #C C passes the piece of cheese to his right hand.; #C C removes the butter from the packet.; #C C picks the cheese with his left hand.; #C C removes the banana from the cheese with his right hand."
    },
    {
        "Video Name": "fec37c37-f9ae-42a5-86de-508fffa3d881",
        "Start Frame": 5280,
        "End Frame": 5400,
        "Caption": "#C C picks the bread from the pack with both hands.; #C C opens the butter with both hands.; #C C takes the butter from the container with her right hand.; #C C tears the bread in his left hand with his right hand; #C C holds the piece of paper in both hands. "
    }
]