[
    {
        "Video Name": "001934bb-81bd-4cd8-a574-0472ef3f6678",
        "Start Frame": 0,
        "End Frame": 120,
        "Caption": "#C C scrolls on the laptop; #C C scrolls down; #C C scrolls up; #C C scrolls down; #C C scrolls up the screen"
    },
    {
        "Video Name": "001934bb-81bd-4cd8-a574-0472ef3f6678",
        "Start Frame": 120,
        "End Frame": 240,
        "Caption": "#C C scrolls on the laptop; #C C scrolls down; #C C scrolls up; #C C scrolls down; #C C scrolls down the screen"
    },
    {
        "Video Name": "001934bb-81bd-4cd8-a574-0472ef3f6678",
        "Start Frame": 240,
        "End Frame": 360,
        "Caption": "#C C scroll on the laptop; #C C scrolls down the screen; #C C scrolls up the screen; #C C scrolls up; #C C scrolls on the laptop"
    },
    {
        "Video Name": "001934bb-81bd-4cd8-a574-0472ef3f6678",
        "Start Frame": 360,
        "End Frame": 480,
        "Caption": "#C C scrolls down; #C C scroll on the laptop; #C C scrolls down; #C C scrolls down; #C C scrolls up the screen"
    },
    {
        "Video Name": "001934bb-81bd-4cd8-a574-0472ef3f6678",
        "Start Frame": 480,
        "End Frame": 600,
        "Caption": "#C C scrolls; #C C scrolls; #C C scrolls; #C C scrolls; #C C scrolls"
    },
    {
        "Video Name": "001934bb-81bd-4cd8-a574-0472ef3f6678",
        "Start Frame": 600,
        "End Frame": 720,
        "Caption": "#C C scrolls; #C C scrolls; #C C scrolls; #C C scrolls; #C C scrolls"
    },
    {
        "Video Name": "001934bb-81bd-4cd8-a574-0472ef3f6678",
        "Start Frame": 720,
        "End Frame": 840,
        "Caption": "#C C scrolls down; #C C watches video in the laptop; #C C scrolls down the screen ; #C C scrolls down; #C C scrolls down"
    },
    {
        "Video Name": "001934bb-81bd-4cd8-a574-0472ef3f6678",
        "Start Frame": 840,
        "End Frame": 960,
        "Caption": "#C C scrolls up; #C C clicks next on the screen; #C C clicks next on the screen; #C C scrolls on the laptop; #C C clicks next on the screen"
    },
    {
        "Video Name": "001934bb-81bd-4cd8-a574-0472ef3f6678",
        "Start Frame": 960,
        "End Frame": 1080,
        "Caption": "#C C scrolls; #C C scrolls; #C C scrolls; #C C scrolls; #C C scrolls"
    },
    {
        "Video Name": "001934bb-81bd-4cd8-a574-0472ef3f6678",
        "Start Frame": 1080,
        "End Frame": 1200,
        "Caption": "#C C stares at the laptop; #C C stares at the laptop; #C C scrolls on the laptop; #C C scrolls down; #C C stares at the laptop"
    },
    {
        "Video Name": "001934bb-81bd-4cd8-a574-0472ef3f6678",
        "Start Frame": 1200,
        "End Frame": 1320,
        "Caption": "#C C scrolls down; #C C scrolls down; #C C scrolls down; #C C scrolls on the laptop; #C C controls the touchpad to activate items on the"
    },
    {
        "Video Name": "001934bb-81bd-4cd8-a574-0472ef3f6678",
        "Start Frame": 1320,
        "End Frame": 1440,
        "Caption": "#C C scrolls down; #C C controls the touchpad to activate items on the; #C C scrolls down; #C C scrolls down; #C C scrolls up the screen "
    },
    {
        "Video Name": "001934bb-81bd-4cd8-a574-0472ef3f6678",
        "Start Frame": 1440,
        "End Frame": 1560,
        "Caption": "#C C scrolls down; #C C scrolls up the screen; #C C scrolls on the laptop; #C C scrolls down; #C C scrolls down"
    },
    {
        "Video Name": "001934bb-81bd-4cd8-a574-0472ef3f6678",
        "Start Frame": 1560,
        "End Frame": 1680,
        "Caption": "#C C uses laptop; #C C scrolls on the laptop; #C C moves hand away from the; #C C scrolls on laptop; #C C operates laptop"
    },
    {
        "Video Name": "001934bb-81bd-4cd8-a574-0472ef3f6678",
        "Start Frame": 1680,
        "End Frame": 1800,
        "Caption": "#C C scrolls on the; #C C scrolls down; #C C scrolls down; #C C scrolls on the; #C C scrolls on the"
    },
    {
        "Video Name": "001934bb-81bd-4cd8-a574-0472ef3f6678",
        "Start Frame": 1800,
        "End Frame": 1920,
        "Caption": "#C C scrolls on the laptop; #C C controls the touchpad to activate items on the; #C C scrolls up; #C C controls the touchpad to activate items on the; #C C stares at the laptop"
    },
    {
        "Video Name": "001934bb-81bd-4cd8-a574-0472ef3f6678",
        "Start Frame": 1920,
        "End Frame": 2040,
        "Caption": "#C C controls the touchpad to activate items on the; #C C scrolls on the laptop; #C C scrolls on the laptop; #C C controls the touchpad to activate items on the; #C C clicks next on the screen"
    },
    {
        "Video Name": "001934bb-81bd-4cd8-a574-0472ef3f6678",
        "Start Frame": 2040,
        "End Frame": 2160,
        "Caption": "#C C scrolls up; #C C scrolls down; #C C scrolls up the screen; #C C scrolls down; #C C scrolls down"
    },
    {
        "Video Name": "001934bb-81bd-4cd8-a574-0472ef3f6678",
        "Start Frame": 2160,
        "End Frame": 2280,
        "Caption": "#C C scrolls down; #C C scrolls on the laptop; #C C scrolls down; #C C scrolls down; #C C controls the touchpad to activate items on the"
    },
    {
        "Video Name": "001934bb-81bd-4cd8-a574-0472ef3f6678",
        "Start Frame": 2280,
        "End Frame": 2400,
        "Caption": "#C C scrolls on the; #C C scrolls down; #C C scrolls on the; #C C scrolls up; #C C scrolls down"
    },
    {
        "Video Name": "001934bb-81bd-4cd8-a574-0472ef3f6678",
        "Start Frame": 2400,
        "End Frame": 2520,
        "Caption": "#C C scrolls down; #C C scrolls down; #C C scrolls down; #C C scrolls on the; #C C scrolls down"
    },
    {
        "Video Name": "001934bb-81bd-4cd8-a574-0472ef3f6678",
        "Start Frame": 2520,
        "End Frame": 2640,
        "Caption": "#C C scrolls on the laptop; #C C scrolls up the screen ; #C C scrolls up the screen ; #C C scrolls down; #C C controls the touchpad to activate items on the"
    },
    {
        "Video Name": "001934bb-81bd-4cd8-a574-0472ef3f6678",
        "Start Frame": 2640,
        "End Frame": 2760,
        "Caption": "#C C scrolls on the; #C C scrolls down; #C C scrolls down; #C C scrolls on the; #C C scrolls on the"
    },
    {
        "Video Name": "001934bb-81bd-4cd8-a574-0472ef3f6678",
        "Start Frame": 2760,
        "End Frame": 2880,
        "Caption": "#C C controls the touchpad to activate items on the; #C C scrolls down; #C C scrolls up; #C C scrolls on the laptop; #C C scrolls up"
    },
    {
        "Video Name": "001934bb-81bd-4cd8-a574-0472ef3f6678",
        "Start Frame": 2880,
        "End Frame": 3000,
        "Caption": "#C C scroll on the laptop; #C C scrolls on the laptop; #C C scrolls on the laptop; #C C scrolls down; #C C clicks next on the screen"
    },
    {
        "Video Name": "001934bb-81bd-4cd8-a574-0472ef3f6678",
        "Start Frame": 3000,
        "End Frame": 3120,
        "Caption": "#C C scrolls; #C C scrolls; #C C scrolls; #C C scrolls; #C C scrolls"
    },
    {
        "Video Name": "001934bb-81bd-4cd8-a574-0472ef3f6678",
        "Start Frame": 3120,
        "End Frame": 3240,
        "Caption": "#C C scrolls on the laptop; #C C scrolls down; #C C scrolls down; #C C scrolls down the screen; #C C scrolls down"
    },
    {
        "Video Name": "001934bb-81bd-4cd8-a574-0472ef3f6678",
        "Start Frame": 3240,
        "End Frame": 3360,
        "Caption": "#C C scrolls down; #C C scrolls on the laptop; #C C scrolls down; #C C scrolls on the laptop; #C C stares at a laptop"
    },
    {
        "Video Name": "001934bb-81bd-4cd8-a574-0472ef3f6678",
        "Start Frame": 3360,
        "End Frame": 3480,
        "Caption": "#C C controls the touchpad to activate items on the; #C C scrolls down; #C C controls the touchpad to activate items on the; #C C scrolls down; #C C scrolls down"
    },
    {
        "Video Name": "001934bb-81bd-4cd8-a574-0472ef3f6678",
        "Start Frame": 3480,
        "End Frame": 3600,
        "Caption": "#C C scrolls down; #C C scrolls down; #C C scrolls down; #C C scrolls down; #C C stares at the"
    },
    {
        "Video Name": "001934bb-81bd-4cd8-a574-0472ef3f6678",
        "Start Frame": 3600,
        "End Frame": 3720,
        "Caption": "#C C scrolls on the laptop; #C C scrolls down; #C C scrolls down; #C C scrolls down; #C C scrolls up the screen"
    },
    {
        "Video Name": "001934bb-81bd-4cd8-a574-0472ef3f6678",
        "Start Frame": 3720,
        "End Frame": 3840,
        "Caption": "#C C moves hand; #C C scrolls on the; #C C scrolls down; #C C scrolls on the; #C C scrolls on the"
    },
    {
        "Video Name": "001934bb-81bd-4cd8-a574-0472ef3f6678",
        "Start Frame": 3840,
        "End Frame": 3960,
        "Caption": "#C C stares at the laptop; #C C clicks on the keyboard; #C C scrolls down; #C C clicks the keyboard; #C C operates the laptop"
    },
    {
        "Video Name": "001934bb-81bd-4cd8-a574-0472ef3f6678",
        "Start Frame": 3960,
        "End Frame": 4080,
        "Caption": "#C C picks the mug; #C C picks a cup; #C C picks up a cup of; #C C picks a cup of tea; #C C picks up the cup"
    },
    {
        "Video Name": "001934bb-81bd-4cd8-a574-0472ef3f6678",
        "Start Frame": 4080,
        "End Frame": 4200,
        "Caption": "#C C drinks water ; #C C drinks from the; #C C drinks water ; #C C drinks water; #C C drinks water"
    },
    {
        "Video Name": "001934bb-81bd-4cd8-a574-0472ef3f6678",
        "Start Frame": 4200,
        "End Frame": 4320,
        "Caption": "#C C places the cup on the table; #C C moves the laptop; #C C drops the cup on the table; #C C puts the cup on the table; #C C places the cup on the table"
    },
    {
        "Video Name": "001934bb-81bd-4cd8-a574-0472ef3f6678",
        "Start Frame": 4320,
        "End Frame": 4440,
        "Caption": "#C C reads the notes in the laptop; #C C scrolls on the laptop; #C C scrolls on the laptop; #C C scrolls on the laptop; #C C scrolls on the laptop"
    },
    {
        "Video Name": "001934bb-81bd-4cd8-a574-0472ef3f6678",
        "Start Frame": 4440,
        "End Frame": 4560,
        "Caption": "#C C scrolls up; #C C scrolls down; #C C scrolls down; #C C scrolls up the screen; #C C scrolls down"
    },
    {
        "Video Name": "001934bb-81bd-4cd8-a574-0472ef3f6678",
        "Start Frame": 4560,
        "End Frame": 4680,
        "Caption": "#C C scrolls down the screen; #C C scrolls on the laptop; #C C scrolls down; #C C scrolls down; #C C scrolls down"
    },
    {
        "Video Name": "001934bb-81bd-4cd8-a574-0472ef3f6678",
        "Start Frame": 4680,
        "End Frame": 4800,
        "Caption": "#C C scrolls up; #C C scrolls down the screen; #C C scrolls down; #C C scrolls down the screen; #C C scrolls up the screen"
    },
    {
        "Video Name": "001934bb-81bd-4cd8-a574-0472ef3f6678",
        "Start Frame": 4800,
        "End Frame": 4920,
        "Caption": "#C C scrolls on the; #C C scrolls on the; #C C scrolls up; #C C scrolls up; #C C scrolls up"
    },
    {
        "Video Name": "001934bb-81bd-4cd8-a574-0472ef3f6678",
        "Start Frame": 4920,
        "End Frame": 5040,
        "Caption": "#C C scrolls down the screen; #C C scrolls on the laptop; #C C scrolls down; #C C scrolls on the laptop; #C C scrolls down"
    },
    {
        "Video Name": "001934bb-81bd-4cd8-a574-0472ef3f6678",
        "Start Frame": 5040,
        "End Frame": 5160,
        "Caption": "#C C scrolls down; #C C scrolls on the laptop; #C C scrolls up the screen; #C C scrolls up the screen; #C C scrolls down"
    },
    {
        "Video Name": "001934bb-81bd-4cd8-a574-0472ef3f6678",
        "Start Frame": 5160,
        "End Frame": 5280,
        "Caption": "#c c scrolls up; #C C scrolls down the; #C C scrolls down; #C C scrolls on the; #C C scrolls on the"
    },
    {
        "Video Name": "001934bb-81bd-4cd8-a574-0472ef3f6678",
        "Start Frame": 5280,
        "End Frame": 5400,
        "Caption": "#C C scrolls; #C C scrolls; #C C scrolls; #C C scrolls; #C C scrolls"
    }
]