[
    {
        "Video Name": "0062921d-17b1-48cd-9b3b-7e9216678b37",
        "Start Frame": 0,
        "End Frame": 120,
        "Caption": "#C C looks around; #C C places the cloth on the bed; #C C walks around the house; #C C moves around; #C C looks around the room"
    },
    {
        "Video Name": "0062921d-17b1-48cd-9b3b-7e9216678b37",
        "Start Frame": 120,
        "End Frame": 240,
        "Caption": "#C C lifts a clothe; #C C drops the baby X on the floor with his right hand.; #C C drops the pair of socks on the floor with her right hand; #C C drops the cloth on the floor with her left hand.; #C C drops the clothe on the floor with his left hand."
    },
    {
        "Video Name": "0062921d-17b1-48cd-9b3b-7e9216678b37",
        "Start Frame": 240,
        "End Frame": 360,
        "Caption": "#C C moves around the room ; #C C walks around the room; #C C picks a black cloth from the floor with her right hand; #C C walks to the wardrobe; #C C walks towards the room."
    },
    {
        "Video Name": "0062921d-17b1-48cd-9b3b-7e9216678b37",
        "Start Frame": 360,
        "End Frame": 480,
        "Caption": "#C C walks around the house; #C C walks around the house; #C C walks out of the bedroom; #C C walks around; #C C walks into the sitting room"
    },
    {
        "Video Name": "0062921d-17b1-48cd-9b3b-7e9216678b37",
        "Start Frame": 480,
        "End Frame": 600,
        "Caption": "#C C walks into a room.; #C C walks into a sitting room.; #C C walks towards a living room from a kitchen; #C C walks to a sitting room.; #C C walks into the living room."
    },
    {
        "Video Name": "0062921d-17b1-48cd-9b3b-7e9216678b37",
        "Start Frame": 600,
        "End Frame": 720,
        "Caption": "#C C walks into the bedroom from the bathroom; #C C walks into a room; #C C walks around; #C C walks around the room; #C C walks in the house"
    },
    {
        "Video Name": "0062921d-17b1-48cd-9b3b-7e9216678b37",
        "Start Frame": 720,
        "End Frame": 840,
        "Caption": "#C C walks around the room; #C C walks into the bedroom; #C C walks around the room; #C C walks around the house; #C C walks around the room"
    },
    {
        "Video Name": "0062921d-17b1-48cd-9b3b-7e9216678b37",
        "Start Frame": 840,
        "End Frame": 960,
        "Caption": "#C C walks around the room; #C C walks around the house; #C C walks around the house; #C C looks around; #C C walks around the house"
    },
    {
        "Video Name": "0062921d-17b1-48cd-9b3b-7e9216678b37",
        "Start Frame": 960,
        "End Frame": 1080,
        "Caption": "#C C walks towards a room; #C C moves around the room; #C C looks around; #C C walks around; #C C walks around the room"
    },
    {
        "Video Name": "0062921d-17b1-48cd-9b3b-7e9216678b37",
        "Start Frame": 1080,
        "End Frame": 1200,
        "Caption": "#C C walks out of the bathroom.; #C C walks into the room.; #C C walks into the hallway from the bedroom; #C C walks towards a bathroom.; #C C walks around the room"
    },
    {
        "Video Name": "0062921d-17b1-48cd-9b3b-7e9216678b37",
        "Start Frame": 1200,
        "End Frame": 1320,
        "Caption": "#C C walks to a bathroom; #C C walks to the bedroom; #C C walks into the bedroom; #C C walks around the house; #C C walks in the house"
    },
    {
        "Video Name": "0062921d-17b1-48cd-9b3b-7e9216678b37",
        "Start Frame": 1320,
        "End Frame": 1440,
        "Caption": "#C C walks to a room.; #C C walks out of the bedroom; #C C walks into the bedroom.; #C C walks into a room.; #C C walks into a bedroom."
    },
    {
        "Video Name": "0062921d-17b1-48cd-9b3b-7e9216678b37",
        "Start Frame": 1440,
        "End Frame": 1560,
        "Caption": "#C C picks a cloth from the floor with her left hand; #C C looks around; #C C looks around the room; #C C puts the cloth in the bag; #C C looks around "
    },
    {
        "Video Name": "0062921d-17b1-48cd-9b3b-7e9216678b37",
        "Start Frame": 1560,
        "End Frame": 1680,
        "Caption": "#C C holds a bag; #C C looks around; #C C puts the bag on the table; #C C picks a plastic bag from the floor with her right hand; #C C places the cloth in the box"
    },
    {
        "Video Name": "0062921d-17b1-48cd-9b3b-7e9216678b37",
        "Start Frame": 1680,
        "End Frame": 1800,
        "Caption": "#C C picks a cloth from the laundry basket with her left hand.; #C C puts a cloth on the bed ; #C C picks up the clothe; #C C picks up a cloth from the bag on the floor with her left hand; #C C picks clothes from the laundry bag with her left hand."
    },
    {
        "Video Name": "0062921d-17b1-48cd-9b3b-7e9216678b37",
        "Start Frame": 1800,
        "End Frame": 1920,
        "Caption": "#C C searches through the laundry basket with her left hand.; #C C looks through the clothes ; #C C picks up a black cloth from the box with her left hand; #C C picks a black clothe from the box with her left hand; #C C looks at the clothes on the floor"
    },
    {
        "Video Name": "0062921d-17b1-48cd-9b3b-7e9216678b37",
        "Start Frame": 1920,
        "End Frame": 2040,
        "Caption": "#C C picks up a cloth from the white laundry container with her right hand; #C C picks a piece of cloth from the wardrobe with her left hand.; #C C puts the cloth in the drawer with her left hand.; #C C picks a cloth from the plastic container with her left hand.; #C C picks a cloth from the drawer with her left hand."
    },
    {
        "Video Name": "0062921d-17b1-48cd-9b3b-7e9216678b37",
        "Start Frame": 2040,
        "End Frame": 2160,
        "Caption": "#C C drops the cloth on the floor with her right hand.; #C C drops the clothe on the floor with her left hand; #C C drops the cloth on a floor with her right hand.; #C C drops the cloth in the drawer with her left hand.; #C C drops the cloths in her left hand on the floor"
    },
    {
        "Video Name": "0062921d-17b1-48cd-9b3b-7e9216678b37",
        "Start Frame": 2160,
        "End Frame": 2280,
        "Caption": "#C C drops the cloths in the plastic bin with her left hand; #C C puts the cloths in the plastic bucket with her left hand; #C C puts the cloths into the storage box with her hands.; #C C drops the cloth in the storage box with her left hand.; #C C drops the cloth into the storage box with her left hand."
    },
    {
        "Video Name": "0062921d-17b1-48cd-9b3b-7e9216678b37",
        "Start Frame": 2280,
        "End Frame": 2400,
        "Caption": "#C C drops the black cloth in the storage container with her left hand.; #C C puts clothes in the laundry basket; #C C puts a cloth in a box; #C C drops the white cloth in the black laundry container with her left hand; #C C places the clothes in the basket with her right hand."
    },
    {
        "Video Name": "0062921d-17b1-48cd-9b3b-7e9216678b37",
        "Start Frame": 2400,
        "End Frame": 2520,
        "Caption": "#C C picks a cloth; #C C picks a cloth from the laundry basket with her left hand; #C C picks some clothes from the plastic bin with her left hand; #C C puts the piece of cloth in the laundry basket; #C C picks a cloth from the box with her left hand."
    },
    {
        "Video Name": "0062921d-17b1-48cd-9b3b-7e9216678b37",
        "Start Frame": 2520,
        "End Frame": 2640,
        "Caption": "#C C drops the cloth in the laundry basket with her right hand.; #C C picks a cloth from the laundry basket with her left hand.; #C C picks a cloth from the laundry basket with her left hand.; #C C picks up a black cloth from the basket with her left hand; #C C puts the cloth in the basket"
    },
    {
        "Video Name": "0062921d-17b1-48cd-9b3b-7e9216678b37",
        "Start Frame": 2640,
        "End Frame": 2760,
        "Caption": "#C C puts the cloth in a carton with her right hand; #C C throws the clothe in the basket; #C C places the clothes in the box; #C C puts the cloths in the box; #C C picks a cloth from the laundry basket with her right hand"
    },
    {
        "Video Name": "0062921d-17b1-48cd-9b3b-7e9216678b37",
        "Start Frame": 2760,
        "End Frame": 2880,
        "Caption": "#C C picks the clothe from the floor with her left hand.; #C C drops the cloth in a plastic bin with her left hand.; #C C drops the clothes in the plastic bin with her left hand.; #C C puts the cloth in the plastic bag with her left hand.; #C C puts the clothe into the basket with her left hand."
    },
    {
        "Video Name": "0062921d-17b1-48cd-9b3b-7e9216678b37",
        "Start Frame": 2880,
        "End Frame": 3000,
        "Caption": "#C C puts the cloth in the laundry basket; #C C picks a cloth on the floor with her right hand.; #C C stares at the clothes on the floor; #C C picks a cloth from the laundry basket with her left hand; #C C looks around the house"
    },
    {
        "Video Name": "0062921d-17b1-48cd-9b3b-7e9216678b37",
        "Start Frame": 3000,
        "End Frame": 3120,
        "Caption": "#C C searches through the laundry basket with her left hand.; #C C moves some clothes from the storage box into the laundry basket with her left hand; #C C picks a cloth from the laundry basket with her left hand.; #C C picks some cloths from the laundry container with her left hand.; #C C adjusts a cloth in the storage container with her left hand."
    },
    {
        "Video Name": "0062921d-17b1-48cd-9b3b-7e9216678b37",
        "Start Frame": 3120,
        "End Frame": 3240,
        "Caption": "#C C places the white cloth in the basket with her right hand.; #C C drops the cloth on the floor with her right hand.; #C C picks a cloth from the laundry basket with her right hand.; #C C puts the cloth in the basket with her right hand.; #C C drops the black cloth on the floor with her right hand."
    },
    {
        "Video Name": "0062921d-17b1-48cd-9b3b-7e9216678b37",
        "Start Frame": 3240,
        "End Frame": 3360,
        "Caption": "#C C touches a cloth on the ground with her left hand.; #C C drops the cloth in the basket with her left hand. ; #C C picks a cloth from the laundry basket with her right hand.; #C C picks a white cloth from the laundry basket with her right hand; #C C takes a clothe"
    },
    {
        "Video Name": "0062921d-17b1-48cd-9b3b-7e9216678b37",
        "Start Frame": 3360,
        "End Frame": 3480,
        "Caption": "#C C picks some clothes from the floor with her right hand.; #C C picks the cloth from the floor with her left hand.; #C C picks a black cloth from the floor with her left hand.; #C C picks a black clothes from the basket with her left hand.; #C C picks a black clothe from the floor with her left hand"
    },
    {
        "Video Name": "0062921d-17b1-48cd-9b3b-7e9216678b37",
        "Start Frame": 3480,
        "End Frame": 3600,
        "Caption": "#C C picks up a clothe; #C C picks a clothe from the floor with her left hand; #C C looks at the clothes; #C C lifts a cloth on the floor with her left hand.; #C C picks up a clothe"
    },
    {
        "Video Name": "0062921d-17b1-48cd-9b3b-7e9216678b37",
        "Start Frame": 3600,
        "End Frame": 3720,
        "Caption": "#C C looks around; #C C puts the clothe in the basket with her left hand; #C C moves the clothes on the cloth rack with her right hand; #C C picks a cloth from the laundry basket with her right hand; #C C takes a cloth from a basket with her right hand."
    },
    {
        "Video Name": "0062921d-17b1-48cd-9b3b-7e9216678b37",
        "Start Frame": 3720,
        "End Frame": 3840,
        "Caption": "#O The dog Y walks towards the woman X; #C C lifts a cloth with her left hand.; #C C picks a black cloth from the floor with her left hand; #C C drops the clothe on the floor with her left hand; #C C picks a cloth from the floor with her left hand."
    },
    {
        "Video Name": "0062921d-17b1-48cd-9b3b-7e9216678b37",
        "Start Frame": 3840,
        "End Frame": 3960,
        "Caption": "#C C drops the clothe on the floor with her left hand; #C C drops the clothe on the floor with her right hand; #C C looks at the dog; #C C picks the shirt from the floor with both hands.; #C C picks a clothe from the floor with her right hand"
    },
    {
        "Video Name": "0062921d-17b1-48cd-9b3b-7e9216678b37",
        "Start Frame": 3960,
        "End Frame": 4080,
        "Caption": "#C C drops the cloth on the floor with her left hand; #C C moves some clothes on the floor with both hands.; #C C picks a cloth from the floor with her right hand; #C C looks around the room; #C C drops the cloth on the floor with her right hand"
    },
    {
        "Video Name": "0062921d-17b1-48cd-9b3b-7e9216678b37",
        "Start Frame": 4080,
        "End Frame": 4200,
        "Caption": "#C C  puts the trouser down; #C C drops the pair of glasses on the floor with her right hand; #C C drops a pair of glasses on the floor with her right hand; #C C throws the clothe on the floor; #C C drops a cloth on the floor with her right hand."
    },
    {
        "Video Name": "0062921d-17b1-48cd-9b3b-7e9216678b37",
        "Start Frame": 4200,
        "End Frame": 4320,
        "Caption": "#C C searches the clothes in the storage room; #C C puts the cloths on the floor; #C C removes her left hand from the blue sock.; #C C picks a cloth from the floor with her right hand.; #C C picks a clothe from the floor with her right hand"
    },
    {
        "Video Name": "0062921d-17b1-48cd-9b3b-7e9216678b37",
        "Start Frame": 4320,
        "End Frame": 4440,
        "Caption": "#C C picks up the clothes on the floor with her left hand; #C C picks a clothe from the floor with her left hand; #C C takes a cloth from the floor with her left hand.; #C C picks a clothe from the floor with her right hand; #C C picks a cloth on the floor with his left hand."
    },
    {
        "Video Name": "0062921d-17b1-48cd-9b3b-7e9216678b37",
        "Start Frame": 4440,
        "End Frame": 4560,
        "Caption": "#C C drops the cloth on the floor with her right hand.; #C C picks up a white cloth from the floor with her right hand; #C C picks a clothe from the floor with her right hand.; #C C picks a clothe on the floor with her right hand.; #C C picks a cloth on the floor with her left hand."
    },
    {
        "Video Name": "0062921d-17b1-48cd-9b3b-7e9216678b37",
        "Start Frame": 4560,
        "End Frame": 4680,
        "Caption": "#C C picks the piece of cloth with both hands.; #C C picks the clothes on the floor; #C C picks the cloth on the floor with both hands; #C C drops the cloth in her hands on the floor; #C C picks up the cloth"
    },
    {
        "Video Name": "0062921d-17b1-48cd-9b3b-7e9216678b37",
        "Start Frame": 4680,
        "End Frame": 4800,
        "Caption": "#C C picks a clothe from the floor with her left hand; #C C picks a cloth; #C C picks a cloth from the floor with her left hand.; #C C drops the cloth on the floor with both hands.; #C C picks the clothe"
    },
    {
        "Video Name": "0062921d-17b1-48cd-9b3b-7e9216678b37",
        "Start Frame": 4800,
        "End Frame": 4920,
        "Caption": "#C C picks some clothes on the floor with both hands.; #C C throws clothe on the floor; #C C picks a cloth on the floor with her right hand; #C C throws a cloth on the floor with her left hand; #C C picks the cloth"
    },
    {
        "Video Name": "0062921d-17b1-48cd-9b3b-7e9216678b37",
        "Start Frame": 4920,
        "End Frame": 5040,
        "Caption": "#C C looks around; #C C checks clothes in the closet; #C C drops the clothe on the floor with her right hand; #C C picks a cloth ; #C C looks around"
    },
    {
        "Video Name": "0062921d-17b1-48cd-9b3b-7e9216678b37",
        "Start Frame": 5040,
        "End Frame": 5160,
        "Caption": "#C C looks around; #C C picks up a piece of paper; #C C picks up a plastic bag from the floor with her right hand; #C C holds the black clothe with both hands.; #C C picks some cloths from the floor with her right hand."
    },
    {
        "Video Name": "0062921d-17b1-48cd-9b3b-7e9216678b37",
        "Start Frame": 5160,
        "End Frame": 5280,
        "Caption": "#C C puts the cloth in the basket.; #C C puts the cloth in the cloth basket with her right hand; #C C puts the cloths in the basket on the floor.; #C C picks a clothe; #C C removes a black cloth from the basket with her right hand"
    },
    {
        "Video Name": "0062921d-17b1-48cd-9b3b-7e9216678b37",
        "Start Frame": 5280,
        "End Frame": 5400,
        "Caption": "#C C looks around the room ; #C C picks a cloth from the floor with her left hand; #O woman X bends; #C C lifts a hanger with both hands.; #C C holds a cloth on the floor with her left hand"
    }
]