[
    {
        "Video Name": "0096d5bd-dafe-48a5-a04d-9efe65d3d5b8",
        "Start Frame": 0,
        "End Frame": 120,
        "Caption": "#C C picks dough ; #C C picks dough from the table; #C C picks a dough; #C C picks a dough from the table; #C C picks a dough on the table"
    },
    {
        "Video Name": "0096d5bd-dafe-48a5-a04d-9efe65d3d5b8",
        "Start Frame": 120,
        "End Frame": 240,
        "Caption": "#C C puts dough on a; #C C picks dough roll on; #C C picks dough; #C C picks a dough; #C C picks dough on the"
    },
    {
        "Video Name": "0096d5bd-dafe-48a5-a04d-9efe65d3d5b8",
        "Start Frame": 240,
        "End Frame": 360,
        "Caption": "#C C puts the dough on the table; #C C puts dough in flour; #C C puts the dough on the table; #C C places the dough on the table; #C C puts the dough on top of the"
    },
    {
        "Video Name": "0096d5bd-dafe-48a5-a04d-9efe65d3d5b8",
        "Start Frame": 360,
        "End Frame": 480,
        "Caption": "#C C picks a rolling pin; #C C puts the dough on the; #C C picks a dough; #C C picks a rolling pin; #C C puts the dough down "
    },
    {
        "Video Name": "0096d5bd-dafe-48a5-a04d-9efe65d3d5b8",
        "Start Frame": 480,
        "End Frame": 600,
        "Caption": "#C C Flattens the dough with rolling pin; #C C rolls the dough with the rolling pin; #C C  rolls the dough with the rolling pin; #C C rolls the dough with a rolling pin; #C C rolls the dough with the rolling pin"
    },
    {
        "Video Name": "0096d5bd-dafe-48a5-a04d-9efe65d3d5b8",
        "Start Frame": 600,
        "End Frame": 720,
        "Caption": "#c c rolls dough with a rolling; #c c rolls dough with a rolling; #c c rolls dough with a rolling; #C C rolls dough with the right; #c c rolls dough with a rolling"
    },
    {
        "Video Name": "0096d5bd-dafe-48a5-a04d-9efe65d3d5b8",
        "Start Frame": 720,
        "End Frame": 840,
        "Caption": "#C C rolls dough with rolling pin; #C C flattens dough with rolling pin; #C C turns the dough upside down; #c c rolls dough with a rolling pin; #C C turns dough with right hand"
    },
    {
        "Video Name": "0096d5bd-dafe-48a5-a04d-9efe65d3d5b8",
        "Start Frame": 840,
        "End Frame": 960,
        "Caption": "#C C rolls the dough with a rolling; #C C rolls dough with rolling pin; #C C rolls the dough with the rolling; #C C rolls the dough with the rolling; #C C rolls dough with rolling pin"
    },
    {
        "Video Name": "0096d5bd-dafe-48a5-a04d-9efe65d3d5b8",
        "Start Frame": 960,
        "End Frame": 1080,
        "Caption": "#C C rolls the dough with the rolling; #C C rolls the dough with the rolling; #C C rolls a dough with a rolling; #C C rolls a dough with a rolling; #C C rolls dough with the rolling pin"
    },
    {
        "Video Name": "0096d5bd-dafe-48a5-a04d-9efe65d3d5b8",
        "Start Frame": 1080,
        "End Frame": 1200,
        "Caption": "#C C rolls dough with rolling pin; #C C rolls the dough; #C C rolls dough over flour on the; #C C rolls a dough; #C C rolls the dough with a rolling"
    },
    {
        "Video Name": "0096d5bd-dafe-48a5-a04d-9efe65d3d5b8",
        "Start Frame": 1200,
        "End Frame": 1320,
        "Caption": "#C C turns the dough; #C C turns the dough upside; #C C turns the dough upside; #C C turns the dough upside; #C C turns the dough"
    },
    {
        "Video Name": "0096d5bd-dafe-48a5-a04d-9efe65d3d5b8",
        "Start Frame": 1320,
        "End Frame": 1440,
        "Caption": "#C C rolls the dough with the rolling; #C C rolls the dough with the rolling; #C C rolls the dough with the rolling; #C C rolls dough over flour on the; #C C rolls the dough with the rolling"
    },
    {
        "Video Name": "0096d5bd-dafe-48a5-a04d-9efe65d3d5b8",
        "Start Frame": 1440,
        "End Frame": 1560,
        "Caption": "#C C turns the dough with right hand; #C C turns the dough with the right; #c c flips dough; #C C turns the dough; #C C turns the dough with right hand"
    },
    {
        "Video Name": "0096d5bd-dafe-48a5-a04d-9efe65d3d5b8",
        "Start Frame": 1560,
        "End Frame": 1680,
        "Caption": "#C C  rolls the dough with the rolling; #C C turns the dough; #C C turns a dough; #C C Adjusts flattened dough on a table; #C C turns the dough"
    },
    {
        "Video Name": "0096d5bd-dafe-48a5-a04d-9efe65d3d5b8",
        "Start Frame": 1680,
        "End Frame": 1800,
        "Caption": "#C C puts dough in flour; #C C places dough in flour; #c c puts dough on flour; #C C puts dough on flour; #c c puts the dough on the"
    },
    {
        "Video Name": "0096d5bd-dafe-48a5-a04d-9efe65d3d5b8",
        "Start Frame": 1800,
        "End Frame": 1920,
        "Caption": "#C C rolls the dough with the rolling; #C C rolls the dough with a rolling; #C C rolls the dough with the rolling; #C C rolls dough with rolling pin; #C C flattens dough with the rolling"
    },
    {
        "Video Name": "0096d5bd-dafe-48a5-a04d-9efe65d3d5b8",
        "Start Frame": 1920,
        "End Frame": 2040,
        "Caption": "#C C rolls dough with the right hand; #C C rolls the dough with the rolling; #C C rolls the dough with a rolling; #C C rolls dough with rolling pin; #C C rolls dough with the right hand"
    },
    {
        "Video Name": "0096d5bd-dafe-48a5-a04d-9efe65d3d5b8",
        "Start Frame": 2040,
        "End Frame": 2160,
        "Caption": "#C C flattens dough with rolling pin\n; #C C rolls the dough with the right hand; #c c turns the dough with the right hand; #C C Flips dough on flour on a; #C C rolls the dough with the rolling pin"
    },
    {
        "Video Name": "0096d5bd-dafe-48a5-a04d-9efe65d3d5b8",
        "Start Frame": 2160,
        "End Frame": 2280,
        "Caption": "#C C moves dough on the table with the right; #C C  rolls the dough with the rolling pin; #C C  rolls the dough with the rolling pin; #c c moves dough on the table; #C C rolls dough with rolling pin"
    },
    {
        "Video Name": "0096d5bd-dafe-48a5-a04d-9efe65d3d5b8",
        "Start Frame": 2280,
        "End Frame": 2400,
        "Caption": "#C C rolls the dough with the rolling; #c c rolls the dough with the rolling; #C C rolls dough with the rolling pin; #C C flattens dough with rolling pin; #C C rolls dough with the rolling pin"
    },
    {
        "Video Name": "0096d5bd-dafe-48a5-a04d-9efe65d3d5b8",
        "Start Frame": 2400,
        "End Frame": 2520,
        "Caption": "#C C rolls the dough with the rolling; #C C rolls dough with rolling pin; #C C rolls dough with rolling pin; #C C rolls dough with the roller; #C C rolls dough with rolling pin"
    },
    {
        "Video Name": "0096d5bd-dafe-48a5-a04d-9efe65d3d5b8",
        "Start Frame": 2520,
        "End Frame": 2640,
        "Caption": "#C C turns the dough upside down; #C C turns dough with right hand; #C C rolls the dough with a rolling; #C C turns dough with right hand; #C C turns dough"
    },
    {
        "Video Name": "0096d5bd-dafe-48a5-a04d-9efe65d3d5b8",
        "Start Frame": 2640,
        "End Frame": 2760,
        "Caption": "#C C turns the dough with the right hand; #C C turns the dough; #C C rolls dough with rolling pin; #C C  rubs the flour on the; #C C flattens dough with the rolling pin"
    },
    {
        "Video Name": "0096d5bd-dafe-48a5-a04d-9efe65d3d5b8",
        "Start Frame": 2760,
        "End Frame": 2880,
        "Caption": "#C C rolls dough over flour on the; #C C rolls dough with rolling pin; #C C flattens dough with rolling pin; #c c rolls dough with a rolling pin; #C C rolls the dough with the rolling"
    },
    {
        "Video Name": "0096d5bd-dafe-48a5-a04d-9efe65d3d5b8",
        "Start Frame": 2880,
        "End Frame": 3000,
        "Caption": "#C C puts dough on the flour; #c c puts the dough on the; #c c puts dough on the flour; #c c puts dough on the table; #C C puts dough on flour"
    },
    {
        "Video Name": "0096d5bd-dafe-48a5-a04d-9efe65d3d5b8",
        "Start Frame": 3000,
        "End Frame": 3120,
        "Caption": "#C C rubs the dough on the; #C C rolls the dough; #C C turns the dough with right hand; #C C rolls the dough with the right; #C C turns dough"
    },
    {
        "Video Name": "0096d5bd-dafe-48a5-a04d-9efe65d3d5b8",
        "Start Frame": 3120,
        "End Frame": 3240,
        "Caption": "#C C rolls the dough with the rolling; #C C rolls dough with the rolling pin; #C C rolls the dough with the rolling; #c c rolls dough with a rolling pin; #C C rolls the dough with the rolling"
    },
    {
        "Video Name": "0096d5bd-dafe-48a5-a04d-9efe65d3d5b8",
        "Start Frame": 3240,
        "End Frame": 3360,
        "Caption": "#c c turns the dough; #c c rolls dough with a rolling pin; #C C rolls the dough with a rolling; #c c rolls dough with a rolling pin; #C C rolls the dough with a rolling"
    },
    {
        "Video Name": "0096d5bd-dafe-48a5-a04d-9efe65d3d5b8",
        "Start Frame": 3360,
        "End Frame": 3480,
        "Caption": "#C C rolls the dough with a rolling; #C C rolls dough with rolling pin; #c c rolls dough with a rolling pin; #c c rolls dough with a rolling pin; #C C rolls dough with rolling pin"
    },
    {
        "Video Name": "0096d5bd-dafe-48a5-a04d-9efe65d3d5b8",
        "Start Frame": 3480,
        "End Frame": 3600,
        "Caption": "#c c rolls dough with a rolling; #C C rolls dough with rolling pin; #C C rolls dough with rolling pin; #c c rolls dough with a rolling; #C C rolls dough with rolling pin"
    },
    {
        "Video Name": "0096d5bd-dafe-48a5-a04d-9efe65d3d5b8",
        "Start Frame": 3600,
        "End Frame": 3720,
        "Caption": "#C C turns the dough upside down; #C C turns the dough upside down; #C C moves dough on the table with the right; #C C turns the dough; #C C turns the dough upside down"
    },
    {
        "Video Name": "0096d5bd-dafe-48a5-a04d-9efe65d3d5b8",
        "Start Frame": 3720,
        "End Frame": 3840,
        "Caption": "#C C rolls the dough with the rolling; #c c rolls dough with a rolling pin; #C C rolls dough with rolling pin; #C C rolls the dough with a rolling; #C C rolls dough with rolling pin"
    },
    {
        "Video Name": "0096d5bd-dafe-48a5-a04d-9efe65d3d5b8",
        "Start Frame": 3840,
        "End Frame": 3960,
        "Caption": "#C C turns dough; #C C turns the dough with the right; #c c turns the dough; #C C turns the dough upside down; #C C turns dough with right hand"
    },
    {
        "Video Name": "0096d5bd-dafe-48a5-a04d-9efe65d3d5b8",
        "Start Frame": 3960,
        "End Frame": 4080,
        "Caption": "#c c rolls dough with a rolling pin; #C C rolls dough with rolling pin; #C C rolls dough with rolling pin; #C C rolls the dough with the rolling; #C C rolls dough with rolling pin"
    },
    {
        "Video Name": "0096d5bd-dafe-48a5-a04d-9efe65d3d5b8",
        "Start Frame": 4080,
        "End Frame": 4200,
        "Caption": "#C C rolls dough with the rolling pin; #C C rolls the dough with the rolling pin; #C C  rolls the dough with the rolling; #C C rolls dough with the roller; #C C rolls the dough with the rolling pin"
    },
    {
        "Video Name": "0096d5bd-dafe-48a5-a04d-9efe65d3d5b8",
        "Start Frame": 4200,
        "End Frame": 4320,
        "Caption": "#C C puts the dough down; #C C puts dough on the; #C C puts dough aside; #C C puts dough on the; #C C puts dough aside"
    },
    {
        "Video Name": "0096d5bd-dafe-48a5-a04d-9efe65d3d5b8",
        "Start Frame": 4320,
        "End Frame": 4440,
        "Caption": "#C C turns the; #C C flips dough; #C C flips dough; #C C turns dough; #c c flips dough"
    },
    {
        "Video Name": "0096d5bd-dafe-48a5-a04d-9efe65d3d5b8",
        "Start Frame": 4440,
        "End Frame": 4560,
        "Caption": "#C C puts the dough aside; #C C puts dough on flour ; #c c puts dough on the table; #c c adjusts the dough on the table; #C C moves dough on the table with the right"
    },
    {
        "Video Name": "0096d5bd-dafe-48a5-a04d-9efe65d3d5b8",
        "Start Frame": 4560,
        "End Frame": 4680,
        "Caption": "#C C rolls dough with the roller; #C C rolls dough with rolling pin; #C C rolls dough with the roller; #C C rolls dough with rolling pin; #C C rolls the dough with the rolling"
    },
    {
        "Video Name": "0096d5bd-dafe-48a5-a04d-9efe65d3d5b8",
        "Start Frame": 4680,
        "End Frame": 4800,
        "Caption": "#c c rolls dough with a rolling; #c c rolls dough with a rolling; #C C rolls dough with rolling pin; #C C rolls dough with the roller; #C C rolls dough with the roller"
    },
    {
        "Video Name": "0096d5bd-dafe-48a5-a04d-9efe65d3d5b8",
        "Start Frame": 4800,
        "End Frame": 4920,
        "Caption": "#C C rolls the dough with a rolling; #c c rolls dough with a rolling pin; #C C rolls dough with rolling pin; #C C rolls dough with rolling pin; #C C rolls dough with rolling pin"
    },
    {
        "Video Name": "0096d5bd-dafe-48a5-a04d-9efe65d3d5b8",
        "Start Frame": 4920,
        "End Frame": 5040,
        "Caption": "#C C rolls dough with a rolling; #c c rolls dough with a rolling; #C C rolls dough with the roller; #c c rolls dough with a rolling; #c c rolls dough with a rolling"
    },
    {
        "Video Name": "0096d5bd-dafe-48a5-a04d-9efe65d3d5b8",
        "Start Frame": 5040,
        "End Frame": 5160,
        "Caption": "#C C moves dough on the table with the right; #C C rubs the dough with his right hand; #C C rolls dough over flour on the table; #C C Spreads flour on table; #C C Spreads flour on dough"
    },
    {
        "Video Name": "0096d5bd-dafe-48a5-a04d-9efe65d3d5b8",
        "Start Frame": 5160,
        "End Frame": 5280,
        "Caption": "#C C flattens dough with a rolling; #c c rolls dough with a rolling pin; #C C flattens dough with a rolling; #C C turns a dough; #C C rolls a dough with a rolling"
    },
    {
        "Video Name": "0096d5bd-dafe-48a5-a04d-9efe65d3d5b8",
        "Start Frame": 5280,
        "End Frame": 5400,
        "Caption": "#C C makes a round shape with dough; #C C squeezes the dough; #c c cuts dough; #C C kneads dough; #C C kneads dough with both"
    }
]