[
    {
        "Video Name": "01df9514-e552-40c7-9954-e7c7630c7efb",
        "Start Frame": 0,
        "End Frame": 120,
        "Caption": "#C C holds the spanner with his left; #C C Adjusts a wrench; #C C tightens the screw; #C C holds the spanner with both hands; #C C removes the spanner from the bicycle"
    },
    {
        "Video Name": "01df9514-e552-40c7-9954-e7c7630c7efb",
        "Start Frame": 120,
        "End Frame": 240,
        "Caption": "#C C places the bolt on the bicycle ; #C C Adjusts a nut on a pedal; #C C Adjusts a nut on a pedal; #C C unscrews the bolt from the bicycle; #C C Puts down a bolt tightener"
    },
    {
        "Video Name": "01df9514-e552-40c7-9954-e7c7630c7efb",
        "Start Frame": 240,
        "End Frame": 360,
        "Caption": "#C C Walks around a; #C C walks around the room; #C C looks around; #C C walks around; #C C Walks around a"
    },
    {
        "Video Name": "01df9514-e552-40c7-9954-e7c7630c7efb",
        "Start Frame": 360,
        "End Frame": 480,
        "Caption": "#C C picks the hammer from the table with his right hand.; #C C picks a polythene paper ; #C C picks a metal; #C C picks a caliper from the table with his right hand.; #C C moves the clamp"
    },
    {
        "Video Name": "01df9514-e552-40c7-9954-e7c7630c7efb",
        "Start Frame": 480,
        "End Frame": 600,
        "Caption": "#C C places the bicycle component on the workshop table with his right hand; #C C picks the spanner from the table ; #C C drops the spanner on the table with his right hand.; #C C picks the piece of metal from the table ; #C C places the knob on the bench vice with his right hand."
    },
    {
        "Video Name": "01df9514-e552-40c7-9954-e7c7630c7efb",
        "Start Frame": 600,
        "End Frame": 720,
        "Caption": "#C C picks the chainring with his left hand.; #C C picks the crankset cover; #C C rotates the metal holder; #C C removes the disc brake on the bench vice with his right hand; #C C turns the handle of the bench vice with his left hand."
    },
    {
        "Video Name": "01df9514-e552-40c7-9954-e7c7630c7efb",
        "Start Frame": 720,
        "End Frame": 840,
        "Caption": "#C C takes a vise ; #C C picks the metal holder; #C C moves the clamp handle ; #C C rotates the handle ; #C C holds the handle of the bench vice with his right hand"
    },
    {
        "Video Name": "01df9514-e552-40c7-9954-e7c7630c7efb",
        "Start Frame": 840,
        "End Frame": 960,
        "Caption": "#C C takes a screw on the work bench with his right hand; #C C fixes the bicycle pedal on the clamp; #C C removes the bicycle pedal with his right hand.; #C C removes the nut; #C C takes the hub"
    },
    {
        "Video Name": "01df9514-e552-40c7-9954-e7c7630c7efb",
        "Start Frame": 960,
        "End Frame": 1080,
        "Caption": "#C C tightens the nut; #C C removes the nut from the jaw of the bench vise with his left hand; #C C loosens the nut on the metal holder ; #C C puts the spanner in the nut ; #C C removes the nut screw"
    },
    {
        "Video Name": "01df9514-e552-40c7-9954-e7c7630c7efb",
        "Start Frame": 1080,
        "End Frame": 1200,
        "Caption": "#C C removes a screw from the bicycle front dropout with his left hand; #C C tightens the bolt with the spanner; #C C tightens the bolt with the spanner; #C C removes screw from the bolt ; #C C removes the screw"
    },
    {
        "Video Name": "01df9514-e552-40c7-9954-e7c7630c7efb",
        "Start Frame": 1200,
        "End Frame": 1320,
        "Caption": "#C C unscrews the bolt on the bicycle pedal with the spanner in his right hand; #C C puts the spanner on the nut ; #C C screws the nut ; #C C attaches the spanner to the bolt; #C C fixes the nut "
    },
    {
        "Video Name": "01df9514-e552-40c7-9954-e7c7630c7efb",
        "Start Frame": 1320,
        "End Frame": 1440,
        "Caption": "#C C tightens the bolt with the screw; #C C tightens the valve; #C C fixes the screw on the clamp; #C C fixes the nut on the screw; #C C removes screw driver"
    },
    {
        "Video Name": "01df9514-e552-40c7-9954-e7c7630c7efb",
        "Start Frame": 1440,
        "End Frame": 1560,
        "Caption": "#C C opens the nut; #C C holds the valve on the bench vice with his left hand; #C C places the metal in the clamp; #C C removes the screw with the spanner; #C C removes the screw from the bicycle hub with his right hand"
    },
    {
        "Video Name": "01df9514-e552-40c7-9954-e7c7630c7efb",
        "Start Frame": 1560,
        "End Frame": 1680,
        "Caption": "#C C puts the nut down; #C C drops the metal rod on a tool cabinet with his left hand; #C C puts the wrench on the table; #C C puts the metal rod on the table; #C C puts the metal down"
    },
    {
        "Video Name": "01df9514-e552-40c7-9954-e7c7630c7efb",
        "Start Frame": 1680,
        "End Frame": 1800,
        "Caption": "#C C wipes the screwdriver ; #C C cleans the bearing on the paper with his gloved right hand; #C C puts tissue on the table; #C C cleans the screwdriver with the tissue in his right hand.; #C C wipes a nut"
    },
    {
        "Video Name": "01df9514-e552-40c7-9954-e7c7630c7efb",
        "Start Frame": 1800,
        "End Frame": 1920,
        "Caption": "#C C wipes the screw driver; #C C wipes a spanner; #C C wipes the t-spanner with the tissue; #C C wipes the screw driver; #C C cleans the pair of pliers with the tissue"
    },
    {
        "Video Name": "01df9514-e552-40c7-9954-e7c7630c7efb",
        "Start Frame": 1920,
        "End Frame": 2040,
        "Caption": "#C C closes the drawer with his right gloved hand; #C C opens the drawer with his right gloved hand; #C C opens the drawer; #C C opens a drawer ; #C C opens the drawer"
    },
    {
        "Video Name": "01df9514-e552-40c7-9954-e7c7630c7efb",
        "Start Frame": 2040,
        "End Frame": 2160,
        "Caption": "#C C walks around; #C C walks in the garage; #C C walks around the garage; #C C drops the nut ; #C C walks around the workshop"
    },
    {
        "Video Name": "01df9514-e552-40c7-9954-e7c7630c7efb",
        "Start Frame": 2160,
        "End Frame": 2280,
        "Caption": "#C C walks in the room ; #C C walks in the room ; #C C passes the chainring from his left hand to his right hand.; #C C walks around the room; #C C walks around the workshop "
    },
    {
        "Video Name": "01df9514-e552-40c7-9954-e7c7630c7efb",
        "Start Frame": 2280,
        "End Frame": 2400,
        "Caption": "#C C wipes hands ; #C C wipes hands; #C C wipes the hands with the tissue; #C C wipes hands; #C C Wipes hands with a tissue"
    },
    {
        "Video Name": "01df9514-e552-40c7-9954-e7c7630c7efb",
        "Start Frame": 2400,
        "End Frame": 2520,
        "Caption": "#C C cleans a bicycle with a paper towel; #C C drops the tissue paper; #C C cleans his right hand with the tissue paper.; #C C Adjusts a tissue paper on his hands; #C C cleans the crank spider with the tissue paper in his right hand"
    },
    {
        "Video Name": "01df9514-e552-40c7-9954-e7c7630c7efb",
        "Start Frame": 2520,
        "End Frame": 2640,
        "Caption": "#C C Looks around a garage; #C C looks at the bicycle; #C C looks around; #C C looks around ; #C C looks at the bike"
    },
    {
        "Video Name": "01df9514-e552-40c7-9954-e7c7630c7efb",
        "Start Frame": 2640,
        "End Frame": 2760,
        "Caption": "#C C Looks around a; #C C looks around; #C C looks around; #C C looks around; #C C Looks around a"
    },
    {
        "Video Name": "01df9514-e552-40c7-9954-e7c7630c7efb",
        "Start Frame": 2760,
        "End Frame": 2880,
        "Caption": "#C C pulls the lever; #c c holds the bicycle; #C C pulls the bicycle; #C C rotates the bicycle; #c c turn the bike"
    },
    {
        "Video Name": "01df9514-e552-40c7-9954-e7c7630c7efb",
        "Start Frame": 2880,
        "End Frame": 3000,
        "Caption": "#C C moves the hand; #C C adjusts the bicycle; #C C stares around; #C C looks around; #C C looks at the"
    },
    {
        "Video Name": "01df9514-e552-40c7-9954-e7c7630c7efb",
        "Start Frame": 3000,
        "End Frame": 3120,
        "Caption": "#C C moves the right hand ; #C C looks around ; #C C pulls the wire; #C C removes his right hand from the bicycle's suspension fork; #C C looks around"
    },
    {
        "Video Name": "01df9514-e552-40c7-9954-e7c7630c7efb",
        "Start Frame": 3120,
        "End Frame": 3240,
        "Caption": "#C C looks around; #C C removes the screw from the bicycle; #C C lifts a wrench ; #C C holds the handle of the bicycle with his right; #C C holds the bicycle"
    },
    {
        "Video Name": "01df9514-e552-40c7-9954-e7c7630c7efb",
        "Start Frame": 3240,
        "End Frame": 3360,
        "Caption": "#C C  touches; #C C touches face; #C C adjusts the; #c c touches the; #C C touches the"
    },
    {
        "Video Name": "01df9514-e552-40c7-9954-e7c7630c7efb",
        "Start Frame": 3360,
        "End Frame": 3480,
        "Caption": "#C C looks around ; #C C looks at the; #C C touches the bicycle; #C C looks around; #c c looks around"
    },
    {
        "Video Name": "01df9514-e552-40c7-9954-e7c7630c7efb",
        "Start Frame": 3480,
        "End Frame": 3600,
        "Caption": "#C C touches the bicycle with his right hand.; #C C drops the lamp on the floor with his right hand.; #C C puts the lamp on the bicycle with his right hand.; #C C touches a bicycle with his right hand.; #C C drops the lamp on the work bench with his right hand"
    },
    {
        "Video Name": "01df9514-e552-40c7-9954-e7c7630c7efb",
        "Start Frame": 3600,
        "End Frame": 3720,
        "Caption": "#C C adjusts the bicycle kickstand with his left hand.; #C C removes a bicycle break cable ; #C C adjusts the bicycle pump with both hands.; #C C picks a bicycle pump from a stool with his left hand; #C C puts the bicycle holder on the table "
    },
    {
        "Video Name": "01df9514-e552-40c7-9954-e7c7630c7efb",
        "Start Frame": 3720,
        "End Frame": 3840,
        "Caption": "#C C pulls the bolt; #C C adjusts the nut; #C C takes the spanner; #C C attaches the bolt to the spanner with his hands; #C C detaches the bicycle stand from the bicycle"
    },
    {
        "Video Name": "01df9514-e552-40c7-9954-e7c7630c7efb",
        "Start Frame": 3840,
        "End Frame": 3960,
        "Caption": "#C C drops the hex key on the tool box with his right hand.; #C C puts the bicycle pump on the table; #C C holds the spanner with his left hand.; #C C places the allen key on the bicycle repair stand with his right hand; #C C places the spanner on the workshop lift with his right hand."
    },
    {
        "Video Name": "01df9514-e552-40c7-9954-e7c7630c7efb",
        "Start Frame": 3960,
        "End Frame": 4080,
        "Caption": "#C C picks a bicycle spare part; #C C puts a spanner on the bicycle stand; #C C holds the bicycle handle bar with his left hand.; #C C picks a brake cable with his right hand. ; #C C picks the bicycle from the repair stand with his right hand"
    },
    {
        "Video Name": "01df9514-e552-40c7-9954-e7c7630c7efb",
        "Start Frame": 4080,
        "End Frame": 4200,
        "Caption": "#C C looks around ; #C C picks a tissue from the drawer with his right gloved hand; #C C walks around the garage ; #C C walks around; #C C drops his right hand."
    },
    {
        "Video Name": "01df9514-e552-40c7-9954-e7c7630c7efb",
        "Start Frame": 4200,
        "End Frame": 4320,
        "Caption": "#C C puts the spanner on the; #C C puts the nut on the pedal; #C C puts the hex wrench on the; #C C puts the screw on the cabinet; #C C puts the spanner on the"
    },
    {
        "Video Name": "01df9514-e552-40c7-9954-e7c7630c7efb",
        "Start Frame": 4320,
        "End Frame": 4440,
        "Caption": "#C C holds the bicycle ; #C C holds the bicycle hub with his left hand.; #C C touches the bicycle ; #C C Adjusts a metal with his hands; #C C holds the bicycle "
    },
    {
        "Video Name": "01df9514-e552-40c7-9954-e7c7630c7efb",
        "Start Frame": 4440,
        "End Frame": 4560,
        "Caption": "#C C holds the bicycle; #C C removes the bolt with his left hand; #C C Removes a rod from a bicycle; #C C removes the bicycle chain; #C C holds the bicycle"
    },
    {
        "Video Name": "01df9514-e552-40c7-9954-e7c7630c7efb",
        "Start Frame": 4560,
        "End Frame": 4680,
        "Caption": "#C C picks the screw from the work stand with his left hand. ; #C C fixes the bolt on the bicycle; #C C drops the nut on the repair stand on the floor with his left gloved hand; #C C places the screw driver on the bicycle repair stand with his left hand.; #C C  picks a screw from the work bench with his right gloved hand."
    },
    {
        "Video Name": "01df9514-e552-40c7-9954-e7c7630c7efb",
        "Start Frame": 4680,
        "End Frame": 4800,
        "Caption": "#C C picks a torque wrench; #C C picks a spanner; #C C picks the spanner; #C C touches the bicycle; #C C picks a spanner"
    },
    {
        "Video Name": "01df9514-e552-40c7-9954-e7c7630c7efb",
        "Start Frame": 4800,
        "End Frame": 4920,
        "Caption": "#C C puts the metal on the bicycle; #C C fixes the screw on the bicycle; #C C tightens the bolt with a spanner; #C C removes the screw from the bicycle with his right hand; #C C adjusts the bicycle pump with his right hand."
    },
    {
        "Video Name": "01df9514-e552-40c7-9954-e7c7630c7efb",
        "Start Frame": 4920,
        "End Frame": 5040,
        "Caption": "#C C fixes the bolt in the bicycle; #C C removes a metal rod from the bicycle ; #C C tightens the bolt to the bicycle with his right hand; #C C fixes the bolt on the bicycle ; #C C tightens bolt on the bicycle"
    },
    {
        "Video Name": "01df9514-e552-40c7-9954-e7c7630c7efb",
        "Start Frame": 5040,
        "End Frame": 5160,
        "Caption": "#C C picks a bolt; #C C picks the bolt; #C C picks up the hub; #C C picks a bicycle hub; #C C picks a metal"
    },
    {
        "Video Name": "01df9514-e552-40c7-9954-e7c7630c7efb",
        "Start Frame": 5160,
        "End Frame": 5280,
        "Caption": "#C C picks a washer; #C C picks a metal rod; #C C picks the spare part; #C C Picks a nut; #C C picks a bolt from the work bench with his right hand"
    },
    {
        "Video Name": "01df9514-e552-40c7-9954-e7c7630c7efb",
        "Start Frame": 5280,
        "End Frame": 5400,
        "Caption": "#C C fixes the bolt on the bicycle; #C C inserts the bolt on the bolt; #C C fixes the bolt on the bicycle; #C C fixes the bolt on the bicycle; #C C fixes the bolt on the bicycle"
    }
]