[
    {
        "Video Name": "01e543ee-3d11-4b12-9428-192cc042f399",
        "Start Frame": 0,
        "End Frame": 120,
        "Caption": "#c c stirs the meat with the; #C C picks  raw chicken from the; #c c picks chicken; #c c moves chicken; #c c pick the chicken"
    },
    {
        "Video Name": "01e543ee-3d11-4b12-9428-192cc042f399",
        "Start Frame": 120,
        "End Frame": 240,
        "Caption": "#C C picks another meat piece in the container with the left; #C C turns the chicken; #C C turns the chicken; #c c turns chicken; #c c moves chicken"
    },
    {
        "Video Name": "01e543ee-3d11-4b12-9428-192cc042f399",
        "Start Frame": 240,
        "End Frame": 360,
        "Caption": "#C C removes meat from the; #c c moves chicken; #C C turns the chicken; #C C mixes the food; #c c moves chicken"
    },
    {
        "Video Name": "01e543ee-3d11-4b12-9428-192cc042f399",
        "Start Frame": 360,
        "End Frame": 480,
        "Caption": "#C C picks the chicken; #c c turns chicken; #c c turns chicken; #c c stirs the; #C C turns the chicken"
    },
    {
        "Video Name": "01e543ee-3d11-4b12-9428-192cc042f399",
        "Start Frame": 480,
        "End Frame": 600,
        "Caption": "#C C turns the; #c c picks chicken; #c c moves chicken; #C C turns the; #C C turns the"
    },
    {
        "Video Name": "01e543ee-3d11-4b12-9428-192cc042f399",
        "Start Frame": 600,
        "End Frame": 720,
        "Caption": "#C C turns chicken pieces in the; #C C moves chicken; #C C turns chicken; #C C turns chicken pieces; #c c moves chicken"
    },
    {
        "Video Name": "01e543ee-3d11-4b12-9428-192cc042f399",
        "Start Frame": 720,
        "End Frame": 840,
        "Caption": "#C C turns the chicken; #C C turns the chicken; #C C picks meat with skewers; #C C turns chicken; #C C turns chicken pieces in the cooking"
    },
    {
        "Video Name": "01e543ee-3d11-4b12-9428-192cc042f399",
        "Start Frame": 840,
        "End Frame": 960,
        "Caption": "#C C mixes the chicken with the; #C C turns the chicken; #c c moves the meat; #C C turns the chicken; #C C turns the chicken"
    },
    {
        "Video Name": "01e543ee-3d11-4b12-9428-192cc042f399",
        "Start Frame": 960,
        "End Frame": 1080,
        "Caption": "#c c picks; #C C turns; #C C moves; #C C turns; #C C picks"
    },
    {
        "Video Name": "01e543ee-3d11-4b12-9428-192cc042f399",
        "Start Frame": 1080,
        "End Frame": 1200,
        "Caption": "#c c turns chicken; #C C talks to person X; #c c turns chicken; #C C mixes chicken pieces with; #C C turns the chicken"
    },
    {
        "Video Name": "01e543ee-3d11-4b12-9428-192cc042f399",
        "Start Frame": 1200,
        "End Frame": 1320,
        "Caption": "#c c turns the chicken pieces; #C C turns the chicken; #C C turns the chicken; #C C touches the meat with the; #c c moves chicken"
    },
    {
        "Video Name": "01e543ee-3d11-4b12-9428-192cc042f399",
        "Start Frame": 1320,
        "End Frame": 1440,
        "Caption": "#C C mixes the meat; #c c turns chicken; #C C holds meat; #C C moves chicken pieces in the; #c c moves chicken"
    },
    {
        "Video Name": "01e543ee-3d11-4b12-9428-192cc042f399",
        "Start Frame": 1440,
        "End Frame": 1560,
        "Caption": "#C C stirs the food; #C C holds the chicken; #C C stirs the chicken; #C C turns the chicken; #C C turns chicken with chop"
    },
    {
        "Video Name": "01e543ee-3d11-4b12-9428-192cc042f399",
        "Start Frame": 1560,
        "End Frame": 1680,
        "Caption": "#C C turns chicken pieces in the cooking; #C C moves chicken; #C C turns the chicken; #C C moves the chicken; #C C moves the chicken"
    },
    {
        "Video Name": "01e543ee-3d11-4b12-9428-192cc042f399",
        "Start Frame": 1680,
        "End Frame": 1800,
        "Caption": "#C C picks meat from the container; #C C turns chicken; #C C puts the meat in the sink; #C C puts the chicken pieces in the ; #c c puts chicken in the pan"
    },
    {
        "Video Name": "01e543ee-3d11-4b12-9428-192cc042f399",
        "Start Frame": 1800,
        "End Frame": 1920,
        "Caption": "#c c open the tap; #c c opens tap; #c c open tap; #C C rinses; #C C opens the tap"
    },
    {
        "Video Name": "01e543ee-3d11-4b12-9428-192cc042f399",
        "Start Frame": 1920,
        "End Frame": 2040,
        "Caption": "#C C walks around; #C C walks around; #C C walks around the kitchen; #C C walks in the kitchen; #C C looks around the house"
    },
    {
        "Video Name": "01e543ee-3d11-4b12-9428-192cc042f399",
        "Start Frame": 2040,
        "End Frame": 2160,
        "Caption": "#C C picks oranges; #c c picks a polythene paper from the  counter; #C C picks an apple from the basket; #C C picks a packet; #C C looks around"
    },
    {
        "Video Name": "01e543ee-3d11-4b12-9428-192cc042f399",
        "Start Frame": 2160,
        "End Frame": 2280,
        "Caption": "#c c unwraps the plastic; #C C opens the box; #c c removes the foil paper; #C C opens the box; #c c opens the box of foil"
    },
    {
        "Video Name": "01e543ee-3d11-4b12-9428-192cc042f399",
        "Start Frame": 2280,
        "End Frame": 2400,
        "Caption": "#c c take the container; #c c takes the cling; #C C picks the meat; #C C picks up the; #c c takes the aluminum"
    },
    {
        "Video Name": "01e543ee-3d11-4b12-9428-192cc042f399",
        "Start Frame": 2400,
        "End Frame": 2520,
        "Caption": "#C C puts the foil in the box; #C C tears off the foil; #c c removes a paper from the box; #C C tears off a nylon from the; #C C opens the carton"
    },
    {
        "Video Name": "01e543ee-3d11-4b12-9428-192cc042f399",
        "Start Frame": 2520,
        "End Frame": 2640,
        "Caption": "#c c cuts nylon paper; #C C cuts polythene bag; #c c moves the paper on the; #C C cuts off cling film; #c c opens the plastic wrap"
    },
    {
        "Video Name": "01e543ee-3d11-4b12-9428-192cc042f399",
        "Start Frame": 2640,
        "End Frame": 2760,
        "Caption": "#C C opens the foil paper; #c c opens the paper; #c c removes cling film; #c c remove the cling film; #C C puts down the plastic"
    },
    {
        "Video Name": "01e543ee-3d11-4b12-9428-192cc042f399",
        "Start Frame": 2760,
        "End Frame": 2880,
        "Caption": "#c c removes the cling film; #C C unwraps the cling; #C C unrolls the foil; #c c pulls cling film; #C C covers the meat"
    },
    {
        "Video Name": "01e543ee-3d11-4b12-9428-192cc042f399",
        "Start Frame": 2880,
        "End Frame": 3000,
        "Caption": "#C C cuts the foil; #C C cuts cling film; #c c cuts the paper; #C C cuts the cling; #C C cuts cling film"
    },
    {
        "Video Name": "01e543ee-3d11-4b12-9428-192cc042f399",
        "Start Frame": 3000,
        "End Frame": 3120,
        "Caption": "#c c cuts the box; #c c covers the box with cling; #c c opens the box; #C C opens the box; #c c cuts cling film"
    },
    {
        "Video Name": "01e543ee-3d11-4b12-9428-192cc042f399",
        "Start Frame": 3120,
        "End Frame": 3240,
        "Caption": "#C C removes nylon from the food; #c c puts the foil on the; #C C unwraps the foil; #c c opens the nylon paper; #c c picks cling film box"
    },
    {
        "Video Name": "01e543ee-3d11-4b12-9428-192cc042f399",
        "Start Frame": 3240,
        "End Frame": 3360,
        "Caption": "#c c cuts cling film; #c c pulls cling film box; #C C removes cello tape from the; #C C cuts the paper; #c c cuts cling film"
    },
    {
        "Video Name": "01e543ee-3d11-4b12-9428-192cc042f399",
        "Start Frame": 3360,
        "End Frame": 3480,
        "Caption": "#c c picks a plate of meat; #c c places a cling film on the; #c c removes cling film from container; #C C wraps the food in the foil; #c c removes the paper"
    },
    {
        "Video Name": "01e543ee-3d11-4b12-9428-192cc042f399",
        "Start Frame": 3480,
        "End Frame": 3600,
        "Caption": "#c c picks chicken piece; #c c pulls the plastic; #C C picks the plastic; #C C moves the plastic; #c c moves the plastic"
    },
    {
        "Video Name": "01e543ee-3d11-4b12-9428-192cc042f399",
        "Start Frame": 3600,
        "End Frame": 3720,
        "Caption": "#c c wraps the chicken with the cling; #c c covers the chicken with the cling; #c c unwraps the packed meat; #c c removes paper from container; #C C moves the plastic container"
    },
    {
        "Video Name": "01e543ee-3d11-4b12-9428-192cc042f399",
        "Start Frame": 3720,
        "End Frame": 3840,
        "Caption": "#c c puts the chicken packet on the counter; #C C holds the aluminum foil on the tray; #c c wraps the box; #c c looks at the chicken; #C C places the meat on the table"
    },
    {
        "Video Name": "01e543ee-3d11-4b12-9428-192cc042f399",
        "Start Frame": 3840,
        "End Frame": 3960,
        "Caption": "#C C folds the foil; #c c removes the foil; #c c covers food with foil; #C C moves the plastic wrap; #C C holds the foil paper"
    },
    {
        "Video Name": "01e543ee-3d11-4b12-9428-192cc042f399",
        "Start Frame": 3960,
        "End Frame": 4080,
        "Caption": "#c c rinse the hands; #C C washes the hands; #c c opens tap; #C C rinses the; #C C washes hands"
    },
    {
        "Video Name": "01e543ee-3d11-4b12-9428-192cc042f399",
        "Start Frame": 4080,
        "End Frame": 4200,
        "Caption": "#C C closes the tap; #C C closes tap; #C C washes the; #C C closes tap; #C C rinses"
    },
    {
        "Video Name": "01e543ee-3d11-4b12-9428-192cc042f399",
        "Start Frame": 4200,
        "End Frame": 4320,
        "Caption": "#c c picks the box; #C C moves the carton on the kitchen; #C C picks the plastic paper; #C C picks the plastic wrap; #C C puts the paper aside"
    },
    {
        "Video Name": "01e543ee-3d11-4b12-9428-192cc042f399",
        "Start Frame": 4320,
        "End Frame": 4440,
        "Caption": "#C C picks up a packet of; #C C picks the fruit; #C C picks the apple; #C C picks the orange from the; #C C puts the paper on the"
    },
    {
        "Video Name": "01e543ee-3d11-4b12-9428-192cc042f399",
        "Start Frame": 4440,
        "End Frame": 4560,
        "Caption": "#C C walks in the; #C C looks around; #C C looks at person; #O person X speaks to; #C C looks at person"
    },
    {
        "Video Name": "01e543ee-3d11-4b12-9428-192cc042f399",
        "Start Frame": 4560,
        "End Frame": 4680,
        "Caption": "#C C picks up paper ; #C C puts paper on the table; #c c put the papers in the; #C C takes a paper ; #C C puts paper on shelf"
    },
    {
        "Video Name": "01e543ee-3d11-4b12-9428-192cc042f399",
        "Start Frame": 4680,
        "End Frame": 4800,
        "Caption": "#C C opens the cabinet; #C C puts the papers on the; #C C puts the paper aside; #c c put the papers down; #C C puts the papers in the"
    },
    {
        "Video Name": "01e543ee-3d11-4b12-9428-192cc042f399",
        "Start Frame": 4800,
        "End Frame": 4920,
        "Caption": "#C C speaks to person; #C C looks around; #C C looks at person; #C C looks at person; #C C speaks to person"
    },
    {
        "Video Name": "01e543ee-3d11-4b12-9428-192cc042f399",
        "Start Frame": 4920,
        "End Frame": 5040,
        "Caption": "#C C looks around; #C C speaks to person; #C C looks around; #C C speaks to person; #C C looks at person"
    },
    {
        "Video Name": "01e543ee-3d11-4b12-9428-192cc042f399",
        "Start Frame": 5040,
        "End Frame": 5160,
        "Caption": "#C C looks around; #C C speaks to person X; #C C looks around the house; #C C looks around; #c c looks around"
    },
    {
        "Video Name": "01e543ee-3d11-4b12-9428-192cc042f399",
        "Start Frame": 5160,
        "End Frame": 5280,
        "Caption": "#C C walks to the; #C C walks in the; #C C walks in the; #C C walks around the; #C C walks in the"
    },
    {
        "Video Name": "01e543ee-3d11-4b12-9428-192cc042f399",
        "Start Frame": 5280,
        "End Frame": 5400,
        "Caption": "#C C puts the chicken in the; #C C picks the chicken; #C C puts the container in the; #C C picks up container; #C C opens the drawer"
    }
]