[
    {
        "Video Name": "01f63621-7681-4060-9112-19c2de3f8914",
        "Start Frame": 0,
        "End Frame": 120,
        "Caption": "#C C closes the marker with the marker; #C C fixes the syringe into the; #C C fixes the syringe; #C C opens the eppendorf; #C C writes on the test tube"
    },
    {
        "Video Name": "01f63621-7681-4060-9112-19c2de3f8914",
        "Start Frame": 120,
        "End Frame": 240,
        "Caption": "#C C puts the tool box on the; #C C places the plastic box on the; #C C puts the pens on the table; #C C puts the tool box on the; #C C puts the syringe aside"
    },
    {
        "Video Name": "01f63621-7681-4060-9112-19c2de3f8914",
        "Start Frame": 240,
        "End Frame": 360,
        "Caption": "#C C walks around the; #C C walks towards a; #C C looks around ; #C C walks around; #C C looks around"
    },
    {
        "Video Name": "01f63621-7681-4060-9112-19c2de3f8914",
        "Start Frame": 360,
        "End Frame": 480,
        "Caption": "#C C reads a book; #C C peruses the book; #C C looks at the book; #C C reads the book; #C C reads on a book"
    },
    {
        "Video Name": "01f63621-7681-4060-9112-19c2de3f8914",
        "Start Frame": 480,
        "End Frame": 600,
        "Caption": "#C C reads on a book; #C C moves the books on the; #C C looks around; #C C looks around; #C C sits on the chair"
    },
    {
        "Video Name": "01f63621-7681-4060-9112-19c2de3f8914",
        "Start Frame": 600,
        "End Frame": 720,
        "Caption": "#C C sits on the; #C C sits on the; #C C sits down ; #C C sits on the; #C C stands up"
    },
    {
        "Video Name": "01f63621-7681-4060-9112-19c2de3f8914",
        "Start Frame": 720,
        "End Frame": 840,
        "Caption": "#C C writes on the; #C C writes on a; #C C looks around; #C C writes on the; #C C writes on a"
    },
    {
        "Video Name": "01f63621-7681-4060-9112-19c2de3f8914",
        "Start Frame": 840,
        "End Frame": 960,
        "Caption": "#C C looks around; #C C stares at the; #C C looks around; #C C stares a round; #C C looks around"
    },
    {
        "Video Name": "01f63621-7681-4060-9112-19c2de3f8914",
        "Start Frame": 960,
        "End Frame": 1080,
        "Caption": "#C C places the test tube on the; #C C stares at the test tubes; #C C looks around; #C C looks around; #C C looks around"
    },
    {
        "Video Name": "01f63621-7681-4060-9112-19c2de3f8914",
        "Start Frame": 1080,
        "End Frame": 1200,
        "Caption": "#C C looks around; #C C looks at the plastic; #C C stares at the test; #C C looks around; #C C looks at the test"
    },
    {
        "Video Name": "01f63621-7681-4060-9112-19c2de3f8914",
        "Start Frame": 1200,
        "End Frame": 1320,
        "Caption": "#C C places hands on the table; #C C looks at the test tube; #C C looks at the plastic bottle; #C C stares at the test tube; #C C looks around"
    },
    {
        "Video Name": "01f63621-7681-4060-9112-19c2de3f8914",
        "Start Frame": 1320,
        "End Frame": 1440,
        "Caption": "#C C stares at the test; #C C looks around; #C C stares at the test; #C C looks around; #C C looks at the test"
    },
    {
        "Video Name": "01f63621-7681-4060-9112-19c2de3f8914",
        "Start Frame": 1440,
        "End Frame": 1560,
        "Caption": "#C C looks around the room; #C C opens the test tube; #C C stares at the test; #C C looks around; #C C looks around"
    },
    {
        "Video Name": "01f63621-7681-4060-9112-19c2de3f8914",
        "Start Frame": 1560,
        "End Frame": 1680,
        "Caption": "#C C stares at the; #C C looks around; #C C looks around; #C C looks around the; #C C looks around"
    },
    {
        "Video Name": "01f63621-7681-4060-9112-19c2de3f8914",
        "Start Frame": 1680,
        "End Frame": 1800,
        "Caption": "#C C looks around; #C C looks around; #C C stares at the; #C C looks around; #C C looks around"
    },
    {
        "Video Name": "01f63621-7681-4060-9112-19c2de3f8914",
        "Start Frame": 1800,
        "End Frame": 1920,
        "Caption": "#C C looks around; #C C holds hands; #C C holds hands; #C C looks around; #C C looks around"
    },
    {
        "Video Name": "01f63621-7681-4060-9112-19c2de3f8914",
        "Start Frame": 1920,
        "End Frame": 2040,
        "Caption": "#C C looks at the eppendorf; #C C looks around; #C C stares at the test tubes; #C C looks around; #C C looks around"
    },
    {
        "Video Name": "01f63621-7681-4060-9112-19c2de3f8914",
        "Start Frame": 2040,
        "End Frame": 2160,
        "Caption": "#C C stares at the eppendorf tube ; #C C looks around; #C C looks around; #C C looks around; #C C presses a button on the eppendorf"
    },
    {
        "Video Name": "01f63621-7681-4060-9112-19c2de3f8914",
        "Start Frame": 2160,
        "End Frame": 2280,
        "Caption": "#C c picks Eppendorf microcentrifuge tube from the thermo glass; #C C  takes a sample ; #C C checks the eppendorf tube; #C C removes the Eppendorf microcentrifuge tube from the Eppendorf thermomix; #C C stares at the Eppendorf microcentrifuge tube"
    },
    {
        "Video Name": "01f63621-7681-4060-9112-19c2de3f8914",
        "Start Frame": 2280,
        "End Frame": 2400,
        "Caption": "#C C touches the Eppendorf tubes on the; #C C puts the test tube in the rack; #C C places the eppendorf tube in the; #C C  picks a test tube from the test tube; #C C takes the test tube from the rack"
    },
    {
        "Video Name": "01f63621-7681-4060-9112-19c2de3f8914",
        "Start Frame": 2400,
        "End Frame": 2520,
        "Caption": "#C C holds the test tube rack; #C C  closes the test tube; #C C looks at the test tubes; #C C opens the test tube rack; #C C arranges the test tube"
    },
    {
        "Video Name": "01f63621-7681-4060-9112-19c2de3f8914",
        "Start Frame": 2520,
        "End Frame": 2640,
        "Caption": "#C c puts the cell tray on the table; #C C places the plastic rack on the counter; #C C puts the plastic rack on the table; #C C puts the containers on the counter top; #C c puts # unsure aside"
    },
    {
        "Video Name": "01f63621-7681-4060-9112-19c2de3f8914",
        "Start Frame": 2640,
        "End Frame": 2760,
        "Caption": "#C C moves the table; #C C pushes the table; #C C pushes the table; #C C  sits down; #C C pushes a plastic"
    },
    {
        "Video Name": "01f63621-7681-4060-9112-19c2de3f8914",
        "Start Frame": 2760,
        "End Frame": 2880,
        "Caption": "#C c picks container; #C c picks up container; #C C picks up the container; #C C arranges the plastic storage; #C c picks up container"
    },
    {
        "Video Name": "01f63621-7681-4060-9112-19c2de3f8914",
        "Start Frame": 2880,
        "End Frame": 3000,
        "Caption": "#C c puts micropipette on the; #C c puts micropipette on the; #C C places the syringe on the table; #C c places micropipette on the; #C C puts the syringe inside the rack"
    },
    {
        "Video Name": "01f63621-7681-4060-9112-19c2de3f8914",
        "Start Frame": 3000,
        "End Frame": 3120,
        "Caption": "#C C flips the book; #C C looks at the; #C C moves the book; #C C opens the book; #C C pushes the book"
    },
    {
        "Video Name": "01f63621-7681-4060-9112-19c2de3f8914",
        "Start Frame": 3120,
        "End Frame": 3240,
        "Caption": "#C C opens the test tube; #C C closes the test tube; #C C picks a test tube; #C C opens the test tube; #C C closes the test tube"
    },
    {
        "Video Name": "01f63621-7681-4060-9112-19c2de3f8914",
        "Start Frame": 3240,
        "End Frame": 3360,
        "Caption": "#C c puts micropipette on the; #C C closes the test tube; #C C closes the bottle; #C C closes the test tube; #c c puts bottle top on the table"
    },
    {
        "Video Name": "01f63621-7681-4060-9112-19c2de3f8914",
        "Start Frame": 3360,
        "End Frame": 3480,
        "Caption": "#C C sucks solution with the pipette; #C C siphons the solution from the test; #C C siphons liquid from the test tube; #C C siphons liquid from the container; #C C puts solution in the test tube"
    },
    {
        "Video Name": "01f63621-7681-4060-9112-19c2de3f8914",
        "Start Frame": 3480,
        "End Frame": 3600,
        "Caption": "#C C sucks solution with the syringe from the test; #C C sucks solution in the test tube; #C C injects the liquid into the syringe; #C C puts solution in test tube; #C C injects the liquid into the syringe"
    },
    {
        "Video Name": "01f63621-7681-4060-9112-19c2de3f8914",
        "Start Frame": 3600,
        "End Frame": 3720,
        "Caption": "#C C sucks solution in the test; #C C sucks solution; #C C puts solution in test tube; #C C sucks solution; #C C puts solution in test tube"
    },
    {
        "Video Name": "01f63621-7681-4060-9112-19c2de3f8914",
        "Start Frame": 3720,
        "End Frame": 3840,
        "Caption": "#C C puts the solution in the test; #C C sucks solution from the test tube; #C C closes the eppendorf; #C c picks liquid substance on the cell; #C C sucks solution in the test tube"
    },
    {
        "Video Name": "01f63621-7681-4060-9112-19c2de3f8914",
        "Start Frame": 3840,
        "End Frame": 3960,
        "Caption": "#C C looks at the container; #C C sucks solution; #C C looks at the specimen; #C C stares at the container; #C C puts solution on the test tube"
    },
    {
        "Video Name": "01f63621-7681-4060-9112-19c2de3f8914",
        "Start Frame": 3960,
        "End Frame": 4080,
        "Caption": "#C C looks at the container; #C C looks at the containers; #C C puts the bottles together; #C C stares at the test tube rack; #C C places the test tube rack on top of the"
    },
    {
        "Video Name": "01f63621-7681-4060-9112-19c2de3f8914",
        "Start Frame": 4080,
        "End Frame": 4200,
        "Caption": "#C C siphons liquid from the test tube; #C C siphons some solution from the test; #C C sucks solution with the test tube; #C C sucks solution with the pipette; #C C puts solution in test tube"
    },
    {
        "Video Name": "01f63621-7681-4060-9112-19c2de3f8914",
        "Start Frame": 4200,
        "End Frame": 4320,
        "Caption": "#C C stares at the containers; #C C looks at the containers; #C C picks some solution from the beaker; #C C pours the solution into the be; #C C stares at the container"
    },
    {
        "Video Name": "01f63621-7681-4060-9112-19c2de3f8914",
        "Start Frame": 4320,
        "End Frame": 4440,
        "Caption": "#C C looks at the container; #C C stares at the test tubes in the room; #C C looks at the liquid in the container; #C C looks at the container; #C C looks at the  eppendorf"
    },
    {
        "Video Name": "01f63621-7681-4060-9112-19c2de3f8914",
        "Start Frame": 4440,
        "End Frame": 4560,
        "Caption": "#C C looks at the bottle; #C C looks at the container; #C C sucks solution; #C C looks at the container; #C C puts liquid in the sy"
    },
    {
        "Video Name": "01f63621-7681-4060-9112-19c2de3f8914",
        "Start Frame": 4560,
        "End Frame": 4680,
        "Caption": "#C c puts pipette pipe in the container; #C c puts micropipette on the; #C C looks around; #C c picks liquid in the container; #C c places pipette pipe on the container"
    },
    {
        "Video Name": "01f63621-7681-4060-9112-19c2de3f8914",
        "Start Frame": 4680,
        "End Frame": 4800,
        "Caption": "#C C puts solution in the test tube; #C C puts solution in the test tube; #C c inserts micropipette in the pip; #C C puts solution in the test tube; #C C sucks solution with the syringe "
    },
    {
        "Video Name": "01f63621-7681-4060-9112-19c2de3f8914",
        "Start Frame": 4800,
        "End Frame": 4920,
        "Caption": "#C C puts solution in a container; #C C pours liquid in the syringe into the be; #C C places syringe in the container; #C C sucks solution from the test tube; #C C puts solution in test tube"
    },
    {
        "Video Name": "01f63621-7681-4060-9112-19c2de3f8914",
        "Start Frame": 4920,
        "End Frame": 5040,
        "Caption": "#C C stares at the container; #C C looks at the container; #C C looks at the container; #C C inserts the syringe inside the; #C C stares at the container"
    },
    {
        "Video Name": "01f63621-7681-4060-9112-19c2de3f8914",
        "Start Frame": 5040,
        "End Frame": 5160,
        "Caption": "#C C sucks solution in the test; #C C sucks solution in the test; #C C sucks solution in the test; #C C sucks solution; #C C puts solution in the test"
    },
    {
        "Video Name": "01f63621-7681-4060-9112-19c2de3f8914",
        "Start Frame": 5160,
        "End Frame": 5280,
        "Caption": "#C C blows the liquid in the bottle; #C C puts the solution in the be; #C C puts the specimen in the bottle; #C C looks at the container; #C C looks at the tin"
    },
    {
        "Video Name": "01f63621-7681-4060-9112-19c2de3f8914",
        "Start Frame": 5280,
        "End Frame": 5400,
        "Caption": "#C C looks at the bottle; #C C puts the solution in the; #C C stares at the container; #C C puts solution in the container; #C C drinks from the bottle"
    }
]