[
    {
        "Video Name": "026a2330-556f-4f12-8804-9f28033451c8",
        "Start Frame": 0,
        "End Frame": 120,
        "Caption": "#C C looks at the piece of wood; #C C looks at the piece of wood; #C C looks at the piece of wood; #C C joins the pieces of woods together; #C C looks at the piece of wood"
    },
    {
        "Video Name": "026a2330-556f-4f12-8804-9f28033451c8",
        "Start Frame": 120,
        "End Frame": 240,
        "Caption": "#C C checks the edges of the; #C C holds the frame with both; #C C holds the wooden frame; #C C holds the frame with both; #C C fits the wood to the"
    },
    {
        "Video Name": "026a2330-556f-4f12-8804-9f28033451c8",
        "Start Frame": 240,
        "End Frame": 360,
        "Caption": "#C C picks the door; #C C puts the door on the table; #C C turns the door ; #C C lifts the top part of the; #C C picks the board "
    },
    {
        "Video Name": "026a2330-556f-4f12-8804-9f28033451c8",
        "Start Frame": 360,
        "End Frame": 480,
        "Caption": "#C C looks around; #C C puts the box on the; #C C walks around the workshop; #C C picks up a box; #C C picks up the box"
    },
    {
        "Video Name": "026a2330-556f-4f12-8804-9f28033451c8",
        "Start Frame": 480,
        "End Frame": 600,
        "Caption": "#C C opens a box; #C C opens the box; #C C opens the box; #C C opens the wooden box with both; #C C opens the box"
    },
    {
        "Video Name": "026a2330-556f-4f12-8804-9f28033451c8",
        "Start Frame": 600,
        "End Frame": 720,
        "Caption": "#C C takes out the woodcutter handle; #C C picks the saw; #C C holds a box; #C C opens a tool box ; #C C picks a tool box from the floor with his right"
    },
    {
        "Video Name": "026a2330-556f-4f12-8804-9f28033451c8",
        "Start Frame": 720,
        "End Frame": 840,
        "Caption": "#C C picks the saw knife ; #C C picks a chisel from a; #C C picks the saw; #C C picks the sawing machine; #C C picks up the metal from the"
    },
    {
        "Video Name": "026a2330-556f-4f12-8804-9f28033451c8",
        "Start Frame": 840,
        "End Frame": 960,
        "Caption": "#C C holds the saw with his left hand; #C C cuts the wood; #C C cuts the wood; #C C cuts a part of the table with the; #C C cuts the board"
    },
    {
        "Video Name": "026a2330-556f-4f12-8804-9f28033451c8",
        "Start Frame": 960,
        "End Frame": 1080,
        "Caption": "#C C cuts the board with the; #C C cuts the wood with the; #C C cuts the wood; #C C cuts the wood ; #C C cuts the wood"
    },
    {
        "Video Name": "026a2330-556f-4f12-8804-9f28033451c8",
        "Start Frame": 1080,
        "End Frame": 1200,
        "Caption": "#C C cuts the piece of wood; #C C cuts the piece of wood board; #C C cuts the wood with the saw; #C C cuts the wood with the saw; #C C cuts the wood"
    },
    {
        "Video Name": "026a2330-556f-4f12-8804-9f28033451c8",
        "Start Frame": 1200,
        "End Frame": 1320,
        "Caption": "#C C cuts the wood with a saw; #C C cuts the wood with the cutter; #C C cuts the wood with a saw; #C C cuts the wood with the saw; #C C cuts the wooden furniture with the"
    },
    {
        "Video Name": "026a2330-556f-4f12-8804-9f28033451c8",
        "Start Frame": 1320,
        "End Frame": 1440,
        "Caption": "#C C cuts the wood with the saw; #C C cuts the piece of wood with a; #C C cuts the wood; #C C cuts the wood with the saw; #C C moves the saw backwards"
    },
    {
        "Video Name": "026a2330-556f-4f12-8804-9f28033451c8",
        "Start Frame": 1440,
        "End Frame": 1560,
        "Caption": "#C C cuts the piece of wood with a; #C C cuts the wood; #C C cuts the wood with a saw; #C C cuts the wood; #C C cuts the wood"
    },
    {
        "Video Name": "026a2330-556f-4f12-8804-9f28033451c8",
        "Start Frame": 1560,
        "End Frame": 1680,
        "Caption": "#C C removes the saw from the wood; #C C lifts the saw; #C C cuts the wood; #C C holds the saw with his right; #C C lifts the saw"
    },
    {
        "Video Name": "026a2330-556f-4f12-8804-9f28033451c8",
        "Start Frame": 1680,
        "End Frame": 1800,
        "Caption": "#C C cuts the wood with the saw; #C C cuts the wood; #C C cuts the wood with a saw; #C C cuts the wood; #C C cuts the wood with the saw"
    },
    {
        "Video Name": "026a2330-556f-4f12-8804-9f28033451c8",
        "Start Frame": 1800,
        "End Frame": 1920,
        "Caption": "#C C picks up the saw.; #C C cuts the cardboard ; #C C holds the saw knife; #C C cuts the wood with the saw; #C C cuts the wood with the saw"
    },
    {
        "Video Name": "026a2330-556f-4f12-8804-9f28033451c8",
        "Start Frame": 1920,
        "End Frame": 2040,
        "Caption": "#C C picks up the frame ; #C C lifts the frame ; #C C picks a wood with his left; #C C turns the cardboard to his other; #C C picks the door"
    },
    {
        "Video Name": "026a2330-556f-4f12-8804-9f28033451c8",
        "Start Frame": 2040,
        "End Frame": 2160,
        "Caption": "#C C picks up a saw knife with his right; #C C holds the saw knife; #C C takes the saw knife from the table; #C C picks a saw blade from the board; #C C picks the saw knife from the table"
    },
    {
        "Video Name": "026a2330-556f-4f12-8804-9f28033451c8",
        "Start Frame": 2160,
        "End Frame": 2280,
        "Caption": "#C C cuts the door mat; #C C cuts the wood with the saw.; #C C cuts the piece of wood with the saw; #C C holds the saw knife with his right hand; #C C holds the saw with his right hand"
    },
    {
        "Video Name": "026a2330-556f-4f12-8804-9f28033451c8",
        "Start Frame": 2280,
        "End Frame": 2400,
        "Caption": "#C C holds the saw; #C C cuts the piece of wood with a saw; #C C cuts the piece of wood with a hand; #C C cuts the piece of wood with a cutter; #C C cuts the wood"
    },
    {
        "Video Name": "026a2330-556f-4f12-8804-9f28033451c8",
        "Start Frame": 2400,
        "End Frame": 2520,
        "Caption": "#C C cuts the wood with the cutting; #C C cuts the piece of wood; #C C cuts the wood; #C C cuts the door with the saw; #C C cuts the wood"
    },
    {
        "Video Name": "026a2330-556f-4f12-8804-9f28033451c8",
        "Start Frame": 2520,
        "End Frame": 2640,
        "Caption": "#C C cuts the wood with the saw; #C C cuts the wood with the saw; #C C cuts the wood; #C C cuts the wood with the saw; #C C cuts the wood with the saw"
    },
    {
        "Video Name": "026a2330-556f-4f12-8804-9f28033451c8",
        "Start Frame": 2640,
        "End Frame": 2760,
        "Caption": "#C C cuts the wood with the saw.; #C C cuts a part of the flat wood; #C C cuts the frame; #C C cuts the board; #C C cuts the piece of wood "
    },
    {
        "Video Name": "026a2330-556f-4f12-8804-9f28033451c8",
        "Start Frame": 2760,
        "End Frame": 2880,
        "Caption": "#C C holds the saw with his left; #C C holds the wood with his left; #C C cuts the wood with a saw; #C C cuts the wood; #C C cuts the wood with a saw"
    },
    {
        "Video Name": "026a2330-556f-4f12-8804-9f28033451c8",
        "Start Frame": 2880,
        "End Frame": 3000,
        "Caption": "#C C cuts the piece of wood with a; #C C cuts a piece of wood with a; #C C cuts the wood with the saw; #C C cuts the board ; #C C cuts the wooden frame with the hacks"
    },
    {
        "Video Name": "026a2330-556f-4f12-8804-9f28033451c8",
        "Start Frame": 3000,
        "End Frame": 3120,
        "Caption": "#C C holds the door ; #C C removes the door from the frame; #C C breaks the frame with right hand; #C C breaks off the door trim with; #C C breaks off the door stile"
    },
    {
        "Video Name": "026a2330-556f-4f12-8804-9f28033451c8",
        "Start Frame": 3120,
        "End Frame": 3240,
        "Caption": "#C C fixes the frame on the; #C C holds the door with both; #C C lifts up the frame; #C C looks at the frame ; #C C places the door on the"
    },
    {
        "Video Name": "026a2330-556f-4f12-8804-9f28033451c8",
        "Start Frame": 3240,
        "End Frame": 3360,
        "Caption": "#C C turns the frame; #C C puts the door on the table; #C C puts the frame on the table; #C C turns the frame; #C C places the frame on the table"
    },
    {
        "Video Name": "026a2330-556f-4f12-8804-9f28033451c8",
        "Start Frame": 3360,
        "End Frame": 3480,
        "Caption": "#C C turns the frame on the table; #C C drops the frame on the table; #C C places the frame on the table; #C C puts the door on the table; #C C puts the door on the table"
    },
    {
        "Video Name": "026a2330-556f-4f12-8804-9f28033451c8",
        "Start Frame": 3480,
        "End Frame": 3600,
        "Caption": "#C C smoothens the frame with the sandpaper ; #C C smoothens the edges of the door with the; #C C hammers the frame ; #C C smoothens the door stile with a sand; #C C removes the sharpening stone from the door"
    },
    {
        "Video Name": "026a2330-556f-4f12-8804-9f28033451c8",
        "Start Frame": 3600,
        "End Frame": 3720,
        "Caption": "#C C hits the hammer on the casing of the frame; #C C hammers the metal on the casing of the frame; #C C hits the sharpening stone against the casing of the; #C C hits the sharpening stone on the casing of the; #C C hits the sharpening stone against the casing of the"
    },
    {
        "Video Name": "026a2330-556f-4f12-8804-9f28033451c8",
        "Start Frame": 3720,
        "End Frame": 3840,
        "Caption": "#C C removes the stone from the table; #C C picks the sharpening stone from the; #C C picks the wood from the table; #C C picks the marble from the wooden table; #C C picks the stone from the table"
    },
    {
        "Video Name": "026a2330-556f-4f12-8804-9f28033451c8",
        "Start Frame": 3840,
        "End Frame": 3960,
        "Caption": "#C C picks a hammer from the; #C C picks a stone; #C C picks the door stile; #C C picks the hammer from the; #C C picks a stone from the"
    },
    {
        "Video Name": "026a2330-556f-4f12-8804-9f28033451c8",
        "Start Frame": 3960,
        "End Frame": 4080,
        "Caption": "#C C turns the door ; #C C turns the frame on the table with his; #C C picks up the frame on the table; #C C turns the door with his right hand; #C C turns the frame"
    },
    {
        "Video Name": "026a2330-556f-4f12-8804-9f28033451c8",
        "Start Frame": 4080,
        "End Frame": 4200,
        "Caption": "#C C turns the door; #C C puts the door on the; #C C turns the frame around; #C C turns the door stile; #C C puts the door stile"
    },
    {
        "Video Name": "026a2330-556f-4f12-8804-9f28033451c8",
        "Start Frame": 4200,
        "End Frame": 4320,
        "Caption": "#C C puts the door stile on the; #C C drops the metal on the table; #C C picks the frame on the table; #C C places the door on the table; #C C removes the door stile"
    },
    {
        "Video Name": "026a2330-556f-4f12-8804-9f28033451c8",
        "Start Frame": 4320,
        "End Frame": 4440,
        "Caption": "#C C picks the door stile; #C C looks on the other side; #C C holds the door stile with his; #C C removes the door stile from the; #C C places the door stile on a"
    },
    {
        "Video Name": "026a2330-556f-4f12-8804-9f28033451c8",
        "Start Frame": 4440,
        "End Frame": 4560,
        "Caption": "#C C takes the tape measure from the table; #C C picks the measuring tape from the wooden; #C C pulls a tape measure; #C C takes the tape measure; #C C measures the frame"
    },
    {
        "Video Name": "026a2330-556f-4f12-8804-9f28033451c8",
        "Start Frame": 4560,
        "End Frame": 4680,
        "Caption": "#C C measures the frame on the door st; #C C measures the frame; #C C measures the width of the frame; #C C measures the frame; #C C measures the door stile"
    },
    {
        "Video Name": "026a2330-556f-4f12-8804-9f28033451c8",
        "Start Frame": 4680,
        "End Frame": 4800,
        "Caption": "#C C picks a piece of wood.; #C C takes the pencil; #C C picks the blade of the miter gauge; #C C takes a pen on the table; #C C takes the wood clip "
    },
    {
        "Video Name": "026a2330-556f-4f12-8804-9f28033451c8",
        "Start Frame": 4800,
        "End Frame": 4920,
        "Caption": "#C C picks the door stile; #C C picks a metal from the; #C C picks the stone from the; #C C takes the tape measure ; #C C picks the stone from the"
    },
    {
        "Video Name": "026a2330-556f-4f12-8804-9f28033451c8",
        "Start Frame": 4920,
        "End Frame": 5040,
        "Caption": "#C C measures the wooden frame with the measuring tape; #C C measures the wooden rail with a rhinestone against the edge of the; #C C measures the length of a door frame; #C C measures the glass with the ruler; #C C measures a door frame"
    },
    {
        "Video Name": "026a2330-556f-4f12-8804-9f28033451c8",
        "Start Frame": 5040,
        "End Frame": 5160,
        "Caption": "#C C removes the triangular ruler from the wooden; #C C picks a metal ; #C C removes the sharpening stone from the; #C C removes the metal from the frame; #C C picks a stone"
    },
    {
        "Video Name": "026a2330-556f-4f12-8804-9f28033451c8",
        "Start Frame": 5160,
        "End Frame": 5280,
        "Caption": "#C C measures the door stile; #C C measures the door stile with the measuring tape; #C C measures the door stile with the measuring tape; #C C measures a door frame with the square ; #C C measures the frame of the door with the square"
    },
    {
        "Video Name": "026a2330-556f-4f12-8804-9f28033451c8",
        "Start Frame": 5280,
        "End Frame": 5400,
        "Caption": "#C C puts a hand on the door post; #C C measures a door frame with a measuring; #C C measures the door with a triangular ruler; #C C measures a door frame with the square; #C C measures the door stile"
    }
]