[
    {
        "Video Name": "027f192c-b186-456d-8940-67dea5a72c91",
        "Start Frame": 0,
        "End Frame": 120,
        "Caption": "#C C walks around the house; #C C looks at the table; #C C walks around the house; #C C stands in the house; #C C wears glasses"
    },
    {
        "Video Name": "027f192c-b186-456d-8940-67dea5a72c91",
        "Start Frame": 120,
        "End Frame": 240,
        "Caption": "#C C looks around the house; #C C  looks around ; #C C looks at the table; #C C looks at the table; #C C looks around"
    },
    {
        "Video Name": "027f192c-b186-456d-8940-67dea5a72c91",
        "Start Frame": 240,
        "End Frame": 360,
        "Caption": "#C C turns around; #C C wears the mask; #C C walks around the; #C C removes camera; #C C adjusts camera"
    },
    {
        "Video Name": "027f192c-b186-456d-8940-67dea5a72c91",
        "Start Frame": 360,
        "End Frame": 480,
        "Caption": "#C C walks in the; #C C looks around the; #C C walks in the; #C C walks in the; #C C walks in the"
    },
    {
        "Video Name": "027f192c-b186-456d-8940-67dea5a72c91",
        "Start Frame": 480,
        "End Frame": 600,
        "Caption": "#C C stares at the table; #C C wears a cap ; #C C walks in the room.; #C C puts on the glasses ; #C C looks at the other room"
    },
    {
        "Video Name": "027f192c-b186-456d-8940-67dea5a72c91",
        "Start Frame": 600,
        "End Frame": 720,
        "Caption": "#C C walks in the house; #C C looks at the table; #C C looks around the house; #C C adjusts the camera; #C C moves around the room"
    },
    {
        "Video Name": "027f192c-b186-456d-8940-67dea5a72c91",
        "Start Frame": 720,
        "End Frame": 840,
        "Caption": "#C C looks around; #C C puts on the glasses; #C C adjusts the camera ; #C C walks in the house; #C C walks around the house"
    },
    {
        "Video Name": "027f192c-b186-456d-8940-67dea5a72c91",
        "Start Frame": 840,
        "End Frame": 960,
        "Caption": "#C C walks in the house; #C C wears the mask ; #C C picks a bag from the; #C C picks a bowl from the; #C C walks to a table."
    },
    {
        "Video Name": "027f192c-b186-456d-8940-67dea5a72c91",
        "Start Frame": 960,
        "End Frame": 1080,
        "Caption": "#C C looks around ; #C C looks at the; #C C looks around; #C C looks around; #C C drinks water"
    },
    {
        "Video Name": "027f192c-b186-456d-8940-67dea5a72c91",
        "Start Frame": 1080,
        "End Frame": 1200,
        "Caption": "#C C stares at the window; #C C puts the wood planks in the carton box; #C C looks around; #C C looks around the house; #C C walks around the room"
    },
    {
        "Video Name": "027f192c-b186-456d-8940-67dea5a72c91",
        "Start Frame": 1200,
        "End Frame": 1320,
        "Caption": "#C C looks around; #C C looks at the table; #C C walks in the room; #C C stands in the room; #C C  opens the door"
    },
    {
        "Video Name": "027f192c-b186-456d-8940-67dea5a72c91",
        "Start Frame": 1320,
        "End Frame": 1440,
        "Caption": "#C C adjusts camera; #C C walks around the room; #C C walks in the room; #C C walks around; #C C looks around "
    },
    {
        "Video Name": "027f192c-b186-456d-8940-67dea5a72c91",
        "Start Frame": 1440,
        "End Frame": 1560,
        "Caption": "#C C wears the camera; #C C walks in the; #C C looks around; #C C walks around; #C C holds a cup"
    },
    {
        "Video Name": "027f192c-b186-456d-8940-67dea5a72c91",
        "Start Frame": 1560,
        "End Frame": 1680,
        "Caption": "#C C walks around the house; #C C walks around the room; #C C opens the door ; #C C walks to the kitchen; #C C picks a bottle from the table"
    },
    {
        "Video Name": "027f192c-b186-456d-8940-67dea5a72c91",
        "Start Frame": 1680,
        "End Frame": 1800,
        "Caption": "#C C walks in the house; #C C opens the door; #C C picks the headphones from the; #C C turns around; #C C wears a mask"
    },
    {
        "Video Name": "027f192c-b186-456d-8940-67dea5a72c91",
        "Start Frame": 1800,
        "End Frame": 1920,
        "Caption": "#C C wears the glasses ; #C C drinks water ; #C C walks in the house; #C C picks a wooden box from the; #C C removes glasses from the head"
    },
    {
        "Video Name": "027f192c-b186-456d-8940-67dea5a72c91",
        "Start Frame": 1920,
        "End Frame": 2040,
        "Caption": "#C C looks around the house; #C C walks in the house; #C C picks up the water; #C C stares at the table; #C C walks around the house"
    },
    {
        "Video Name": "027f192c-b186-456d-8940-67dea5a72c91",
        "Start Frame": 2040,
        "End Frame": 2160,
        "Caption": "#C C folds the paper on the paper on the floor with both hands; #C C folds paper; #C C folds the paper with both hands.; #C C holds paper with the other hand; #C C folds paper"
    },
    {
        "Video Name": "027f192c-b186-456d-8940-67dea5a72c91",
        "Start Frame": 2160,
        "End Frame": 2280,
        "Caption": "#C C touches paper; #C C drops the paper on the paper on the floor with her right hand; #C C puts paper down; #C C places the paper on the paper on the floor with her right hand; #C C folds paper"
    },
    {
        "Video Name": "027f192c-b186-456d-8940-67dea5a72c91",
        "Start Frame": 2280,
        "End Frame": 2400,
        "Caption": "#C C folds; #C C folds; #C C folds; #C C folds; #C C folds"
    },
    {
        "Video Name": "027f192c-b186-456d-8940-67dea5a72c91",
        "Start Frame": 2400,
        "End Frame": 2520,
        "Caption": "#C C puts paper down; #C C folds paper; #C C folds paper; #C C folds paper; #C C puts paper on"
    },
    {
        "Video Name": "027f192c-b186-456d-8940-67dea5a72c91",
        "Start Frame": 2520,
        "End Frame": 2640,
        "Caption": "#C C folds the paper ; #C C folds paper; #C C folds paper; #C C folds paper; #C C folds the paper on the paper on the floor with both hands"
    },
    {
        "Video Name": "027f192c-b186-456d-8940-67dea5a72c91",
        "Start Frame": 2640,
        "End Frame": 2760,
        "Caption": "#C C folds the paper on the paper on the floor with both hands; #C C folds the paper on the paper on the floor with both hands; #C C folds the paper on the paper on the floor with both hands; #C C folds the paper on the paper on the floor with both hands; #C C folds the paper on the paper on the floor with both hands"
    },
    {
        "Video Name": "027f192c-b186-456d-8940-67dea5a72c91",
        "Start Frame": 2760,
        "End Frame": 2880,
        "Caption": "#C C folds the paper on the paper on the floor with both hands; #C C folds paper; #C C folds paper; #C C folds paper; #C C picks paper"
    },
    {
        "Video Name": "027f192c-b186-456d-8940-67dea5a72c91",
        "Start Frame": 2880,
        "End Frame": 3000,
        "Caption": "#C C folds paper; #C C folds the paper ; #C C folds the paper ; #C C folds paper; #C C holds paper with the other"
    },
    {
        "Video Name": "027f192c-b186-456d-8940-67dea5a72c91",
        "Start Frame": 3000,
        "End Frame": 3120,
        "Caption": "#C C picks the piece of paper from the piece of paper on the floor with her right hand; #c c picks a magazine; #C C picks a paper on the floor with her right hand.; #C C picks a paper ; #C C picks paper"
    },
    {
        "Video Name": "027f192c-b186-456d-8940-67dea5a72c91",
        "Start Frame": 3120,
        "End Frame": 3240,
        "Caption": "#C C folds; #C C folds; #C C folds; #C C folds; #C C folds"
    },
    {
        "Video Name": "027f192c-b186-456d-8940-67dea5a72c91",
        "Start Frame": 3240,
        "End Frame": 3360,
        "Caption": "#C C puts paper on the floor; #C C picks a paper ; #C C picks a paper from the floor with her right hand.; #C C folds the paper on the paper on the floor with both; #C C drops the paper in her right hand on the floor."
    },
    {
        "Video Name": "027f192c-b186-456d-8940-67dea5a72c91",
        "Start Frame": 3360,
        "End Frame": 3480,
        "Caption": "#C C folds paper; #C C folds the piece of paper on the pieces of paper of the floor with both hands; #C C folds the paper on the floor with both hands.; #C C folds the paper on the ground with both hands.; #C C folds the paper on the paper on the floor with both hands."
    },
    {
        "Video Name": "027f192c-b186-456d-8940-67dea5a72c91",
        "Start Frame": 3480,
        "End Frame": 3600,
        "Caption": "#C C folds paper; #C C holds paper with both; #C C folds paper; #C C folds the paper ; #C C puts paper down"
    },
    {
        "Video Name": "027f192c-b186-456d-8940-67dea5a72c91",
        "Start Frame": 3600,
        "End Frame": 3720,
        "Caption": "#C C folds paper; #C C folds the paper on the paper on the floor with both hands; #C C puts paper on other hand; #C C folds paper; #C C folds paper"
    },
    {
        "Video Name": "027f192c-b186-456d-8940-67dea5a72c91",
        "Start Frame": 3720,
        "End Frame": 3840,
        "Caption": "#C C folds the paper with both hands.; #C C folds the paper on the paper on the floor with both hands; #C C folds paper; #C C folds paper; #C C folds the paper on the paper on the floor with both hands"
    },
    {
        "Video Name": "027f192c-b186-456d-8940-67dea5a72c91",
        "Start Frame": 3840,
        "End Frame": 3960,
        "Caption": "#C C folds the paper on the paper on the floor with both hands; #C C folds paper; #C C folds paper; #C C folds the paper ; #C C holds paper with both hands"
    },
    {
        "Video Name": "027f192c-b186-456d-8940-67dea5a72c91",
        "Start Frame": 3960,
        "End Frame": 4080,
        "Caption": "#C C puts paper down; #C C picks paper; #C C puts paper down; #C C puts paper down; #C C drops the paper in her right hand on the paper on the floor"
    },
    {
        "Video Name": "027f192c-b186-456d-8940-67dea5a72c91",
        "Start Frame": 4080,
        "End Frame": 4200,
        "Caption": "#C C folds paper; #C C folds paper; #C C folds paper; #C C folds the paper on the paper on the floor with both hands; #C C folds paper"
    },
    {
        "Video Name": "027f192c-b186-456d-8940-67dea5a72c91",
        "Start Frame": 4200,
        "End Frame": 4320,
        "Caption": "#C C folds the paper on the ground with both hands.; #C C folds the piece of paper on the piece of paper on the floor with both hands; #C C holds paper; #C C folds the paper with both hands.; #C C folds the paper on the ground with both hands."
    },
    {
        "Video Name": "027f192c-b186-456d-8940-67dea5a72c91",
        "Start Frame": 4320,
        "End Frame": 4440,
        "Caption": "#C C touches paper; #C C places the paper in her hands on the paper on the floor; #C C puts paper on the floor; #C C folds the paper on the paper on the floor with both hands; #C C puts paper down"
    },
    {
        "Video Name": "027f192c-b186-456d-8940-67dea5a72c91",
        "Start Frame": 4440,
        "End Frame": 4560,
        "Caption": "#C C folds paper; #C C folds the paper on the paper on the floor with both hands; #C C folds the paper on the paper on the floor with both hands; #C C folds the paper on the paper on the floor with both hands; #C C folds the paper on the paper on the floor with both hands"
    },
    {
        "Video Name": "027f192c-b186-456d-8940-67dea5a72c91",
        "Start Frame": 4560,
        "End Frame": 4680,
        "Caption": "#C C picks paper; #C C folds the paper on the paper on the floor with both hands; #C C holds paper with both hands; #C C folds the paper on the paper on the floor with both hands; #C C places the paper on the paper on the floor with both hands"
    },
    {
        "Video Name": "027f192c-b186-456d-8940-67dea5a72c91",
        "Start Frame": 4680,
        "End Frame": 4800,
        "Caption": "#C C opens the paper on the floor with her right hand; #C C folds the paper ; #C C folds the paper with both hands.; #C C adjusts the paper on the ground with her right hand; #C C straightens paper"
    },
    {
        "Video Name": "027f192c-b186-456d-8940-67dea5a72c91",
        "Start Frame": 4800,
        "End Frame": 4920,
        "Caption": "#C C folds the paper on the ground with both hands.; #C C folds the piece of paper on the piece of paper of the floor with both hands; #C C folds the paper with both hands.; #C C folds the paper on the ground with both hands.; #C C puts paper down"
    },
    {
        "Video Name": "027f192c-b186-456d-8940-67dea5a72c91",
        "Start Frame": 4920,
        "End Frame": 5040,
        "Caption": "#C C folds the paper on the paper on the floor with her hands.; #C C touches paper; #C C places the paper on the paper on the floor with her right hand; #C C folds paper; #C C folds paper"
    },
    {
        "Video Name": "027f192c-b186-456d-8940-67dea5a72c91",
        "Start Frame": 5040,
        "End Frame": 5160,
        "Caption": "#C C folds the paper on the floor with both hands.; #C C folds paper; #C C folds paper; #C C folds the paper on the paper on the floor with both hands; #C C folds a paper "
    },
    {
        "Video Name": "027f192c-b186-456d-8940-67dea5a72c91",
        "Start Frame": 5160,
        "End Frame": 5280,
        "Caption": "#C C folds the paper on the paper on the floor with both hands; #C C folds the paper on the paper on the floor with both hands; #C C folds paper; #C C folds the paper on the paper on the floor with both hands; #C C folds the paper on the paper on the floor with both hands"
    },
    {
        "Video Name": "027f192c-b186-456d-8940-67dea5a72c91",
        "Start Frame": 5280,
        "End Frame": 5400,
        "Caption": "#C C places the paper on the paper on the floor with both hands.; #C C folds the paper on the paper on the floor with both hands; #C C folds paper; #C C folds the paper on the paper on the floor with both hands.; #C C places the piece of paper in her hands on the pieces of paper on the floor"
    }
]