[
    {
        "Video Name": "0288ef0f-e297-4be6-b42c-0b411b23f644",
        "Start Frame": 0,
        "End Frame": 120,
        "Caption": "#C C paints the cornice.; #C C removes paint brush from paint; #C C removes brush from paint; #C C paints the edge of the skirting of the wall with the paint; #C C paints the skirting of the wall with the brush"
    },
    {
        "Video Name": "0288ef0f-e297-4be6-b42c-0b411b23f644",
        "Start Frame": 120,
        "End Frame": 240,
        "Caption": "#C C paints the cornice.; #C C paints the cornice.; #C C paints the cornice.; #C C paints the cornice.; #C C paints the edge of the skirting of the wall with the paint"
    },
    {
        "Video Name": "0288ef0f-e297-4be6-b42c-0b411b23f644",
        "Start Frame": 240,
        "End Frame": 360,
        "Caption": "#C C paints the cornice.; #C C paints the cornice.; #C C paints a baseboard ; #C C paints the cornice.; #C C paints the cornice."
    },
    {
        "Video Name": "0288ef0f-e297-4be6-b42c-0b411b23f644",
        "Start Frame": 360,
        "End Frame": 480,
        "Caption": "#C C paints the skirting of the wall with the paint; #C C paints the cornice.; #C C paints the cornice.; #C C paints a baseboard ; #C C paints the cornice."
    },
    {
        "Video Name": "0288ef0f-e297-4be6-b42c-0b411b23f644",
        "Start Frame": 480,
        "End Frame": 600,
        "Caption": "#C C paints the cornice.; #C C removes his left hand from the tarpaulin on the; #C C moves the paint can; #C C paints the cornice.; #C C paints the cornice."
    },
    {
        "Video Name": "0288ef0f-e297-4be6-b42c-0b411b23f644",
        "Start Frame": 600,
        "End Frame": 720,
        "Caption": "#C C removes paint brush from paint; #C C paints the baseboard.; #C C paints the skirting of the wall with the paint brush; #C C paints the edge of the skirting of the wall with the; #C C paints the edge of the skirting of the wall with the"
    },
    {
        "Video Name": "0288ef0f-e297-4be6-b42c-0b411b23f644",
        "Start Frame": 720,
        "End Frame": 840,
        "Caption": "#C C dips the brush into the paint can; #C C lifts up the paint brush; #C C moves his left hand on the canvas; #C C dips the paint brush into the paint; #C C lifts up the paint brush "
    },
    {
        "Video Name": "0288ef0f-e297-4be6-b42c-0b411b23f644",
        "Start Frame": 840,
        "End Frame": 960,
        "Caption": "#C C paints the cornice.; #C C paints the skirting of the wall with the brush; #C C paints the cornice.; #C C paints a baseboard ; #C C paints the skirting of the wall with the paint"
    },
    {
        "Video Name": "0288ef0f-e297-4be6-b42c-0b411b23f644",
        "Start Frame": 960,
        "End Frame": 1080,
        "Caption": "#C C paints the cornice.; #C C paints a baseboard ; #C C paints the cornice.; #C C paints the cornice. ; #C C paints the edge of the skirting of the wall with the paint"
    },
    {
        "Video Name": "0288ef0f-e297-4be6-b42c-0b411b23f644",
        "Start Frame": 1080,
        "End Frame": 1200,
        "Caption": "#C C paints the cornice.; #C C paints the cornice.; #C C paints the skirting of the wall with the paint; #C C paints the skirting of the wall with the brush; #C C paints the skirting of the wall with the brush"
    },
    {
        "Video Name": "0288ef0f-e297-4be6-b42c-0b411b23f644",
        "Start Frame": 1200,
        "End Frame": 1320,
        "Caption": "#C C paints the skirtboard; #C C paints the edge of the skirting of the wall with the paint; #C C paints a baseboard ; #C C paints the cornice.; #C C moves his hand towards the can of paint"
    },
    {
        "Video Name": "0288ef0f-e297-4be6-b42c-0b411b23f644",
        "Start Frame": 1320,
        "End Frame": 1440,
        "Caption": "#C C paints a baseboard; #C C applies paint on base; #C C paints a baseboard; #C C paints the cornice; #C C paints the cornice"
    },
    {
        "Video Name": "0288ef0f-e297-4be6-b42c-0b411b23f644",
        "Start Frame": 1440,
        "End Frame": 1560,
        "Caption": "#C C drops the paint bucket on the cloth on the; #C C moves the paint can; #C C drops the paint can on the floor; #C C drops the paint can on the floor; #C C drops the aluminum paint bucket on the floor."
    },
    {
        "Video Name": "0288ef0f-e297-4be6-b42c-0b411b23f644",
        "Start Frame": 1560,
        "End Frame": 1680,
        "Caption": "#C C picks the wire of the socket; #C C picks the wire.; #C C picks up the wall socket.; #C C picks the cable ; #C C picks up a cable."
    },
    {
        "Video Name": "0288ef0f-e297-4be6-b42c-0b411b23f644",
        "Start Frame": 1680,
        "End Frame": 1800,
        "Caption": "#C C places the brush on a cloth on the floor.; #C C holds the cable with his left hand.; #C C adjusts the wire of the paint roller with his left; #C C lets go of the cable; #C C cleans the wire on the cloth"
    },
    {
        "Video Name": "0288ef0f-e297-4be6-b42c-0b411b23f644",
        "Start Frame": 1800,
        "End Frame": 1920,
        "Caption": "#C C paints the cornice; #C C paints the cornice; #C C paints the cornice; #C C paints the cornice; #C C paints the cornice"
    },
    {
        "Video Name": "0288ef0f-e297-4be6-b42c-0b411b23f644",
        "Start Frame": 1920,
        "End Frame": 2040,
        "Caption": "#C C paints a baseboard; #C C paints the cornice; #C C paints the cornice; #C C paints the cornice; #C C paints the cornice"
    },
    {
        "Video Name": "0288ef0f-e297-4be6-b42c-0b411b23f644",
        "Start Frame": 2040,
        "End Frame": 2160,
        "Caption": "#C C paints the cornice; #C C paints the cornice; #C C paints the baseboard; #C C paints the cornice; #C C removes paint brush from"
    },
    {
        "Video Name": "0288ef0f-e297-4be6-b42c-0b411b23f644",
        "Start Frame": 2160,
        "End Frame": 2280,
        "Caption": "#C C paints the cornice; #C C paints the cornice; #C C paints the cornice; #C C paints the cornice; #C C paints the cornice"
    },
    {
        "Video Name": "0288ef0f-e297-4be6-b42c-0b411b23f644",
        "Start Frame": 2280,
        "End Frame": 2400,
        "Caption": "#C C paints the cornice; #C C paints the cornice; #C C paints the cornice; #C C paints the cornice; #C C paints the cornice"
    },
    {
        "Video Name": "0288ef0f-e297-4be6-b42c-0b411b23f644",
        "Start Frame": 2400,
        "End Frame": 2520,
        "Caption": "#C C paints the cornice; #C C paints the cornice; #C C paints the cornice; #C C paints the cornice; #C C paints the cornice"
    },
    {
        "Video Name": "0288ef0f-e297-4be6-b42c-0b411b23f644",
        "Start Frame": 2520,
        "End Frame": 2640,
        "Caption": "#C C removes paint from the skirtboard; #C C paints the edge of the skirting of the wall with the paint; #C C removes the paint brush from the paint can.; #C C cleans off paint on the skirting of the wall with the brush; #C C removes the brush from the baseboard"
    },
    {
        "Video Name": "0288ef0f-e297-4be6-b42c-0b411b23f644",
        "Start Frame": 2640,
        "End Frame": 2760,
        "Caption": "#C C paints the edge of the skirting of the wall with the paint; #C C paints the baseboard.; #C C paints the cornice.; #C C paints the edge of the skirting of the wall with the paint; #C C paints the cornice."
    },
    {
        "Video Name": "0288ef0f-e297-4be6-b42c-0b411b23f644",
        "Start Frame": 2760,
        "End Frame": 2880,
        "Caption": "#C C paints the cornice; #C C paints the cornice; #C C paints the cornice; #C C paints the cornice; #C C paints the cornice"
    },
    {
        "Video Name": "0288ef0f-e297-4be6-b42c-0b411b23f644",
        "Start Frame": 2880,
        "End Frame": 3000,
        "Caption": "#C C paints the cornice; #C C paints the cornice; #C C paints the cornice; #C C paints the cornice; #C C paints the cornice"
    },
    {
        "Video Name": "0288ef0f-e297-4be6-b42c-0b411b23f644",
        "Start Frame": 3000,
        "End Frame": 3120,
        "Caption": "#C C paints the cornice.; #C C paints the cornice.; #C C removes the paint brush from the paint; #C C paints the cornice.; #C C paints the cornice."
    },
    {
        "Video Name": "0288ef0f-e297-4be6-b42c-0b411b23f644",
        "Start Frame": 3120,
        "End Frame": 3240,
        "Caption": "#C C paints the cornice; #C C paints the cornice; #C C paints the cornice; #C C paints the wood.; #C C paints the cornice"
    },
    {
        "Video Name": "0288ef0f-e297-4be6-b42c-0b411b23f644",
        "Start Frame": 3240,
        "End Frame": 3360,
        "Caption": "#C C paints the baseboard; #C C paints the wood.; #C C paints the cornice; #C C paints the baseboard; #C C paints the wood."
    },
    {
        "Video Name": "0288ef0f-e297-4be6-b42c-0b411b23f644",
        "Start Frame": 3360,
        "End Frame": 3480,
        "Caption": "#C C paints the cornice; #C C paints the cornice; #C C paints the cornice; #C C paints the cornice; #C C paints the cornice"
    },
    {
        "Video Name": "0288ef0f-e297-4be6-b42c-0b411b23f644",
        "Start Frame": 3480,
        "End Frame": 3600,
        "Caption": "#C C dips the brush into the paint container; #C C scoops paint from the can of paint with the paint brush; #C C paints the cornice using the paintbrush; #C C lifts up the paint brush; #C C paints the cornice with a paint brush."
    },
    {
        "Video Name": "0288ef0f-e297-4be6-b42c-0b411b23f644",
        "Start Frame": 3600,
        "End Frame": 3720,
        "Caption": "#C C paints the cornice; #C C paints the cornice; #C C paints the cornice; #C C paints the cornice; #C C paints the cornice"
    },
    {
        "Video Name": "0288ef0f-e297-4be6-b42c-0b411b23f644",
        "Start Frame": 3720,
        "End Frame": 3840,
        "Caption": "#C C paints the baseboard; #C C applies paint on the baseboard; #C C paints the edge of the skirting of the wall with the paint; #C C paints the cornice.; #C C paints the cornice."
    },
    {
        "Video Name": "0288ef0f-e297-4be6-b42c-0b411b23f644",
        "Start Frame": 3840,
        "End Frame": 3960,
        "Caption": "#C C paints the cornice; #C C paints the cornice; #C C paints the wood.; #C C paints the cornice; #C C paints the cornice"
    },
    {
        "Video Name": "0288ef0f-e297-4be6-b42c-0b411b23f644",
        "Start Frame": 3960,
        "End Frame": 4080,
        "Caption": "#C C paints the cornice; #C C paints the cornice; #C C paints the wood.; #C C paints the cornice; #C C paints the cornice"
    },
    {
        "Video Name": "0288ef0f-e297-4be6-b42c-0b411b23f644",
        "Start Frame": 4080,
        "End Frame": 4200,
        "Caption": "#C C paints the cornice; #C C paints the cornice; #C C paints the cornice; #C C paints the cornice; #C C paints the cornice"
    },
    {
        "Video Name": "0288ef0f-e297-4be6-b42c-0b411b23f644",
        "Start Frame": 4200,
        "End Frame": 4320,
        "Caption": "#C C paints the skirtboard; #C C scoops paint.; #C C moves his left hand on the tarpaulin on the; #C C moves his left hand on the tarpaulin; #C C removes his left hand from the floor."
    },
    {
        "Video Name": "0288ef0f-e297-4be6-b42c-0b411b23f644",
        "Start Frame": 4320,
        "End Frame": 4440,
        "Caption": "#C C applies the paint on the base; #C C paints the cornice.; #C C paints the wood.; #C C applies the paint on the base; #C C applies the paint on the base"
    },
    {
        "Video Name": "0288ef0f-e297-4be6-b42c-0b411b23f644",
        "Start Frame": 4440,
        "End Frame": 4560,
        "Caption": "#C C paints the wood.; #C C paints the wood.; #C C paints the cornice; #C C paints the wood.; #C C paints the cornice"
    },
    {
        "Video Name": "0288ef0f-e297-4be6-b42c-0b411b23f644",
        "Start Frame": 4560,
        "End Frame": 4680,
        "Caption": "#C C paints the cornice.; #C C applies paint on the base; #C C paints the wood.; #C C paints the cornice.; #C C paints the wood."
    },
    {
        "Video Name": "0288ef0f-e297-4be6-b42c-0b411b23f644",
        "Start Frame": 4680,
        "End Frame": 4800,
        "Caption": "#C C paints the skirtboard; #C C paints the wood.; #C C applies paint on the baseboard; #C C applies the paint on the baseboard; #C C paints the edge of the skirting of the wall with the paint"
    },
    {
        "Video Name": "0288ef0f-e297-4be6-b42c-0b411b23f644",
        "Start Frame": 4800,
        "End Frame": 4920,
        "Caption": "#C C moves the paint can.; #C C drops the paint can on the floor; #C C moves the paint can.; #C C moves the paint can.; #C C carries the aluminum paint bucket from the floor with his left hand"
    },
    {
        "Video Name": "0288ef0f-e297-4be6-b42c-0b411b23f644",
        "Start Frame": 4920,
        "End Frame": 5040,
        "Caption": "#C C applies paint on base; #C C paints a baseboard; #C C paints the wood.; #C C paints the cornice; #C C paints the cornice"
    },
    {
        "Video Name": "0288ef0f-e297-4be6-b42c-0b411b23f644",
        "Start Frame": 5040,
        "End Frame": 5160,
        "Caption": "#C C paints the wood.; #C C paints the edge of the skirting of the wall with the paint; #C C paints the cornice.; #C C paints the cornice.; #C C paints the wood."
    },
    {
        "Video Name": "0288ef0f-e297-4be6-b42c-0b411b23f644",
        "Start Frame": 5160,
        "End Frame": 5280,
        "Caption": "#C C paints the cornice; #C C paints the cornice; #C C paints the cornice; #C C paints the wood.; #C C paints the cornice"
    },
    {
        "Video Name": "0288ef0f-e297-4be6-b42c-0b411b23f644",
        "Start Frame": 5280,
        "End Frame": 5400,
        "Caption": "#C C paints the cornice; #C C paints the cornice; #C C paints the cornice; #C C paints the cornice; #C C paints the cornice"
    }
]