[
    {
        "Video Name": "028874ba-a149-4499-825f-56d40a5ec11d",
        "Start Frame": 0,
        "End Frame": 120,
        "Caption": "#C C knits the fabric; #O person X plays with dog; #C C knits the fabric; #O Person A stands; #C C knits a fabric using a"
    },
    {
        "Video Name": "028874ba-a149-4499-825f-56d40a5ec11d",
        "Start Frame": 120,
        "End Frame": 240,
        "Caption": "#C C knits a fabric using a; #C C knits a fabric using a; #C C knits a fabric using a; #C C knits a fabric using a; #C C knits a fabric using a"
    },
    {
        "Video Name": "028874ba-a149-4499-825f-56d40a5ec11d",
        "Start Frame": 240,
        "End Frame": 360,
        "Caption": "#C C knits a fabric using a; #C C knits a fabric using a; #C C knits a fabric using a; #C C knits a fabric using a; #C C knits a fabric using a"
    },
    {
        "Video Name": "028874ba-a149-4499-825f-56d40a5ec11d",
        "Start Frame": 360,
        "End Frame": 480,
        "Caption": "#C C looks at the; #C C looks at the; #C C straightens the; #C C checks the fabric; #C C looks at the"
    },
    {
        "Video Name": "028874ba-a149-4499-825f-56d40a5ec11d",
        "Start Frame": 480,
        "End Frame": 600,
        "Caption": "#C C knits a fabric using a; #C C knits a fabric using a; #C C knits a fabric using a; #C C knits the fabric; #C C knits a fabric using a"
    },
    {
        "Video Name": "028874ba-a149-4499-825f-56d40a5ec11d",
        "Start Frame": 600,
        "End Frame": 720,
        "Caption": "#C C knits a fabric using a; #C C knits a fabric using a; #C C knits the fabric; #C C knits a fabric using a; #C C knits a fabric using a"
    },
    {
        "Video Name": "028874ba-a149-4499-825f-56d40a5ec11d",
        "Start Frame": 720,
        "End Frame": 840,
        "Caption": "#C C knits the fabric with a crotchet; #C C knits a fabric using a crochet; #C C knits a fabric using a crochet; #C C knits a fabric using a crochet; #C C knits a fabric using a crochet"
    },
    {
        "Video Name": "028874ba-a149-4499-825f-56d40a5ec11d",
        "Start Frame": 840,
        "End Frame": 960,
        "Caption": "#C C knits a fabric using a; #C C knits a fabric using a; #C C knits a fabric using a; #C C knits a fabric using a; #C C knits a fabric using a"
    },
    {
        "Video Name": "028874ba-a149-4499-825f-56d40a5ec11d",
        "Start Frame": 960,
        "End Frame": 1080,
        "Caption": "#O A dog X plays with a dog Y; #O person X walks to the table; #O person X  moves around; #C C knits the fabric; #O person X walks across the house"
    },
    {
        "Video Name": "028874ba-a149-4499-825f-56d40a5ec11d",
        "Start Frame": 1080,
        "End Frame": 1200,
        "Caption": "#C C knits a fabric using a; #C C knits a fabric using a; #C C knits a fabric using a; #C C knits a fabric using a; #C C knits a fabric using a"
    },
    {
        "Video Name": "028874ba-a149-4499-825f-56d40a5ec11d",
        "Start Frame": 1200,
        "End Frame": 1320,
        "Caption": "#C C looks at the fabric stitches; #C C examines the fabric stic; #C C looks at the fabric; #C C looks at the fabric; #C C looks at the fabric"
    },
    {
        "Video Name": "028874ba-a149-4499-825f-56d40a5ec11d",
        "Start Frame": 1320,
        "End Frame": 1440,
        "Caption": "#C C knits a fabric using a; #C C knits the fabric; #C C knits the fabric with a; #C C knits a fabric using a; #C C knits a fabric using a"
    },
    {
        "Video Name": "028874ba-a149-4499-825f-56d40a5ec11d",
        "Start Frame": 1440,
        "End Frame": 1560,
        "Caption": "#C C knits the fabric with a crotchet; #C C knits a fabric with crotchet needle; #C C knits a fabric with crotchet needle; #C C knits the fabric with a crotchet; #C C knits the fabric with a crotchet"
    },
    {
        "Video Name": "028874ba-a149-4499-825f-56d40a5ec11d",
        "Start Frame": 1560,
        "End Frame": 1680,
        "Caption": "#C C knits a fabric using a; #C C examines the fabric; #C C adjusts the fabric; #C C straightens the fabric; #C C examines the fabric stiches"
    },
    {
        "Video Name": "028874ba-a149-4499-825f-56d40a5ec11d",
        "Start Frame": 1680,
        "End Frame": 1800,
        "Caption": "#C C knits a fabric using a; #C C knits a fabric using a; #C C knits a fabric using a; #C C knits a fabric using a; #C C knits a fabric using a"
    },
    {
        "Video Name": "028874ba-a149-4499-825f-56d40a5ec11d",
        "Start Frame": 1800,
        "End Frame": 1920,
        "Caption": "#C C knits a fabric using a crochet; #C C knits a fabric with crotchet; #C C knits a fabric using a crochet; #C C knits a fabric using a crochet; #C C knits a fabric using a crochet"
    },
    {
        "Video Name": "028874ba-a149-4499-825f-56d40a5ec11d",
        "Start Frame": 1920,
        "End Frame": 2040,
        "Caption": "#C C knits a fabric using a crochet; #C C knits a fabric using a crochet; #C C knits the fabric with the crotchet; #C C knits a fabric using a crochet; #C C knits a fabric using a crochet"
    },
    {
        "Video Name": "028874ba-a149-4499-825f-56d40a5ec11d",
        "Start Frame": 2040,
        "End Frame": 2160,
        "Caption": "#C C knits a fabric using a crochet; #C C knits the fabric with a crotchet; #C C knits a fabric using a crochet; #C C knits a fabric using a crochet; #C C knits the fabric with a crotchet"
    },
    {
        "Video Name": "028874ba-a149-4499-825f-56d40a5ec11d",
        "Start Frame": 2160,
        "End Frame": 2280,
        "Caption": "#C C knits a fabric using a; #C C knits the fabric; #C C knits the fabric; #C C knits the fabric; #C C watches television"
    },
    {
        "Video Name": "028874ba-a149-4499-825f-56d40a5ec11d",
        "Start Frame": 2280,
        "End Frame": 2400,
        "Caption": "#O A man X sits on a chair; #C C knits a fabric with a crotchet; #O A man X scrolls on the laptop; #O A man X operates a laptop; #C C looks at the laptop"
    },
    {
        "Video Name": "028874ba-a149-4499-825f-56d40a5ec11d",
        "Start Frame": 2400,
        "End Frame": 2520,
        "Caption": "#C C watches television; #C C looks at the tablet; #C C watches the television; #C C watches the television; #O person X sits on a"
    },
    {
        "Video Name": "028874ba-a149-4499-825f-56d40a5ec11d",
        "Start Frame": 2520,
        "End Frame": 2640,
        "Caption": "#C C knits a fabric using a crochet; #C C sews the crotchet thread into the; #C C knits a fabric using a crochet; #C C knits the fabric; #C C knits a fabric using a crochet"
    },
    {
        "Video Name": "028874ba-a149-4499-825f-56d40a5ec11d",
        "Start Frame": 2640,
        "End Frame": 2760,
        "Caption": "#C C knits a fabric using a crochet; #C C knits a fabric using a crochet; #C C knits the fabric with the crotchet; #C C knits the fabric; #O A cat walks around the dining room"
    },
    {
        "Video Name": "028874ba-a149-4499-825f-56d40a5ec11d",
        "Start Frame": 2760,
        "End Frame": 2880,
        "Caption": "#C C sews the crotchet thread; #C C watches the television; #C C knits a fabric using a crot; #C C knits a fabric; #C C knits the fabric with the crochet"
    },
    {
        "Video Name": "028874ba-a149-4499-825f-56d40a5ec11d",
        "Start Frame": 2880,
        "End Frame": 3000,
        "Caption": "#C C knits a fabric using a crochet; #C C knits the fabric with a crotchet; #C C knits a fabric using a crochet; #C C knits the fabric with a crotchet; #C C knits a fabric using a crochet"
    },
    {
        "Video Name": "028874ba-a149-4499-825f-56d40a5ec11d",
        "Start Frame": 3000,
        "End Frame": 3120,
        "Caption": "#C C knits a fabric using a crotchet; #C C knits the fabric with the crotchet; #C C knits the fabric with a crotchet; #C C knits a fabric with crotchet needle; #C C knits a fabric using a crotchet"
    },
    {
        "Video Name": "028874ba-a149-4499-825f-56d40a5ec11d",
        "Start Frame": 3120,
        "End Frame": 3240,
        "Caption": "#C C knits the fabric with the crotchet; #C C knits a fabric using a crochet; #C C knits the fabric with the crotchet; #C C knits the fabric with the crotchet; #C C knits the fabric with the crotchet"
    },
    {
        "Video Name": "028874ba-a149-4499-825f-56d40a5ec11d",
        "Start Frame": 3240,
        "End Frame": 3360,
        "Caption": "#C C knits a fabric using a; #C C knits a fabric using a; #C C knits a fabric using a; #C C knits a fabric using a; #O person X runs to the door"
    },
    {
        "Video Name": "028874ba-a149-4499-825f-56d40a5ec11d",
        "Start Frame": 3360,
        "End Frame": 3480,
        "Caption": "#C C knits the fabric with the crotchet; #C C knits a fabric using a crochet; #C C knits the fabric with a crotchet; #C C knits the fabric with a crotchet; #C C knits the fabric with the crotchet"
    },
    {
        "Video Name": "028874ba-a149-4499-825f-56d40a5ec11d",
        "Start Frame": 3480,
        "End Frame": 3600,
        "Caption": "#C C knits a fabric using a crochet; #C C knits a fabric using a crochet; #C C knits a fabric using a crochet; #C C knits the fabric with a crotchet; #C C knits a fabric using a crochet"
    },
    {
        "Video Name": "028874ba-a149-4499-825f-56d40a5ec11d",
        "Start Frame": 3600,
        "End Frame": 3720,
        "Caption": "#C C knits a fabric with crotchet needle; #C C knits a fabric with crotchet needle; #C C knits a fabric with crotchet needle; #C C knits the fabric with the crotchet; #C C knits a fabric using a crochet"
    },
    {
        "Video Name": "028874ba-a149-4499-825f-56d40a5ec11d",
        "Start Frame": 3720,
        "End Frame": 3840,
        "Caption": "#C C knits a fabric using a; #C C knits a fabric using a; #C C knits the fabric using a; #C C knits a fabric using a; #C C knits a fabric using a"
    },
    {
        "Video Name": "028874ba-a149-4499-825f-56d40a5ec11d",
        "Start Frame": 3840,
        "End Frame": 3960,
        "Caption": "#C C knits a fabric using a crochet; #C C knits the fabric; #C C knits a fabric using a crot; #C C knits the fabric; #C C knits a fabric using a crochet"
    },
    {
        "Video Name": "028874ba-a149-4499-825f-56d40a5ec11d",
        "Start Frame": 3960,
        "End Frame": 4080,
        "Caption": "#C C knits a fabric using a; #C C knits a fabric using a; #C C knits the fabric using a; #C C knits a fabric using a; #C C knits a fabric using a"
    },
    {
        "Video Name": "028874ba-a149-4499-825f-56d40a5ec11d",
        "Start Frame": 4080,
        "End Frame": 4200,
        "Caption": "#C C knits a fabric using a; #C C knits a fabric using a; #C C knits a fabric using a; #C C knits a fabric using a; #C C knits the fabric with the"
    },
    {
        "Video Name": "028874ba-a149-4499-825f-56d40a5ec11d",
        "Start Frame": 4200,
        "End Frame": 4320,
        "Caption": "#C C knits a fabric using a; #C C knits a fabric using a; #C C knits a fabric using a; #C C knits a fabric using a; #C C knits a fabric using a"
    },
    {
        "Video Name": "028874ba-a149-4499-825f-56d40a5ec11d",
        "Start Frame": 4320,
        "End Frame": 4440,
        "Caption": "#C C knits the fabric with the crotchet; #O person X walks out of the room; #O person X walks around; #C C knits the fabric with a crotchet; #O person X walks around"
    },
    {
        "Video Name": "028874ba-a149-4499-825f-56d40a5ec11d",
        "Start Frame": 4440,
        "End Frame": 4560,
        "Caption": "#C C knits a fabric using a crochet; #C C knits the fabric with the crotchet; #C C knits the fabric with a crotchet; #C C knits the fabric with a crotchet; #C C knits a fabric using a crochet"
    },
    {
        "Video Name": "028874ba-a149-4499-825f-56d40a5ec11d",
        "Start Frame": 4560,
        "End Frame": 4680,
        "Caption": "#C C knits a fabric with crotchet needle; #C C knits a fabric with  crotchet; #C C knits the fabric with a crotchet; #C C knits a fabric with crotchet needle; #C C knits a fabric with crotchet needle"
    },
    {
        "Video Name": "028874ba-a149-4499-825f-56d40a5ec11d",
        "Start Frame": 4680,
        "End Frame": 4800,
        "Caption": "#C C knits a fabric using a; #C C knits the fabric; #C C knits a fabric using a; #C C knits a fabric using a; #C C knits a fabric using a"
    },
    {
        "Video Name": "028874ba-a149-4499-825f-56d40a5ec11d",
        "Start Frame": 4800,
        "End Frame": 4920,
        "Caption": "#C C puts the fabric on the; #C C puts the fabric on her; #C C drops the fabric on his; #C C puts the fabric on his; #C C adjusts the fabric"
    },
    {
        "Video Name": "028874ba-a149-4499-825f-56d40a5ec11d",
        "Start Frame": 4920,
        "End Frame": 5040,
        "Caption": "#C C straightens fabric; #C C straightens the fabric; #C C knits a fabric using a; #C C adjusts the fabric; #C C knits the fabric"
    },
    {
        "Video Name": "028874ba-a149-4499-825f-56d40a5ec11d",
        "Start Frame": 5040,
        "End Frame": 5160,
        "Caption": "#C C knits a fabric using a; #C C knits a fabric ; #C C knits a fabric ; #C C knits a fabric; #C C knits a fabric"
    },
    {
        "Video Name": "028874ba-a149-4499-825f-56d40a5ec11d",
        "Start Frame": 5160,
        "End Frame": 5280,
        "Caption": "#C C knits a fabric using a; #C C knits a fabric using a; #C C knits a fabric using a; #C C knits a fabric ; #C C knits a fabric using a"
    },
    {
        "Video Name": "028874ba-a149-4499-825f-56d40a5ec11d",
        "Start Frame": 5280,
        "End Frame": 5400,
        "Caption": "#C C knits a fabric ; #C C knits a fabric with a crotchet; #C C knits a fabric using a crotchet; #C C knits a fabric using a crochet; #C C knits a fabric using a crotchet"
    }
]