[
    {
        "Video Name": "02a17901-b907-4754-bc60-73f7693d6783",
        "Start Frame": 0,
        "End Frame": 120,
        "Caption": "#O The man Y interacts with the baby X.; #C C converses with the baby Y.; #O The man X holds the baby Y with his right hand; #C C interacts with a baby Y.; #C C talks to the baby Y."
    },
    {
        "Video Name": "02a17901-b907-4754-bc60-73f7693d6783",
        "Start Frame": 120,
        "End Frame": 240,
        "Caption": "#O The man X picks the napkin from the table with his right hand.; #O A man X looks at C; #O The man X eats food from the plate with a fork in his right hand; #C C talks to the baby B.; #O The man X touches his face with his left hand."
    },
    {
        "Video Name": "02a17901-b907-4754-bc60-73f7693d6783",
        "Start Frame": 240,
        "End Frame": 360,
        "Caption": "#O The man X drops the bottle on the dining table with his right hand; #O The man X walks towards a table.; #C C talks to the man X.; #O The man X walks towards the dining table with the baby Y.; #O The man Y walks away from the dining table."
    },
    {
        "Video Name": "02a17901-b907-4754-bc60-73f7693d6783",
        "Start Frame": 360,
        "End Frame": 480,
        "Caption": "#C C talks to the baby Y; #C C looks at baby Y; #C C Looks around a room; #C C looks around; #C C interacts with the baby Y"
    },
    {
        "Video Name": "02a17901-b907-4754-bc60-73f7693d6783",
        "Start Frame": 480,
        "End Frame": 600,
        "Caption": "#C C looks at the dining; #C C looks at the dining; #C C stares at the dining; #C C looks at the dining; #C C looks at the baby"
    },
    {
        "Video Name": "02a17901-b907-4754-bc60-73f7693d6783",
        "Start Frame": 600,
        "End Frame": 720,
        "Caption": "#C C interacts with the baby Y.; #C C converses with the man X; #C C interacts with the baby Y.; #C C looks at the baby Y; #C C looks around"
    },
    {
        "Video Name": "02a17901-b907-4754-bc60-73f7693d6783",
        "Start Frame": 720,
        "End Frame": 840,
        "Caption": "#C C interacts with the man X.; #C C looks around the house ; #C C converses with the man A; #C C looks at the baby; #O A man X walks in the house"
    },
    {
        "Video Name": "02a17901-b907-4754-bc60-73f7693d6783",
        "Start Frame": 840,
        "End Frame": 960,
        "Caption": "#C C interacts with a baby Y.; #C C interacts with a baby Y.; #C C converses with the baby Y.; #C C looks around the house; #O The man A places his right hand on the baby B"
    },
    {
        "Video Name": "02a17901-b907-4754-bc60-73f7693d6783",
        "Start Frame": 960,
        "End Frame": 1080,
        "Caption": "#O The man M eats the piece of steak in the plate on the dining table; #C C looks at the baby; #O The baby X plays with the toy with both hands.; #O The man X plays with a dog D.; #C C looks at the baby"
    },
    {
        "Video Name": "02a17901-b907-4754-bc60-73f7693d6783",
        "Start Frame": 1080,
        "End Frame": 1200,
        "Caption": "#O The man Y picks the pack of chips from the dining table with his left hand; #O The man X walks into the dining room.; #O The man X holds a bag with both hands.; #O The man X moves away from the dining table.; #O The man X places the bottle in his left hand on the dining table."
    },
    {
        "Video Name": "02a17901-b907-4754-bc60-73f7693d6783",
        "Start Frame": 1200,
        "End Frame": 1320,
        "Caption": "#O The man Y holds the baby Z with his right hand; #O The man X plays with the baby Y.; #O The man X talks to the baby Y.; #C C interacts with the man X.; #O The man Y carries the baby Z with both hands."
    },
    {
        "Video Name": "02a17901-b907-4754-bc60-73f7693d6783",
        "Start Frame": 1320,
        "End Frame": 1440,
        "Caption": "#O The man X moves the baby Y on the high chair with his left hand; #O The man Y touches the baby Y with his right hand.; #O the man X touches the baby B's back with his right hand.; #O The man X plays with the white dog Y.; #O The man Y places his right hand on the baby Y."
    },
    {
        "Video Name": "02a17901-b907-4754-bc60-73f7693d6783",
        "Start Frame": 1440,
        "End Frame": 1560,
        "Caption": "#C C looks at the dog ; #C C looks at the dog; #C C converses with the baby Y.; #O The man X places his left hand on the baby Y; #O the man Y puts his right leg on the table."
    },
    {
        "Video Name": "02a17901-b907-4754-bc60-73f7693d6783",
        "Start Frame": 1560,
        "End Frame": 1680,
        "Caption": "#O The man X lifts the napkin with his right hand; #O the man X eats the potato chip with his right hand; #O The man X places his left hand on the table.; #O The man X adjusts his camera with his right hand.; #O The man X holds the bottle with his right hand."
    },
    {
        "Video Name": "02a17901-b907-4754-bc60-73f7693d6783",
        "Start Frame": 1680,
        "End Frame": 1800,
        "Caption": "#O The man X cleans the table with a towel in his right hand.; #O The man X eats a piece of potato chip with his right hand.; #O A man X holds a hand towel; #O The man X drops the napkin on the dining table with his right hand; #C C interacts with the baby Y."
    },
    {
        "Video Name": "02a17901-b907-4754-bc60-73f7693d6783",
        "Start Frame": 1800,
        "End Frame": 1920,
        "Caption": "#C C talks to the baby Y.; #O The man X holds the piece of pizza in his left hand; #C C interacts with the man X.; #C C converses with the man X; #C C interacts with the man X."
    },
    {
        "Video Name": "02a17901-b907-4754-bc60-73f7693d6783",
        "Start Frame": 1920,
        "End Frame": 2040,
        "Caption": "#C C talks to the baby Y.; #C C converses with the baby Y; #C C talks to the baby Y.; #C C talks to a baby Y.; #C C talks to the baby Y."
    },
    {
        "Video Name": "02a17901-b907-4754-bc60-73f7693d6783",
        "Start Frame": 2040,
        "End Frame": 2160,
        "Caption": "#C C Looks at the baby; #C C talks to the baby Y.; #C C talks to the baby Y.; #O The man X holds the baby Y with his left hand; #C C looks around the house"
    },
    {
        "Video Name": "02a17901-b907-4754-bc60-73f7693d6783",
        "Start Frame": 2160,
        "End Frame": 2280,
        "Caption": "#O A man X interacts with; #C C looks at the baby; #O A man X gestures at; #O A baby X talks ; #O A man X talks to"
    },
    {
        "Video Name": "02a17901-b907-4754-bc60-73f7693d6783",
        "Start Frame": 2280,
        "End Frame": 2400,
        "Caption": "#C C looks at the baby; #O A baby X looks at a man; #O A man X looks around; #O A man X moves his head ; #C C talks to the baby Y."
    },
    {
        "Video Name": "02a17901-b907-4754-bc60-73f7693d6783",
        "Start Frame": 2400,
        "End Frame": 2520,
        "Caption": "#O The man Y eats the carrot in his right hand.; #O The man Y holds the chair with his left hand.; #O A man Y looks at C; #O The man X sits on the chair.; #C C converses with the man X."
    },
    {
        "Video Name": "02a17901-b907-4754-bc60-73f7693d6783",
        "Start Frame": 2520,
        "End Frame": 2640,
        "Caption": "#C C interacts with a baby Y.; #O man Y talks to C; #O A baby X plays with the spoon; #C C looks at baby Y; #C C converses with the man Y"
    },
    {
        "Video Name": "02a17901-b907-4754-bc60-73f7693d6783",
        "Start Frame": 2640,
        "End Frame": 2760,
        "Caption": "#O The man X eats from the plate with the fork in his right hand; #O The man X picks the fork from the plate with his right hand.; #C C talks to the man X.; #O The man X walks away from the dining table.; #O the man X adjusts his shirt with both hands."
    },
    {
        "Video Name": "02a17901-b907-4754-bc60-73f7693d6783",
        "Start Frame": 2760,
        "End Frame": 2880,
        "Caption": "#O The man X picks up a napkin from the table with his right hand; #O The man X picks the fork in the plate with his right hand.; #O The man X drops the fork in his right hand in the plate.; #O A man X moves food on the plate ; #C C converses with a man X"
    },
    {
        "Video Name": "02a17901-b907-4754-bc60-73f7693d6783",
        "Start Frame": 2880,
        "End Frame": 3000,
        "Caption": "#O The man X eats food from the plate on the table with the fork in his right hand; #O A man X holds the plate with both hands.; #C C interacts with the man X.; #C C looks around; #O The man X holds the baby Y with his left hand."
    },
    {
        "Video Name": "02a17901-b907-4754-bc60-73f7693d6783",
        "Start Frame": 3000,
        "End Frame": 3120,
        "Caption": "#C C talks to the baby Y; #C C talks to the man X; #C C talks to the man X; #C C talks to the baby Y; #C C interacts with the man Y"
    },
    {
        "Video Name": "02a17901-b907-4754-bc60-73f7693d6783",
        "Start Frame": 3120,
        "End Frame": 3240,
        "Caption": "#O man X puts the bottle on the; #C C looks around the room; #O A man X talks to C; #C C converses with the man X; #O A man X holds a phone"
    },
    {
        "Video Name": "02a17901-b907-4754-bc60-73f7693d6783",
        "Start Frame": 3240,
        "End Frame": 3360,
        "Caption": "#O The man X picks the fork from the plate with his right hand; #O The man X drops the spoon on the plate with his right hand; #O The man X drops the fork on the plate with his right hand; #O The man X picks a fork from the plate with his right hand; #O The man X drops the fork in his right hand on the plate"
    },
    {
        "Video Name": "02a17901-b907-4754-bc60-73f7693d6783",
        "Start Frame": 3360,
        "End Frame": 3480,
        "Caption": "#O The man X takes food from the plate on the dining table with a spoon in his right hand; #O The man M moves food in the plate with the fork in his right hand.; #O the man X eats with the fork in his right hand.; #C C talks to the man X.; #O The man X holds the plate with his left hand."
    },
    {
        "Video Name": "02a17901-b907-4754-bc60-73f7693d6783",
        "Start Frame": 3480,
        "End Frame": 3600,
        "Caption": "#C C talks to the man X.; #C C interacts with the man X.; #O the man T eats the food on the dining table with his right hand.; #O The man X scoops food from the bowl on the table with the fork in his right hand; #O The man X holds the spoon in his left hand."
    },
    {
        "Video Name": "02a17901-b907-4754-bc60-73f7693d6783",
        "Start Frame": 3600,
        "End Frame": 3720,
        "Caption": "#O The man X holds the spoon with his right hand.; #C C talks to the man X.; #O the man X puts his left hand on the table.; #O The man X drops the plate on the table with his left hand.; #O The man X adjusts his seat on the dining table with his left hand"
    },
    {
        "Video Name": "02a17901-b907-4754-bc60-73f7693d6783",
        "Start Frame": 3720,
        "End Frame": 3840,
        "Caption": "#C C interacts with the man X.; #O The man X  eats the food with a spoon in his right hand; #O A man X drinks water from a bottle; #O A man X eats food ; #O A man X touches his face "
    },
    {
        "Video Name": "02a17901-b907-4754-bc60-73f7693d6783",
        "Start Frame": 3840,
        "End Frame": 3960,
        "Caption": "#O A man X interacts with C ; #O a man X stretches his hand; #O The man X holds the spoon with his right hand.; #O A man X eats food ; #O The man X stretches his left hand towards the woman Z"
    },
    {
        "Video Name": "02a17901-b907-4754-bc60-73f7693d6783",
        "Start Frame": 3960,
        "End Frame": 4080,
        "Caption": "#C C talks with the baby X.; #O The man X drops the spoon on the baby Y's head with his right hand; #C C looks at the baby; #O A baby Y plays in the chair; #C C talks to a baby Y."
    },
    {
        "Video Name": "02a17901-b907-4754-bc60-73f7693d6783",
        "Start Frame": 4080,
        "End Frame": 4200,
        "Caption": "#O The man X drops the fork on the plate with his right hand.; #O The man X picks a fork from the plate on the table with his right hand.; #O The man X picks the spoon with his left hand.; #O the man X scoops some spaghetti from the plate with the fork in his right hand; #O The man X holds the fork in the plate with his right hand."
    },
    {
        "Video Name": "02a17901-b907-4754-bc60-73f7693d6783",
        "Start Frame": 4200,
        "End Frame": 4320,
        "Caption": "#C The man X interacts with C.; #O the man X touches his left leg with his left hand; #O The man X places his right hand on the dining table; #O The man X places his left hand on his left leg; #C C converses with the man X."
    },
    {
        "Video Name": "02a17901-b907-4754-bc60-73f7693d6783",
        "Start Frame": 4320,
        "End Frame": 4440,
        "Caption": "#C C looks around the house; #C C converses with the man X; #C C looks around the house; #C C converses with the man X; #C C looks around the house"
    },
    {
        "Video Name": "02a17901-b907-4754-bc60-73f7693d6783",
        "Start Frame": 4440,
        "End Frame": 4560,
        "Caption": "#C C interacts with the man X.; #O The man X drinks from the glass of wine with his left hand; #O the man X drops a phone on the table with his right hand; #C C looks at the dining table; #C C looks around the house"
    },
    {
        "Video Name": "02a17901-b907-4754-bc60-73f7693d6783",
        "Start Frame": 4560,
        "End Frame": 4680,
        "Caption": "#C C looks at the table ; #C C converses with the man M; #C C converses with a man X; #C C stands at the dining table.; #C C looks at the baby"
    },
    {
        "Video Name": "02a17901-b907-4754-bc60-73f7693d6783",
        "Start Frame": 4680,
        "End Frame": 4800,
        "Caption": "#C C converses with the man M; #C C looks around the house; #C C converses with the baby Y; #C C converses with the man Y; #C C talks to the man X."
    },
    {
        "Video Name": "02a17901-b907-4754-bc60-73f7693d6783",
        "Start Frame": 4800,
        "End Frame": 4920,
        "Caption": "#C C interacts with the man X.; #O The man X moves a plate on the dining table with his left hand; #C C talks to a baby Y.; #C C talks to the baby Y.; #C C talks to the man X."
    },
    {
        "Video Name": "02a17901-b907-4754-bc60-73f7693d6783",
        "Start Frame": 4920,
        "End Frame": 5040,
        "Caption": "#C C interacts with the man X; #C C talks to the baby Y; #C C looks around; #C C looks around; #C C looks at man X"
    },
    {
        "Video Name": "02a17901-b907-4754-bc60-73f7693d6783",
        "Start Frame": 5040,
        "End Frame": 5160,
        "Caption": "#C C talks to the baby Y.; #O The man X walks into the dining room; #C C looks around the house ; #C C looks around the house; #C C looks around the house "
    },
    {
        "Video Name": "02a17901-b907-4754-bc60-73f7693d6783",
        "Start Frame": 5160,
        "End Frame": 5280,
        "Caption": "#O The man P holds a spoon with his right hand.; #C C looks around the house ; #C C converses with the man X.; #O The man X picks a plate from the dining table with his right hand; #C C looks at man X"
    },
    {
        "Video Name": "02a17901-b907-4754-bc60-73f7693d6783",
        "Start Frame": 5280,
        "End Frame": 5400,
        "Caption": "#C C talks to the baby Y.; #C C looks at the dining table; #C C converses with the man X; #C C talks to a baby Y.; #C C talks to the man X."
    }
]