[
    {
        "Video Name": "02a3f1b7-74f8-45a1-a53b-617043d4fa34",
        "Start Frame": 0,
        "End Frame": 120,
        "Caption": "#C C drops the bag on the shelf with his hands; #C C puts the bag on the shelf.; #C C picks the bag ; #C C puts the bag on the shelf; #C C puts the bag on the shelf"
    },
    {
        "Video Name": "02a3f1b7-74f8-45a1-a53b-617043d4fa34",
        "Start Frame": 120,
        "End Frame": 240,
        "Caption": "#C C picks a bag from the shelf.; #C C picks the bag from the bench with his right hand; #C C picks up a bag on the shelf with his right; #C C takes out a bag from the shelf with his right; #C C picks up the bag."
    },
    {
        "Video Name": "02a3f1b7-74f8-45a1-a53b-617043d4fa34",
        "Start Frame": 240,
        "End Frame": 360,
        "Caption": "#C C touches a bag on the shelf.; #C C moves the bag on the shelf.; #C C opens a bag with his right hand; #C C adjusts the bag with his right hand; #C C touches the bag."
    },
    {
        "Video Name": "02a3f1b7-74f8-45a1-a53b-617043d4fa34",
        "Start Frame": 360,
        "End Frame": 480,
        "Caption": "#C C walks towards another section of the store; #C C walks towards the table; #C C walks around the shop; #C C walks around; #C C walks towards another table."
    },
    {
        "Video Name": "02a3f1b7-74f8-45a1-a53b-617043d4fa34",
        "Start Frame": 480,
        "End Frame": 600,
        "Caption": "#C C picks up a shoe on the floor with his right hand; #O Man X walks towards C.; #C C picks a shoe from the floor with his right hand; #O a man X walks in the room; #C C picks a shoe from the ground."
    },
    {
        "Video Name": "02a3f1b7-74f8-45a1-a53b-617043d4fa34",
        "Start Frame": 600,
        "End Frame": 720,
        "Caption": "#C C puts the nail gun on the floor; #C C picks the awl from the floor with his right; #C C picks the stick on the floor with his right hand; #C C puts the needle on the floor; #C C picks a needle"
    },
    {
        "Video Name": "02a3f1b7-74f8-45a1-a53b-617043d4fa34",
        "Start Frame": 720,
        "End Frame": 840,
        "Caption": "#C C looks around; #C C puts the shoe on the floor; #C C picks a shoe needle from the floor with his right; #C C moves a shoe on the floor; #C C picks a shoe"
    },
    {
        "Video Name": "02a3f1b7-74f8-45a1-a53b-617043d4fa34",
        "Start Frame": 840,
        "End Frame": 960,
        "Caption": "#C C picks up the shoe.; #C C picks up a shoe from the floor.; #C C picks up a shoe from the floor.; #C C picks up a shoe from the floor with his right; #C C picks a shoe from the floor with her right hand"
    },
    {
        "Video Name": "02a3f1b7-74f8-45a1-a53b-617043d4fa34",
        "Start Frame": 960,
        "End Frame": 1080,
        "Caption": "#C C picks up the shoe from the floor; #C C picks up another shoe on the floor with his right; #C C drops the shoe on the floor.; #C C pulls out the shoe needle from the shoe.; #C C picks the shoe on the floor"
    },
    {
        "Video Name": "02a3f1b7-74f8-45a1-a53b-617043d4fa34",
        "Start Frame": 1080,
        "End Frame": 1200,
        "Caption": "#C C sews the shoe with the awl and thread in his hands; #C C inserts the awl in the shoe ; #C C applies glue to the shoe with the glue gun; #C C repairs the shoe; #C C stitches the shoe."
    },
    {
        "Video Name": "02a3f1b7-74f8-45a1-a53b-617043d4fa34",
        "Start Frame": 1200,
        "End Frame": 1320,
        "Caption": "#C C adjusts the shoe in her hands ; #C C inserts the needle in her right hand into the shoe; #C C tightens the shoe lace.; #C C applies glue to the shoe.; #C C applies glue to the shoe."
    },
    {
        "Video Name": "02a3f1b7-74f8-45a1-a53b-617043d4fa34",
        "Start Frame": 1320,
        "End Frame": 1440,
        "Caption": "#C C drops the shoe needle on the floor.; #C C holds the shoe needle with his right hand ; #C C moves the stitching thread.; #C C picks the shoe knife from the floor with his right; #C C drops the shoe on the floor"
    },
    {
        "Video Name": "02a3f1b7-74f8-45a1-a53b-617043d4fa34",
        "Start Frame": 1440,
        "End Frame": 1560,
        "Caption": "#C C sews the shoe.; #C C puts glue on the shoe; #C C sews the shoe with the needle and thread; #C C stitches the shoe.; #C C presses the shoe on the floor."
    },
    {
        "Video Name": "02a3f1b7-74f8-45a1-a53b-617043d4fa34",
        "Start Frame": 1560,
        "End Frame": 1680,
        "Caption": "#C C pulls out the thread with his left hand; #C C pulls thread string with his left hand; #C C moves his left foot; #C C sews the shoe.; #C C sews the shoe with the needle and thread"
    },
    {
        "Video Name": "02a3f1b7-74f8-45a1-a53b-617043d4fa34",
        "Start Frame": 1680,
        "End Frame": 1800,
        "Caption": "#C C drops the stitching awl on the floor; #C C pulls the thread from the shoe; #C C pulls the thread on both side of the; #C C straightens the thread; #C C pulls out the thread from the shoe"
    },
    {
        "Video Name": "02a3f1b7-74f8-45a1-a53b-617043d4fa34",
        "Start Frame": 1800,
        "End Frame": 1920,
        "Caption": "#C C  aligns thread; #C C straightens the thread; #C C pulls a thread; #C C pulls the stitching thread; #C C pulls the thread on the"
    },
    {
        "Video Name": "02a3f1b7-74f8-45a1-a53b-617043d4fa34",
        "Start Frame": 1920,
        "End Frame": 2040,
        "Caption": "#C C sews the shoe with the sewing needles; #C C sews the shoe; #C C sews the inner sole of the shoe with the needle and; #C C sews shoe with thread and awl; #C C puts the inner sole into the shoe"
    },
    {
        "Video Name": "02a3f1b7-74f8-45a1-a53b-617043d4fa34",
        "Start Frame": 2040,
        "End Frame": 2160,
        "Caption": "#C C  moves the thread on the floor with his feet; #C C holds the shoe with his left hand.; #C C drops the needle on the floor.; #C C puts the shoe on the floor; #C C picks a shoe needle"
    },
    {
        "Video Name": "02a3f1b7-74f8-45a1-a53b-617043d4fa34",
        "Start Frame": 2160,
        "End Frame": 2280,
        "Caption": "#C C pulls thread string; #C C pulls thread string\n; #C C pulls thread string\n; #C C tightens the thread; #C C pulls thread string\n"
    },
    {
        "Video Name": "02a3f1b7-74f8-45a1-a53b-617043d4fa34",
        "Start Frame": 2280,
        "End Frame": 2400,
        "Caption": "#C C pulls thread string\n; #C C pulls a thread from the shoe; #C C pulls the thread using a needle; #C C inserts the awl in the shoe; #C C inserts a needle in a shoe"
    },
    {
        "Video Name": "02a3f1b7-74f8-45a1-a53b-617043d4fa34",
        "Start Frame": 2400,
        "End Frame": 2520,
        "Caption": "#C C inserts the awl in the shoe.; #C C pulls the thread using the hook; #C C pulls out the thread with his right hand.; #C C adjusts the shoe on the floor with his left hand; #C C adjusts the thread."
    },
    {
        "Video Name": "02a3f1b7-74f8-45a1-a53b-617043d4fa34",
        "Start Frame": 2520,
        "End Frame": 2640,
        "Caption": "#C C pulls the thread on both side of the shoe; #C C sews the shoe.; #C C sews the shoe with the needle and thread; #C C pulls a thread using a needle; #C C adjusts the shoe with his right hand."
    },
    {
        "Video Name": "02a3f1b7-74f8-45a1-a53b-617043d4fa34",
        "Start Frame": 2640,
        "End Frame": 2760,
        "Caption": "#C C adjusts the shoe on the floor with his left; #C C drops the awl on the mat.; #C C drops the stitching awl on the floor ; #C C picks a shoe needle from the shoe; #C C straightens thread"
    },
    {
        "Video Name": "02a3f1b7-74f8-45a1-a53b-617043d4fa34",
        "Start Frame": 2760,
        "End Frame": 2880,
        "Caption": "#C C pulls thread string out of shoe; #C C adjusts the shoe with his hands; #C C moves the legs; #C C inserts a needle in a shoe; #C C adjusts the thread on the shoe"
    },
    {
        "Video Name": "02a3f1b7-74f8-45a1-a53b-617043d4fa34",
        "Start Frame": 2880,
        "End Frame": 3000,
        "Caption": "#C C touches his cloth with his right; #C C touches the shoe with his right; #C C touches his shoe.; #C C holds his knee; #C C pulls a thread"
    },
    {
        "Video Name": "02a3f1b7-74f8-45a1-a53b-617043d4fa34",
        "Start Frame": 3000,
        "End Frame": 3120,
        "Caption": "#C C pulls a thread out of a; #C C pulls stitching wool; #C C pulls thread string\n; #C C pulls stitching wool with left hand; #C C pulls the threads using the aw"
    },
    {
        "Video Name": "02a3f1b7-74f8-45a1-a53b-617043d4fa34",
        "Start Frame": 3120,
        "End Frame": 3240,
        "Caption": "#C C moves the right leg.; #C C pulls thread string\n; #C C puts thread string in the shoe; #C C pulls thread string\n; #C C holds a thread on his right"
    },
    {
        "Video Name": "02a3f1b7-74f8-45a1-a53b-617043d4fa34",
        "Start Frame": 3240,
        "End Frame": 3360,
        "Caption": "#C C pulls the stitching awl off the shoe; #C C pulls thread string\n; #C C pulls the stitching awl off the shoe; #C C removes glue on the shoe with a hook; #C C adjusts the shoe with his left hand"
    },
    {
        "Video Name": "02a3f1b7-74f8-45a1-a53b-617043d4fa34",
        "Start Frame": 3360,
        "End Frame": 3480,
        "Caption": "#C C tightens the shoe thread.; #C C sews the shoe with the needle and thread.; #C C sews shoe with thread string using awl hook; #C C pulls thread string\n; #C C moves the shoe on the table."
    },
    {
        "Video Name": "02a3f1b7-74f8-45a1-a53b-617043d4fa34",
        "Start Frame": 3480,
        "End Frame": 3600,
        "Caption": "#C C pulls thread string\n; #C C pulls out the thread.; #C C touches the shoe with his left hand.; #C C adjusts his right shoe with his left hand; #C C pulls out the thread with his left hand"
    },
    {
        "Video Name": "02a3f1b7-74f8-45a1-a53b-617043d4fa34",
        "Start Frame": 3600,
        "End Frame": 3720,
        "Caption": "#C C pulls the stitching thread; #C C inserts the awl in the shoe ; #C C sews shoe sole with thread string using awl hook; #C C sews shoe; #C C touches the shoe."
    },
    {
        "Video Name": "02a3f1b7-74f8-45a1-a53b-617043d4fa34",
        "Start Frame": 3720,
        "End Frame": 3840,
        "Caption": "#C C straightens the thread; #C C pulls thread string\n; #C C pulls stitching wool; #C C pulls the stitching thread; #C C pulls stitching wool with"
    },
    {
        "Video Name": "02a3f1b7-74f8-45a1-a53b-617043d4fa34",
        "Start Frame": 3840,
        "End Frame": 3960,
        "Caption": "#C C sews shoe with thread and awl; #C C sews a shoe with the needle and thread.; #C C sews shoe with thread string using awl hook; #C C sews the shoe.; #C C stitches the shoe"
    },
    {
        "Video Name": "02a3f1b7-74f8-45a1-a53b-617043d4fa34",
        "Start Frame": 3960,
        "End Frame": 4080,
        "Caption": "#C C stares at the shoe; #C C smoothens the shoe with the sandpaper; #C C inserts a needle in a shoe ; #C C holds the shoe with his left hand; #C C looks at the shoe."
    },
    {
        "Video Name": "02a3f1b7-74f8-45a1-a53b-617043d4fa34",
        "Start Frame": 4080,
        "End Frame": 4200,
        "Caption": "#C C sews the shoe.; #C C inserts the awl in the shoe ; #C C sews a shoe using awl hook; #C C looks at the shoe ; #C C repairs the shoe"
    },
    {
        "Video Name": "02a3f1b7-74f8-45a1-a53b-617043d4fa34",
        "Start Frame": 4200,
        "End Frame": 4320,
        "Caption": "#C C pulls out the thread in the shoe.; #C C pushes the leather stitching needle in the shoe; #C C stiches the shoe.; #C C sews shoe with thread string using awl hook; #C C turns the shoe"
    },
    {
        "Video Name": "02a3f1b7-74f8-45a1-a53b-617043d4fa34",
        "Start Frame": 4320,
        "End Frame": 4440,
        "Caption": "#C C ties the thread on the; #C C pulls thread string\n; #C C pulls the stitching wool; #C C moves the thread.; #C C touches the shoe."
    },
    {
        "Video Name": "02a3f1b7-74f8-45a1-a53b-617043d4fa34",
        "Start Frame": 4440,
        "End Frame": 4560,
        "Caption": "#C C pulls out the needle in the shoe.; #C C pulls the stitching thread; #C C pulls thread string\n; #C C pulls out the awl with his right; #C C stitches the shoe"
    },
    {
        "Video Name": "02a3f1b7-74f8-45a1-a53b-617043d4fa34",
        "Start Frame": 4560,
        "End Frame": 4680,
        "Caption": "#C C pulls stitching wool; #C C pulls thread string\n; #C C pulls stitching wool with; #C C pulls thread string\n; #C C pulls thread string\n"
    },
    {
        "Video Name": "02a3f1b7-74f8-45a1-a53b-617043d4fa34",
        "Start Frame": 4680,
        "End Frame": 4800,
        "Caption": "#C C pushes the leather stitching needle in the shoe; #C C adjusts the shoe on the table.; #C C sews the shoe with the needle and thread; #C C pulls out thread with his right hand; #C C pulls stitching wool with shoe needle"
    },
    {
        "Video Name": "02a3f1b7-74f8-45a1-a53b-617043d4fa34",
        "Start Frame": 4800,
        "End Frame": 4920,
        "Caption": "#C C holds the shoe with his left hand; #C C pulls thread string; #C C wipes off the glue on the shoe with his left hand; #C C adjusts the shoe on the floor with his left hand; #C C places his right hand on the shoe on the floor."
    },
    {
        "Video Name": "02a3f1b7-74f8-45a1-a53b-617043d4fa34",
        "Start Frame": 4920,
        "End Frame": 5040,
        "Caption": "#C C holds the shoe.; #C C tightens the shoe thread; #C C straightens the thread; #C C pushes the thread on the; #C C turns around"
    },
    {
        "Video Name": "02a3f1b7-74f8-45a1-a53b-617043d4fa34",
        "Start Frame": 5040,
        "End Frame": 5160,
        "Caption": "#C C pulls thread string\n; #C C pulls thread string\n; #C C straightens thread; #C C pushes the thread with his right leg; #C C moves the left leg"
    },
    {
        "Video Name": "02a3f1b7-74f8-45a1-a53b-617043d4fa34",
        "Start Frame": 5160,
        "End Frame": 5280,
        "Caption": "#C C pulls the thread using the needle; #C C pulls thread string\n; #C C pulls out thread from the shoe with his hands; #C C straightens the thread in the shoe.; #C C pulls thread string\n"
    },
    {
        "Video Name": "02a3f1b7-74f8-45a1-a53b-617043d4fa34",
        "Start Frame": 5280,
        "End Frame": 5400,
        "Caption": "#C C pulls stitching wool using needle; #C C turns around; #C C pulls stitching wool with hands; #C C pulls stitching wool with left hand; #C C pulls the thread on both side of the"
    }
]