[
    {
        "Video Name": "031741d1-5edb-4a91-8e5b-8c1d36718c46",
        "Start Frame": 0,
        "End Frame": 120,
        "Caption": "#O person Q looks at the cards.; #O The woman X picks up the card from the table with her left hand.; #C C looks at person W.; #O person X plays the card game; #C C looks at person Q"
    },
    {
        "Video Name": "031741d1-5edb-4a91-8e5b-8c1d36718c46",
        "Start Frame": 120,
        "End Frame": 240,
        "Caption": "#O person A moves the card on the; #O person A moves the card on the; #O Person A picks cards from the table; #O person A picks a card from the; #O person B moves the cards on the"
    },
    {
        "Video Name": "031741d1-5edb-4a91-8e5b-8c1d36718c46",
        "Start Frame": 240,
        "End Frame": 360,
        "Caption": "#O person A touches the cards in her left; #O person B plays the card game; #C C looks around the house ; #O person X looks around; #C C looks around the house"
    },
    {
        "Video Name": "031741d1-5edb-4a91-8e5b-8c1d36718c46",
        "Start Frame": 360,
        "End Frame": 480,
        "Caption": "#O The woman X picks the card from the table with her right hand. ; #O The woman X picks the card from the table with her right hand. ; #O The woman X passes the card from her right hand to her left hand.; #C C converses with person Q; #O The woman X picks up a card from the table with her right hand."
    },
    {
        "Video Name": "031741d1-5edb-4a91-8e5b-8c1d36718c46",
        "Start Frame": 480,
        "End Frame": 600,
        "Caption": "#O The woman X picks the card from the table with her right hand.; #C C converses with  woman X ; #O The woman X drops the card on the table with her left hand.; #O person X puts cards on the table.; #O woman X picks a card on the table."
    },
    {
        "Video Name": "031741d1-5edb-4a91-8e5b-8c1d36718c46",
        "Start Frame": 600,
        "End Frame": 720,
        "Caption": "#O person A takes the cards; #O Person A picks a card; #O person A puts the card on the table; #O person A moves the cards on the table; #O The woman X picks a card from the table with her right hand."
    },
    {
        "Video Name": "031741d1-5edb-4a91-8e5b-8c1d36718c46",
        "Start Frame": 720,
        "End Frame": 840,
        "Caption": "#O The woman X packs the cards on the table with both hands; #O woman X takes the cards; #O woman B drops the cards on the table; #O person A puts cards on the table; #O woman X puts cards on the table"
    },
    {
        "Video Name": "031741d1-5edb-4a91-8e5b-8c1d36718c46",
        "Start Frame": 840,
        "End Frame": 960,
        "Caption": "#O The woman X drops the card on the table with her left hand.; #O The woman X drops the card on the table with her right hand.; #O woman A puts the cards on the table.; #O The woman X drops the card on the table with her right hand.; #O The woman X places the card on the table with her right hand."
    },
    {
        "Video Name": "031741d1-5edb-4a91-8e5b-8c1d36718c46",
        "Start Frame": 960,
        "End Frame": 1080,
        "Caption": "#O Person B picks cards on the table; #O woman X picks a card on the table.; #O The woman X picks a card from the table with her right hand; #C C takes the playing cards from the table.; #O person A takes the cards from the table"
    },
    {
        "Video Name": "031741d1-5edb-4a91-8e5b-8c1d36718c46",
        "Start Frame": 1080,
        "End Frame": 1200,
        "Caption": "#O man Q converses with C; #O man Q converses with C; #O man K puts cards on the table; #C C converses with man Q; #O man K puts the cards aside."
    },
    {
        "Video Name": "031741d1-5edb-4a91-8e5b-8c1d36718c46",
        "Start Frame": 1200,
        "End Frame": 1320,
        "Caption": "#O person B puts the card on the table; #O man Q converses with C; #C C looks at woman Q; #O Person A picks cards on the table; #C C looks at the cards on the table"
    },
    {
        "Video Name": "031741d1-5edb-4a91-8e5b-8c1d36718c46",
        "Start Frame": 1320,
        "End Frame": 1440,
        "Caption": "#C C converses with man Q; #C C picks the cards from the table; #C C moves the cards on the table; #C C puts the card on the table; #C C puts the card on the table"
    },
    {
        "Video Name": "031741d1-5edb-4a91-8e5b-8c1d36718c46",
        "Start Frame": 1440,
        "End Frame": 1560,
        "Caption": "#O man Q converses with C; #C C picks the cards from the table; #C C picks a card from the table.; #O The woman X picks the card from the table with her right hand.; #O The woman X picks the card from the table with her left hand."
    },
    {
        "Video Name": "031741d1-5edb-4a91-8e5b-8c1d36718c46",
        "Start Frame": 1560,
        "End Frame": 1680,
        "Caption": "#O person X puts the bottle on the table.; #O person X puts the bottle on the table.; #O person X picks a bottle of water on the; #O person Y puts the bottle on the table.; #O woman X puts a bottle on the table."
    },
    {
        "Video Name": "031741d1-5edb-4a91-8e5b-8c1d36718c46",
        "Start Frame": 1680,
        "End Frame": 1800,
        "Caption": "#O woman X converses with C; #C C shuffles cards.; #C C picks up the card from the table; #C C looks around the house.; #C C looks around "
    },
    {
        "Video Name": "031741d1-5edb-4a91-8e5b-8c1d36718c46",
        "Start Frame": 1800,
        "End Frame": 1920,
        "Caption": "#O man Q converses with C; #C C converses with man Q; #C C converses with man Q; #O man Q converses with C; #O man Q converses with C"
    },
    {
        "Video Name": "031741d1-5edb-4a91-8e5b-8c1d36718c46",
        "Start Frame": 1920,
        "End Frame": 2040,
        "Caption": "#O man Q converses with C ; #C C puts the cards on the table; #C C converses with C.; #C C looks at the cards.; #C C converses with man Q"
    },
    {
        "Video Name": "031741d1-5edb-4a91-8e5b-8c1d36718c46",
        "Start Frame": 2040,
        "End Frame": 2160,
        "Caption": "#C C looks around.; #C C looks around the house.; #O person X puts the cards aside.; #C C picks the cards from the table.; #O person X puts the card on the table."
    },
    {
        "Video Name": "031741d1-5edb-4a91-8e5b-8c1d36718c46",
        "Start Frame": 2160,
        "End Frame": 2280,
        "Caption": "#C C looks around the house; #C C looks around ; #C C converses with man; #C C looks aside; #C C looks around "
    },
    {
        "Video Name": "031741d1-5edb-4a91-8e5b-8c1d36718c46",
        "Start Frame": 2280,
        "End Frame": 2400,
        "Caption": "#C C converses with woman X; #O man K puts the cards aside; #C C converses with woman X; #O man Q converses with C; #O woman X converses with C"
    },
    {
        "Video Name": "031741d1-5edb-4a91-8e5b-8c1d36718c46",
        "Start Frame": 2400,
        "End Frame": 2520,
        "Caption": "#C C shuffles cards; #O man Q converses with C; #C C converses with man Q; #C C shuffles cards; #C C converses with man Q"
    },
    {
        "Video Name": "031741d1-5edb-4a91-8e5b-8c1d36718c46",
        "Start Frame": 2520,
        "End Frame": 2640,
        "Caption": "#O man K  puts the cards on the table; #O man K puts the cards aside.; #C C shuffles the cards.; #O man K shuffles cards.; #C C picks the cards from the table."
    },
    {
        "Video Name": "031741d1-5edb-4a91-8e5b-8c1d36718c46",
        "Start Frame": 2640,
        "End Frame": 2760,
        "Caption": "#O man Q converses with C; #O man K puts the cards aside; #C C shuffles the cards.; #C C shuffles the cards.; #O man Q converses with C"
    },
    {
        "Video Name": "031741d1-5edb-4a91-8e5b-8c1d36718c46",
        "Start Frame": 2760,
        "End Frame": 2880,
        "Caption": "#O man X converses with C; #C C looks at man D.; #C C shuffles the cards.; #C C shuffles the cards.; #C C shuffles the cards."
    },
    {
        "Video Name": "031741d1-5edb-4a91-8e5b-8c1d36718c46",
        "Start Frame": 2880,
        "End Frame": 3000,
        "Caption": "#O woman X converses with C; #O man K looks at the cards.; #C C shuffles the cards.; #C C looks at the cards.; #C C looks at the cards on the"
    },
    {
        "Video Name": "031741d1-5edb-4a91-8e5b-8c1d36718c46",
        "Start Frame": 3000,
        "End Frame": 3120,
        "Caption": "#C C looks at the cards; #C C looks at woman X; #O man Q converses with; #O man K speaks to C; #C C looks at man Q"
    },
    {
        "Video Name": "031741d1-5edb-4a91-8e5b-8c1d36718c46",
        "Start Frame": 3120,
        "End Frame": 3240,
        "Caption": "#C C looks around.; #C C converses with man Q; #C C looks around. ; #C C speaks to man K.; #C C looks at the cards on his hands"
    },
    {
        "Video Name": "031741d1-5edb-4a91-8e5b-8c1d36718c46",
        "Start Frame": 3240,
        "End Frame": 3360,
        "Caption": "#C C shuffles the cards.; #O man Q shuffles the cards; #C C shuffles the cards.; #O man Q converses with C; #C C converses with the team"
    },
    {
        "Video Name": "031741d1-5edb-4a91-8e5b-8c1d36718c46",
        "Start Frame": 3360,
        "End Frame": 3480,
        "Caption": "#C C looks at the cards.; #O person A  shuffles cards; #C C looks around.; #C C looks around; #C C picks up the cards."
    },
    {
        "Video Name": "031741d1-5edb-4a91-8e5b-8c1d36718c46",
        "Start Frame": 3480,
        "End Frame": 3600,
        "Caption": "#O Person X converses with C; #C C looks around.; #O man Q converses with C; #C C looks at the table.; #C C looks at man D."
    },
    {
        "Video Name": "031741d1-5edb-4a91-8e5b-8c1d36718c46",
        "Start Frame": 3600,
        "End Frame": 3720,
        "Caption": "#C C looks at the table; #C C looks around the house; #C C stares at the living; #C C looks around the house; #C C looks around the house"
    },
    {
        "Video Name": "031741d1-5edb-4a91-8e5b-8c1d36718c46",
        "Start Frame": 3720,
        "End Frame": 3840,
        "Caption": "#C C shuffles the cards.; #C C looks around.; #O man K converses with C.; #O man Q converses with C\n; #O man K  puts a card on the table"
    },
    {
        "Video Name": "031741d1-5edb-4a91-8e5b-8c1d36718c46",
        "Start Frame": 3840,
        "End Frame": 3960,
        "Caption": "#C C looks around.; #C C arranges the cards; #C C shuffles the cards; #C C converses with man; #C C converses with man"
    },
    {
        "Video Name": "031741d1-5edb-4a91-8e5b-8c1d36718c46",
        "Start Frame": 3960,
        "End Frame": 4080,
        "Caption": "#O man D converses with C; #C C looks around the house; #O lady Y talks ; #C C looks around; #C C looks around the house"
    },
    {
        "Video Name": "031741d1-5edb-4a91-8e5b-8c1d36718c46",
        "Start Frame": 4080,
        "End Frame": 4200,
        "Caption": "#C C shuffles the cards; #C C converses with man; #C C looks at man Q; #C C converses with man; #C C looks around."
    },
    {
        "Video Name": "031741d1-5edb-4a91-8e5b-8c1d36718c46",
        "Start Frame": 4200,
        "End Frame": 4320,
        "Caption": "#O man Q puts a card on the table; #C C converses with man Q; #O man Q picks cards.; #C C converses with man Q; #O person A puts the cards on the table"
    },
    {
        "Video Name": "031741d1-5edb-4a91-8e5b-8c1d36718c46",
        "Start Frame": 4320,
        "End Frame": 4440,
        "Caption": "#O man Q converses with C; #O man Q converses with C; #O man Q converses with C; #C C shuffles the cards.; #O man Q converses with C"
    },
    {
        "Video Name": "031741d1-5edb-4a91-8e5b-8c1d36718c46",
        "Start Frame": 4440,
        "End Frame": 4560,
        "Caption": "#O The woman X moves the card on the table with her left hand.; #O The woman X picks the cards from the table with both hands. ; #O The woman X passes the card from her right hand to her left hand; #O The woman X picks the cards from the table with her right hand.; #O The woman X drops the card on the table with her right hand."
    },
    {
        "Video Name": "031741d1-5edb-4a91-8e5b-8c1d36718c46",
        "Start Frame": 4560,
        "End Frame": 4680,
        "Caption": "#O The woman X picks a card from the table with her right hand.; #O The woman X moves the card on the table with her right hand.; #O The woman X picks the card from the table with her right hand.; #O The woman X holds the card with her right hand. ; #O The woman X drops the card on the table with her right hand."
    },
    {
        "Video Name": "031741d1-5edb-4a91-8e5b-8c1d36718c46",
        "Start Frame": 4680,
        "End Frame": 4800,
        "Caption": "#C C looks at the cards on the table; #O man Q converses with C; #O man Q converses with C.; #C C converses with man Q; #C C puts the cards on the table."
    },
    {
        "Video Name": "031741d1-5edb-4a91-8e5b-8c1d36718c46",
        "Start Frame": 4800,
        "End Frame": 4920,
        "Caption": "#O man Q converses with C.; #O The woman X passes the card from her left hand to her right hand. ; #O The man X picks a card from the cards in his left hand with his right hand.; #O man Q puts a card on the table.; #O person X puts the card on the table"
    },
    {
        "Video Name": "031741d1-5edb-4a91-8e5b-8c1d36718c46",
        "Start Frame": 4920,
        "End Frame": 5040,
        "Caption": "#O The woman X drops the card on the table with her right hand.; #O The woman X picks the card from the table with her right hand.; #O The woman X takes the card from the table with her right hand.; #O The woman X drops the card on the table with her right hand.; #O The woman X drops the card on the table with her right hand."
    },
    {
        "Video Name": "031741d1-5edb-4a91-8e5b-8c1d36718c46",
        "Start Frame": 5040,
        "End Frame": 5160,
        "Caption": "#O The woman X passes the card from her left hand to her right hand. ; #O The woman X picks the card from the table with her right hand. ; #O The woman X picks a card from the deck of cards on the table with her right hand.; #O The woman X drops the card on the table with her right hand. ; #O The woman X picks the card from the table with her right hand. "
    },
    {
        "Video Name": "031741d1-5edb-4a91-8e5b-8c1d36718c46",
        "Start Frame": 5160,
        "End Frame": 5280,
        "Caption": "#O The woman X drops the card on the table with her right hand.; #O The woman X drops the card on the table with her right hand.; #O The woman X drops the card on the table with her right hand.; #O The woman X drops the card on the table with her left hand.; #O The woman X puts the card on the table with her right hand."
    },
    {
        "Video Name": "031741d1-5edb-4a91-8e5b-8c1d36718c46",
        "Start Frame": 5280,
        "End Frame": 5400,
        "Caption": "#C C looks; #C C looks; #C C looks; #C C looks; #C C looks"
    }
]