[
    {
        "Video Name": "03439bc1-afd0-49b2-89dc-731efe39b39f",
        "Start Frame": 0,
        "End Frame": 120,
        "Caption": "#C C opens the refrigerator with her left; #C C opens the fridge.; #C C opens the fridge.; #C C opens the fridge; #C C opens the fridge."
    },
    {
        "Video Name": "03439bc1-afd0-49b2-89dc-731efe39b39f",
        "Start Frame": 120,
        "End Frame": 240,
        "Caption": "#C C picks a paper; #C C picks a storage container; #C C pulls the crisper ; #C C takes out the food from the; #C C pulls a crisper"
    },
    {
        "Video Name": "03439bc1-afd0-49b2-89dc-731efe39b39f",
        "Start Frame": 240,
        "End Frame": 360,
        "Caption": "#C C closes the fridge; #C C closes the fridge; #C C opens fridge; #C C closes the lower compartment of the fridge with her left hand; #C C closes the drawer "
    },
    {
        "Video Name": "03439bc1-afd0-49b2-89dc-731efe39b39f",
        "Start Frame": 360,
        "End Frame": 480,
        "Caption": "#C C puts paper on kitchen counter; #C C operates the phone on the table; #C C operates the phone; #C C operates on the phone; #C C operates the phone on the counter"
    },
    {
        "Video Name": "03439bc1-afd0-49b2-89dc-731efe39b39f",
        "Start Frame": 480,
        "End Frame": 600,
        "Caption": "#C C unwraps the meat; #C C removes the chicken meat from the; #C C picks the meat; #C C picks meat; #C C picks nylon paper"
    },
    {
        "Video Name": "03439bc1-afd0-49b2-89dc-731efe39b39f",
        "Start Frame": 600,
        "End Frame": 720,
        "Caption": "#C C picks meat; #C C opens the drawer; #C C opens a drawer; #C C closes the drawer; #C C puts  the meat in the"
    },
    {
        "Video Name": "03439bc1-afd0-49b2-89dc-731efe39b39f",
        "Start Frame": 720,
        "End Frame": 840,
        "Caption": "#C C picks the meat from the counter; #C C cuts meat ; #C C picks a piece of meat from the pack with the chop; #C C picks meat pieces on the countertop; #C C cuts the meat into pieces"
    },
    {
        "Video Name": "03439bc1-afd0-49b2-89dc-731efe39b39f",
        "Start Frame": 840,
        "End Frame": 960,
        "Caption": "#C C picks the meat; #C C cuts meat with a knife ; #C C cuts the meat ; #C C cuts polythene; #C C cuts off the paper from the"
    },
    {
        "Video Name": "03439bc1-afd0-49b2-89dc-731efe39b39f",
        "Start Frame": 960,
        "End Frame": 1080,
        "Caption": "#C C pushes a paper; #C C picks the packet of meat; #C C drops the knife on the kitchen counter; #C C moves the polythene bag ; #C C picks meat"
    },
    {
        "Video Name": "03439bc1-afd0-49b2-89dc-731efe39b39f",
        "Start Frame": 1080,
        "End Frame": 1200,
        "Caption": "#C C opens meat; #C C touches the meat; #C C picks meat from the paper; #C C tears meat into two; #C C places meat in nylon paper"
    },
    {
        "Video Name": "03439bc1-afd0-49b2-89dc-731efe39b39f",
        "Start Frame": 1200,
        "End Frame": 1320,
        "Caption": "#C C unwraps the meat; #C C places the meat on the nylon paper; #C C opens up the meat; #C C removes meat from the polythene; #C C picks meat from the polythene"
    },
    {
        "Video Name": "03439bc1-afd0-49b2-89dc-731efe39b39f",
        "Start Frame": 1320,
        "End Frame": 1440,
        "Caption": "#C C picks meat from the packet; #C C picks meat from the pack; #C C turns meat pieces in the polythene; #C C opens the meat ; #C C opens the nylon "
    },
    {
        "Video Name": "03439bc1-afd0-49b2-89dc-731efe39b39f",
        "Start Frame": 1440,
        "End Frame": 1560,
        "Caption": "#C C opens the nylon; #C C picks meat; #C C picks meat; #C C tears off the; #C C picks up the"
    },
    {
        "Video Name": "03439bc1-afd0-49b2-89dc-731efe39b39f",
        "Start Frame": 1560,
        "End Frame": 1680,
        "Caption": "#C C separates the beef with hands; #C C unfolds the polythene ; #C C cuts meat; #C C drops the meat piece in the nylon; #C C picks meat"
    },
    {
        "Video Name": "03439bc1-afd0-49b2-89dc-731efe39b39f",
        "Start Frame": 1680,
        "End Frame": 1800,
        "Caption": "#C C removes meat from the plastic paper; #C C moves meat in the polythene; #C C wraps the meat; #C C picks a piece of meat; #C C picks meat from the pack "
    },
    {
        "Video Name": "03439bc1-afd0-49b2-89dc-731efe39b39f",
        "Start Frame": 1800,
        "End Frame": 1920,
        "Caption": "#C C picks meat pieces in a pack; #C C picks meat pieces in pack ; #C C picks a piece of meat; #C C picks meat pieces in the polythene; #C C picks meat pieces in a container"
    },
    {
        "Video Name": "03439bc1-afd0-49b2-89dc-731efe39b39f",
        "Start Frame": 1920,
        "End Frame": 2040,
        "Caption": "#C C picks meat from the countertop; #C C picks meat from the packet; #C C picks meat from the counter; #C C picks meat pieces in a pack; #C C picks meat pieces in the polythe"
    },
    {
        "Video Name": "03439bc1-afd0-49b2-89dc-731efe39b39f",
        "Start Frame": 2040,
        "End Frame": 2160,
        "Caption": "#C C picks meat pieces from the; #C C picks meat from the zip; #C C tears meat; #C C separates meat from meat wrapper; #C C picks meat"
    },
    {
        "Video Name": "03439bc1-afd0-49b2-89dc-731efe39b39f",
        "Start Frame": 2160,
        "End Frame": 2280,
        "Caption": "#C C places piece of meat in nylon; #C C puts meat pieces in polythe; #C C picks meat pieces in a paper; #C C puts meat in a plastic paper; #C C takes another piece of meat"
    },
    {
        "Video Name": "03439bc1-afd0-49b2-89dc-731efe39b39f",
        "Start Frame": 2280,
        "End Frame": 2400,
        "Caption": "#C C washes the; #C C washes hands; #C C washes hands; #C C washes hands; #C C opens tap water"
    },
    {
        "Video Name": "03439bc1-afd0-49b2-89dc-731efe39b39f",
        "Start Frame": 2400,
        "End Frame": 2520,
        "Caption": "#C C  washes hands; #C C washes his hands; #C C washes hands; #C C applies soap to the; #C C opens the water tap"
    },
    {
        "Video Name": "03439bc1-afd0-49b2-89dc-731efe39b39f",
        "Start Frame": 2520,
        "End Frame": 2640,
        "Caption": "#C C washes her hands; #C C rinses hands; #C C washes hands; #C C rinses hands; #C C washes hands "
    },
    {
        "Video Name": "03439bc1-afd0-49b2-89dc-731efe39b39f",
        "Start Frame": 2640,
        "End Frame": 2760,
        "Caption": "#C C cleans her hands with the napkin; #C C cleans her hands with a kitchen towel; #C C wipes his hands with a towel; #C C cleans her hands with a towel.; #C C wipes his hands with a napkin"
    },
    {
        "Video Name": "03439bc1-afd0-49b2-89dc-731efe39b39f",
        "Start Frame": 2760,
        "End Frame": 2880,
        "Caption": "#C C closes the kitchen cabinet; #C C opens the cabinet.; #C C opens the cabinet ; #C C opens the kitchen cabinet; #C C opens the cabinet"
    },
    {
        "Video Name": "03439bc1-afd0-49b2-89dc-731efe39b39f",
        "Start Frame": 2880,
        "End Frame": 3000,
        "Caption": "#C C picks a; #C C opens the; #C C opens the; #C C picks a; #C C picks the"
    },
    {
        "Video Name": "03439bc1-afd0-49b2-89dc-731efe39b39f",
        "Start Frame": 3000,
        "End Frame": 3120,
        "Caption": "#C C closes the drawer; #C C closes the drawer; #C C drops bottle on countertop; #C C closes the drawer; #C C picks the container from the"
    },
    {
        "Video Name": "03439bc1-afd0-49b2-89dc-731efe39b39f",
        "Start Frame": 3120,
        "End Frame": 3240,
        "Caption": "#C C adds spice on meat; #C C pours the content of the tube into the meat; #C C adds the spice on the meat; #C C adds the spice on the meat; #C C adds spice on meat"
    },
    {
        "Video Name": "03439bc1-afd0-49b2-89dc-731efe39b39f",
        "Start Frame": 3240,
        "End Frame": 3360,
        "Caption": "#C C picks up the bottle; #C C places the spice on the chopping; #C C sprinkles spice on the meat; #C C picks a bottle of spice; #C C adds spice to the meat"
    },
    {
        "Video Name": "03439bc1-afd0-49b2-89dc-731efe39b39f",
        "Start Frame": 3360,
        "End Frame": 3480,
        "Caption": "#C C adds the spice on the meat; #C C adds spice on the meat; #C C applies the spice to the meat; #C C applies the spice on the meat; #C C pours the spice into the"
    },
    {
        "Video Name": "03439bc1-afd0-49b2-89dc-731efe39b39f",
        "Start Frame": 3480,
        "End Frame": 3600,
        "Caption": "#C C removes meat from the foil; #C C puts a meat on the counter; #C C spreads the meat with the cooking; #C C applies salt on the chicken; #C C places the meat on the counter"
    },
    {
        "Video Name": "03439bc1-afd0-49b2-89dc-731efe39b39f",
        "Start Frame": 3600,
        "End Frame": 3720,
        "Caption": "#C C presses meat in a tray; #C C touches meat; #C C presses the meat; #C C presses the meat on the foil paper; #C C presses meat in a tin"
    },
    {
        "Video Name": "03439bc1-afd0-49b2-89dc-731efe39b39f",
        "Start Frame": 3720,
        "End Frame": 3840,
        "Caption": "#C C turns off the tap; #C C turns off the tap; #C C closes tap; #C C closes tap; #C C Closes the tap"
    },
    {
        "Video Name": "03439bc1-afd0-49b2-89dc-731efe39b39f",
        "Start Frame": 3840,
        "End Frame": 3960,
        "Caption": "#C C washes hands; #C C Washes the; #C C cleans his hand; #C C cleans the hands; #C C washes hands"
    },
    {
        "Video Name": "03439bc1-afd0-49b2-89dc-731efe39b39f",
        "Start Frame": 3960,
        "End Frame": 4080,
        "Caption": "#C C closes the fridge ; #C C puts the towel on the side; #C C places kitchen cloth on the kitchen; #C C puts the spoon in the sink; #C C drops the napkin in the"
    },
    {
        "Video Name": "03439bc1-afd0-49b2-89dc-731efe39b39f",
        "Start Frame": 4080,
        "End Frame": 4200,
        "Caption": "#C C picks up the scoop; #C C picks up a sachet; #C C picks a sachet from the packet; #C C picks a sachet from the spice; #C C picks up a spoon from the container"
    },
    {
        "Video Name": "03439bc1-afd0-49b2-89dc-731efe39b39f",
        "Start Frame": 4200,
        "End Frame": 4320,
        "Caption": "#C C puts the powder in the container; #C C pours the salt in the container; #C C scoops sugar from the sugar can; #C C sprinkles the salt on the flour; #C C pours salt on the paper"
    },
    {
        "Video Name": "03439bc1-afd0-49b2-89dc-731efe39b39f",
        "Start Frame": 4320,
        "End Frame": 4440,
        "Caption": "#C C picks up a sachet of salt from the; #C C puts the polythene bag in the dust; #C C puts the butter in the tin; #C C drops the food pack on the kitchen cabinet.; #C C puts the cheese on the polythene bag"
    },
    {
        "Video Name": "03439bc1-afd0-49b2-89dc-731efe39b39f",
        "Start Frame": 4440,
        "End Frame": 4560,
        "Caption": "#C C puts the beef in the minced meat; #C C takes some minced meat from the pack; #C C spreads the salt on the meat; #C C puts spices on meat; #C C puts some minced meat on the sliced"
    },
    {
        "Video Name": "03439bc1-afd0-49b2-89dc-731efe39b39f",
        "Start Frame": 4560,
        "End Frame": 4680,
        "Caption": "#C C opens a container on the kitchen cabinet; #C C opens the pack of meat on the kitchen; #C C opens the storage bag; #C C drops the meat into the container.; #C C opens the pack of meat"
    },
    {
        "Video Name": "03439bc1-afd0-49b2-89dc-731efe39b39f",
        "Start Frame": 4680,
        "End Frame": 4800,
        "Caption": "#C C opens the drawer ; #C C opens the cabinet.; #C C opens the cabinet; #C C opens the cabinet ; #C C opens a cupboard with her left"
    },
    {
        "Video Name": "03439bc1-afd0-49b2-89dc-731efe39b39f",
        "Start Frame": 4800,
        "End Frame": 4920,
        "Caption": "#C C opens a cabinet.; #C C picks a bottle from the drawer ; #C C opens the kitchen cabinet with her right hand; #C C pulls a bottle of oil from the cupboard; #C C picks a bottle "
    },
    {
        "Video Name": "03439bc1-afd0-49b2-89dc-731efe39b39f",
        "Start Frame": 4920,
        "End Frame": 5040,
        "Caption": "#C C holds a bottle of cooking oil in the; #C C picks a bottle from the cupboard; #C C picks the bottle from the cupboard; #C C picks a bottle of oil from the kitchen; #C C picks a bottle from the cupboard"
    },
    {
        "Video Name": "03439bc1-afd0-49b2-89dc-731efe39b39f",
        "Start Frame": 5040,
        "End Frame": 5160,
        "Caption": "#C C puts the bottles in the cabinet; #C C picks a bottle ; #C C picks up a bottle from the; #C C picks a bottle ; #C C holds a bottle "
    },
    {
        "Video Name": "03439bc1-afd0-49b2-89dc-731efe39b39f",
        "Start Frame": 5160,
        "End Frame": 5280,
        "Caption": "#C C wipes the hands with the serviet; #C C cleans his hand with the tissue paper; #C C wipes her hands with a tissue paper; #C C wipes hands with paper towel; #C C wipes the hand"
    },
    {
        "Video Name": "03439bc1-afd0-49b2-89dc-731efe39b39f",
        "Start Frame": 5280,
        "End Frame": 5400,
        "Caption": "#C C takes the meat from the polythene; #C C tears a nylon paper ; #C C ties the meat; #C C cuts meat with hand; #C C tears the meat pack"
    }
]