[
    {
        "Video Name": "03d2b8ee-3ac6-4b6b-a3b9-7cb9fd2a3179",
        "Start Frame": 0,
        "End Frame": 120,
        "Caption": "#O A Man X Places the word board on the; #O A Man X Picks a word board from the; #O A Man X Picks a word board from the; #O A Man X Places the word board on the; #O A Man X Places the word board on the"
    },
    {
        "Video Name": "03d2b8ee-3ac6-4b6b-a3b9-7cb9fd2a3179",
        "Start Frame": 120,
        "End Frame": 240,
        "Caption": "#C C plays dominoes; #C C plays dominoes; #C C plays dominoes; #C C plays dominoes; #C C plays dominoes"
    },
    {
        "Video Name": "03d2b8ee-3ac6-4b6b-a3b9-7cb9fd2a3179",
        "Start Frame": 240,
        "End Frame": 360,
        "Caption": "#C C plays dominoes piece; #C C plays dominoes piece; #C C picks a dice from the table; #C C touches the domino on the; #C C plays dominoes piece"
    },
    {
        "Video Name": "03d2b8ee-3ac6-4b6b-a3b9-7cb9fd2a3179",
        "Start Frame": 360,
        "End Frame": 480,
        "Caption": "#O A Man X Places the word board on the; #O A Man X Places the word board on the; #O A Man X Places the word board on the; #O A Man X Places the word board on the; #O A Man X Places the word board on the"
    },
    {
        "Video Name": "03d2b8ee-3ac6-4b6b-a3b9-7cb9fd2a3179",
        "Start Frame": 480,
        "End Frame": 600,
        "Caption": "#C C Places the word board on the table; #C C places the domino on the table; #C C plays domino on the table; #C C  places the domino on the; #C C places the domino on the table"
    },
    {
        "Video Name": "03d2b8ee-3ac6-4b6b-a3b9-7cb9fd2a3179",
        "Start Frame": 600,
        "End Frame": 720,
        "Caption": "#O A Man X Places the word board on the; #O A Man X Places the word board on the; #C C plays dominoes piece; #O A Man X Picks a word board from the; #O A Man X Places the word board on the"
    },
    {
        "Video Name": "03d2b8ee-3ac6-4b6b-a3b9-7cb9fd2a3179",
        "Start Frame": 720,
        "End Frame": 840,
        "Caption": "#C C places the domino on the table; #C C plays domino on the table; #O A Man X Looks at the table; #C C plays domino on the table; #O A Man X Places the word board on the"
    },
    {
        "Video Name": "03d2b8ee-3ac6-4b6b-a3b9-7cb9fd2a3179",
        "Start Frame": 840,
        "End Frame": 960,
        "Caption": "#C C places the domino on the table; #C C picks a domino tile from the table with his left hand; #C C plays dominoes piece ; #C C plays dominoes piece; #C C places the domino on the table"
    },
    {
        "Video Name": "03d2b8ee-3ac6-4b6b-a3b9-7cb9fd2a3179",
        "Start Frame": 960,
        "End Frame": 1080,
        "Caption": "#O A Man X Scratches the; #C C plays dominoes piece; #C C plays dominoes piece; #O A Man X Plays dominoes; #C C plays domino on the table"
    },
    {
        "Video Name": "03d2b8ee-3ac6-4b6b-a3b9-7cb9fd2a3179",
        "Start Frame": 1080,
        "End Frame": 1200,
        "Caption": "#O man X looks at the dominoes game ; #O A Man X Places the word board on the table; #C C talks to man X; #O A man X looks at the domino on the table; #O A Man X Places a word board on the table"
    },
    {
        "Video Name": "03d2b8ee-3ac6-4b6b-a3b9-7cb9fd2a3179",
        "Start Frame": 1200,
        "End Frame": 1320,
        "Caption": "#O A Man X Places the word board on the; #O A Man X Places the word board on the; #O A Man X Places the word board on the; #O A Man X Places the word board on the; #O A Man X Places the word board on the"
    },
    {
        "Video Name": "03d2b8ee-3ac6-4b6b-a3b9-7cb9fd2a3179",
        "Start Frame": 1320,
        "End Frame": 1440,
        "Caption": "#O A Man X Places the word board on the; #O A Man X Places the word board on the; #O A Man X Places the word board on the; #O A Man X Places the word board on the; #O A Man X Places the word board on the"
    },
    {
        "Video Name": "03d2b8ee-3ac6-4b6b-a3b9-7cb9fd2a3179",
        "Start Frame": 1440,
        "End Frame": 1560,
        "Caption": "#O A Man X Plays dominoes piece; #O A Man X Places the word board on the; #O A Man X Places the word board on the; #O A Man X Picks a word board; #O A Man X Picks a word board from the"
    },
    {
        "Video Name": "03d2b8ee-3ac6-4b6b-a3b9-7cb9fd2a3179",
        "Start Frame": 1560,
        "End Frame": 1680,
        "Caption": "#C C plays dominoes piece; #C C plays dominoes piece; #O A Man X Touches the; #O A Man X Touches the; #C C plays dominoes piece"
    },
    {
        "Video Name": "03d2b8ee-3ac6-4b6b-a3b9-7cb9fd2a3179",
        "Start Frame": 1680,
        "End Frame": 1800,
        "Caption": "#O A Man X Looks at the table; #C C plays dominoes piece; #C C places the domino on the; #C C moves the dominoes piece; #C C plays dominoes piece"
    },
    {
        "Video Name": "03d2b8ee-3ac6-4b6b-a3b9-7cb9fd2a3179",
        "Start Frame": 1800,
        "End Frame": 1920,
        "Caption": "#O man X looks around; #C C plays dominoes; #C C plays dominoes; #C C plays dominoes; #C C plays dominoes"
    },
    {
        "Video Name": "03d2b8ee-3ac6-4b6b-a3b9-7cb9fd2a3179",
        "Start Frame": 1920,
        "End Frame": 2040,
        "Caption": "#O A Man X Writes down on the paper; #O A Man X Picks the word board; #O A Man X Places the word board on the; #O A Man X Looks at the table; #O A Man X Places the word board on the"
    },
    {
        "Video Name": "03d2b8ee-3ac6-4b6b-a3b9-7cb9fd2a3179",
        "Start Frame": 2040,
        "End Frame": 2160,
        "Caption": "#O A Man X Picks a word board from the; #O A man X puts down the bottle; #O A man X places the water bottle on the; #O A Man X Picks the bottle; #O A Man X Picks a word board from the"
    },
    {
        "Video Name": "03d2b8ee-3ac6-4b6b-a3b9-7cb9fd2a3179",
        "Start Frame": 2160,
        "End Frame": 2280,
        "Caption": "#C C looks around the table; #C C drops the game piece; #O A Man X Picks the word board from the; #C C Looks at the table; #O A Man X Places the word board on the"
    },
    {
        "Video Name": "03d2b8ee-3ac6-4b6b-a3b9-7cb9fd2a3179",
        "Start Frame": 2280,
        "End Frame": 2400,
        "Caption": "#C C plays domino on the table; #C C places the domino on the table; #C C plays domino on the table; #C C places the domino on the table; #C C plays dominoes piece"
    },
    {
        "Video Name": "03d2b8ee-3ac6-4b6b-a3b9-7cb9fd2a3179",
        "Start Frame": 2400,
        "End Frame": 2520,
        "Caption": "#C C talks to man X; #C C puts the cup on the table; #C C puts the water bottle on the; #C C plays dominoes piece; #C C looks around the table"
    },
    {
        "Video Name": "03d2b8ee-3ac6-4b6b-a3b9-7cb9fd2a3179",
        "Start Frame": 2520,
        "End Frame": 2640,
        "Caption": "#O A Man X Picks a word board from the; #O A man X puts the bottle on the table; #O A Man X Picks a word board from the; #O A Man X Picks the word board from the; #O A Man X Places the word board on the"
    },
    {
        "Video Name": "03d2b8ee-3ac6-4b6b-a3b9-7cb9fd2a3179",
        "Start Frame": 2640,
        "End Frame": 2760,
        "Caption": "#O A Man X Plays the word board; #O A Man X Places the word board on the; #O A Man X Moves the word board; #O A Man X Places the word board on the; #O A Man X Plays the word board"
    },
    {
        "Video Name": "03d2b8ee-3ac6-4b6b-a3b9-7cb9fd2a3179",
        "Start Frame": 2760,
        "End Frame": 2880,
        "Caption": "#C C Talks with man X; #O A Man X Looks at the; #O A Man X Looks at the; #C C looks around the table; #C C Talks with man X"
    },
    {
        "Video Name": "03d2b8ee-3ac6-4b6b-a3b9-7cb9fd2a3179",
        "Start Frame": 2880,
        "End Frame": 3000,
        "Caption": "#C C picks a domino on the; #C C plays dominoes piece ; #C C moves the domino on the; #C C picks the domino on the; #C C picks a domino from the"
    },
    {
        "Video Name": "03d2b8ee-3ac6-4b6b-a3b9-7cb9fd2a3179",
        "Start Frame": 3000,
        "End Frame": 3120,
        "Caption": "#C C plays dominoes piece; #O A Man X Touches the; #O A Man X Touches the; #O A Man X Looks at the; #C C plays dominoes piece"
    },
    {
        "Video Name": "03d2b8ee-3ac6-4b6b-a3b9-7cb9fd2a3179",
        "Start Frame": 3120,
        "End Frame": 3240,
        "Caption": "#C C plays dominoes piece; #C C puts the dominoes piece on the; #C C plays domino on the table; #C C picks a domino on the table; #O A Man X Scratches the head"
    },
    {
        "Video Name": "03d2b8ee-3ac6-4b6b-a3b9-7cb9fd2a3179",
        "Start Frame": 3240,
        "End Frame": 3360,
        "Caption": "#O A Man X Places the word board on the table; #O A Man X Moves the word boards; #O the man X moves the game tile on the table with his right hand; #O A Man X Picks a word board from the table; #O A Man X Picks a word board from the table"
    },
    {
        "Video Name": "03d2b8ee-3ac6-4b6b-a3b9-7cb9fd2a3179",
        "Start Frame": 3360,
        "End Frame": 3480,
        "Caption": "#O A Man X Picks a word board from the; #O A Man X Picks a word board from the; #O A Man X Picks a word board from the; #O A Man X Places the word board on the; #C C looks around the table"
    },
    {
        "Video Name": "03d2b8ee-3ac6-4b6b-a3b9-7cb9fd2a3179",
        "Start Frame": 3480,
        "End Frame": 3600,
        "Caption": "#C C looks at the table; #C C looks around the table; #C C looks around the table; #C C looks around the table; #C C looks around the table"
    },
    {
        "Video Name": "03d2b8ee-3ac6-4b6b-a3b9-7cb9fd2a3179",
        "Start Frame": 3600,
        "End Frame": 3720,
        "Caption": "#C C places the domino on the table; #C C picks a domino tile from the table with her right; #C C picks the glass on the table; #O A Man X Looks at the table; #C C looks around the table"
    },
    {
        "Video Name": "03d2b8ee-3ac6-4b6b-a3b9-7cb9fd2a3179",
        "Start Frame": 3720,
        "End Frame": 3840,
        "Caption": "#O A Man X Picks a word board; #O A Man X Picks a word board; #O A Man X Places the word board on the; #O A Man X Places the word board on the; #O A Man X Places the word board on the"
    },
    {
        "Video Name": "03d2b8ee-3ac6-4b6b-a3b9-7cb9fd2a3179",
        "Start Frame": 3840,
        "End Frame": 3960,
        "Caption": "#C C plays domino on the table; #O A Man X Picks the word board; #O A Man X Places the word board on the; #C C plays dominoes piece; #O A Man X Picks a word board from the"
    },
    {
        "Video Name": "03d2b8ee-3ac6-4b6b-a3b9-7cb9fd2a3179",
        "Start Frame": 3960,
        "End Frame": 4080,
        "Caption": "#O A Man X Places the word board on the; #O A Man X Places the word board on the; #O A Man X Places the word board on the; #C C plays dominoes piece; #O A Man X Places the word board on the"
    },
    {
        "Video Name": "03d2b8ee-3ac6-4b6b-a3b9-7cb9fd2a3179",
        "Start Frame": 4080,
        "End Frame": 4200,
        "Caption": "#C C plays dominoes piece; #O A Man X Looks at the table; #O A Man X Places the word board on the; #O A Man X Places the word board on the; #O A Man X Picks a word board from the"
    },
    {
        "Video Name": "03d2b8ee-3ac6-4b6b-a3b9-7cb9fd2a3179",
        "Start Frame": 4200,
        "End Frame": 4320,
        "Caption": "#O A Man X Places the word board on the; #O A Man X Places the word board on the; #O A Man X Places the word board on the; #O A Man X Picks a word board from the; #O man X plays dominoes piece"
    },
    {
        "Video Name": "03d2b8ee-3ac6-4b6b-a3b9-7cb9fd2a3179",
        "Start Frame": 4320,
        "End Frame": 4440,
        "Caption": "#O A Man X Picks a word board from the table; #O A Man X Places the word board on the table; #O the man X moves the domino tile on the table with his left hand; #O A Man X Picks the word board from the table; #O A Man X Places the word board on the table"
    },
    {
        "Video Name": "03d2b8ee-3ac6-4b6b-a3b9-7cb9fd2a3179",
        "Start Frame": 4440,
        "End Frame": 4560,
        "Caption": "#O the man X adjusts his glasses with his left hand; #O man X touches his ear; #O man X touches his nose with his right hand.; #O man X touches the nose; #O man X touches the nose"
    },
    {
        "Video Name": "03d2b8ee-3ac6-4b6b-a3b9-7cb9fd2a3179",
        "Start Frame": 4560,
        "End Frame": 4680,
        "Caption": "#C C plays domino on the table with his right hand.; #C C plays domino on the table; #C C plays domino on the table; #C C picks a domino tile from the table with his right hand; #C C moves the domino on the table"
    },
    {
        "Video Name": "03d2b8ee-3ac6-4b6b-a3b9-7cb9fd2a3179",
        "Start Frame": 4680,
        "End Frame": 4800,
        "Caption": "#O A Man X Looks at the; #O A Man X Looks at the; #C C looks around the table; #C C looks around the table; #C C looks around the table"
    },
    {
        "Video Name": "03d2b8ee-3ac6-4b6b-a3b9-7cb9fd2a3179",
        "Start Frame": 4800,
        "End Frame": 4920,
        "Caption": "#O A Man X Places the word board on the table; #O A Man X Moves the word boards; #O A Man X Places the word board on the table; #O A Man X Places the word board on the table; #O the man X drops the domino tile on the table with his left hand"
    },
    {
        "Video Name": "03d2b8ee-3ac6-4b6b-a3b9-7cb9fd2a3179",
        "Start Frame": 4920,
        "End Frame": 5040,
        "Caption": "#O A Man X Moves the word board; #O A Man X Places the word board on the; #O A Man X Places the word board on the; #O A Man X Places the word board on the; #O A Man X Places the word board on the"
    },
    {
        "Video Name": "03d2b8ee-3ac6-4b6b-a3b9-7cb9fd2a3179",
        "Start Frame": 5040,
        "End Frame": 5160,
        "Caption": "#O A Man X Places the word board on the; #O A Man X Picks a word board from the; #O A Man X Picks a word board from the; #O A Man X Picks a word board from the; #O A Man X Picks a word board from the"
    },
    {
        "Video Name": "03d2b8ee-3ac6-4b6b-a3b9-7cb9fd2a3179",
        "Start Frame": 5160,
        "End Frame": 5280,
        "Caption": "#C C puts the domino on the table; #C C plays dominoes piece; #O A Man X Places the word board on the; #C C plays domino on the table; #O A Man X Places the word board on the"
    },
    {
        "Video Name": "03d2b8ee-3ac6-4b6b-a3b9-7cb9fd2a3179",
        "Start Frame": 5280,
        "End Frame": 5400,
        "Caption": "#C C places the domino on the table; #C C puts the domino on the table; #C C plays domino on the table; #C C places the domino on the table; #C C plays domino on the table"
    }
]