[
    {
        "Video Name": "0461a8c2-dd83-4083-acc5-7c797f696d27",
        "Start Frame": 0,
        "End Frame": 120,
        "Caption": "#C C puts clay in the brick mold; #C C puts clay in a brick mold; #C C puts clay in a brick mold; #C C puts clay in the brick mold; #C C puts clay in the brick mold"
    },
    {
        "Video Name": "0461a8c2-dd83-4083-acc5-7c797f696d27",
        "Start Frame": 120,
        "End Frame": 240,
        "Caption": "#C C puts the brick box on the ground; #C C drops the brick mould on the ground; #C C drops the brick mould on the ground; #C C puts the brick box on the ground; #C C drops mold "
    },
    {
        "Video Name": "0461a8c2-dd83-4083-acc5-7c797f696d27",
        "Start Frame": 240,
        "End Frame": 360,
        "Caption": "#C C pours sand from the molding box; #C C puts sand in a brick mold; #C C puts sand in a brick mold; #C C puts sand in the brick mold; #C C  puts clay in the molding box"
    },
    {
        "Video Name": "0461a8c2-dd83-4083-acc5-7c797f696d27",
        "Start Frame": 360,
        "End Frame": 480,
        "Caption": "#C C molds clay on the; #C C molds clay on the; #C C moves molding box near; #C C molds clay on the; #C C molds clay on the"
    },
    {
        "Video Name": "0461a8c2-dd83-4083-acc5-7c797f696d27",
        "Start Frame": 480,
        "End Frame": 600,
        "Caption": "#C C picks clay; #C C takes clay; #C C removes clay from the brick mold; #C C puts clay on the brick box; #C C puts clay on the brick box"
    },
    {
        "Video Name": "0461a8c2-dd83-4083-acc5-7c797f696d27",
        "Start Frame": 600,
        "End Frame": 720,
        "Caption": "#C C moves the plastic trough on the ground with his right; #C C lifts the brick mold from the ground ; #C C moves the brick mold on the ground with his hands; #C C holds the molding box ; #C C picks up a brick mould from the ground"
    },
    {
        "Video Name": "0461a8c2-dd83-4083-acc5-7c797f696d27",
        "Start Frame": 720,
        "End Frame": 840,
        "Caption": "#C C cuts clay; #C C drops the plastic trough on the ground; #C C picks a brick mold on the ground; #C C cuts clay; #C C puts the molding box on the ground"
    },
    {
        "Video Name": "0461a8c2-dd83-4083-acc5-7c797f696d27",
        "Start Frame": 840,
        "End Frame": 960,
        "Caption": "#C C molds clay on the ground; #C C molds the clay on the ground with his hand; #C C molds the clay on the ground; #C C molds clay on the ground; #C C molds the clay on the ground "
    },
    {
        "Video Name": "0461a8c2-dd83-4083-acc5-7c797f696d27",
        "Start Frame": 960,
        "End Frame": 1080,
        "Caption": "#C C puts clay on the brick box; #C C puts clay on the brick box; #C C picks a brick mold on the; #C C puts clay in the brick mold; #C C holds clay"
    },
    {
        "Video Name": "0461a8c2-dd83-4083-acc5-7c797f696d27",
        "Start Frame": 1080,
        "End Frame": 1200,
        "Caption": "#C C looks around; #C C lifts mold ; #C C picks the brick mold on the ground; #C C picks up a brick mould from the; #C C lifts the brick box "
    },
    {
        "Video Name": "0461a8c2-dd83-4083-acc5-7c797f696d27",
        "Start Frame": 1200,
        "End Frame": 1320,
        "Caption": "#C C puts sand in a brick; #C C removes sand from the brick; #C C puts sand in the brick; #C C puts sand in the brick; #C C puts sand in a brick"
    },
    {
        "Video Name": "0461a8c2-dd83-4083-acc5-7c797f696d27",
        "Start Frame": 1320,
        "End Frame": 1440,
        "Caption": "#C C molds the mud on the ground.; #C C molds clay on the ground; #C C molds clay on the ground; #C C molds the mud with his hands on the; #C C molds the mud with his hands on the"
    },
    {
        "Video Name": "0461a8c2-dd83-4083-acc5-7c797f696d27",
        "Start Frame": 1440,
        "End Frame": 1560,
        "Caption": "#C C cuts clay; #C C takes extra clay from molding box; #C C removes clay from the brick mold; #C C removes clay from brick mold ; #C C cuts clay"
    },
    {
        "Video Name": "0461a8c2-dd83-4083-acc5-7c797f696d27",
        "Start Frame": 1560,
        "End Frame": 1680,
        "Caption": "#C C picks a brick mold; #C C turns the brick box upside down; #C C picks a brick mold from the; #C C picks the wooden box; #C C picks a brick mold on the"
    },
    {
        "Video Name": "0461a8c2-dd83-4083-acc5-7c797f696d27",
        "Start Frame": 1680,
        "End Frame": 1800,
        "Caption": "#C C turns the brick mold on the ground ; #C C puts the brick box on the ground; #C C removes the wooden box; #C C puts the  wooden brick mold on the ground; #C C hits the plastic trough on the ground with his right"
    },
    {
        "Video Name": "0461a8c2-dd83-4083-acc5-7c797f696d27",
        "Start Frame": 1800,
        "End Frame": 1920,
        "Caption": "#C C cuts a piece of mud; #C C scoops clay from the heap; #C  C takes some mud from the floor.; #C C cuts clay ; #C C cuts out clay from the clay boulder with both"
    },
    {
        "Video Name": "0461a8c2-dd83-4083-acc5-7c797f696d27",
        "Start Frame": 1920,
        "End Frame": 2040,
        "Caption": "#C C rolls mud in soil ; #C C picks the clay from the ground ; #C C picks the clay; #C C picks molding clay ; #C C moves the brick mold on the ground"
    },
    {
        "Video Name": "0461a8c2-dd83-4083-acc5-7c797f696d27",
        "Start Frame": 2040,
        "End Frame": 2160,
        "Caption": "#C C puts clay in a brick; #C C cuts clay ; #C C puts clay in the brick; #C C puts clay in the brick; #C C cuts clay"
    },
    {
        "Video Name": "0461a8c2-dd83-4083-acc5-7c797f696d27",
        "Start Frame": 2160,
        "End Frame": 2280,
        "Caption": "#C C picks up a brick mould from the; #C C drops the brick mould on the ground; #C C hits the plastic trough on the ground; #C C lifts the brick mold.; #C C lifts the brick mold."
    },
    {
        "Video Name": "0461a8c2-dd83-4083-acc5-7c797f696d27",
        "Start Frame": 2280,
        "End Frame": 2400,
        "Caption": "#C C puts the brick mold on the ground; #C C rubs his hands on the ground; #C C rubs the ground with both hands; #C C puts down the molding box ; #C C puts the brick box on the ground"
    },
    {
        "Video Name": "0461a8c2-dd83-4083-acc5-7c797f696d27",
        "Start Frame": 2400,
        "End Frame": 2520,
        "Caption": "#C C rolls the clay on the ground ; #C C molds the mud with his hands on the; #C C molds clay on the ground; #C C molds clay on the ground; #C C molds clay on the ground"
    },
    {
        "Video Name": "0461a8c2-dd83-4083-acc5-7c797f696d27",
        "Start Frame": 2520,
        "End Frame": 2640,
        "Caption": "#C  C removes excess mud in the pan with his hands; #C C removes clay from the molding box ; #C  C removes excess mud in the pan with his hands; #C C removes the excess concrete from the iron brick mold.; #C C takes extra clay from mold "
    },
    {
        "Video Name": "0461a8c2-dd83-4083-acc5-7c797f696d27",
        "Start Frame": 2640,
        "End Frame": 2760,
        "Caption": "#C C puts the brick box on the ground; #C C picks up the brick box from the ground; #C C puts the brick box on the ground; #C C drops the brick box on the ground; #C C picks up a brick mold on the ground"
    },
    {
        "Video Name": "0461a8c2-dd83-4083-acc5-7c797f696d27",
        "Start Frame": 2760,
        "End Frame": 2880,
        "Caption": "#C C puts clay down; #C C wipes molding box  with soil; #C C puts the brick box on the ground; #C C removes sand from the clay mold; #C C puts clay on the ground"
    },
    {
        "Video Name": "0461a8c2-dd83-4083-acc5-7c797f696d27",
        "Start Frame": 2880,
        "End Frame": 3000,
        "Caption": "#C C picks the clay; #C C picks the mud; #C C takes the clay from the ground; #C C picks up the mud.; #C C picks clay from the ground"
    },
    {
        "Video Name": "0461a8c2-dd83-4083-acc5-7c797f696d27",
        "Start Frame": 3000,
        "End Frame": 3120,
        "Caption": "#C C puts clay on the; #C C puts clay on the; #C C puts clay on the; #C C puts clay on the; #C C puts clay on the"
    },
    {
        "Video Name": "0461a8c2-dd83-4083-acc5-7c797f696d27",
        "Start Frame": 3120,
        "End Frame": 3240,
        "Caption": "#C C carries the plastic trough with his right; #C C lifts mold ; #C C lifts the brick mold from the ground; #C C lifts the brick mold from the ground; #C C picks the brick mold from the ground"
    },
    {
        "Video Name": "0461a8c2-dd83-4083-acc5-7c797f696d27",
        "Start Frame": 3240,
        "End Frame": 3360,
        "Caption": "#C C puts the brick box on the ground; #C C puts the brick mold on the ground; #C C puts the brick box down; #C C puts down the brick mold; #C  C puts the pan on the floor"
    },
    {
        "Video Name": "0461a8c2-dd83-4083-acc5-7c797f696d27",
        "Start Frame": 3360,
        "End Frame": 3480,
        "Caption": "#C C puts clay in the brick mold; #C C puts clay on the brick box; #C C takes the clay mould; #C C puts clay in the brick mold; #C C puts clay on the brick box"
    },
    {
        "Video Name": "0461a8c2-dd83-4083-acc5-7c797f696d27",
        "Start Frame": 3480,
        "End Frame": 3600,
        "Caption": "#C C puts clay on the ground; #C C puts clay on the ground; #C C picks clay ; #C C puts the clay on the brick; #C C picks clay"
    },
    {
        "Video Name": "0461a8c2-dd83-4083-acc5-7c797f696d27",
        "Start Frame": 3600,
        "End Frame": 3720,
        "Caption": "#C C removes the brick mold from the brick; #C C removes the brick mold from the brick; #C C lifts the molding box ; #C C removes the brick mold from the brick; #C C lifts the brick mold from the ground"
    },
    {
        "Video Name": "0461a8c2-dd83-4083-acc5-7c797f696d27",
        "Start Frame": 3720,
        "End Frame": 3840,
        "Caption": "#C C rubs his hand on the; #C C rubs his hands on the; #C C rubs his hands on the; #C C rubs his hands on the; #C C rubs his hands on the"
    },
    {
        "Video Name": "0461a8c2-dd83-4083-acc5-7c797f696d27",
        "Start Frame": 3840,
        "End Frame": 3960,
        "Caption": "#C C removes sand from the mold box.; #C C puts the molding box down ; #C C pours out sand from the molding box; #C C puts the box down; #C C pours sand on the ground"
    },
    {
        "Video Name": "0461a8c2-dd83-4083-acc5-7c797f696d27",
        "Start Frame": 3960,
        "End Frame": 4080,
        "Caption": "#C C puts clay in the brick mold; #C C puts clay in the brick mold; #C C puts clay in the molding box; #C C puts clay in molding box ; #C C puts clay in the brick mold"
    },
    {
        "Video Name": "0461a8c2-dd83-4083-acc5-7c797f696d27",
        "Start Frame": 4080,
        "End Frame": 4200,
        "Caption": "#C C puts clay on the heap of; #C C puts clay on the brick box; #C C puts clay on the ground; #C C puts clay on the brick box; #C C puts clay on the brick box"
    },
    {
        "Video Name": "0461a8c2-dd83-4083-acc5-7c797f696d27",
        "Start Frame": 4200,
        "End Frame": 4320,
        "Caption": "#C C drops the brick mould on the ground; #C C drops the brick mould on the ground; #C C drops the brick mould on the ground; #C C drops the brick mould on the ground; #C C drops the brick mold on the ground"
    },
    {
        "Video Name": "0461a8c2-dd83-4083-acc5-7c797f696d27",
        "Start Frame": 4320,
        "End Frame": 4440,
        "Caption": "#C C puts down the molding box ; #C C puts the brick box on the ground; #C C puts sand in a brick mold; #C C pours sand on the ground; #C C pours out sand from molding box"
    },
    {
        "Video Name": "0461a8c2-dd83-4083-acc5-7c797f696d27",
        "Start Frame": 4440,
        "End Frame": 4560,
        "Caption": "#C C puts clay in molding box; #C C puts clay in a brick mold; #C C puts clay in molding box; #C C puts clay in the brick mold; #C C puts clay on the brick box"
    },
    {
        "Video Name": "0461a8c2-dd83-4083-acc5-7c797f696d27",
        "Start Frame": 4560,
        "End Frame": 4680,
        "Caption": "#C C puts clay on the heap of; #C C puts clay on the heap of; #C C puts clay on the heap of; #C C puts clay on the heap of; #C C puts clay on the brick box"
    },
    {
        "Video Name": "0461a8c2-dd83-4083-acc5-7c797f696d27",
        "Start Frame": 4680,
        "End Frame": 4800,
        "Caption": "#C C drops the brick mould on the ground; #C C carries the plastic trough with both hands; #C C removes the brick mould from the clay; #C C drops the brick mould on the ground; #C C picks the brick mold on the ground"
    },
    {
        "Video Name": "0461a8c2-dd83-4083-acc5-7c797f696d27",
        "Start Frame": 4800,
        "End Frame": 4920,
        "Caption": "#C C spits on the ground; #C C spits on the ground; #C C spits on the ground; #C C spits on the ground; #C C spits on the ground"
    },
    {
        "Video Name": "0461a8c2-dd83-4083-acc5-7c797f696d27",
        "Start Frame": 4920,
        "End Frame": 5040,
        "Caption": "#C C puts the brick mold on the ground.; #C C spreads sand on the ground.; #C C puts the  wooden brick mold on the ground; #C C moves the brick mold on the ground with his left hand; #C C puts the  wooden brick mold on the ground"
    },
    {
        "Video Name": "0461a8c2-dd83-4083-acc5-7c797f696d27",
        "Start Frame": 5040,
        "End Frame": 5160,
        "Caption": "#C C removes sand from the clay mold; #C C removes the sand from the iron brick mold; #C C removes sand from the brick mold.; #C C puts the brick mold aside; #C C drops the brick mould on the ground"
    },
    {
        "Video Name": "0461a8c2-dd83-4083-acc5-7c797f696d27",
        "Start Frame": 5160,
        "End Frame": 5280,
        "Caption": "#C C presses the clay with his hands; #C C puts clay in the brick mold; #C C puts clay in the brick mold ; #C C puts clay in the brick mold ; #C C puts the clay in the brick mold"
    },
    {
        "Video Name": "0461a8c2-dd83-4083-acc5-7c797f696d27",
        "Start Frame": 5280,
        "End Frame": 5400,
        "Caption": "#C C rubs his hands on the; #C C picks clay; #C C touches the clay; #C C puts sand on the clay ; #C C picks brick mold"
    }
]