[
    {
        "Video Name": "04815517-e7a8-4844-8216-cf071183922e",
        "Start Frame": 0,
        "End Frame": 120,
        "Caption": "#C C puts the brick mould on the ground; #C C places the brick mold aside.; #C C puts the brick mold on the ground; #C C rubs his left hand on the; #C C pours soil on the ground."
    },
    {
        "Video Name": "04815517-e7a8-4844-8216-cf071183922e",
        "Start Frame": 120,
        "End Frame": 240,
        "Caption": "#C C molds the mud.; #C C rolls the clay; #C C molds clay on the ground; #C C rolls the mud on the ground; #C C rolls the clay"
    },
    {
        "Video Name": "04815517-e7a8-4844-8216-cf071183922e",
        "Start Frame": 240,
        "End Frame": 360,
        "Caption": "#C C puts the clay in the brick mold; #C C puts mud in the brick mold.; #C C puts the clay into the clay mould; #C C throws the clay into the clay mould; #C C puts the clay in the brick mold"
    },
    {
        "Video Name": "04815517-e7a8-4844-8216-cf071183922e",
        "Start Frame": 360,
        "End Frame": 480,
        "Caption": "#C C carries the wooden box; #C C puts the brick mold down; #C C holds the molding box ; #C C carries the molding box ; #C C removes brick mold from the molded"
    },
    {
        "Video Name": "04815517-e7a8-4844-8216-cf071183922e",
        "Start Frame": 480,
        "End Frame": 600,
        "Caption": "#C C rubs his hands on the; #C C rubs his hands on the; #C C rubs hands on the ground; #C C rubs his hands on the; #C C spreads sand"
    },
    {
        "Video Name": "04815517-e7a8-4844-8216-cf071183922e",
        "Start Frame": 600,
        "End Frame": 720,
        "Caption": "#C C rolls the clay; #C C rolls the mud on the ground; #C C rolls the clay; #C C rolls the clay; #C C molds the mud."
    },
    {
        "Video Name": "04815517-e7a8-4844-8216-cf071183922e",
        "Start Frame": 720,
        "End Frame": 840,
        "Caption": "#C C throws the clay into the clay mould; #C C throws clay to the clay mould; #C C throws the excess wet clay on the heap of wet; #C C puts the clay in the brick mold. ; #C C puts the clay in the brick mold "
    },
    {
        "Video Name": "04815517-e7a8-4844-8216-cf071183922e",
        "Start Frame": 840,
        "End Frame": 960,
        "Caption": "#C C puts brick mold on the ground; #C C puts the brick mold down; #C C picks a brick mold; #C C puts sand on the brick mold; #C C puts the mud to the ground"
    },
    {
        "Video Name": "04815517-e7a8-4844-8216-cf071183922e",
        "Start Frame": 960,
        "End Frame": 1080,
        "Caption": "#C C moves the brick mold; #C C puts the brick mould on the ground; #C C puts the brick mould on the ground; #C C puts the brick mold on the ground; #C C puts the brick mould on the ground"
    },
    {
        "Video Name": "04815517-e7a8-4844-8216-cf071183922e",
        "Start Frame": 1080,
        "End Frame": 1200,
        "Caption": "#C C scoops soil on the ground with hands; #C C rubs his hands on the ground; #C C cuts mud on the ground with hands.; #C C packs clay from the clay mud with his; #C C takes the clay"
    },
    {
        "Video Name": "04815517-e7a8-4844-8216-cf071183922e",
        "Start Frame": 1200,
        "End Frame": 1320,
        "Caption": "#C C rolls the mud on the ground; #C C molds the mud.; #C C rolls the clay; #C C molds clay on the ground; #C C rolls the mud on the ground"
    },
    {
        "Video Name": "04815517-e7a8-4844-8216-cf071183922e",
        "Start Frame": 1320,
        "End Frame": 1440,
        "Caption": "#C C puts the clay in the brick mold; #C C puts mud in the brick mold.; #C C puts the clay in the brick mold; #C C puts the clay into the clay mould; #C C puts the clay in the brick mold"
    },
    {
        "Video Name": "04815517-e7a8-4844-8216-cf071183922e",
        "Start Frame": 1440,
        "End Frame": 1560,
        "Caption": "#C C pours sand on the clay mould; #C C pours sand on the mud; #C C rubs sand on the mud; #C C rubs his hands together; #C C rubs his hands with some sand from the"
    },
    {
        "Video Name": "04815517-e7a8-4844-8216-cf071183922e",
        "Start Frame": 1560,
        "End Frame": 1680,
        "Caption": "#C C turns the brick mold; #C C removes the mud brick; #C C removes the brick mold; #C C turns the brick mold.; #C C removes brick from the brick mold"
    },
    {
        "Video Name": "04815517-e7a8-4844-8216-cf071183922e",
        "Start Frame": 1680,
        "End Frame": 1800,
        "Caption": "#C C rolls mud on the ground ; #C C rolls the clay ; #C C rubs his hands on the soil; #C C rubs hands with soil.; #C C rolls mud on the ground "
    },
    {
        "Video Name": "04815517-e7a8-4844-8216-cf071183922e",
        "Start Frame": 1800,
        "End Frame": 1920,
        "Caption": "#C C picks the wet clay from the; #C C takes the clay from the ground; #C C lifts the clay mould; #C C picks the wet clay on the; #C C picks the mud"
    },
    {
        "Video Name": "04815517-e7a8-4844-8216-cf071183922e",
        "Start Frame": 1920,
        "End Frame": 2040,
        "Caption": "#C C puts clay in the box; #C C throws the excess wet clay on the heap of wet; #C C throws the excess wet clay on the heap of wet; #C C throws the excess wet clay on the heap of wet; #C C throws the clay on the clay mould"
    },
    {
        "Video Name": "04815517-e7a8-4844-8216-cf071183922e",
        "Start Frame": 2040,
        "End Frame": 2160,
        "Caption": "#C C turns the brick mold.; #C C removes brick mold from molded clay; #C C turns the brick mold.; #C C turns the brick mold.; #C C removes brick from the brick mold"
    },
    {
        "Video Name": "04815517-e7a8-4844-8216-cf071183922e",
        "Start Frame": 2160,
        "End Frame": 2280,
        "Caption": "#C C rubs his hands on the; #C C rubs his hands on the; #C C puts the brick mold aside; #C C rubs his hands on the; #C C spreads soil on the ground"
    },
    {
        "Video Name": "04815517-e7a8-4844-8216-cf071183922e",
        "Start Frame": 2280,
        "End Frame": 2400,
        "Caption": "#C C molds the clay; #C C moulds the mud.; #C C rolls the clay; #C C rolls the clay; #C C rolls the mud on the ground"
    },
    {
        "Video Name": "04815517-e7a8-4844-8216-cf071183922e",
        "Start Frame": 2400,
        "End Frame": 2520,
        "Caption": "#C C puts the clay mould on the ground; #C C puts the clay mould in the box; #C C puts the clay mould in the wooden; #C C puts the clay mould in a wooden; #C C puts the wet clay in the brick"
    },
    {
        "Video Name": "04815517-e7a8-4844-8216-cf071183922e",
        "Start Frame": 2520,
        "End Frame": 2640,
        "Caption": "#C C puts mud in the brick mold; #C C puts clay mold on the ground; #C C puts the mud on the ground; #C C puts the mud on the ground; #C C throws the brick mold."
    },
    {
        "Video Name": "04815517-e7a8-4844-8216-cf071183922e",
        "Start Frame": 2640,
        "End Frame": 2760,
        "Caption": "#C C turns the brick mold.; #C C removes brick from the brick mold; #C C removes the mud brick; #C C puts brick mold on the ground; #C C puts the brick mold aside"
    },
    {
        "Video Name": "04815517-e7a8-4844-8216-cf071183922e",
        "Start Frame": 2760,
        "End Frame": 2880,
        "Caption": "#C C puts the mud on the ground; #C C puts clay on the heap of clay; #C C puts clay on the ground; #C C throws the clay; #C C throws the mud on the mud hill"
    },
    {
        "Video Name": "04815517-e7a8-4844-8216-cf071183922e",
        "Start Frame": 2880,
        "End Frame": 3000,
        "Caption": "#C C rolls the clay on the ground.; #C C rolls the clay on the ground.; #C C rolls the clay on the ground.; #C C rolls the mud; #C C rolls the clay"
    },
    {
        "Video Name": "04815517-e7a8-4844-8216-cf071183922e",
        "Start Frame": 3000,
        "End Frame": 3120,
        "Caption": "#C C removes excess clay from the brick mold ; #C C removes excess clay from the brick mold.; #C C removes excess clay from the brick mold.; #C C levels the mortar in the brick molder; #C C removes excess clay from the brick mold "
    },
    {
        "Video Name": "04815517-e7a8-4844-8216-cf071183922e",
        "Start Frame": 3120,
        "End Frame": 3240,
        "Caption": "#C C puts brick mold on the ground; #C C puts the clay mould on the ground; #C C puts the brick mold on the ground; #C C puts the clay mould on the ground; #C C puts sand on the brick mold"
    },
    {
        "Video Name": "04815517-e7a8-4844-8216-cf071183922e",
        "Start Frame": 3240,
        "End Frame": 3360,
        "Caption": "#C C puts the brick mold aside; #C C removes sand from the clay mould; #C C removes the brick mold from the brick; #C C puts the brick mold aside; #C C pours soil from the mold box"
    },
    {
        "Video Name": "04815517-e7a8-4844-8216-cf071183922e",
        "Start Frame": 3360,
        "End Frame": 3480,
        "Caption": "#C C molds the mud; #C C rolls the clay ; #C C rolls the clay; #C C rolls the clay ; #C C rolls the clay"
    },
    {
        "Video Name": "04815517-e7a8-4844-8216-cf071183922e",
        "Start Frame": 3480,
        "End Frame": 3600,
        "Caption": "#C C puts the clay in the brick mold; #C C puts mud in the brick mold.; #C C puts clay in the brick mold.; #C C puts the wet clay in the brick; #C C puts the mud in the brick mold"
    },
    {
        "Video Name": "04815517-e7a8-4844-8216-cf071183922e",
        "Start Frame": 3600,
        "End Frame": 3720,
        "Caption": "#C C  puts the clay mould on the; #C C puts the mud on the ground; #C C picks the brick mold; #C C puts brick maker down; #C C rubs his hand on the clay"
    },
    {
        "Video Name": "04815517-e7a8-4844-8216-cf071183922e",
        "Start Frame": 3720,
        "End Frame": 3840,
        "Caption": "#C C puts the brick mold aside; #C C puts brick mold on the ground ; #C C throws the brick molder on one side with his; #C C pours soil on the ground.; #C C removes brick mold from the clay"
    },
    {
        "Video Name": "04815517-e7a8-4844-8216-cf071183922e",
        "Start Frame": 3840,
        "End Frame": 3960,
        "Caption": "#C C molds the mud.; #C C molds the mud.; #C C molds the mud.; #C C rolls the mud ; #C C rolls molding clay on the ground"
    },
    {
        "Video Name": "04815517-e7a8-4844-8216-cf071183922e",
        "Start Frame": 3960,
        "End Frame": 4080,
        "Caption": "#C C puts the clay into the clay mould; #C C puts mud in a brick mold.; #C C puts the clay in the brick mold; #C C puts the wet clay in the brick; #C C puts the clay in the brick mold"
    },
    {
        "Video Name": "04815517-e7a8-4844-8216-cf071183922e",
        "Start Frame": 4080,
        "End Frame": 4200,
        "Caption": "#C C puts sand on the clay mould; #C C moves the brick mold; #C C puts sand on the clay mould; #C C puts sand on the clay mould; #C C rubs the mud in the hands"
    },
    {
        "Video Name": "04815517-e7a8-4844-8216-cf071183922e",
        "Start Frame": 4200,
        "End Frame": 4320,
        "Caption": "#C C removes brick from the brick mold.; #C C removes the excess clay with the brick; #C C removes brick from the brick mold ; #C C removes the mud brick; #C C removes the mud brick"
    },
    {
        "Video Name": "04815517-e7a8-4844-8216-cf071183922e",
        "Start Frame": 4320,
        "End Frame": 4440,
        "Caption": "#C C puts the brick mould on the ground; #C C throws the brick mould on the ground; #C C throws the brick mould on the ground; #C C throws the brick molder on one side with his left; #C C drops the brick mold on the ground"
    },
    {
        "Video Name": "04815517-e7a8-4844-8216-cf071183922e",
        "Start Frame": 4440,
        "End Frame": 4560,
        "Caption": "#C C rolls the clay on the ground; #C C rolls the clay on the soil.; #C C rolls mud on the ground.; #C C molds the mortar on the ground; #C C molds the mud."
    },
    {
        "Video Name": "04815517-e7a8-4844-8216-cf071183922e",
        "Start Frame": 4560,
        "End Frame": 4680,
        "Caption": "#C C molds the clay on the ground with his hand; #C C rolls the clay; #C C molds clay on the ground.; #C C molds the clay on the ground.; #C C rolls the clay "
    },
    {
        "Video Name": "04815517-e7a8-4844-8216-cf071183922e",
        "Start Frame": 4680,
        "End Frame": 4800,
        "Caption": "#C C drops the clay in the brick mold.; #C C puts the clay mould in the box; #C C puts mud in the brick mold.; #C C puts the clay in the brick mold ; #C C puts clay in the brick mold "
    },
    {
        "Video Name": "04815517-e7a8-4844-8216-cf071183922e",
        "Start Frame": 4800,
        "End Frame": 4920,
        "Caption": "#C C puts the mud on top of the; #C C puts the mud to the mud; #C C puts sand on the mud.; #C C puts sand on the clay mould; #C C puts sand on the clay mould"
    },
    {
        "Video Name": "04815517-e7a8-4844-8216-cf071183922e",
        "Start Frame": 4920,
        "End Frame": 5040,
        "Caption": "#C C puts the brick mould on the; #C C turns the brick mold.; #C C puts the brick mould on the; #C C puts the brick mould on the; #C C puts the brick mould on the"
    },
    {
        "Video Name": "04815517-e7a8-4844-8216-cf071183922e",
        "Start Frame": 5040,
        "End Frame": 5160,
        "Caption": "#C C spreads sand on the ground; #C C rubs his hands on the soil; #C C rubs his hands on the soil; #C C rubs his hands with the soil; #C C rubs his hands with the soil"
    },
    {
        "Video Name": "04815517-e7a8-4844-8216-cf071183922e",
        "Start Frame": 5160,
        "End Frame": 5280,
        "Caption": "#C C molds the mud.; #C C rolls mud in the soil.; #C C rolls the clay; #C C adjusts the mortar on the ground with his; #C C molds the clay"
    },
    {
        "Video Name": "04815517-e7a8-4844-8216-cf071183922e",
        "Start Frame": 5280,
        "End Frame": 5400,
        "Caption": "#C C puts the clay in the brick mold ; #C C puts the clay in the brick mold ; #C C puts mud in the brick mold.; #C C puts molding clay in the brick mold; #C C puts the clay in the brick mold "
    }
]