[
    {
        "Video Name": "049bf126-b6cc-4c6a-b9e5-d724837a6f40",
        "Start Frame": 0,
        "End Frame": 120,
        "Caption": "#C C stares at the; #C C writes on the; #C C reads the book; #C C writes on the; #C C writes on the"
    },
    {
        "Video Name": "049bf126-b6cc-4c6a-b9e5-d724837a6f40",
        "Start Frame": 120,
        "End Frame": 240,
        "Caption": "#C C writes on the book with the; #C C looks at the book; #C C stares at the book ; #C C looks at the book ; #C C looks at the book"
    },
    {
        "Video Name": "049bf126-b6cc-4c6a-b9e5-d724837a6f40",
        "Start Frame": 240,
        "End Frame": 360,
        "Caption": "#C C looks at the; #C C looks at the; #C C reads a book; #C C reads the book; #C C looks at the"
    },
    {
        "Video Name": "049bf126-b6cc-4c6a-b9e5-d724837a6f40",
        "Start Frame": 360,
        "End Frame": 480,
        "Caption": "#C C writes on the sticky note; #C C puts the pen on the table; #C C writes on the book; #C C flips through the pages of the; #C C reads the book "
    },
    {
        "Video Name": "049bf126-b6cc-4c6a-b9e5-d724837a6f40",
        "Start Frame": 480,
        "End Frame": 600,
        "Caption": "#C C looks at the book; #C C looks at the book on top of the; #C C writes on the book with the pen; #C C stares at the book; #C C writes on the book"
    },
    {
        "Video Name": "049bf126-b6cc-4c6a-b9e5-d724837a6f40",
        "Start Frame": 600,
        "End Frame": 720,
        "Caption": "#C C looks at the book; #C C writes on the book; #C C writes on a book; #C C writes on a book; #C C writes on the book"
    },
    {
        "Video Name": "049bf126-b6cc-4c6a-b9e5-d724837a6f40",
        "Start Frame": 720,
        "End Frame": 840,
        "Caption": "#C C looks at the book on top of the; #C C reads the book on top of the table; #C C looks at the book ; #C C stares at the book; #C C looks at the book on top of the"
    },
    {
        "Video Name": "049bf126-b6cc-4c6a-b9e5-d724837a6f40",
        "Start Frame": 840,
        "End Frame": 960,
        "Caption": "#C C writes on the book with the pen; #C C looks at the book; #C C looks at the book; #C C writes on the book; #C C writes on the book with the pen in her right"
    },
    {
        "Video Name": "049bf126-b6cc-4c6a-b9e5-d724837a6f40",
        "Start Frame": 960,
        "End Frame": 1080,
        "Caption": "#C C writes on the book with the pen; #C C stares at the book; #C C reads the book on top of the; #C C stares at the book; #C C writes on a book with a pen"
    },
    {
        "Video Name": "049bf126-b6cc-4c6a-b9e5-d724837a6f40",
        "Start Frame": 1080,
        "End Frame": 1200,
        "Caption": "#C C picks the pen; #C C picks a pen; #C C takes a pen; #C C picks a pen from the; #C C picks up a pen"
    },
    {
        "Video Name": "049bf126-b6cc-4c6a-b9e5-d724837a6f40",
        "Start Frame": 1200,
        "End Frame": 1320,
        "Caption": "#C C writes on a book on top of the table; #C C looks at the book; #C C writes on the book with the pen in her right; #C C looks at the book on top of the table; #C C writes on the book with the pen"
    },
    {
        "Video Name": "049bf126-b6cc-4c6a-b9e5-d724837a6f40",
        "Start Frame": 1320,
        "End Frame": 1440,
        "Caption": "#C C writes on the book; #C C looks at the book on top of the; #C C writes on the book; #C C writes on a book ; #C C stares at the book"
    },
    {
        "Video Name": "049bf126-b6cc-4c6a-b9e5-d724837a6f40",
        "Start Frame": 1440,
        "End Frame": 1560,
        "Caption": "#C C picks a pen from the; #C C takes a pen from the; #C C reads a book; #C C reads the book; #C C writes on a book "
    },
    {
        "Video Name": "049bf126-b6cc-4c6a-b9e5-d724837a6f40",
        "Start Frame": 1560,
        "End Frame": 1680,
        "Caption": "#C C writes on the book with the; #C C writes on the book with the; #C C writes on a book with a; #C C writes on the book; #C C writes on the book"
    },
    {
        "Video Name": "049bf126-b6cc-4c6a-b9e5-d724837a6f40",
        "Start Frame": 1680,
        "End Frame": 1800,
        "Caption": "#C C writes on the sticky note with the; #C C writes on the sticky note with the; #C C writes on the sticky note; #C C writes on a book; #C C writes on the sticky note with the"
    },
    {
        "Video Name": "049bf126-b6cc-4c6a-b9e5-d724837a6f40",
        "Start Frame": 1800,
        "End Frame": 1920,
        "Caption": "#C C writes on the book; #C C writes on the note; #C C writes on the book; #C C writes on the book; #C C looks at the book"
    },
    {
        "Video Name": "049bf126-b6cc-4c6a-b9e5-d724837a6f40",
        "Start Frame": 1920,
        "End Frame": 2040,
        "Caption": "#C C writes on a book; #C C writes on a book; #C C writes on the book; #C C looks at the book; #C C writes on a book"
    },
    {
        "Video Name": "049bf126-b6cc-4c6a-b9e5-d724837a6f40",
        "Start Frame": 2040,
        "End Frame": 2160,
        "Caption": "#C C stares at the book; #C C looks at the book on top of the; #C C stares at the book; #C C reads the book; #C C stares at the book"
    },
    {
        "Video Name": "049bf126-b6cc-4c6a-b9e5-d724837a6f40",
        "Start Frame": 2160,
        "End Frame": 2280,
        "Caption": "#C C reads the book on top of the; #C C reads the book; #C C looks at the book ; #C C looks around; #C C reads the book"
    },
    {
        "Video Name": "049bf126-b6cc-4c6a-b9e5-d724837a6f40",
        "Start Frame": 2280,
        "End Frame": 2400,
        "Caption": "#C C looks around the table; #C C looks at the book; #C C looks at the book; #C C reads the book ; #C C looks at the book"
    },
    {
        "Video Name": "049bf126-b6cc-4c6a-b9e5-d724837a6f40",
        "Start Frame": 2400,
        "End Frame": 2520,
        "Caption": "#C C writes on the book; #C C writes on the book; #C C puts her hand on the book ; #C C writes on the book with the pen in her right; #C C writes on the note pad"
    },
    {
        "Video Name": "049bf126-b6cc-4c6a-b9e5-d724837a6f40",
        "Start Frame": 2520,
        "End Frame": 2640,
        "Caption": "#C C writes on the; #C C reads the book; #C C writes on the; #C C writes on the; #C C writes on the"
    },
    {
        "Video Name": "049bf126-b6cc-4c6a-b9e5-d724837a6f40",
        "Start Frame": 2640,
        "End Frame": 2760,
        "Caption": "#C C writes on the book with the; #C C writes on the book; #C C writes on the book with a; #C C writes on the book with the; #C C looks at the book"
    },
    {
        "Video Name": "049bf126-b6cc-4c6a-b9e5-d724837a6f40",
        "Start Frame": 2760,
        "End Frame": 2880,
        "Caption": "#C C picks a pen; #C C picks a pen from the; #C C picks the pen; #C C picks a pen; #C C puts down the pen "
    },
    {
        "Video Name": "049bf126-b6cc-4c6a-b9e5-d724837a6f40",
        "Start Frame": 2880,
        "End Frame": 3000,
        "Caption": "#C C holds a pen ; #C C turns over the book on the table; #C C writes on a book with a pen; #C C looks at the book; #C C reads a book"
    },
    {
        "Video Name": "049bf126-b6cc-4c6a-b9e5-d724837a6f40",
        "Start Frame": 3000,
        "End Frame": 3120,
        "Caption": "#C C reads the book on top of the table; #C C looks at the book on top of the; #C C reads the book; #C C reads the book; #C C reads a book on the table"
    },
    {
        "Video Name": "049bf126-b6cc-4c6a-b9e5-d724837a6f40",
        "Start Frame": 3120,
        "End Frame": 3240,
        "Caption": "#C C writes on a sticky note with a pen; #C C writes on the sticky note with a pen in her right; #C C writes on the sticky note with a pen; #C C writes on a sticky note with a pen in her right; #C C writes on the sticky note with the pen"
    },
    {
        "Video Name": "049bf126-b6cc-4c6a-b9e5-d724837a6f40",
        "Start Frame": 3240,
        "End Frame": 3360,
        "Caption": "#C C writes on the sticky note with the pen; #C C looks at the book on top of the; #c c looks at the book; #C C looks at the book on the table; #C C looks at the book "
    },
    {
        "Video Name": "049bf126-b6cc-4c6a-b9e5-d724837a6f40",
        "Start Frame": 3360,
        "End Frame": 3480,
        "Caption": "#C C writes on the book; #C C writes on the note book; #C C writes on a book with a; #C C writes on a book on the; #C C writes on the book "
    },
    {
        "Video Name": "049bf126-b6cc-4c6a-b9e5-d724837a6f40",
        "Start Frame": 3480,
        "End Frame": 3600,
        "Caption": "#C C writes on the sticky note; #C C writes on the sticky note with the; #C C writes on the note pad; #C C flips a page of the notebook; #c c writes on a book"
    },
    {
        "Video Name": "049bf126-b6cc-4c6a-b9e5-d724837a6f40",
        "Start Frame": 3600,
        "End Frame": 3720,
        "Caption": "#C C picks up the; #C C picks a pen; #C C writes on the; #C C stares at the; #C C picks the pen"
    },
    {
        "Video Name": "049bf126-b6cc-4c6a-b9e5-d724837a6f40",
        "Start Frame": 3720,
        "End Frame": 3840,
        "Caption": "#C C puts the pen in the pen; #C C picks a pen; #C C picks up a pen; #C C picks a pen; #C C picks the pen from the box"
    },
    {
        "Video Name": "049bf126-b6cc-4c6a-b9e5-d724837a6f40",
        "Start Frame": 3840,
        "End Frame": 3960,
        "Caption": "#c c puts the pen in the purse; #C C places the pen on the table; #c c puts the pen in the purse; #C C puts the pen down; #C C puts the pen in the case"
    },
    {
        "Video Name": "049bf126-b6cc-4c6a-b9e5-d724837a6f40",
        "Start Frame": 3960,
        "End Frame": 4080,
        "Caption": "#C C puts the pen in the; #C C puts her hand in the; #C C puts the pen in the; #C C puts the pen in the; #c c closes the purse"
    },
    {
        "Video Name": "049bf126-b6cc-4c6a-b9e5-d724837a6f40",
        "Start Frame": 4080,
        "End Frame": 4200,
        "Caption": "#C C peruses the pages; #C C opens the book; #C C flips the pages of the; #C C flips the pages of the; #C C opens the book"
    },
    {
        "Video Name": "049bf126-b6cc-4c6a-b9e5-d724837a6f40",
        "Start Frame": 4200,
        "End Frame": 4320,
        "Caption": "#C C converses with a woman X; #C C reads the textbook ; #C C reads the textbook; #C C reads the book; #C C reads the book"
    },
    {
        "Video Name": "049bf126-b6cc-4c6a-b9e5-d724837a6f40",
        "Start Frame": 4320,
        "End Frame": 4440,
        "Caption": "#C C reads the book on top of the table; #C C reads a book on top of the table; #C C reads the book; #C C looks at the book on top of the; #C C looks at the book"
    },
    {
        "Video Name": "049bf126-b6cc-4c6a-b9e5-d724837a6f40",
        "Start Frame": 4440,
        "End Frame": 4560,
        "Caption": "#C C writes on a book ; #C C reads the book; #C C reads the book; #C C writes on the book with the pen; #C C writes on the book with a pencil"
    },
    {
        "Video Name": "049bf126-b6cc-4c6a-b9e5-d724837a6f40",
        "Start Frame": 4560,
        "End Frame": 4680,
        "Caption": "#C C stares at the book on top of the; #C C reads the book aloud; #C C reads the book; #C C reads out loud from the textbook; #C C reads the book"
    },
    {
        "Video Name": "049bf126-b6cc-4c6a-b9e5-d724837a6f40",
        "Start Frame": 4680,
        "End Frame": 4800,
        "Caption": "#C C reads the book; #C C writes on the book with the pen; #C C reads the book on top of the; #C C reads the book; #C C reads the book"
    },
    {
        "Video Name": "049bf126-b6cc-4c6a-b9e5-d724837a6f40",
        "Start Frame": 4800,
        "End Frame": 4920,
        "Caption": "#C C reads the book; #C C stares at the book ; #C C writes on a book with a; #C C looks at the book ; #C C writes on the book with the"
    },
    {
        "Video Name": "049bf126-b6cc-4c6a-b9e5-d724837a6f40",
        "Start Frame": 4920,
        "End Frame": 5040,
        "Caption": "#C C reads the book; #C C looks at the book ; #C C looks at the book; #C C reads the book on top of the; #C C reads the book "
    },
    {
        "Video Name": "049bf126-b6cc-4c6a-b9e5-d724837a6f40",
        "Start Frame": 5040,
        "End Frame": 5160,
        "Caption": "#C C takes a book; #C C browses on the; #C C uses the phone; #C C stares around; #C C uses phone"
    },
    {
        "Video Name": "049bf126-b6cc-4c6a-b9e5-d724837a6f40",
        "Start Frame": 5160,
        "End Frame": 5280,
        "Caption": "#C C operates the tablet; #C C uses a tablet; #C C operates a tablet; #C C uses a tablet; #C C uses the tablet"
    },
    {
        "Video Name": "049bf126-b6cc-4c6a-b9e5-d724837a6f40",
        "Start Frame": 5280,
        "End Frame": 5400,
        "Caption": "#C C holds the tablet ; #C C looks at the tablet; #C C looks at the tablet; #C C looks around; #C C looks at the tablet"
    }
]