[
    {
        "Video Name": "04abede5-34aa-4006-842b-ced340c294a6",
        "Start Frame": 0,
        "End Frame": 120,
        "Caption": "#C C closes the fridge; #C C opens the cabinet; #C C opens the fridge; #C C opens the dust; #C C opens the shelf"
    },
    {
        "Video Name": "04abede5-34aa-4006-842b-ced340c294a6",
        "Start Frame": 120,
        "End Frame": 240,
        "Caption": "#C C picks the chopstick from the plate with her right hand; #C C picks the chopstick; #C C picks a chopstick from the bowl with her left hand; #C C picks the chopstick ; #C C picks up the chopstick from the plate with his right"
    },
    {
        "Video Name": "04abede5-34aa-4006-842b-ced340c294a6",
        "Start Frame": 240,
        "End Frame": 360,
        "Caption": "#C C picks the egg; #C C stirs the egg in the bowl with the chopstick; #C C holds the bowl; #C C Puts the egg on the plate; #C C stirs the eggs"
    },
    {
        "Video Name": "04abede5-34aa-4006-842b-ced340c294a6",
        "Start Frame": 360,
        "End Frame": 480,
        "Caption": "#C C Stirs the eggs with chopsticks; #C C Puts the eggs in the bowl; #C C Stirs the eggs in the bowl with chop; #C C Puts the eggs in the bowl; #C C beats the egg with the chopsticks "
    },
    {
        "Video Name": "04abede5-34aa-4006-842b-ced340c294a6",
        "Start Frame": 480,
        "End Frame": 600,
        "Caption": "#C C puts the egg yolk in the bowl; #C C carries the eggs in the bowl with the chop; #C C puts the bowl on the counter; #C C places the plate on the counter; #C C puts the egg on the plate"
    },
    {
        "Video Name": "04abede5-34aa-4006-842b-ced340c294a6",
        "Start Frame": 600,
        "End Frame": 720,
        "Caption": "#C C adjusts the egg on the cooker with the chopsticks in her right hand; #C C  stirs the egg with chopsticks; #C C stirs the egg; #C C beats the egg; #C C turns the egg"
    },
    {
        "Video Name": "04abede5-34aa-4006-842b-ced340c294a6",
        "Start Frame": 720,
        "End Frame": 840,
        "Caption": "#C C pours eggs in the plate; #C C pours egg from the egg carton into the frying pan; #C C pours the egg into the frying pan with the chopstick in her right hand; #C C pours the egg in the frying pan; #C C pours the egg in the frying pan"
    },
    {
        "Video Name": "04abede5-34aa-4006-842b-ced340c294a6",
        "Start Frame": 840,
        "End Frame": 960,
        "Caption": "#C C puts egg on the pan; #C C stirs the egg with the chopstick; #C C stirs the egg in the pan with the chopsticks in her right hand; #C C pours egg into the pan from the bowl; #C C pours the egg yolk in the frying pan"
    },
    {
        "Video Name": "04abede5-34aa-4006-842b-ced340c294a6",
        "Start Frame": 960,
        "End Frame": 1080,
        "Caption": "#C C drops the pan; #C C places the frying pan on the cooker; #C C adjusts the frying pan on the cooker with her left hand; #C C stirs the egg with chopsticks; #C C puts the chopsticks on the pan"
    },
    {
        "Video Name": "04abede5-34aa-4006-842b-ced340c294a6",
        "Start Frame": 1080,
        "End Frame": 1200,
        "Caption": "#C C stirs eggs in the pan with chopstick; #C C presses the egg in the frying pan with the chopsticks in his right hand; #C C stares at the pan; #C C beats the egg with the chopstick; #C C stirs the egg with chopsticks"
    },
    {
        "Video Name": "04abede5-34aa-4006-842b-ced340c294a6",
        "Start Frame": 1200,
        "End Frame": 1320,
        "Caption": "#C C turns the egg in the frying pan with the chopsticks in her right hand; #C C stirs the egg with chop sticks; #C C beats the egg in the frying pan with the chopstick in his right hand; #C C beats the egg ; #C C cooks the egg"
    },
    {
        "Video Name": "04abede5-34aa-4006-842b-ced340c294a6",
        "Start Frame": 1320,
        "End Frame": 1440,
        "Caption": "#C C stares at the frying pan ; #C C hits the frying pan with the chopstick in his right hand; #C C stares at the pancakes in the frying pan ; #C C puts the chopstick in the frying pan; #C C holds the frying pan with the handle "
    },
    {
        "Video Name": "04abede5-34aa-4006-842b-ced340c294a6",
        "Start Frame": 1440,
        "End Frame": 1560,
        "Caption": "#C C hits the pan with the chopsticks; #C C stares at the egg wrap ; #C C fries the egg in the frying pan with the chopsticks in her right hand; #C C shakes the frying pan ; #C C holds the handle of the frying pan with her right hand."
    },
    {
        "Video Name": "04abede5-34aa-4006-842b-ced340c294a6",
        "Start Frame": 1560,
        "End Frame": 1680,
        "Caption": "#C C beats the egg with chopsticks; #C C holds the handle of the frying pan with his left hand; #C C hits the egg with the chopstick; #C C beats the eggs with the chopstick in his right hand; #C C holds the chopstick with her right hand."
    },
    {
        "Video Name": "04abede5-34aa-4006-842b-ced340c294a6",
        "Start Frame": 1680,
        "End Frame": 1800,
        "Caption": "#C C stirs the egg with the chopstick ; #C C stirs the egg with chopsticks; #C C wipes off the hand ; #C C holds the frying pan handle ; #C C blows air in the frying pan with her mouth"
    },
    {
        "Video Name": "04abede5-34aa-4006-842b-ced340c294a6",
        "Start Frame": 1800,
        "End Frame": 1920,
        "Caption": "#C C turns the eggs with the chopsticks; #C C beats the eggs in the frying pan with the chopstick in his right hand; #C C stirs the egg with a chopstick; #C C shakes the frying pan with the chopsticks; #C C cooks the egg in the frying pan with the chopstick in his right hand"
    },
    {
        "Video Name": "04abede5-34aa-4006-842b-ced340c294a6",
        "Start Frame": 1920,
        "End Frame": 2040,
        "Caption": "#C C beats eggs in the frying pan with the chopstick in her right hand.; #C C places the chopstick in her right hand on the frying pan.; #C C cooks ; #C C cooks the pancake ; #C C stirs the egg in the frying pan with the chopstick in his right hand"
    },
    {
        "Video Name": "04abede5-34aa-4006-842b-ced340c294a6",
        "Start Frame": 2040,
        "End Frame": 2160,
        "Caption": "#C C puts the chopstick on the table; #C C drops the chopping stick on the kitchen countertop.; #C C puts the chop sticks on the sink; #C C drops the chopstick in the frying pan with her left hand; #C C puts chop sticks on the sink"
    },
    {
        "Video Name": "04abede5-34aa-4006-842b-ced340c294a6",
        "Start Frame": 2160,
        "End Frame": 2280,
        "Caption": "#C C Picks a plate of food; #C C takes the spoon from the frying pan; #C C takes a spoon from the pan; #C C holds the spoon; #C C picks the spoon "
    },
    {
        "Video Name": "04abede5-34aa-4006-842b-ced340c294a6",
        "Start Frame": 2280,
        "End Frame": 2400,
        "Caption": "#C C scoops food with a spoon; #C C puts the food in the pan ; #C C puts food on a plate; #C C scoops food; #C C pours the rice into the frying pan with the spoon in his right hand"
    },
    {
        "Video Name": "04abede5-34aa-4006-842b-ced340c294a6",
        "Start Frame": 2400,
        "End Frame": 2520,
        "Caption": "#C C scoops food from the pan with a spoon; #C C scoops the food with a spoon; #C C pours the food in the plate into the frying pan with the spoon in his right hand; #C C scoops food from the frying pan with the spoon in his right hand.; #C C scoops some rice from the frying pan with the spoon in his right hand."
    },
    {
        "Video Name": "04abede5-34aa-4006-842b-ced340c294a6",
        "Start Frame": 2520,
        "End Frame": 2640,
        "Caption": "#C C scoops the food in the frying pan into the plate with the spoon; #C C pours the rice in the spoon in his right hand into the plate.; #C C scoops rice from the frying pan with the spoon in his right hand.; #C C puts the rice in the frying pan ; #C C puts noodles in the plate with a spoon"
    },
    {
        "Video Name": "04abede5-34aa-4006-842b-ced340c294a6",
        "Start Frame": 2640,
        "End Frame": 2760,
        "Caption": "#C C scoops food in the pan with the spoon; #C C pours the food in the plate with the spoon in his right hand; #C C scoops food ; #C C scoops food ; #C C puts the food in the plate "
    },
    {
        "Video Name": "04abede5-34aa-4006-842b-ced340c294a6",
        "Start Frame": 2760,
        "End Frame": 2880,
        "Caption": "#C C puts rice in a plate ; #C C puts food on the plate; #C C scoops the food in the frying pan with the; #C C pours the food in the plate; #C C scoops food in the pan with the spoon"
    },
    {
        "Video Name": "04abede5-34aa-4006-842b-ced340c294a6",
        "Start Frame": 2880,
        "End Frame": 3000,
        "Caption": "#C C puts the food in the plate; #C C scoops the food in the frying pan with the; #C C scoops food; #C C puts noodles in a cooking pan ; #C C serves food in the plate "
    },
    {
        "Video Name": "04abede5-34aa-4006-842b-ced340c294a6",
        "Start Frame": 3000,
        "End Frame": 3120,
        "Caption": "#C C puts the noodles in the pan; #C C scoops food; #C C puts food on the plate; #C C puts rice into the frying pan with the spoon in his right hand; #C C scoops food"
    },
    {
        "Video Name": "04abede5-34aa-4006-842b-ced340c294a6",
        "Start Frame": 3120,
        "End Frame": 3240,
        "Caption": "#C C pushes the frying pan; #C C puts the bowl on the counter; #C C drops the plate on the kitchen counter with his left hand; #C C places the plate on the countertop; #C C places the plate on the kitchen counter"
    },
    {
        "Video Name": "04abede5-34aa-4006-842b-ced340c294a6",
        "Start Frame": 3240,
        "End Frame": 3360,
        "Caption": "#C C picks the chopsticks; #C C picks the chopsticks; #C C picks chopsticks; #C C picks up the chopsticks on the; #C C picks a chopstick"
    },
    {
        "Video Name": "04abede5-34aa-4006-842b-ced340c294a6",
        "Start Frame": 3360,
        "End Frame": 3480,
        "Caption": "#C C serves food in a pan with chop; #C C picks food from the pan with chop; #C C moves the food with the chopstick; #C C stirs the egg with the chop; #C C cooks food"
    },
    {
        "Video Name": "04abede5-34aa-4006-842b-ced340c294a6",
        "Start Frame": 3480,
        "End Frame": 3600,
        "Caption": "#C C fries eggs; #C C looks at the food ; #C C takes eggs from the frying pan with the chopsticks in his right hand; #C C picks egg from the pan with chopsticks; #C C stirs the egg in the frying pan with the chopstick in her right hand."
    },
    {
        "Video Name": "04abede5-34aa-4006-842b-ced340c294a6",
        "Start Frame": 3600,
        "End Frame": 3720,
        "Caption": "#C C turns the egg with the chop; #C C stirs the egg with chop; #C C stirs the eggs with chop; #C C picks the egg with the chop; #C C stirs the egg with chop"
    },
    {
        "Video Name": "04abede5-34aa-4006-842b-ced340c294a6",
        "Start Frame": 3720,
        "End Frame": 3840,
        "Caption": "#C C puts chopsticks on a plate; #C C drops the chopstick; #C C puts the chop sticks in the sink; #C C puts the chopsticks in the sink; #C C puts the chopsticks in the sink"
    },
    {
        "Video Name": "04abede5-34aa-4006-842b-ced340c294a6",
        "Start Frame": 3840,
        "End Frame": 3960,
        "Caption": "#C C stares at the cooker; #C C looks around the kitchen; #C C looks around; #C C Looks at the cooking; #C C Looks at the frying"
    },
    {
        "Video Name": "04abede5-34aa-4006-842b-ced340c294a6",
        "Start Frame": 3960,
        "End Frame": 4080,
        "Caption": "#C C opens the; #C C opens a; #C C opens the; #C C opens the; #C C opens the"
    },
    {
        "Video Name": "04abede5-34aa-4006-842b-ced340c294a6",
        "Start Frame": 4080,
        "End Frame": 4200,
        "Caption": "#C C opens the shelf; #C C closes the cabinet; #C C opens the cup; #C C opens the kitchen; #C C opens a cup"
    },
    {
        "Video Name": "04abede5-34aa-4006-842b-ced340c294a6",
        "Start Frame": 4200,
        "End Frame": 4320,
        "Caption": "#C C takes a plate from the cupboard with his right; #C C takes the plate ; #C C picks a plate; #C C Picks a plate; #C C picks a plate from the cupboard"
    },
    {
        "Video Name": "04abede5-34aa-4006-842b-ced340c294a6",
        "Start Frame": 4320,
        "End Frame": 4440,
        "Caption": "#C C puts the plate on the; #C C puts the plates on the; #C C puts plates on the counter; #C C puts plate on the counter; #C C picks up the plates "
    },
    {
        "Video Name": "04abede5-34aa-4006-842b-ced340c294a6",
        "Start Frame": 4440,
        "End Frame": 4560,
        "Caption": "#C C picks the spoon; #C C turns the food in the frying pan with the spat; #C C turns the frying pan ; #C C holds the fry pan ; #C C picks up the pan "
    },
    {
        "Video Name": "04abede5-34aa-4006-842b-ced340c294a6",
        "Start Frame": 4560,
        "End Frame": 4680,
        "Caption": "#C C turns the knob of the cooker with her left hand.; #C C removes the handle from the frying pan with her left hand.; #C C holds the frying pan; #C C holds the handle of the frying pan with her left hand.; #C C adjusts the cooker"
    },
    {
        "Video Name": "04abede5-34aa-4006-842b-ced340c294a6",
        "Start Frame": 4680,
        "End Frame": 4800,
        "Caption": "#C C adjusts the fried egg in the frying pan with the turner in her right hand; #C C fries the egg with the slotted turner; #C C stirs food ; #C C stirs the egg in the frying pan with the spoon in her right hand.; #C C turns the food on the pan with the spatula"
    },
    {
        "Video Name": "04abede5-34aa-4006-842b-ced340c294a6",
        "Start Frame": 4800,
        "End Frame": 4920,
        "Caption": "#C C turns the food ; #C C  turns the food in the pan with the cooking stick; #C C places the frying pan on the cooker; #C C turns the egg in the frying pan with the chopsticks in her right hand; #C C shakes the frying pan "
    },
    {
        "Video Name": "04abede5-34aa-4006-842b-ced340c294a6",
        "Start Frame": 4920,
        "End Frame": 5040,
        "Caption": "#C C picks up a frying pan from the cooker; #C C cooks the eggs with a frying spoon; #C C  turns eggs with a spatula; #C C turns the egg with the spoon; #C C turns the egg with the spatula."
    },
    {
        "Video Name": "04abede5-34aa-4006-842b-ced340c294a6",
        "Start Frame": 5040,
        "End Frame": 5160,
        "Caption": "#C C  puts food on the pan; #C C turns the fried egg with the solid turner in her right hand; #C C  turns the eggs using a spoon; #C C stirs the egg in the frying pan with the spoon; #C C  stirs the egg with the spoon"
    },
    {
        "Video Name": "04abede5-34aa-4006-842b-ced340c294a6",
        "Start Frame": 5160,
        "End Frame": 5280,
        "Caption": "#C C presses the egg with the slotted turner; #C C picks a fried egg from the frying pan with the spatula in his right hand.; #C C turns the egg in the frying pan with the slotted turner in his right hand; #C C scoops out the fried egg from the frying pan with the spoon; #C C turns the egg in the frying pan with the turner in his right hand"
    },
    {
        "Video Name": "04abede5-34aa-4006-842b-ced340c294a6",
        "Start Frame": 5280,
        "End Frame": 5400,
        "Caption": "#C C turns the egg with the slotted turner; #C C flips the egg in the frying pan with the turner.; #C C turns the eggs in the frying pan with the spoon; #C C turns the fried egg with the spatula; #C C turns the egg in the frying pan with the turner in his right hand"
    }
]