[
    {
        "Video Name": "04c06e07-3e45-4028-b6ca-c78cfbd83a3b",
        "Start Frame": 0,
        "End Frame": 120,
        "Caption": "#C C rubs the paint brush on the edge of the paint can; #C C dips the painting brush into the paint can.; #C C rubs the paint brush on the edge of the paint can; #C C removes the paint brush from the paint; #C C rubs the painting brush on the edge of the painting can"
    },
    {
        "Video Name": "04c06e07-3e45-4028-b6ca-c78cfbd83a3b",
        "Start Frame": 120,
        "End Frame": 240,
        "Caption": "#C C lifts his hand off the furniture.; #C C stops painting the cabinet.; #C C picks up the paint brush from the table with his right hand; #C C stares at the furniture.; #C C stares at the wooden box"
    },
    {
        "Video Name": "04c06e07-3e45-4028-b6ca-c78cfbd83a3b",
        "Start Frame": 240,
        "End Frame": 360,
        "Caption": "#C C adjusts the paint container on the furniture table with his left; #C C paints the cabinet with the paint brush.; #C C paints the cabinet.; #C C paints the cabinet with the paintbrush with his right hand; #C C paints the cabinet."
    },
    {
        "Video Name": "04c06e07-3e45-4028-b6ca-c78cfbd83a3b",
        "Start Frame": 360,
        "End Frame": 480,
        "Caption": "#C C paints the furniture.; #C C paints a cabinet using a brush ; #C C paints the cabinet.; #C C paints the drawer with the paint brush; #C C paints the furniture"
    },
    {
        "Video Name": "04c06e07-3e45-4028-b6ca-c78cfbd83a3b",
        "Start Frame": 480,
        "End Frame": 600,
        "Caption": "#C C paints a cabinet using a brush; #C C paints the furniture.; #C C paints a cabinet using a brush; #C C paints the cabinet.; #C C paints the wooden structure with the"
    },
    {
        "Video Name": "04c06e07-3e45-4028-b6ca-c78cfbd83a3b",
        "Start Frame": 600,
        "End Frame": 720,
        "Caption": "#C C paints the furniture with the brush; #C C paints the furniture with the brush; #C C paints the furniture with the brush; #C C paints the cupboard.; #C C paints the furniture."
    },
    {
        "Video Name": "04c06e07-3e45-4028-b6ca-c78cfbd83a3b",
        "Start Frame": 720,
        "End Frame": 840,
        "Caption": "#C C stares at the cabinet; #C C looks at the cabinet.; #C C paints the cupboard with the paint brush; #C C stares at the cupboard; #C C stares at the table"
    },
    {
        "Video Name": "04c06e07-3e45-4028-b6ca-c78cfbd83a3b",
        "Start Frame": 840,
        "End Frame": 960,
        "Caption": "#C C paints the cabinet.; #C C paints the cupboard.; #C C paints the cabinet with the paint; #C C paints the cupboard.; #C C paints the cabinet."
    },
    {
        "Video Name": "04c06e07-3e45-4028-b6ca-c78cfbd83a3b",
        "Start Frame": 960,
        "End Frame": 1080,
        "Caption": "#C C paints the cupboard with the paint brush.; #C C paints the furniture with the brush.; #C C Stares at the table; #C C looks at the door; #C C paints the cabinet with the paintbrush in his right hand"
    },
    {
        "Video Name": "04c06e07-3e45-4028-b6ca-c78cfbd83a3b",
        "Start Frame": 1080,
        "End Frame": 1200,
        "Caption": "#C C stares around.; #C C sits on the floor.; #C C moves closer to the drawer.; #C C looks at the table.; #C C dips the paint brush into the container of paint"
    },
    {
        "Video Name": "04c06e07-3e45-4028-b6ca-c78cfbd83a3b",
        "Start Frame": 1200,
        "End Frame": 1320,
        "Caption": "#C C sits on a bench; #C C stands up.; #C C sits on the plastic stool; #C C sits down.; #C C stares at the wooden structure"
    },
    {
        "Video Name": "04c06e07-3e45-4028-b6ca-c78cfbd83a3b",
        "Start Frame": 1320,
        "End Frame": 1440,
        "Caption": "#C C holds the paint brush with his left hand; #C C moves his head; #C C raises his hand; #C C puts the paintbrush in his right hand on the coconut; #C C stares at the wooden furniture"
    },
    {
        "Video Name": "04c06e07-3e45-4028-b6ca-c78cfbd83a3b",
        "Start Frame": 1440,
        "End Frame": 1560,
        "Caption": "#C C paints the furniture with the paint brush; #C C paints the drawer with the paint brush; #C C paints the furniture with the paint brush; #C C paints the furniture.; #C C paints the furniture."
    },
    {
        "Video Name": "04c06e07-3e45-4028-b6ca-c78cfbd83a3b",
        "Start Frame": 1560,
        "End Frame": 1680,
        "Caption": "#C C paints the furniture; #C C paints the wooden furniture with the paint; #C C paints the furniture; #C C paints the furniture; #C C paints the furniture"
    },
    {
        "Video Name": "04c06e07-3e45-4028-b6ca-c78cfbd83a3b",
        "Start Frame": 1680,
        "End Frame": 1800,
        "Caption": "#C C paints the furniture with the paint brush; #C C paints the furniture; #C C paints the furniture.; #C C paints the wooden structure with the paint brush.; #C C paints the wooden furniture with the paintbrush with his right"
    },
    {
        "Video Name": "04c06e07-3e45-4028-b6ca-c78cfbd83a3b",
        "Start Frame": 1800,
        "End Frame": 1920,
        "Caption": "#C C paints the furniture.; #C C paints the furniture with the brush; #C C paints the cabinet.; #C C paints the furniture.; #C C paints the table. "
    },
    {
        "Video Name": "04c06e07-3e45-4028-b6ca-c78cfbd83a3b",
        "Start Frame": 1920,
        "End Frame": 2040,
        "Caption": "#C C sits on the floor.; #C C moves his head; #C C paints the cabinet.; #C C walks around the cabinet.; #C C paints the wooden furniture with the paint"
    },
    {
        "Video Name": "04c06e07-3e45-4028-b6ca-c78cfbd83a3b",
        "Start Frame": 2040,
        "End Frame": 2160,
        "Caption": "#C C dips the paintbrush into the paint can; #C C dips the paintbrush into the paint can; #C C dips the paint brush into the paint container; #C C dips the paintbrush into the paint can; #C C dips the paintbrush into the paint can"
    },
    {
        "Video Name": "04c06e07-3e45-4028-b6ca-c78cfbd83a3b",
        "Start Frame": 2160,
        "End Frame": 2280,
        "Caption": "#C C paints a cabinet using a brush; #C C paints the furniture; #C C paints the furniture.; #C C paints the drawer; #C C paints the cabinet."
    },
    {
        "Video Name": "04c06e07-3e45-4028-b6ca-c78cfbd83a3b",
        "Start Frame": 2280,
        "End Frame": 2400,
        "Caption": "#C C paints the cabinet; #C C paints the cabinet; #C C paints the furniture; #C C paints the cabinet; #C C paints the furniture"
    },
    {
        "Video Name": "04c06e07-3e45-4028-b6ca-c78cfbd83a3b",
        "Start Frame": 2400,
        "End Frame": 2520,
        "Caption": "#C C paints the furniture.; #C C paints the furniture.; #C C paints the table drawer with the paint brush in his right hand; #C C paints the furniture.; #C C paints the table drawer with the paint brush in his right hand"
    },
    {
        "Video Name": "04c06e07-3e45-4028-b6ca-c78cfbd83a3b",
        "Start Frame": 2520,
        "End Frame": 2640,
        "Caption": "#C C paints a cabinet using a brush; #C C paints a cabinet using a brush; #C C paints a cabinet using a brush; #C C paints a cabinet using a brush; #C C paints a cabinet using a brush"
    },
    {
        "Video Name": "04c06e07-3e45-4028-b6ca-c78cfbd83a3b",
        "Start Frame": 2640,
        "End Frame": 2760,
        "Caption": "#C C dips the paint brush into the paint can.; #C C dips the paint brush in the paint; #C C dips the paintbrush into the paint can.; #C C dips the paint brush in the paint; #C C inserts the paint brush into the paint container with his right"
    },
    {
        "Video Name": "04c06e07-3e45-4028-b6ca-c78cfbd83a3b",
        "Start Frame": 2760,
        "End Frame": 2880,
        "Caption": "#C C paints the furniture.; #C C paints the furniture.; #C C paints the cabinet.; #C C paints the wooden furniture with the paint brush in his right; #C C paints a cabinet using a brush "
    },
    {
        "Video Name": "04c06e07-3e45-4028-b6ca-c78cfbd83a3b",
        "Start Frame": 2880,
        "End Frame": 3000,
        "Caption": "#C C paints the wooden furniture with the paint; #C C paints the cabinet.; #C C paints the cabinet.; #C C paints the wooden furniture with the paint; #C C paints the table."
    },
    {
        "Video Name": "04c06e07-3e45-4028-b6ca-c78cfbd83a3b",
        "Start Frame": 3000,
        "End Frame": 3120,
        "Caption": "#C C paints the table.; #C C paints the wooden structure with the paint; #C C paints the furniture; #C C holds the drawer with his left hand; #C C paints the furniture with the brush"
    },
    {
        "Video Name": "04c06e07-3e45-4028-b6ca-c78cfbd83a3b",
        "Start Frame": 3120,
        "End Frame": 3240,
        "Caption": "#C C dips the paint brush in his right hand into the paint container in his left; #C C dips the paint brush in the coconut shell containing paint.; #C C inserts the paint brush into the paint container with his right hand; #C C dips the paint brush into the paint container.; #C C dips the paintbrush into the paint can."
    },
    {
        "Video Name": "04c06e07-3e45-4028-b6ca-c78cfbd83a3b",
        "Start Frame": 3240,
        "End Frame": 3360,
        "Caption": "#C C paints the table.; #C C paints the furniture.; #C C paints furniture; #C C paints the cupboard with the paint brush; #C C paints the furniture."
    },
    {
        "Video Name": "04c06e07-3e45-4028-b6ca-c78cfbd83a3b",
        "Start Frame": 3360,
        "End Frame": 3480,
        "Caption": "#C C paints the table with the brush.; #C C paints the wooden structure with the brush; #C C paints the cabinet.; #C C paints the wooden structure with the paint brush; #C C paints the cupboard with the paint brush"
    },
    {
        "Video Name": "04c06e07-3e45-4028-b6ca-c78cfbd83a3b",
        "Start Frame": 3480,
        "End Frame": 3600,
        "Caption": "#C C paints the cabinet.; #C C paints the cabinet.; #C C paints the table with the brush in his right; #C C paints the cabinet.; #C C paints the cupboard with the paint brush."
    },
    {
        "Video Name": "04c06e07-3e45-4028-b6ca-c78cfbd83a3b",
        "Start Frame": 3600,
        "End Frame": 3720,
        "Caption": "#C C paints the cabinet with the paint brush.; #C C paints the furniture with the brush.; #C C paints the cabinet.; #C C paints the cupboard with the paint brush; #C C paints the table with the brush."
    },
    {
        "Video Name": "04c06e07-3e45-4028-b6ca-c78cfbd83a3b",
        "Start Frame": 3720,
        "End Frame": 3840,
        "Caption": "#C C walks around the workshop; #C C looks around; #C C adjusts the camera; #C C moves towards the drawer; #C C stands up"
    },
    {
        "Video Name": "04c06e07-3e45-4028-b6ca-c78cfbd83a3b",
        "Start Frame": 3840,
        "End Frame": 3960,
        "Caption": "#C C stands up; #C C walks towards the drawer; #C C stands up ; #C C looks at the cabinet; #C C stands up."
    },
    {
        "Video Name": "04c06e07-3e45-4028-b6ca-c78cfbd83a3b",
        "Start Frame": 3960,
        "End Frame": 4080,
        "Caption": "#C C stands beside the bench.; #C C stands up; #C C walks towards a man X.; #C C drops the paint can on the; #C C stands up"
    },
    {
        "Video Name": "04c06e07-3e45-4028-b6ca-c78cfbd83a3b",
        "Start Frame": 4080,
        "End Frame": 4200,
        "Caption": "#C C walks around the workshop; #C C walks around the workshop; #C C walks towards a wooden frame on the floor; #C C walks away from the cabinet.; #C C walks towards the furniture."
    },
    {
        "Video Name": "04c06e07-3e45-4028-b6ca-c78cfbd83a3b",
        "Start Frame": 4200,
        "End Frame": 4320,
        "Caption": "#C C walks to a balcony.; #C C walks towards the veranda; #C C walks towards the stairs.; #C C walks towards a walkway; #C C walks away from the door"
    },
    {
        "Video Name": "04c06e07-3e45-4028-b6ca-c78cfbd83a3b",
        "Start Frame": 4320,
        "End Frame": 4440,
        "Caption": "#C C paints the furniture with the brush; #C C paints the furniture with the brush; #C C paints the furniture with the brush; #C C paints the furniture with the brush; #C C paints the furniture with the brush"
    },
    {
        "Video Name": "04c06e07-3e45-4028-b6ca-c78cfbd83a3b",
        "Start Frame": 4440,
        "End Frame": 4560,
        "Caption": "#C C dips the paint brush in the paint.; #C C turns his head; #C C dips the paint brush into the paint in the coconut shell; #C C dips the paint brush in the paint in the coconut shell; #C C dips the paintbrush into the paint container in his left"
    },
    {
        "Video Name": "04c06e07-3e45-4028-b6ca-c78cfbd83a3b",
        "Start Frame": 4560,
        "End Frame": 4680,
        "Caption": "#C C paints the furniture with the brush in his right hand; #C C paints the furniture with the paintbrush with his right; #C C paints the wardrobe with the paintbrush with his right; #C C paints the wardrobe with the paintbrush with his right; #C C paints the wardrobe with the paintbrush with his right"
    },
    {
        "Video Name": "04c06e07-3e45-4028-b6ca-c78cfbd83a3b",
        "Start Frame": 4680,
        "End Frame": 4800,
        "Caption": "#C C paints a cabinet using a brush; #C C paints a cabinet using a brush; #C C paints the furniture; #C C paints a cabinet using a brush; #C C paints a cabinet using a brush"
    },
    {
        "Video Name": "04c06e07-3e45-4028-b6ca-c78cfbd83a3b",
        "Start Frame": 4800,
        "End Frame": 4920,
        "Caption": "#C C paints a cabinet using a brush; #C C paints a cabinet using a brush; #C C paints the furniture with the brush; #C C paints a cabinet using a brush; #C C paints a cabinet using a brush"
    },
    {
        "Video Name": "04c06e07-3e45-4028-b6ca-c78cfbd83a3b",
        "Start Frame": 4920,
        "End Frame": 5040,
        "Caption": "#C C paints a cabinet using a brush; #C C paints a cabinet using a brush; #C C paints a cabinet using a brush; #C C paints a cabinet using a brush; #C C paints a cabinet using a brush"
    },
    {
        "Video Name": "04c06e07-3e45-4028-b6ca-c78cfbd83a3b",
        "Start Frame": 5040,
        "End Frame": 5160,
        "Caption": "#C C paints a cabinet using a brush; #C C paints a cabinet using a brush; #C C paints a cabinet using a brush; #C C paints a cabinet using a brush; #C C paints a cabinet using a brush"
    },
    {
        "Video Name": "04c06e07-3e45-4028-b6ca-c78cfbd83a3b",
        "Start Frame": 5160,
        "End Frame": 5280,
        "Caption": "#C C dips the paintbrush into the paint in the coconut; #C C dips the paint brush in the paint; #C C removes the paint brush from the paint; #C C paints the wardrobe with the paintbrush with his right; #C C paints the wardrobe with the paintbrush with his right"
    },
    {
        "Video Name": "04c06e07-3e45-4028-b6ca-c78cfbd83a3b",
        "Start Frame": 5280,
        "End Frame": 5400,
        "Caption": "#C C wipes the bristles on the coconut shell; #C C wipes the bristles on the coconut shell; #C C wipes the bristles on the coconut shell; #C C wipes the bristles on the paint can ; #C C wipes the bristles of the paint brush on the side of the coconut"
    }
]