[
    {
        "Video Name": "04cb38bb-7845-4e52-ab02-283ba0065060",
        "Start Frame": 0,
        "End Frame": 120,
        "Caption": "#C C points the book; #C C moves hand away; #C C moves hand away from the; #C C moves child X hand away; #C C points book"
    },
    {
        "Video Name": "04cb38bb-7845-4e52-ab02-283ba0065060",
        "Start Frame": 120,
        "End Frame": 240,
        "Caption": "#O Child X writes on the; #C C points the book; #O Child X writes on the; #C C holds girl X hand; #C C holds child X hand"
    },
    {
        "Video Name": "04cb38bb-7845-4e52-ab02-283ba0065060",
        "Start Frame": 240,
        "End Frame": 360,
        "Caption": "#O girl X writes a book; #C C points book; #O Child X writes on the; #O girl X touches book; #O Child X writes on the"
    },
    {
        "Video Name": "04cb38bb-7845-4e52-ab02-283ba0065060",
        "Start Frame": 360,
        "End Frame": 480,
        "Caption": "#O girl X writes on the book; #C C points the book ; #O Child X writes on the book; #C C holds girl X hand; #O Child X writes on the book"
    },
    {
        "Video Name": "04cb38bb-7845-4e52-ab02-283ba0065060",
        "Start Frame": 480,
        "End Frame": 600,
        "Caption": "#O Child X writes on the; #C C holds girl X hand; #O Child X writes on the; #O Child X writes on the; #O Child X writes on the"
    },
    {
        "Video Name": "04cb38bb-7845-4e52-ab02-283ba0065060",
        "Start Frame": 600,
        "End Frame": 720,
        "Caption": "#O Child X writes on the; #O Child X writes on the; #O Child X writes on the; #C C points the book ; #O Child X writes on the"
    },
    {
        "Video Name": "04cb38bb-7845-4e52-ab02-283ba0065060",
        "Start Frame": 720,
        "End Frame": 840,
        "Caption": "#O Child X writes on the book; #C C holds girl X hand ; #O Child X lifts pen; #C C touches child X hand; #C C points the book with finger"
    },
    {
        "Video Name": "04cb38bb-7845-4e52-ab02-283ba0065060",
        "Start Frame": 840,
        "End Frame": 960,
        "Caption": "#C C points the book; #O Child X lifts pen; #C C points book with finger; #O Child X writes on the; #C C holds girl X hand"
    },
    {
        "Video Name": "04cb38bb-7845-4e52-ab02-283ba0065060",
        "Start Frame": 960,
        "End Frame": 1080,
        "Caption": "#C C points the book; #O Child X lifts pen; #C C points the book with finger; #C C points the book; #C C points the book"
    },
    {
        "Video Name": "04cb38bb-7845-4e52-ab02-283ba0065060",
        "Start Frame": 1080,
        "End Frame": 1200,
        "Caption": "#O girl X writes a book; #O girl X writes a book; #C C lifts hand; #O girl X writes on the; #O Child X writes on the"
    },
    {
        "Video Name": "04cb38bb-7845-4e52-ab02-283ba0065060",
        "Start Frame": 1200,
        "End Frame": 1320,
        "Caption": "#O Child X writes on the; #C C points the book; #C C moves hand away; #C C points the book; #O Child X writes on the"
    },
    {
        "Video Name": "04cb38bb-7845-4e52-ab02-283ba0065060",
        "Start Frame": 1320,
        "End Frame": 1440,
        "Caption": "#O Child X writes on the; #C C points the book; #C C points the book; #O Child X writes on the; #C C moves hand away"
    },
    {
        "Video Name": "04cb38bb-7845-4e52-ab02-283ba0065060",
        "Start Frame": 1440,
        "End Frame": 1560,
        "Caption": "#C C holds child X hand; #C C moves hand away; #O Child X writes on the; #O Child X writes on the; #C C moves hand away"
    },
    {
        "Video Name": "04cb38bb-7845-4e52-ab02-283ba0065060",
        "Start Frame": 1560,
        "End Frame": 1680,
        "Caption": "#O Child X writes on the book; #C C points the book; #C C moves right hand; #C C points the book with pen; #O Child X writes on the book"
    },
    {
        "Video Name": "04cb38bb-7845-4e52-ab02-283ba0065060",
        "Start Frame": 1680,
        "End Frame": 1800,
        "Caption": "#C C points the book; #O girl X writes a book; #C C points the book with the pen; #C C points the book; #C C points the book"
    },
    {
        "Video Name": "04cb38bb-7845-4e52-ab02-283ba0065060",
        "Start Frame": 1800,
        "End Frame": 1920,
        "Caption": "#C C points the book; #C C points at the book ; #O girl X writes a book; #C C points the book with the; #C C points the book"
    },
    {
        "Video Name": "04cb38bb-7845-4e52-ab02-283ba0065060",
        "Start Frame": 1920,
        "End Frame": 2040,
        "Caption": "#C C points the book with a finger; #O Child X points the book; #C C moves her hand; #C C points the book with pen cap; #O Child X writes on the book"
    },
    {
        "Video Name": "04cb38bb-7845-4e52-ab02-283ba0065060",
        "Start Frame": 2040,
        "End Frame": 2160,
        "Caption": "#C C points the book with a pen; #C C points the book; #C C holds girl X hand ; #C C points the book; #C C holds child X hand"
    },
    {
        "Video Name": "04cb38bb-7845-4e52-ab02-283ba0065060",
        "Start Frame": 2160,
        "End Frame": 2280,
        "Caption": "#O Child X writes on the; #C C points book; #C C points the book; #C C points book with finger; #C C points book"
    },
    {
        "Video Name": "04cb38bb-7845-4e52-ab02-283ba0065060",
        "Start Frame": 2280,
        "End Frame": 2400,
        "Caption": "#C C points the book; #O girl X writes a book with a pen; #C C points the book with the pen; #O Child X writes on the book; #C C points the book"
    },
    {
        "Video Name": "04cb38bb-7845-4e52-ab02-283ba0065060",
        "Start Frame": 2400,
        "End Frame": 2520,
        "Caption": "#O Child X writes on the book; #C C points the book ; #C C points the book with pen; #O Child X writes on the book; #C C touches girl X hand"
    },
    {
        "Video Name": "04cb38bb-7845-4e52-ab02-283ba0065060",
        "Start Frame": 2520,
        "End Frame": 2640,
        "Caption": "#O girl X writes a book; #C C moves her hand; #C C lifts up the hand; #C C points at the book; #C C holds girl X hand"
    },
    {
        "Video Name": "04cb38bb-7845-4e52-ab02-283ba0065060",
        "Start Frame": 2640,
        "End Frame": 2760,
        "Caption": "#O Child X writes on the; #O Child X writes on the; #C C points the book; #O Child X writes on the; #C C points the book"
    },
    {
        "Video Name": "04cb38bb-7845-4e52-ab02-283ba0065060",
        "Start Frame": 2760,
        "End Frame": 2880,
        "Caption": "#C C points on the book with the; #O girl X writes a book; #C C moves hand away; #C C moves hand away; #C C points at the book "
    },
    {
        "Video Name": "04cb38bb-7845-4e52-ab02-283ba0065060",
        "Start Frame": 2880,
        "End Frame": 3000,
        "Caption": "#C C points the book; #C C holds girl X hand; #O Child X writes on the; #C C writes on the book; #C C holds girl X hand"
    },
    {
        "Video Name": "04cb38bb-7845-4e52-ab02-283ba0065060",
        "Start Frame": 3000,
        "End Frame": 3120,
        "Caption": "#C C points the; #C C points the; #C C points the; #C C points the; #C C points the"
    },
    {
        "Video Name": "04cb38bb-7845-4e52-ab02-283ba0065060",
        "Start Frame": 3120,
        "End Frame": 3240,
        "Caption": "#C C holds girl X hand; #C C moves hand away; #C C moves hand away; #O Child X writes on the; #C C holds child X hand"
    },
    {
        "Video Name": "04cb38bb-7845-4e52-ab02-283ba0065060",
        "Start Frame": 3240,
        "End Frame": 3360,
        "Caption": "#C C holds girl X hand; #O Child X writes on the book; #O girl X writes a book; #C C points the book; #C C points a book with pen"
    },
    {
        "Video Name": "04cb38bb-7845-4e52-ab02-283ba0065060",
        "Start Frame": 3360,
        "End Frame": 3480,
        "Caption": "#O Child X writes on the; #O Child X writes on the; #C C touches child X ; #O Child X writes on the; #C C points the book"
    },
    {
        "Video Name": "04cb38bb-7845-4e52-ab02-283ba0065060",
        "Start Frame": 3480,
        "End Frame": 3600,
        "Caption": "#C C moves hand away; #C C raises her hand; #O girl X writes a; #C C lifts her hand; #C C moves hand away"
    },
    {
        "Video Name": "04cb38bb-7845-4e52-ab02-283ba0065060",
        "Start Frame": 3600,
        "End Frame": 3720,
        "Caption": "#C C points the book with finger; #C C holds girl X hand ; #C C points the book; #O Child X writes on the book; #O Child X writes on the book"
    },
    {
        "Video Name": "04cb38bb-7845-4e52-ab02-283ba0065060",
        "Start Frame": 3720,
        "End Frame": 3840,
        "Caption": "#C C moves hand away; #O Child X writes on the; #O Child X writes on the; #O Child X writes on the; #C C writes on the book"
    },
    {
        "Video Name": "04cb38bb-7845-4e52-ab02-283ba0065060",
        "Start Frame": 3840,
        "End Frame": 3960,
        "Caption": "#C C moves hand away; #C C moves hand away; #C C points the book ; #C C points the book with her right; #O Child X writes on the book"
    },
    {
        "Video Name": "04cb38bb-7845-4e52-ab02-283ba0065060",
        "Start Frame": 3960,
        "End Frame": 4080,
        "Caption": "#O Child X writes on the; #O Child X writes on the; #C C moves hand away; #O Child X lifts pen; #O Child X writes on the"
    },
    {
        "Video Name": "04cb38bb-7845-4e52-ab02-283ba0065060",
        "Start Frame": 4080,
        "End Frame": 4200,
        "Caption": "#C C holds child X; #C C writes on the; #C C points the book; #C C holds girl X; #C C holds child X"
    },
    {
        "Video Name": "04cb38bb-7845-4e52-ab02-283ba0065060",
        "Start Frame": 4200,
        "End Frame": 4320,
        "Caption": "#O Child X writes on the book; #O girl X writes a book; #C C points at the book; #C C points the book with her right; #C C points the book"
    },
    {
        "Video Name": "04cb38bb-7845-4e52-ab02-283ba0065060",
        "Start Frame": 4320,
        "End Frame": 4440,
        "Caption": "#O girl X writes a book; #O girl X writes a book; #O Child X writes on the; #O girl X writes on the; #O girl X writes on the"
    },
    {
        "Video Name": "04cb38bb-7845-4e52-ab02-283ba0065060",
        "Start Frame": 4440,
        "End Frame": 4560,
        "Caption": "#C C points the book; #O Child X writes on the; #O Child X writes on the; #O Child X writes on the; #O Child X writes on the"
    },
    {
        "Video Name": "04cb38bb-7845-4e52-ab02-283ba0065060",
        "Start Frame": 4560,
        "End Frame": 4680,
        "Caption": "#C C moves hand away from the; #C C raises hand ; #C C moves her hand; #C C lifts up the hand; #C C lifts hand"
    },
    {
        "Video Name": "04cb38bb-7845-4e52-ab02-283ba0065060",
        "Start Frame": 4680,
        "End Frame": 4800,
        "Caption": "#C C points the book; #C C holds girl X hand; #C C points the book ; #C C points the book with pen cap; #C C holds girl X hand "
    },
    {
        "Video Name": "04cb38bb-7845-4e52-ab02-283ba0065060",
        "Start Frame": 4800,
        "End Frame": 4920,
        "Caption": "#C C points the book; #C C points the book with pen cap; #C C points the book; #C C points the book with her right; #O girl X writes on a book"
    },
    {
        "Video Name": "04cb38bb-7845-4e52-ab02-283ba0065060",
        "Start Frame": 4920,
        "End Frame": 5040,
        "Caption": "#O Child X writes on the book; #O girl X writes on the book; #C C points the book with a pen; #C C points the book with pen cap; #O Child X writes on the book"
    },
    {
        "Video Name": "04cb38bb-7845-4e52-ab02-283ba0065060",
        "Start Frame": 5040,
        "End Frame": 5160,
        "Caption": "#O Child X lifts pen; #C C points the book; #C C moves the book with her left hand; #O Child X writes on the book; #O Child X lifts pen"
    },
    {
        "Video Name": "04cb38bb-7845-4e52-ab02-283ba0065060",
        "Start Frame": 5160,
        "End Frame": 5280,
        "Caption": "#C C talks to child; #C C interacts with girl; #O girl X writes a; #C C lifts hand; #O girl X writes a"
    },
    {
        "Video Name": "04cb38bb-7845-4e52-ab02-283ba0065060",
        "Start Frame": 5280,
        "End Frame": 5400,
        "Caption": "#O girl X writes a book; #C C lifts pen; #O girl X writes on the; #O Child X writes on the; #O girl X writes a book"
    }
]