[
    {
        "Video Name": "051b6f16-ab40-4372-ad24-ab359622cbc1",
        "Start Frame": 0,
        "End Frame": 120,
        "Caption": "#C C drops the rose flower in the fabric with his right hand. ; #C C plucks the flower; #C C places the rose in the scarf; #C C drops the rose flower in the cloth in his left hand with his right hand.; #C C plucks a flower from the plant with his right hand."
    },
    {
        "Video Name": "051b6f16-ab40-4372-ad24-ab359622cbc1",
        "Start Frame": 120,
        "End Frame": 240,
        "Caption": "#C C plucks a flower from the plant with his right hand.; #C C plucks the flower; #C C plucks a flower from the flower plant in the garden with his right hand; #C C plucks flower; #C C plucks the flower"
    },
    {
        "Video Name": "051b6f16-ab40-4372-ad24-ab359622cbc1",
        "Start Frame": 240,
        "End Frame": 360,
        "Caption": "#C C plucks a rose flower from the plantation with his right hand.; #C C plucks the flower; #C C plucks flower; #C C plucks the flower; #C C plucks a rose flower from the plantation with his right hand."
    },
    {
        "Video Name": "051b6f16-ab40-4372-ad24-ab359622cbc1",
        "Start Frame": 360,
        "End Frame": 480,
        "Caption": "#C C plucks flower; #C C plucks flower; #C C plucks a flower from the plant with his right hand; #C C plucks the flower; #C C plucks the flower"
    },
    {
        "Video Name": "051b6f16-ab40-4372-ad24-ab359622cbc1",
        "Start Frame": 480,
        "End Frame": 600,
        "Caption": "#C C picks a rose flower from the flower bed with his right hand; #C C moves towards another bush; #C C looks around; #C C touches the flower; #C C moves towards another bush"
    },
    {
        "Video Name": "051b6f16-ab40-4372-ad24-ab359622cbc1",
        "Start Frame": 600,
        "End Frame": 720,
        "Caption": "#C C touches the flower; #C C plucks flower; #C C picks a rose flower from the flower bed with his right hand.; #C C plucks flower; #C C plucks a flower from the flower plant in the garden with his right hand"
    },
    {
        "Video Name": "051b6f16-ab40-4372-ad24-ab359622cbc1",
        "Start Frame": 720,
        "End Frame": 840,
        "Caption": "#C C plucks flower; #C C plucks the flower; #C C plucks the flower; #C C plucks the flower; #C C plucks a rose flower from the plantation with his right hand."
    },
    {
        "Video Name": "051b6f16-ab40-4372-ad24-ab359622cbc1",
        "Start Frame": 840,
        "End Frame": 960,
        "Caption": "#C C plucks flower; #C C plucks the flower; #C C plucks a flower from the flower plant in the garden with his right hand; #C C plucks flower; #C C plucks the flower"
    },
    {
        "Video Name": "051b6f16-ab40-4372-ad24-ab359622cbc1",
        "Start Frame": 960,
        "End Frame": 1080,
        "Caption": "#C C plucks flower; #C C plucks a rose flower from the plantation with his right hand.; #C C plucks flower; #C C plucks flower; #C C plucks the flower"
    },
    {
        "Video Name": "051b6f16-ab40-4372-ad24-ab359622cbc1",
        "Start Frame": 1080,
        "End Frame": 1200,
        "Caption": "#C C plucks the flower; #C C plucks the flower; #C C plucks the flower; #C C plucks the flower; #C C plucks a rose flower from the plantation with his right hand"
    },
    {
        "Video Name": "051b6f16-ab40-4372-ad24-ab359622cbc1",
        "Start Frame": 1200,
        "End Frame": 1320,
        "Caption": "#C C drops the flower bud in the fabric with his right hand; #C C plucks a flower from the plant with his right hand; #C C plucks the flower; #C C plucks a flower from the plant with his right hand; #C C plucks flower"
    },
    {
        "Video Name": "051b6f16-ab40-4372-ad24-ab359622cbc1",
        "Start Frame": 1320,
        "End Frame": 1440,
        "Caption": "#C C walks forward; #C C looks around; #C C talks to a man; #C C looks around; #C C walks around the garden"
    },
    {
        "Video Name": "051b6f16-ab40-4372-ad24-ab359622cbc1",
        "Start Frame": 1440,
        "End Frame": 1560,
        "Caption": "#C C drops the rose flower in the fabric with his right hand.; #C C plucks flower; #C C plucks flower; #C C drops the rose flower from his left hand on the cloth on the floor; #C C picks a rose flower from the flower bed with his right hand. "
    },
    {
        "Video Name": "051b6f16-ab40-4372-ad24-ab359622cbc1",
        "Start Frame": 1560,
        "End Frame": 1680,
        "Caption": "#C C plucks flower; #C C plucks the; #C C plucks the; #C C plucks the; #C C plucks the"
    },
    {
        "Video Name": "051b6f16-ab40-4372-ad24-ab359622cbc1",
        "Start Frame": 1680,
        "End Frame": 1800,
        "Caption": "#C C plucks the flower; #C C plucks the flower; #C C plucks the flower; #C C drops the rose flower in the fabric with his right hand; #C C plucks the flower"
    },
    {
        "Video Name": "051b6f16-ab40-4372-ad24-ab359622cbc1",
        "Start Frame": 1800,
        "End Frame": 1920,
        "Caption": "#C C touches the rose flower from the garden with his left hand.; #C C plucks the flower; #C C plucks the flower; #C C plucks the flower; #C C plucks a rose flower from the plantation with his left hand."
    },
    {
        "Video Name": "051b6f16-ab40-4372-ad24-ab359622cbc1",
        "Start Frame": 1920,
        "End Frame": 2040,
        "Caption": "#C C moves towards another bush; #C C moves towards another bush; #C C talks to a man; #C C moves towards another bush; #C C turns around"
    },
    {
        "Video Name": "051b6f16-ab40-4372-ad24-ab359622cbc1",
        "Start Frame": 2040,
        "End Frame": 2160,
        "Caption": "#C C plucks the; #C C plucks the; #C C plucks flower; #C C plucks the; #C C plucks the"
    },
    {
        "Video Name": "051b6f16-ab40-4372-ad24-ab359622cbc1",
        "Start Frame": 2160,
        "End Frame": 2280,
        "Caption": "#C C plucks a rose flower from the plantation with his right hand.; #C C picks a rose flower from the flower bed with his right hand.; #C C plucks a rose flower from the plantation with his right hand.; #C C places the flower bud in the cloth with his right hand.; #C C drops the rose flower in the cloth with his right hand."
    },
    {
        "Video Name": "051b6f16-ab40-4372-ad24-ab359622cbc1",
        "Start Frame": 2280,
        "End Frame": 2400,
        "Caption": "#C C plucks the flower; #C C plucks the flower; #C C plucks flower; #C C plucks the flower; #C C plucks a rose flower from the plantation with his right hand"
    },
    {
        "Video Name": "051b6f16-ab40-4372-ad24-ab359622cbc1",
        "Start Frame": 2400,
        "End Frame": 2520,
        "Caption": "#C C moves towards another; #C C turns around; #C C looks around; #C C looks around; #C C looks around"
    },
    {
        "Video Name": "051b6f16-ab40-4372-ad24-ab359622cbc1",
        "Start Frame": 2520,
        "End Frame": 2640,
        "Caption": "#C C looks around; #C C walks in the; #C C looks around ; #C C talks with man; #C C looks around"
    },
    {
        "Video Name": "051b6f16-ab40-4372-ad24-ab359622cbc1",
        "Start Frame": 2640,
        "End Frame": 2760,
        "Caption": "#C C looks around; #C C stares around; #C C looks around; #C C looks around; #C C walks around"
    },
    {
        "Video Name": "051b6f16-ab40-4372-ad24-ab359622cbc1",
        "Start Frame": 2760,
        "End Frame": 2880,
        "Caption": "#C C looks; #C C looks; #C C looks; #C C looks; #C C looks"
    },
    {
        "Video Name": "051b6f16-ab40-4372-ad24-ab359622cbc1",
        "Start Frame": 2880,
        "End Frame": 3000,
        "Caption": "#C C talks to a man; #C C talks to a man; #C C looks around; #C C talks with person T; #C C talks to a man"
    },
    {
        "Video Name": "051b6f16-ab40-4372-ad24-ab359622cbc1",
        "Start Frame": 3000,
        "End Frame": 3120,
        "Caption": "#C C drops the cloth on the cloth with his left hand; #C C adjusts the cloth ; #C C places the cloth on the head; #C C holds the cloth with the right hand; #C C places the scarf on the head"
    },
    {
        "Video Name": "051b6f16-ab40-4372-ad24-ab359622cbc1",
        "Start Frame": 3120,
        "End Frame": 3240,
        "Caption": "#C C removes the cloth from his waist with both hands.; #C C adjusts his shirt with both hands.; #C C places the cloth on his body with his hands.; #C C wears the shirt with both hands.; #C C adjusts the cloth on his body with his left hand"
    },
    {
        "Video Name": "051b6f16-ab40-4372-ad24-ab359622cbc1",
        "Start Frame": 3240,
        "End Frame": 3360,
        "Caption": "#C C adjusts the cloth with his hands.; #C C holds the cloth with his right hand.; #C C adjusts a scarf on his body with his hands; #C C adjusts the cloth with both hands.; #C C adjusts the cloth on his body with both hands"
    },
    {
        "Video Name": "051b6f16-ab40-4372-ad24-ab359622cbc1",
        "Start Frame": 3360,
        "End Frame": 3480,
        "Caption": "#C C adjusts the cloth with his hands; #C C adjusts the cloth with both hands; #C C adjusts the cloth with both hands; #C C lifts the scarf; #C C adjusts the scarf with both hands"
    },
    {
        "Video Name": "051b6f16-ab40-4372-ad24-ab359622cbc1",
        "Start Frame": 3480,
        "End Frame": 3600,
        "Caption": "#C C places the cloth on his body with both hands.; #C C puts the scarf on his left hand; #C C places the scarf in the hanger; #C C places the scarf in the cloth with his left hand; #C C holds the cloth in both hands."
    },
    {
        "Video Name": "051b6f16-ab40-4372-ad24-ab359622cbc1",
        "Start Frame": 3600,
        "End Frame": 3720,
        "Caption": "#C C walks to another; #C C looks around; #C C looks around; #C C walks around the; #C C talks with person"
    },
    {
        "Video Name": "051b6f16-ab40-4372-ad24-ab359622cbc1",
        "Start Frame": 3720,
        "End Frame": 3840,
        "Caption": "#C C picks a rose flower from the flower bed with his right hand; #C C picks a rose flower from the flower bed with his right hand; #C C drops the flower in the cloth with his right hand.; #C C plucks the flower; #C C drops the flower in the fabric with his right hand."
    },
    {
        "Video Name": "051b6f16-ab40-4372-ad24-ab359622cbc1",
        "Start Frame": 3840,
        "End Frame": 3960,
        "Caption": "#C C talks to a man; #C C looks around ; #C C talks with person T; #C C walks towards another bush; #C C looks around"
    },
    {
        "Video Name": "051b6f16-ab40-4372-ad24-ab359622cbc1",
        "Start Frame": 3960,
        "End Frame": 4080,
        "Caption": "#C C looks around; #C C looks around; #C C looks around; #C C looks around; #C C talks to a man"
    },
    {
        "Video Name": "051b6f16-ab40-4372-ad24-ab359622cbc1",
        "Start Frame": 4080,
        "End Frame": 4200,
        "Caption": "#C C looks around; #C C looks around the; #C C turns around; #C C looks around the; #C C walks towards another"
    },
    {
        "Video Name": "051b6f16-ab40-4372-ad24-ab359622cbc1",
        "Start Frame": 4200,
        "End Frame": 4320,
        "Caption": "#C C places the flower in the scarf; #C C looks around the flower; #C C looks around; #C C picks a rose flower from the flower bed with his right hand.; #C C looks at the flower"
    },
    {
        "Video Name": "051b6f16-ab40-4372-ad24-ab359622cbc1",
        "Start Frame": 4320,
        "End Frame": 4440,
        "Caption": "#C C plucks the flower; #C C plucks flower; #C C plucks the flower; #C C plucks flower; #C C picks a rose flower from the flower bed with his right hand"
    },
    {
        "Video Name": "051b6f16-ab40-4372-ad24-ab359622cbc1",
        "Start Frame": 4440,
        "End Frame": 4560,
        "Caption": "#C C plucks a flower from the plant with his right hand.; #C C plucks flower; #C C plucks the flower; #C C plucks a rose flower from the plantation with his right hand. ; #C C plucks a rose flower from the plantation with his right hand. "
    },
    {
        "Video Name": "051b6f16-ab40-4372-ad24-ab359622cbc1",
        "Start Frame": 4560,
        "End Frame": 4680,
        "Caption": "#C C talks to a woman; #C C looks around; #C C looks around; #C C talks to a woman; #C C looks around"
    },
    {
        "Video Name": "051b6f16-ab40-4372-ad24-ab359622cbc1",
        "Start Frame": 4680,
        "End Frame": 4800,
        "Caption": "#C C plucks a flower from the flower plant in the garden with his right hand; #C C places the flower in the scarf; #C C plucks the flower; #C C plucks the flower; #C C plucks flower"
    },
    {
        "Video Name": "051b6f16-ab40-4372-ad24-ab359622cbc1",
        "Start Frame": 4800,
        "End Frame": 4920,
        "Caption": "#C C looks around; #C C looks around; #C C turns around; #C C looks around; #C C looks around"
    },
    {
        "Video Name": "051b6f16-ab40-4372-ad24-ab359622cbc1",
        "Start Frame": 4920,
        "End Frame": 5040,
        "Caption": "#C C plucks the flower; #C C picks a rose flower from the flower bed with his right hand.; #C C plucks the flower; #C C plucks the flower; #C C plucks the flower"
    },
    {
        "Video Name": "051b6f16-ab40-4372-ad24-ab359622cbc1",
        "Start Frame": 5040,
        "End Frame": 5160,
        "Caption": "#C C moves towards another bush; #C C talks to a man; #C C looks around; #C C looks around; #C C moves towards another bush"
    },
    {
        "Video Name": "051b6f16-ab40-4372-ad24-ab359622cbc1",
        "Start Frame": 5160,
        "End Frame": 5280,
        "Caption": "#C C plucks the flower; #C C plucks the flower; #C C picks a rose flower from the flower bed with his right hand.; #C C plucks the flower; #C C plucks a rose flower from the plantation with his right hand."
    },
    {
        "Video Name": "051b6f16-ab40-4372-ad24-ab359622cbc1",
        "Start Frame": 5280,
        "End Frame": 5400,
        "Caption": "#C C drops the rose flower in the cloth in his left hand with his right hand; #C C puts the flower bud in the cloth in his left hand with his right hand; #C C places the flower in the scarf; #C C picks a flower bud from a plant with his right hand.; #C C places the flower in the scarf"
    }
]