[
    {
        "Video Name": "05ae9a21-12a3-48d9-8dec-8e8e1344852a",
        "Start Frame": 0,
        "End Frame": 120,
        "Caption": "#C C Walks around a; #C C walks around the workshop; #C C walks around the workshop; #C C walks around the room; #C C Walks around a"
    },
    {
        "Video Name": "05ae9a21-12a3-48d9-8dec-8e8e1344852a",
        "Start Frame": 120,
        "End Frame": 240,
        "Caption": "#C C puts the piece of wood in the bucket; #C C throws the pieces of wood in the bucket ; #C C drops the piece of wood into a bucket on the floor with his left hand; #C C puts the pieces of wood in the bucket; #C C drops the wood in the bucket"
    },
    {
        "Video Name": "05ae9a21-12a3-48d9-8dec-8e8e1344852a",
        "Start Frame": 240,
        "End Frame": 360,
        "Caption": "#C C puts the glue on the table; #C C puts the glue gun on the table; #C C walks around the workshop; #C C takes glue gun stick; #C C Puts down a bottle on a"
    },
    {
        "Video Name": "05ae9a21-12a3-48d9-8dec-8e8e1344852a",
        "Start Frame": 360,
        "End Frame": 480,
        "Caption": "#C C picks up a scraper from the; #C C picks the brush; #C C picks the scrapper; #C C picks up a scraper from the; #C C picks up the brush from the board"
    },
    {
        "Video Name": "05ae9a21-12a3-48d9-8dec-8e8e1344852a",
        "Start Frame": 480,
        "End Frame": 600,
        "Caption": "#C C scrapes off wood shavings on the; #C C puts the scraper on the table; #C C scrapes the table ; #C C scraps off the wood glue from the table; #C C scraps off wood glue on the table"
    },
    {
        "Video Name": "05ae9a21-12a3-48d9-8dec-8e8e1344852a",
        "Start Frame": 600,
        "End Frame": 720,
        "Caption": "#C C picks up a scraper from the board; #C C scrapes the wooden board with the scraper; #C C picks up the scraper from the board; #C C Picks up a wooden trowel from a; #C C Picks up a flat trowel from a"
    },
    {
        "Video Name": "05ae9a21-12a3-48d9-8dec-8e8e1344852a",
        "Start Frame": 720,
        "End Frame": 840,
        "Caption": "#C C picks a phone from the wooden board; #C C drops the nail on the wooden board; #C C drops the pen on the table; #C C drops the screwdriver on the wooden; #C C drops the pen on the board"
    },
    {
        "Video Name": "05ae9a21-12a3-48d9-8dec-8e8e1344852a",
        "Start Frame": 840,
        "End Frame": 960,
        "Caption": "#C C puts the glasses on the table; #C C puts the earmuffs on the; #C C picks up the glasses; #C C takes the glasses; #C C picks up a glasses"
    },
    {
        "Video Name": "05ae9a21-12a3-48d9-8dec-8e8e1344852a",
        "Start Frame": 960,
        "End Frame": 1080,
        "Caption": "#C C puts the scraper on the; #C C places the utility knife on the; #C C drops the brush on the floor; #C C drops the scraper on the; #C C drops the scraper on a"
    },
    {
        "Video Name": "05ae9a21-12a3-48d9-8dec-8e8e1344852a",
        "Start Frame": 1080,
        "End Frame": 1200,
        "Caption": "#C C picks a phone; #C C picks a phone from the; #C C picks a phone on a; #C C picks a phone ; #C C picks up the phone"
    },
    {
        "Video Name": "05ae9a21-12a3-48d9-8dec-8e8e1344852a",
        "Start Frame": 1200,
        "End Frame": 1320,
        "Caption": "#C C drops the wood on the board; #C C picks up the cutter from the; #C C removes the wood from the table; #C C puts the wooden ruler on the; #C C Picks up a wood from a"
    },
    {
        "Video Name": "05ae9a21-12a3-48d9-8dec-8e8e1344852a",
        "Start Frame": 1320,
        "End Frame": 1440,
        "Caption": "#C C applies glue to the board.; #C C moves the wooden board on the board with his right; #C C packs the wood chips together with the scraper.; #C C cleans the table with the wood.; #C C picks a scraper on the table"
    },
    {
        "Video Name": "05ae9a21-12a3-48d9-8dec-8e8e1344852a",
        "Start Frame": 1440,
        "End Frame": 1560,
        "Caption": "#C C puts the paint brush on the work; #C C drops the brush; #C C Puts down a paint brush; #C C puts a glue can on the work; #C C puts the brush on the table"
    },
    {
        "Video Name": "05ae9a21-12a3-48d9-8dec-8e8e1344852a",
        "Start Frame": 1560,
        "End Frame": 1680,
        "Caption": "#C C places the plastic container on the; #C C picks the container; #C C picks the paint can; #C C picks up the container; #C C places the plastic container on the"
    },
    {
        "Video Name": "05ae9a21-12a3-48d9-8dec-8e8e1344852a",
        "Start Frame": 1680,
        "End Frame": 1800,
        "Caption": "#C C walks to the workshop; #C C walks around the workshop; #C C walks around the workshop; #C C walks around the room; #C C walks around the workshop"
    },
    {
        "Video Name": "05ae9a21-12a3-48d9-8dec-8e8e1344852a",
        "Start Frame": 1800,
        "End Frame": 1920,
        "Caption": "#C C opens the can; #C C opens the jerry; #C C walks in the garage; #C C opens the jerry; #C C closes the container"
    },
    {
        "Video Name": "05ae9a21-12a3-48d9-8dec-8e8e1344852a",
        "Start Frame": 1920,
        "End Frame": 2040,
        "Caption": "#C C moves around the room; #C C picks a piece of wood from the; #C C walks around the workshop; #C C walks in the room; #C C picks a circular saw"
    },
    {
        "Video Name": "05ae9a21-12a3-48d9-8dec-8e8e1344852a",
        "Start Frame": 2040,
        "End Frame": 2160,
        "Caption": "#C C picks a piece of; #C C picks up a wood; #C C walks around.; #C C walks around the workshop; #C C picks a piece of"
    },
    {
        "Video Name": "05ae9a21-12a3-48d9-8dec-8e8e1344852a",
        "Start Frame": 2160,
        "End Frame": 2280,
        "Caption": "#C C walks around the room; #C C walks around the workshop; #C C Walks around a; #C C walks around the workshop; #C C walks around the room"
    },
    {
        "Video Name": "05ae9a21-12a3-48d9-8dec-8e8e1344852a",
        "Start Frame": 2280,
        "End Frame": 2400,
        "Caption": "#C C puts the bucket on the; #C C puts the bucket down; #C C walks in the room; #C C puts the bucket on the; #C C looks at the bucket"
    },
    {
        "Video Name": "05ae9a21-12a3-48d9-8dec-8e8e1344852a",
        "Start Frame": 2400,
        "End Frame": 2520,
        "Caption": "#C C walks around the workshop ; #C C picks up a foam from a; #C C walks around the workshop; #C C walks around the workshop; #C C takes a container from the shelf"
    },
    {
        "Video Name": "05ae9a21-12a3-48d9-8dec-8e8e1344852a",
        "Start Frame": 2520,
        "End Frame": 2640,
        "Caption": "#C C unplugs the cable; #C C picks a rope; #C C inserts the nozzle in the; #C C removes a cord from the; #C C pulls the horse pipe"
    },
    {
        "Video Name": "05ae9a21-12a3-48d9-8dec-8e8e1344852a",
        "Start Frame": 2640,
        "End Frame": 2760,
        "Caption": "#C C covers the container with the lid; #C C opens the container; #C C looks around the workshop ; #C C covers the plastic container with the; #C C puts the glue container on the"
    },
    {
        "Video Name": "05ae9a21-12a3-48d9-8dec-8e8e1344852a",
        "Start Frame": 2760,
        "End Frame": 2880,
        "Caption": "#C C drops the black paper on the; #C C moves the machine; #C C puts the paper aside; #C C takes a spray bottle ; #C C drops the machine on the table"
    },
    {
        "Video Name": "05ae9a21-12a3-48d9-8dec-8e8e1344852a",
        "Start Frame": 2880,
        "End Frame": 3000,
        "Caption": "#C C puts the paper on the table; #C C puts the paper on the board; #C C puts the paper on the table; #C C puts the paper on the table; #C C puts the paper on the wood"
    },
    {
        "Video Name": "05ae9a21-12a3-48d9-8dec-8e8e1344852a",
        "Start Frame": 3000,
        "End Frame": 3120,
        "Caption": "#C C picks a glue gun on the table; #C C Picks up a glue gun from a; #C C takes the adhesive glue gun from the; #C C picks a glue gun; #C C picks a adhesive glue"
    },
    {
        "Video Name": "05ae9a21-12a3-48d9-8dec-8e8e1344852a",
        "Start Frame": 3120,
        "End Frame": 3240,
        "Caption": "#C C moves around the workshop; #C C pours adhesive glue on the wood from the glue gun; #C C squeezes glue on the iron; #C C pours the glue on the cloth; #C C  removes a bit from the glue gun"
    },
    {
        "Video Name": "05ae9a21-12a3-48d9-8dec-8e8e1344852a",
        "Start Frame": 3240,
        "End Frame": 3360,
        "Caption": "#C C puts the gum gun on the bucket; #C C puts the caulking gun on the; #C C drops the glue gun on a table; #C C hangs the glue gun on a bucket; #C C drops the gun on a bucket"
    },
    {
        "Video Name": "05ae9a21-12a3-48d9-8dec-8e8e1344852a",
        "Start Frame": 3360,
        "End Frame": 3480,
        "Caption": "#C C takes adhesive glue ; #C C takes adhesive glue from the table; #C C picks up the sealant from the; #C C picks up the sealant; #C C picks adhesive glue lid"
    },
    {
        "Video Name": "05ae9a21-12a3-48d9-8dec-8e8e1344852a",
        "Start Frame": 3480,
        "End Frame": 3600,
        "Caption": "#C C cuts the seal; #C C removes the seal tape from the plastic; #C C cuts the seal; #C C cuts the seal; #C C tears off the seal"
    },
    {
        "Video Name": "05ae9a21-12a3-48d9-8dec-8e8e1344852a",
        "Start Frame": 3600,
        "End Frame": 3720,
        "Caption": "#C C covers the bottle top; #C C peels off the cello tape; #C C cuts the seal tape; #C C opens the bottle; #C C cuts the seal tape with the razor"
    },
    {
        "Video Name": "05ae9a21-12a3-48d9-8dec-8e8e1344852a",
        "Start Frame": 3720,
        "End Frame": 3840,
        "Caption": "#C C opens the lid ; #C C seals the container with the seal; #C C closes the container; #C C covers the glue container; #C C closes the bottle"
    },
    {
        "Video Name": "05ae9a21-12a3-48d9-8dec-8e8e1344852a",
        "Start Frame": 3840,
        "End Frame": 3960,
        "Caption": "#C C closes the bottle; #C C peels off seal tape; #C C cuts the seal of the glue bottle; #C C cuts a seal; #C C pours the adhesive glue on the"
    },
    {
        "Video Name": "05ae9a21-12a3-48d9-8dec-8e8e1344852a",
        "Start Frame": 3960,
        "End Frame": 4080,
        "Caption": "#C C removes the adhesive glue from the; #C C tears the seal; #C C opens the seal; #C C tears the adhesive glue from the; #C C removes the seal tape from the"
    },
    {
        "Video Name": "05ae9a21-12a3-48d9-8dec-8e8e1344852a",
        "Start Frame": 4080,
        "End Frame": 4200,
        "Caption": "#C C picks a glue gun from the table; #C C takes adhesive gun ; #C C picks a glue gun; #C C picks the adhesive glue gun; #C C Picks up a adhesive gun from a"
    },
    {
        "Video Name": "05ae9a21-12a3-48d9-8dec-8e8e1344852a",
        "Start Frame": 4200,
        "End Frame": 4320,
        "Caption": "#C C applies glue to the small piece of wood; #C C applies glue on the wood; #C C applies glue on the plastic; #C C applies glue to the tip of the glue; #C C applies glue on the piece of wood"
    },
    {
        "Video Name": "05ae9a21-12a3-48d9-8dec-8e8e1344852a",
        "Start Frame": 4320,
        "End Frame": 4440,
        "Caption": "#C C applies the glue on the plastic piece; #C C applies glue to a piece of wood; #C C pours the glue on the piece of; #C C puts the glue on the wooden board; #C C applies glue on the wooden block"
    },
    {
        "Video Name": "05ae9a21-12a3-48d9-8dec-8e8e1344852a",
        "Start Frame": 4440,
        "End Frame": 4560,
        "Caption": "#C C holds the plastic cylinder; #C C puts the adhesive glue on the board; #C C holds a cello tape on the table; #C C places the adhesive glue on the board; #C C  puts a piece of wood on the"
    },
    {
        "Video Name": "05ae9a21-12a3-48d9-8dec-8e8e1344852a",
        "Start Frame": 4560,
        "End Frame": 4680,
        "Caption": "#C C Puts down a sellotape on a; #C C drops the wooden strip; #C C puts the adhesive glue on the wooden board; #C C presses the adhesive glue on the wooden board; #C C drops the adhesive glue on the board"
    },
    {
        "Video Name": "05ae9a21-12a3-48d9-8dec-8e8e1344852a",
        "Start Frame": 4680,
        "End Frame": 4800,
        "Caption": "#C C looks around the; #C C turns around the; #C C holds the glue; #C C walks around the; #C C walks around the"
    },
    {
        "Video Name": "05ae9a21-12a3-48d9-8dec-8e8e1344852a",
        "Start Frame": 4800,
        "End Frame": 4920,
        "Caption": "#C C puts glue gun on the table; #C C puts glue gun on the table; #C C puts the glue gun on the table; #C C puts the glue gun on the table; #C C places the glue gun on the table"
    },
    {
        "Video Name": "05ae9a21-12a3-48d9-8dec-8e8e1344852a",
        "Start Frame": 4920,
        "End Frame": 5040,
        "Caption": "#C C walks towards the table; #C C Walks around a; #C C Walks around a; #C C walks around the workshop; #C C walks around the workshop"
    },
    {
        "Video Name": "05ae9a21-12a3-48d9-8dec-8e8e1344852a",
        "Start Frame": 5040,
        "End Frame": 5160,
        "Caption": "#C C fixes the nozzle on the glue gun; #C C  removes the adhesive gun nozzle cap; #C C applies glue to the tip of the hand drill; #C C puts the filler on the tip of a nail; #C C takes the adhesive glue gun"
    },
    {
        "Video Name": "05ae9a21-12a3-48d9-8dec-8e8e1344852a",
        "Start Frame": 5160,
        "End Frame": 5280,
        "Caption": "#C C walks around the workshop; #C C throws the gun ; #C C Walks around a garage; #C C Walks around a garage; #C C walks to the paint spray gun"
    },
    {
        "Video Name": "05ae9a21-12a3-48d9-8dec-8e8e1344852a",
        "Start Frame": 5280,
        "End Frame": 5400,
        "Caption": "#C C puts adhesive glue on the wooden structure; #C C drops the silicon container on the board; #C C applies adhesive on the plywood; #C C applies adhesive to the wooden frame; #C C puts adhesive glue on the piece of"
    }
]