[
    {
        "Video Name": "05b71669-39da-4bf6-9319-852efb7782cf",
        "Start Frame": 0,
        "End Frame": 120,
        "Caption": "#C C turns off the tap with his left hand; #C C opens the tap with his right hand.; #C C opens a tap with his right hand.; #C C closes the tap ; #C C closes the tap with his right hand."
    },
    {
        "Video Name": "05b71669-39da-4bf6-9319-852efb7782cf",
        "Start Frame": 120,
        "End Frame": 240,
        "Caption": "#C C walks towards a dining table.; #C C interacts with the woman X.; #C C walks to the dining table.; #C C walks in the room; #C C walks towards the kitchen from the dining room"
    },
    {
        "Video Name": "05b71669-39da-4bf6-9319-852efb7782cf",
        "Start Frame": 240,
        "End Frame": 360,
        "Caption": "#C C walks in the house; #C C walks in the house; #C C walks in the house; #C C moves towards a dining table; #C C walks towards the dining table"
    },
    {
        "Video Name": "05b71669-39da-4bf6-9319-852efb7782cf",
        "Start Frame": 360,
        "End Frame": 480,
        "Caption": "#O the woman X picks a plate of food from the table with her left hand; #O woman X picks up the spoon; #C C interacts with a woman X.; #O The woman X picks a container from the table with her right hand.; #O woman X picks the food "
    },
    {
        "Video Name": "05b71669-39da-4bf6-9319-852efb7782cf",
        "Start Frame": 480,
        "End Frame": 600,
        "Caption": "#C C picks a spoon from the table with his left hand. ; #C C picks food from the table; #C C picks food from the table with his left hand.; #O The woman X picks a piece of potato from the plate with her right hand; #C C picks a spoon from the table with her left hand."
    },
    {
        "Video Name": "05b71669-39da-4bf6-9319-852efb7782cf",
        "Start Frame": 600,
        "End Frame": 720,
        "Caption": "#O person X removes the towel ; #O person X picks a hand towel; #O The woman X holds the phone with both hands.; #O a woman T places the phone on the table; #O The woman X adjusts her glasses with her right hand"
    },
    {
        "Video Name": "05b71669-39da-4bf6-9319-852efb7782cf",
        "Start Frame": 720,
        "End Frame": 840,
        "Caption": "#C C picks the food from the bowl with the fork in her right hand; #C C looks at the food on the table ; #C C scoops food; #C C scoops the food ; #C C holds a container"
    },
    {
        "Video Name": "05b71669-39da-4bf6-9319-852efb7782cf",
        "Start Frame": 840,
        "End Frame": 960,
        "Caption": "#O The woman X converses with the baby Y.; #C C converses with the woman X.; #C C converses with person X; #O a woman T talks to C ; #O the woman T picks a fork from the table with her right hand"
    },
    {
        "Video Name": "05b71669-39da-4bf6-9319-852efb7782cf",
        "Start Frame": 960,
        "End Frame": 1080,
        "Caption": "#C C looks around; #O The baby Y holds a spoon with her right hand; #C C looks around ; #C C looks around; #C C looks around"
    },
    {
        "Video Name": "05b71669-39da-4bf6-9319-852efb7782cf",
        "Start Frame": 1080,
        "End Frame": 1200,
        "Caption": "#C C converses with the woman X; #C C looks around; #C C converses with the girl G; #C C looks at the baby; #C C interacts with the baby Y."
    },
    {
        "Video Name": "05b71669-39da-4bf6-9319-852efb7782cf",
        "Start Frame": 1200,
        "End Frame": 1320,
        "Caption": "#C C eats food ; #O The woman X drops the spoon on the plate with her right hand; #C C eats the food on the table; #C C eats food; #C C picks food"
    },
    {
        "Video Name": "05b71669-39da-4bf6-9319-852efb7782cf",
        "Start Frame": 1320,
        "End Frame": 1440,
        "Caption": "#C C feeds the baby; #C C feeds the child X with the spoon.; #O The woman X puts her left hand on the baby Y.; #C C feeds the baby Y with the spoon in his right hand; #O The woman X holds the spoon with her right hand."
    },
    {
        "Video Name": "05b71669-39da-4bf6-9319-852efb7782cf",
        "Start Frame": 1440,
        "End Frame": 1560,
        "Caption": "#C C picks up a spoon from the baby Y with his right hand; #C C looks at the baby; #C C interacts with the baby X.; #O The woman X holds a spoon with her right hand.; #O The woman X puts the spoon on the table with her right hand"
    },
    {
        "Video Name": "05b71669-39da-4bf6-9319-852efb7782cf",
        "Start Frame": 1560,
        "End Frame": 1680,
        "Caption": "#C C talks to the woman Y.; #O the woman X drops the spoon in her right hand on the table; #C C looks at the baby; #C C converses with a woman X ; #C C talks to the baby Y."
    },
    {
        "Video Name": "05b71669-39da-4bf6-9319-852efb7782cf",
        "Start Frame": 1680,
        "End Frame": 1800,
        "Caption": "#O The woman X eats a slice of bread with her right hand.; #C C talks to the woman X.; #O The woman X holds the towel with both hands.; #O The woman X drops the napkin on the table with her left hand; #O The woman X puts the napkin on the table with her left hand"
    },
    {
        "Video Name": "05b71669-39da-4bf6-9319-852efb7782cf",
        "Start Frame": 1800,
        "End Frame": 1920,
        "Caption": "#C C walks around the house; #C C walks in the house; #C C walks to the table; #C C walks around the house; #C C walks around the house"
    },
    {
        "Video Name": "05b71669-39da-4bf6-9319-852efb7782cf",
        "Start Frame": 1920,
        "End Frame": 2040,
        "Caption": "#C C opens a door with her left hand; #C C opens a door ; #C C opens a door ; #C C opens a door with his left hand; #C C opens a door with her left hand"
    },
    {
        "Video Name": "05b71669-39da-4bf6-9319-852efb7782cf",
        "Start Frame": 2040,
        "End Frame": 2160,
        "Caption": "#C C closes the cabinet with her left hand.; #C C opens the cupboard; #C C closes the kitchen cabinet with her left hand; #C C closes the cupboard; #C C closes the cabinet"
    },
    {
        "Video Name": "05b71669-39da-4bf6-9319-852efb7782cf",
        "Start Frame": 2160,
        "End Frame": 2280,
        "Caption": "#C C closes the car door; #C C walks around the garage; #C C opens the car door; #C C opens the door; #C C closes the car door"
    },
    {
        "Video Name": "05b71669-39da-4bf6-9319-852efb7782cf",
        "Start Frame": 2280,
        "End Frame": 2400,
        "Caption": "#C C opens the door; #C C looks at a dog; #C C looks around; #C C walks in the house; #C C closes the door with her right hand"
    },
    {
        "Video Name": "05b71669-39da-4bf6-9319-852efb7782cf",
        "Start Frame": 2400,
        "End Frame": 2520,
        "Caption": "#C C bends down; #C C looks around; #C C interacts with a dog X; #C C talks to the dog; #C C looks around"
    },
    {
        "Video Name": "05b71669-39da-4bf6-9319-852efb7782cf",
        "Start Frame": 2520,
        "End Frame": 2640,
        "Caption": "#C C walks around the room; #C C walks towards a chair; #C C looks around; #C C looks around; #C C moves around the room"
    },
    {
        "Video Name": "05b71669-39da-4bf6-9319-852efb7782cf",
        "Start Frame": 2640,
        "End Frame": 2760,
        "Caption": "#C C moves the camera around; #C C looks around; #C C looks at the floor; #C C looks around; #C C looks around"
    },
    {
        "Video Name": "05b71669-39da-4bf6-9319-852efb7782cf",
        "Start Frame": 2760,
        "End Frame": 2880,
        "Caption": "#C C walks into the kitchen.; #C C walks out of the kitchen.; #C C walks into the kitchen; #C C enters the kitchen.; #C C walks out of the kitchen through the corridor"
    },
    {
        "Video Name": "05b71669-39da-4bf6-9319-852efb7782cf",
        "Start Frame": 2880,
        "End Frame": 3000,
        "Caption": "#C C walks to the kitchen counter; #C C walks around the kitchen; #C C walks around; #C C walks into the kitchen.; #C C looks around"
    },
    {
        "Video Name": "05b71669-39da-4bf6-9319-852efb7782cf",
        "Start Frame": 3000,
        "End Frame": 3120,
        "Caption": "#C C opens the door; #C C walks in the house; #C C walks into the elevator.; #C C walks through the door.; #C C walks out of the room through the door"
    },
    {
        "Video Name": "05b71669-39da-4bf6-9319-852efb7782cf",
        "Start Frame": 3120,
        "End Frame": 3240,
        "Caption": "#C C opens the door; #C C walks to the; #C C opens the door; #C C opens the door; #C C walks towards the"
    },
    {
        "Video Name": "05b71669-39da-4bf6-9319-852efb7782cf",
        "Start Frame": 3240,
        "End Frame": 3360,
        "Caption": "#C C walks to the kitchen.; #C C walks to the dining area; #C C walks into a room.; #C C walks into a dining room; #C C walks towards a dining table"
    },
    {
        "Video Name": "05b71669-39da-4bf6-9319-852efb7782cf",
        "Start Frame": 3360,
        "End Frame": 3480,
        "Caption": "#C C walks to the dining room from the kitchen; #C C walks to the table in the living room; #C C walks to the kitchen.; #C C walks to the dining room.; #C C walks to the dining room from the kitchen"
    },
    {
        "Video Name": "05b71669-39da-4bf6-9319-852efb7782cf",
        "Start Frame": 3480,
        "End Frame": 3600,
        "Caption": "#C C walks towards the dinning table; #C C walks towards the baby Y.; #C C walks towards the baby Y.; #C C walks into the dining room.; #C C walks towards the dining table."
    },
    {
        "Video Name": "05b71669-39da-4bf6-9319-852efb7782cf",
        "Start Frame": 3600,
        "End Frame": 3720,
        "Caption": "#C C walks to the dining table.; #C C stands up from the chair.; #O The woman X eats chicken from a plate on the dining table with a fork in her right hand; #C C walks to the dining table.; #C C walks towards the dining table."
    },
    {
        "Video Name": "05b71669-39da-4bf6-9319-852efb7782cf",
        "Start Frame": 3720,
        "End Frame": 3840,
        "Caption": "#O the woman X eats food with the fork in her right hand.; #O The woman X eats the food with the spoon. ; #O The woman X eats the food on the plate with the fork in her right hand.; #O The woman X eats the food on the plate with the spoon in her right hand.; #C C interacts with the woman X."
    },
    {
        "Video Name": "05b71669-39da-4bf6-9319-852efb7782cf",
        "Start Frame": 3840,
        "End Frame": 3960,
        "Caption": "#O The woman X eats the vegetable from the plate of food with the fork in her right hand; #C C looks around ; #O The woman X puts the food in her mouth with the spoon in her right hand.; #O the woman T holds a plate on her lap with her left hand.; #O The woman X drops the spoon on the table with her right hand."
    },
    {
        "Video Name": "05b71669-39da-4bf6-9319-852efb7782cf",
        "Start Frame": 3960,
        "End Frame": 4080,
        "Caption": "#O the woman X picks a food from the plate with a spoon in her right hand; #O person Y picks food from the bowl; #O The woman X picks a spoon from the plate on the table with her right hand; #O The woman X picks up the plate on the table with her right hand.; #O The woman X picks a container from the table with her right hand."
    },
    {
        "Video Name": "05b71669-39da-4bf6-9319-852efb7782cf",
        "Start Frame": 4080,
        "End Frame": 4200,
        "Caption": "#O The woman X feeds the baby Y with the spoon with her right hand.; #O the woman Y picks a spoon from the baby Y with her right hand.; #O The woman X drops the spoon on the table with her right hand.; #O A lady X takes the spoon; #C C interacts with the woman X."
    },
    {
        "Video Name": "05b71669-39da-4bf6-9319-852efb7782cf",
        "Start Frame": 4200,
        "End Frame": 4320,
        "Caption": "#O woman X holds food; #O The woman X takes food from the plate with the spoon.; #C C picks a spoon from the plate of food with his right hand.; #C C takes food from the plate with a spoon; #O The woman X picks a spoon from a plate on the table with her right hand"
    },
    {
        "Video Name": "05b71669-39da-4bf6-9319-852efb7782cf",
        "Start Frame": 4320,
        "End Frame": 4440,
        "Caption": "#O A Woman X picks food from the plate with the right hand ; #O the woman X picks the spoon from the bowl with her right hand.; #O The woman X picks a spoon from the plate of food on the table with her right hand; #C C puts the food on the plate; #O The woman X feeds the baby Y with the spoon in her right hand."
    },
    {
        "Video Name": "05b71669-39da-4bf6-9319-852efb7782cf",
        "Start Frame": 4440,
        "End Frame": 4560,
        "Caption": "#O The woman X holds the napkin with both hands; #O The woman X holds the towel with both hands.; #O A woman X moves her hand ; #O The woman X interacts with the baby Y.; #O The woman X cleans her hands with the towel."
    },
    {
        "Video Name": "05b71669-39da-4bf6-9319-852efb7782cf",
        "Start Frame": 4560,
        "End Frame": 4680,
        "Caption": "#O the woman T drops the napkin on the table with her left hand.; #O The woman X picks up a napkin from the table with her right hand; #O woman X puts the spoon down; #O The woman X drops the plate of food on the table with her right hand; #O The woman X picks a cloth from the table with her right hand."
    },
    {
        "Video Name": "05b71669-39da-4bf6-9319-852efb7782cf",
        "Start Frame": 4680,
        "End Frame": 4800,
        "Caption": "#O The woman X cleans her hands with the napkin.; #O The woman P passes the napkin from her left hand to her right hand; #O A Woman X wipes the hand with a serviette ; #O The woman X cleans her hands with the napkin.; #O A woman X places the spoon on the table"
    },
    {
        "Video Name": "05b71669-39da-4bf6-9319-852efb7782cf",
        "Start Frame": 4800,
        "End Frame": 4920,
        "Caption": "#O The woman X picks a cookie from the plate of cookies on the table with her right hand; #O The woman X takes food from the plate with the spoon in her right hand.; #O The woman X holds the spoon in the bowl of food on the table with her right hand; #C C moves the hand; #O The woman X picks a napkin on a table with her left hand."
    },
    {
        "Video Name": "05b71669-39da-4bf6-9319-852efb7782cf",
        "Start Frame": 4920,
        "End Frame": 5040,
        "Caption": "#O woman Y touches a plate ; #C C eats with the spoon in his right hand.; #O The woman X picks a spoon from a plate of food on the table with her right hand; #C C eats food; #O The woman X drops the spoon in the bowl of food with her right hand."
    },
    {
        "Video Name": "05b71669-39da-4bf6-9319-852efb7782cf",
        "Start Frame": 5040,
        "End Frame": 5160,
        "Caption": "#C C holds a spoon ; #O A woman X picks a fork from the table with her right hand; #C C interacts with woman X; #O woman X eats food; #O woman X eats food"
    },
    {
        "Video Name": "05b71669-39da-4bf6-9319-852efb7782cf",
        "Start Frame": 5160,
        "End Frame": 5280,
        "Caption": "#O woman X speaks to C; #C C converses with the woman X.; #C C holds the spoon in the baby Y's left hand with his right hand; #C C interacts with the woman X.; #C C looks at the baby "
    },
    {
        "Video Name": "05b71669-39da-4bf6-9319-852efb7782cf",
        "Start Frame": 5280,
        "End Frame": 5400,
        "Caption": "#O person X touches the baby; #C C looks at the baby; #O The woman X eats food with a fork in her right hand; #C C stares at the baby; #C C talks to a woman X"
    }
]