[
    {
        "Video Name": "05e8cd77-2b89-4f2b-af5d-2de39436dfb7",
        "Start Frame": 0,
        "End Frame": 120,
        "Caption": "#C C plays the drum set with the drumstick in his left hand.; #C C beats the drum set with the drumsticks in his hands.; #C C hits the snare drum with the drumstick in his left hand; #C C beats the drum set with the drumsticks in both hands.; #C C beats the drum set with the drumsticks in his hands."
    },
    {
        "Video Name": "05e8cd77-2b89-4f2b-af5d-2de39436dfb7",
        "Start Frame": 120,
        "End Frame": 240,
        "Caption": "#C C beats the drum set with the two sticks in his hands; #C C plays the drum set with the drum sticks in both hands; #C C beats the drums with the two sticks in both hands.; #C C beats the drum set with the two sticks in both hands; #C C beats the drum set"
    },
    {
        "Video Name": "05e8cd77-2b89-4f2b-af5d-2de39436dfb7",
        "Start Frame": 240,
        "End Frame": 360,
        "Caption": "#C C beats the drum set with the drumstick in his hands.; #C C plays the drum set with the drumstick in his left hand; #C C beats the drum set with the drumsticks in both hands.; #C C hits the drum set with the drumsticks in his hands.; #C C beats the drum set with the drumsticks in his hands."
    },
    {
        "Video Name": "05e8cd77-2b89-4f2b-af5d-2de39436dfb7",
        "Start Frame": 360,
        "End Frame": 480,
        "Caption": "#C C hits drum; #C C hits drum; #C C beats the drum with the two sticks in his hands; #C C beats the drum set with the drumsticks in both hands; #C C beats the drum set with the drumsticks in both hands"
    },
    {
        "Video Name": "05e8cd77-2b89-4f2b-af5d-2de39436dfb7",
        "Start Frame": 480,
        "End Frame": 600,
        "Caption": "#C C beats the drums; #C C beats the drum with the stick in his right hand; #C C beats the drum set with the drumsticks in both hands.; #C C hits the floor tom with the drumstick in his right hand.; #C C hits the floor tom with the drum stick in his left hand."
    },
    {
        "Video Name": "05e8cd77-2b89-4f2b-af5d-2de39436dfb7",
        "Start Frame": 600,
        "End Frame": 720,
        "Caption": "#C C beats the drum set with the drumsticks in both hands; #C C beats the drum set with the drumsticks in both hands; #C C beats the drums with the two sticks in both hands; #C C beats the drum set with the drumsticks in his hands; #C C beats the drum set"
    },
    {
        "Video Name": "05e8cd77-2b89-4f2b-af5d-2de39436dfb7",
        "Start Frame": 720,
        "End Frame": 840,
        "Caption": "#C C hits the drum set with the drumsticks in both hands; #C C beats the drum set; #C C hits drum; #C C plays the drum set with the drumsticks in both hands; #C C beats the drum set"
    },
    {
        "Video Name": "05e8cd77-2b89-4f2b-af5d-2de39436dfb7",
        "Start Frame": 840,
        "End Frame": 960,
        "Caption": "#C C beats the drum set with the drumsticks in both hands.; #C C beats the drum set with the drumsticks in both hands.; #C C beats the drum set with the drumsticks in his hands.; #C C beats the drum set with the drumstick in his hands.; #C C beats the drum with the stick in his right hand"
    },
    {
        "Video Name": "05e8cd77-2b89-4f2b-af5d-2de39436dfb7",
        "Start Frame": 960,
        "End Frame": 1080,
        "Caption": "#C C puts the drum stick on the drum; #C C plays the drum set with the drumsticks in both hands.; #C C drops the drumsticks on the snare drum with his left hand; #C C puts the drumsticks on the drum; #C C picks up the drum sticks with both hands."
    },
    {
        "Video Name": "05e8cd77-2b89-4f2b-af5d-2de39436dfb7",
        "Start Frame": 1080,
        "End Frame": 1200,
        "Caption": "#C C adjusts camera ; #C C raises hands; #C C adjusts camera on head; #C C adjusts the camera ; #C C adjusts the camera "
    },
    {
        "Video Name": "05e8cd77-2b89-4f2b-af5d-2de39436dfb7",
        "Start Frame": 1200,
        "End Frame": 1320,
        "Caption": "#C C adjusts the camera; #C C stares at the drums; #C C picks a pair of glasses from a box with his right hand.; #C C adjusts the camera; #C C adjusts the camera"
    },
    {
        "Video Name": "05e8cd77-2b89-4f2b-af5d-2de39436dfb7",
        "Start Frame": 1320,
        "End Frame": 1440,
        "Caption": "#C C picks the drumstick with right hand; #C C beats the drum set with the drumsticks in both hands.; #C C picks the drumstick from his left hand with his right hand; #C C passes the drumstick from his left hand to his right hand; #C C beats the drums with the two drumsticks in both hands."
    },
    {
        "Video Name": "05e8cd77-2b89-4f2b-af5d-2de39436dfb7",
        "Start Frame": 1440,
        "End Frame": 1560,
        "Caption": "#C C hits the drum set with the drumsticks in his hands; #C C beats the drum with the stick in his right hand; #C C hits drum; #C C hits drum set with a drum set stick; #C C beats the drum set"
    },
    {
        "Video Name": "05e8cd77-2b89-4f2b-af5d-2de39436dfb7",
        "Start Frame": 1560,
        "End Frame": 1680,
        "Caption": "#C C beats the drums with the two sticks in his hands; #C C beats the drum set with the drumsticks in both hands; #C C beats the drum set; #C C beats the drum with the drumstick in his right hand; #C C hits drum"
    },
    {
        "Video Name": "05e8cd77-2b89-4f2b-af5d-2de39436dfb7",
        "Start Frame": 1680,
        "End Frame": 1800,
        "Caption": "#C C beats the drum set; #C C beats the drum set; #C C plays the drum set with the drumsticks in both hands; #C C beats the drum with the two sticks in his hands; #C C beats the drum set"
    },
    {
        "Video Name": "05e8cd77-2b89-4f2b-af5d-2de39436dfb7",
        "Start Frame": 1800,
        "End Frame": 1920,
        "Caption": "#C C hits drum; #C C plays the drum set with the drumsticks in his hands.; #C C beats the drum set; #C C beats the drum set with the drumsticks in his hands.; #C C hits drum"
    },
    {
        "Video Name": "05e8cd77-2b89-4f2b-af5d-2de39436dfb7",
        "Start Frame": 1920,
        "End Frame": 2040,
        "Caption": "#C C beats the drum set; #C C beats the drum set with the drumstick in his right hand; #C C hits drum; #C C beats the drum set; #C C beats the drum set with the two drumsticks in his hands"
    },
    {
        "Video Name": "05e8cd77-2b89-4f2b-af5d-2de39436dfb7",
        "Start Frame": 2040,
        "End Frame": 2160,
        "Caption": "#C C beats the drum set; #C C hits drum; #C C beats the drum set; #C C plays drum; #C C beats the drum set with the drumsticks in his hands"
    },
    {
        "Video Name": "05e8cd77-2b89-4f2b-af5d-2de39436dfb7",
        "Start Frame": 2160,
        "End Frame": 2280,
        "Caption": "#C C beats the drum set with the drumstick in his right hand; #C C hits drum; #C C hits drum; #C C hits drum; #C C beats the drum set with the drumsticks in his hands."
    },
    {
        "Video Name": "05e8cd77-2b89-4f2b-af5d-2de39436dfb7",
        "Start Frame": 2280,
        "End Frame": 2400,
        "Caption": "#C C beats the drum set; #C C plays the drum set with the drumsticks in his hands.; #C C plays the drum set with the drumsticks in both hands.; #C C plays the drum set with the drumsticks in both hands.; #C C hits the drum set with the drum stick in his left hand"
    },
    {
        "Video Name": "05e8cd77-2b89-4f2b-af5d-2de39436dfb7",
        "Start Frame": 2400,
        "End Frame": 2520,
        "Caption": "#C C plays the drum set with the drum sticks in both hands; #C C plays the drums with the drumsticks in both hands.; #C C plays the drums; #C C beats the drum set with the drumsticks in both hands; #C C beats the drums with the two sticks in his hands"
    },
    {
        "Video Name": "05e8cd77-2b89-4f2b-af5d-2de39436dfb7",
        "Start Frame": 2520,
        "End Frame": 2640,
        "Caption": "#C C beats the drum with the two sticks in both hands.; #C C beats the drum set; #C C beats the drum set with the drumsticks in his hands.; #C C beats the drum set with the drumsticks in his hands.; #C C plays the drums with drumsticks"
    },
    {
        "Video Name": "05e8cd77-2b89-4f2b-af5d-2de39436dfb7",
        "Start Frame": 2640,
        "End Frame": 2760,
        "Caption": "#C C beats the drum set with the drumstick in his right hand; #C C beats the drum set with the drumsticks in both hands.; #C C beats the drum set with the drumsticks in his hands.; #C C beats the drum with the drumstick in his right hand.; #C C beats the drum with the drumsticks in his hands."
    },
    {
        "Video Name": "05e8cd77-2b89-4f2b-af5d-2de39436dfb7",
        "Start Frame": 2760,
        "End Frame": 2880,
        "Caption": "#C C hits drum; #C C beats the drum with the drumsticks in his hands. ; #C C beats the drum set with the drumstick in his left hand; #C C hits drum with sticks ; #C C beats the drum with a drumstick in his left hand."
    },
    {
        "Video Name": "05e8cd77-2b89-4f2b-af5d-2de39436dfb7",
        "Start Frame": 2880,
        "End Frame": 3000,
        "Caption": "#C C plays the drum set with his left leg.; #C C beats the drum with the stick in his right hand.; #C C beats the drum set; #C C beats the snare drum with the drumstick in his left hand.; #C C beats the drum set"
    },
    {
        "Video Name": "05e8cd77-2b89-4f2b-af5d-2de39436dfb7",
        "Start Frame": 3000,
        "End Frame": 3120,
        "Caption": "#C C beats the drum with the drumstick in his right hand.; #C C plays the drum set with the drumstick in his left hand; #C C beats the drum with the drumsticks in his hands.; #C C beats the drum set with the drumsticks in his hands.; #C C beats the drum set with the drumsticks in both hands."
    },
    {
        "Video Name": "05e8cd77-2b89-4f2b-af5d-2de39436dfb7",
        "Start Frame": 3120,
        "End Frame": 3240,
        "Caption": "#C C beats the drum with the drumstick in his right hand; #C C beats the drum set with the drumsticks in his hands; #C C beats the drums with the two sticks in both hands.; #C C plays the drums with drumsticks; #C C beats the drums"
    },
    {
        "Video Name": "05e8cd77-2b89-4f2b-af5d-2de39436dfb7",
        "Start Frame": 3240,
        "End Frame": 3360,
        "Caption": "#C C plays the drum set with the drumsticks in both hands; #C C beats the drum set with the drumsticks in both hands; #C C picks the drumsticks on the drum with his left hand; #C C beats the drum with the drumsticks in both hands.; #C C plays the drum set with the drumsticks in both hands"
    },
    {
        "Video Name": "05e8cd77-2b89-4f2b-af5d-2de39436dfb7",
        "Start Frame": 3360,
        "End Frame": 3480,
        "Caption": "#C C holds the bottle with both hands.; #C C drinks water; #C C drinks water from the bottle.; #C C drinks water from the bottle with his left hand; #C C drinks water "
    },
    {
        "Video Name": "05e8cd77-2b89-4f2b-af5d-2de39436dfb7",
        "Start Frame": 3480,
        "End Frame": 3600,
        "Caption": "#C C drinks water ; #C C drinks from the bottle of water in his left hand; #C C drinks water; #C C drinks from the bottle; #C C drinks from the bottle."
    },
    {
        "Video Name": "05e8cd77-2b89-4f2b-af5d-2de39436dfb7",
        "Start Frame": 3600,
        "End Frame": 3720,
        "Caption": "#C C looks at the; #C C looks around; #C C stares at the; #C C moves the leg; #C C sits on a"
    },
    {
        "Video Name": "05e8cd77-2b89-4f2b-af5d-2de39436dfb7",
        "Start Frame": 3720,
        "End Frame": 3840,
        "Caption": "#C C touches his face with his left hand.; #C C drinks water ; #C C removes the bottle of water with his left hand; #C C holds a bottle with his left hand.; #C C holds the bottle with his left hand."
    },
    {
        "Video Name": "05e8cd77-2b89-4f2b-af5d-2de39436dfb7",
        "Start Frame": 3840,
        "End Frame": 3960,
        "Caption": "#C C  holds a bottle of water with his left hand; #C C holds the bottle of water with his left hand.; #C C adjusts the tap with his left hand.; #C C touches the bottle with his left hand.; #C C touches the bottle of water with his left hand."
    },
    {
        "Video Name": "05e8cd77-2b89-4f2b-af5d-2de39436dfb7",
        "Start Frame": 3960,
        "End Frame": 4080,
        "Caption": "#C C looks at the bottle; #C C drinks from the bottle of water in his left hand; #C C drinks water; #C C drinks water from the bottle; #C C drinks water "
    },
    {
        "Video Name": "05e8cd77-2b89-4f2b-af5d-2de39436dfb7",
        "Start Frame": 4080,
        "End Frame": 4200,
        "Caption": "#C C tightens the bottle cap with his right hand; #C C opens the bottle with his left hand.; #C C touches bottle; #C C opens the bottle; #C C holds the bottle of water with his left hand"
    },
    {
        "Video Name": "05e8cd77-2b89-4f2b-af5d-2de39436dfb7",
        "Start Frame": 4200,
        "End Frame": 4320,
        "Caption": "#C C closes the bottle of water with the lid in his right hand.; #C C closes the bottle with the bottle cap in his right hand.; #C C opens the bottle with his right hand. ; #C C closes the bottle with the lid in his right hand. ; #C C holds a bottle top with his right hand."
    },
    {
        "Video Name": "05e8cd77-2b89-4f2b-af5d-2de39436dfb7",
        "Start Frame": 4320,
        "End Frame": 4440,
        "Caption": "#C C covers the bottle with the lid in his left hand; #C C closes bottle; #C C opens the bottle of water with his left hand.; #C C closes the bottle; #C C opens the bottle "
    },
    {
        "Video Name": "05e8cd77-2b89-4f2b-af5d-2de39436dfb7",
        "Start Frame": 4440,
        "End Frame": 4560,
        "Caption": "#C C moves hand; #C C holds the bottle; #C C puts the bottle on the floor; #C C puts the bottle on the floor; #C C moves the hand"
    },
    {
        "Video Name": "05e8cd77-2b89-4f2b-af5d-2de39436dfb7",
        "Start Frame": 4560,
        "End Frame": 4680,
        "Caption": "#C C touches the drum with his left hand.; #C C picks the drum sticks; #C C looks around; #C C picks the drum sticks from the floor with his left hand; #C C picks a drumstick on the floor with his right hand"
    },
    {
        "Video Name": "05e8cd77-2b89-4f2b-af5d-2de39436dfb7",
        "Start Frame": 4680,
        "End Frame": 4800,
        "Caption": "#C C raises his left hand.; #C C stares at the drum; #C C looks around; #C C holds a drumstick with his right hand; #C C raises his hands "
    },
    {
        "Video Name": "05e8cd77-2b89-4f2b-af5d-2de39436dfb7",
        "Start Frame": 4800,
        "End Frame": 4920,
        "Caption": "#C C hits the drum set with the drumsticks in both hands.; #C C beats the drum set; #C C plays the drum set with the two drum sticks in both hands; #C C hits the drum set with the drumsticks in both hands.; #C C beats the drum set"
    },
    {
        "Video Name": "05e8cd77-2b89-4f2b-af5d-2de39436dfb7",
        "Start Frame": 4920,
        "End Frame": 5040,
        "Caption": "#C C beats the drum with the two sticks in both hands.; #C C beats the drum set with the two sticks in both hands; #C C beats the drum set with the drumsticks in his hands; #C C beats the drum set; #C C beats the drum with the drumsticks in his hands."
    },
    {
        "Video Name": "05e8cd77-2b89-4f2b-af5d-2de39436dfb7",
        "Start Frame": 5040,
        "End Frame": 5160,
        "Caption": "#C C beats the drum set with the drumsticks in both hands.; #C C beats the drum with drumsticks; #C C beats the drum with the two drum sticks in both hands.; #C C hits the drum with the drumsticks ; #C C plays the drum set with the drumsticks in his hands."
    },
    {
        "Video Name": "05e8cd77-2b89-4f2b-af5d-2de39436dfb7",
        "Start Frame": 5160,
        "End Frame": 5280,
        "Caption": "#C C beats the drum set with the drumsticks in his hands; #C C beats the drum with the sticks; #C C beats the drum with the stick in his right hand.; #C C beats the drums with the two sticks in his hands.; #C C plays the drum set with the drumsticks in both hands"
    },
    {
        "Video Name": "05e8cd77-2b89-4f2b-af5d-2de39436dfb7",
        "Start Frame": 5280,
        "End Frame": 5400,
        "Caption": "#C C beats the drum with the drumsticks in both hands; #C C beats the drum with the drumsticks in both hands; #C C hits drum; #C C beats the drums with the sticks in his hands.; #C C beats the drum with the stick in his right hand"
    }
]