[
    {
        "Video Name": "0627e230-4bc6-4630-815e-ee9a389f0e7e",
        "Start Frame": 0,
        "End Frame": 120,
        "Caption": "#C C picks the book; #C C picks a book; #C C picks the book ; #C C puts the book on the shelf; #C C picks the book from the shelf"
    },
    {
        "Video Name": "0627e230-4bc6-4630-815e-ee9a389f0e7e",
        "Start Frame": 120,
        "End Frame": 240,
        "Caption": "#C C arranges books on the; #C C puts book on the shelf; #C C places books on the shelf; #C C looks around the house ; #C C puts the books in the"
    },
    {
        "Video Name": "0627e230-4bc6-4630-815e-ee9a389f0e7e",
        "Start Frame": 240,
        "End Frame": 360,
        "Caption": "#C C turns around ; #C C looks around the room; #C C looks around the house; #C C drops the books in his left hand on the shelf; #C C puts the book on the bookshelf"
    },
    {
        "Video Name": "0627e230-4bc6-4630-815e-ee9a389f0e7e",
        "Start Frame": 360,
        "End Frame": 480,
        "Caption": "#C C arranges books in the shelve; #C C removes books from the shelf; #C C takes books from the book shelf; #C C picks a book from the book shelf; #C C picks a book from the cupboard"
    },
    {
        "Video Name": "0627e230-4bc6-4630-815e-ee9a389f0e7e",
        "Start Frame": 480,
        "End Frame": 600,
        "Caption": "#C C puts the books on the shelf; #C C puts the books on the shelf; #C C puts the books on the shelf; #C C puts book on shelf; #C C puts the book in the shelf"
    },
    {
        "Video Name": "0627e230-4bc6-4630-815e-ee9a389f0e7e",
        "Start Frame": 600,
        "End Frame": 720,
        "Caption": "#C C puts the books on the shelf; #C C walks towards the shelf.; #C C puts the books on the shelf; #C C walks to the shelf; #C C looks around "
    },
    {
        "Video Name": "0627e230-4bc6-4630-815e-ee9a389f0e7e",
        "Start Frame": 720,
        "End Frame": 840,
        "Caption": "#C C picks a small box; #C C picks the book; #C C takes a paper from the cupboard; #C C picks a box of gum on a shelf with her right hand; #C C picks a packet of gum from the shelf with his right hand"
    },
    {
        "Video Name": "0627e230-4bc6-4630-815e-ee9a389f0e7e",
        "Start Frame": 840,
        "End Frame": 960,
        "Caption": "#C C walks around the house; #C C looks around; #C C looks around ; #C C walks around the house; #C C walks around the house"
    },
    {
        "Video Name": "0627e230-4bc6-4630-815e-ee9a389f0e7e",
        "Start Frame": 960,
        "End Frame": 1080,
        "Caption": "#C C opens a door ; #C C opens a cabinet with his right hand. ; #C C opens a cupboard with his right hand.; #C C opens the cupboard; #C C opens the door of the wardrobe with his right hand"
    },
    {
        "Video Name": "0627e230-4bc6-4630-815e-ee9a389f0e7e",
        "Start Frame": 1080,
        "End Frame": 1200,
        "Caption": "#C C closes the door; #C C closes the cabinet; #C C closes the cup; #C C closes the cabinet; #C C closes the cabinet"
    },
    {
        "Video Name": "0627e230-4bc6-4630-815e-ee9a389f0e7e",
        "Start Frame": 1200,
        "End Frame": 1320,
        "Caption": "#C C picks a piece of wood; #C C puts the board on the wall ; #C C lifts his hand ; #C C lifts his hand ; #C C places his left hand on a cup"
    },
    {
        "Video Name": "0627e230-4bc6-4630-815e-ee9a389f0e7e",
        "Start Frame": 1320,
        "End Frame": 1440,
        "Caption": "#C C stares around the room; #C C walks in the house; #C C walks in the house; #C C walks around the room; #C C looks around the house"
    },
    {
        "Video Name": "0627e230-4bc6-4630-815e-ee9a389f0e7e",
        "Start Frame": 1440,
        "End Frame": 1560,
        "Caption": "#C C walks towards the cup; #C C walks in the room; #C C walks towards the shelf; #C C walks towards the cup; #C C walks around the house"
    },
    {
        "Video Name": "0627e230-4bc6-4630-815e-ee9a389f0e7e",
        "Start Frame": 1560,
        "End Frame": 1680,
        "Caption": "#C C picks books from the shelf; #C C picks up a book; #C C moves some books on the shelf with his right hand; #C C moves the books ; #C C removes a book from the bookshelf"
    },
    {
        "Video Name": "0627e230-4bc6-4630-815e-ee9a389f0e7e",
        "Start Frame": 1680,
        "End Frame": 1800,
        "Caption": "#C C puts books aside ; #C C puts the books on the stool ; #C C puts the books on the table; #C C places the books on top of the books on the; #C C puts the books on the table"
    },
    {
        "Video Name": "0627e230-4bc6-4630-815e-ee9a389f0e7e",
        "Start Frame": 1800,
        "End Frame": 1920,
        "Caption": "#C C puts the book on the shelf; #C C walks around the room; #C C places the books on the table; #C C puts the book in the shelf; #C C  places down books"
    },
    {
        "Video Name": "0627e230-4bc6-4630-815e-ee9a389f0e7e",
        "Start Frame": 1920,
        "End Frame": 2040,
        "Caption": "#C C looks inside the cabinet; #C C puts book in the shelf; #C C puts the book in the; #C C picks the paper ; #C C puts the book on the"
    },
    {
        "Video Name": "0627e230-4bc6-4630-815e-ee9a389f0e7e",
        "Start Frame": 2040,
        "End Frame": 2160,
        "Caption": "#C C puts the books on the table; #C C stands up; #C C walks to the table; #C C puts the book on the table ; #C C places the book in his right hand on the books on the stool"
    },
    {
        "Video Name": "0627e230-4bc6-4630-815e-ee9a389f0e7e",
        "Start Frame": 2160,
        "End Frame": 2280,
        "Caption": "#C C puts books on the shelf; #C C puts books on shelf; #C C puts books on the shelf; #C C arranges the book in the shelf; #C C puts the books on the shelf"
    },
    {
        "Video Name": "0627e230-4bc6-4630-815e-ee9a389f0e7e",
        "Start Frame": 2280,
        "End Frame": 2400,
        "Caption": "#C C puts book on the shelf; #C C puts the books on the; #C C moves books in the shelf; #C C puts the books on the; #C C puts book on the shelf"
    },
    {
        "Video Name": "0627e230-4bc6-4630-815e-ee9a389f0e7e",
        "Start Frame": 2400,
        "End Frame": 2520,
        "Caption": "#C C puts the books on the shelf; #C C puts the book on the shelf; #C C puts the books on the shelf; #C C places the book on the shelf; #C C places the book on the shelf"
    },
    {
        "Video Name": "0627e230-4bc6-4630-815e-ee9a389f0e7e",
        "Start Frame": 2520,
        "End Frame": 2640,
        "Caption": "#C C looks around the house ; #C C walks around the house; #C C puts the book on the; #C C places the book on the; #C C walks around the room "
    },
    {
        "Video Name": "0627e230-4bc6-4630-815e-ee9a389f0e7e",
        "Start Frame": 2640,
        "End Frame": 2760,
        "Caption": "#C C adjusts the books in the shelf with his right hand; #C C picks a book from the shelf with his right hand; #C C puts the book on the shelf; #C C removes a book from the shelf; #C C moves the books to the shelf "
    },
    {
        "Video Name": "0627e230-4bc6-4630-815e-ee9a389f0e7e",
        "Start Frame": 2760,
        "End Frame": 2880,
        "Caption": "#C C takes out a book from the shelf with his right hand; #C C picks a book; #C C flips the pages of the book; #C C puts the books together ; #C C picks the book from the table "
    },
    {
        "Video Name": "0627e230-4bc6-4630-815e-ee9a389f0e7e",
        "Start Frame": 2880,
        "End Frame": 3000,
        "Caption": "#C C closes the book ; #C C stares at the book; #C C closes the book; #C C picks a book; #C C holds the book with his left hand"
    },
    {
        "Video Name": "0627e230-4bc6-4630-815e-ee9a389f0e7e",
        "Start Frame": 3000,
        "End Frame": 3120,
        "Caption": "#C C drops the book on the pile of books on the table with his right hand; #C C stares at the paper; #C C looks at the papers in the hand ; #C C flips the pages of the book; #C C closes the book"
    },
    {
        "Video Name": "0627e230-4bc6-4630-815e-ee9a389f0e7e",
        "Start Frame": 3120,
        "End Frame": 3240,
        "Caption": "#C C reads the book; #C C reads the book; #C C stares at the; #C C stares at the; #C C reads the book"
    },
    {
        "Video Name": "0627e230-4bc6-4630-815e-ee9a389f0e7e",
        "Start Frame": 3240,
        "End Frame": 3360,
        "Caption": "#C C holds the papers with both; #C C reads the book; #C C stares at the book; #C C reads the book; #C C reads the book"
    },
    {
        "Video Name": "0627e230-4bc6-4630-815e-ee9a389f0e7e",
        "Start Frame": 3360,
        "End Frame": 3480,
        "Caption": "#C C reads the book; #C C reads the book; #C C stares at the; #C C stares at the; #C C stares at the"
    },
    {
        "Video Name": "0627e230-4bc6-4630-815e-ee9a389f0e7e",
        "Start Frame": 3480,
        "End Frame": 3600,
        "Caption": "#C C reads the book; #C C looks at the paper; #C C looks at the book; #C C reads the book; #C C reads from the book in his left hand"
    },
    {
        "Video Name": "0627e230-4bc6-4630-815e-ee9a389f0e7e",
        "Start Frame": 3600,
        "End Frame": 3720,
        "Caption": "#C C reads the paper; #C C looks at the book; #C C looks at the paper; #C C looks at the paper; #C C looks at the paper"
    },
    {
        "Video Name": "0627e230-4bc6-4630-815e-ee9a389f0e7e",
        "Start Frame": 3720,
        "End Frame": 3840,
        "Caption": "#C C reads the book; #C C holds the sheet of paper with his left hand; #C C reads the paper ; #C C reads the book; #C C stares at the paper "
    },
    {
        "Video Name": "0627e230-4bc6-4630-815e-ee9a389f0e7e",
        "Start Frame": 3840,
        "End Frame": 3960,
        "Caption": "#C C walks towards the shelf; #C C looks around the room; #C C walks to the cupboard; #C C stares at the cabinet; #C C walks around the room"
    },
    {
        "Video Name": "0627e230-4bc6-4630-815e-ee9a389f0e7e",
        "Start Frame": 3960,
        "End Frame": 4080,
        "Caption": "#C C adjusts a book on a shelf with his right hand; #C C looks around; #C C picks a book from the shelf; #C C moves books on the shelf; #C C adjusts the book shelf"
    },
    {
        "Video Name": "0627e230-4bc6-4630-815e-ee9a389f0e7e",
        "Start Frame": 4080,
        "End Frame": 4200,
        "Caption": "#C C looks around the house; #C C picks a book from the table; #C C walks towards the table.; #C C walks towards the table.; #C C stares at the books on the"
    },
    {
        "Video Name": "0627e230-4bc6-4630-815e-ee9a389f0e7e",
        "Start Frame": 4200,
        "End Frame": 4320,
        "Caption": "#C C looks at the books; #C C stares at the shelf; #C C stares at the shelf; #C C Looks at the books on the shel; #C C arranges books on the shelf"
    },
    {
        "Video Name": "0627e230-4bc6-4630-815e-ee9a389f0e7e",
        "Start Frame": 4320,
        "End Frame": 4440,
        "Caption": "#C C looks around; #C C places the books on the shelf; #C C walks towards the shelf.; #C C walks towards the shelf.; #C C puts the book on the shelf"
    },
    {
        "Video Name": "0627e230-4bc6-4630-815e-ee9a389f0e7e",
        "Start Frame": 4440,
        "End Frame": 4560,
        "Caption": "#C C looks around the room; #C C walks towards the shelf; #C C walks around the room; #C C stares at the shelf; #C C looks around"
    },
    {
        "Video Name": "0627e230-4bc6-4630-815e-ee9a389f0e7e",
        "Start Frame": 4560,
        "End Frame": 4680,
        "Caption": "#C C adjusts the books in the shelf with his right hand; #C C moves the book on the shelf ; #C C adjusts the book; #C C picks a book; #C C picks a book from the shelf with his right hand"
    },
    {
        "Video Name": "0627e230-4bc6-4630-815e-ee9a389f0e7e",
        "Start Frame": 4680,
        "End Frame": 4800,
        "Caption": "#C C puts the book on the table; #C C moves the book on the table; #C C places the book on the table; #C C stares at the books on the; #C C places the books on the table"
    },
    {
        "Video Name": "0627e230-4bc6-4630-815e-ee9a389f0e7e",
        "Start Frame": 4800,
        "End Frame": 4920,
        "Caption": "#C C holds the books in the shelf with his right hand; #C C removes his right hand from the books on the shelf; #C C puts the books on the shelf; #C C takes a book from the shelf; #C C puts the books on the shelf"
    },
    {
        "Video Name": "0627e230-4bc6-4630-815e-ee9a389f0e7e",
        "Start Frame": 4920,
        "End Frame": 5040,
        "Caption": "#C C walks towards the shelf; #C C carries a book; #C C picks the books from the; #C C walks towards the book shelf; #C C picks the books "
    },
    {
        "Video Name": "0627e230-4bc6-4630-815e-ee9a389f0e7e",
        "Start Frame": 5040,
        "End Frame": 5160,
        "Caption": "#C C looks around the house; #C C stares at the books on the; #C C looks around the house; #C C walks towards the cupboard; #C C looks around the table "
    },
    {
        "Video Name": "0627e230-4bc6-4630-815e-ee9a389f0e7e",
        "Start Frame": 5160,
        "End Frame": 5280,
        "Caption": "#C C picks a paper ; #C C picks a newspaper from the shelf with his left hand.; #C C removes the paper from the shelf; #C C touches the paper in the book shelf with his left hand; #C C adjusts some pamphlets in the shelf with his left hand"
    },
    {
        "Video Name": "0627e230-4bc6-4630-815e-ee9a389f0e7e",
        "Start Frame": 5280,
        "End Frame": 5400,
        "Caption": "#C C picks the paper ; #C C moves the paper; #C C removes the paper from the shelf; #C C touches the paper; #C C puts the paper on the shelf"
    }
]