[
    {
        "Video Name": "06b2c426-fa32-4364-94c2-7d90b25b9ce5",
        "Start Frame": 0,
        "End Frame": 120,
        "Caption": "#C C looks around the restaurant; #C C looks around the restaurant; #C C looks around the restaurant; #C C looks around the restaurant; #C C looks around"
    },
    {
        "Video Name": "06b2c426-fa32-4364-94c2-7d90b25b9ce5",
        "Start Frame": 120,
        "End Frame": 240,
        "Caption": "#C C Looks around a cafeteria; #C C looks around the restaurant; #C C looks around the restaurant; #C C looks around the restaurant; #C C looks around the restaurant"
    },
    {
        "Video Name": "06b2c426-fa32-4364-94c2-7d90b25b9ce5",
        "Start Frame": 240,
        "End Frame": 360,
        "Caption": "#C C looks around the restaurant; #C C looks around the restaurant ; #C C looks around the restaurant ; #O a man A  holds a cup on the; #O A man Y pulls his hand off the table"
    },
    {
        "Video Name": "06b2c426-fa32-4364-94c2-7d90b25b9ce5",
        "Start Frame": 360,
        "End Frame": 480,
        "Caption": "#C C looks around the restaurant; #O a man A   picks a glass from the; #O a man B picks a container from the table ; #O a man B turns the head ; #C C Looks around a restaurant"
    },
    {
        "Video Name": "06b2c426-fa32-4364-94c2-7d90b25b9ce5",
        "Start Frame": 480,
        "End Frame": 600,
        "Caption": "#O man X gestures; #O man A sways left hand; #O A person H points at the; #O man X gestures; #O man Y interacts with C"
    },
    {
        "Video Name": "06b2c426-fa32-4364-94c2-7d90b25b9ce5",
        "Start Frame": 600,
        "End Frame": 720,
        "Caption": "#O man X Moves a hand; #O man X gestures with left; #O A man Y gestures out; #O man X uses gestures; #O man X moves hand"
    },
    {
        "Video Name": "06b2c426-fa32-4364-94c2-7d90b25b9ce5",
        "Start Frame": 720,
        "End Frame": 840,
        "Caption": "#C C moves the right hand; #C C interacts with man X; #C C looks around ; #O A man Y makes gestures with his; #O man A places hand on the table"
    },
    {
        "Video Name": "06b2c426-fa32-4364-94c2-7d90b25b9ce5",
        "Start Frame": 840,
        "End Frame": 960,
        "Caption": "#O A man Y gestures his hand; #O man A interacts with C ; #O A person H points at the; #O A man M gestures out ; #O A man Y gestures his hands"
    },
    {
        "Video Name": "06b2c426-fa32-4364-94c2-7d90b25b9ce5",
        "Start Frame": 960,
        "End Frame": 1080,
        "Caption": "#O man A moves the right hand ; #O person B adjusts a table cloth on the; #O A man M looks around; #O A man Y holds the table; #O man A places hand on table"
    },
    {
        "Video Name": "06b2c426-fa32-4364-94c2-7d90b25b9ce5",
        "Start Frame": 1080,
        "End Frame": 1200,
        "Caption": "#O A man M gestures at; #O man X gestures to C; #O man X interacts with C; #C C looks around the restaurant; #O man H gestures C"
    },
    {
        "Video Name": "06b2c426-fa32-4364-94c2-7d90b25b9ce5",
        "Start Frame": 1200,
        "End Frame": 1320,
        "Caption": "#O A person H points out with the left; #O A man X gestures out ; #O man X interacts with C; #O A person G waves the right hand; #C C looks at man X"
    },
    {
        "Video Name": "06b2c426-fa32-4364-94c2-7d90b25b9ce5",
        "Start Frame": 1320,
        "End Frame": 1440,
        "Caption": "#C C looks at the counter; #O man B gestures C ; #O A man X gestures with his; #O person Y touches the table ; #O person Y stretches a hand"
    },
    {
        "Video Name": "06b2c426-fa32-4364-94c2-7d90b25b9ce5",
        "Start Frame": 1440,
        "End Frame": 1560,
        "Caption": "#O a man X interacts with; #O a man B operates the; #C C looks at man X; #O Person A interacts with C; #O man Y  interacts with"
    },
    {
        "Video Name": "06b2c426-fa32-4364-94c2-7d90b25b9ce5",
        "Start Frame": 1560,
        "End Frame": 1680,
        "Caption": "#O A man X walks around the; #C C looks around the restaurant; #O man Y walks in a restaurant; #O person X stands beside the counter; #C C looks at man X"
    },
    {
        "Video Name": "06b2c426-fa32-4364-94c2-7d90b25b9ce5",
        "Start Frame": 1680,
        "End Frame": 1800,
        "Caption": "#O A man Y operates a phone; #C C operates a phone; #C C operates the phone; #O A man X makes gestures to; #C C operates the phone"
    },
    {
        "Video Name": "06b2c426-fa32-4364-94c2-7d90b25b9ce5",
        "Start Frame": 1800,
        "End Frame": 1920,
        "Caption": "#C C looks around; #C C looks around; #C C picks phone; #C C looks around ; #O A man Y pushes a tray of panc"
    },
    {
        "Video Name": "06b2c426-fa32-4364-94c2-7d90b25b9ce5",
        "Start Frame": 1920,
        "End Frame": 2040,
        "Caption": "#O man A looks around ; #O A man Y opens a jar ; #C C looks around ; #C C looks around the restaurant; #O A man Y places cup on the"
    },
    {
        "Video Name": "06b2c426-fa32-4364-94c2-7d90b25b9ce5",
        "Start Frame": 2040,
        "End Frame": 2160,
        "Caption": "#O A man Y nods his head ; #O A Man H drinks from the cup; #O man A sips juice ; #O A man Y holds a glass; #O A man Y opens the bottle"
    },
    {
        "Video Name": "06b2c426-fa32-4364-94c2-7d90b25b9ce5",
        "Start Frame": 2160,
        "End Frame": 2280,
        "Caption": "#O a man B looks around ; #O A man Y places bottle on the table; #O man A drinks from the cup ; #O A man Y puts the cup on the; #O man A picks a cup from the table"
    },
    {
        "Video Name": "06b2c426-fa32-4364-94c2-7d90b25b9ce5",
        "Start Frame": 2280,
        "End Frame": 2400,
        "Caption": "#O A man Y picks a container on the; #O A man Y looks around; #O a man X interacts with C; #O A man Y picks a cup ; #O A man Y moves a drink"
    },
    {
        "Video Name": "06b2c426-fa32-4364-94c2-7d90b25b9ce5",
        "Start Frame": 2400,
        "End Frame": 2520,
        "Caption": "#O A man Y picks a cup on the; #O A person H interacts with C; #C C looks around; #O A man Y picks a cup ; #O A man Y picks a cup "
    },
    {
        "Video Name": "06b2c426-fa32-4364-94c2-7d90b25b9ce5",
        "Start Frame": 2520,
        "End Frame": 2640,
        "Caption": "#O A man M touches face ; #O man A touches the head with left hand; #O A man M adjusts a camera on his; #O A man Y touches his face; #O A man Y uses gestures"
    },
    {
        "Video Name": "06b2c426-fa32-4364-94c2-7d90b25b9ce5",
        "Start Frame": 2640,
        "End Frame": 2760,
        "Caption": "#O person X gestures; #O man A picks a phone ; #O man A gestures; #O A man Y places hand on; #O A man M  gestures C"
    },
    {
        "Video Name": "06b2c426-fa32-4364-94c2-7d90b25b9ce5",
        "Start Frame": 2760,
        "End Frame": 2880,
        "Caption": "#O man X picks a cup; #O man A  sips; #O A person G adjusts a; #C C looks around the restaurant; #O A man Y looks around"
    },
    {
        "Video Name": "06b2c426-fa32-4364-94c2-7d90b25b9ce5",
        "Start Frame": 2880,
        "End Frame": 3000,
        "Caption": "#O A person X interacts with; #O man A gestures; #O person A gestures; #O man A gestures; #O A person X interacts with"
    },
    {
        "Video Name": "06b2c426-fa32-4364-94c2-7d90b25b9ce5",
        "Start Frame": 3000,
        "End Frame": 3120,
        "Caption": "#O A man Y looks around the restaurant; #O a man A looks around ; #O A man Y looks around; #O A man Y touches face with the right hand; #O A man Y interacts with C"
    },
    {
        "Video Name": "06b2c426-fa32-4364-94c2-7d90b25b9ce5",
        "Start Frame": 3120,
        "End Frame": 3240,
        "Caption": "#O A man Y gestures out with his hand; #O A man Y  holds a bottle; #O man A touches the mask with the left; #O a man X interacts with C; #O A man Y gestures his hand"
    },
    {
        "Video Name": "06b2c426-fa32-4364-94c2-7d90b25b9ce5",
        "Start Frame": 3240,
        "End Frame": 3360,
        "Caption": "#C C looks around the restaurant; #O man A holds a phone; #O man X gestures; #C C looks around ; #O A man Y looks around the restaurant"
    },
    {
        "Video Name": "06b2c426-fa32-4364-94c2-7d90b25b9ce5",
        "Start Frame": 3360,
        "End Frame": 3480,
        "Caption": "#C C uses a phone ; #C C gives person A the; #C C holds a phone; #C C uses the phone; #C C holds a phone"
    },
    {
        "Video Name": "06b2c426-fa32-4364-94c2-7d90b25b9ce5",
        "Start Frame": 3480,
        "End Frame": 3600,
        "Caption": "#C C operates a phone ; #C C operates the phone; #O man A swings his left; #C C operates the phone; #O A man M uses gestures"
    },
    {
        "Video Name": "06b2c426-fa32-4364-94c2-7d90b25b9ce5",
        "Start Frame": 3600,
        "End Frame": 3720,
        "Caption": "#O A man P gestures his; #O A man P gestures his; #C C operates a phone ; #O A person G interacts with; #C C Operates a phone"
    },
    {
        "Video Name": "06b2c426-fa32-4364-94c2-7d90b25b9ce5",
        "Start Frame": 3720,
        "End Frame": 3840,
        "Caption": "#C C scrolls through the phone; #C C scrolls the phone ; #C C operates the phone; #C C Operates a mobile; #C C operates a phone"
    },
    {
        "Video Name": "06b2c426-fa32-4364-94c2-7d90b25b9ce5",
        "Start Frame": 3840,
        "End Frame": 3960,
        "Caption": "#C C holds a phone; #C C operates the phone; #C C operates the phone; #C C operates the phone; #C C operates a phone"
    },
    {
        "Video Name": "06b2c426-fa32-4364-94c2-7d90b25b9ce5",
        "Start Frame": 3960,
        "End Frame": 4080,
        "Caption": "#C C moves a bottle on the table; #C C puts down the bottle; #C C moves the bottle; #C C places a bottle on the table; #C C picks the bottle of sanitizer from the"
    },
    {
        "Video Name": "06b2c426-fa32-4364-94c2-7d90b25b9ce5",
        "Start Frame": 4080,
        "End Frame": 4200,
        "Caption": "#O person B gestures with right hand; #O A person X interacts with C; #C C interacts with man X; #C C interacts with man X; #O person X interacts with C."
    },
    {
        "Video Name": "06b2c426-fa32-4364-94c2-7d90b25b9ce5",
        "Start Frame": 4200,
        "End Frame": 4320,
        "Caption": "#C C raises the hand ; #C C Moves a hand; #C C gestures with his hand; #O person A points at the; #C C interacts with person X"
    },
    {
        "Video Name": "06b2c426-fa32-4364-94c2-7d90b25b9ce5",
        "Start Frame": 4320,
        "End Frame": 4440,
        "Caption": "#O person X interacts with C; #C C interacts with a man; #C C looks around the restaurant; #C C looks around the restaurant; #O man X moves hand"
    },
    {
        "Video Name": "06b2c426-fa32-4364-94c2-7d90b25b9ce5",
        "Start Frame": 4440,
        "End Frame": 4560,
        "Caption": "#O man X interacts with; #O man X interacts with; #O man A talks to; #O person X interacts with; #C C looks around"
    },
    {
        "Video Name": "06b2c426-fa32-4364-94c2-7d90b25b9ce5",
        "Start Frame": 4560,
        "End Frame": 4680,
        "Caption": "#O person X gestures with both hands; #O a person G makes a hand gesture; #C C interacts with person X; #O A person G interacts with C; #O man X gestures C"
    },
    {
        "Video Name": "06b2c426-fa32-4364-94c2-7d90b25b9ce5",
        "Start Frame": 4680,
        "End Frame": 4800,
        "Caption": "#O man X adjusts mask ; #C C interacts with man X; #C C stares person X; #O a man X looks around; #O person A adjusts the face"
    },
    {
        "Video Name": "06b2c426-fa32-4364-94c2-7d90b25b9ce5",
        "Start Frame": 4800,
        "End Frame": 4920,
        "Caption": "#C C interacts with person X; #C C looks at man Q; #O A person M points at a; #O person X points the food ; #C C looks at man Q"
    },
    {
        "Video Name": "06b2c426-fa32-4364-94c2-7d90b25b9ce5",
        "Start Frame": 4920,
        "End Frame": 5040,
        "Caption": "#O man X points the table; #C C interacts with person B; #C C converses with man; #C C interacts with person B; #O person A gestures with right"
    },
    {
        "Video Name": "06b2c426-fa32-4364-94c2-7d90b25b9ce5",
        "Start Frame": 5040,
        "End Frame": 5160,
        "Caption": "#C C looks around; #C C looks around the restaurant ; #C C looks around the restaurant ; #C C looks at a man B; #C C looks around the restaurant"
    },
    {
        "Video Name": "06b2c426-fa32-4364-94c2-7d90b25b9ce5",
        "Start Frame": 5160,
        "End Frame": 5280,
        "Caption": "#O man X leans on the table; #O man X converses with C; #O man X gestures C; #O A man X gestures with his hand ; #O A man Y places his left hand on a"
    },
    {
        "Video Name": "06b2c426-fa32-4364-94c2-7d90b25b9ce5",
        "Start Frame": 5280,
        "End Frame": 5400,
        "Caption": "#O a man A makes hand gestures; #O A man X gestures with his left; #O man X gestures with left hand; #O a man A gestures with his right; #O person A gestures"
    }
]