[
    {
        "Video Name": "06c4ff48-1335-454d-9030-fa7dd33708cc",
        "Start Frame": 0,
        "End Frame": 120,
        "Caption": "#C C packs some dried grass straws from the ground with both hands; #C C moves the straw grass on the floor with his hands; #C C moves the straw grass on the floor with his hands; #C C packs the bunch of straw with both hands.; #C C moves the straw grass on the floor with his hands"
    },
    {
        "Video Name": "06c4ff48-1335-454d-9030-fa7dd33708cc",
        "Start Frame": 120,
        "End Frame": 240,
        "Caption": "#C C adjusts the straw grass on the floor with his; #C C packs the dry grass on the ground with both; #C C picks grass straws with both hands; #C C moves the wheat.; #C C spreads grass straws with both hands"
    },
    {
        "Video Name": "06c4ff48-1335-454d-9030-fa7dd33708cc",
        "Start Frame": 240,
        "End Frame": 360,
        "Caption": "#C C adjusts the straw grass on the floor with both; #C C moves the straw grass on the floor with his; #C C spreads grass straws with both hands; #C C moves the straw grass on the floor with both; #C C adjusts the straw grass on the floor with his"
    },
    {
        "Video Name": "06c4ff48-1335-454d-9030-fa7dd33708cc",
        "Start Frame": 360,
        "End Frame": 480,
        "Caption": "#C C spreads the dry grass; #C C moves the straw grass on the floor with both hands; #C C packs the dried grass straws from the ground with his hands; #C C touches the wheat.; #C C turns the grain."
    },
    {
        "Video Name": "06c4ff48-1335-454d-9030-fa7dd33708cc",
        "Start Frame": 480,
        "End Frame": 600,
        "Caption": "#C C moves the straw grass on the floor with his hands; #C C adjusts the straw grass on the floor with his hands; #C C adjusts the straw grass on the floor with both hands; #C C packs the bunch of straw from the ground with his; #C C adjusts the straw grass on the floor with both hands"
    },
    {
        "Video Name": "06c4ff48-1335-454d-9030-fa7dd33708cc",
        "Start Frame": 600,
        "End Frame": 720,
        "Caption": "#C C moves the straw grass on the floor with his right; #C C looks at the straw grass on the floor; #C C looks around the heap of dried grass straws.; #C C moves the straw grass on the floor with his right; #C C looks at the straw grass on the floor"
    },
    {
        "Video Name": "06c4ff48-1335-454d-9030-fa7dd33708cc",
        "Start Frame": 720,
        "End Frame": 840,
        "Caption": "#C C looks around.; #C C puts grass straws on the heap; #C C arranges the heap of dried grass straws; #C C looks around the heap of dried grass straws; #C C turns to the left."
    },
    {
        "Video Name": "06c4ff48-1335-454d-9030-fa7dd33708cc",
        "Start Frame": 840,
        "End Frame": 960,
        "Caption": "#C C looks around the heap of dried grass straws; #C C picks the dry grass; #C C picks grass straws with both hands; #C C collects grass straws with both hands; #C C looks around the heap of dried grass straws"
    },
    {
        "Video Name": "06c4ff48-1335-454d-9030-fa7dd33708cc",
        "Start Frame": 960,
        "End Frame": 1080,
        "Caption": "#C C walks forward; #C C walks towards another end of the heap of dried grass straws; #C C walks in the farm; #C C steps forward.; #C C walks forward"
    },
    {
        "Video Name": "06c4ff48-1335-454d-9030-fa7dd33708cc",
        "Start Frame": 1080,
        "End Frame": 1200,
        "Caption": "#C C walks around the heap of dried grass straws; #C C steps forward.; #C C carries the dried grass straws.; #C C turns to the right.; #C C steps forward."
    },
    {
        "Video Name": "06c4ff48-1335-454d-9030-fa7dd33708cc",
        "Start Frame": 1200,
        "End Frame": 1320,
        "Caption": "#C C removes the grass straws from the; #C C moves the dried grass; #C C moves the dried grass; #C C picks grass straws with both hands; #C C picks grass straws with both hands"
    },
    {
        "Video Name": "06c4ff48-1335-454d-9030-fa7dd33708cc",
        "Start Frame": 1320,
        "End Frame": 1440,
        "Caption": "#C C spreads grass straws with both; #C C spreads hay on the other; #C C spreads the dry grass; #C C picks grass straws with both; #C C spreads hay on the other"
    },
    {
        "Video Name": "06c4ff48-1335-454d-9030-fa7dd33708cc",
        "Start Frame": 1440,
        "End Frame": 1560,
        "Caption": "#C C picks the dried; #C C Looks around a; #C C Looks around the; #C C looks around.; #C C looks around"
    },
    {
        "Video Name": "06c4ff48-1335-454d-9030-fa7dd33708cc",
        "Start Frame": 1560,
        "End Frame": 1680,
        "Caption": "#C C touches the hay; #C C looks at the hay; #C C moves the straw grass on the floor with his; #C C holds the hay with both hands; #C C spreads the dried grass"
    },
    {
        "Video Name": "06c4ff48-1335-454d-9030-fa7dd33708cc",
        "Start Frame": 1680,
        "End Frame": 1800,
        "Caption": "#C C carries the wheat.; #C C moves the straw grass on the floor with his; #C C Picks up wheat with hands from the ground; #C C spreads the dried grass straws on the ground; #C C spreads grass"
    },
    {
        "Video Name": "06c4ff48-1335-454d-9030-fa7dd33708cc",
        "Start Frame": 1800,
        "End Frame": 1920,
        "Caption": "#C C adjusts the dried grass; #C C spreads hay on the ground; #C C moves the hay on the ground; #C C adjusts the straw grass on the floor with both; #C C breaks grass with hands"
    },
    {
        "Video Name": "06c4ff48-1335-454d-9030-fa7dd33708cc",
        "Start Frame": 1920,
        "End Frame": 2040,
        "Caption": "#C C moves the wheat.; #C C drops hay on the other; #C C looks around the heap of dried grass straws.; #C C looses the rope on the straw grass with his right; #C C moves the straw grass on the floor with his hands"
    },
    {
        "Video Name": "06c4ff48-1335-454d-9030-fa7dd33708cc",
        "Start Frame": 2040,
        "End Frame": 2160,
        "Caption": "#C C looks around the heap of dried grass straws; #C C looks around.; #C C holds the hay with both hands; #C C moves the dried grass; #C C picks up more dried grass straws"
    },
    {
        "Video Name": "06c4ff48-1335-454d-9030-fa7dd33708cc",
        "Start Frame": 2160,
        "End Frame": 2280,
        "Caption": "#C C adjusts the dried grass straws with his hands; #C C moves the straw grass on the floor with his; #C C drops the dry grass; #C C throws the wheat.; #C C spreads the dry grass"
    },
    {
        "Video Name": "06c4ff48-1335-454d-9030-fa7dd33708cc",
        "Start Frame": 2280,
        "End Frame": 2400,
        "Caption": "#C C holds a bunch of straw; #C C looks at the wheat kernels ; #C C looks at a Napier grass straws on the; #C C pulls grass straws with both hands; #C C adjusts the straw grass on the floor with his hands"
    },
    {
        "Video Name": "06c4ff48-1335-454d-9030-fa7dd33708cc",
        "Start Frame": 2400,
        "End Frame": 2520,
        "Caption": "#C C gathers hay; #C C adjusts the heap of dried grass straws.; #C C moves the dried grass straws.; #C C looks around the heap of dried grass straws; #C C arranges the heap of dried grass straws"
    },
    {
        "Video Name": "06c4ff48-1335-454d-9030-fa7dd33708cc",
        "Start Frame": 2520,
        "End Frame": 2640,
        "Caption": "#C C looks around.; #C C moves the hand.; #C C Lifts the hand; #C C adjusts the camera; #C C raises his right hand"
    },
    {
        "Video Name": "06c4ff48-1335-454d-9030-fa7dd33708cc",
        "Start Frame": 2640,
        "End Frame": 2760,
        "Caption": "#C C throws the dried plants; #C C throws away the plant; #C C looks around; #C C throws the dried grass; #C C looks around the farm"
    },
    {
        "Video Name": "06c4ff48-1335-454d-9030-fa7dd33708cc",
        "Start Frame": 2760,
        "End Frame": 2880,
        "Caption": "#C C moves around the; #C C walks around.; #C C looks around the; #C C walks around the; #C C walks on the"
    },
    {
        "Video Name": "06c4ff48-1335-454d-9030-fa7dd33708cc",
        "Start Frame": 2880,
        "End Frame": 3000,
        "Caption": "#C C wipes his face; #C C touches his face; #C C lifts his right hand.; #C C wipes his face with his left; #C C scratches his face with his left"
    },
    {
        "Video Name": "06c4ff48-1335-454d-9030-fa7dd33708cc",
        "Start Frame": 3000,
        "End Frame": 3120,
        "Caption": "#C C looks around; #C C looks around the field work area; #C C looks around the farm; #C C looks around; #C C looks around"
    },
    {
        "Video Name": "06c4ff48-1335-454d-9030-fa7dd33708cc",
        "Start Frame": 3120,
        "End Frame": 3240,
        "Caption": "#C C walks around.; #C C walks towards another pile of dried grass straws; #C C walks forward.; #C C walks around the farm; #C C walks forward"
    },
    {
        "Video Name": "06c4ff48-1335-454d-9030-fa7dd33708cc",
        "Start Frame": 3240,
        "End Frame": 3360,
        "Caption": "#C C picks up the rope; #C C bends on the pipe.; #C C bends on the pipe; #C C picks a rope from the ground with his right hand; #C C picks a rope from the ground with his right hand"
    },
    {
        "Video Name": "06c4ff48-1335-454d-9030-fa7dd33708cc",
        "Start Frame": 3360,
        "End Frame": 3480,
        "Caption": "#C C walks forward; #C C walks on the farm; #C C walks forward; #C C picks the rope on the ground with his left hand; #C C walks on the farmland"
    },
    {
        "Video Name": "06c4ff48-1335-454d-9030-fa7dd33708cc",
        "Start Frame": 3480,
        "End Frame": 3600,
        "Caption": "#C C walks on the; #C C walks around the; #C C walks around; #C C walks on the; #C C walks around the"
    },
    {
        "Video Name": "06c4ff48-1335-454d-9030-fa7dd33708cc",
        "Start Frame": 3600,
        "End Frame": 3720,
        "Caption": "#C C carries the dry grass to another point on the; #C C moves forward.; #C C walks to the left; #C C walks in the garden; #C C walks in the farm"
    },
    {
        "Video Name": "06c4ff48-1335-454d-9030-fa7dd33708cc",
        "Start Frame": 3720,
        "End Frame": 3840,
        "Caption": "#C C drops the broom; #C C throws the dry grass away.; #C C looks around the farm; #C C throws the dry grass away; #C C throws the sticks on the ground"
    },
    {
        "Video Name": "06c4ff48-1335-454d-9030-fa7dd33708cc",
        "Start Frame": 3840,
        "End Frame": 3960,
        "Caption": "#C C picks up the dry grass; #C C picks up the dry grass on the floor with his hands; #C C packs the dried grass from the floor with both hands; #C C packs the dried grass on the ground.; #C C picks the dried grass"
    },
    {
        "Video Name": "06c4ff48-1335-454d-9030-fa7dd33708cc",
        "Start Frame": 3960,
        "End Frame": 4080,
        "Caption": "#C C packs the dried grass from the ground with both; #C C picks up the wheat; #C C bends down ; #C C picks the dry grass; #C C puts the dry grass on the heap of dry"
    },
    {
        "Video Name": "06c4ff48-1335-454d-9030-fa7dd33708cc",
        "Start Frame": 4080,
        "End Frame": 4200,
        "Caption": "#C C removes the grass from the heap; #C C packs the dried grass straws from the ground.; #C C packs the dried grass straws together with both hands; #C C moves the dry grass ; #C C packs the dried grass from the ground with both hands"
    },
    {
        "Video Name": "06c4ff48-1335-454d-9030-fa7dd33708cc",
        "Start Frame": 4200,
        "End Frame": 4320,
        "Caption": "#C C packs the bunch of dried grass straws from the mat; #C C moves the dried grass straws on the floor with his; #C C packs the dried grass straws together with both hands; #C C packs the dried grass from the ground with both hands.; #C C pours the dried grass straws on the ground."
    },
    {
        "Video Name": "06c4ff48-1335-454d-9030-fa7dd33708cc",
        "Start Frame": 4320,
        "End Frame": 4440,
        "Caption": "#C C drops the grass straws on the mat; #C C throws the grass straws on the tu; #C C lifts the hay with both hands; #C C collects the stack from Man X.; #C C drops the dried grass straws on the"
    },
    {
        "Video Name": "06c4ff48-1335-454d-9030-fa7dd33708cc",
        "Start Frame": 4440,
        "End Frame": 4560,
        "Caption": "#C C picks the dried grass straws from the ground; #C C Moves the Napier grass straws on the; #C C moves the dry grass; #C C collects the bunch of straws with both hands; #C C moves the straw grass on the floor with his"
    },
    {
        "Video Name": "06c4ff48-1335-454d-9030-fa7dd33708cc",
        "Start Frame": 4560,
        "End Frame": 4680,
        "Caption": "#C C Picks up a bunch of grass with hands; #C C packs the dried grass straws together on the mat on the floor; #C C pushes the dry grass ; #C C moves the dry grass on the floor with both hands; #C C pushes the rice plants in the sesame"
    },
    {
        "Video Name": "06c4ff48-1335-454d-9030-fa7dd33708cc",
        "Start Frame": 4680,
        "End Frame": 4800,
        "Caption": "#C C packs the dried grass straws on the ground together with both; #C C moves the wheat with both hands.; #C C picks the dried grass; #C C packs the dried grass straws together with both hands; #C C pulls the dry grass "
    },
    {
        "Video Name": "06c4ff48-1335-454d-9030-fa7dd33708cc",
        "Start Frame": 4800,
        "End Frame": 4920,
        "Caption": "#C C throws the grass straws on the; #C C picks the dry grass; #C C picks hay; #C C looks at the wheat.; #C C picks hay from the ground"
    },
    {
        "Video Name": "06c4ff48-1335-454d-9030-fa7dd33708cc",
        "Start Frame": 4920,
        "End Frame": 5040,
        "Caption": "#C C looks around the heap of dried grass; #C C walks around the heap of dried grass straw; #C C throws the dry grass on the ground; #C C drops the grass on the floor.; #C C takes grass from the heap of grass."
    },
    {
        "Video Name": "06c4ff48-1335-454d-9030-fa7dd33708cc",
        "Start Frame": 5040,
        "End Frame": 5160,
        "Caption": "#C C picks grass straws with both hands; #C C moves the leg.; #C C walks around the heap of dried grass straws; #C C walks on the field.; #C C moves the wheat."
    },
    {
        "Video Name": "06c4ff48-1335-454d-9030-fa7dd33708cc",
        "Start Frame": 5160,
        "End Frame": 5280,
        "Caption": "#C C picks grass straws with both hands; #C C carries grass straws with both hands; #C C moves the straw grass on the floor with his; #C C gathers dried grass straws together with both hands; #C C picks grass straws with both hands"
    },
    {
        "Video Name": "06c4ff48-1335-454d-9030-fa7dd33708cc",
        "Start Frame": 5280,
        "End Frame": 5400,
        "Caption": "#C C moves the straw grass on the floor with his; #C C moves the straw grass on the floor with his; #C C pulls the straw grass on the floor with both; #C C Moves the Napier grass with hands; #C C lifts hay from the ground"
    }
]