[
    {
        "Video Name": "07231eef-66b2-4ac7-8104-8aa7fb40901b",
        "Start Frame": 0,
        "End Frame": 120,
        "Caption": "#C c puts pipette pipe on the holder; #C C places the eppendorf tube in the; #C c puts micropipette on the holder; #C c puts pipette pipe on the holder; #C c puts micropipette pipe on the holder"
    },
    {
        "Video Name": "07231eef-66b2-4ac7-8104-8aa7fb40901b",
        "Start Frame": 120,
        "End Frame": 240,
        "Caption": "#C C puts the test tube rack on the; #C c closes the container; #C c places container on the table; #C c picks container with pipette; #C c puts the syringe on the table"
    },
    {
        "Video Name": "07231eef-66b2-4ac7-8104-8aa7fb40901b",
        "Start Frame": 240,
        "End Frame": 360,
        "Caption": "#C C places micropipette on the table; #C C  puts the syringe on the table; #C C puts the syringe on the table; #C c picks micropipette on the counter; #C c places micropipette on the table"
    },
    {
        "Video Name": "07231eef-66b2-4ac7-8104-8aa7fb40901b",
        "Start Frame": 360,
        "End Frame": 480,
        "Caption": "#C c picks pipette pipe; #C C takes big test tube from rack; #C c picks pipette pipe; #C C picks the test tube from the; #C c picks pipette pipe"
    },
    {
        "Video Name": "07231eef-66b2-4ac7-8104-8aa7fb40901b",
        "Start Frame": 480,
        "End Frame": 600,
        "Caption": "#C c inserts micropipette in the pipette; #C C puts solution in test tube; #C c puts liquid substance on the pipette pipe; #C C puts solution in test tube; #C C inserts the syringe in the  test tube"
    },
    {
        "Video Name": "07231eef-66b2-4ac7-8104-8aa7fb40901b",
        "Start Frame": 600,
        "End Frame": 720,
        "Caption": "#C C picks the test tube from the; #C c picks pipette pipe on the; #C c puts pipette pipe on the; #C c puts pipette pipe on the; #C C picks test tube from rack"
    },
    {
        "Video Name": "07231eef-66b2-4ac7-8104-8aa7fb40901b",
        "Start Frame": 720,
        "End Frame": 840,
        "Caption": "#C c puts pipette pipe on the; #C C places the test tube on the; #C c puts pipette pipe on the; #C c puts pipette pipe on the; #C c puts pipette pipe on the"
    },
    {
        "Video Name": "07231eef-66b2-4ac7-8104-8aa7fb40901b",
        "Start Frame": 840,
        "End Frame": 960,
        "Caption": "#C c picks pipette pipe; #C C sucks solution; #C c picks pipette pipe; #C C picks the eppendorf tube from the test tube; #C c picks pipette pipe"
    },
    {
        "Video Name": "07231eef-66b2-4ac7-8104-8aa7fb40901b",
        "Start Frame": 960,
        "End Frame": 1080,
        "Caption": "#C C sucks solution; #C c puts liquid substance on the pipette pipe; #C c puts liquid substance on the pipette pipe; #C c inserts micropipette in the pip; #C C puts the syringe in the bottle"
    },
    {
        "Video Name": "07231eef-66b2-4ac7-8104-8aa7fb40901b",
        "Start Frame": 1080,
        "End Frame": 1200,
        "Caption": "#C c places pipette pipe on the holder; #C c puts pipette pipe on the holder; #C C puts the test tube in the tray with ice; #C c puts pipette pipe on the holder; #C c puts pipette pipe in the container"
    },
    {
        "Video Name": "07231eef-66b2-4ac7-8104-8aa7fb40901b",
        "Start Frame": 1200,
        "End Frame": 1320,
        "Caption": "#C C picks test tube from rack; #C C picks a test tube from the; #C c picks pipette pipe on the; #C c picks pipette pipe on the; #C c picks pipette pipe"
    },
    {
        "Video Name": "07231eef-66b2-4ac7-8104-8aa7fb40901b",
        "Start Frame": 1320,
        "End Frame": 1440,
        "Caption": "#C C puts the test tube in the; #C c puts pipette pipe on the; #C c puts pipette pipe on the; #C c puts pipette pipe on the; #C c puts pipette pipe on the"
    },
    {
        "Video Name": "07231eef-66b2-4ac7-8104-8aa7fb40901b",
        "Start Frame": 1440,
        "End Frame": 1560,
        "Caption": "#C c inserts micropipette pipe on the; #C c picks liquid substance with the pipette pipe; #C C holds the syringe; #C c looks at the pipette pipe; #C c picks liquid substance with a micropip"
    },
    {
        "Video Name": "07231eef-66b2-4ac7-8104-8aa7fb40901b",
        "Start Frame": 1560,
        "End Frame": 1680,
        "Caption": "#C C sucks solution; #C C siphons liquid from the test tube; #C c puts liquid substance on the pipette; #C C sucks solution; #C C sucks solution"
    },
    {
        "Video Name": "07231eef-66b2-4ac7-8104-8aa7fb40901b",
        "Start Frame": 1680,
        "End Frame": 1800,
        "Caption": "#C C puts the test tube in the rack; #C c puts pipette pipe in the holder; #C c puts pipette pipe on the holder; #C C puts the test tube in the  plastic; #C c puts pipette pipe in the container"
    },
    {
        "Video Name": "07231eef-66b2-4ac7-8104-8aa7fb40901b",
        "Start Frame": 1800,
        "End Frame": 1920,
        "Caption": "#C c picks pen; #C c writes on a; #C C writes on a; #C c picks pen; #C c writes on a"
    },
    {
        "Video Name": "07231eef-66b2-4ac7-8104-8aa7fb40901b",
        "Start Frame": 1920,
        "End Frame": 2040,
        "Caption": "#C c picks pipette pipe on the holder; #C C closes test tube; #C C closes test tube; #C C picks the eppendorf tube in the; #C C closes test tube lid"
    },
    {
        "Video Name": "07231eef-66b2-4ac7-8104-8aa7fb40901b",
        "Start Frame": 2040,
        "End Frame": 2160,
        "Caption": "#C C places test tube in the rack; #C C places test tube in the rack; #C C picks a test tube from the; #C C puts the test tube in the; #C C places test tube in the rack"
    },
    {
        "Video Name": "07231eef-66b2-4ac7-8104-8aa7fb40901b",
        "Start Frame": 2160,
        "End Frame": 2280,
        "Caption": "#C C picks up the syringe; #C c picks micropipette on the; #C C picks a syringe from the table; #C C picks the syringe; #C c picks micropipette"
    },
    {
        "Video Name": "07231eef-66b2-4ac7-8104-8aa7fb40901b",
        "Start Frame": 2280,
        "End Frame": 2400,
        "Caption": "#C c puts pipette pipe on the; #C c puts pipette pipe on the; #C c picks pipette pipe; #C c picks pipette pipe; #C c picks pipette pipe from the"
    },
    {
        "Video Name": "07231eef-66b2-4ac7-8104-8aa7fb40901b",
        "Start Frame": 2400,
        "End Frame": 2520,
        "Caption": "#C C looks at the test; #C C reads test result; #C C closes the test tube; #C C looks at the test; #C C opens the test tube"
    },
    {
        "Video Name": "07231eef-66b2-4ac7-8104-8aa7fb40901b",
        "Start Frame": 2520,
        "End Frame": 2640,
        "Caption": "#C C siphons off chemical from the test tube; #C c inserts micropipette in the pip; #C c puts liquid substance on the pipette pipe; #C C sucks solution; #C c puts liquid substance on the pipette pipe"
    },
    {
        "Video Name": "07231eef-66b2-4ac7-8104-8aa7fb40901b",
        "Start Frame": 2640,
        "End Frame": 2760,
        "Caption": "#C C takes the solution; #C C sucks solution; #C C closes the test tube; #C c puts liquid in the cell; #C C looks at the test tube"
    },
    {
        "Video Name": "07231eef-66b2-4ac7-8104-8aa7fb40901b",
        "Start Frame": 2760,
        "End Frame": 2880,
        "Caption": "#C C picks a test tube from the; #C C puts solution in the test tube; #C c picks liquid substance on the tray; #C c picks liquid substance on the tray; #C C puts solution in test tube"
    },
    {
        "Video Name": "07231eef-66b2-4ac7-8104-8aa7fb40901b",
        "Start Frame": 2880,
        "End Frame": 3000,
        "Caption": "#C c places pipette pipe on the holder; #C C puts down the test tube; #C C puts the syringe in the bag; #C C puts a test tube in a blue; #C c picks micropipette"
    },
    {
        "Video Name": "07231eef-66b2-4ac7-8104-8aa7fb40901b",
        "Start Frame": 3000,
        "End Frame": 3120,
        "Caption": "#C c picks micropipette; #C C picks the test tube from the plastic storage; #C C picks up a test tube from the tray; #C C places test tube in the tray; #C C puts the solution in the test tube rack"
    },
    {
        "Video Name": "07231eef-66b2-4ac7-8104-8aa7fb40901b",
        "Start Frame": 3120,
        "End Frame": 3240,
        "Caption": "#C c inserts micropipette in the pip; #C C looks at the test tube; #C c puts liquid substance on the pipette pipe; #C c puts liquid substance on the pipette pipe; #C c puts liquid substance on the pipette pipe"
    },
    {
        "Video Name": "07231eef-66b2-4ac7-8104-8aa7fb40901b",
        "Start Frame": 3240,
        "End Frame": 3360,
        "Caption": "#C c puts liquid substance on the cell tray; #C c inserts micropipette in the nest pipet; #C c puts liquid substance on the pipette pipe; #C C puts solution in the test tube; #C c puts liquid substance on the cell tray cell"
    },
    {
        "Video Name": "07231eef-66b2-4ac7-8104-8aa7fb40901b",
        "Start Frame": 3360,
        "End Frame": 3480,
        "Caption": "#C c inserts micropipette in the pipette; #C C injects the liquid in the syringe into the eppendorf; #C c inserts micropipette in the pipette; #C c picks liquid substance with micropipette; #C C inserts the syringe inside the eppendorf tube"
    },
    {
        "Video Name": "07231eef-66b2-4ac7-8104-8aa7fb40901b",
        "Start Frame": 3480,
        "End Frame": 3600,
        "Caption": "#C C sucks solution in the test tube; #C C draws liquid in the test tube; #C c picks liquid substance with the pipette; #C C sucks solution; #C C draws the solution from the test tube"
    },
    {
        "Video Name": "07231eef-66b2-4ac7-8104-8aa7fb40901b",
        "Start Frame": 3600,
        "End Frame": 3720,
        "Caption": "#C C syphons the liquid in the test; #C C picks test tube from the tray; #C C sucks solution from the test tube; #C C closes the test tube; #C C checks the test tube"
    },
    {
        "Video Name": "07231eef-66b2-4ac7-8104-8aa7fb40901b",
        "Start Frame": 3720,
        "End Frame": 3840,
        "Caption": "#C c puts liquid substance in the pipette; #C c puts liquid substance on the pipette; #C c puts solution in the tray cell; #C c puts liquid substance on the cell tray; #C C injects the liquid in the test"
    },
    {
        "Video Name": "07231eef-66b2-4ac7-8104-8aa7fb40901b",
        "Start Frame": 3840,
        "End Frame": 3960,
        "Caption": "#C c puts liquid substance on the pipette pipe; #C C puts solution in the test tube; #C C suckles chemical in the test tube; #C c inserts micropipette in the pip; #C C suckles chemical in the test tube"
    },
    {
        "Video Name": "07231eef-66b2-4ac7-8104-8aa7fb40901b",
        "Start Frame": 3960,
        "End Frame": 4080,
        "Caption": "#C C puts test tube in the rack; #C c puts pipette pipe in the; #C C puts the test tube in the; #C C puts the test tube in the; #C C puts the test tube in the"
    },
    {
        "Video Name": "07231eef-66b2-4ac7-8104-8aa7fb40901b",
        "Start Frame": 4080,
        "End Frame": 4200,
        "Caption": "#C c puts liquid substance in the sy; #C C inserts syringe in the bucket; #C c puts pipette pipe on the; #C C puts solution in the  plastic; #C c puts pipette pipe on the"
    },
    {
        "Video Name": "07231eef-66b2-4ac7-8104-8aa7fb40901b",
        "Start Frame": 4200,
        "End Frame": 4320,
        "Caption": "#C C writes on the test tube; #C C puts the test tube in the; #C C puts the test tube in the; #C C picks a pen; #C c puts the pen on the cell"
    },
    {
        "Video Name": "07231eef-66b2-4ac7-8104-8aa7fb40901b",
        "Start Frame": 4320,
        "End Frame": 4440,
        "Caption": "#C c puts pen on table; #C C puts down the pen; #C C picks a pen; #C c places pen on the; #C C puts down the pen"
    },
    {
        "Video Name": "07231eef-66b2-4ac7-8104-8aa7fb40901b",
        "Start Frame": 4440,
        "End Frame": 4560,
        "Caption": "#C C puts the test tube on the rack; #C C places the test tube in the rack; #C c puts pipette pipe on the holder; #C C places the eppendorf tube in the test tube; #C C puts the test tube on the rack"
    },
    {
        "Video Name": "07231eef-66b2-4ac7-8104-8aa7fb40901b",
        "Start Frame": 4560,
        "End Frame": 4680,
        "Caption": "#C c picks micropipette pipe; #C c picks micropipette; #C c picks pipette pipe; #C c picks micropipette; #C c picks micropipette on the"
    },
    {
        "Video Name": "07231eef-66b2-4ac7-8104-8aa7fb40901b",
        "Start Frame": 4680,
        "End Frame": 4800,
        "Caption": "#C C holds a test tube; #C C looks at the test tube; #C C opens the eppendorf tube; #C C looks at the Eppendorf; #C C looks at the test tube"
    },
    {
        "Video Name": "07231eef-66b2-4ac7-8104-8aa7fb40901b",
        "Start Frame": 4800,
        "End Frame": 4920,
        "Caption": "#C C sucks solution; #C C inserts the syringe in the test; #C C injects the liquid into the test; #C C puts solution in test tube; #C C injects a liquid into the test"
    },
    {
        "Video Name": "07231eef-66b2-4ac7-8104-8aa7fb40901b",
        "Start Frame": 4920,
        "End Frame": 5040,
        "Caption": "#C c puts pipette pipe on the; #C c puts pipette pipe on the; #C c puts pipette pipe on the; #C c puts pipette pipe on the; #C c puts pipette pipe on the"
    },
    {
        "Video Name": "07231eef-66b2-4ac7-8104-8aa7fb40901b",
        "Start Frame": 5040,
        "End Frame": 5160,
        "Caption": "#C c puts liquid substance on the pipette; #C C puts the test tube in the rack; #C C puts solution in the test tube; #C C inserts the syringe in the test; #C c picks micropipette"
    },
    {
        "Video Name": "07231eef-66b2-4ac7-8104-8aa7fb40901b",
        "Start Frame": 5160,
        "End Frame": 5280,
        "Caption": "#C c puts liquid substance on the cell; #C C puts solution in the test tube; #C c puts liquid substance on the cell; #C C puts solution in the test tube; #C C puts solution in the test tube"
    },
    {
        "Video Name": "07231eef-66b2-4ac7-8104-8aa7fb40901b",
        "Start Frame": 5280,
        "End Frame": 5400,
        "Caption": "#C C opens the eppendorf tube; #C C looks at the eppendorf; #C c closes pipette pipe; #C C closes the test tube lid; #C C closes the test tube lid"
    }
]