[
    {
        "Video Name": "0752a5d8-60e8-4e3d-b063-11edc16f98b3",
        "Start Frame": 0,
        "End Frame": 120,
        "Caption": "#C C sprinkles flour on the table.; #C C touches the flour.; #C C takes flour from the stainless steel work table with his right hand.; #C C spreads flour on the table with his right hand.; #C C takes flour from the table with his right hand."
    },
    {
        "Video Name": "0752a5d8-60e8-4e3d-b063-11edc16f98b3",
        "Start Frame": 120,
        "End Frame": 240,
        "Caption": "#C C puts baking flour on the table; #C C puts the dough on the flour.; #C C puts the dough on the table.; #C C puts the dough on the table.; #C C takes flour from the table with his right hand"
    },
    {
        "Video Name": "0752a5d8-60e8-4e3d-b063-11edc16f98b3",
        "Start Frame": 240,
        "End Frame": 360,
        "Caption": "#C  C takes some flour from the table with his right hand; #C C takes flour from the table with his right hand.; #C C picks the scrapper on the table with his right hand; #C C moves the flour.; #C C takes flour from the table with his right hand."
    },
    {
        "Video Name": "0752a5d8-60e8-4e3d-b063-11edc16f98b3",
        "Start Frame": 360,
        "End Frame": 480,
        "Caption": "#C  C cleans the table with his right hand.; #C C picks the scrapper from the table with his right hand; #C C moves a flour on the table with his right hand.; #C C picks a scrapper on the table with his right hand; #C C takes the scraper from the table with his right hand"
    },
    {
        "Video Name": "0752a5d8-60e8-4e3d-b063-11edc16f98b3",
        "Start Frame": 480,
        "End Frame": 600,
        "Caption": "#C C picks the flour from the table.; #C  C cleans the table with his right hand; #C C picks the scrapper.; #C C takes the flour.; #C C picks flour on the table."
    },
    {
        "Video Name": "0752a5d8-60e8-4e3d-b063-11edc16f98b3",
        "Start Frame": 600,
        "End Frame": 720,
        "Caption": "#C C walks to the table.; #C C walks around; #C C turns around.; #C C walks around in the bakery; #C C walks towards a shelf."
    },
    {
        "Video Name": "0752a5d8-60e8-4e3d-b063-11edc16f98b3",
        "Start Frame": 720,
        "End Frame": 840,
        "Caption": "#C C moves the hand; #C C turns around.; #C C touches the board; #C C turns around.; #C C moves around a"
    },
    {
        "Video Name": "0752a5d8-60e8-4e3d-b063-11edc16f98b3",
        "Start Frame": 840,
        "End Frame": 960,
        "Caption": "#C  C carries the plank to the kitchen.; #C  C walks to the other side of the table.; #C C walks to a work table with the baking pan.; #C C walks to the other room; #C C carries the wooden board from the table with both hands"
    },
    {
        "Video Name": "0752a5d8-60e8-4e3d-b063-11edc16f98b3",
        "Start Frame": 960,
        "End Frame": 1080,
        "Caption": "#C C carries the wooden stand.; #C C walks around the room ; #C C walks to the table ; #C C walks towards the table with the wooden stand; #C C walks back to the table."
    },
    {
        "Video Name": "0752a5d8-60e8-4e3d-b063-11edc16f98b3",
        "Start Frame": 1080,
        "End Frame": 1200,
        "Caption": "#C C drops the plank on the table with both hands; #C C puts the wooden board on the table.; #C C drops the wooden board on the work table.; #C C puts the wooden board on the table.; #C C puts the wood board on the table."
    },
    {
        "Video Name": "0752a5d8-60e8-4e3d-b063-11edc16f98b3",
        "Start Frame": 1200,
        "End Frame": 1320,
        "Caption": "#C C puts the flour on the table; #C C sprinkles flour on the table; #C C sprinkles flour on the table; #C C sprinkles flour on the plank; #C C sprinkles flour on the dough"
    },
    {
        "Video Name": "0752a5d8-60e8-4e3d-b063-11edc16f98b3",
        "Start Frame": 1320,
        "End Frame": 1440,
        "Caption": "#C C walks around the room; #C C walks to a table.; #C C walks back to the table; #C C turns around.; #C C turns around."
    },
    {
        "Video Name": "0752a5d8-60e8-4e3d-b063-11edc16f98b3",
        "Start Frame": 1440,
        "End Frame": 1560,
        "Caption": "#C C cleans both hands with a cloth.; #C C moves the rag.; #C C puts the towel on the table.; #C C puts the rag on the dough mixer machine; #C C picks a cloth from under the tray."
    },
    {
        "Video Name": "0752a5d8-60e8-4e3d-b063-11edc16f98b3",
        "Start Frame": 1560,
        "End Frame": 1680,
        "Caption": "#C C walks back to the table. ; #C C walks around the kitchen; #C C walks to the table.; #C C walks around the kitchen; #C C walks towards the stainless steel work table"
    },
    {
        "Video Name": "0752a5d8-60e8-4e3d-b063-11edc16f98b3",
        "Start Frame": 1680,
        "End Frame": 1800,
        "Caption": "#C C puts dough on the table; #C C puts dough on the table; #C C carries the bowl of dough from the table.; #C C carries the bucket of dough with both hands.; #C C puts the dough on the table."
    },
    {
        "Video Name": "0752a5d8-60e8-4e3d-b063-11edc16f98b3",
        "Start Frame": 1800,
        "End Frame": 1920,
        "Caption": "#C C puts flour in the bucket ; #C C pours flour from the bucket on the table.; #C C pours flour in the dough mixer; #C C pours flour from the bowl in his right hand into the dough on the table; #C C pours flour on the table with his right hand."
    },
    {
        "Video Name": "0752a5d8-60e8-4e3d-b063-11edc16f98b3",
        "Start Frame": 1920,
        "End Frame": 2040,
        "Caption": "#C C picks a bucket from the table; #C C drops the bucket on the table with his right hand; #C C puts the bucket on the table. ; #C C puts the bucket on the table.; #C C drops the bucket on the table."
    },
    {
        "Video Name": "0752a5d8-60e8-4e3d-b063-11edc16f98b3",
        "Start Frame": 2040,
        "End Frame": 2160,
        "Caption": "#C C scrapes the dough mixer with the rag.; #C C scoops flour from the bucket with the scoop in his right hand.; #C C removes flour from the bucket with a scoop; #C C cleans the bucket with the cloth in his right hand.; #C C scoops some flour from the bucket with the flour scoop in his right hand."
    },
    {
        "Video Name": "0752a5d8-60e8-4e3d-b063-11edc16f98b3",
        "Start Frame": 2160,
        "End Frame": 2280,
        "Caption": "#C C holds a flour container. ; #C C takes the dough pan ; #C C picks a lid.; #C C takes a bucket of dough from the basket of dough; #C C drops the dough in the bucket."
    },
    {
        "Video Name": "0752a5d8-60e8-4e3d-b063-11edc16f98b3",
        "Start Frame": 2280,
        "End Frame": 2400,
        "Caption": "#C  C turns around.; #C C drops the knife on the table.; #C C walks to the table.; #C C takes a scooper from the table with his right hand.; #C C takes a bucket"
    },
    {
        "Video Name": "0752a5d8-60e8-4e3d-b063-11edc16f98b3",
        "Start Frame": 2400,
        "End Frame": 2520,
        "Caption": "#C C picks dough on the table with both hands.; #C C picks up the dough.; #C C moves the dough.; #C C puts the dough on the dough kneading; #C C holds the dough with his left hand."
    },
    {
        "Video Name": "0752a5d8-60e8-4e3d-b063-11edc16f98b3",
        "Start Frame": 2520,
        "End Frame": 2640,
        "Caption": "#C C cuts the dough with a dough cutter; #C C cuts dough with a dough cutter; #C C cuts dough with the putty knife.; #C C puts the dough on another dough.; #C C cuts dough on the table with the scrapper"
    },
    {
        "Video Name": "0752a5d8-60e8-4e3d-b063-11edc16f98b3",
        "Start Frame": 2640,
        "End Frame": 2760,
        "Caption": "#C C drops the scraper on the table with his right hand; #C C drops the dough on the table with his left hand.; #C C places the scraper on the table.; #C C puts the dough on another dough on the table.; #C C puts the dough on another dough."
    },
    {
        "Video Name": "0752a5d8-60e8-4e3d-b063-11edc16f98b3",
        "Start Frame": 2760,
        "End Frame": 2880,
        "Caption": "#C C puts the dough on the dough kneading table.; #C C drops the dough on the table with both hands.; #C C drops the scraper on the table with his right hand; #C C drops the dough on the table with both hands.; #C C puts the dough on the table."
    },
    {
        "Video Name": "0752a5d8-60e8-4e3d-b063-11edc16f98b3",
        "Start Frame": 2880,
        "End Frame": 3000,
        "Caption": "#C C kneads the dough on the table with both hands; #C C kneads dough on the table with both hands.; #C C kneads dough on the table with both hands.; #C C kneads dough on the table with both hands.; #C C picks dough on the table with both hands."
    },
    {
        "Video Name": "0752a5d8-60e8-4e3d-b063-11edc16f98b3",
        "Start Frame": 3000,
        "End Frame": 3120,
        "Caption": "#C C adjusts the dough on the table with both hands; #C C adjusts the dough on the table with both hands; #C C picks the dough.; #C C holds the dough.; #C C moves the dough."
    },
    {
        "Video Name": "0752a5d8-60e8-4e3d-b063-11edc16f98b3",
        "Start Frame": 3120,
        "End Frame": 3240,
        "Caption": "#C C touches the dough.; #C C touches the dough.; #C C touches the dough.; #C C puts the dough on the table.; #C C adjusts the dough on the stainless steel work table with both hands"
    },
    {
        "Video Name": "0752a5d8-60e8-4e3d-b063-11edc16f98b3",
        "Start Frame": 3240,
        "End Frame": 3360,
        "Caption": "#C C kneads dough on the table with both hands; #C C kneads dough on the table with both hands; #C C kneads dough on the table with both hands; #C C kneads the dough.; #C C kneads the dough."
    },
    {
        "Video Name": "0752a5d8-60e8-4e3d-b063-11edc16f98b3",
        "Start Frame": 3360,
        "End Frame": 3480,
        "Caption": "#C C touches the dough.; #C C picks the dough.; #C C puts the dough on the table.; #C C puts the dough on the table.; #C C drops the dough on the table with both hands"
    },
    {
        "Video Name": "0752a5d8-60e8-4e3d-b063-11edc16f98b3",
        "Start Frame": 3480,
        "End Frame": 3600,
        "Caption": "#C C moves the dough.; #C C puts the dough on the table.; #C C kneads dough on the table with both hands; #C C kneads the dough.; #C C moves the dough on the table."
    },
    {
        "Video Name": "0752a5d8-60e8-4e3d-b063-11edc16f98b3",
        "Start Frame": 3600,
        "End Frame": 3720,
        "Caption": "#C C carries the dough from the table with both hands; #C C carries the dough from the table with both hands; #C C puts the dough on the table.; #C C carries dough from the table with both hands.; #C C picks the dough."
    },
    {
        "Video Name": "0752a5d8-60e8-4e3d-b063-11edc16f98b3",
        "Start Frame": 3720,
        "End Frame": 3840,
        "Caption": "#C C touches the dough.; #C C picks the scrapper; #C C touches the dough.; #C C touches the dough.; #C C touches the dough."
    },
    {
        "Video Name": "0752a5d8-60e8-4e3d-b063-11edc16f98b3",
        "Start Frame": 3840,
        "End Frame": 3960,
        "Caption": "#C C rolls the dough on the dough kneading table; #C C rolls the dough.; #C C moves the dough.; #C C rolls the dough on the table with both hands.; #C C kneads the dough on the table with both hands"
    },
    {
        "Video Name": "0752a5d8-60e8-4e3d-b063-11edc16f98b3",
        "Start Frame": 3960,
        "End Frame": 4080,
        "Caption": "#C C puts the dough on the table.; #C C adjusts the dough on the table with both hands.; #C C kneads dough on the stainless steel work table with both hands; #C C touches the dough.; #C C moves the dough."
    },
    {
        "Video Name": "0752a5d8-60e8-4e3d-b063-11edc16f98b3",
        "Start Frame": 4080,
        "End Frame": 4200,
        "Caption": "#C C takes flour from the dough.; #C C picks a scrapper.; #C C picks the scrapper from the table; #C C picks the putty knife.; #C C picks dough scrapper on the table"
    },
    {
        "Video Name": "0752a5d8-60e8-4e3d-b063-11edc16f98b3",
        "Start Frame": 4200,
        "End Frame": 4320,
        "Caption": "#C C puts the dough on another dough.; #C C puts the dough on the dough kneading table; #C C drops the scrapper on the table with his right hand; #C C drops the scrapper on the table with his right hand; #C C puts the scrapper on the table."
    },
    {
        "Video Name": "0752a5d8-60e8-4e3d-b063-11edc16f98b3",
        "Start Frame": 4320,
        "End Frame": 4440,
        "Caption": "#C C puts the dough on the table.; #C C puts dough on the dough kneading table; #C C puts the dough on the dough kneading; #C C puts the dough on the dough kneading; #C C puts the dough on the dough."
    },
    {
        "Video Name": "0752a5d8-60e8-4e3d-b063-11edc16f98b3",
        "Start Frame": 4440,
        "End Frame": 4560,
        "Caption": "#C C kneads dough on the table with both hands.; #C C kneads the dough on the table with both hands; #C C rolls the dough.; #C C moves the dough.; #C C kneads the dough on the table with both hands"
    },
    {
        "Video Name": "0752a5d8-60e8-4e3d-b063-11edc16f98b3",
        "Start Frame": 4560,
        "End Frame": 4680,
        "Caption": "#C C picks the dough.; #C C puts the dough on the table.; #C C kneads dough on the table with both hands.; #C C kneads the dough on the table with both hands; #C C picks the dough."
    },
    {
        "Video Name": "0752a5d8-60e8-4e3d-b063-11edc16f98b3",
        "Start Frame": 4680,
        "End Frame": 4800,
        "Caption": "#C C rolls the dough.; #C C rolls the dough on the table with both hands; #C C rolls the dough.; #C C rolls the dough on the table with both hands; #C C rolls dough on the table with both hands."
    },
    {
        "Video Name": "0752a5d8-60e8-4e3d-b063-11edc16f98b3",
        "Start Frame": 4800,
        "End Frame": 4920,
        "Caption": "#C C drops the dough on the stainless steel work table with both hands; #C C puts the dough on the table.; #C C touches the dough.; #C C puts the dough on the table.; #C C puts the dough on the dough."
    },
    {
        "Video Name": "0752a5d8-60e8-4e3d-b063-11edc16f98b3",
        "Start Frame": 4920,
        "End Frame": 5040,
        "Caption": "#C C rolls the dough with his hands.; #C C rolls the dough on the table with both hands.; #C C rolls the dough on the table with both hands.; #C C kneads dough on the table with both hands; #C C rolls the dough."
    },
    {
        "Video Name": "0752a5d8-60e8-4e3d-b063-11edc16f98b3",
        "Start Frame": 5040,
        "End Frame": 5160,
        "Caption": "#C C touches the dough.; #C C picks the scraper.; #C C picks the scraper.; #C C picks the scrapper from the table with his right hand; #C C puts the putty knife on the table."
    },
    {
        "Video Name": "0752a5d8-60e8-4e3d-b063-11edc16f98b3",
        "Start Frame": 5160,
        "End Frame": 5280,
        "Caption": "#C C puts the knife on the table.; #C C drops the dough on the table with his left hand.; #C C kneads dough on the table with both hands.; #C C puts the dough on the dough kneading table; #C  C removes the excess dough on the table with his right hand"
    },
    {
        "Video Name": "0752a5d8-60e8-4e3d-b063-11edc16f98b3",
        "Start Frame": 5280,
        "End Frame": 5400,
        "Caption": "#C C kneads the dough.; #C C kneads the dough.; #C C spreads the dough with hands.; #C C kneads dough on the table with both hands; #C C kneads dough on the table with both hands"
    }
]