[
    {
        "Video Name": "077e8e2e-df53-44b6-884e-066c21d1dd1c",
        "Start Frame": 0,
        "End Frame": 120,
        "Caption": "#C C inserts a nail; #C C inserts the nail into the; #C C inserts the nail in the; #C C puts a screw on a; #C C puts a screw on a"
    },
    {
        "Video Name": "077e8e2e-df53-44b6-884e-066c21d1dd1c",
        "Start Frame": 120,
        "End Frame": 240,
        "Caption": "#C C picks the nails; #C C holds the wood ; #C C  picks a measuring; #C C picks drill; #C C holds the wood "
    },
    {
        "Video Name": "077e8e2e-df53-44b6-884e-066c21d1dd1c",
        "Start Frame": 240,
        "End Frame": 360,
        "Caption": "#C C picks the hammer; #C C puts hammer on the; #C C puts the hammer down; #C C picks hammer; #C C looks around "
    },
    {
        "Video Name": "077e8e2e-df53-44b6-884e-066c21d1dd1c",
        "Start Frame": 360,
        "End Frame": 480,
        "Caption": "#C C picks a hammer; #C C picks the wood ; #C C puts the piece of wood on the wood; #C C picks a pencil ; #C C puts the ruler on the wood "
    },
    {
        "Video Name": "077e8e2e-df53-44b6-884e-066c21d1dd1c",
        "Start Frame": 480,
        "End Frame": 600,
        "Caption": "#C C picks up a ruler; #C C picks a ruler ; #C C picks a ruler; #C C picks a ruler; #C C picks a ruler from the"
    },
    {
        "Video Name": "077e8e2e-df53-44b6-884e-066c21d1dd1c",
        "Start Frame": 600,
        "End Frame": 720,
        "Caption": "#C C picks the ruler ; #C C puts the ruler on the wood; #C C places ruler on the wood ; #C C measures woody; #C C puts the ruler on the wood"
    },
    {
        "Video Name": "077e8e2e-df53-44b6-884e-066c21d1dd1c",
        "Start Frame": 720,
        "End Frame": 840,
        "Caption": "#c c marks a point on the wood using a pencil; #C C measures the wood with a ruler; #C C marks the wood with the pen; #c c marks with a pencil; #C C draws line on the wood with the ruler and the"
    },
    {
        "Video Name": "077e8e2e-df53-44b6-884e-066c21d1dd1c",
        "Start Frame": 840,
        "End Frame": 960,
        "Caption": "#C C puts ruler on the wood; #c c places ruler on the wood; #C C measures the wood ; #C C draws a line; #C C puts a ruler on a"
    },
    {
        "Video Name": "077e8e2e-df53-44b6-884e-066c21d1dd1c",
        "Start Frame": 960,
        "End Frame": 1080,
        "Caption": "#C C marks on the wood using a pencil; #C C draws a line on the wood using a; #C C marks the wood with the pencil; #C C draws a line on the wood using a; #c c marks on the wood"
    },
    {
        "Video Name": "077e8e2e-df53-44b6-884e-066c21d1dd1c",
        "Start Frame": 1080,
        "End Frame": 1200,
        "Caption": "#C C draws a line on the wood using a pencil; #C C draws a line on the wood using the carpenter; #C C marks on the wood ; #C C marks on the wood using a pen; #C C draws a line"
    },
    {
        "Video Name": "077e8e2e-df53-44b6-884e-066c21d1dd1c",
        "Start Frame": 1200,
        "End Frame": 1320,
        "Caption": "#C C puts the ruler on the; #C C measures the wood using the; #C C looks at the ruler; #C C puts ruler on the wood; #C C measures the wood"
    },
    {
        "Video Name": "077e8e2e-df53-44b6-884e-066c21d1dd1c",
        "Start Frame": 1320,
        "End Frame": 1440,
        "Caption": "#C C moves ruler; #C C moves the square ruler on the; #C C stares at the ruler; #C C holds the ruler ; #C C picks the ruler from the wood"
    },
    {
        "Video Name": "077e8e2e-df53-44b6-884e-066c21d1dd1c",
        "Start Frame": 1440,
        "End Frame": 1560,
        "Caption": "#C C puts ruler on the wood; #C C marks on the wood with a; #C C marks on the wood ; #C C marks on the wood using the; #C C moves the ruler"
    },
    {
        "Video Name": "077e8e2e-df53-44b6-884e-066c21d1dd1c",
        "Start Frame": 1560,
        "End Frame": 1680,
        "Caption": "#c c marks the measurements; #C C draws a line on the wood with the construction; #C C marks the wood with the pencil; #C C places ruler on the wood; #C C measures the wood using a ruler"
    },
    {
        "Video Name": "077e8e2e-df53-44b6-884e-066c21d1dd1c",
        "Start Frame": 1680,
        "End Frame": 1800,
        "Caption": "#C C removes the ruler from the wood using the right hand; #C C measures the wood using the ruler; #C C holds a ruler on the wood ; #C C draws a line on the wood using the ruler and the; #C C measures on the wood using a ruler"
    },
    {
        "Video Name": "077e8e2e-df53-44b6-884e-066c21d1dd1c",
        "Start Frame": 1800,
        "End Frame": 1920,
        "Caption": "#C C looks at the ruler; #C C looks around; #C C measures with the ruler; #C C measures the wood; #C C measures a board with a"
    },
    {
        "Video Name": "077e8e2e-df53-44b6-884e-066c21d1dd1c",
        "Start Frame": 1920,
        "End Frame": 2040,
        "Caption": "#C C draws a line with the pencil on the piece of; #C C moves the triangle ruler; #C C draws a line on the wood ; #C C draws a line on the wood; #C C takes a measurement of the wood"
    },
    {
        "Video Name": "077e8e2e-df53-44b6-884e-066c21d1dd1c",
        "Start Frame": 2040,
        "End Frame": 2160,
        "Caption": "#C C measures wood with a ruler; #C C adjusts the ruler on the wood; #C C measures wood with the square tool; #C C measures the wood with a ruler; #C C puts a ruler on the wood"
    },
    {
        "Video Name": "077e8e2e-df53-44b6-884e-066c21d1dd1c",
        "Start Frame": 2160,
        "End Frame": 2280,
        "Caption": "#C C puts the drill bit on the wood; #C C picks a ruler ; #C C fixes a wood ; #C C puts the drill bit on the wood; #C C measures wood with a ruler"
    },
    {
        "Video Name": "077e8e2e-df53-44b6-884e-066c21d1dd1c",
        "Start Frame": 2280,
        "End Frame": 2400,
        "Caption": "#C C puts the triangle ruler on the box; #C C picks a ruler ; #C C puts the square ruler on the tool box ; #C C puts the ruler on the tool box; #C C puts the level ruler on top of a tool"
    },
    {
        "Video Name": "077e8e2e-df53-44b6-884e-066c21d1dd1c",
        "Start Frame": 2400,
        "End Frame": 2520,
        "Caption": "#C C picks a ruler; #C C puts the ruler on the wood; #C C picks a ruler; #C C picks a pencil; #c c measures the wood with a ruler"
    },
    {
        "Video Name": "077e8e2e-df53-44b6-884e-066c21d1dd1c",
        "Start Frame": 2520,
        "End Frame": 2640,
        "Caption": "#C C puts square ruler on the wood; #C C puts pencil on the wood; #C C measures the wood with the ruler; #C C marks on the wood with the; #C C puts a ruler on the wood"
    },
    {
        "Video Name": "077e8e2e-df53-44b6-884e-066c21d1dd1c",
        "Start Frame": 2640,
        "End Frame": 2760,
        "Caption": "#C C puts a ruler on the wood; #C C puts the triangle ruler on the wood; #C C measures the wood; #C C places the triangular ruler on the wood; #C C picks a ruler"
    },
    {
        "Video Name": "077e8e2e-df53-44b6-884e-066c21d1dd1c",
        "Start Frame": 2760,
        "End Frame": 2880,
        "Caption": "#C C picks a ruler; #C C puts square ruler on the wood; #C C puts ruler on wood ; #C C puts a square tool on the wood; #C C puts a mark on the wood "
    },
    {
        "Video Name": "077e8e2e-df53-44b6-884e-066c21d1dd1c",
        "Start Frame": 2880,
        "End Frame": 3000,
        "Caption": "#C C measures the wood with a square; #C C marks the wood with a pen; #C C adjusts the square ruler; #C C picks a pen; #C C puts ruler on wood"
    },
    {
        "Video Name": "077e8e2e-df53-44b6-884e-066c21d1dd1c",
        "Start Frame": 3000,
        "End Frame": 3120,
        "Caption": "#C C marks the wood with a pencil; #C C puts the pencil on the wood; #C C measures wood with the ruler; #C C moves the triangle ruler on the; #C C puts the ruler on the wood"
    },
    {
        "Video Name": "077e8e2e-df53-44b6-884e-066c21d1dd1c",
        "Start Frame": 3120,
        "End Frame": 3240,
        "Caption": "#C C moves the ruler on the wood; #C C measures the wood with a ruler; #C C puts the ruler on the wood; #C C draws a line on the wood using the; #C C picks a pen"
    },
    {
        "Video Name": "077e8e2e-df53-44b6-884e-066c21d1dd1c",
        "Start Frame": 3240,
        "End Frame": 3360,
        "Caption": "#C C puts the ruler on the wood; #C C puts the pencil on the wood; #C C marks on the wood using the; #C C moves the ruler on the wood; #C C moves the ruler"
    },
    {
        "Video Name": "077e8e2e-df53-44b6-884e-066c21d1dd1c",
        "Start Frame": 3360,
        "End Frame": 3480,
        "Caption": "#C C puts the ruler on the; #C C puts the ruler on the; #C C puts a ruler on the; #C C picks a ruler; #C C puts the ruler on the"
    },
    {
        "Video Name": "077e8e2e-df53-44b6-884e-066c21d1dd1c",
        "Start Frame": 3480,
        "End Frame": 3600,
        "Caption": "#C C puts a triangle ruler on the; #C C puts the spirit level on the; #C C picks the ruler; #C C places the ruler on the wood; #C C puts the triangle ruler down"
    },
    {
        "Video Name": "077e8e2e-df53-44b6-884e-066c21d1dd1c",
        "Start Frame": 3600,
        "End Frame": 3720,
        "Caption": "#C C looks around; #C C looks around; #C C looks around; #C C looks around; #C C looks around"
    },
    {
        "Video Name": "077e8e2e-df53-44b6-884e-066c21d1dd1c",
        "Start Frame": 3720,
        "End Frame": 3840,
        "Caption": "#C C looks around; #C C looks around; #C C looks around; #C C looks around; #C C looks around"
    },
    {
        "Video Name": "077e8e2e-df53-44b6-884e-066c21d1dd1c",
        "Start Frame": 3840,
        "End Frame": 3960,
        "Caption": "#C C looks around; #C C looks around the construction; #C C looks around; #C C looks around; #C C looks around"
    },
    {
        "Video Name": "077e8e2e-df53-44b6-884e-066c21d1dd1c",
        "Start Frame": 3960,
        "End Frame": 4080,
        "Caption": "#C C looks; #C C looks; #C C looks; #C C looks; #C C looks"
    },
    {
        "Video Name": "077e8e2e-df53-44b6-884e-066c21d1dd1c",
        "Start Frame": 4080,
        "End Frame": 4200,
        "Caption": "#C C picks tape measure; #C C puts tape measure on the stand; #C C puts tape measure on the lumber; #C C puts the tape measure on the; #C C puts tape measure on the stand"
    },
    {
        "Video Name": "077e8e2e-df53-44b6-884e-066c21d1dd1c",
        "Start Frame": 4200,
        "End Frame": 4320,
        "Caption": "#C C measures the wood; #C C measures the piece of wood using the tape; #C C measures the wood with a tape measure; #C C measures wood with a tape measure; #C C pulls out the tape measure"
    },
    {
        "Video Name": "077e8e2e-df53-44b6-884e-066c21d1dd1c",
        "Start Frame": 4320,
        "End Frame": 4440,
        "Caption": "#C C measures wood; #C C measures wood with a tape; #C C measures the wood ; #C C measures a wood ; #C C measures wood"
    },
    {
        "Video Name": "077e8e2e-df53-44b6-884e-066c21d1dd1c",
        "Start Frame": 4440,
        "End Frame": 4560,
        "Caption": "#C C measures the wood; #C C measures the wood; #C C measures the wood; #C C measures the piece of wood using a tape; #C C measures the wood "
    },
    {
        "Video Name": "077e8e2e-df53-44b6-884e-066c21d1dd1c",
        "Start Frame": 4560,
        "End Frame": 4680,
        "Caption": "#C C measures the wood; #C C measures the wood ; #C C measures wood with a tape measure; #C C measures a wood using a tape; #C C measures the wood"
    },
    {
        "Video Name": "077e8e2e-df53-44b6-884e-066c21d1dd1c",
        "Start Frame": 4680,
        "End Frame": 4800,
        "Caption": "#C C puts the tape measure on the; #C C puts tape measure on the stand; #C C puts tape measure on the lumber; #C C puts the tape measure on the; #C C puts the tape measure on the"
    },
    {
        "Video Name": "077e8e2e-df53-44b6-884e-066c21d1dd1c",
        "Start Frame": 4800,
        "End Frame": 4920,
        "Caption": "#C C walks around; #C C walks around ; #C C walks in the; #C C walks on the; #C C walks around"
    },
    {
        "Video Name": "077e8e2e-df53-44b6-884e-066c21d1dd1c",
        "Start Frame": 4920,
        "End Frame": 5040,
        "Caption": "#C C walks around ; #C C walks around; #C C walks around; #C C walks around ; #C C walks in the construction site"
    },
    {
        "Video Name": "077e8e2e-df53-44b6-884e-066c21d1dd1c",
        "Start Frame": 5040,
        "End Frame": 5160,
        "Caption": "#C C walks around; #C C picks the wood cutting; #C C picks the machine; #C C picks the woodcut; #C C picks a machine"
    },
    {
        "Video Name": "077e8e2e-df53-44b6-884e-066c21d1dd1c",
        "Start Frame": 5160,
        "End Frame": 5280,
        "Caption": "#C C holds the wood cutter machine ; #C C walks around; #C C cuts the wood with the wood; #C C walks around; #C C cuts wood with a wood cutting"
    },
    {
        "Video Name": "077e8e2e-df53-44b6-884e-066c21d1dd1c",
        "Start Frame": 5280,
        "End Frame": 5400,
        "Caption": "#C C looks around; #C C looks around; #C C looks around; #C C looks around; #C C looks around"
    }
]