[
    {
        "Video Name": "078ae997-00e4-4d63-a868-e6c7ff1a2866",
        "Start Frame": 0,
        "End Frame": 120,
        "Caption": "#C C touches a cat; #C C touches a cat; #C C scratches a cat; #C C scratches a cat; #C C scratches a cat"
    },
    {
        "Video Name": "078ae997-00e4-4d63-a868-e6c7ff1a2866",
        "Start Frame": 120,
        "End Frame": 240,
        "Caption": "#C C touches a cat; #C C scratches a cat; #C C touches a cat; #C C touches a cat; #C C touches a cat"
    },
    {
        "Video Name": "078ae997-00e4-4d63-a868-e6c7ff1a2866",
        "Start Frame": 240,
        "End Frame": 360,
        "Caption": "#C C touches a cat; #C C touches a cat; #C C touches a cat; #C C touches a cat; #C C touches a cat"
    },
    {
        "Video Name": "078ae997-00e4-4d63-a868-e6c7ff1a2866",
        "Start Frame": 360,
        "End Frame": 480,
        "Caption": "#C C touches a cat; #C C pets the cat; #C C touches a cat; #C C scratches a cat; #C C touches a cat"
    },
    {
        "Video Name": "078ae997-00e4-4d63-a868-e6c7ff1a2866",
        "Start Frame": 480,
        "End Frame": 600,
        "Caption": "#C C touches a cat; #C C touches a cat; #C C touches a cat; #C C touches a cat; #C C scratches a cat"
    },
    {
        "Video Name": "078ae997-00e4-4d63-a868-e6c7ff1a2866",
        "Start Frame": 600,
        "End Frame": 720,
        "Caption": "#C C touches a cat; #C C touches a cat; #C C touches a cat; #C C touches a cat; #C C scratches a cat"
    },
    {
        "Video Name": "078ae997-00e4-4d63-a868-e6c7ff1a2866",
        "Start Frame": 720,
        "End Frame": 840,
        "Caption": "#C C touches a cat; #C C touches a cat; #C C touches a cat; #C C touches a cat; #C C touches a cat"
    },
    {
        "Video Name": "078ae997-00e4-4d63-a868-e6c7ff1a2866",
        "Start Frame": 840,
        "End Frame": 960,
        "Caption": "#C C scratches a cat; #C C touches a cat; #C C scratches a cat; #C C looks at the; #C C scratches a cat"
    },
    {
        "Video Name": "078ae997-00e4-4d63-a868-e6c7ff1a2866",
        "Start Frame": 960,
        "End Frame": 1080,
        "Caption": "#C C touches a cat; #C C touches a cat; #C C touches a cat; #C C scratches a cat; #C C touches a cat"
    },
    {
        "Video Name": "078ae997-00e4-4d63-a868-e6c7ff1a2866",
        "Start Frame": 1080,
        "End Frame": 1200,
        "Caption": "#C C touches a cat; #C C touches a cat; #C C touches a cat; #C C touches a cat; #C C touches a cat"
    },
    {
        "Video Name": "078ae997-00e4-4d63-a868-e6c7ff1a2866",
        "Start Frame": 1200,
        "End Frame": 1320,
        "Caption": "#C C scratches a cat; #C C touches a cat; #C C touches a cat; #C C touches a cat; #C C touches a cat"
    },
    {
        "Video Name": "078ae997-00e4-4d63-a868-e6c7ff1a2866",
        "Start Frame": 1320,
        "End Frame": 1440,
        "Caption": "#C C touches a cat; #C C touches a cat; #C C touches a cat; #C C touches a cat; #C C scratches a cat"
    },
    {
        "Video Name": "078ae997-00e4-4d63-a868-e6c7ff1a2866",
        "Start Frame": 1440,
        "End Frame": 1560,
        "Caption": "#C C scratches a cat; #C C touches a cat; #C C touches a cat; #C C touches a cat; #C C touches a cat"
    },
    {
        "Video Name": "078ae997-00e4-4d63-a868-e6c7ff1a2866",
        "Start Frame": 1560,
        "End Frame": 1680,
        "Caption": "#C C scratches a cat; #C C touches a cat; #C C touches a cat; #C C touches a cat; #C C touches a cat"
    },
    {
        "Video Name": "078ae997-00e4-4d63-a868-e6c7ff1a2866",
        "Start Frame": 1680,
        "End Frame": 1800,
        "Caption": "#C C touches a cat; #C C touches a cat; #C C touches a cat; #C C touches a cat; #C C touches a cat"
    },
    {
        "Video Name": "078ae997-00e4-4d63-a868-e6c7ff1a2866",
        "Start Frame": 1800,
        "End Frame": 1920,
        "Caption": "#C C touches a cat; #C C touches a cat; #C C touches a cat; #C C touches a cat; #C C touches a cat"
    },
    {
        "Video Name": "078ae997-00e4-4d63-a868-e6c7ff1a2866",
        "Start Frame": 1920,
        "End Frame": 2040,
        "Caption": "#C C touches a cat; #C C touches a cat; #C C touches a cat; #C C touches a cat; #C C touches a cat"
    },
    {
        "Video Name": "078ae997-00e4-4d63-a868-e6c7ff1a2866",
        "Start Frame": 2040,
        "End Frame": 2160,
        "Caption": "#C C touches a cat; #C C scratches a cat; #C C touches a cat; #C C touches a cat; #C C pets the cat"
    },
    {
        "Video Name": "078ae997-00e4-4d63-a868-e6c7ff1a2866",
        "Start Frame": 2160,
        "End Frame": 2280,
        "Caption": "#C C pets the cat; #C C pets the cat; #C C pets the cat; #C C touches a cat; #C C touches a cat"
    },
    {
        "Video Name": "078ae997-00e4-4d63-a868-e6c7ff1a2866",
        "Start Frame": 2280,
        "End Frame": 2400,
        "Caption": "#C C pets cat on her; #C C pets the cat; #C C scratches a cat ; #C C pets the cat; #C C touches a cat "
    },
    {
        "Video Name": "078ae997-00e4-4d63-a868-e6c7ff1a2866",
        "Start Frame": 2400,
        "End Frame": 2520,
        "Caption": "#C C touches a cat; #C C touches a cat; #C C touches a cat; #C C scratches a cat; #C C touches a cat"
    },
    {
        "Video Name": "078ae997-00e4-4d63-a868-e6c7ff1a2866",
        "Start Frame": 2520,
        "End Frame": 2640,
        "Caption": "#C C touches a cat; #C C touches a cat; #C C touches a cat; #C C touches a cat; #C C scratches a cat"
    },
    {
        "Video Name": "078ae997-00e4-4d63-a868-e6c7ff1a2866",
        "Start Frame": 2640,
        "End Frame": 2760,
        "Caption": "#C C touches a cat; #C C touches a cat; #C C touches a cat; #C C scratches a cat; #C C touches a cat"
    },
    {
        "Video Name": "078ae997-00e4-4d63-a868-e6c7ff1a2866",
        "Start Frame": 2760,
        "End Frame": 2880,
        "Caption": "#C C touches a cat; #C C touches a cat; #C C pets cat ; #C C scratches a cat; #C C scratches a cat"
    },
    {
        "Video Name": "078ae997-00e4-4d63-a868-e6c7ff1a2866",
        "Start Frame": 2880,
        "End Frame": 3000,
        "Caption": "#C C touches a cat; #C C touches a cat; #C C scratches a cat; #C C touches a cat; #C C touches a cat"
    },
    {
        "Video Name": "078ae997-00e4-4d63-a868-e6c7ff1a2866",
        "Start Frame": 3000,
        "End Frame": 3120,
        "Caption": "#C C pets the cat; #C C touches a cat; #C C scratches a cat; #C C scratches a cat; #C C touches a cat"
    },
    {
        "Video Name": "078ae997-00e4-4d63-a868-e6c7ff1a2866",
        "Start Frame": 3120,
        "End Frame": 3240,
        "Caption": "#C C touches a cat; #C C touches a cat; #C C scratches a cat; #C C pets the cat; #C C scratches a cat"
    },
    {
        "Video Name": "078ae997-00e4-4d63-a868-e6c7ff1a2866",
        "Start Frame": 3240,
        "End Frame": 3360,
        "Caption": "#C C touches a cat; #C C touches a cat; #C C touches a cat; #C C touches a cat; #C C touches a cat"
    },
    {
        "Video Name": "078ae997-00e4-4d63-a868-e6c7ff1a2866",
        "Start Frame": 3360,
        "End Frame": 3480,
        "Caption": "#C C pets cat on her; #C C touches a cat ; #C C scratches a cat ; #C C pets cat ; #C C touches the cat "
    },
    {
        "Video Name": "078ae997-00e4-4d63-a868-e6c7ff1a2866",
        "Start Frame": 3480,
        "End Frame": 3600,
        "Caption": "#C C touches a cat; #C C lifts her right; #C C pets cat; #C C touches the cat; #C C scratches a cat"
    },
    {
        "Video Name": "078ae997-00e4-4d63-a868-e6c7ff1a2866",
        "Start Frame": 3600,
        "End Frame": 3720,
        "Caption": "#C C touches a cat; #C C pets the cat; #C C pets cat; #C C touches a cat; #C C touches a cat"
    },
    {
        "Video Name": "078ae997-00e4-4d63-a868-e6c7ff1a2866",
        "Start Frame": 3720,
        "End Frame": 3840,
        "Caption": "#C C touches a cat; #C C touches a cat; #C C touches a cat; #C C touches a cat; #C C touches a cat"
    },
    {
        "Video Name": "078ae997-00e4-4d63-a868-e6c7ff1a2866",
        "Start Frame": 3840,
        "End Frame": 3960,
        "Caption": "#C C pets the cat; #C C pets the cat; #C C caresses the; #C C plays with the; #C C touches cat "
    },
    {
        "Video Name": "078ae997-00e4-4d63-a868-e6c7ff1a2866",
        "Start Frame": 3960,
        "End Frame": 4080,
        "Caption": "#C C pets the cat; #C C pets the cat with both; #C C pets the cat; #C C pets cat with both hands; #C C lifts up cat"
    },
    {
        "Video Name": "078ae997-00e4-4d63-a868-e6c7ff1a2866",
        "Start Frame": 4080,
        "End Frame": 4200,
        "Caption": "#C C scratches a cat; #C C pets the cat; #C C touches cat ; #C C touches a cat; #C C touches a cat"
    },
    {
        "Video Name": "078ae997-00e4-4d63-a868-e6c7ff1a2866",
        "Start Frame": 4200,
        "End Frame": 4320,
        "Caption": "#C C adjusts camera ; #C C fixes camera on head; #C C adjusts camera ; #C C raises hand ; #C C touches head"
    },
    {
        "Video Name": "078ae997-00e4-4d63-a868-e6c7ff1a2866",
        "Start Frame": 4320,
        "End Frame": 4440,
        "Caption": "#C C touches a cat; #C C scratches a cat; #C C scratches a cat; #C C scratches a cat; #C C touches a cat"
    },
    {
        "Video Name": "078ae997-00e4-4d63-a868-e6c7ff1a2866",
        "Start Frame": 4440,
        "End Frame": 4560,
        "Caption": "#C C touches a cat; #C C touches a cat; #C C touches a cat; #C C touches a cat; #C C touches a cat"
    },
    {
        "Video Name": "078ae997-00e4-4d63-a868-e6c7ff1a2866",
        "Start Frame": 4560,
        "End Frame": 4680,
        "Caption": "#C C touches a cat; #C C scratches a cat; #C C touches a cat; #C C touches a cat; #C C touches a cat"
    },
    {
        "Video Name": "078ae997-00e4-4d63-a868-e6c7ff1a2866",
        "Start Frame": 4680,
        "End Frame": 4800,
        "Caption": "#C C touches a cat; #C C touches a cat; #C C scratches head; #C C touches a cat; #C C touches the cat"
    },
    {
        "Video Name": "078ae997-00e4-4d63-a868-e6c7ff1a2866",
        "Start Frame": 4800,
        "End Frame": 4920,
        "Caption": "#C C lifts right hand ; #C C adjusts camera ; #C C touches camera; #C C adjust camera on head; #C C adjusts camera on head"
    },
    {
        "Video Name": "078ae997-00e4-4d63-a868-e6c7ff1a2866",
        "Start Frame": 4920,
        "End Frame": 5040,
        "Caption": "#C C pets cat on his; #C C touches a cat ; #C C pets cat on her; #C C scratches a cat ; #C C touches a cat "
    },
    {
        "Video Name": "078ae997-00e4-4d63-a868-e6c7ff1a2866",
        "Start Frame": 5040,
        "End Frame": 5160,
        "Caption": "#C C touches a cat; #C C scratches a cat; #C C touches a cat; #C C touches a cat; #C C touches a cat"
    },
    {
        "Video Name": "078ae997-00e4-4d63-a868-e6c7ff1a2866",
        "Start Frame": 5160,
        "End Frame": 5280,
        "Caption": "#C C touches a cat; #C C scratches a cat; #C C scratches a cat; #C C touches a cat; #C C touches a cat"
    },
    {
        "Video Name": "078ae997-00e4-4d63-a868-e6c7ff1a2866",
        "Start Frame": 5280,
        "End Frame": 5400,
        "Caption": "#C C scratches a cat; #C C touches a cat; #C C touches a cat; #C C touches a cat; #C C touches a cat"
    }
]