[
    {
        "Video Name": "07fc7c55-be82-4fbc-94cc-15c5bad678fb",
        "Start Frame": 0,
        "End Frame": 120,
        "Caption": "#C C removes a sticker from the laptop motherboard with both hands; #C C attaches the laptop fan to the laptop with both hands; # C C fixes # unsure; # C C puts # unsure on the motherboard ; # C C  fixes # unsure  on # unsure "
    },
    {
        "Video Name": "07fc7c55-be82-4fbc-94cc-15c5bad678fb",
        "Start Frame": 120,
        "End Frame": 240,
        "Caption": "#C C fits the solid state drive to the; #C C holds a motherboard part; #C C holds the motherboard with both hands; #C C fixes the part to the laptop.; #C C fixes the laptop with both hands."
    },
    {
        "Video Name": "07fc7c55-be82-4fbc-94cc-15c5bad678fb",
        "Start Frame": 240,
        "End Frame": 360,
        "Caption": "#C C fixes the motherboard ; #C C fixes the part of the motherboard in his hands on the laptop; #C C attaches the disk drive to the motherboard with his hands.; #C C holds the motherboard ; #C C holds motherboard "
    },
    {
        "Video Name": "07fc7c55-be82-4fbc-94cc-15c5bad678fb",
        "Start Frame": 360,
        "End Frame": 480,
        "Caption": "#C C places the laptop's part on the laptop's motherboard with both hands; #C C looks at the motherboard ; #C C places the laptop part on the laptop with both hands.; #C C  fixes a motherboard on the laptop; #C C puts a motherboard on the table "
    },
    {
        "Video Name": "07fc7c55-be82-4fbc-94cc-15c5bad678fb",
        "Start Frame": 480,
        "End Frame": 600,
        "Caption": "#C C looks around. ; #C C holds the motherboard ; #C C fixes the laptop; #C C pulls the motherboard ; #C C removes the motherboard with both hands."
    },
    {
        "Video Name": "07fc7c55-be82-4fbc-94cc-15c5bad678fb",
        "Start Frame": 600,
        "End Frame": 720,
        "Caption": "#C C looks at the motherboard ; #C C holds a motherboard on the table with both hands.; #C C fits the laptop mother board on the laptop ; #C C looks at the motherboard ; #C C takes the circuit board from the laptop with both hands"
    },
    {
        "Video Name": "07fc7c55-be82-4fbc-94cc-15c5bad678fb",
        "Start Frame": 720,
        "End Frame": 840,
        "Caption": "#C C drops the motherboard on the table with both hands; #C C holds a motherboard; #C C turns the laptop with his left hand.; #C C lifts the motherboard ; #C C holds the motherboard"
    },
    {
        "Video Name": "07fc7c55-be82-4fbc-94cc-15c5bad678fb",
        "Start Frame": 840,
        "End Frame": 960,
        "Caption": "#C C touches the laptop motherboard; #C C holds the motherboard; #C C fixes the laptop.; #C C holds the motherboard.; #C C looks at the motherboard"
    },
    {
        "Video Name": "07fc7c55-be82-4fbc-94cc-15c5bad678fb",
        "Start Frame": 960,
        "End Frame": 1080,
        "Caption": "#C C holds the laptop with his hands.; #C C puts the motherboard down; #C C holds the laptop motherboard with his right hand; #C C  fixes a part of the laptop.; #C C opens the laptop."
    },
    {
        "Video Name": "07fc7c55-be82-4fbc-94cc-15c5bad678fb",
        "Start Frame": 1080,
        "End Frame": 1200,
        "Caption": "#C C holds the motherboard; #C C turns the motherboard.; #C C  places down a plastic ; #C C holds the motherboard with the left; #C C adjusts the motherboard"
    },
    {
        "Video Name": "07fc7c55-be82-4fbc-94cc-15c5bad678fb",
        "Start Frame": 1200,
        "End Frame": 1320,
        "Caption": "#C C looks at the motherboard; #C C removes the motherboard; #C C holds the motherboard ; #C C holds the motherboard ; #C C fixes the motherboard "
    },
    {
        "Video Name": "07fc7c55-be82-4fbc-94cc-15c5bad678fb",
        "Start Frame": 1320,
        "End Frame": 1440,
        "Caption": "#C C places the circuit board on the laptop with both hands; #C C picks up a motherboard; #C C holds a motherboard ; #C C holds the motherboard; #C C adjusts the motherboard"
    },
    {
        "Video Name": "07fc7c55-be82-4fbc-94cc-15c5bad678fb",
        "Start Frame": 1440,
        "End Frame": 1560,
        "Caption": "#C C fixes the motherboard ; #C C fixes the laptop battery into the laptop with both hands; #C C places the motherboard on the laptop with both hands.; #C C holds the motherboard; #C C  fixes a motherboard on the laptop"
    },
    {
        "Video Name": "07fc7c55-be82-4fbc-94cc-15c5bad678fb",
        "Start Frame": 1560,
        "End Frame": 1680,
        "Caption": "#C C holds the motherboard; #C C adjusts the motherboard.; #C C adjusts the laptop fan with his left hand.; #C C places the motherboard on the laptop with his left hand; #C C places the motherboard on the laptop with his left hand"
    },
    {
        "Video Name": "07fc7c55-be82-4fbc-94cc-15c5bad678fb",
        "Start Frame": 1680,
        "End Frame": 1800,
        "Caption": "#C C fixes the motherboard with the left hand; #C C looks at the motherboard ; #C C removes a sticker from the laptop motherboard with his left hand; #C C fixes the motherboard with both hands.; #C C holds the motherboard with his left hand."
    },
    {
        "Video Name": "07fc7c55-be82-4fbc-94cc-15c5bad678fb",
        "Start Frame": 1800,
        "End Frame": 1920,
        "Caption": "#C C lifts the motherboard; #C C removes the plastic; #C C looks at the motherboard; #C C examines the motherboard; #C C looks at the motherboard"
    },
    {
        "Video Name": "07fc7c55-be82-4fbc-94cc-15c5bad678fb",
        "Start Frame": 1920,
        "End Frame": 2040,
        "Caption": "#C C adjusts the motherboard; #C C attaches the circuit board on the laptop with his left hand; #C C connects the motherboard to the mainboard ; #C C holds the motherboard; #C C fixes the motherboard on the laptop "
    },
    {
        "Video Name": "07fc7c55-be82-4fbc-94cc-15c5bad678fb",
        "Start Frame": 2040,
        "End Frame": 2160,
        "Caption": "#C C fixes the laptop.; #C C holds the motherboard with his left hand; #C C cuts a spare on the motherboard ; #C C holds the motherboard with his left hand; #C C holds the motherboard "
    },
    {
        "Video Name": "07fc7c55-be82-4fbc-94cc-15c5bad678fb",
        "Start Frame": 2160,
        "End Frame": 2280,
        "Caption": "#C C holds the motherboard ; # C C holds motherboard with hand; #C C removes the screw from the motherboard with the screwdriver; #C C fits a sticker on the motherboard ; # C C touches # unsure "
    },
    {
        "Video Name": "07fc7c55-be82-4fbc-94cc-15c5bad678fb",
        "Start Frame": 2280,
        "End Frame": 2400,
        "Caption": "#C C puts the screw on the motherboard with the screwdriver; #C C fixes the motherboard with a screw driver; #C C fixes the hard drive with both hands. ; #C C fixes the laptop ; #C C fixes the laptop. "
    },
    {
        "Video Name": "07fc7c55-be82-4fbc-94cc-15c5bad678fb",
        "Start Frame": 2400,
        "End Frame": 2520,
        "Caption": "#C C holds motherboard part; #C C holds motherboard part ; #C C removes the part of the case of the laptop; #C C fixes the motherboard ; #C C holds the laptop cooling fan with his right hand"
    },
    {
        "Video Name": "07fc7c55-be82-4fbc-94cc-15c5bad678fb",
        "Start Frame": 2520,
        "End Frame": 2640,
        "Caption": "#C C removes the chip from the laptop motherboard with his right hand; #C C holds the motherboard with both hands.; #C C holds a motherboard part ; #C C fixes the motherboard with his hands.; #C C inserts the sticker on the motherboard with both hands."
    },
    {
        "Video Name": "07fc7c55-be82-4fbc-94cc-15c5bad678fb",
        "Start Frame": 2640,
        "End Frame": 2760,
        "Caption": "#C C looks at the motherboard ; #C C places the motherboard on the table.; #C C picks the laptop motherboard from the table with his right hand; #C C drops the hard drive on the table with his left hand; #C C places #usnure on the table"
    },
    {
        "Video Name": "07fc7c55-be82-4fbc-94cc-15c5bad678fb",
        "Start Frame": 2760,
        "End Frame": 2880,
        "Caption": "#C C picks a screw driver. ; #C C picks the screwdriver from the table with his right hand.; #C C picks up the screw driver from the table with his right hand; #C C picks a screw from the table with his right hand.; #C C picks a screwdriver from the table with his right hand."
    },
    {
        "Video Name": "07fc7c55-be82-4fbc-94cc-15c5bad678fb",
        "Start Frame": 2880,
        "End Frame": 3000,
        "Caption": "#C C picks the screw on the table with his right hand; #C C picks up a screw from the table.; #C C picks up the screw.; #C C picks a screw on the table with his left hand; #C C picks the screw."
    },
    {
        "Video Name": "07fc7c55-be82-4fbc-94cc-15c5bad678fb",
        "Start Frame": 3000,
        "End Frame": 3120,
        "Caption": "#C C screws the laptop with the screwdriver in his right hand.; #C C tightens the screws; #C C screws the screw into the laptop with the screwdriver in his right hand; #C C screws the screw in the laptop with the screw driver in his right hand; #C C fixes the screw into the motherboard with the screwdriver in his right hand"
    },
    {
        "Video Name": "07fc7c55-be82-4fbc-94cc-15c5bad678fb",
        "Start Frame": 3120,
        "End Frame": 3240,
        "Caption": "#C C picks a screw driver from the table; #C C picks the screw from the floor with his right hand.; #C C removes the screw; #C C removes his hand from the laptop; #C C drops the screw on the floor with his left hand."
    },
    {
        "Video Name": "07fc7c55-be82-4fbc-94cc-15c5bad678fb",
        "Start Frame": 3240,
        "End Frame": 3360,
        "Caption": "#C C picks up the screw from the table; #C C picks a screw from the table with his right hand.; #C C picks the screw on the table; #C C picks a screw. ; #C C picks a screw from the table "
    },
    {
        "Video Name": "07fc7c55-be82-4fbc-94cc-15c5bad678fb",
        "Start Frame": 3360,
        "End Frame": 3480,
        "Caption": "#C C fixes the screw on the motherboard.; #C C fixes the motherboard.; #C C places the screw on the motherboard with the screwdriver in his right hand.; #C C unscrews a screw from the motherboard with the screwdriver in his right hand; #C C places the screw on the circuit board"
    },
    {
        "Video Name": "07fc7c55-be82-4fbc-94cc-15c5bad678fb",
        "Start Frame": 3480,
        "End Frame": 3600,
        "Caption": "#C C unscrews a screw on the motherboard with the screwdriver in his right hand; #C C fixes a nut on the motherboard with a screwdriver ; #C C screws the laptop with the screw driver in his right hand.; #C C unscrews a screw from the motherboard with the screwdriver in his right hand; #C C unscrews a screw from the laptop with the screw driver in his right hand"
    },
    {
        "Video Name": "07fc7c55-be82-4fbc-94cc-15c5bad678fb",
        "Start Frame": 3600,
        "End Frame": 3720,
        "Caption": "#C C  places down a screwdriver.; #C C  picks a screwdriver; #C C picks up the screw driver from the table with his right hand; #C C picks a screw driver. ; #C C drops the screw driver on the table."
    },
    {
        "Video Name": "07fc7c55-be82-4fbc-94cc-15c5bad678fb",
        "Start Frame": 3720,
        "End Frame": 3840,
        "Caption": "#C C holds the circuit board ; # C C fixes # unsure; # C C touches # unsure ; # C C  fixes motherboard with both; #C C holds the circuit board"
    },
    {
        "Video Name": "07fc7c55-be82-4fbc-94cc-15c5bad678fb",
        "Start Frame": 3840,
        "End Frame": 3960,
        "Caption": "#C C fixes the circuit board on the laptop with both hands. ; #C C fixes the laptop's fan to the laptop with his right hand.; #C C holds the laptop battery on the laptop on the table with his left hand; #C C fixes the laptop; #C C fits the chip on the laptop with both hands."
    },
    {
        "Video Name": "07fc7c55-be82-4fbc-94cc-15c5bad678fb",
        "Start Frame": 3960,
        "End Frame": 4080,
        "Caption": "#C C fixes the part in the laptop; #C C fixes the pin in the laptop motherboard with both hands; #C C holds the motherboard with both hands.; #C C holds the circuit board; #C C fixes the laptop "
    },
    {
        "Video Name": "07fc7c55-be82-4fbc-94cc-15c5bad678fb",
        "Start Frame": 4080,
        "End Frame": 4200,
        "Caption": "#C C fixes the laptop ; #C C fixes the laptop with both hands.; #C C fixes a wire on the motherboard ; #C C fixes the circuit board on the laptop with both hands; # C C fixes the screws"
    },
    {
        "Video Name": "07fc7c55-be82-4fbc-94cc-15c5bad678fb",
        "Start Frame": 4200,
        "End Frame": 4320,
        "Caption": "#C C fits the screw to the laptop with his right hand; #C C opens the laptop with his left hand.; #C C fixes the laptop ; #C C adjusts the laptop fan.; #C C looks at the motherboard "
    },
    {
        "Video Name": "07fc7c55-be82-4fbc-94cc-15c5bad678fb",
        "Start Frame": 4320,
        "End Frame": 4440,
        "Caption": "#C C removes the panel cover ; #C C holds the motherboard with both hands; #C C connects the laptop motherboard; #C C fixes the motherboard ; #C C holds the motherboard "
    },
    {
        "Video Name": "07fc7c55-be82-4fbc-94cc-15c5bad678fb",
        "Start Frame": 4440,
        "End Frame": 4560,
        "Caption": "#C C touches the motherboard with both hands; #C C holds the laptop; #C C fixes the laptop on the CPU; # C C removes the laptop part from the; #C C touches the motherboard"
    },
    {
        "Video Name": "07fc7c55-be82-4fbc-94cc-15c5bad678fb",
        "Start Frame": 4560,
        "End Frame": 4680,
        "Caption": "#C C fixes the motherboard on the CPU with both hands; #C C fixes the fan on the motherboard; #C C fixes the motherboard; #C C holds the motherboard with his hands; #C C fixes the motherboard"
    },
    {
        "Video Name": "07fc7c55-be82-4fbc-94cc-15c5bad678fb",
        "Start Frame": 4680,
        "End Frame": 4800,
        "Caption": "#C C attaches the circuit board in the laptop with his hands; #C C fixes the motherboard.; #C C holds the motherboard ; #C C fixes the motherboard ; #C C fixes the laptop. "
    },
    {
        "Video Name": "07fc7c55-be82-4fbc-94cc-15c5bad678fb",
        "Start Frame": 4800,
        "End Frame": 4920,
        "Caption": "#C C holds the motherboard with his left hand; #C C fixes the laptop. ; #C C adjusts the laptop with his hands.; #C C looks at the motherboard ; #C C lifts motherboard part "
    },
    {
        "Video Name": "07fc7c55-be82-4fbc-94cc-15c5bad678fb",
        "Start Frame": 4920,
        "End Frame": 5040,
        "Caption": "#C C adjusts the motherboard with his left hand.; #C C fixes the motherboard ; #C C removes the laptop from the motherboard with both hands.; #C C removes the motherboard ; #C C holds the motherboard on the laptop with his left hand"
    },
    {
        "Video Name": "07fc7c55-be82-4fbc-94cc-15c5bad678fb",
        "Start Frame": 5040,
        "End Frame": 5160,
        "Caption": "#C C holds the motherboard with both hands.; #C C drops the motherboard on the table with his right hand; #C C holds the laptop with his right hand.; #C C picks up the motherboard; #C C adjusts the motherboard on the laptop with both hands."
    },
    {
        "Video Name": "07fc7c55-be82-4fbc-94cc-15c5bad678fb",
        "Start Frame": 5160,
        "End Frame": 5280,
        "Caption": "#C C puts the circuit board on the laptop with his right hand; #C C drops the motherboard; #C C holds the motherboard; #C C holds the motherboard ; #C C puts the laptop on the table."
    },
    {
        "Video Name": "07fc7c55-be82-4fbc-94cc-15c5bad678fb",
        "Start Frame": 5280,
        "End Frame": 5400,
        "Caption": "#C C fixes the laptop.; #C C closes the laptop with his left hand; #C C touches the laptop; #C C touches the laptop with his right hand; #C C holds the laptop "
    }
]