[
    {
        "Video Name": "0840fa70-c492-4c72-9bb1-8c81ee3da04d",
        "Start Frame": 0,
        "End Frame": 120,
        "Caption": "#C C looks around; #C C picks a phone from her pocket with her right hand; #C C adjusts camera; #C C walks around the room; #C C turns around"
    },
    {
        "Video Name": "0840fa70-c492-4c72-9bb1-8c81ee3da04d",
        "Start Frame": 120,
        "End Frame": 240,
        "Caption": "#C C reads the book; #C C holds the page of the book with her left hand; #C C holds the book with her right hand.; #C C holds the book with both hands.; #C C places her right hand on the book."
    },
    {
        "Video Name": "0840fa70-c492-4c72-9bb1-8c81ee3da04d",
        "Start Frame": 240,
        "End Frame": 360,
        "Caption": "#C C places her right hand on the book.; #C C holds her hair with her right hand.; #C C reads out loud from the textbook on the table; #C C reads the book; #C C raises her right hand."
    },
    {
        "Video Name": "0840fa70-c492-4c72-9bb1-8c81ee3da04d",
        "Start Frame": 360,
        "End Frame": 480,
        "Caption": "#C C holds the book with both hands.; #C C holds the page of the book with her right hand; #C C holds the page of the book with her right hand; #C C flips a page of the book with her right hand; #C C flips the pages of the book with her right hand"
    },
    {
        "Video Name": "0840fa70-c492-4c72-9bb1-8c81ee3da04d",
        "Start Frame": 480,
        "End Frame": 600,
        "Caption": "#C C writes on the book; #C C writes on the book with the pen in her right hand; #C C writes on the book; #C C writes in the book; #C C writes on the book with the pen with her right hand"
    },
    {
        "Video Name": "0840fa70-c492-4c72-9bb1-8c81ee3da04d",
        "Start Frame": 600,
        "End Frame": 720,
        "Caption": "#C C writes in the book with the pen in her right hand.; #C C writes on the book with the pen in her right hand.; #C C writes in the book with the pen in her right hand.; #C C writes on the book with the pen in her right hand.; #C C writes on the book on the table with the pen in her right hand"
    },
    {
        "Video Name": "0840fa70-c492-4c72-9bb1-8c81ee3da04d",
        "Start Frame": 720,
        "End Frame": 840,
        "Caption": "#C C writes in the book with the pen in her right hand.; #C C writes in the book with the pen in her left hand.; #C C writes on the book on the table with the pen in her right hand; #C C writes on the book on the cabinet with the pen in her right hand; #C C writes on the book with the pen in her right hand."
    },
    {
        "Video Name": "0840fa70-c492-4c72-9bb1-8c81ee3da04d",
        "Start Frame": 840,
        "End Frame": 960,
        "Caption": "#C C writes on the book with the pen in her right hand; #C C writes on the book with the pen in her right hand; #C C writes on the book with the pen in her right hand; #C C writes on the book with the pen in her right hand; #C C writes on a book"
    },
    {
        "Video Name": "0840fa70-c492-4c72-9bb1-8c81ee3da04d",
        "Start Frame": 960,
        "End Frame": 1080,
        "Caption": "#C C writes in the book with the pen with her right hand; #C C writes on the book with the pen in her right hand; #C C writes on the book with the pen in her right hand; #C C writes on the book with the pen in her right hand; #C C writes on the book with the pen with her right hand"
    },
    {
        "Video Name": "0840fa70-c492-4c72-9bb1-8c81ee3da04d",
        "Start Frame": 1080,
        "End Frame": 1200,
        "Caption": "#C C flips a page of the book with her right hand.; #C C flips through the pages of the book with her left hand; #C C flips a page from the book with her left hand.; #C C turns the pages of the book; #C C flips a page of the book with her left hand."
    },
    {
        "Video Name": "0840fa70-c492-4c72-9bb1-8c81ee3da04d",
        "Start Frame": 1200,
        "End Frame": 1320,
        "Caption": "#C C writes on a book; #C C writes on the book; #C C writes on the book; #C C writes on the book on the cabinet with the pen in her right hand; #C C writes on the book with the pen in her right hand"
    },
    {
        "Video Name": "0840fa70-c492-4c72-9bb1-8c81ee3da04d",
        "Start Frame": 1320,
        "End Frame": 1440,
        "Caption": "#C C writes in the book with the pen in her right hand. ; #C C adjusts the book on the book on the table with her left hand; #C C writes on the book with the pen in her right hand.; #C C flips the pages of the book with her left hand.; #C C writes on the book"
    },
    {
        "Video Name": "0840fa70-c492-4c72-9bb1-8c81ee3da04d",
        "Start Frame": 1440,
        "End Frame": 1560,
        "Caption": "#C C drops the pen in her right hand on the book; #C C drops the book on the book with her left hand; #C C drops the pen on the book with her right hand; #C C raises her left hand.; #C C places her left hand on her face."
    },
    {
        "Video Name": "0840fa70-c492-4c72-9bb1-8c81ee3da04d",
        "Start Frame": 1560,
        "End Frame": 1680,
        "Caption": "#C C writes on the book with the pen in her right hand.; #C C writes on the book on the table with the pen in her right hand; #C C writes in the book with the pen in her right hand.; #C C writes on the book with the pen in her right hand.; #C C writes on the book with the pen in her right hand"
    },
    {
        "Video Name": "0840fa70-c492-4c72-9bb1-8c81ee3da04d",
        "Start Frame": 1680,
        "End Frame": 1800,
        "Caption": "#C C writes on the book with the pen in her right hand.; #C C writes on the book with the pen in her right hand.; #C C writes on the book with the pen in her right hand.; #C C writes on the book with the pen in her right hand.; #C C moves the pen in her right hand on the book on the table"
    },
    {
        "Video Name": "0840fa70-c492-4c72-9bb1-8c81ee3da04d",
        "Start Frame": 1800,
        "End Frame": 1920,
        "Caption": "#C C drops the pen on the notebook with her right hand; #C C puts a pen on the table; #C C picks a pen from the book with her right hand; #C C drops the pen on the book with her right hand; #C C picks the pen from the book with her right hand"
    },
    {
        "Video Name": "0840fa70-c492-4c72-9bb1-8c81ee3da04d",
        "Start Frame": 1920,
        "End Frame": 2040,
        "Caption": "#C C stares at the floor; #C C picks a bag; #C C looks around; #C C passes the phone from her right hand to her left hand; #C C removes a seal bag from the bag with her left hand"
    },
    {
        "Video Name": "0840fa70-c492-4c72-9bb1-8c81ee3da04d",
        "Start Frame": 2040,
        "End Frame": 2160,
        "Caption": "#O A woman A operates a phone with both hands.; #C C walks around the laboratory; #O The woman A walks towards the woman B.; #O The woman Z holds a phone with her right hand; #C C walks in the room"
    },
    {
        "Video Name": "0840fa70-c492-4c72-9bb1-8c81ee3da04d",
        "Start Frame": 2160,
        "End Frame": 2280,
        "Caption": "#C C drops the phone on the table with her left hand.; #C C drops the phone on the kitchen counter with her left hand; #C C drops the phone on the table with her left hand.; #C C looks around; #C C drops the phone on the countertop with her left hand"
    },
    {
        "Video Name": "0840fa70-c492-4c72-9bb1-8c81ee3da04d",
        "Start Frame": 2280,
        "End Frame": 2400,
        "Caption": "#C C puts phone on the table; #C C operates the phone in her right hand. ; #C C puts the phone on the table; #C C holds phone ; #C C places the phone on the table with her right hand"
    },
    {
        "Video Name": "0840fa70-c492-4c72-9bb1-8c81ee3da04d",
        "Start Frame": 2400,
        "End Frame": 2520,
        "Caption": "#C C operates phone; #C C operates the phone with both hands; #C C uses phone; #C C operates the phone with both hands; #C C operates phone"
    },
    {
        "Video Name": "0840fa70-c492-4c72-9bb1-8c81ee3da04d",
        "Start Frame": 2520,
        "End Frame": 2640,
        "Caption": "#C C puts the pen on the book; #C C writes on the book ; #C C writes on the book with the pen in her right hand; #C C writes on the book; #C C picks a pen"
    },
    {
        "Video Name": "0840fa70-c492-4c72-9bb1-8c81ee3da04d",
        "Start Frame": 2640,
        "End Frame": 2760,
        "Caption": "#C C writes on the book with the pen in her right hand.; #C C writes on a book with a pen; #C C writes on the book with the pen in her right hand.; #C C writes on the book with the pen in her right hand.; #C C writes on the book on the table with the pen in her right hand"
    },
    {
        "Video Name": "0840fa70-c492-4c72-9bb1-8c81ee3da04d",
        "Start Frame": 2760,
        "End Frame": 2880,
        "Caption": "#C C stares at the book; #C C holds the pen in her right hand.; #C C writes on the book with the pen in her right hand; #C C moves the pen on the book with her right hand.; #C C looks around the room"
    },
    {
        "Video Name": "0840fa70-c492-4c72-9bb1-8c81ee3da04d",
        "Start Frame": 2880,
        "End Frame": 3000,
        "Caption": "#C C writes on the book; #C C looks around; #C C writes on a book; #C C stops writing ; #C C writes on the book on the table with the pen in her right hand"
    },
    {
        "Video Name": "0840fa70-c492-4c72-9bb1-8c81ee3da04d",
        "Start Frame": 3000,
        "End Frame": 3120,
        "Caption": "#C C flips the pages of the book with her right hand; #C C lowers the book; #C C adjusts the camera; #C C raises her right hand.; #C C adjusts the camera "
    },
    {
        "Video Name": "0840fa70-c492-4c72-9bb1-8c81ee3da04d",
        "Start Frame": 3120,
        "End Frame": 3240,
        "Caption": "#C C opens the pages; #C C flips a page of the book with her right hand.; #C C flips a page of the book in her left hand with her right hand; #C C flips the pages of the book with her right hand.; #C C flips pages of the book with her right hand."
    },
    {
        "Video Name": "0840fa70-c492-4c72-9bb1-8c81ee3da04d",
        "Start Frame": 3240,
        "End Frame": 3360,
        "Caption": "#C C holds the book with her right hand.; #C C writes on the book with the pen in her right hand; #C C adjusts the book with her left hand.; #C C removes her left hand from the book on the table.; #C C picks the pen from the book with her right hand."
    },
    {
        "Video Name": "0840fa70-c492-4c72-9bb1-8c81ee3da04d",
        "Start Frame": 3360,
        "End Frame": 3480,
        "Caption": "#C C writes on the book with the pen with her right hand.; #C C writes on the book; #C C writes on the book with the pen in her right hand.; #C C writes on the book with the pen in her right hand.; #C C writes on the book on the table with the pen in her right hand"
    },
    {
        "Video Name": "0840fa70-c492-4c72-9bb1-8c81ee3da04d",
        "Start Frame": 3480,
        "End Frame": 3600,
        "Caption": "#C C writes on a book; #C C flips a page of the book with her left hand; #C C writes in the book; #C C flips a page of the book with her left hand; #C C adjusts the book"
    },
    {
        "Video Name": "0840fa70-c492-4c72-9bb1-8c81ee3da04d",
        "Start Frame": 3600,
        "End Frame": 3720,
        "Caption": "#C C flips the pages of the book in her left hand with her right hand; #C C flips the pages of the book with her right hand.; #C C flips the pages of the book with her left hand.; #C C flips the pages of the book with her right hand.; #C C flips the pages of the book with her right hand."
    },
    {
        "Video Name": "0840fa70-c492-4c72-9bb1-8c81ee3da04d",
        "Start Frame": 3720,
        "End Frame": 3840,
        "Caption": "#C C writes on the book; #C C writes on the book with the pen in her right hand; #C C writes on the book; #C C writes on the book; #C C writes on the book with the pen in her right hand"
    },
    {
        "Video Name": "0840fa70-c492-4c72-9bb1-8c81ee3da04d",
        "Start Frame": 3840,
        "End Frame": 3960,
        "Caption": "#C C puts the phone on the book; #C C drops the pen in her right hand on the book; #C C picks up the pen; #C C picks the pen from the book with her right hand; #C C drops the pen on the book with her right hand"
    },
    {
        "Video Name": "0840fa70-c492-4c72-9bb1-8c81ee3da04d",
        "Start Frame": 3960,
        "End Frame": 4080,
        "Caption": "#C C places the pen in her right hand on the book.; #C C operates the phone with her right hand.; #C C writes on the book with the pen in her right hand; #C C writes in the book with the pen in her right hand; #C C presses the phone on the book with her right hand."
    },
    {
        "Video Name": "0840fa70-c492-4c72-9bb1-8c81ee3da04d",
        "Start Frame": 4080,
        "End Frame": 4200,
        "Caption": "#C C writes on the book with the pen in her right hand.; #C C writes on the book on top of the table with the pen in her right hand; #C C writes on the book with the pen in her right hand.; #C C writes on the book on the table with the pen in her right hand.; #C C writes on the book with the pen"
    },
    {
        "Video Name": "0840fa70-c492-4c72-9bb1-8c81ee3da04d",
        "Start Frame": 4200,
        "End Frame": 4320,
        "Caption": "#C C holds a pen; #C C writes on the book with the pen in her right hand; #C C writes on the book with the pen; #C C writes on the book with the pen in her right hand; #C C writes on a book "
    },
    {
        "Video Name": "0840fa70-c492-4c72-9bb1-8c81ee3da04d",
        "Start Frame": 4320,
        "End Frame": 4440,
        "Caption": "#C C writes on the book; #C C writes on the book with the pen in her right hand; #C C writes on the book; #C C writes on the book with the pen in her right hand; #C C writes on the book"
    },
    {
        "Video Name": "0840fa70-c492-4c72-9bb1-8c81ee3da04d",
        "Start Frame": 4440,
        "End Frame": 4560,
        "Caption": "#C C writes on the book with the pen in her right hand; #C C writes in the book with the pen in her right hand; #C C writes on the book with the pen in her right hand; #C C writes on the book with the pen in her right hand; #C C writes on the book with the pen with her right hand"
    },
    {
        "Video Name": "0840fa70-c492-4c72-9bb1-8c81ee3da04d",
        "Start Frame": 4560,
        "End Frame": 4680,
        "Caption": "#C C  stares at the room; #C C adjusts camera; #C C looks around; #C C drops the phone on the book with her left hand; #C C adjusts the camera"
    },
    {
        "Video Name": "0840fa70-c492-4c72-9bb1-8c81ee3da04d",
        "Start Frame": 4680,
        "End Frame": 4800,
        "Caption": "#C C opens the fridge; #C C opens the fridge; #C C opens a fridge; #C C opens fridge ; #C C opens a fridge"
    },
    {
        "Video Name": "0840fa70-c492-4c72-9bb1-8c81ee3da04d",
        "Start Frame": 4800,
        "End Frame": 4920,
        "Caption": "#C C opens the fridge; #C C picks a box from the fridge; #C C arranges the container in the fridge; #C C picks a test tube from the refrigerator with her right hand; #C C picks the box"
    },
    {
        "Video Name": "0840fa70-c492-4c72-9bb1-8c81ee3da04d",
        "Start Frame": 4920,
        "End Frame": 5040,
        "Caption": "#C C opens the container; #C C puts the test tube in the; #C C closes the test tube rack; #C C covers the container; #C C closes the test tube rack"
    },
    {
        "Video Name": "0840fa70-c492-4c72-9bb1-8c81ee3da04d",
        "Start Frame": 5040,
        "End Frame": 5160,
        "Caption": "#C C picks a test tube; #C C picks a test tube from the test tube rack.; #C C picks a test tube from the test tube rack with his right hand.; #C C stares at the test tube; #C C takes out a test tube from the rack of test tubes with her right hand."
    },
    {
        "Video Name": "0840fa70-c492-4c72-9bb1-8c81ee3da04d",
        "Start Frame": 5160,
        "End Frame": 5280,
        "Caption": "#C C looks at the; # C c raises hand; #C C looks at the; #C C adjusts the hand; #C C looks at the"
    },
    {
        "Video Name": "0840fa70-c492-4c72-9bb1-8c81ee3da04d",
        "Start Frame": 5280,
        "End Frame": 5400,
        "Caption": "#C C picks up a test tube from the test tube rack in the fridge with his right hand; #C C checks in the holder; #C C looks at the rack; #C C moves the test tube rack; #C C counts the bottles"
    }
]