[
    {
        "Video Name": "084f00aa-6b1b-4b82-b9c3-6335097174df",
        "Start Frame": 0,
        "End Frame": 120,
        "Caption": "#C C sharpens the pencil in his right hand with the razor blade in his left hand.; #C C sharpens a pencil in his left hand with the razor blade in his right hand. ; #C C sharpens the pencil with the razor blade; #C C sharpens the pencil in his right hand with the blade in his left hand on the bed.; #C C sharpens the pencil in his left hand with the razor blade in his right hand."
    },
    {
        "Video Name": "084f00aa-6b1b-4b82-b9c3-6335097174df",
        "Start Frame": 120,
        "End Frame": 240,
        "Caption": "#C C adjusts the blade in his right hand with his left hand.; #C C holds the razor blade with both hands.; #C C adjusts the blade in his right hand with his left hand.; #C C adjusts the razor blade.; #C C passes the razor blade from his right hand to his left hand"
    },
    {
        "Video Name": "084f00aa-6b1b-4b82-b9c3-6335097174df",
        "Start Frame": 240,
        "End Frame": 360,
        "Caption": "#C C sharpens the pencil with the razor blade ; #C C adjusts the blade in his right hand with his left hand.; #C C sharpens the pencil.; #C C sharpens the pencil in his left hand with the razor blade in his right hand; #C C sharpens the pencil with the razor blade"
    },
    {
        "Video Name": "084f00aa-6b1b-4b82-b9c3-6335097174df",
        "Start Frame": 360,
        "End Frame": 480,
        "Caption": "#C C sharpens the pencil in his left hand with the razor blade in his right hand on the paper on the bed; #C C sharpens the pencil in his left hand with the blade in his right hand on the paper on the bed.; #C C sharpens the pencil in his left hand with the razor blade in his right hand.; #C C sharpens the pencil in his left hand with the blade in his right hand.; #C C sharpens the pencil with the razor blade"
    },
    {
        "Video Name": "084f00aa-6b1b-4b82-b9c3-6335097174df",
        "Start Frame": 480,
        "End Frame": 600,
        "Caption": "#C C adjusts the razor blade.; #C C wipes the tip of the pencil.; #C C sharpens the pencil in his left hand with the razor blade in his right hand; #C C adjusts the blade in his right hand with his left hand.; #C C adjusts the blade in his right hand with his left hand."
    },
    {
        "Video Name": "084f00aa-6b1b-4b82-b9c3-6335097174df",
        "Start Frame": 600,
        "End Frame": 720,
        "Caption": "#C C sharpens the pencil; #C C adjusts the blade in his right hand with both hands.; #C C passes the razor blade from his left hand to his right hand.; #C C adjusts the blade in his right hand with his left hand.; #C C sharpens the pencil in his left hand with the razor blade in his right hand on the paper on the bed"
    },
    {
        "Video Name": "084f00aa-6b1b-4b82-b9c3-6335097174df",
        "Start Frame": 720,
        "End Frame": 840,
        "Caption": "#C C wipes the razor blade with his fingers; #C C sharpens the pencil with the razor blade; #C C cleans the tip of the pencil in his right hand with his left hand; #C C sharpens the pencil with the razor blade.; #C C adjusts the blade in his right hand with his left hand."
    },
    {
        "Video Name": "084f00aa-6b1b-4b82-b9c3-6335097174df",
        "Start Frame": 840,
        "End Frame": 960,
        "Caption": "#C C stares at his right index finger.; #C C stares at the finger.; #C C rubs his right hand with his left hand; #C C stares at the hand; #C C stares at his right middle finger."
    },
    {
        "Video Name": "084f00aa-6b1b-4b82-b9c3-6335097174df",
        "Start Frame": 960,
        "End Frame": 1080,
        "Caption": "#C C looks at the hand; #C C holds his finger; #C C stares at the finger; #C C stares at the right index finger; #C C looks at his right ring finger"
    },
    {
        "Video Name": "084f00aa-6b1b-4b82-b9c3-6335097174df",
        "Start Frame": 1080,
        "End Frame": 1200,
        "Caption": "#C C puts the pencil on his leg; #C C places his right hand on his right leg.; #C C drops pencil on the bed; #C C drops the razor blade in his right hand on the; #C C places his right hand on his right leg."
    },
    {
        "Video Name": "084f00aa-6b1b-4b82-b9c3-6335097174df",
        "Start Frame": 1200,
        "End Frame": 1320,
        "Caption": "#C C places his right hand on his right leg.; #C C holds the razor blade with his right hand.; #C C scratches his right leg with his right hand.; #C C adjusts the blade in his left hand with his right hand; #C C stares at the razor blade"
    },
    {
        "Video Name": "084f00aa-6b1b-4b82-b9c3-6335097174df",
        "Start Frame": 1320,
        "End Frame": 1440,
        "Caption": "#C C adjusts the blade in his right hand with his left hand; #C C adjusts the blade in his right hand with his left hand; #C C holds the razor blade with both hands.; #C C adjusts the blade in his right hand with his left hand; #C C touches the tip of the razor blade."
    },
    {
        "Video Name": "084f00aa-6b1b-4b82-b9c3-6335097174df",
        "Start Frame": 1440,
        "End Frame": 1560,
        "Caption": "#C C adjusts the blade in his right hand with his left hand.; #C C adjusts the blade in his right hand with his left hand.; #C C sharpens the pencil with the razor blade; #C C sharpens the pencil with the razor blade; #C C sharpens the pencil in his right hand with the razor blade in his left hand"
    },
    {
        "Video Name": "084f00aa-6b1b-4b82-b9c3-6335097174df",
        "Start Frame": 1560,
        "End Frame": 1680,
        "Caption": "#C C sharpens the pencil with the razor blade; #C C sharpens the pencil; #C C sharpens the pencil; #C C sharpens the pencil in his left hand with the razor blade in his right hand on the paper on the floor; #C C sharpens the pencil in his left hand with the blade in his right hand on the paper on the bed."
    },
    {
        "Video Name": "084f00aa-6b1b-4b82-b9c3-6335097174df",
        "Start Frame": 1680,
        "End Frame": 1800,
        "Caption": "#C C sharpens the pencil with the razor blade; #C C sharpens the pencil with the razor blade; #C C sharpens the pencil with the razor blade.; #C C sharpens a pencil with a razor blade; #C C sharpens the pencil in his left hand with the razor blade in his right hand"
    },
    {
        "Video Name": "084f00aa-6b1b-4b82-b9c3-6335097174df",
        "Start Frame": 1800,
        "End Frame": 1920,
        "Caption": "#C C sharpens the pencil with the razor blade; #C C sharpens the pencil with the razor blade; #C C sharpens the pencil with the razor blade; #C C sharpens the pencil with the razor blade; #C C sharpens a pencil with a razor blade"
    },
    {
        "Video Name": "084f00aa-6b1b-4b82-b9c3-6335097174df",
        "Start Frame": 1920,
        "End Frame": 2040,
        "Caption": "#C C sharpens the pencil with the razor blade.; #C C sharpens the pencil in his right hand with the razor blade in his left hand; #C C sharpens the pencil in his left hand with the razor blade in his right hand; #C C adjusts the blade in his left hand with both hands.; #C C sharpens the pencil with the razor blade."
    },
    {
        "Video Name": "084f00aa-6b1b-4b82-b9c3-6335097174df",
        "Start Frame": 2040,
        "End Frame": 2160,
        "Caption": "#C C sharpens the pencil with the razor blade; #C C sharpens a pencil; #C C sharpens a pencil with a razor blade; #C C sharpens the pencil with the razor blade; #C C sharpens the pencil with the razor blade"
    },
    {
        "Video Name": "084f00aa-6b1b-4b82-b9c3-6335097174df",
        "Start Frame": 2160,
        "End Frame": 2280,
        "Caption": "#C C sharpens a pencil; #C C sharpens the pencil.; #C C adjusts the blade in his left hand with his right hand; #C C sharpens the pencil with the razor blade.; #C C adjusts the blade in his left hand with his right hand"
    },
    {
        "Video Name": "084f00aa-6b1b-4b82-b9c3-6335097174df",
        "Start Frame": 2280,
        "End Frame": 2400,
        "Caption": "#C C sharpens the pencil; #C C sharpens the pencil with the razor blade; #C C sharpens the pencil with the razor blade; #C C sharpens the pencil with the razor blade; #C C sharpens the pencil in his left hand with the razor blade in his right hand"
    },
    {
        "Video Name": "084f00aa-6b1b-4b82-b9c3-6335097174df",
        "Start Frame": 2400,
        "End Frame": 2520,
        "Caption": "#C C wipes the hand; #C C holds the razor blade with both hands; #C C places the razor blade on his lap; #C C holds the razor blade with both hands; #C C wipes the drawing pencil with right hand"
    },
    {
        "Video Name": "084f00aa-6b1b-4b82-b9c3-6335097174df",
        "Start Frame": 2520,
        "End Frame": 2640,
        "Caption": "#C C picks the razor blade from his lap with his right; #C C wipes the mirror with his right hand; #C C adjusts his right leg on the bed.; #C C stares at the drawing; #C C adjusts his trouser"
    },
    {
        "Video Name": "084f00aa-6b1b-4b82-b9c3-6335097174df",
        "Start Frame": 2640,
        "End Frame": 2760,
        "Caption": "#C C sharpens a pencil with a razor blade; #C C sharpens a pencil using a razor blade.; #C C sharpens the pencil in her left hand with the blade in her right hand on the paper on her lap; #C C sharpens a pencil with a razor blade; #C C sharpens the pencil"
    },
    {
        "Video Name": "084f00aa-6b1b-4b82-b9c3-6335097174df",
        "Start Frame": 2760,
        "End Frame": 2880,
        "Caption": "#C C sharpens the pencil with the razor blade; #C C adjusts the blade in his right hand with his left hand; #C C adjusts the razor blade.; #C C sharpens a pencil with a razor blade.; #C C sharpens a pencil with a razor blade"
    },
    {
        "Video Name": "084f00aa-6b1b-4b82-b9c3-6335097174df",
        "Start Frame": 2880,
        "End Frame": 3000,
        "Caption": "#C C sharpens the pencil in his left hand with the razor blade in his right hand; #C C sharpens the pencil in his right hand with the razor blade in his left hand; #C C sharpens the pencil; #C C sharpens the pencil with the razor blade; #C C sharpens the pencil with the razor blade."
    },
    {
        "Video Name": "084f00aa-6b1b-4b82-b9c3-6335097174df",
        "Start Frame": 3000,
        "End Frame": 3120,
        "Caption": "#C C sharpens the pencil in his left hand with the razor blade in his right hand on the paper on the bed; #C C sharpens the pencil with the razor blade; #C C sharpens the pencil in his left hand with the razor blade in his right hand on the paper on the bed; #C C sharpens the pencil; #C C sharpens the pencil with the razor blade"
    },
    {
        "Video Name": "084f00aa-6b1b-4b82-b9c3-6335097174df",
        "Start Frame": 3120,
        "End Frame": 3240,
        "Caption": "#C C sharpens the pencil; #C C sharpens the pencil; #C C sharpens the pencil with the razor blade; #C C sharpens a pencil with a razor blade.; #C C adjusts the blade in his right hand with both hands"
    },
    {
        "Video Name": "084f00aa-6b1b-4b82-b9c3-6335097174df",
        "Start Frame": 3240,
        "End Frame": 3360,
        "Caption": "#C C sharpens the pencil.; #C C sharpens the pencil.; #C C sharpens the pencil; #C C picks a razor blade from the paper; #C C sharpens the pencil with the razor"
    },
    {
        "Video Name": "084f00aa-6b1b-4b82-b9c3-6335097174df",
        "Start Frame": 3360,
        "End Frame": 3480,
        "Caption": "#C C holds the pencil with both hands.; #C C adjusts the pencil in his right hand with his left hand; #C C touches his left hand with his right hand.; #C C holds the pencil with his left hand.; #C C presses the pencil with his left hand."
    },
    {
        "Video Name": "084f00aa-6b1b-4b82-b9c3-6335097174df",
        "Start Frame": 3480,
        "End Frame": 3600,
        "Caption": "#C C holds the pencils with his left hand; #C C adjusts the pencil in his right hand with his left hand; #C C adjusts the pencil in his right hand with his left hand; #C C holds the pencil with his right hand.; #C C places his right hand on the tip of the pencil."
    },
    {
        "Video Name": "084f00aa-6b1b-4b82-b9c3-6335097174df",
        "Start Frame": 3600,
        "End Frame": 3720,
        "Caption": "#C C holds the pencil with his right hand; #C C touches the blade with his right hand.; #C C touches the blade of the pencil with his right hand.; #C C holds the razor blade with both hands.; #C C adjusts the blade in his right hand with his left hand"
    },
    {
        "Video Name": "084f00aa-6b1b-4b82-b9c3-6335097174df",
        "Start Frame": 3720,
        "End Frame": 3840,
        "Caption": "#C C sharpens the pencil in his left hand with the razor blade in his right hand.; #C C holds the sharpener with both hands.; #C C sharpens the pencil in his right hand with the sharpener in his left hand on the paper on the bed; #C C holds the blade in both hands.; #C C adjusts the pencil with both hands."
    },
    {
        "Video Name": "084f00aa-6b1b-4b82-b9c3-6335097174df",
        "Start Frame": 3840,
        "End Frame": 3960,
        "Caption": "#C C sharpens the pencil in his right hand with the razor blade in his left hand; #C C sharpens the pencil in his right hand with the razor blade in his left hand; #C C sharpens the pencil in his left hand with the razor blade in his right hand; #C C sharpens the pencil with the razor blade.; #C C sharpens the pencil"
    },
    {
        "Video Name": "084f00aa-6b1b-4b82-b9c3-6335097174df",
        "Start Frame": 3960,
        "End Frame": 4080,
        "Caption": "#C C sharpens the pencil in his left hand with the razor blade in his right hand; #C C stares at the razor blade.; #C C holds the razor blade with both hands.; #C C sharpens the pencil in his right hand with the razor blade in his left hand; #C C sharpens the pencil in his left hand with the razor blade in his right hand"
    },
    {
        "Video Name": "084f00aa-6b1b-4b82-b9c3-6335097174df",
        "Start Frame": 4080,
        "End Frame": 4200,
        "Caption": "#C C taps the blade of the pencil in his left hand with his right hand.; #C C rubs the pencil on the eraser.; #C C sharpens the pencil.; #C C sharpens the pencil in his left hand with the razor blade in his right hand; #C C sharpens the pencil with the razor blade."
    },
    {
        "Video Name": "084f00aa-6b1b-4b82-b9c3-6335097174df",
        "Start Frame": 4200,
        "End Frame": 4320,
        "Caption": "#C C sharpens the pencil in his left hand with the razor blade in his right hand; #C C sharpens the pencil with the razor blade; #C C sharpens the pencil in his left hand with the razor blade in his right hand; #C C adjusts the blade in his right hand with both hands.; #C C sharpens a pencil with a razor blade"
    },
    {
        "Video Name": "084f00aa-6b1b-4b82-b9c3-6335097174df",
        "Start Frame": 4320,
        "End Frame": 4440,
        "Caption": "#C C passes the razor blade to the right hand.; #C C removes the sharpener from the pencil with his left hand; #C C looks at the knife.; #C C adjusts the blade in his left hand with his right hand; #C C adjusts the blade in his right hand with his left hand"
    },
    {
        "Video Name": "084f00aa-6b1b-4b82-b9c3-6335097174df",
        "Start Frame": 4440,
        "End Frame": 4560,
        "Caption": "#C C adjusts the pencil.; #C C rubs the pencil on the hand.; #C C removes the drawing  on the razor blade; #C C adjusts the blade in his right hand with both hands; #C C wipes the tip of the pencil."
    },
    {
        "Video Name": "084f00aa-6b1b-4b82-b9c3-6335097174df",
        "Start Frame": 4560,
        "End Frame": 4680,
        "Caption": "#C C sharpens the pencil with the razor blade; #C C sharpens the pencil in his left hand with the razor blade in his right hand on the bed; #C C sharpens the pencil with the razor blade; #C C sharpens the pencil with the razor blade; #C C sharpens the pencil with the razor blade"
    },
    {
        "Video Name": "084f00aa-6b1b-4b82-b9c3-6335097174df",
        "Start Frame": 4680,
        "End Frame": 4800,
        "Caption": "#C C sharpens the pencil with the razor blade.; #C C sharpens the pencil with the razor blade; #C C touches the tip of the pencil in his left hand with his right hand.; #C C sharpens the pencil in his left hand with the razor blade in his right hand; #C C sharpens the pencil"
    },
    {
        "Video Name": "084f00aa-6b1b-4b82-b9c3-6335097174df",
        "Start Frame": 4800,
        "End Frame": 4920,
        "Caption": "#C C holds the sharpener with his right hand.; #C C touches the blade in his left hand with his right hand; #C C adjusts the blade in his right hand with both hands.; #C C holds the blade with his left hand.; #C C adjusts the blade in his left hand with his right hand"
    },
    {
        "Video Name": "084f00aa-6b1b-4b82-b9c3-6335097174df",
        "Start Frame": 4920,
        "End Frame": 5040,
        "Caption": "#C C passes the knife to his left hand.; #C C passes the pencil to the right hand.; #C C transfers the pencil from his left hand to his right hand; #C C holds the sharpener with both hands; #C C passes the pencil to the right hand."
    },
    {
        "Video Name": "084f00aa-6b1b-4b82-b9c3-6335097174df",
        "Start Frame": 5040,
        "End Frame": 5160,
        "Caption": "#C C sharpens the pencil in his right hand with the sharpener in his left hand; #C C sharpens the pencil.; #C C sharpens a pencil using sharpener.; #C C sharpens a pencil; #C C sharpens a pencil with a razor blade"
    },
    {
        "Video Name": "084f00aa-6b1b-4b82-b9c3-6335097174df",
        "Start Frame": 5160,
        "End Frame": 5280,
        "Caption": "#C C sharpens the pencil.; #C C sharpens the pencil; #C C sharpens the pencil with the razor; #C C sharpens the pencil.; #C C sharpens the pencil."
    },
    {
        "Video Name": "084f00aa-6b1b-4b82-b9c3-6335097174df",
        "Start Frame": 5280,
        "End Frame": 5400,
        "Caption": "#C C sharpens the pencil with the razor blade.; #C C sharpens the pencil.; #C C scrapes the tip of the pencil with his right thumb; #C C sharpens the pencil with the razor blade; #C C adjusts the razor blade."
    }
]