[
    {
        "Video Name": "08ac65d4-4058-44de-b1dd-64ec942826a3",
        "Start Frame": 0,
        "End Frame": 120,
        "Caption": "#C C scraps dirt off the wooden box with the hacking knife in his right hand; #C C scrapes the wooden box with the hacking knife in his right hand.; #C C removes glue on the pieces of wood with a utility knife; #C C places his left hand on the wood box on the floor.; #C C places his left hand on the wooden box"
    },
    {
        "Video Name": "08ac65d4-4058-44de-b1dd-64ec942826a3",
        "Start Frame": 120,
        "End Frame": 240,
        "Caption": "#C C files the wood ; #C C files wood; #C C files the wood ; #C C files the piece of wood ; #C C files the piece of wood in his left hand with the wood file in his right hand"
    },
    {
        "Video Name": "08ac65d4-4058-44de-b1dd-64ec942826a3",
        "Start Frame": 240,
        "End Frame": 360,
        "Caption": "#C C scrapes the dirt on the pieces of wood with the cutter in her right hand; #C C removes the cutter from the pieces of wood with his right hand; #C C places his left hand on the hacking knife in his right hand.; #C C removes the cutter from the pieces of wood with his right hand.; #C C scrapes the pieces of wood with the cutter in his right hand"
    },
    {
        "Video Name": "08ac65d4-4058-44de-b1dd-64ec942826a3",
        "Start Frame": 360,
        "End Frame": 480,
        "Caption": "#C C places his left hand on the pieces of wood on the floor.; #C C scrapes dirt on the pieces of wood with the cutter in her right hand.; #C C files wood; #C C places his left hand on the pieces of wood.; #C C scrapes off the sawdust on the pieces of wood with the hacking knife in his right hand"
    },
    {
        "Video Name": "08ac65d4-4058-44de-b1dd-64ec942826a3",
        "Start Frame": 480,
        "End Frame": 600,
        "Caption": "#C C drops the dirt in his left hand on the floor.; #C C places the hacking knife on the floor with his right hand; #C C removes dirt on the pieces of wood with his left hand; #C C wipes wood; #C C places the cutter on the floor with his right hand."
    },
    {
        "Video Name": "08ac65d4-4058-44de-b1dd-64ec942826a3",
        "Start Frame": 600,
        "End Frame": 720,
        "Caption": "#C C removes dirt from the piece of wood with both hands.; #C C wipes wood shavings off his right hand with his left hand; #C C removes a piece of wood from the glue gun; #C C holds the saw dust on his right hand; #C C removes dirt from his hands"
    },
    {
        "Video Name": "08ac65d4-4058-44de-b1dd-64ec942826a3",
        "Start Frame": 720,
        "End Frame": 840,
        "Caption": "#C C throws wood; #C C removes dirt from the wood with his left hand.; #C C removes dirt from his left hand with his right hand.; #C C removes the dirt on the piece of wood with his left hand; #C C removes the dirt in his left hand with his right hand."
    },
    {
        "Video Name": "08ac65d4-4058-44de-b1dd-64ec942826a3",
        "Start Frame": 840,
        "End Frame": 960,
        "Caption": "#C C picks the glue gun; #C C picks a glue gun with the right; #C C picks glue gun ; #C C picks the glue gun; #C C picks a glue gun with the other"
    },
    {
        "Video Name": "08ac65d4-4058-44de-b1dd-64ec942826a3",
        "Start Frame": 960,
        "End Frame": 1080,
        "Caption": "#C C applies glue on the wood box with the glue spray gun in his right hand; #C C applies glue on the wood; #C C applies glue on the wood box with the glue gun in his right hand.; #C C applies glue on the wood structure; #C C applies glue on the wood box with the glue gun in his right hand."
    },
    {
        "Video Name": "08ac65d4-4058-44de-b1dd-64ec942826a3",
        "Start Frame": 1080,
        "End Frame": 1200,
        "Caption": "#C C applies glue to the wooden frame with the glue spray gun in his right; #C C applies glue on the pieces of wood with the glue gun in his right; #C C applies glue on the wood box with the glue gun in his right hand; #C C applies glue on the wood box with the glue gun in his right hand; #C C applies glue on the box"
    },
    {
        "Video Name": "08ac65d4-4058-44de-b1dd-64ec942826a3",
        "Start Frame": 1200,
        "End Frame": 1320,
        "Caption": "#C C looks at the piece of wood; #C C lifts the piece of wood with his left hand; #C C looks at the pieces of wood; #C C stares at the pieces of wood; #C C removes the glue gun from the wooden frame"
    },
    {
        "Video Name": "08ac65d4-4058-44de-b1dd-64ec942826a3",
        "Start Frame": 1320,
        "End Frame": 1440,
        "Caption": "#C C holds the pieces of wood with his left hand; #C C removes glue from the wooden frame; #C C removes the glue gun from the piece of wood; #C C removes the glue gun from the pieces of wood; #C C removes the glue gun from the pieces of wood"
    },
    {
        "Video Name": "08ac65d4-4058-44de-b1dd-64ec942826a3",
        "Start Frame": 1440,
        "End Frame": 1560,
        "Caption": "#C C holds the wooden frame with his left hand; #C C removes his left hand from the wooden frame; #C C holds the wooden frame with his left hand; #C C presses the piece of wood against the wooden frame with both; #C C presses the pieces of wood together with his left hand."
    },
    {
        "Video Name": "08ac65d4-4058-44de-b1dd-64ec942826a3",
        "Start Frame": 1560,
        "End Frame": 1680,
        "Caption": "#C C applies glue on the pieces of wood with the glue gun; #C C inserts glue gun in wood; #C C applies glue on the wooden frame; #C C applies glue to the wooden frame; #C C inserts glue in the wood structure"
    },
    {
        "Video Name": "08ac65d4-4058-44de-b1dd-64ec942826a3",
        "Start Frame": 1680,
        "End Frame": 1800,
        "Caption": "#C C applies glue to the piece of wood with the glue spray gun.; #C C applies glue to the wooden frame with the glue spray gun in her right hand; #C C applies glue on the wooden frame; #C C applies glue on the box with the glue spray gun in her right hand.; #C C applies the glue on the furniture with the glue spray gun."
    },
    {
        "Video Name": "08ac65d4-4058-44de-b1dd-64ec942826a3",
        "Start Frame": 1800,
        "End Frame": 1920,
        "Caption": "#C C applies glue on the piece of wood; #C C puts the glue gun on the wood box; #C C applies glue to the piece of wood with the heating glue gun in his right hand; #C C puts the glue gun on the wooden structure; #C C applies glue on the wood box with the heating glue gun in his right hand."
    },
    {
        "Video Name": "08ac65d4-4058-44de-b1dd-64ec942826a3",
        "Start Frame": 1920,
        "End Frame": 2040,
        "Caption": "#C C picks glue gun with the right hand; #C C holds the glue gun with his right hand; #C C holds the glue gun with his right hand; #C C holds the glue gun with his right hand; #C C looks at the glue gun"
    },
    {
        "Video Name": "08ac65d4-4058-44de-b1dd-64ec942826a3",
        "Start Frame": 2040,
        "End Frame": 2160,
        "Caption": "#C C drops the glue gun in her right hand on the floor; #C C drops the glue gun on the floor with his right hand; #C C drops the glue gun on the floor with his right hand; #C C puts the glue gun on the floor; #C C drops the glue gun on the floor with his right hand"
    },
    {
        "Video Name": "08ac65d4-4058-44de-b1dd-64ec942826a3",
        "Start Frame": 2160,
        "End Frame": 2280,
        "Caption": "#C C places the piece of wood on the floor; #C C puts the piece of wood on the floor; #C C drops the wood in the floor with his right hand; #C C puts the wood down; #C C puts the piece of wood on the floor"
    },
    {
        "Video Name": "08ac65d4-4058-44de-b1dd-64ec942826a3",
        "Start Frame": 2280,
        "End Frame": 2400,
        "Caption": "#C C picks wood; #C C turns wood; #C C picks wood; #C C holds the pieces of wood with his left hand; #C C lifts the wood "
    },
    {
        "Video Name": "08ac65d4-4058-44de-b1dd-64ec942826a3",
        "Start Frame": 2400,
        "End Frame": 2520,
        "Caption": "#C C holds the wood ; #C C files the wood; #C C files the wood with a wood; #C C files the wood ; #C C files the wood with a wood"
    },
    {
        "Video Name": "08ac65d4-4058-44de-b1dd-64ec942826a3",
        "Start Frame": 2520,
        "End Frame": 2640,
        "Caption": "#C C files wood with saw file; #C C files the piece of wood with a file ; #C C places the piece of wood on the floor; #C C files the wood  plank; #C C files the piece of wood with the file in his right hand"
    },
    {
        "Video Name": "08ac65d4-4058-44de-b1dd-64ec942826a3",
        "Start Frame": 2640,
        "End Frame": 2760,
        "Caption": "#C C picks the cutter knife with the right hand; #C C stops smoothening ; #C C lifts the saw ; #C C wipes off sawdust from the piece of wood with his left hand; #C C holds the saw with the other hand"
    },
    {
        "Video Name": "08ac65d4-4058-44de-b1dd-64ec942826a3",
        "Start Frame": 2760,
        "End Frame": 2880,
        "Caption": "#C C shapes wood with a knife ; #C C files the wood ; #C C files the small wood with the wood smoother.; #C C files the wood ; #C C files the wood with a wood smoother."
    },
    {
        "Video Name": "08ac65d4-4058-44de-b1dd-64ec942826a3",
        "Start Frame": 2880,
        "End Frame": 3000,
        "Caption": "#C C files the piece of wood with the file; #C C files the plank with the filer in his right hand; #C C files the small wood with the wood smoother.; #C C scrubs the piece of wood with a sandpaper; #C C scraps wood with a knife "
    },
    {
        "Video Name": "08ac65d4-4058-44de-b1dd-64ec942826a3",
        "Start Frame": 3000,
        "End Frame": 3120,
        "Caption": "#C C stares at the wood; #C C lifts the wood; #C C rubs the wood with the; #C C stares at the wood; #C C looks at the wood"
    },
    {
        "Video Name": "08ac65d4-4058-44de-b1dd-64ec942826a3",
        "Start Frame": 3120,
        "End Frame": 3240,
        "Caption": "#C C places the piece of wood on the floor with his left; #C C removes the saw from the piece of wood; #C C places the saw on the wood; #C C holds the piece of wood with his left hand.; #C C turns the wood "
    },
    {
        "Video Name": "08ac65d4-4058-44de-b1dd-64ec942826a3",
        "Start Frame": 3240,
        "End Frame": 3360,
        "Caption": "#C C stares at the piece of wood; #C C holds the piece of wood with his left hand.; #C C holds the saw with his right hand; #C C lifts the saw; #C C lifts the saw off the wood with his right hand"
    },
    {
        "Video Name": "08ac65d4-4058-44de-b1dd-64ec942826a3",
        "Start Frame": 3360,
        "End Frame": 3480,
        "Caption": "#C C stares at the wood; #C C places the file on the floor ; #C C holds the hacksaw with his right; #C C drops the piece of wood; #C C removes the saw from the piece of"
    },
    {
        "Video Name": "08ac65d4-4058-44de-b1dd-64ec942826a3",
        "Start Frame": 3480,
        "End Frame": 3600,
        "Caption": "#C C places the saw on the floor; #C C drops the saw in his right hand on the floor; #C C places the wood cutter on the floor with his right; #C C drops the hacksaw; #C C puts the hacksaw on the floor"
    },
    {
        "Video Name": "08ac65d4-4058-44de-b1dd-64ec942826a3",
        "Start Frame": 3600,
        "End Frame": 3720,
        "Caption": "#C C looks around; #C C looks around; #C C looks around ; #C C looks around; #C C Looks around a"
    },
    {
        "Video Name": "08ac65d4-4058-44de-b1dd-64ec942826a3",
        "Start Frame": 3720,
        "End Frame": 3840,
        "Caption": "#C C throws the piece of wood on the ground with his left hand; #C C stares at the wood; #C C puts the screw on the lap; #C C puts the piece of wood on the floor; #C C drops a wood chip on the floor"
    },
    {
        "Video Name": "08ac65d4-4058-44de-b1dd-64ec942826a3",
        "Start Frame": 3840,
        "End Frame": 3960,
        "Caption": "#C C applies glue on the wooden frame with the glue spray gun; #C C puts glue on the wood box with the glue gun in his right hand.; #C C applies glue to the furniture with the glue gun in his right hand.; #C C puts glue on the wood box with the glue spray gun in his right hand.; #C C applies glue on the box on the floor with the glue spray gun in her right hand."
    },
    {
        "Video Name": "08ac65d4-4058-44de-b1dd-64ec942826a3",
        "Start Frame": 3960,
        "End Frame": 4080,
        "Caption": "#C C removes the glue gun from the furniture; #C C places the glue gun on the furniture; #C C applies the glue on the wooden frame with the heating glue gun in his right; #C C applies glue on the wood; #C C places the glue gun on the furniture"
    },
    {
        "Video Name": "08ac65d4-4058-44de-b1dd-64ec942826a3",
        "Start Frame": 4080,
        "End Frame": 4200,
        "Caption": "#C C removes glue from the wood box with the glue gun in his right hand; #C C places his left hand on the furniture.; #C C drops the glue gun on the floor with his right hand; #C C applies glue on the wooden frame with the glue spray gun; #C C removes the glue gun from the wood"
    },
    {
        "Video Name": "08ac65d4-4058-44de-b1dd-64ec942826a3",
        "Start Frame": 4200,
        "End Frame": 4320,
        "Caption": "#C C sprays the furniture with the wood sprayer in his right hand.; #C C sprays the furniture with the wood spray gun; #C C applies the glue on the wood furniture; #C C sprays the furniture with the spray gun in his right hand.; #C C sprays the pieces of wood with the glue spray gun in her right hand"
    },
    {
        "Video Name": "08ac65d4-4058-44de-b1dd-64ec942826a3",
        "Start Frame": 4320,
        "End Frame": 4440,
        "Caption": "#C C holds the wooden frame with his left hand; #C C picks up the piece of wood from the floor with his left hand; #C C removes the piece of wood from the box; #C C adjusts the wooden frame on the floor with his left hand; #C C turns the wooden box on the floor with his left hand."
    },
    {
        "Video Name": "08ac65d4-4058-44de-b1dd-64ec942826a3",
        "Start Frame": 4440,
        "End Frame": 4560,
        "Caption": "#C C flips the piece of wood with his left hand; #C C holds the piece of wood with his right hand; #C C picks up the wood ; #C C lifts wood; #C C holds the wooden frame with his left hand"
    },
    {
        "Video Name": "08ac65d4-4058-44de-b1dd-64ec942826a3",
        "Start Frame": 4560,
        "End Frame": 4680,
        "Caption": "#C C drops the piece of wood in his left hand on the floor; #C C drops the piece of wood in his left hand on the floor; #C C drops the wood piece on the floor with his left hand.; #C C drops the glue gun; #C C drops the gum gun on the floor with his right hand."
    },
    {
        "Video Name": "08ac65d4-4058-44de-b1dd-64ec942826a3",
        "Start Frame": 4680,
        "End Frame": 4800,
        "Caption": "#C C applies the glue on the piece of wood ; #C C applies gum on furniture ; #C C applies the glue on the pieces of wood with the glue spray gun in his right hand; #C C applies the glue on the pieces of wood with the glue gun in his right hand.; #C C applies glue on the furniture "
    },
    {
        "Video Name": "08ac65d4-4058-44de-b1dd-64ec942826a3",
        "Start Frame": 4800,
        "End Frame": 4920,
        "Caption": "#C C applies glue on the wood structure; #C C applies glue on the pieces of wood with the glue gun in her right hand; #C C applies glue on the wooden furniture with the glue gun in his right hand.; #C C applies the glue on the furniture; #C C applies glue to the furniture with the glue gun in his right hand."
    },
    {
        "Video Name": "08ac65d4-4058-44de-b1dd-64ec942826a3",
        "Start Frame": 4920,
        "End Frame": 5040,
        "Caption": "#C C picks the glue gun from his left hand; #C C holds the piece of wood with both hands; #C C holds the glue gun with his right hand; #C C holds the piece of wood with his right; #C C picks a wood "
    },
    {
        "Video Name": "08ac65d4-4058-44de-b1dd-64ec942826a3",
        "Start Frame": 5040,
        "End Frame": 5160,
        "Caption": "#C C stares at the pieces of wood; #C C removes his left hand from the piece of wood in his right hand; #C C puts the pieces of wood together with both hands.; #C C puts the piece of wood on top of the pieces of wood; #C C drops the wood on his lap with his left hand."
    },
    {
        "Video Name": "08ac65d4-4058-44de-b1dd-64ec942826a3",
        "Start Frame": 5160,
        "End Frame": 5280,
        "Caption": "#C C fixes the piece of wood into the furniture with both hands; #C C presses the pieces of wood together with both hands; #C C adjusts the pieces of wood on the furniture; #C C joins pieces of wood together; #C C attaches the piece of wood to the furniture"
    },
    {
        "Video Name": "08ac65d4-4058-44de-b1dd-64ec942826a3",
        "Start Frame": 5280,
        "End Frame": 5400,
        "Caption": "#C C picks the glue gun on the floor with his right hand.; #C C picks the glue gun with his right hand; #C C picks the glue gun from his legs with his right hand.; #C C picks the wood gum gun from his thigh with his right hand; #C C picks the glue gun from his legs with his right hand."
    }
]