[
    {
        "Video Name": "08db2a47-de2a-4527-a8a1-6ba504d65375",
        "Start Frame": 0,
        "End Frame": 120,
        "Caption": "#C C puts the bowls on the rack; #C C puts the bowl on the kitchen surface; #C C puts the bowl on top of the other bowls; #C C puts the bowl on the dish drainer; #C C puts the bowl on the rack"
    },
    {
        "Video Name": "08db2a47-de2a-4527-a8a1-6ba504d65375",
        "Start Frame": 120,
        "End Frame": 240,
        "Caption": "#C C takes a bowl from the sink; #C C turns on the tap; #C C picks up a bowl from the; #C C rinses the bowl; #C C picks up a bowl"
    },
    {
        "Video Name": "08db2a47-de2a-4527-a8a1-6ba504d65375",
        "Start Frame": 240,
        "End Frame": 360,
        "Caption": "#C C rinses the; #C C cleans a plate; #c c washes the plate; #c c rinses the; #c c washes the plate"
    },
    {
        "Video Name": "08db2a47-de2a-4527-a8a1-6ba504d65375",
        "Start Frame": 360,
        "End Frame": 480,
        "Caption": "#C C puts the plates in the tray; #C C puts the bowl on the rack; #C C puts the plate on the rack; #C C puts the bowl on the rack; #C C puts the bowls in a dish"
    },
    {
        "Video Name": "08db2a47-de2a-4527-a8a1-6ba504d65375",
        "Start Frame": 480,
        "End Frame": 600,
        "Caption": "#c c picks a sponge; #C C washes the; #c c picks a sponge; #C C picks the brush; #C C washes the"
    },
    {
        "Video Name": "08db2a47-de2a-4527-a8a1-6ba504d65375",
        "Start Frame": 600,
        "End Frame": 720,
        "Caption": "#C C washes hands; #C C washes hands; #C C washes hands; #C C washes hands; #C C opens tap"
    },
    {
        "Video Name": "08db2a47-de2a-4527-a8a1-6ba504d65375",
        "Start Frame": 720,
        "End Frame": 840,
        "Caption": "#c c picks gloves; #C C picks glove from the; #C C picks a glove; #C C picks a glove ; #c c picks a glove"
    },
    {
        "Video Name": "08db2a47-de2a-4527-a8a1-6ba504d65375",
        "Start Frame": 840,
        "End Frame": 960,
        "Caption": "#C C hangs the kitchen towel; #C C hangs a kitchen cloth; #C C picks a sieve; #C C hangs towel on the; #C C hangs the towel"
    },
    {
        "Video Name": "08db2a47-de2a-4527-a8a1-6ba504d65375",
        "Start Frame": 960,
        "End Frame": 1080,
        "Caption": "#C C looks around; #C C walks around; #c c unwraps the polythe; #C C walks around; #C C looks around"
    },
    {
        "Video Name": "08db2a47-de2a-4527-a8a1-6ba504d65375",
        "Start Frame": 1080,
        "End Frame": 1200,
        "Caption": "#C C opens the drawer; #C C opens a kitchen cabinet drawer; #C C opens the drawer; #C C opens the drawer; #C C opens a drawer"
    },
    {
        "Video Name": "08db2a47-de2a-4527-a8a1-6ba504d65375",
        "Start Frame": 1200,
        "End Frame": 1320,
        "Caption": "#C C closes the drawer; #C C walks in the kitchen; #C C removes the towel from the; #C C picks a towel; #C C opens the drawer"
    },
    {
        "Video Name": "08db2a47-de2a-4527-a8a1-6ba504d65375",
        "Start Frame": 1320,
        "End Frame": 1440,
        "Caption": "#c c moves the plate; #C C picks the plate; #C C takes a plate ; #C C picks up the bowl; #C C picks the lid"
    },
    {
        "Video Name": "08db2a47-de2a-4527-a8a1-6ba504d65375",
        "Start Frame": 1440,
        "End Frame": 1560,
        "Caption": "#C C puts the knife on the counter; #c c puts knife down; #c c puts the knife on the table; #C C puts the knife on the kitchen; #C C puts knife on the counter top"
    },
    {
        "Video Name": "08db2a47-de2a-4527-a8a1-6ba504d65375",
        "Start Frame": 1560,
        "End Frame": 1680,
        "Caption": "#c c picks a plate; #C C picks a plate; #C C picks a dish sponge; #C C picks a bowl; #c c picks the sponge"
    },
    {
        "Video Name": "08db2a47-de2a-4527-a8a1-6ba504d65375",
        "Start Frame": 1680,
        "End Frame": 1800,
        "Caption": "#C C cleans the table; #C C wipes the counter top; #C C wipes the counter with the tissue paper; #C C wipes the countertop; #C C wipes the table with the wiping clot"
    },
    {
        "Video Name": "08db2a47-de2a-4527-a8a1-6ba504d65375",
        "Start Frame": 1800,
        "End Frame": 1920,
        "Caption": "#c c wipes the table with the; #C C wipes the counter with the; #c c wipes the counter; #C C wipes the countertop; #C C wipes the counter with the"
    },
    {
        "Video Name": "08db2a47-de2a-4527-a8a1-6ba504d65375",
        "Start Frame": 1920,
        "End Frame": 2040,
        "Caption": "#C C wipes the table with a; #C C picks the plate; #C C picks a plate ; #C C wipes the table with a; #C C moves plate on the counter"
    },
    {
        "Video Name": "08db2a47-de2a-4527-a8a1-6ba504d65375",
        "Start Frame": 2040,
        "End Frame": 2160,
        "Caption": "#C C picks the plate; #C C picks a plate from the counter; #C C picks up the dish; #C C picks the bowl; #C C picks the plate"
    },
    {
        "Video Name": "08db2a47-de2a-4527-a8a1-6ba504d65375",
        "Start Frame": 2160,
        "End Frame": 2280,
        "Caption": "#C C opens the; #C C opens the; #C C opens the; #C C takes a; #c c wash the"
    },
    {
        "Video Name": "08db2a47-de2a-4527-a8a1-6ba504d65375",
        "Start Frame": 2280,
        "End Frame": 2400,
        "Caption": "#C C rinses the bowl; #C C washes the bowl ; #C C rinses the bowl; #C C washes the bowl ; #C C washes the bowl "
    },
    {
        "Video Name": "08db2a47-de2a-4527-a8a1-6ba504d65375",
        "Start Frame": 2400,
        "End Frame": 2520,
        "Caption": "#C C puts the plate in the utensil; #C C takes plate from the rack; #C C holds a plate ; #C C puts the plates in the sink; #C C puts the plate on the rack"
    },
    {
        "Video Name": "08db2a47-de2a-4527-a8a1-6ba504d65375",
        "Start Frame": 2520,
        "End Frame": 2640,
        "Caption": "#C C opens the tap; #C C opens the tap; #C C rinses the; #C C opens the tap; #C C washes the knife"
    },
    {
        "Video Name": "08db2a47-de2a-4527-a8a1-6ba504d65375",
        "Start Frame": 2640,
        "End Frame": 2760,
        "Caption": "#C C removes the knife from the; #C C rinses the knife; #C C rinses the knife; #C C cleans the knife; #C C cleans the knife"
    },
    {
        "Video Name": "08db2a47-de2a-4527-a8a1-6ba504d65375",
        "Start Frame": 2760,
        "End Frame": 2880,
        "Caption": "#C C rinses the; #C C rinses the; #C C cleans the knife; #C C washes the knife; #C C rinses the"
    },
    {
        "Video Name": "08db2a47-de2a-4527-a8a1-6ba504d65375",
        "Start Frame": 2880,
        "End Frame": 3000,
        "Caption": "#c c  open tap; #c c washes the lid; #c c takes sponge ; #C C washes the utens; #C C picks the sponge from the"
    },
    {
        "Video Name": "08db2a47-de2a-4527-a8a1-6ba504d65375",
        "Start Frame": 3000,
        "End Frame": 3120,
        "Caption": "#C C washes the lid; #C C washes the tin; #C C washes the lid; #C C washes the lid; #C C cleans the lid "
    },
    {
        "Video Name": "08db2a47-de2a-4527-a8a1-6ba504d65375",
        "Start Frame": 3120,
        "End Frame": 3240,
        "Caption": "#C C puts the sponge in the sink; #C C puts the container in the sink ; #C C puts the lid in the sink; #C C places the brush on the sink; #C C puts the brush on top of the sink"
    },
    {
        "Video Name": "08db2a47-de2a-4527-a8a1-6ba504d65375",
        "Start Frame": 3240,
        "End Frame": 3360,
        "Caption": "#C C washes hands; #C C washes hands; #c c close the tap; #C C cleans the hands; #C C washes the"
    },
    {
        "Video Name": "08db2a47-de2a-4527-a8a1-6ba504d65375",
        "Start Frame": 3360,
        "End Frame": 3480,
        "Caption": "#C C walks around; #C C moves around; #c c walk around; #C C looks around; #C C walks around"
    },
    {
        "Video Name": "08db2a47-de2a-4527-a8a1-6ba504d65375",
        "Start Frame": 3480,
        "End Frame": 3600,
        "Caption": "#C C wipes the counter top; #C C wipes the counter; #C C wipes the counter top; #C C wipes the counter top with the; #C C wipes the counter top"
    },
    {
        "Video Name": "08db2a47-de2a-4527-a8a1-6ba504d65375",
        "Start Frame": 3600,
        "End Frame": 3720,
        "Caption": "#C C wipes the sink; #C C wipes the sink top; #C C cleans the sink area with a; #C C wipes the surface; #C C cleans the sink with the towel"
    },
    {
        "Video Name": "08db2a47-de2a-4527-a8a1-6ba504d65375",
        "Start Frame": 3720,
        "End Frame": 3840,
        "Caption": "#C C wipes the sink; #C C cleans the kitchen counter; #C C wipes the sink area ; #C C picks a cloth; #C C wipes the sink with a kitchen"
    },
    {
        "Video Name": "08db2a47-de2a-4527-a8a1-6ba504d65375",
        "Start Frame": 3840,
        "End Frame": 3960,
        "Caption": "#C C cleans the sink with the; #C C  opens tap; #C C opens the tap; #C C rinses the sponge; #C C turns off the tap"
    },
    {
        "Video Name": "08db2a47-de2a-4527-a8a1-6ba504d65375",
        "Start Frame": 3960,
        "End Frame": 4080,
        "Caption": "#C C washes sponge; #C C squeezes the; #C C opens tap; #C C opens the tap; #C C cleans the washing"
    },
    {
        "Video Name": "08db2a47-de2a-4527-a8a1-6ba504d65375",
        "Start Frame": 4080,
        "End Frame": 4200,
        "Caption": "#C C looks around; #C C looks around; #C C wipes hands with; #C C shakes hands; #C C looks around"
    },
    {
        "Video Name": "08db2a47-de2a-4527-a8a1-6ba504d65375",
        "Start Frame": 4200,
        "End Frame": 4320,
        "Caption": "#C C places the towel on the; #C C wipes counter top with a; #c c picks towel; #C C wipes countertop; #C C takes kitchen towel from counter"
    },
    {
        "Video Name": "08db2a47-de2a-4527-a8a1-6ba504d65375",
        "Start Frame": 4320,
        "End Frame": 4440,
        "Caption": "#C C wipes the table; #C C picks a kitchen towel; #C C picks up a kitchen; #C C picks the kitchen towel; #C C wipes the kitchen counter"
    },
    {
        "Video Name": "08db2a47-de2a-4527-a8a1-6ba504d65375",
        "Start Frame": 4440,
        "End Frame": 4560,
        "Caption": "#C C picks the blender lid; #C C picks a jar; #c c picks a jar lid; #C C picks the spoon from the counter; #C C picks a spoon from the counter"
    },
    {
        "Video Name": "08db2a47-de2a-4527-a8a1-6ba504d65375",
        "Start Frame": 4560,
        "End Frame": 4680,
        "Caption": "#C C puts the cup on the table; #C C places the lid on the counter; #C C places the lid on the counter; #C C drops lid; #C C places the lid on the counter"
    },
    {
        "Video Name": "08db2a47-de2a-4527-a8a1-6ba504d65375",
        "Start Frame": 4680,
        "End Frame": 4800,
        "Caption": "#C C picks a polythene bag; #C C opens the polythene bag; #O Man Y Puts the plastic paper on the counter; #C C picks a nylon paper; #C C picks a polythene"
    },
    {
        "Video Name": "08db2a47-de2a-4527-a8a1-6ba504d65375",
        "Start Frame": 4800,
        "End Frame": 4920,
        "Caption": "#C C puts the hands down; #C C looks around; #C C looks around; #C C looks around; #C C converses with person"
    },
    {
        "Video Name": "08db2a47-de2a-4527-a8a1-6ba504d65375",
        "Start Frame": 4920,
        "End Frame": 5040,
        "Caption": "#C C walks in the room; #C C walks in the kitchen; #C C walks towards the kitchen; #C C walks around; #C C walks around the kitchen"
    },
    {
        "Video Name": "08db2a47-de2a-4527-a8a1-6ba504d65375",
        "Start Frame": 5040,
        "End Frame": 5160,
        "Caption": "#C C looks around; #C C looks around; #C C looks around; #C C looks around; #C C looks around"
    },
    {
        "Video Name": "08db2a47-de2a-4527-a8a1-6ba504d65375",
        "Start Frame": 5160,
        "End Frame": 5280,
        "Caption": "#C C picks the polythene; #C C picks the paper; #C C picks a paper from the; #C C picks a paper bag; #C C picks a package"
    },
    {
        "Video Name": "08db2a47-de2a-4527-a8a1-6ba504d65375",
        "Start Frame": 5280,
        "End Frame": 5400,
        "Caption": "#C C puts the foil paper on the; #C C puts butter on the table; #C C puts the cheese on the table; #C C places butter container on the counter; #C C puts hand on the table"
    }
]