[
    {
        "Video Name": "097a5ed2-02de-496a-af33-524befa1a32e",
        "Start Frame": 0,
        "End Frame": 120,
        "Caption": "#C C flips the page of the book in his left hand; #C C opens the page; #C C turns the page of the book; #C C flips the page of the book with his right hand; #C C peruses a page of the book"
    },
    {
        "Video Name": "097a5ed2-02de-496a-af33-524befa1a32e",
        "Start Frame": 120,
        "End Frame": 240,
        "Caption": "#C C flips the pages ; #C C opens the pages of the; #C C opens the book page; #C C flips a page of the; #C C flips the pages "
    },
    {
        "Video Name": "097a5ed2-02de-496a-af33-524befa1a32e",
        "Start Frame": 240,
        "End Frame": 360,
        "Caption": "#C C looks at the; #C C reads the book; #C C reads the book; #C C reads the book; #C C reads the book"
    },
    {
        "Video Name": "097a5ed2-02de-496a-af33-524befa1a32e",
        "Start Frame": 360,
        "End Frame": 480,
        "Caption": "#C C reads the book; #C C reads the book; #C C reads the book; #C C reads the book; #C C reads the book"
    },
    {
        "Video Name": "097a5ed2-02de-496a-af33-524befa1a32e",
        "Start Frame": 480,
        "End Frame": 600,
        "Caption": "#C C reads the book; #C C reads the book; #C C reads the book; #C C reads the book; #C C stares at the"
    },
    {
        "Video Name": "097a5ed2-02de-496a-af33-524befa1a32e",
        "Start Frame": 600,
        "End Frame": 720,
        "Caption": "#C C reads the book; #C C reads the book; #C C reads the book; #C C reads the book; #C C reads the book"
    },
    {
        "Video Name": "097a5ed2-02de-496a-af33-524befa1a32e",
        "Start Frame": 720,
        "End Frame": 840,
        "Caption": "#C C reads the book; #C C reads a book; #C C reads the book; #C C reads the book; #C C reads the book"
    },
    {
        "Video Name": "097a5ed2-02de-496a-af33-524befa1a32e",
        "Start Frame": 840,
        "End Frame": 960,
        "Caption": "#C C reads the book; #C C reads the book; #C C reads the book; #C C reads the book; #C C reads the book"
    },
    {
        "Video Name": "097a5ed2-02de-496a-af33-524befa1a32e",
        "Start Frame": 960,
        "End Frame": 1080,
        "Caption": "#C C reads the; #C C reads the; #C C reads the; #C C reads the; #C C reads the"
    },
    {
        "Video Name": "097a5ed2-02de-496a-af33-524befa1a32e",
        "Start Frame": 1080,
        "End Frame": 1200,
        "Caption": "#C C holds the book with his right; #C C reads the book ; #C C reads the book; #C C reads the book; #C C reads the book"
    },
    {
        "Video Name": "097a5ed2-02de-496a-af33-524befa1a32e",
        "Start Frame": 1200,
        "End Frame": 1320,
        "Caption": "#C C reads the book; #C C Reads the; #C C reads the book; #C C reads the book; #C C reads a book"
    },
    {
        "Video Name": "097a5ed2-02de-496a-af33-524befa1a32e",
        "Start Frame": 1320,
        "End Frame": 1440,
        "Caption": "#C C reads a book; #C C reads the book; #C C reads the book; #C C Reads a; #C C reads the book"
    },
    {
        "Video Name": "097a5ed2-02de-496a-af33-524befa1a32e",
        "Start Frame": 1440,
        "End Frame": 1560,
        "Caption": "#C C reads a book; #C C reads the book; #C C reads the book; #C C reads the book; #C C reads the book"
    },
    {
        "Video Name": "097a5ed2-02de-496a-af33-524befa1a32e",
        "Start Frame": 1560,
        "End Frame": 1680,
        "Caption": "#C C looks at the; #C C reads the book; #C C reads the book; #C C reads the book; #C C reads the book"
    },
    {
        "Video Name": "097a5ed2-02de-496a-af33-524befa1a32e",
        "Start Frame": 1680,
        "End Frame": 1800,
        "Caption": "#C C reads the book; #C C stares at the; #C C reads a book; #C C reads the book; #C C Reads the"
    },
    {
        "Video Name": "097a5ed2-02de-496a-af33-524befa1a32e",
        "Start Frame": 1800,
        "End Frame": 1920,
        "Caption": "#C C looks at the book.; #C C reads the book; #C C reads the book ; #C C looks at the book; #C C stares at the book"
    },
    {
        "Video Name": "097a5ed2-02de-496a-af33-524befa1a32e",
        "Start Frame": 1920,
        "End Frame": 2040,
        "Caption": "#C C reads the book; #C C flips a page of the book with his right hand; #C C reads the book ; #C C reads the book ; #C C reads the book."
    },
    {
        "Video Name": "097a5ed2-02de-496a-af33-524befa1a32e",
        "Start Frame": 2040,
        "End Frame": 2160,
        "Caption": "#C C reads the book; #C C reads the book; #C C reads the book; #C C reads the book; #C C reads the book"
    },
    {
        "Video Name": "097a5ed2-02de-496a-af33-524befa1a32e",
        "Start Frame": 2160,
        "End Frame": 2280,
        "Caption": "#C C looks at the; #C C reads the book; #C C reads the book; #C C reads the book; #C C reads the book"
    },
    {
        "Video Name": "097a5ed2-02de-496a-af33-524befa1a32e",
        "Start Frame": 2280,
        "End Frame": 2400,
        "Caption": "#C C reads the book; #C C Reads a; #C C Reads a; #C C reads the book; #C C reads the book"
    },
    {
        "Video Name": "097a5ed2-02de-496a-af33-524befa1a32e",
        "Start Frame": 2400,
        "End Frame": 2520,
        "Caption": "#C C reads the book; #C C reads the book; #C C reads the book; #C C reads the book; #C C reads the book"
    },
    {
        "Video Name": "097a5ed2-02de-496a-af33-524befa1a32e",
        "Start Frame": 2520,
        "End Frame": 2640,
        "Caption": "#C C looks at the book.; #C C reads the book ; #C C reads the book.; #C C reads the book; #C C reads the book."
    },
    {
        "Video Name": "097a5ed2-02de-496a-af33-524befa1a32e",
        "Start Frame": 2640,
        "End Frame": 2760,
        "Caption": "#C C peruses through the; #C C opens the book pages; #C C peruses a book; #C C opens the book; #C C reads the book"
    },
    {
        "Video Name": "097a5ed2-02de-496a-af33-524befa1a32e",
        "Start Frame": 2760,
        "End Frame": 2880,
        "Caption": "#C C puts the book on the bookshe; #C C puts the book in the cupboard; #C C puts the book in the cupboard; #C C places the book in the book shelf; #C C puts the book on the shelf"
    },
    {
        "Video Name": "097a5ed2-02de-496a-af33-524befa1a32e",
        "Start Frame": 2880,
        "End Frame": 3000,
        "Caption": "#C C adjusts the camera; #C C walks towards the; #C C walks towards the; #C C moves around the; #C C walks in the"
    },
    {
        "Video Name": "097a5ed2-02de-496a-af33-524befa1a32e",
        "Start Frame": 3000,
        "End Frame": 3120,
        "Caption": "#C C picks the books; #C C picks up the book; #C C picks a book; #C C picks a book; #C C picks the books from the"
    },
    {
        "Video Name": "097a5ed2-02de-496a-af33-524befa1a32e",
        "Start Frame": 3120,
        "End Frame": 3240,
        "Caption": "#C C opens the book; #C C opens the book; #C C opens the pages of the; #C C opens the book; #C C peruses the book "
    },
    {
        "Video Name": "097a5ed2-02de-496a-af33-524befa1a32e",
        "Start Frame": 3240,
        "End Frame": 3360,
        "Caption": "#C C puts book in the cupboard; #C C puts the book on the shelf; #C C puts the book on the shelf; #C C puts the book on the table; #C C places the book on the shelf"
    },
    {
        "Video Name": "097a5ed2-02de-496a-af33-524befa1a32e",
        "Start Frame": 3360,
        "End Frame": 3480,
        "Caption": "#C C puts the books on the; #C C walks in the room; #C C walks in the room; #C C puts books on the table; #C C walks around the house"
    },
    {
        "Video Name": "097a5ed2-02de-496a-af33-524befa1a32e",
        "Start Frame": 3480,
        "End Frame": 3600,
        "Caption": "#C C peruses through the pages; #C C peruses through the pages; #C C looks at the book ; #C C checks through the book; #C C peruses through the pages"
    },
    {
        "Video Name": "097a5ed2-02de-496a-af33-524befa1a32e",
        "Start Frame": 3600,
        "End Frame": 3720,
        "Caption": "#C C puts the books in the cabinet; #C C puts book in the cupboard; #C C puts the book on the shelve; #C C puts the books on the shelf; #C C puts the books on the shelf "
    },
    {
        "Video Name": "097a5ed2-02de-496a-af33-524befa1a32e",
        "Start Frame": 3720,
        "End Frame": 3840,
        "Caption": "#C C puts the book on the shelf; #C C places book in the shelve ; #C C puts the book in the bookshe; #C C arranges book in the shelve; #C C puts the book in the shelf "
    },
    {
        "Video Name": "097a5ed2-02de-496a-af33-524befa1a32e",
        "Start Frame": 3840,
        "End Frame": 3960,
        "Caption": "#C C picks the book; #C C picks up a book; #C C picks a book; #C C picks the books; #C C takes a book from the"
    },
    {
        "Video Name": "097a5ed2-02de-496a-af33-524befa1a32e",
        "Start Frame": 3960,
        "End Frame": 4080,
        "Caption": "#C C puts the book on the shelf; #C C puts the books on the shelf; #C C puts the book in the shelf; #C C arranges books in the shelf; #C C places book in the shelve"
    },
    {
        "Video Name": "097a5ed2-02de-496a-af33-524befa1a32e",
        "Start Frame": 4080,
        "End Frame": 4200,
        "Caption": "#C C walks in the room; #C C walks towards the cup; #C C looks around ; #C C walks in the house; #C C walks in the room"
    },
    {
        "Video Name": "097a5ed2-02de-496a-af33-524befa1a32e",
        "Start Frame": 4200,
        "End Frame": 4320,
        "Caption": "#C C picks the books from the; #C C picks the book; #C C picks a book from the; #C C picks the book ; #C C picks books"
    },
    {
        "Video Name": "097a5ed2-02de-496a-af33-524befa1a32e",
        "Start Frame": 4320,
        "End Frame": 4440,
        "Caption": "#C C arranges books in the shelf; #C C arranges the books in the; #C C arranges books in the shelf; #C C puts the books on the shelf; #C C puts books on the shelf"
    },
    {
        "Video Name": "097a5ed2-02de-496a-af33-524befa1a32e",
        "Start Frame": 4440,
        "End Frame": 4560,
        "Caption": "#C C puts the books on the shelf; #C C puts book on the bookshe; #C C puts book on the bookshe; #C C puts book on shelf; #C C puts book on shelf"
    },
    {
        "Video Name": "097a5ed2-02de-496a-af33-524befa1a32e",
        "Start Frame": 4560,
        "End Frame": 4680,
        "Caption": "#C C picks the books on the; #C C picks books from the shelf; #C C picks books from the shelf; #C C picks the books; #C C picks books from the shelf"
    },
    {
        "Video Name": "097a5ed2-02de-496a-af33-524befa1a32e",
        "Start Frame": 4680,
        "End Frame": 4800,
        "Caption": "#C C places the books on the table; #C C puts book on table ; #C C walks in the room; #C C places the books on the table; #C C puts book on shelf"
    },
    {
        "Video Name": "097a5ed2-02de-496a-af33-524befa1a32e",
        "Start Frame": 4800,
        "End Frame": 4920,
        "Caption": "#C C puts the book on the table ; #C C puts the cloth on the table; #C C puts the book on top of the; #C C picks a book; #C C puts the piece of cloth on the"
    },
    {
        "Video Name": "097a5ed2-02de-496a-af33-524befa1a32e",
        "Start Frame": 4920,
        "End Frame": 5040,
        "Caption": "#C C wipes the book; #C C wipes the book; #C C wipes the book with the towel; #C C wipes the book; #C C wipes the book"
    },
    {
        "Video Name": "097a5ed2-02de-496a-af33-524befa1a32e",
        "Start Frame": 5040,
        "End Frame": 5160,
        "Caption": "#C C peruses through the pages ; #C C peruses the pages of the; #C C opens the book; #C C opens the book; #C C opens the book"
    },
    {
        "Video Name": "097a5ed2-02de-496a-af33-524befa1a32e",
        "Start Frame": 5160,
        "End Frame": 5280,
        "Caption": "#C C  opens the book; #C C wipes the book; #C C wipes the book ; #C C wipes the book; #C C picks the towel"
    },
    {
        "Video Name": "097a5ed2-02de-496a-af33-524befa1a32e",
        "Start Frame": 5280,
        "End Frame": 5400,
        "Caption": "#C C places book on the table; #C C puts the towel on the table; #C C puts the book on the table ; #C C puts the cloth on the table ; #C C places the piece of cloth on the"
    }
]