[
    {
        "Video Name": "099896b1-6cec-450b-a5cc-1afa5a5a7fda",
        "Start Frame": 0,
        "End Frame": 120,
        "Caption": "#C C puts wood carving tool; #C C puts wood carving tool; #C C drops wood carving tool; #C C turns on lathe; #C C drops wood carving tool"
    },
    {
        "Video Name": "099896b1-6cec-450b-a5cc-1afa5a5a7fda",
        "Start Frame": 120,
        "End Frame": 240,
        "Caption": "#C C picks up the chisel from the round wood making machine with his right hand; #C C drops the chisel on the round wood making machine with his right hand.; #C C puts the wood on the lathe machine; #C C picks wood carving tool; #C C picks the chisel from the lathe machine with his right hand."
    },
    {
        "Video Name": "099896b1-6cec-450b-a5cc-1afa5a5a7fda",
        "Start Frame": 240,
        "End Frame": 360,
        "Caption": "#C C picks a piece of wood ; #C C picks wood; #C C picks wood ; #C C takes the piece of wood off the lathe machine; #C C holds the piece of wood with both hands."
    },
    {
        "Video Name": "099896b1-6cec-450b-a5cc-1afa5a5a7fda",
        "Start Frame": 360,
        "End Frame": 480,
        "Caption": "#C C turns the handle of the lathe machine with his right hand; #C C switches off lathe machine; #C C turns the handle of the lathe machine with his right hand; #C C turns the handle of the lathe machine with his right hand; #C C holds the gouge with his right hand."
    },
    {
        "Video Name": "099896b1-6cec-450b-a5cc-1afa5a5a7fda",
        "Start Frame": 480,
        "End Frame": 600,
        "Caption": "#C C adjusts lathe machine; #C C turns off lathe machine; #C C turns the handle of the lathe machine with his right hand; #C C turns the handle of the lathe machine with his left hand; #C C turns the handle of the lathe machine with his right hand"
    },
    {
        "Video Name": "099896b1-6cec-450b-a5cc-1afa5a5a7fda",
        "Start Frame": 600,
        "End Frame": 720,
        "Caption": "#C C turns wood lathe; #C C operates the lathe; #C C turns off lathe; #C C adjusts machine with both; #C C adjusts the clamp"
    },
    {
        "Video Name": "099896b1-6cec-450b-a5cc-1afa5a5a7fda",
        "Start Frame": 720,
        "End Frame": 840,
        "Caption": "#C C cuts the wood with a cutter; #C C shaves the round wood in the round wood making machine with the gouge in both hands; #C C hits the lathe machine with his right hand; #C C carves wood; #C C shaves the round wood in the round wood making machine with the gouge in both hands"
    },
    {
        "Video Name": "099896b1-6cec-450b-a5cc-1afa5a5a7fda",
        "Start Frame": 840,
        "End Frame": 960,
        "Caption": "#C C looks around; #C C turns off the lathe machine; #C C looks around; #C C turns off the wood lathe; #C C walks in the workshop"
    },
    {
        "Video Name": "099896b1-6cec-450b-a5cc-1afa5a5a7fda",
        "Start Frame": 960,
        "End Frame": 1080,
        "Caption": "#C C walks around the workshop; #C C walks around; #C C walks in the workshop; #C C walks around ; #C C walks around the workshop"
    },
    {
        "Video Name": "099896b1-6cec-450b-a5cc-1afa5a5a7fda",
        "Start Frame": 1080,
        "End Frame": 1200,
        "Caption": "#C C looks around the store; #C C picks a scissors; #C C picks a metal.; #C C looks around; #C C picks up a pliers from a rack with his right"
    },
    {
        "Video Name": "099896b1-6cec-450b-a5cc-1afa5a5a7fda",
        "Start Frame": 1200,
        "End Frame": 1320,
        "Caption": "#C C walks to the work bench; #C C walks towards the table saw; #C C walks towards the table saw; #C C walks in the workshop; #C C walks towards the table saw"
    },
    {
        "Video Name": "099896b1-6cec-450b-a5cc-1afa5a5a7fda",
        "Start Frame": 1320,
        "End Frame": 1440,
        "Caption": "#C C takes the caliper from the lathe machine; #C C puts wood carving tool down; #C C picks the wood lathe on the table with his right; #C C takes the wood lathe machine on the table; #C C picks wood carving tool"
    },
    {
        "Video Name": "099896b1-6cec-450b-a5cc-1afa5a5a7fda",
        "Start Frame": 1440,
        "End Frame": 1560,
        "Caption": "#C C places the wood on the lathe machine.; #C C holds the wood lathe with both hands.; #C C holds the piece of wood.; #C C holds the piece of wood on the lathe machine with both hands.; #C C places the piece of wood on the round wood making machine with both hands"
    },
    {
        "Video Name": "099896b1-6cec-450b-a5cc-1afa5a5a7fda",
        "Start Frame": 1560,
        "End Frame": 1680,
        "Caption": "#C C turns the wood lathe machine; #C C turns on the lathe machine; #C C adjusts lathe machine; #C C touches the wood lathe machine; #C C adjusts lathe machine handle"
    },
    {
        "Video Name": "099896b1-6cec-450b-a5cc-1afa5a5a7fda",
        "Start Frame": 1680,
        "End Frame": 1800,
        "Caption": "#C C hits the chisel on the piece of wood; #C C shapes wood with chisel ; #C C hits the chisel on the piece of wood; #C C hits the chisel on the wood.; #C C hits the chisel on the wood."
    },
    {
        "Video Name": "099896b1-6cec-450b-a5cc-1afa5a5a7fda",
        "Start Frame": 1800,
        "End Frame": 1920,
        "Caption": "#C C hits the chisel with the hammer in his right hand; #C C hits the chisel on the wood piece.; #C C hammers the chisel on the piece of wood.; #C C hits the chisel on the wood.; #C C hits the gouge with the hammer in his right hand"
    },
    {
        "Video Name": "099896b1-6cec-450b-a5cc-1afa5a5a7fda",
        "Start Frame": 1920,
        "End Frame": 2040,
        "Caption": "#C C drops the chisel on the lathe machine with his right hand; #C C drops the hammer on the round wood making machine.; #C C puts the hammer on the table.; #C C places the chisel on the lathe machine; #C C puts the chisel down."
    },
    {
        "Video Name": "099896b1-6cec-450b-a5cc-1afa5a5a7fda",
        "Start Frame": 2040,
        "End Frame": 2160,
        "Caption": "#C C adjusts lathe machine; #C C inserts the wood into the lathe machine.; #C C inserts the wood into the round wood making machine; #C C shapes wood with the chisel.; #C C adjusts lathe machine"
    },
    {
        "Video Name": "099896b1-6cec-450b-a5cc-1afa5a5a7fda",
        "Start Frame": 2160,
        "End Frame": 2280,
        "Caption": "#C C carves wood; #C C puts the chisel on the lathe; #C C holds the gouge with both hands.; #C C carves wood; #C C holds the gouge with his right hand"
    },
    {
        "Video Name": "099896b1-6cec-450b-a5cc-1afa5a5a7fda",
        "Start Frame": 2280,
        "End Frame": 2400,
        "Caption": "#C C shaves the round wood in the round wood making machine with the gouge in both hands; #C C turns the wood lathe machine handle.; #C C adjusts lathe machine; #C C adjust lathe machine; #C C adjusts lathe machine handle"
    },
    {
        "Video Name": "099896b1-6cec-450b-a5cc-1afa5a5a7fda",
        "Start Frame": 2400,
        "End Frame": 2520,
        "Caption": "#C C moves the handle of the lathe machine with both hands; #C C measures wood  diameter with caliper; #C C puts the wood lathe on the round wood making machine; #C C inserts the chisel into the round wood making machine.; #C C inserts the wood lathe machine on the lathe machine"
    },
    {
        "Video Name": "099896b1-6cec-450b-a5cc-1afa5a5a7fda",
        "Start Frame": 2520,
        "End Frame": 2640,
        "Caption": "#C C puts the wood on the lathe machine; #C C puts the wood on the lathe machine; #C C holds the gouge with his right hand; #C C turns on lathe machine; #C C turns the lathe machine."
    },
    {
        "Video Name": "099896b1-6cec-450b-a5cc-1afa5a5a7fda",
        "Start Frame": 2640,
        "End Frame": 2760,
        "Caption": "#C C picks a caliper; #C C picks a chisel; #C C picks a chisel; #C C picks a chisel; #C C picks a chisel"
    },
    {
        "Video Name": "099896b1-6cec-450b-a5cc-1afa5a5a7fda",
        "Start Frame": 2760,
        "End Frame": 2880,
        "Caption": "#C C shaves the round wood in the round wood making machine with the gouge in both hands; #C C carves wood; #C C carves wood; #C C shapes wood with a chisel ; #C C shapes wood with a chisel "
    },
    {
        "Video Name": "099896b1-6cec-450b-a5cc-1afa5a5a7fda",
        "Start Frame": 2880,
        "End Frame": 3000,
        "Caption": "#C C carves; #C C carves; #C C carves; #C C carves; #C C carves"
    },
    {
        "Video Name": "099896b1-6cec-450b-a5cc-1afa5a5a7fda",
        "Start Frame": 3000,
        "End Frame": 3120,
        "Caption": "#C C shaves the round wood in the round wood making machine with the gouge in both hands; #C C carves wood; #C C carves wood; #C C carves wood; #C C shaves the round wood in the round wood making machine with the gouge in both hands"
    },
    {
        "Video Name": "099896b1-6cec-450b-a5cc-1afa5a5a7fda",
        "Start Frame": 3120,
        "End Frame": 3240,
        "Caption": "#C C shaves the round wood in the round wood making machine with the gouge in both hands; #C C carves wood; #C C shaves the round wood in the round wood making machine with the gouge in both hands; #C C carves wood; #C C carves wood"
    },
    {
        "Video Name": "099896b1-6cec-450b-a5cc-1afa5a5a7fda",
        "Start Frame": 3240,
        "End Frame": 3360,
        "Caption": "#C C wipes wood shavings off his hands.; #C C carves wood; #C C shaves the round wood with the gouge in both hands; #C C removes the sawdust from the wood lathe machine; #C C shaves the round wood with the gouge in both hands"
    },
    {
        "Video Name": "099896b1-6cec-450b-a5cc-1afa5a5a7fda",
        "Start Frame": 3360,
        "End Frame": 3480,
        "Caption": "#C C shaves the round wood in the round wood making machine with the gouge in both hands; #C C shaves the round wood in the round wood making machine with the gouge in both hands; #C C shaves the round wood in the round wood making machine with the gouge in both hands; #C C shaves the round wood in the round wood making machine with the gouge in both hands; #C C shaves the round wood in the round wood making machine with the chisel."
    },
    {
        "Video Name": "099896b1-6cec-450b-a5cc-1afa5a5a7fda",
        "Start Frame": 3480,
        "End Frame": 3600,
        "Caption": "#C C shaves the round wood in his hands on the chisel.; #C C shaves the round wood into a round wood piece on a lathe machine with the gouge in both hands; #C C carves wood; #C C shaves the round wood in the round wood making machine with the gouge in both hands.; #C C carves wood"
    },
    {
        "Video Name": "099896b1-6cec-450b-a5cc-1afa5a5a7fda",
        "Start Frame": 3600,
        "End Frame": 3720,
        "Caption": "#C C shaves the round wood into a round wood shape with the gouge in both hands.; #C C touches wood carving tool; #C C shaves the round wood in the round wood making machine with the chisel in both hands; #C C shapes wood with a chisel ; #C C shapes wood with chisel "
    },
    {
        "Video Name": "099896b1-6cec-450b-a5cc-1afa5a5a7fda",
        "Start Frame": 3720,
        "End Frame": 3840,
        "Caption": "#C C shaves the round wood in his hands into the lathe machine.; #C C wipes dust off hands ; #C C wipes wood shavings off hands ; #C C shapes the wood with a chisel; #C C touches wood shavings on the wood lathe with his right hand"
    },
    {
        "Video Name": "099896b1-6cec-450b-a5cc-1afa5a5a7fda",
        "Start Frame": 3840,
        "End Frame": 3960,
        "Caption": "#C C carves wood; #C C wipes off sawdust on the lathe machine with both hands; #C C carves wood; #C C cleans wood shavings off his hands.; #C C wipes dust from wood shavings with left hand"
    },
    {
        "Video Name": "099896b1-6cec-450b-a5cc-1afa5a5a7fda",
        "Start Frame": 3960,
        "End Frame": 4080,
        "Caption": "#C C shaves the piece of wood.; #C C shaves wood; #C C carves wood; #C C wipes wood shavings off his hands.; #C C wipes off wood shavings from the wood lathe"
    },
    {
        "Video Name": "099896b1-6cec-450b-a5cc-1afa5a5a7fda",
        "Start Frame": 4080,
        "End Frame": 4200,
        "Caption": "#C C shaves the round wood in the round wood making machine with the gouge in both hands; #C C holds the gouge with both hands.; #C C shapes wood with the chisel ; #C C wipes dust from hands; #C C carves wood"
    },
    {
        "Video Name": "099896b1-6cec-450b-a5cc-1afa5a5a7fda",
        "Start Frame": 4200,
        "End Frame": 4320,
        "Caption": "#C C holds the gouge with both hands.; #C C turns off wood lathe; #C C shaves wood; #C C removes wood carving tool from the wood; #C C turns off the lathe machine with his right hand"
    },
    {
        "Video Name": "099896b1-6cec-450b-a5cc-1afa5a5a7fda",
        "Start Frame": 4320,
        "End Frame": 4440,
        "Caption": "#C C turns on lathe machine; #C C holds the gouge with both hands.; #C C adjusts lathe machine handle; #C C puts the gouge on the lathe machine.; #C C turns the handle of the round wood making machine with his right hand"
    },
    {
        "Video Name": "099896b1-6cec-450b-a5cc-1afa5a5a7fda",
        "Start Frame": 4440,
        "End Frame": 4560,
        "Caption": "#C C shaves the round wood in the round wood making machine with the gouge in both hands; #C C adjusts lathe machine handle; #C C turns on lathe machine; #C C shapes the piece of wood with the vise.; #C C shapes wood with a plane "
    },
    {
        "Video Name": "099896b1-6cec-450b-a5cc-1afa5a5a7fda",
        "Start Frame": 4560,
        "End Frame": 4680,
        "Caption": "#C C carves; #C C carves; #C C carves; #C C carves; #C C carves"
    },
    {
        "Video Name": "099896b1-6cec-450b-a5cc-1afa5a5a7fda",
        "Start Frame": 4680,
        "End Frame": 4800,
        "Caption": "#C C shaves the round wood in the round wood making machine with the gouge in both hands; #C C carves wood; #C C shaves the round wood in the round wood making machine with the gouge in both hands; #C C shaves the round wood in the round wood making machine with the gouge in both hands; #C C shaves the round wood in the round wood making machine with the gouge in both hands"
    },
    {
        "Video Name": "099896b1-6cec-450b-a5cc-1afa5a5a7fda",
        "Start Frame": 4800,
        "End Frame": 4920,
        "Caption": "#C C carves wood; #C C carves wood; #C C carves wood; #C C carves wood; #C C shaves the round wood in the round wood making machine with the gouge in both hands"
    },
    {
        "Video Name": "099896b1-6cec-450b-a5cc-1afa5a5a7fda",
        "Start Frame": 4920,
        "End Frame": 5040,
        "Caption": "#C C carves wood; #C C shaves the round wood in the round wood making machine with the gouge in both hands; #C C carves wood; #C C shaves the round wood in the round wood making machine with the gouge in both hands; #C C carves wood"
    },
    {
        "Video Name": "099896b1-6cec-450b-a5cc-1afa5a5a7fda",
        "Start Frame": 5040,
        "End Frame": 5160,
        "Caption": "#C C shaves the piece of wood.; #C C shaves the round wood in the round wood making machine with the gouge in both hands; #C C carves wood; #C C carves wood; #C C chisels wood"
    },
    {
        "Video Name": "099896b1-6cec-450b-a5cc-1afa5a5a7fda",
        "Start Frame": 5160,
        "End Frame": 5280,
        "Caption": "#C C carves wood; #C C shaves the round wood in the round wood making machine with the gouge in both hands; #C C carves wood; #C C carves wood; #C C carves wood"
    },
    {
        "Video Name": "099896b1-6cec-450b-a5cc-1afa5a5a7fda",
        "Start Frame": 5280,
        "End Frame": 5400,
        "Caption": "#C C carves; #C C carves; #C C carves; #C C carves; #C C carves"
    }
]