[
    {
        "Video Name": "0998490f-ec91-4e6e-be46-30422c85b27c",
        "Start Frame": 0,
        "End Frame": 120,
        "Caption": "#C C pulls cloth with left; #C C looks at her hand; #C C adjusts her cloth; #C C looks around; #C C adjusts her cloth"
    },
    {
        "Video Name": "0998490f-ec91-4e6e-be46-30422c85b27c",
        "Start Frame": 120,
        "End Frame": 240,
        "Caption": "#C C peels the garlic ; #C C peels the garlic with; #C C picks the garlic; #C C picks garlic ; #C C picks garlic from the cooking"
    },
    {
        "Video Name": "0998490f-ec91-4e6e-be46-30422c85b27c",
        "Start Frame": 240,
        "End Frame": 360,
        "Caption": "#C C puts garlic in the bowl; #C C throws the garlic in the; #C C drops the garlic in the; #C C looks around; #C C throws the garlic in the"
    },
    {
        "Video Name": "0998490f-ec91-4e6e-be46-30422c85b27c",
        "Start Frame": 360,
        "End Frame": 480,
        "Caption": "#C C peels garlic with hands; #C C peels garlic with hands; #C C peels the garlic; #C C peels the garlic; #C C peels the garlic"
    },
    {
        "Video Name": "0998490f-ec91-4e6e-be46-30422c85b27c",
        "Start Frame": 480,
        "End Frame": 600,
        "Caption": "#C C peels the garlic; #C C peels garlic; #C C peels garlic cl; #C C peels garlic ; #C C peels garlic cl"
    },
    {
        "Video Name": "0998490f-ec91-4e6e-be46-30422c85b27c",
        "Start Frame": 600,
        "End Frame": 720,
        "Caption": "#C C peels the; #C C peels garlic; #C C peels the; #C C peels garlic; #C C peels garlic"
    },
    {
        "Video Name": "0998490f-ec91-4e6e-be46-30422c85b27c",
        "Start Frame": 720,
        "End Frame": 840,
        "Caption": "#C C peels garlic; #C C peels garlic ; #C C peels garlic; #C C peels garlic cl; #C C peels garlic "
    },
    {
        "Video Name": "0998490f-ec91-4e6e-be46-30422c85b27c",
        "Start Frame": 840,
        "End Frame": 960,
        "Caption": "#C C peels the garlic ; #C C picks the garlic; #C C picks the garlic; #C C peels the garlic into the; #C C peels the garlic"
    },
    {
        "Video Name": "0998490f-ec91-4e6e-be46-30422c85b27c",
        "Start Frame": 960,
        "End Frame": 1080,
        "Caption": "#C C peels off the; #C C peels garlic cl; #C C peels garlic cl; #C C peels garlic cl; #C C peels garlic "
    },
    {
        "Video Name": "0998490f-ec91-4e6e-be46-30422c85b27c",
        "Start Frame": 1080,
        "End Frame": 1200,
        "Caption": "#C C peels garlic clove; #C C drops the garlic in the bowl; #C C drops the garlic in the bowl; #C C peels the garlic; #C C peels the garlic with both"
    },
    {
        "Video Name": "0998490f-ec91-4e6e-be46-30422c85b27c",
        "Start Frame": 1200,
        "End Frame": 1320,
        "Caption": "#C C peels the garlic; #C C peels garlic cl; #C C peels the garlic; #C C peels garlic cl; #C C peels garlic cl"
    },
    {
        "Video Name": "0998490f-ec91-4e6e-be46-30422c85b27c",
        "Start Frame": 1320,
        "End Frame": 1440,
        "Caption": "#C C peels garlic clove; #C C peels garlic ; #C C peels the garlic with; #C C peels garlic by hand; #C C peels the garlic"
    },
    {
        "Video Name": "0998490f-ec91-4e6e-be46-30422c85b27c",
        "Start Frame": 1440,
        "End Frame": 1560,
        "Caption": "#C C peels garlic; #C C peels the garlic; #C C peels garlic clove; #C C peels garlic ; #C C drops garlic clove in a"
    },
    {
        "Video Name": "0998490f-ec91-4e6e-be46-30422c85b27c",
        "Start Frame": 1560,
        "End Frame": 1680,
        "Caption": "#C C peels the garlic; #C C peels the garlic; #C C peels the garlic; #C C peels the garlic; #C C peels the garlic"
    },
    {
        "Video Name": "0998490f-ec91-4e6e-be46-30422c85b27c",
        "Start Frame": 1680,
        "End Frame": 1800,
        "Caption": "#C C peels the garlic; #C C peels the garlic clove; #C C peels the garlic; #C C peels garlic by hand ; #C C peels the garlic with both hands"
    },
    {
        "Video Name": "0998490f-ec91-4e6e-be46-30422c85b27c",
        "Start Frame": 1800,
        "End Frame": 1920,
        "Caption": "#C C peels garlic with; #C C peels garlic cl; #C C peels garlic ; #C C peels garlic cl; #C C peels garlic cl"
    },
    {
        "Video Name": "0998490f-ec91-4e6e-be46-30422c85b27c",
        "Start Frame": 1920,
        "End Frame": 2040,
        "Caption": "#C C peels the garlic; #C C peels garlic clove; #C C peels garlic clove; #C C peels the garlic with; #C C peels the garlic"
    },
    {
        "Video Name": "0998490f-ec91-4e6e-be46-30422c85b27c",
        "Start Frame": 2040,
        "End Frame": 2160,
        "Caption": "#C C peels garlic; #C C peels the garlic; #C C peels the garlic; #C C peels the garlic; #C C peels garlic cl"
    },
    {
        "Video Name": "0998490f-ec91-4e6e-be46-30422c85b27c",
        "Start Frame": 2160,
        "End Frame": 2280,
        "Caption": "#C C peels garlic clove; #C C removes the outer layer of garlic; #C C peels garlic clove; #C C peels the garlic; #C C peels the garlic."
    },
    {
        "Video Name": "0998490f-ec91-4e6e-be46-30422c85b27c",
        "Start Frame": 2280,
        "End Frame": 2400,
        "Caption": "#C C peels the; #C C peels garlic; #C C peels the; #C C peels garlic; #C C peels garlic"
    },
    {
        "Video Name": "0998490f-ec91-4e6e-be46-30422c85b27c",
        "Start Frame": 2400,
        "End Frame": 2520,
        "Caption": "#C C peels the garlic; #C C peels the garlic; #C C peels the garlic; #C C peels garlic cl; #C C peels the garlic"
    },
    {
        "Video Name": "0998490f-ec91-4e6e-be46-30422c85b27c",
        "Start Frame": 2520,
        "End Frame": 2640,
        "Caption": "#C C peels the garlic; #C C peels the garlic; #C C peels garlic cl; #C C peels garlic cl; #C C peels garlic cl"
    },
    {
        "Video Name": "0998490f-ec91-4e6e-be46-30422c85b27c",
        "Start Frame": 2640,
        "End Frame": 2760,
        "Caption": "#C C peels garlic; #C C peels the; #C C peels the; #C C peels the; #C C peels the"
    },
    {
        "Video Name": "0998490f-ec91-4e6e-be46-30422c85b27c",
        "Start Frame": 2760,
        "End Frame": 2880,
        "Caption": "#C C  peels garlic ; #C C drops the garlic in the bowl; #C C drops the garlic in the bowl; #C C peels the garlic ; #C C drops garlic in the container."
    },
    {
        "Video Name": "0998490f-ec91-4e6e-be46-30422c85b27c",
        "Start Frame": 2880,
        "End Frame": 3000,
        "Caption": "#C C picks garlic.; #C C picks garlic.; #C C picks the garlic in the; #C C picks garlic from the cooking; #C C picks garlic from the cooking"
    },
    {
        "Video Name": "0998490f-ec91-4e6e-be46-30422c85b27c",
        "Start Frame": 3000,
        "End Frame": 3120,
        "Caption": "#C C peels the garlic; #C C peels garlic cl; #C C peels garlic cl; #C C peels garlic cl; #C C peels garlic cl"
    },
    {
        "Video Name": "0998490f-ec91-4e6e-be46-30422c85b27c",
        "Start Frame": 3120,
        "End Frame": 3240,
        "Caption": "#C C peels garlic ; #C C peels garlic cl; #C C peels garlic cl; #C C peels garlic ; #C C peels garlic cl"
    },
    {
        "Video Name": "0998490f-ec91-4e6e-be46-30422c85b27c",
        "Start Frame": 3240,
        "End Frame": 3360,
        "Caption": "#C C peels garlic cl; #C C peels garlic cl; #C C peels garlic cl; #C C peels garlic ; #C C peels garlic cl"
    },
    {
        "Video Name": "0998490f-ec91-4e6e-be46-30422c85b27c",
        "Start Frame": 3360,
        "End Frame": 3480,
        "Caption": "#C C peels garlic cl; #C C peels garlic cl; #C C peels garlic; #C C peels the garlic; #C C peels garlic cl"
    },
    {
        "Video Name": "0998490f-ec91-4e6e-be46-30422c85b27c",
        "Start Frame": 3480,
        "End Frame": 3600,
        "Caption": "#C C drops the garlic in the bowl; #C C peels garlic clove; #C C peels garlic ; #C C peels the garlic; #C C peels garlic "
    },
    {
        "Video Name": "0998490f-ec91-4e6e-be46-30422c85b27c",
        "Start Frame": 3600,
        "End Frame": 3720,
        "Caption": "#C C peels the garlic; #C C peels garlic cl; #C C peels the garlic; #C C peels garlic cl; #C C peels garlic cl"
    },
    {
        "Video Name": "0998490f-ec91-4e6e-be46-30422c85b27c",
        "Start Frame": 3720,
        "End Frame": 3840,
        "Caption": "#C C puts garlic in the bowl; #C C puts the garlic in the bowl; #C C puts garlic in a bowl; #C C puts garlic clove in a; #C C drops garlic in a bowl."
    },
    {
        "Video Name": "0998490f-ec91-4e6e-be46-30422c85b27c",
        "Start Frame": 3840,
        "End Frame": 3960,
        "Caption": "#C C peels garlic cl; #C C peels the garlic; #C C peels garlic ; #C C peels the garlic; #C C peels garlic "
    },
    {
        "Video Name": "0998490f-ec91-4e6e-be46-30422c85b27c",
        "Start Frame": 3960,
        "End Frame": 4080,
        "Caption": "#C C peels garlic clove; #C C peels garlic clove; #C C peels garlic clove; #C C peels the garlic; #C C peels the garlic"
    },
    {
        "Video Name": "0998490f-ec91-4e6e-be46-30422c85b27c",
        "Start Frame": 4080,
        "End Frame": 4200,
        "Caption": "#C C puts the garlic in the; #C C puts garlic in the bowl; #C C puts peeled garlic in the; #C C puts garlic cloves in the; #C C puts the garlic in the"
    },
    {
        "Video Name": "0998490f-ec91-4e6e-be46-30422c85b27c",
        "Start Frame": 4200,
        "End Frame": 4320,
        "Caption": "#C C peels garlic cl; #C C peels the garlic; #C C peels the garlic; #C C peels the garlic; #C C peels garlic cl"
    },
    {
        "Video Name": "0998490f-ec91-4e6e-be46-30422c85b27c",
        "Start Frame": 4320,
        "End Frame": 4440,
        "Caption": "#C C peels garlic; #C C peels garlic; #C C peels the; #C C peels the; #C C peels the"
    },
    {
        "Video Name": "0998490f-ec91-4e6e-be46-30422c85b27c",
        "Start Frame": 4440,
        "End Frame": 4560,
        "Caption": "#C C puts the garlic in the; #C C drops the garlic in the; #C C puts the garlic in the; #C C peels the garlic; #C C peels off the garlic"
    },
    {
        "Video Name": "0998490f-ec91-4e6e-be46-30422c85b27c",
        "Start Frame": 4560,
        "End Frame": 4680,
        "Caption": "#C C peels garlic clove; #C C peels the garlic; #C C peels garlic with both; #C C peels garlic clove; #C C peels the garlic"
    },
    {
        "Video Name": "0998490f-ec91-4e6e-be46-30422c85b27c",
        "Start Frame": 4680,
        "End Frame": 4800,
        "Caption": "#C C removes the outer cover of garlic; #C C puts the garlic skin in a; #C C removes the outer layer of garlic; #C C peels garlic ; #C C peels garlic clove"
    },
    {
        "Video Name": "0998490f-ec91-4e6e-be46-30422c85b27c",
        "Start Frame": 4800,
        "End Frame": 4920,
        "Caption": "#C C peels the garlic; #C C peels the garlic; #C C peels the garlic; #C C peels the garlic; #C C peels garlic cl"
    },
    {
        "Video Name": "0998490f-ec91-4e6e-be46-30422c85b27c",
        "Start Frame": 4920,
        "End Frame": 5040,
        "Caption": "#C C puts the garlic in the bowl; #C C peels garlic clove; #C C peels garlic.; #C C drops garlic clove in a container; #C C peels garlic "
    },
    {
        "Video Name": "0998490f-ec91-4e6e-be46-30422c85b27c",
        "Start Frame": 5040,
        "End Frame": 5160,
        "Caption": "#C C picks a garlic from the pot; #C C peels the garlic; #C C peels garlic ; #C C puts the garlic skin in a; #C C peels garlic with hands "
    },
    {
        "Video Name": "0998490f-ec91-4e6e-be46-30422c85b27c",
        "Start Frame": 5160,
        "End Frame": 5280,
        "Caption": "#C C peels garlic with hands ; #C C peels garlic ; #C C peels the garlic; #C C peels the garlic; #C C peels the garlic with both hands"
    },
    {
        "Video Name": "0998490f-ec91-4e6e-be46-30422c85b27c",
        "Start Frame": 5280,
        "End Frame": 5400,
        "Caption": "#C C peels the garlic with both hands; #C C peels the garlic; #C C peels off the garlic; #C C peels the garlic; #C C peels garlic."
    }
]