[
    {
        "Video Name": "0a17f178-05fb-4946-b4d1-2eb4464eb306",
        "Start Frame": 0,
        "End Frame": 120,
        "Caption": "#O The woman X places some cards on the dining table with her right hand.; #O The woman X drops the deck of cards on the table with her right hand.; #O The woman Y picks the card from the table with her left hand.; #O The woman X picks the pack of cards from the dining table with her right hand; #O The woman X drops the cards on the table with her right hand."
    },
    {
        "Video Name": "0a17f178-05fb-4946-b4d1-2eb4464eb306",
        "Start Frame": 120,
        "End Frame": 240,
        "Caption": "#o woman x shuffle the cards; #o woman x put the cards on the table; #O The woman X adjusts the deck of cards on the table with both hands; #O The woman Y packs the cards from the table with her hands.; #O The woman X packs the cards from the table with her right hand."
    },
    {
        "Video Name": "0a17f178-05fb-4946-b4d1-2eb4464eb306",
        "Start Frame": 240,
        "End Frame": 360,
        "Caption": "#o woman x put the cards on the table; #o woman x put the cards on the table; #O Woman X drops some cards on the table with her right hand; #o woman x shuffle the cards; #o woman x put the cards on the table"
    },
    {
        "Video Name": "0a17f178-05fb-4946-b4d1-2eb4464eb306",
        "Start Frame": 360,
        "End Frame": 480,
        "Caption": "#o woman x put the cards on the table; #o woman x put the card on the table; #o woman x put the card on the table; #o woman x put the card down; #O The woman X places the card in her right hand on the dining table"
    },
    {
        "Video Name": "0a17f178-05fb-4946-b4d1-2eb4464eb306",
        "Start Frame": 480,
        "End Frame": 600,
        "Caption": "#O The woman X gathers the pack of cards on the dining table with her right hand; #o woman x put the cards down; #o woman x put the cards on the table; #o woman x move the cards; #O The woman X gathers the pack of cards on the table with her right hand."
    },
    {
        "Video Name": "0a17f178-05fb-4946-b4d1-2eb4464eb306",
        "Start Frame": 600,
        "End Frame": 720,
        "Caption": "#O The woman Y drops the cards in her right hand face up on the table; #o woman x pick the card; #O The woman X picks a card from the table with her right hand.; #o woman x put the card on the table; #O The woman X drops the card on the table with her right hand."
    },
    {
        "Video Name": "0a17f178-05fb-4946-b4d1-2eb4464eb306",
        "Start Frame": 720,
        "End Frame": 840,
        "Caption": "#o woman x rubs face; #O The woman X gesticulates with her right hand.; #O The woman X rubs her face with her left hand; #o woman x move the hand; #O The woman X raises her right hand to her face."
    },
    {
        "Video Name": "0a17f178-05fb-4946-b4d1-2eb4464eb306",
        "Start Frame": 840,
        "End Frame": 960,
        "Caption": "#O person X picks cards from the table ; #o woman x pick the card; #O The woman X picks a card from the table with her left hand; #O The woman X picks a card from the table with her right hand; #C C looks around "
    },
    {
        "Video Name": "0a17f178-05fb-4946-b4d1-2eb4464eb306",
        "Start Frame": 960,
        "End Frame": 1080,
        "Caption": "#o woman x touch the face; #O The woman X picks a card from the dining table with her right hand; #O Lady A touches face; #C C looks around; #O The woman X eats the chips with her right hand."
    },
    {
        "Video Name": "0a17f178-05fb-4946-b4d1-2eb4464eb306",
        "Start Frame": 1080,
        "End Frame": 1200,
        "Caption": "#O person X puts cards on the table; #O The woman Y places the card in her right hand on the table.; #o woman x pick the card; #O The woman X picks a card from the table with her right hand.; #O The woman Y picks up some cards from the table with her right hand"
    },
    {
        "Video Name": "0a17f178-05fb-4946-b4d1-2eb4464eb306",
        "Start Frame": 1200,
        "End Frame": 1320,
        "Caption": "#O The woman Y places cards from the table with her right hand.; #O The woman Y places the card on the table with her left hand.; #o woman x put the cards on the table; #o woman x pick the card; #O The woman Y drops the card on the table with her right hand."
    },
    {
        "Video Name": "0a17f178-05fb-4946-b4d1-2eb4464eb306",
        "Start Frame": 1320,
        "End Frame": 1440,
        "Caption": "#o woman x put the cards on the table; #O The woman Y picks some cards from the table with her right hand.; #O The woman X picks some cards from the table with her right hand.; #O The woman Y picks up the cards from the table with her right hand; #o woman x pick the card"
    },
    {
        "Video Name": "0a17f178-05fb-4946-b4d1-2eb4464eb306",
        "Start Frame": 1440,
        "End Frame": 1560,
        "Caption": "#o woman x pick the card; #o woman x shuffle the cards; #o woman x put the cards on the; #o woman x shuffle the cards; #O woman X holds cards"
    },
    {
        "Video Name": "0a17f178-05fb-4946-b4d1-2eb4464eb306",
        "Start Frame": 1560,
        "End Frame": 1680,
        "Caption": "#O The woman X picks a card from the table with her right hand.; #O The woman X packs the cards from the table with her right hand.; #O The woman X places her right hand on the table.; #O The woman X packs the cards from the table with both hands.; #O The woman X picks a card from her left hand with her right hand"
    },
    {
        "Video Name": "0a17f178-05fb-4946-b4d1-2eb4464eb306",
        "Start Frame": 1680,
        "End Frame": 1800,
        "Caption": "#O The woman X moves some cards on the table with her right hand.; #O The woman Y moves a card on the table with her right hand.; #O The woman X gathers the pack of cards on the table with her right hand; #O The woman X touches a card from the table with her right hand.; #O The woman X adjusts the deck of cards on the table with her left hand"
    },
    {
        "Video Name": "0a17f178-05fb-4946-b4d1-2eb4464eb306",
        "Start Frame": 1800,
        "End Frame": 1920,
        "Caption": "#O The woman Y drops the card on the table with her right hand.; #O The woman X picks the cards from the table with her right hand.; #o woman x put the card on the table; #O The woman X drops the cards in her right hand face up on the table; #O The woman X drops some cards on the table with her right hand."
    },
    {
        "Video Name": "0a17f178-05fb-4946-b4d1-2eb4464eb306",
        "Start Frame": 1920,
        "End Frame": 2040,
        "Caption": "#O The woman X picks a card from the table with her right hand.; #o woman x put the cards on the table; #O The woman Y picks up some cards from the table with her left hand; #O The woman X drops the cards on the table with her right hand.; #o woman x pick the card"
    },
    {
        "Video Name": "0a17f178-05fb-4946-b4d1-2eb4464eb306",
        "Start Frame": 2040,
        "End Frame": 2160,
        "Caption": "#O The woman X drops some cards on the table with her right hand.; #O The woman Y drops some cards on the table with her right hand.; #O The woman Y drops the card on the table with her right hand.; #o woman x put the cards on the table; #o woman x put the card on the table"
    },
    {
        "Video Name": "0a17f178-05fb-4946-b4d1-2eb4464eb306",
        "Start Frame": 2160,
        "End Frame": 2280,
        "Caption": "#O The woman X drops some cards on the table with her right hand.; #o woman x put the cards on the table; #O The woman X drops the cards in her right hand face up on the table; #o woman x put the card down; #O The woman X picks a card from the table with her right hand."
    },
    {
        "Video Name": "0a17f178-05fb-4946-b4d1-2eb4464eb306",
        "Start Frame": 2280,
        "End Frame": 2400,
        "Caption": "#o woman x pick the cards; #o woman x put the cards on the table; #O The woman X picks some cards from the dining table with her right hand; #o woman x pick the card; #O The woman X adjusts the cards on the table with her right hand."
    },
    {
        "Video Name": "0a17f178-05fb-4946-b4d1-2eb4464eb306",
        "Start Frame": 2400,
        "End Frame": 2520,
        "Caption": "#O The woman X packs the cards from the table with her right hand; #o woman x hold the cards; #O The woman X packs some cards on the table with her left hand; #O The woman X gathers the pack of cards on the table with her right hand; #o woman x put the cards on the table"
    },
    {
        "Video Name": "0a17f178-05fb-4946-b4d1-2eb4464eb306",
        "Start Frame": 2520,
        "End Frame": 2640,
        "Caption": "#o woman x put the cards on the table; #O The woman X gathers some cards on the dining table with her right hand; #o woman x put the cards on the table; #O The woman X drops the cards in her hands on the dining table.; #O The woman Y drops some cards from her left hand on the table."
    },
    {
        "Video Name": "0a17f178-05fb-4946-b4d1-2eb4464eb306",
        "Start Frame": 2640,
        "End Frame": 2760,
        "Caption": "#O The woman X picks up some cards on the table with her right hand.; #O The woman X drops the cards in her right hand on the table.; #O The woman Y drops some cards from the deck of cards in her left hand on the table; #o woman x put the card on the table; #o woman x put the card on the table"
    },
    {
        "Video Name": "0a17f178-05fb-4946-b4d1-2eb4464eb306",
        "Start Frame": 2760,
        "End Frame": 2880,
        "Caption": "#o woman x picks cards; #O The woman X drops the cards in her right hand face up on the dining table; #O The woman X picks a card from the table with her right hand.; #O The woman X picks up some cards on the table with her right hand.; #o woman x pick the cards"
    },
    {
        "Video Name": "0a17f178-05fb-4946-b4d1-2eb4464eb306",
        "Start Frame": 2880,
        "End Frame": 3000,
        "Caption": "#O The woman X passes the card in her left hand to her right hand; #O The woman X drops the card on the table with her right hand.; #O The woman X passes the card from her left hand to her right hand; #O The woman X drops the card on the table with her right hand.; #o woman x put the card on the table"
    },
    {
        "Video Name": "0a17f178-05fb-4946-b4d1-2eb4464eb306",
        "Start Frame": 3000,
        "End Frame": 3120,
        "Caption": "#O The woman X picks a card from the deck of cards on the table with her right hand; #O The woman X picks up the cards on the table with her right hand.; #C C talks to person X; #C C Looks around the room; #C C looks around the room "
    },
    {
        "Video Name": "0a17f178-05fb-4946-b4d1-2eb4464eb306",
        "Start Frame": 3120,
        "End Frame": 3240,
        "Caption": "#O The woman X picks up some cards from the table with her left hand; #O The woman X drops some cards on the table with her right hand.; #C C interacts with woman X; #O The woman X drops some cards on the table with her right hand.; #O Woman X places the cards on the table with her right hand."
    },
    {
        "Video Name": "0a17f178-05fb-4946-b4d1-2eb4464eb306",
        "Start Frame": 3240,
        "End Frame": 3360,
        "Caption": "#C C looks at person X; #O The woman X picks up some cards from the table with her right hand; #O The woman X drops some cards on the table with her right hand.; #O The woman X drops some cards on the table with her right hand.; #O The woman X drops some cards on the table with her right hand."
    },
    {
        "Video Name": "0a17f178-05fb-4946-b4d1-2eb4464eb306",
        "Start Frame": 3360,
        "End Frame": 3480,
        "Caption": "#O The woman X passes the cards from her left hand to her right hand; #O The woman X picks some cards from the table with her right hand.; #O person X puts cards on the table; #O The woman X picks some cards from the table with her right hand.; #O The woman X drops some cards on the table with her right hand."
    },
    {
        "Video Name": "0a17f178-05fb-4946-b4d1-2eb4464eb306",
        "Start Frame": 3480,
        "End Frame": 3600,
        "Caption": "#C C looks around; #O Woman X drops some cards on the table with her left hand.; #O The woman X drops some cards on the table with her right hand; #O Woman X drops some cards on the table with her right hand.; #C C looks at the table"
    },
    {
        "Video Name": "0a17f178-05fb-4946-b4d1-2eb4464eb306",
        "Start Frame": 3600,
        "End Frame": 3720,
        "Caption": "#O The woman X picks a card with her right hand; #C C Looks at woman X; #C C looks at the cards; #C C looks at woman X; #C C looks around the house "
    },
    {
        "Video Name": "0a17f178-05fb-4946-b4d1-2eb4464eb306",
        "Start Frame": 3720,
        "End Frame": 3840,
        "Caption": "#O The woman X drops some cards on the table with her right hand.; #O The woman X drops some cards on the table with her right hand.; #O The woman X drops some cards on the table with her right hand.; #O The woman X picks up some cards from the table with her right hand; #O The woman X picks up a card from the table with her right hand"
    },
    {
        "Video Name": "0a17f178-05fb-4946-b4d1-2eb4464eb306",
        "Start Frame": 3840,
        "End Frame": 3960,
        "Caption": "#O The woman X shuffles the cards in her hands.; #O The woman X shuffles the cards with both hands.; #O The woman X passes the cards from her left hand to her right hand; #O person X picks cards from the table; #O The woman X shuffles the cards with both hands."
    },
    {
        "Video Name": "0a17f178-05fb-4946-b4d1-2eb4464eb306",
        "Start Frame": 3960,
        "End Frame": 4080,
        "Caption": "#C C plays card games with the woman X.; #C C puts a card on the table; #C C puts a card on the table; #C C puts another card on the table; #C C drops a card on the table with his left hand"
    },
    {
        "Video Name": "0a17f178-05fb-4946-b4d1-2eb4464eb306",
        "Start Frame": 4080,
        "End Frame": 4200,
        "Caption": "#O The woman X scratches her neck with her right hand; #C C converses with X; #C C puts the card on the table; #C C Looks around the house; #C C looks at the table"
    },
    {
        "Video Name": "0a17f178-05fb-4946-b4d1-2eb4464eb306",
        "Start Frame": 4200,
        "End Frame": 4320,
        "Caption": "#C C looks around ; #O The woman X picks up a card from the table with her right hand; #C C looks around ; #O The woman X picks a card from the table with her left hand.; #C C looks around the house "
    },
    {
        "Video Name": "0a17f178-05fb-4946-b4d1-2eb4464eb306",
        "Start Frame": 4320,
        "End Frame": 4440,
        "Caption": "#C C looks around ; #O The woman X turns the card on the table over with her right hand; #C C Looks at lady X; #C C looks around ; #O The woman X picks up a card from the deck of cards on the table with her right"
    },
    {
        "Video Name": "0a17f178-05fb-4946-b4d1-2eb4464eb306",
        "Start Frame": 4440,
        "End Frame": 4560,
        "Caption": "#C C looks around the room; #O The woman X drops some cards on the table with her left hand.; #O The woman X picks up some cards from the table with her right hand; #C C looks at woman X; #C C looks around"
    },
    {
        "Video Name": "0a17f178-05fb-4946-b4d1-2eb4464eb306",
        "Start Frame": 4560,
        "End Frame": 4680,
        "Caption": "#O The woman X drops some cards on the table with her right hand.; #O The woman X drops some cards on the table with her right hand.; #O The woman X drops some cards on the table with her right hand.; #O The woman X drops some cards on the table with her right hand.; #O The woman X picks a card from the deck of cards on the table with her right hand"
    },
    {
        "Video Name": "0a17f178-05fb-4946-b4d1-2eb4464eb306",
        "Start Frame": 4680,
        "End Frame": 4800,
        "Caption": "#O The woman X passes the cards in her left hand to her right hand.; #O The woman X shuffles the cards on the table with both hands; #O The woman X drops the cards in her right hand face up on the table; #O The woman X drops some cards on the table with her right hand.; #O person X picks up cards from the table"
    },
    {
        "Video Name": "0a17f178-05fb-4946-b4d1-2eb4464eb306",
        "Start Frame": 4800,
        "End Frame": 4920,
        "Caption": "#O The woman X puts some cards on the table with her right hand.; #O The woman X picks up some cards from the table with her right hand; #O The woman X drops some cards on the table with her right hand.; #C C looks around; #C C looks around"
    },
    {
        "Video Name": "0a17f178-05fb-4946-b4d1-2eb4464eb306",
        "Start Frame": 4920,
        "End Frame": 5040,
        "Caption": "#C C Looks at person X; #C C plays card game; #C C Looks at woman X; #O The woman X places the card on the table with her right hand; #C C puts the card on the table"
    },
    {
        "Video Name": "0a17f178-05fb-4946-b4d1-2eb4464eb306",
        "Start Frame": 5040,
        "End Frame": 5160,
        "Caption": "#O The woman X picks up a card from the table with her right; #C C picks up a card; #O The woman X drops the card on the table with her right hand; #C C looks around; #C C picks a card"
    },
    {
        "Video Name": "0a17f178-05fb-4946-b4d1-2eb4464eb306",
        "Start Frame": 5160,
        "End Frame": 5280,
        "Caption": "#O The woman X picks up a card from the table with her right hand; #O a person X picks up card; #C C looks around; #O The woman X picks up a card from the table with her right hand; #O The woman X picks a card from the table with her right hand"
    },
    {
        "Video Name": "0a17f178-05fb-4946-b4d1-2eb4464eb306",
        "Start Frame": 5280,
        "End Frame": 5400,
        "Caption": "#O a person X picks up card; #O The woman X picks up a card from the table with her right hand; #O the woman X picks up a card from the table with her right hand; #O a person X picks up card; #O a person X picks up cards"
    }
]