[
    {
        "Video Name": "0a778b5d-ff78-4f6d-8b52-24813b499ae3",
        "Start Frame": 0,
        "End Frame": 120,
        "Caption": "#C C looks around; #C C looks around; #C C looks around ; #C C puts paper on the; #C C folds the paper"
    },
    {
        "Video Name": "0a778b5d-ff78-4f6d-8b52-24813b499ae3",
        "Start Frame": 120,
        "End Frame": 240,
        "Caption": "#C C unfolds the wallpaper ; #C C holds the paper; #C C unfolds the paper; #C C opens up the paper; #C C unfolds the paper"
    },
    {
        "Video Name": "0a778b5d-ff78-4f6d-8b52-24813b499ae3",
        "Start Frame": 240,
        "End Frame": 360,
        "Caption": "#C C turns the paper ; #C C unfolds the paper ; #C C folds the paper; #C C unfolds the poster ; #C C holds the poster with both hands"
    },
    {
        "Video Name": "0a778b5d-ff78-4f6d-8b52-24813b499ae3",
        "Start Frame": 360,
        "End Frame": 480,
        "Caption": "#C C looks at the paper; #C C holds paper on the hand; #C C holds a paper; #C C holds the paper; #C C puts the paper on the"
    },
    {
        "Video Name": "0a778b5d-ff78-4f6d-8b52-24813b499ae3",
        "Start Frame": 480,
        "End Frame": 600,
        "Caption": "#C C looks around; #C C puts the paper on the; #C C puts the paper down; #C C looks around; #C C looks around"
    },
    {
        "Video Name": "0a778b5d-ff78-4f6d-8b52-24813b499ae3",
        "Start Frame": 600,
        "End Frame": 720,
        "Caption": "#C C looks around the room; #C C looks around; #C C looks around; #C C looks around; #C C looks around the room"
    },
    {
        "Video Name": "0a778b5d-ff78-4f6d-8b52-24813b499ae3",
        "Start Frame": 720,
        "End Frame": 840,
        "Caption": "#C C looks around the; #C C looks around ; #C C walks around the; #C C looks around; #C C looks around the"
    },
    {
        "Video Name": "0a778b5d-ff78-4f6d-8b52-24813b499ae3",
        "Start Frame": 840,
        "End Frame": 960,
        "Caption": "#C C looks at the; #C C looks around; #C C looks at the; #C C looks at the; #C C walks in the"
    },
    {
        "Video Name": "0a778b5d-ff78-4f6d-8b52-24813b499ae3",
        "Start Frame": 960,
        "End Frame": 1080,
        "Caption": "#C C looks around ; #C C looks around the house; #C C looks around ; #C C walks around the house; #C C looks around the house"
    },
    {
        "Video Name": "0a778b5d-ff78-4f6d-8b52-24813b499ae3",
        "Start Frame": 1080,
        "End Frame": 1200,
        "Caption": "#C C holds a paper; #C C unfolds paper; #C C picks up the; #C C holds a paper; #C C unfolds the paper"
    },
    {
        "Video Name": "0a778b5d-ff78-4f6d-8b52-24813b499ae3",
        "Start Frame": 1200,
        "End Frame": 1320,
        "Caption": "#c c picks paper roll; #C C puts the paper on the; #c c puts paper down; #C C places the poster on the; #C C picks the wallpaper "
    },
    {
        "Video Name": "0a778b5d-ff78-4f6d-8b52-24813b499ae3",
        "Start Frame": 1320,
        "End Frame": 1440,
        "Caption": "#C C turns around; #C C looks around; #C C looks around; #C C turns around; #C C looks around"
    },
    {
        "Video Name": "0a778b5d-ff78-4f6d-8b52-24813b499ae3",
        "Start Frame": 1440,
        "End Frame": 1560,
        "Caption": "#C C looks around the house; #C C looks around the room; #C C looks around the room; #C C looks around the room; #C C looks around the room"
    },
    {
        "Video Name": "0a778b5d-ff78-4f6d-8b52-24813b499ae3",
        "Start Frame": 1560,
        "End Frame": 1680,
        "Caption": "#C C picks a bottle of; #C C moves around the room; #c c looks around; #c c walks around; #C C walks around "
    },
    {
        "Video Name": "0a778b5d-ff78-4f6d-8b52-24813b499ae3",
        "Start Frame": 1680,
        "End Frame": 1800,
        "Caption": "#C C looks around; #C C looks around ; #C C looks around; #C C looks at the wall; #C C looks around the room"
    },
    {
        "Video Name": "0a778b5d-ff78-4f6d-8b52-24813b499ae3",
        "Start Frame": 1800,
        "End Frame": 1920,
        "Caption": "#C C looks around the house; #C C looks around; #C C picks a paper ; #C C looks around the room; #C C picks a poster "
    },
    {
        "Video Name": "0a778b5d-ff78-4f6d-8b52-24813b499ae3",
        "Start Frame": 1920,
        "End Frame": 2040,
        "Caption": "#C C looks around; #C C looks around; #C C looks around; #C C looks around; #C C looks around"
    },
    {
        "Video Name": "0a778b5d-ff78-4f6d-8b52-24813b499ae3",
        "Start Frame": 2040,
        "End Frame": 2160,
        "Caption": "#C C looks around; #C C looks around ; #C C looks around the room; #C C looks around the room; #c c looks around"
    },
    {
        "Video Name": "0a778b5d-ff78-4f6d-8b52-24813b499ae3",
        "Start Frame": 2160,
        "End Frame": 2280,
        "Caption": "#C C walks in the room; #C C looks around the house; #C C walks around the house; #c c looks around; #C C looks around "
    },
    {
        "Video Name": "0a778b5d-ff78-4f6d-8b52-24813b499ae3",
        "Start Frame": 2280,
        "End Frame": 2400,
        "Caption": "#C C cuts the sellotape; #C C takes tape ; #C C cuts a piece of masking; #C C cuts the masking tape; #C C cuts the tape "
    },
    {
        "Video Name": "0a778b5d-ff78-4f6d-8b52-24813b499ae3",
        "Start Frame": 2400,
        "End Frame": 2520,
        "Caption": "#C C opens the measuring tape; #C C holds the wall art paper well; #C C walks in the room; #C C holds the poster ; #C C puts the poster on the wall"
    },
    {
        "Video Name": "0a778b5d-ff78-4f6d-8b52-24813b499ae3",
        "Start Frame": 2520,
        "End Frame": 2640,
        "Caption": "#C C walks around the room; #C C walks in the house; #C C walks around the house; #C C looks around ; #C C walks in the room"
    },
    {
        "Video Name": "0a778b5d-ff78-4f6d-8b52-24813b499ae3",
        "Start Frame": 2640,
        "End Frame": 2760,
        "Caption": "#C C holds the tape; #C C presses the cello tape on the poster; #C C puts the tape in the poster; #C C touches the wall with his right index finger; #C C holds the poster in her left hand."
    },
    {
        "Video Name": "0a778b5d-ff78-4f6d-8b52-24813b499ae3",
        "Start Frame": 2760,
        "End Frame": 2880,
        "Caption": "#C C sticks the poster on the wall; #C C holds the poster on the wall with her left hand; #C C removes a cello tape from the wall.; #C C cuts mounting tape; #C C sticks the poster on the wall with a mounting tape"
    },
    {
        "Video Name": "0a778b5d-ff78-4f6d-8b52-24813b499ae3",
        "Start Frame": 2880,
        "End Frame": 3000,
        "Caption": "#C C holds the poster; #C C sticks a cello tape on the poster; #C C places the poster on the wall; #C C presses the cello tape on the poster on the; #c c sticks the cello tape to the paper roll"
    },
    {
        "Video Name": "0a778b5d-ff78-4f6d-8b52-24813b499ae3",
        "Start Frame": 3000,
        "End Frame": 3120,
        "Caption": "#C C walks around the room ; #C C looks around; #C C picks a poster from the floor; #C C walks around the room ; #C C puts the poster on the floor"
    },
    {
        "Video Name": "0a778b5d-ff78-4f6d-8b52-24813b499ae3",
        "Start Frame": 3120,
        "End Frame": 3240,
        "Caption": "#C C walks around; #C C walks around the house; #C C walks around the room; #C C looks around the room; #C C walks around the house"
    },
    {
        "Video Name": "0a778b5d-ff78-4f6d-8b52-24813b499ae3",
        "Start Frame": 3240,
        "End Frame": 3360,
        "Caption": "#C C walks around the room; #C C looks around; #C C walks around the house ; #C C puts the paper on the; #C C looks around"
    },
    {
        "Video Name": "0a778b5d-ff78-4f6d-8b52-24813b499ae3",
        "Start Frame": 3360,
        "End Frame": 3480,
        "Caption": "#C C puts the paper on the; #C C cuts the cello tape; #C C places the poster on the; #C C holds the poster with both; #C C sticks the chat on the"
    },
    {
        "Video Name": "0a778b5d-ff78-4f6d-8b52-24813b499ae3",
        "Start Frame": 3480,
        "End Frame": 3600,
        "Caption": "#C C cuts a cellotape; #C C moves around; #c c pulls tape; #C C looks around; #C C measures the wall with tape"
    },
    {
        "Video Name": "0a778b5d-ff78-4f6d-8b52-24813b499ae3",
        "Start Frame": 3600,
        "End Frame": 3720,
        "Caption": "#C C looks around the room; #C C looks around ; #C C picks the poster; #C C looks around; #C C looks around the house"
    },
    {
        "Video Name": "0a778b5d-ff78-4f6d-8b52-24813b499ae3",
        "Start Frame": 3720,
        "End Frame": 3840,
        "Caption": "#C C walks around the room; #C C looks around ; #C C looks at the poster; #C C picks a wallpaper ; #C C looks around"
    },
    {
        "Video Name": "0a778b5d-ff78-4f6d-8b52-24813b499ae3",
        "Start Frame": 3840,
        "End Frame": 3960,
        "Caption": "#C C looks around; #C C looks around the house; #C C looks around; #C C looks around; #C C looks around"
    },
    {
        "Video Name": "0a778b5d-ff78-4f6d-8b52-24813b499ae3",
        "Start Frame": 3960,
        "End Frame": 4080,
        "Caption": "#C C measures the poster with the measuring tape in her hands; #C C holds the book ; #C C looks around; #C C holds the tape ; #C C looks around."
    },
    {
        "Video Name": "0a778b5d-ff78-4f6d-8b52-24813b499ae3",
        "Start Frame": 4080,
        "End Frame": 4200,
        "Caption": "#C C looks around the room; #C C walks around the house ; #C C puts the poster on the; #C C looks around; #C C moves around the room"
    },
    {
        "Video Name": "0a778b5d-ff78-4f6d-8b52-24813b499ae3",
        "Start Frame": 4200,
        "End Frame": 4320,
        "Caption": "#C C attaches the poster with a cello tape; #C C sticks the poster on the wall; #C C sticks the poster on the wall with the mounting put; #C C sticks the poster on the wall; #C C puts the picture on the wall"
    },
    {
        "Video Name": "0a778b5d-ff78-4f6d-8b52-24813b499ae3",
        "Start Frame": 4320,
        "End Frame": 4440,
        "Caption": "#C C places a poster on the wall; #C C fixes a wall paper on the wall; #C C presses the paper on the wall; #C C cuts a piece of poster tape; #C C hangs the chart on the wall"
    },
    {
        "Video Name": "0a778b5d-ff78-4f6d-8b52-24813b499ae3",
        "Start Frame": 4440,
        "End Frame": 4560,
        "Caption": "#C C walks around; #C C cuts a cellotape ; #C C cuts the sellotape; #C C cuts a sellotape from the; #C C cuts the sellotape"
    },
    {
        "Video Name": "0a778b5d-ff78-4f6d-8b52-24813b499ae3",
        "Start Frame": 4560,
        "End Frame": 4680,
        "Caption": "#C C looks around; #C C measures the poster with the tape; #C C picks a wallpaper ; #C C looks around; #C C looks around"
    },
    {
        "Video Name": "0a778b5d-ff78-4f6d-8b52-24813b499ae3",
        "Start Frame": 4680,
        "End Frame": 4800,
        "Caption": "#C C sticks the poster on the wall with the mounting tape; #C C attaches a sellotape on the wall paper; #C C attaches a sellotape on the wall ; #C C puts the tape on the poster; #C C places the poster on the wall with her right hand"
    },
    {
        "Video Name": "0a778b5d-ff78-4f6d-8b52-24813b499ae3",
        "Start Frame": 4800,
        "End Frame": 4920,
        "Caption": "#C C holds the poster; #C C sticks the poster on the wall; #C C attaches the poster on the wall; #C C sticks a poster on the wall; #C C puts the poster on the wall"
    },
    {
        "Video Name": "0a778b5d-ff78-4f6d-8b52-24813b499ae3",
        "Start Frame": 4920,
        "End Frame": 5040,
        "Caption": "#C C picks a poster; #C C looks around the; #C C walks in the; #c c walks around; #C C looks around "
    },
    {
        "Video Name": "0a778b5d-ff78-4f6d-8b52-24813b499ae3",
        "Start Frame": 5040,
        "End Frame": 5160,
        "Caption": "#C C walks around the house; #C C walks around the house; #C C walks around the room; #C C walks around the house; #C C walks around the house"
    },
    {
        "Video Name": "0a778b5d-ff78-4f6d-8b52-24813b499ae3",
        "Start Frame": 5160,
        "End Frame": 5280,
        "Caption": "#C C walks around the; #C C walks around the; #C C walks on the; #C C looks around; #C C walks around the"
    },
    {
        "Video Name": "0a778b5d-ff78-4f6d-8b52-24813b499ae3",
        "Start Frame": 5280,
        "End Frame": 5400,
        "Caption": "#C C touches the wall paper ; #C C puts the poster on the wall; #C C aligns the wall art paper.; #C C sticks the poster on the wall with the mounting put; #C C walks around "
    }
]