[
    {
        "Video Name": "0ab91694-f054-4293-b01a-e57cbe00574e",
        "Start Frame": 0,
        "End Frame": 120,
        "Caption": "#C C cuts a cellotape ; #C C cuts the masking tape; #C C cuts a piece of cello; #C C cuts a masking tape ; #C C cuts the sellotape"
    },
    {
        "Video Name": "0ab91694-f054-4293-b01a-e57cbe00574e",
        "Start Frame": 120,
        "End Frame": 240,
        "Caption": "#C C removes the paper ; #C C touches a piece of poster tape on a; #C C picks a piece of masking tape; #C C puts the tape on the table; #C C picks a tape "
    },
    {
        "Video Name": "0ab91694-f054-4293-b01a-e57cbe00574e",
        "Start Frame": 240,
        "End Frame": 360,
        "Caption": "#C C looks around the; #C C looks around ; #C C looks around; #C C looks around the; #C C looks around"
    },
    {
        "Video Name": "0ab91694-f054-4293-b01a-e57cbe00574e",
        "Start Frame": 360,
        "End Frame": 480,
        "Caption": "#C C sticks the poster on the wall; #C C holds the poster on the wall; #C C fixes the wall paper on the; #C C holds a poster on the wall; #C C sticks the poster on the wall"
    },
    {
        "Video Name": "0ab91694-f054-4293-b01a-e57cbe00574e",
        "Start Frame": 480,
        "End Frame": 600,
        "Caption": "#C C cuts the sticker ; #C C picks a sellotape; #C C cuts the mounting tape ; #C C looks around ; #C C touches the wall sticker"
    },
    {
        "Video Name": "0ab91694-f054-4293-b01a-e57cbe00574e",
        "Start Frame": 600,
        "End Frame": 720,
        "Caption": "#C C moves around; #C C moves around the room; #C C walks around the room; #C C looks around the room; #C C walks around the room"
    },
    {
        "Video Name": "0ab91694-f054-4293-b01a-e57cbe00574e",
        "Start Frame": 720,
        "End Frame": 840,
        "Caption": "#C C holds the poster with both hands; #C C puts the poster on the wall; #C C holds the wall paper to the; #C C puts the picture on the wall; #C C places the poster on the wall"
    },
    {
        "Video Name": "0ab91694-f054-4293-b01a-e57cbe00574e",
        "Start Frame": 840,
        "End Frame": 960,
        "Caption": "#C C sticks the poster on the wall; #C C sticks a paper on the wall; #C C holds the tape ; #C C puts the tape on the poster; #C C aligns the poster"
    },
    {
        "Video Name": "0ab91694-f054-4293-b01a-e57cbe00574e",
        "Start Frame": 960,
        "End Frame": 1080,
        "Caption": "#C C sticks a picture on the wall; #C C presses the poster; #C C presses the poster ; #C C presses the poster on the wall; #C C places the poster on the wall"
    },
    {
        "Video Name": "0ab91694-f054-4293-b01a-e57cbe00574e",
        "Start Frame": 1080,
        "End Frame": 1200,
        "Caption": "#C C picks a cello tape on a table with his right hand; #C C cuts a piece of cello tape ; #C C holds a cello tape; #C C picks up the sellotape; #C C cuts a piece of masking tape"
    },
    {
        "Video Name": "0ab91694-f054-4293-b01a-e57cbe00574e",
        "Start Frame": 1200,
        "End Frame": 1320,
        "Caption": "#C C puts the poster on the wall; #C C holds the poster; #C C holds the poster in both hands; #C C fixes the poster on the wall; #C C sticks the poster on the wall"
    },
    {
        "Video Name": "0ab91694-f054-4293-b01a-e57cbe00574e",
        "Start Frame": 1320,
        "End Frame": 1440,
        "Caption": "#C C tapes the poster on the wall with the poster tape in his right hand.; #C C puts the masking tape on the poster on the wall; #C C places the piece of poster tape on the poster on the wall with her right hand; #C C fixes the piece of poster tape to the poster with both hands.; #C C cuts the masking tape"
    },
    {
        "Video Name": "0ab91694-f054-4293-b01a-e57cbe00574e",
        "Start Frame": 1440,
        "End Frame": 1560,
        "Caption": "#C C attaches the poster with the cello tape; #C C cuts the tape ; #C C pulls the masking tape; #C C touches the poster on the wall with his left hand; #C C holds the paper with both hands"
    },
    {
        "Video Name": "0ab91694-f054-4293-b01a-e57cbe00574e",
        "Start Frame": 1560,
        "End Frame": 1680,
        "Caption": "#C C walks around the room; #C C walks around; #C C looks around the house; #C C moves around.; #C C looks around the house"
    },
    {
        "Video Name": "0ab91694-f054-4293-b01a-e57cbe00574e",
        "Start Frame": 1680,
        "End Frame": 1800,
        "Caption": "#C C cuts the sellotape; #C C cuts a masking tape; #C C cuts the cellotape; #C C cuts a cellotape; #C C cuts sellotape "
    },
    {
        "Video Name": "0ab91694-f054-4293-b01a-e57cbe00574e",
        "Start Frame": 1800,
        "End Frame": 1920,
        "Caption": "#C C takes tape ; #C C cuts a piece of cello tape; #C C cuts a piece of masking tape from the; #C C picks a masking tape on a table; #C C picks a piece of masking tape"
    },
    {
        "Video Name": "0ab91694-f054-4293-b01a-e57cbe00574e",
        "Start Frame": 1920,
        "End Frame": 2040,
        "Caption": "#C C removes a piece of masking tape from the; #C C places sellotape on the table; #C C pulls tape ; #C C picks up sellotape; #C C picks a sellotape from the table"
    },
    {
        "Video Name": "0ab91694-f054-4293-b01a-e57cbe00574e",
        "Start Frame": 2040,
        "End Frame": 2160,
        "Caption": "#C C picks a sticker ; #C C picks the sellotape from the table; #C C picks up the sellotape ; #C C picks sellotape ; #C C picks a sellotape "
    },
    {
        "Video Name": "0ab91694-f054-4293-b01a-e57cbe00574e",
        "Start Frame": 2160,
        "End Frame": 2280,
        "Caption": "#C C walks around; #C C walks in the room; #C C walks around the house; #C C walks around the house; #C C walks in the house"
    },
    {
        "Video Name": "0ab91694-f054-4293-b01a-e57cbe00574e",
        "Start Frame": 2280,
        "End Frame": 2400,
        "Caption": "#C C picks up the poster; #C C moves around the room; #C C picks the wallpaper ; #C C picks up a wallpaper; #C C walks around the house"
    },
    {
        "Video Name": "0ab91694-f054-4293-b01a-e57cbe00574e",
        "Start Frame": 2400,
        "End Frame": 2520,
        "Caption": "#C C picks up the poster; #C C looks around.; #c c walks around; #C C walks around the house; #C C walks around "
    },
    {
        "Video Name": "0ab91694-f054-4293-b01a-e57cbe00574e",
        "Start Frame": 2520,
        "End Frame": 2640,
        "Caption": "#C C places a poster on the wall with her right hand; #C C looks around; #C C holds a wall paper ; #C C looks around; #C C looks around"
    },
    {
        "Video Name": "0ab91694-f054-4293-b01a-e57cbe00574e",
        "Start Frame": 2640,
        "End Frame": 2760,
        "Caption": "#C C presses the poster ; #C C presses the poster on the wall; #C C places his left hand on the poster.; #C C holds a wall art paper with her left hand; #C C holds a poster "
    },
    {
        "Video Name": "0ab91694-f054-4293-b01a-e57cbe00574e",
        "Start Frame": 2760,
        "End Frame": 2880,
        "Caption": "#C C walks around ; #C C walks around the apartment; #C C walks around the room; #C C walks around the room; #C C walks in the house"
    },
    {
        "Video Name": "0ab91694-f054-4293-b01a-e57cbe00574e",
        "Start Frame": 2880,
        "End Frame": 3000,
        "Caption": "#C C walks in the house; #C C walks around; #C C looks around; #C C walks around the house; #C C looks around"
    },
    {
        "Video Name": "0ab91694-f054-4293-b01a-e57cbe00574e",
        "Start Frame": 3000,
        "End Frame": 3120,
        "Caption": "#C C looks around; #C C moves around.; #C C walks around ; #C C walks around ; #C C walks in the"
    },
    {
        "Video Name": "0ab91694-f054-4293-b01a-e57cbe00574e",
        "Start Frame": 3120,
        "End Frame": 3240,
        "Caption": "#C C puts the paper on the wall; #C C holds the paper on the wall with his right; #C C puts the paper on the wall ; #C C attaches the poster with the tape; #C C places the paper on the wall "
    },
    {
        "Video Name": "0ab91694-f054-4293-b01a-e57cbe00574e",
        "Start Frame": 3240,
        "End Frame": 3360,
        "Caption": "#C C places the masking tape on the wall; #C C attaches a cello tape on the wall with his right hand; #C C presses the paper on the wall ; #C C places his left hand on the wall.; #C C aligns the paper on the wall "
    },
    {
        "Video Name": "0ab91694-f054-4293-b01a-e57cbe00574e",
        "Start Frame": 3360,
        "End Frame": 3480,
        "Caption": "#C C looks around ; #C C walks around ; #C C walks in the house; #C C walks around; #C C looks around "
    },
    {
        "Video Name": "0ab91694-f054-4293-b01a-e57cbe00574e",
        "Start Frame": 3480,
        "End Frame": 3600,
        "Caption": "#C C takes a sellotape on the table; #C C picks a piece of masking tape ; #C C picks up a masking tape from the; #C C picks a sellotape; #C C picks up the tape measure"
    },
    {
        "Video Name": "0ab91694-f054-4293-b01a-e57cbe00574e",
        "Start Frame": 3600,
        "End Frame": 3720,
        "Caption": "#C C attaches the poster on the wall ; #C C walks around ; #C C touches the wall art paper with his left hand; #C C hangs the poster on the wall with both hands; #C C holds the poster on the wall with both hands"
    },
    {
        "Video Name": "0ab91694-f054-4293-b01a-e57cbe00574e",
        "Start Frame": 3720,
        "End Frame": 3840,
        "Caption": "#C C puts the poster on the wall; #C C fixes the wall art paper on the wall; #C C tapes poster on the wall ; #C C removes a poster from the wall; #C C holds the poster with his right hand."
    },
    {
        "Video Name": "0ab91694-f054-4293-b01a-e57cbe00574e",
        "Start Frame": 3840,
        "End Frame": 3960,
        "Caption": "#C C touches the poster on the wall with his right hand; #C C places the poster on the wall; #C C presses the poster against the wall; #C C places poster on the wall ; #C C places the poster on the wall"
    },
    {
        "Video Name": "0ab91694-f054-4293-b01a-e57cbe00574e",
        "Start Frame": 3960,
        "End Frame": 4080,
        "Caption": "#C C walks in the room; #C C walks around; #C C walks around; #C C walks around; #C C walks around."
    },
    {
        "Video Name": "0ab91694-f054-4293-b01a-e57cbe00574e",
        "Start Frame": 4080,
        "End Frame": 4200,
        "Caption": "#C C walks towards a chair; #c c walks in the house; #C C looks around the house; #C C moves around; #C C walks around the apartment"
    },
    {
        "Video Name": "0ab91694-f054-4293-b01a-e57cbe00574e",
        "Start Frame": 4200,
        "End Frame": 4320,
        "Caption": "#C C cuts the cellotape; #C C puts a masking tape on the table; #C C cuts a piece of masking tape; #C C places the sellotape on the table; #C C puts cello tape on a table"
    },
    {
        "Video Name": "0ab91694-f054-4293-b01a-e57cbe00574e",
        "Start Frame": 4320,
        "End Frame": 4440,
        "Caption": "#C C places the piece of masking tape on the lamp stool; #C C pulls a tape ; #C C places the piece of masking tape on the table; #C C adjusts the roll of sellotape on the table with his right hand; #C C picks a piece of masking tape"
    },
    {
        "Video Name": "0ab91694-f054-4293-b01a-e57cbe00574e",
        "Start Frame": 4440,
        "End Frame": 4560,
        "Caption": "#C C walks in the house; #C C walks around the room; #C C walks in the house; #C C walks around the house; #C C walks around the house"
    },
    {
        "Video Name": "0ab91694-f054-4293-b01a-e57cbe00574e",
        "Start Frame": 4560,
        "End Frame": 4680,
        "Caption": "#C C removes the poster from the wall; #C C picks the poster from the table; #C C looks at the picture; #C C holds the poster; #C C picks up the wallpaper from the"
    },
    {
        "Video Name": "0ab91694-f054-4293-b01a-e57cbe00574e",
        "Start Frame": 4680,
        "End Frame": 4800,
        "Caption": "#C C looks around the house; #C C walks towards the flower pot on the cabinet; #C C stares around the house; #C C puts the water jar on the table; #C C looks around the house"
    },
    {
        "Video Name": "0ab91694-f054-4293-b01a-e57cbe00574e",
        "Start Frame": 4800,
        "End Frame": 4920,
        "Caption": "#C C looks around; #C C dialogues with person; #C C looks around ; #C C talks to person Y; #C C looks around"
    },
    {
        "Video Name": "0ab91694-f054-4293-b01a-e57cbe00574e",
        "Start Frame": 4920,
        "End Frame": 5040,
        "Caption": "#C C walks around the house; #C C walks around; #C C looks around the house; #C C walks in the house; #C C walks around the house"
    },
    {
        "Video Name": "0ab91694-f054-4293-b01a-e57cbe00574e",
        "Start Frame": 5040,
        "End Frame": 5160,
        "Caption": "#C C walks around the house; #C C walks around ; #C C walks around; #C C walks around ; #C C walks in the house"
    },
    {
        "Video Name": "0ab91694-f054-4293-b01a-e57cbe00574e",
        "Start Frame": 5160,
        "End Frame": 5280,
        "Caption": "#C C picks a piece of paper; #C C picks a tape ; #c c places the sellotape on the; #C C puts tape measure on the table; #C C places the sellotape on the"
    },
    {
        "Video Name": "0ab91694-f054-4293-b01a-e57cbe00574e",
        "Start Frame": 5280,
        "End Frame": 5400,
        "Caption": "#C C cuts a mounting tape ; #C C picks the wall paper ; #C C cuts the tape; #C C removes the sellotape from the; #C C cuts the sellotape"
    }
]