[
    {
        "Video Name": "0ace488e-5ae8-4d48-8f6a-0ce7b8777c1b",
        "Start Frame": 0,
        "End Frame": 120,
        "Caption": "#C C paints the wall; #C C paints the wall with the paint brush; #C C removes the paint brush from the paint; #C C paints the wall; #C C removes the paint brush from the paint"
    },
    {
        "Video Name": "0ace488e-5ae8-4d48-8f6a-0ce7b8777c1b",
        "Start Frame": 120,
        "End Frame": 240,
        "Caption": "#C C paints the wall; #C C paints the wall; #C C paints the wall with the paint brush; #C C paints the doorpost with a paintbrush.; #C C paints the kitchen wall with the paint brush in his right hand"
    },
    {
        "Video Name": "0ace488e-5ae8-4d48-8f6a-0ce7b8777c1b",
        "Start Frame": 240,
        "End Frame": 360,
        "Caption": "#C C walks towards the door; #C C walks to the other side of the; #C C moves to the other side of the; #C C stands up; #C C lifts up the paint brush"
    },
    {
        "Video Name": "0ace488e-5ae8-4d48-8f6a-0ce7b8777c1b",
        "Start Frame": 360,
        "End Frame": 480,
        "Caption": "#C C turns the roller paint brush; #C C paints the wall with a paint roller; #C C picks up the paint roller from the wall with his left; #C C holds the paint roller with both hands; #C C takes the paint roller from the paint bucket with his left"
    },
    {
        "Video Name": "0ace488e-5ae8-4d48-8f6a-0ce7b8777c1b",
        "Start Frame": 480,
        "End Frame": 600,
        "Caption": "#C C paints the wall; #C C paints the wall; #C  C paints the wall with the roller brush; #C C paints the wall; #C C paints the wall with the paint roller"
    },
    {
        "Video Name": "0ace488e-5ae8-4d48-8f6a-0ce7b8777c1b",
        "Start Frame": 600,
        "End Frame": 720,
        "Caption": "#C C paints the wall with the roller paint; #C C paints the wall with the roller paint; #C C paints the wall with the roller paint; #C C paints the door with the paint roller; #C C paints the wall with a paint roller"
    },
    {
        "Video Name": "0ace488e-5ae8-4d48-8f6a-0ce7b8777c1b",
        "Start Frame": 720,
        "End Frame": 840,
        "Caption": "#C C paints the wall with the paint roller; #C C paints the wall of the room with the paint; #C C paints the wall with the paint roller; #C C paints the wall with the roller paint brush ; #C C paints the wall with the paint roller"
    },
    {
        "Video Name": "0ace488e-5ae8-4d48-8f6a-0ce7b8777c1b",
        "Start Frame": 840,
        "End Frame": 960,
        "Caption": "#C C stops painting; #C C paints the wall with the roller brush; #C C paints the wall with the roller paint brush; #C C paints the wall with the paint roller; #C C paints the wall"
    },
    {
        "Video Name": "0ace488e-5ae8-4d48-8f6a-0ce7b8777c1b",
        "Start Frame": 960,
        "End Frame": 1080,
        "Caption": "#C C paints the baseboard of the wall; #C C paints the door frame; #C C paints the doorframe with the paint; #C C paints the baseboard.; #C C paints the door with the paint roller"
    },
    {
        "Video Name": "0ace488e-5ae8-4d48-8f6a-0ce7b8777c1b",
        "Start Frame": 1080,
        "End Frame": 1200,
        "Caption": "#C C paints the wall with the roller paint; #C C paints the wall with the paint roller; #C C paints the wall with the paint roller; #C C paints the wall with a paint roller; #C C paints the wall"
    },
    {
        "Video Name": "0ace488e-5ae8-4d48-8f6a-0ce7b8777c1b",
        "Start Frame": 1200,
        "End Frame": 1320,
        "Caption": "#C C places the paint roller on the bucket of paint; #C C drops the paint roller in the paint bucket.; #C C puts the paint roller in the paint bucket.; #C C puts the paint roller in the paint bucket ; #C C places the paint roller in the paint container"
    },
    {
        "Video Name": "0ace488e-5ae8-4d48-8f6a-0ce7b8777c1b",
        "Start Frame": 1320,
        "End Frame": 1440,
        "Caption": "#C C picks the paint tin; #C C picks up the paint brush; #C C picks the paint; #C C picks the paint brush from the paint can; #C C picks up the paint brush from the paint can with his right"
    },
    {
        "Video Name": "0ace488e-5ae8-4d48-8f6a-0ce7b8777c1b",
        "Start Frame": 1440,
        "End Frame": 1560,
        "Caption": "#C C paints the wall with the paint brush; #C C paints the ceiling with the paint brush; #C C paints the wall.; #C C paints the wall.; #C C paints the wall"
    },
    {
        "Video Name": "0ace488e-5ae8-4d48-8f6a-0ce7b8777c1b",
        "Start Frame": 1560,
        "End Frame": 1680,
        "Caption": "#C C paints the wall with a paint; #C C paints the wall; #C C paints the wall; #C C paints the wall; #C C paints the ceiling corner of the"
    },
    {
        "Video Name": "0ace488e-5ae8-4d48-8f6a-0ce7b8777c1b",
        "Start Frame": 1680,
        "End Frame": 1800,
        "Caption": "#C C paints the wall; #C C paints the wall; #C C paints the wall with the paint brush; #C C paints the wall; #C C paints the wall with the paint brush"
    },
    {
        "Video Name": "0ace488e-5ae8-4d48-8f6a-0ce7b8777c1b",
        "Start Frame": 1800,
        "End Frame": 1920,
        "Caption": "#C C walks around the house; #C C walks around the room; #C C walks back to the kitchen; #C C walks to the other side of the; #C C walks back to the other room."
    },
    {
        "Video Name": "0ace488e-5ae8-4d48-8f6a-0ce7b8777c1b",
        "Start Frame": 1920,
        "End Frame": 2040,
        "Caption": "#C C walks towards the door; #C C walks towards the paint bucket; #C C walks towards the door; #C C walks to the other side of the; #C C walks to the paint bucket"
    },
    {
        "Video Name": "0ace488e-5ae8-4d48-8f6a-0ce7b8777c1b",
        "Start Frame": 2040,
        "End Frame": 2160,
        "Caption": "#C C walks out of the room; #C C walks out of the bathroom; #C C walks into the room; #C C walks into the room.; #C C walks out of the room"
    },
    {
        "Video Name": "0ace488e-5ae8-4d48-8f6a-0ce7b8777c1b",
        "Start Frame": 2160,
        "End Frame": 2280,
        "Caption": "#C C walks out of the room; #C C walks in the room; #C C walks towards another room; #C C walks out of the room; #C C walks in the room "
    },
    {
        "Video Name": "0ace488e-5ae8-4d48-8f6a-0ce7b8777c1b",
        "Start Frame": 2280,
        "End Frame": 2400,
        "Caption": "#C C drops the bucket on the floor.; #C C walks back to the entrance of the room; #C C drops the paint bucket on the floor.; #C C walks to the other side of the room; #C C walks around the room"
    },
    {
        "Video Name": "0ace488e-5ae8-4d48-8f6a-0ce7b8777c1b",
        "Start Frame": 2400,
        "End Frame": 2520,
        "Caption": "#C C carries the paint bucket with his left hand.; #C C takes the paint bucket with his left hand.; #C C picks the paint bucket from the floor with his left; #C C carries the paint bucket with his left hand; #C C picks up the paint bucket"
    },
    {
        "Video Name": "0ace488e-5ae8-4d48-8f6a-0ce7b8777c1b",
        "Start Frame": 2520,
        "End Frame": 2640,
        "Caption": "#C C pours water in the paint bucket; #C C rinses the paint bucket; #C C presses the bucket with the paint bucket sprayer; #C C pours the paint in the paint bucket ; #C C cleans the paint bucket with the foam"
    },
    {
        "Video Name": "0ace488e-5ae8-4d48-8f6a-0ce7b8777c1b",
        "Start Frame": 2640,
        "End Frame": 2760,
        "Caption": "#C C drops the brush in his right hand on the bucket of paint; #C C puts the bucket on the floor; #C C puts the paint bucket on the floor; #C C drops the bucket of paint on the floor; #C C drops the paint bucket on the floor"
    },
    {
        "Video Name": "0ace488e-5ae8-4d48-8f6a-0ce7b8777c1b",
        "Start Frame": 2760,
        "End Frame": 2880,
        "Caption": "#C C wipes the bristles of the paint brush on the edge of the paint container on the floor; #C C wipes the paint brush on the paint can; #C C wipes the paint brush on the paint bucket's brim.; #C C wipes the paint brush on the paint bucket's brim; #C C cleans the paint brush with the top of the bucket of paint."
    },
    {
        "Video Name": "0ace488e-5ae8-4d48-8f6a-0ce7b8777c1b",
        "Start Frame": 2880,
        "End Frame": 3000,
        "Caption": "#C C picks up a brush from the floor with his left hand; #C C stands up; #C C drops the paint brush on a paint can on the floor; #C C drops the paint brush in a bucket on the floor.; #C C puts the paint brush on the paint container"
    },
    {
        "Video Name": "0ace488e-5ae8-4d48-8f6a-0ce7b8777c1b",
        "Start Frame": 3000,
        "End Frame": 3120,
        "Caption": "#C C walks in the room; #C C looks around; #C C walks to the door; #C C walks to the door; #C C walks in the room"
    },
    {
        "Video Name": "0ace488e-5ae8-4d48-8f6a-0ce7b8777c1b",
        "Start Frame": 3120,
        "End Frame": 3240,
        "Caption": "#C C picks up a rag on the floor with his right hand.; #C C picks up the wallpaper from the floor ; #C C picks a cloth on the floor; #C C picks a cloth on the floor with his right hand; #C C moves a cloth on the floor with his right hand"
    },
    {
        "Video Name": "0ace488e-5ae8-4d48-8f6a-0ce7b8777c1b",
        "Start Frame": 3240,
        "End Frame": 3360,
        "Caption": "#C C adjusts the cloth on the floor with both hands; #C C adjusts the material with his hands; #C C touches the piece of cloth with his left hand; #C C puts his right hand on the rag.; #C C adjusts the cloth on the floor with both hands"
    },
    {
        "Video Name": "0ace488e-5ae8-4d48-8f6a-0ce7b8777c1b",
        "Start Frame": 3360,
        "End Frame": 3480,
        "Caption": "#C C walks towards the door; #C C walks to another room; #C C walks out of the; #C C walks around the house; #C C walks to another room"
    },
    {
        "Video Name": "0ace488e-5ae8-4d48-8f6a-0ce7b8777c1b",
        "Start Frame": 3480,
        "End Frame": 3600,
        "Caption": "#C C walks around the room; #C C walks forward; #C C walks in the room; #C C walks into a room; #C C walks around the room"
    },
    {
        "Video Name": "0ace488e-5ae8-4d48-8f6a-0ce7b8777c1b",
        "Start Frame": 3600,
        "End Frame": 3720,
        "Caption": "#C C walks in the room; #C C looks at the wash; #C C looks around ; #C C walks in the room; #C C walks around the house"
    },
    {
        "Video Name": "0ace488e-5ae8-4d48-8f6a-0ce7b8777c1b",
        "Start Frame": 3720,
        "End Frame": 3840,
        "Caption": "#C C stands in the room ; #C C adjusts the socket; #C C touches the wall switch with his left hand.; #C C picks a floor brush from the ground with his left hand; #C C bends towards the vacuum cleaner"
    },
    {
        "Video Name": "0ace488e-5ae8-4d48-8f6a-0ce7b8777c1b",
        "Start Frame": 3840,
        "End Frame": 3960,
        "Caption": "#C C puts the jigsaw machine on the floor ; #C C bends down; #C C turns on the machine; #C C touches a button on the floor with his right; #C C drops the cable on the floor"
    },
    {
        "Video Name": "0ace488e-5ae8-4d48-8f6a-0ce7b8777c1b",
        "Start Frame": 3960,
        "End Frame": 4080,
        "Caption": "#C C operates a phone; #C C checks the phone; #C C operates his phone; #C C presses a phone; #C C operates his phone"
    },
    {
        "Video Name": "0ace488e-5ae8-4d48-8f6a-0ce7b8777c1b",
        "Start Frame": 4080,
        "End Frame": 4200,
        "Caption": "#C C presses the phone ; #C C operates the phone with his right; #C C operates the phone; #C C presses the phone with his hands; #C C operates the phone"
    },
    {
        "Video Name": "0ace488e-5ae8-4d48-8f6a-0ce7b8777c1b",
        "Start Frame": 4200,
        "End Frame": 4320,
        "Caption": "#C C operates the phone; #C C operates his phone; #C C operates the phone; #C C dials the; #C C operates the phone"
    },
    {
        "Video Name": "0ace488e-5ae8-4d48-8f6a-0ce7b8777c1b",
        "Start Frame": 4320,
        "End Frame": 4440,
        "Caption": "#C C operates the phone with his left hand; #C C operates the phone with both hands; #C C operates the phone with his right hand; #C C operates the phone with both hands; #C C walks towards the door"
    },
    {
        "Video Name": "0ace488e-5ae8-4d48-8f6a-0ce7b8777c1b",
        "Start Frame": 4440,
        "End Frame": 4560,
        "Caption": "#C C operates the phone; #C C presses the button on the electric device with his right; #C C presses the button on the phone; #C C presses the button on the generator; #C C presses the power button on the generator."
    },
    {
        "Video Name": "0ace488e-5ae8-4d48-8f6a-0ce7b8777c1b",
        "Start Frame": 4560,
        "End Frame": 4680,
        "Caption": "#C C raises his right; #C C adjusts the camera; #C C turns to the; #C C raises his right; #C C turns right"
    },
    {
        "Video Name": "0ace488e-5ae8-4d48-8f6a-0ce7b8777c1b",
        "Start Frame": 4680,
        "End Frame": 4800,
        "Caption": "#C C walks around the house; #C C drops the container in the sink; #C C walks to the sink; #C C walks to the sink; #C C drops the container on the sink with his left"
    },
    {
        "Video Name": "0ace488e-5ae8-4d48-8f6a-0ce7b8777c1b",
        "Start Frame": 4800,
        "End Frame": 4920,
        "Caption": "#C C looks around ; #C C looks around the room; #C C turns to the left; #C C turns around; #C C stands in the room"
    },
    {
        "Video Name": "0ace488e-5ae8-4d48-8f6a-0ce7b8777c1b",
        "Start Frame": 4920,
        "End Frame": 5040,
        "Caption": "#C C walks around the room; #C C walks into another room; #C C walks into the room; #C C walks out of the; #C C walks to a door"
    },
    {
        "Video Name": "0ace488e-5ae8-4d48-8f6a-0ce7b8777c1b",
        "Start Frame": 5040,
        "End Frame": 5160,
        "Caption": "#C C stares at the door; #C C walks to a room.; #C C touches his right thigh with his left; #C C walks around the room; #C C walks into a room"
    },
    {
        "Video Name": "0ace488e-5ae8-4d48-8f6a-0ce7b8777c1b",
        "Start Frame": 5160,
        "End Frame": 5280,
        "Caption": "#C C opens the sink ; #C C moves the wash basin; #C C picks the sink from the floor with both hands; #C C carries the basin ; #C C picks up the sink"
    },
    {
        "Video Name": "0ace488e-5ae8-4d48-8f6a-0ce7b8777c1b",
        "Start Frame": 5280,
        "End Frame": 5400,
        "Caption": "#C C holds the basin with both hands; #C C turns on the shower; #C C pulls the sponge holder; #C C takes a shower head; #C C puts the basin in the bathtub"
    }
]