[
    {
        "Video Name": "0ad8d4fa-9670-4138-87b2-00fdbac23fa5",
        "Start Frame": 0,
        "End Frame": 120,
        "Caption": "#C C looks around; #C C looks at the motorbike; #C C removes the motorcycle's battery with his right gloved hand; #C C holds the motorcycle's chain with his left gloved hand; #C C looks at the motorcycle"
    },
    {
        "Video Name": "0ad8d4fa-9670-4138-87b2-00fdbac23fa5",
        "Start Frame": 120,
        "End Frame": 240,
        "Caption": "#C C removes the clip on the brake; #C C fixes the screws with his hand; #C C adjusts the break light on the; #C C fits the screw to the motorcycle; #C C touches the air filter"
    },
    {
        "Video Name": "0ad8d4fa-9670-4138-87b2-00fdbac23fa5",
        "Start Frame": 240,
        "End Frame": 360,
        "Caption": "#C C puts down the lid ; #C C adjusts the wheel; #C C picks a hub cap with his right hand; #C C drops the brake oil bottle; #C C picks up the carburetor from the floor with his right"
    },
    {
        "Video Name": "0ad8d4fa-9670-4138-87b2-00fdbac23fa5",
        "Start Frame": 360,
        "End Frame": 480,
        "Caption": "#C C picks up the motorcycle part from the; #C C picks up the brake pads; #C C puts the piece of metal down; #C C drops the brake pad on the floor; #C C drops the brake pads"
    },
    {
        "Video Name": "0ad8d4fa-9670-4138-87b2-00fdbac23fa5",
        "Start Frame": 480,
        "End Frame": 600,
        "Caption": "#C C drops the plier on the; #C C picks the plier on the; #C C drops the plier on the; #C C puts pliers down; #C C puts the pliers on the"
    },
    {
        "Video Name": "0ad8d4fa-9670-4138-87b2-00fdbac23fa5",
        "Start Frame": 600,
        "End Frame": 720,
        "Caption": "#C C fixes the brake drum with a spanner; #C C picks a plier from the motorcycle with his right gloved; #C C tightens the bolt with the pliers; #C C holds the valve stem pliers; #C C holds the brake shoe with his left gloved hand."
    },
    {
        "Video Name": "0ad8d4fa-9670-4138-87b2-00fdbac23fa5",
        "Start Frame": 720,
        "End Frame": 840,
        "Caption": "#C C opens the screw with the spanner; #C C touches the screw ; #C C holds the motorcycle's mud guard with his left; #C C opens the bolt with the pliers; #C C pulls out the bike's chain"
    },
    {
        "Video Name": "0ad8d4fa-9670-4138-87b2-00fdbac23fa5",
        "Start Frame": 840,
        "End Frame": 960,
        "Caption": "#C C adjusts the brake caliper on the motorcycle; #C C fixes the brake drum of the motorcycle; #C C unscrews the bolt with the pl; #C C fixes the brake drum with the pliers; #C C places the spanner on the motorcycle chain"
    },
    {
        "Video Name": "0ad8d4fa-9670-4138-87b2-00fdbac23fa5",
        "Start Frame": 960,
        "End Frame": 1080,
        "Caption": "#C C drops the plier on the floor; #C C holds the pliers with his left; #C C holds the pliers with the right; #C C drops the plier on the floor; #C C drops the plier on the ground"
    },
    {
        "Video Name": "0ad8d4fa-9670-4138-87b2-00fdbac23fa5",
        "Start Frame": 1080,
        "End Frame": 1200,
        "Caption": "#C C holds the motorcycle sprocket with his right gloved; #C C puts the pliers on the motorbike ; #C C holds the pliers with his right hand; #C C loosens the screw with the plier; #C C fixes the brake drum"
    },
    {
        "Video Name": "0ad8d4fa-9670-4138-87b2-00fdbac23fa5",
        "Start Frame": 1200,
        "End Frame": 1320,
        "Caption": "#C C holds the motorcycle's front mudguard with his left; #C C holds the pliers; #C C drops the pliers ; #C C puts the pliers down; #C C drops the plier on the floor"
    },
    {
        "Video Name": "0ad8d4fa-9670-4138-87b2-00fdbac23fa5",
        "Start Frame": 1320,
        "End Frame": 1440,
        "Caption": "#C C cleans the brake shoe of the motorcycle with the tissue paper in his right hand; #C C cleans the motorcycle's mudguard with the cloth in his right hand; #C C wipes the scooter's brake cable with the tissue paper; #C C cleans the motorcycle's mudguard with the tissue in his right gloved hand; #C C wipes the motorbike"
    },
    {
        "Video Name": "0ad8d4fa-9670-4138-87b2-00fdbac23fa5",
        "Start Frame": 1440,
        "End Frame": 1560,
        "Caption": "#C C wipes the motorcycle's disc brake with the tissue in his right gloved hand; #C C wipes the brake caliper with the tissue; #C C wipes the motorcycle's brake caliper with the tissue in his right hand.; #C C cleans the motorcycle chassis with the tissue in his right hand; #C C cleans the motorcycle sprocket with the tissue in his right hand."
    },
    {
        "Video Name": "0ad8d4fa-9670-4138-87b2-00fdbac23fa5",
        "Start Frame": 1560,
        "End Frame": 1680,
        "Caption": "#C C cleans the motorcycle's front cover with the tissue in his left hand; #C C holds the brake drum of the motorcycle with his left gloved hand.; #C C passes the brake pad from his right gloved hand to his left gloved hand; #C C drops the wheel on the floor; #C C turns the motorcycle's front brake drum"
    },
    {
        "Video Name": "0ad8d4fa-9670-4138-87b2-00fdbac23fa5",
        "Start Frame": 1680,
        "End Frame": 1800,
        "Caption": "#C C cleans the motorcycle sprocket with the tissue in his right gloved hand; #C C cleans the motorcycle with the tissue in his right gloved hand.; #C C wipes the motorcycle; #C C cleans the motorcycle with the cloth; #C C wipes the oil"
    },
    {
        "Video Name": "0ad8d4fa-9670-4138-87b2-00fdbac23fa5",
        "Start Frame": 1800,
        "End Frame": 1920,
        "Caption": "#C C wipes the motorbike; #C C wipes the screw with the piece of cloth; #C C wipes the brake caliper with the tissue paper; #C C wipes the brake drum of the motorcycle with the tissue in his right hand; #C C wipes the oil from the motorbike"
    },
    {
        "Video Name": "0ad8d4fa-9670-4138-87b2-00fdbac23fa5",
        "Start Frame": 1920,
        "End Frame": 2040,
        "Caption": "#C C wipes the motorcycle chassis; #C C cleans the motorcycle with the paper; #C C cleans the motorcycle with the napkin in his right gloved hand; #C C wipes the motorbike; #C C wipes the brake caliper"
    },
    {
        "Video Name": "0ad8d4fa-9670-4138-87b2-00fdbac23fa5",
        "Start Frame": 2040,
        "End Frame": 2160,
        "Caption": "#C C wipes the brake drum of the motor; #C C wipes the brake drum with the tissue; #C C wipes the motorbike spare part; #C C wipes the brake pad; #C C wipes the brake drum of the motor"
    },
    {
        "Video Name": "0ad8d4fa-9670-4138-87b2-00fdbac23fa5",
        "Start Frame": 2160,
        "End Frame": 2280,
        "Caption": "#C C wipes the brake drum with the cloth; #C C wipes the brake disc ; #C C wipes the brake drum of the motor; #C C wipes the motorbike stand; #C C wipes the brake caliper "
    },
    {
        "Video Name": "0ad8d4fa-9670-4138-87b2-00fdbac23fa5",
        "Start Frame": 2280,
        "End Frame": 2400,
        "Caption": "#C C wipes the front brake; #C C holds the valve cap with his left gloved hand.; #C C wipes the brake drum of the motorbike; #C C holds the lubricant; #C C cleans the motorcycle's brake caliper with the paper in his right"
    },
    {
        "Video Name": "0ad8d4fa-9670-4138-87b2-00fdbac23fa5",
        "Start Frame": 2400,
        "End Frame": 2520,
        "Caption": "#C C adjusts the brake fluid pump; #C C fixes the brake drum of the motor; #C C holds the brake pad; #C C opens the brake pad ; #C C removes the brake pad from the brake"
    },
    {
        "Video Name": "0ad8d4fa-9670-4138-87b2-00fdbac23fa5",
        "Start Frame": 2520,
        "End Frame": 2640,
        "Caption": "#C C puts the brake pad on the floor; #C C removes the brake pad from the brake cal; #C C puts the brake pad on the floor; #C C places the hose on the floor; #C C holds the brake pad"
    },
    {
        "Video Name": "0ad8d4fa-9670-4138-87b2-00fdbac23fa5",
        "Start Frame": 2640,
        "End Frame": 2760,
        "Caption": "#C C picks a bolt; #C C picks the pliers ; #C C picks a carburetor from the; #C C picks a screw driver from the floor; #C C picks up the screwdriver"
    },
    {
        "Video Name": "0ad8d4fa-9670-4138-87b2-00fdbac23fa5",
        "Start Frame": 2760,
        "End Frame": 2880,
        "Caption": "#C C lifts the brake pad; #C C removes the screws from the motorcycle engine filter with his right; #C C holds the brake pad ; #C C removes a brake pad from the brake disc ; #C C fixes the brake drum on the motorcycle"
    },
    {
        "Video Name": "0ad8d4fa-9670-4138-87b2-00fdbac23fa5",
        "Start Frame": 2880,
        "End Frame": 3000,
        "Caption": "#C C drops the brake pads on the; #C C drops the nuts on the floor; #C C picks up the brake pad; #C C puts the bolt on the floor; #C C puts the nut on the floor"
    },
    {
        "Video Name": "0ad8d4fa-9670-4138-87b2-00fdbac23fa5",
        "Start Frame": 3000,
        "End Frame": 3120,
        "Caption": "#C C drops the screw on the ground; #C C puts the screw driver on the; #C C drops the nut on the floor; #C C picks up the bolt; #C C picks the bolt from the ground"
    },
    {
        "Video Name": "0ad8d4fa-9670-4138-87b2-00fdbac23fa5",
        "Start Frame": 3120,
        "End Frame": 3240,
        "Caption": "#C C cleans the  first screwdriver on a tissue; #C C takes a paper from the pocket; #C C picks up the paper from the ground; #C C takes the screw driver; #C C takes the tissue"
    },
    {
        "Video Name": "0ad8d4fa-9670-4138-87b2-00fdbac23fa5",
        "Start Frame": 3240,
        "End Frame": 3360,
        "Caption": "#C C removes the bolt from the brake caliper with his right gloved hand; #C C removes the bolt; #C C removes the bolts from the brake drum; #C C inserts the bolt in the brake pad; #C C fixes the nuts on the wheel"
    },
    {
        "Video Name": "0ad8d4fa-9670-4138-87b2-00fdbac23fa5",
        "Start Frame": 3360,
        "End Frame": 3480,
        "Caption": "#C C puts the screw on the ground; #C C places the brake shoe on the; #C C puts the brake pad on the; #C C drops the brake pad on the; #C C drops the screw on the floor"
    },
    {
        "Video Name": "0ad8d4fa-9670-4138-87b2-00fdbac23fa5",
        "Start Frame": 3480,
        "End Frame": 3600,
        "Caption": "#C C picks a bolt from the floor; #C C picks the nut from the floor; #C C puts the bolts down; #C C picks a bolt from the floor; #C C picks a bolt"
    },
    {
        "Video Name": "0ad8d4fa-9670-4138-87b2-00fdbac23fa5",
        "Start Frame": 3600,
        "End Frame": 3720,
        "Caption": "#C C removes the bolt with his hands; #C C removes the bolts from the ; #C C adjusts the bolt on the motor; #C C removes the screws with his hands; #C C fixes the bolts with both hands"
    },
    {
        "Video Name": "0ad8d4fa-9670-4138-87b2-00fdbac23fa5",
        "Start Frame": 3720,
        "End Frame": 3840,
        "Caption": "#C C touches the motorcycle ; #C C opens the gas tank; #C C presses the ignition button with his left; #C C touches the motorcycle's chain; #C C pulls the ignition key from the motorcycle"
    },
    {
        "Video Name": "0ad8d4fa-9670-4138-87b2-00fdbac23fa5",
        "Start Frame": 3840,
        "End Frame": 3960,
        "Caption": "#C C drops the nuts on the floor ; #C C removes the bolt from the front mudguard with his right hand; #C C picks up a screw from the floor; #C C picks a bolt from the ground; #C C drops the bolt on the ground with his left gloved hand"
    },
    {
        "Video Name": "0ad8d4fa-9670-4138-87b2-00fdbac23fa5",
        "Start Frame": 3960,
        "End Frame": 4080,
        "Caption": "#C C removes the bolt from the motorcycle; #C C removes the bolt from the brake drum of the motor; #C C loosens the nut with the screw driver; #C C removes the screw from the wheel with his left hand; #C C drops the screw on the floor"
    },
    {
        "Video Name": "0ad8d4fa-9670-4138-87b2-00fdbac23fa5",
        "Start Frame": 4080,
        "End Frame": 4200,
        "Caption": "#C C removes the bolt from the brake drum; #C C loosens the bolt; #C C puts the nut on the bolt; #C C loosens the bolt on the brake drum of the; #C C untightens the bolt"
    },
    {
        "Video Name": "0ad8d4fa-9670-4138-87b2-00fdbac23fa5",
        "Start Frame": 4200,
        "End Frame": 4320,
        "Caption": "#C C unscrews the bolt from the motorcycle with his right gloved hand; #C C holds the bolt; #C C removes a bolt on the brake drum of the motorcycle; #C C holds the spanner with both his hands; #C C opens the bolt with the spanner"
    },
    {
        "Video Name": "0ad8d4fa-9670-4138-87b2-00fdbac23fa5",
        "Start Frame": 4320,
        "End Frame": 4440,
        "Caption": "#C C drops the screwdriver on the; #C C drops the spanner on the; #C C drops the nut on the ground; #C C drops the bolt on the floor; #C C puts the spanner down"
    },
    {
        "Video Name": "0ad8d4fa-9670-4138-87b2-00fdbac23fa5",
        "Start Frame": 4440,
        "End Frame": 4560,
        "Caption": "#C C pours the oil from the bottle; #C C pours the liquid in the bottle on the cloth; #C C pours some liquid from the bottle on the tissue paper in his left hand; #C C pours a liquid on the tissue; #C C pours some liquid from the bottle on the cloth in his left hand"
    },
    {
        "Video Name": "0ad8d4fa-9670-4138-87b2-00fdbac23fa5",
        "Start Frame": 4560,
        "End Frame": 4680,
        "Caption": "#C C sprays the can of spray on the front mud guard with his left hand; #C C puts the bottle in the floor; #C C drops the tissue paper on the floor; #C C drops the bottle on the floor; #C C picks the tissue paper"
    },
    {
        "Video Name": "0ad8d4fa-9670-4138-87b2-00fdbac23fa5",
        "Start Frame": 4680,
        "End Frame": 4800,
        "Caption": "#C C cleans the rim of the scooter with the wipe in his right hand; #C C cleans the motorcycle with the cloth in his right hand; #C C wipes the oil tank; #C C wipes the motorbike; #C C wipes the scooter's brake disc with the cloth"
    },
    {
        "Video Name": "0ad8d4fa-9670-4138-87b2-00fdbac23fa5",
        "Start Frame": 4800,
        "End Frame": 4920,
        "Caption": "#C C drops the tissue paper in his right hand on the; #C C puts the paper down; #C C drops the tissue paper in his right hand on the; #C C drops the tissue on the floor; #C C drops the nylon on the ground"
    },
    {
        "Video Name": "0ad8d4fa-9670-4138-87b2-00fdbac23fa5",
        "Start Frame": 4920,
        "End Frame": 5040,
        "Caption": "#C C picks up the tissue from the ground with his left hand; #C C picks up a paper; #C C picks a screw from the ground with his gloved left hand; #C C picks up the paper from the ground; #C C picks a paper from the ground with his left hand"
    },
    {
        "Video Name": "0ad8d4fa-9670-4138-87b2-00fdbac23fa5",
        "Start Frame": 5040,
        "End Frame": 5160,
        "Caption": "#C C picks a paper from the floor; #C C picks up a bolt; #C C picks the pieces of paper with his left; #C C picks up the paper; #C C picks up the piece of paper"
    },
    {
        "Video Name": "0ad8d4fa-9670-4138-87b2-00fdbac23fa5",
        "Start Frame": 5160,
        "End Frame": 5280,
        "Caption": "#C C removes the bolt; #C C removes a nut from the bolt with the span; #C C unfastens the bolt; #C C unscrews the bolt with his right hand; #C C removes the bolt from the wheel with his right"
    },
    {
        "Video Name": "0ad8d4fa-9670-4138-87b2-00fdbac23fa5",
        "Start Frame": 5280,
        "End Frame": 5400,
        "Caption": "#C C holds the screw driver ; #C C loosens the bolt with the T Hex; #C C picks up the bolt; #C C picks up the bolt; #C C picks the bolt"
    }
]