[
    {
        "Video Name": "0ae9d2aa-d9d3-4617-bef3-0016872b49cc",
        "Start Frame": 0,
        "End Frame": 120,
        "Caption": "#C C washes the; #C C picks the brush; #C C takes a knife; #C C picks up the; #C C takes a knife"
    },
    {
        "Video Name": "0ae9d2aa-d9d3-4617-bef3-0016872b49cc",
        "Start Frame": 120,
        "End Frame": 240,
        "Caption": "#C C scrubs the knife; #C C cleans the knife; #C C washes the knife; #C C washes the knife; #C C washes the knife"
    },
    {
        "Video Name": "0ae9d2aa-d9d3-4617-bef3-0016872b49cc",
        "Start Frame": 240,
        "End Frame": 360,
        "Caption": "#C C rinses the; #C C washes the knife; #C C washes the knife; #C C rinses the; #C C washes the knife"
    },
    {
        "Video Name": "0ae9d2aa-d9d3-4617-bef3-0016872b49cc",
        "Start Frame": 360,
        "End Frame": 480,
        "Caption": "#C C washes the container; #C C washes the lid; #C C picks the sponge; #C C pours the water from the bowl; #C C pours water in the sink "
    },
    {
        "Video Name": "0ae9d2aa-d9d3-4617-bef3-0016872b49cc",
        "Start Frame": 480,
        "End Frame": 600,
        "Caption": "#C C puts the paper on the sink; #C C puts the scouring pad on the sink; #C C drops the sponge; #C C throws the sponge on the sink; #C C places the container in the sink"
    },
    {
        "Video Name": "0ae9d2aa-d9d3-4617-bef3-0016872b49cc",
        "Start Frame": 600,
        "End Frame": 720,
        "Caption": "#C C picks the plastic container; #C C puts the polythene bag on the; #C C picks the polythene paper ; #C C takes the trash bag ; #C C puts the papers in the sink"
    },
    {
        "Video Name": "0ae9d2aa-d9d3-4617-bef3-0016872b49cc",
        "Start Frame": 720,
        "End Frame": 840,
        "Caption": "#C C shakes the plastic container; #C C pours water from the dish; #C C pours the water on the; #C C pours the water in the; #C C pours water from the bowl"
    },
    {
        "Video Name": "0ae9d2aa-d9d3-4617-bef3-0016872b49cc",
        "Start Frame": 840,
        "End Frame": 960,
        "Caption": "#C C pours water from the container; #C C washes the dish; #C C rinses the bowl; #C C opens the tap; #C C rinses the plastic container"
    },
    {
        "Video Name": "0ae9d2aa-d9d3-4617-bef3-0016872b49cc",
        "Start Frame": 960,
        "End Frame": 1080,
        "Caption": "#C C rinses the; #C C washes the bowl; #C C cleans the plastic container; #C C washes the bowl; #C C rinses the"
    },
    {
        "Video Name": "0ae9d2aa-d9d3-4617-bef3-0016872b49cc",
        "Start Frame": 1080,
        "End Frame": 1200,
        "Caption": "#C C washes the container; #C C washes the container; #C C washes the container; #C C washes the container; #C C washes the container"
    },
    {
        "Video Name": "0ae9d2aa-d9d3-4617-bef3-0016872b49cc",
        "Start Frame": 1200,
        "End Frame": 1320,
        "Caption": "#C C picks up the brush; #C C washes the tin; #C C washes the sink; #C C rinses the plastic; #C C washes the container"
    },
    {
        "Video Name": "0ae9d2aa-d9d3-4617-bef3-0016872b49cc",
        "Start Frame": 1320,
        "End Frame": 1440,
        "Caption": "#C C picks up the s; #C C picks a scrubber; #C C picks the sponge; #C C takes a brush; #C C takes the brush"
    },
    {
        "Video Name": "0ae9d2aa-d9d3-4617-bef3-0016872b49cc",
        "Start Frame": 1440,
        "End Frame": 1560,
        "Caption": "#C C picks the gloves; #C C washes the; #C C picks the glove; #C C removes the glove; #C C puts on the"
    },
    {
        "Video Name": "0ae9d2aa-d9d3-4617-bef3-0016872b49cc",
        "Start Frame": 1560,
        "End Frame": 1680,
        "Caption": "#C C picks up the; #C C takes the cooking; #C C picks up the; #C C picks a sponge; #C C picks the sponge"
    },
    {
        "Video Name": "0ae9d2aa-d9d3-4617-bef3-0016872b49cc",
        "Start Frame": 1680,
        "End Frame": 1800,
        "Caption": "#C C pours water from the; #C C cleans the bowl ; #C C rinses the tray; #C C rinses the bowl; #C C rinses the bowl"
    },
    {
        "Video Name": "0ae9d2aa-d9d3-4617-bef3-0016872b49cc",
        "Start Frame": 1800,
        "End Frame": 1920,
        "Caption": "#C C cleans the cooking pot ; #C C cleans the bowl; #C C cleans the sink with a sponge; #C C cleans the sink; #C C scrubs the sink with the"
    },
    {
        "Video Name": "0ae9d2aa-d9d3-4617-bef3-0016872b49cc",
        "Start Frame": 1920,
        "End Frame": 2040,
        "Caption": "#C C rinses the bowl; #C C washes the bowl with the; #C C cleans the paint stirrer; #C C cleans the tray; #C C cleans the tray"
    },
    {
        "Video Name": "0ae9d2aa-d9d3-4617-bef3-0016872b49cc",
        "Start Frame": 2040,
        "End Frame": 2160,
        "Caption": "#C C scrubs the sink ; #C C scrubs the sink; #C C cleans the sink; #C C puts the sponge on the sink; #C C washes the sink"
    },
    {
        "Video Name": "0ae9d2aa-d9d3-4617-bef3-0016872b49cc",
        "Start Frame": 2160,
        "End Frame": 2280,
        "Caption": "#C C washes the sink; #C C picks up the sponge; #C C cleans the sink with a; #C C washes the sink; #C C washes the sink"
    },
    {
        "Video Name": "0ae9d2aa-d9d3-4617-bef3-0016872b49cc",
        "Start Frame": 2280,
        "End Frame": 2400,
        "Caption": "#C C washes the sink ; #C C puts the brush in the sink; #C C pours the water; #C C washes the sink ; #C C takes a brush from the sink"
    },
    {
        "Video Name": "0ae9d2aa-d9d3-4617-bef3-0016872b49cc",
        "Start Frame": 2400,
        "End Frame": 2520,
        "Caption": "#C C places the steel wool on the sink; #C C drops the sponge on the sink; #C C picks up the scrubbing brush; #C C rinses the sieve; #C C picks the sponge"
    },
    {
        "Video Name": "0ae9d2aa-d9d3-4617-bef3-0016872b49cc",
        "Start Frame": 2520,
        "End Frame": 2640,
        "Caption": "#C C takes the; #C C opens the; #C C opens the; #C C opens the; #C C takes a"
    },
    {
        "Video Name": "0ae9d2aa-d9d3-4617-bef3-0016872b49cc",
        "Start Frame": 2640,
        "End Frame": 2760,
        "Caption": "#C C washes the; #C C washes the; #C C washes the; #C C  cleans the; #C C washes the"
    },
    {
        "Video Name": "0ae9d2aa-d9d3-4617-bef3-0016872b49cc",
        "Start Frame": 2760,
        "End Frame": 2880,
        "Caption": "#C C cleans the bowl; #C C scrubs the bowl; #C C washes the plastic container; #C C cleans the tin; #C C pours water in the sink"
    },
    {
        "Video Name": "0ae9d2aa-d9d3-4617-bef3-0016872b49cc",
        "Start Frame": 2880,
        "End Frame": 3000,
        "Caption": "#C C puts the tin aside; #C C puts the sponge on the; #C C picks a sponge; #C C picks up the sponge ; #C C takes a dish washing sponge"
    },
    {
        "Video Name": "0ae9d2aa-d9d3-4617-bef3-0016872b49cc",
        "Start Frame": 3000,
        "End Frame": 3120,
        "Caption": "#C C takes a brush; #C C washes the spoon; #C C picks the spatula; #C C cleans the shovel; #C C puts the brush in the"
    },
    {
        "Video Name": "0ae9d2aa-d9d3-4617-bef3-0016872b49cc",
        "Start Frame": 3120,
        "End Frame": 3240,
        "Caption": "#C C washes the; #C C washes the; #C C washes the; #C C washes the; #C C washes the"
    },
    {
        "Video Name": "0ae9d2aa-d9d3-4617-bef3-0016872b49cc",
        "Start Frame": 3240,
        "End Frame": 3360,
        "Caption": "#C C hangs the sponge; #C C places knife in the dish was; #C C puts the knife in the dish; #C C takes the brush; #C C places the cooking stick on the"
    },
    {
        "Video Name": "0ae9d2aa-d9d3-4617-bef3-0016872b49cc",
        "Start Frame": 3360,
        "End Frame": 3480,
        "Caption": "#C C takes the polythene bag; #C C takes the nylon paper; #C C takes the gloves ; #C C takes the polythene bag; #C C picks the polythene bag"
    },
    {
        "Video Name": "0ae9d2aa-d9d3-4617-bef3-0016872b49cc",
        "Start Frame": 3480,
        "End Frame": 3600,
        "Caption": "#C C picks a plastic glass ; #C C takes a spray bottle ; #C C takes a plastic bottle; #C C picks a plastic lid from the; #C c picks up a container"
    },
    {
        "Video Name": "0ae9d2aa-d9d3-4617-bef3-0016872b49cc",
        "Start Frame": 3600,
        "End Frame": 3720,
        "Caption": "#C C picks a paper; #C C puts the papers in the paper; #C C puts the paper in the dust; #C C puts the paper in the trash; #C C puts the paper in the nylon"
    },
    {
        "Video Name": "0ae9d2aa-d9d3-4617-bef3-0016872b49cc",
        "Start Frame": 3720,
        "End Frame": 3840,
        "Caption": "#C C takes a polythene bag; #C C puts the polythene bag on the; #C C puts the paper in the polythene; #C C puts the gloves in the nylon; #C C puts the bag in the bin"
    },
    {
        "Video Name": "0ae9d2aa-d9d3-4617-bef3-0016872b49cc",
        "Start Frame": 3840,
        "End Frame": 3960,
        "Caption": "#C C picks a box ; #C C takes the   paper; #C C puts the paper on the sink; #C C puts the polythene paper in the; #C C places the polythene bag on the"
    },
    {
        "Video Name": "0ae9d2aa-d9d3-4617-bef3-0016872b49cc",
        "Start Frame": 3960,
        "End Frame": 4080,
        "Caption": "#C C picks a vacuum cleaner hose; #C C puts the pump on the; #C C takes the pipe ; #C C puts the broom down; #C C puts a vacuum cleaner"
    },
    {
        "Video Name": "0ae9d2aa-d9d3-4617-bef3-0016872b49cc",
        "Start Frame": 4080,
        "End Frame": 4200,
        "Caption": "#C C picks a glove; #C C picks a glove; #C C picks a glove; #C C picks the gloves; #C C takes a glove"
    },
    {
        "Video Name": "0ae9d2aa-d9d3-4617-bef3-0016872b49cc",
        "Start Frame": 4200,
        "End Frame": 4320,
        "Caption": "#C C puts the glove aside; #C C puts down the glove; #C C puts down the glove; #C C picks the glove; #C C puts the gloves on the"
    },
    {
        "Video Name": "0ae9d2aa-d9d3-4617-bef3-0016872b49cc",
        "Start Frame": 4320,
        "End Frame": 4440,
        "Caption": "#C C takes a glove ; #C C wipes the sink surface; #C C wipes the glove ; #C C wipes the sink; #C C takes a kitchen cloth"
    },
    {
        "Video Name": "0ae9d2aa-d9d3-4617-bef3-0016872b49cc",
        "Start Frame": 4440,
        "End Frame": 4560,
        "Caption": "#C C puts the plastic container in the; #C C picks a sponge; #C C cleans the sink; #C C cleans the sink ; #C C puts the trash in the sink"
    },
    {
        "Video Name": "0ae9d2aa-d9d3-4617-bef3-0016872b49cc",
        "Start Frame": 4560,
        "End Frame": 4680,
        "Caption": "#C C cleans the sink; #C C washes the sink; #C C wipes the sink with the sponge; #C C cleans the sink; #C C wipes the sink"
    },
    {
        "Video Name": "0ae9d2aa-d9d3-4617-bef3-0016872b49cc",
        "Start Frame": 4680,
        "End Frame": 4800,
        "Caption": "#C C puts the container on the; #C C takes a tray ; #C C takes a paper; #C C takes the gloves; #C C picks a package"
    },
    {
        "Video Name": "0ae9d2aa-d9d3-4617-bef3-0016872b49cc",
        "Start Frame": 4800,
        "End Frame": 4920,
        "Caption": "#C C picks a scouring pad; #C C puts the sponge aside; #C C cleans the sink; #C C puts the brush on the sink top; #C C washes the sink"
    },
    {
        "Video Name": "0ae9d2aa-d9d3-4617-bef3-0016872b49cc",
        "Start Frame": 4920,
        "End Frame": 5040,
        "Caption": "#C C cleans the sink; #C C cleans the sink; #C C cleans the sink; #C C wipes the sink; #C C cleans the sink"
    },
    {
        "Video Name": "0ae9d2aa-d9d3-4617-bef3-0016872b49cc",
        "Start Frame": 5040,
        "End Frame": 5160,
        "Caption": "#C C washes the; #C C wipes the sink; #C C wipes the sink; #C C wipes the sink; #C C cleans sink"
    },
    {
        "Video Name": "0ae9d2aa-d9d3-4617-bef3-0016872b49cc",
        "Start Frame": 5160,
        "End Frame": 5280,
        "Caption": "#C C opens the tap; #C C cleans the sink; #C C washes the sink; #C C washes the sink; #C C opens the tap"
    },
    {
        "Video Name": "0ae9d2aa-d9d3-4617-bef3-0016872b49cc",
        "Start Frame": 5280,
        "End Frame": 5400,
        "Caption": "#C C opens the tap; #C C opens the tap; #C C opens the tap; #C C turns on the; #C C opens a tap"
    }
]