[
    {
        "Video Name": "0b051de8-d1fe-4122-8b2f-5d11d4adb8a3",
        "Start Frame": 0,
        "End Frame": 120,
        "Caption": "#C C walks around the garden; #C C looks around.; #C C walks around the garden; #C C holds the lopper with his hands; #C C walks around the garden"
    },
    {
        "Video Name": "0b051de8-d1fe-4122-8b2f-5d11d4adb8a3",
        "Start Frame": 120,
        "End Frame": 240,
        "Caption": "#C C walks around the garden; #C C walks around; #C C walks in the garden; #C C walks towards the tree; #C C walks towards a tree"
    },
    {
        "Video Name": "0b051de8-d1fe-4122-8b2f-5d11d4adb8a3",
        "Start Frame": 240,
        "End Frame": 360,
        "Caption": "#C C walks around the; #C C walks around the; #C C walks around the; #C C walks around; #C C walks around the"
    },
    {
        "Video Name": "0b051de8-d1fe-4122-8b2f-5d11d4adb8a3",
        "Start Frame": 360,
        "End Frame": 480,
        "Caption": "#C C walks around the compound; #C C walks around the compound; #C C walks around the compound; #C C walks to the house; #C C walks around the garden"
    },
    {
        "Video Name": "0b051de8-d1fe-4122-8b2f-5d11d4adb8a3",
        "Start Frame": 480,
        "End Frame": 600,
        "Caption": "#C C walks around the garden; #C C walks towards the car.; #C C walks on the lawn with the grass cutter in his hand; #C C walks in the garden; #C C walks towards the lawn mower"
    },
    {
        "Video Name": "0b051de8-d1fe-4122-8b2f-5d11d4adb8a3",
        "Start Frame": 600,
        "End Frame": 720,
        "Caption": "#C C walks around the garden; #C C walks around the garden; #C C walks around the garden; #C C walks around the garden; #C C walks around the garden"
    },
    {
        "Video Name": "0b051de8-d1fe-4122-8b2f-5d11d4adb8a3",
        "Start Frame": 720,
        "End Frame": 840,
        "Caption": "#C C walks around the garden with the lawn mower; #C C walks around the garden ; #C C walks around the garden; #C C walks around the garden; #C C walks around the garden."
    },
    {
        "Video Name": "0b051de8-d1fe-4122-8b2f-5d11d4adb8a3",
        "Start Frame": 840,
        "End Frame": 960,
        "Caption": "#C C cuts a branch from the tree with the lopper in both hands; #C C cuts the branches with the lopper; #C C cuts the tree branches with the lopper; #C C cuts some branches with the lopper; #C C holds the lopper with both hands."
    },
    {
        "Video Name": "0b051de8-d1fe-4122-8b2f-5d11d4adb8a3",
        "Start Frame": 960,
        "End Frame": 1080,
        "Caption": "#C C trims a tree with the pruning shear in his hands.; #C C trims a branch on the tree with the pruner in his right hand.; #C C cuts the branch of the tree with the pruning shears in his right hand; #C C cuts the branch with the pruning shear in his hands.; #C C cuts branch with the pruning shears"
    },
    {
        "Video Name": "0b051de8-d1fe-4122-8b2f-5d11d4adb8a3",
        "Start Frame": 1080,
        "End Frame": 1200,
        "Caption": "#C C cuts branches with the lopper; #C C cuts the tree branches with a pruning shear; #C C trims a tree with the pruning shears in his hands; #C C cuts the branches with the lopper; #C C cuts the tree branch with a pruning shear"
    },
    {
        "Video Name": "0b051de8-d1fe-4122-8b2f-5d11d4adb8a3",
        "Start Frame": 1200,
        "End Frame": 1320,
        "Caption": "#C C holds the lopper with both hands; #C C cuts a branch of the tree with the lopper in both hands; #C C cuts a branch; #C C cuts a tree branch with the pruning shears.; #C C cuts a branch with the lopper"
    },
    {
        "Video Name": "0b051de8-d1fe-4122-8b2f-5d11d4adb8a3",
        "Start Frame": 1320,
        "End Frame": 1440,
        "Caption": "#C C cuts a branch with the lopper in both hands; #C C cuts branch with the pruning shears.; #C C cuts the branches; #C C cuts the branches with the lopper; #C C cuts the branches with the garden shear"
    },
    {
        "Video Name": "0b051de8-d1fe-4122-8b2f-5d11d4adb8a3",
        "Start Frame": 1440,
        "End Frame": 1560,
        "Caption": "#C C cuts the branch; #C C cuts the branch; #C C cuts branch with a pruning shear; #C C cuts branches with a pruning saw.; #C C cuts the branches"
    },
    {
        "Video Name": "0b051de8-d1fe-4122-8b2f-5d11d4adb8a3",
        "Start Frame": 1560,
        "End Frame": 1680,
        "Caption": "#C C cuts branches with the lawn mower; #C C cuts branches from the tree with the pruning saw in his right hand; #C C cuts the branches with the pruning shears in both hands.; #C C cuts a branch from the tree with the chainsaw in his left hand; #C C cuts a branch from the tree with the chainsaw in his hands."
    },
    {
        "Video Name": "0b051de8-d1fe-4122-8b2f-5d11d4adb8a3",
        "Start Frame": 1680,
        "End Frame": 1800,
        "Caption": "#C C cuts a branch from a tree; #C C cuts branches with the hand pruner; #C C cuts the branches with the pruning she; #C C cuts the branches; #C C cuts the branches with a lawn mower"
    },
    {
        "Video Name": "0b051de8-d1fe-4122-8b2f-5d11d4adb8a3",
        "Start Frame": 1800,
        "End Frame": 1920,
        "Caption": "#C C looks around ; #C C looks around the garden; #C C turns around; #C C looks around; #C C looks around the garden"
    },
    {
        "Video Name": "0b051de8-d1fe-4122-8b2f-5d11d4adb8a3",
        "Start Frame": 1920,
        "End Frame": 2040,
        "Caption": "#C C walks down the; #C C walks on the; #C C walks down the; #C C walks around; #C C walks down the"
    },
    {
        "Video Name": "0b051de8-d1fe-4122-8b2f-5d11d4adb8a3",
        "Start Frame": 2040,
        "End Frame": 2160,
        "Caption": "#C C climbs the stairs; #C C walks on the stairs; #C C walks down the stairs; #C C walks down the stairs; #C C walks down a staircase"
    },
    {
        "Video Name": "0b051de8-d1fe-4122-8b2f-5d11d4adb8a3",
        "Start Frame": 2160,
        "End Frame": 2280,
        "Caption": "#C C walks around; #C C walks down the stairs; #C C turns around; #C C walks around; #C C walks around"
    },
    {
        "Video Name": "0b051de8-d1fe-4122-8b2f-5d11d4adb8a3",
        "Start Frame": 2280,
        "End Frame": 2400,
        "Caption": "#C C walks around the backyard; #C C walks to the grass; #C C walks on the grass; #C C walks around the compound; #C C walks around the backyard"
    },
    {
        "Video Name": "0b051de8-d1fe-4122-8b2f-5d11d4adb8a3",
        "Start Frame": 2400,
        "End Frame": 2520,
        "Caption": "#C C walks away from the lawn; #C C walks around the compound; #C C walks around.; #C C walks towards the house; #C C walks to the lawn"
    },
    {
        "Video Name": "0b051de8-d1fe-4122-8b2f-5d11d4adb8a3",
        "Start Frame": 2520,
        "End Frame": 2640,
        "Caption": "#C C walks around the compound; #C C walks around the backyard; #C C walks around the compound; #C C walks in the garden; #C C walks around the compound"
    },
    {
        "Video Name": "0b051de8-d1fe-4122-8b2f-5d11d4adb8a3",
        "Start Frame": 2640,
        "End Frame": 2760,
        "Caption": "#C C walks around the compound; #C C walks on the walk; #C C walks around the compound; #C C walks towards the backyard; #C C walks down the stairs"
    },
    {
        "Video Name": "0b051de8-d1fe-4122-8b2f-5d11d4adb8a3",
        "Start Frame": 2760,
        "End Frame": 2880,
        "Caption": "#C C walks down the stairs; #C C walks down the stairs; #C C climbs down the staircase; #C C walks in the compound; #C C climbs up the stairs"
    },
    {
        "Video Name": "0b051de8-d1fe-4122-8b2f-5d11d4adb8a3",
        "Start Frame": 2880,
        "End Frame": 3000,
        "Caption": "#C C walks down the stairs; #C C walks around the compound; #C C walks on the stairs; #C C walks down the stairs; #C C walks around the compound"
    },
    {
        "Video Name": "0b051de8-d1fe-4122-8b2f-5d11d4adb8a3",
        "Start Frame": 3000,
        "End Frame": 3120,
        "Caption": "#C C walks in the compound; #C C touches the wall.; #C C walks on the pavement; #C C walks down the stairs; #C C walks up the staircase"
    },
    {
        "Video Name": "0b051de8-d1fe-4122-8b2f-5d11d4adb8a3",
        "Start Frame": 3120,
        "End Frame": 3240,
        "Caption": "#C C walks around.; #C C walks around.; #C C walks in the; #C C walks outside; #C C walks around the"
    },
    {
        "Video Name": "0b051de8-d1fe-4122-8b2f-5d11d4adb8a3",
        "Start Frame": 3240,
        "End Frame": 3360,
        "Caption": "#C C walks in the compound; #C C walks around. ; #C C walks towards the house; #C C walks around.; #C C walks around."
    },
    {
        "Video Name": "0b051de8-d1fe-4122-8b2f-5d11d4adb8a3",
        "Start Frame": 3360,
        "End Frame": 3480,
        "Caption": "#C C walks around.; #C C walks around the compound; #C C walks around.; #C C looks around.; #C C looks around the garden"
    },
    {
        "Video Name": "0b051de8-d1fe-4122-8b2f-5d11d4adb8a3",
        "Start Frame": 3480,
        "End Frame": 3600,
        "Caption": "#C C pulls the branch; #C C holds the branch; #C C touches the branch; #C C pulls the branch; #C C picks the branch"
    },
    {
        "Video Name": "0b051de8-d1fe-4122-8b2f-5d11d4adb8a3",
        "Start Frame": 3600,
        "End Frame": 3720,
        "Caption": "#C C picks the branch with his left; #C C holds the branch with his left; #C C holds the branch with his left; #C C holds the branch with his left; #C C holds the branch with his left"
    },
    {
        "Video Name": "0b051de8-d1fe-4122-8b2f-5d11d4adb8a3",
        "Start Frame": 3720,
        "End Frame": 3840,
        "Caption": "#C C turns around; #C C holds the lopper with his two; #C C holds the pruner to the branch; #C C pulls the branch; #C C holds the shear with his left"
    },
    {
        "Video Name": "0b051de8-d1fe-4122-8b2f-5d11d4adb8a3",
        "Start Frame": 3840,
        "End Frame": 3960,
        "Caption": "#C C cuts the branches; #C C holds the pruner with his left hand; #C C cuts a branch of the shrub with the lopper with his right; #C C holds the lopper with his left hand; #C C prunes the branch."
    },
    {
        "Video Name": "0b051de8-d1fe-4122-8b2f-5d11d4adb8a3",
        "Start Frame": 3960,
        "End Frame": 4080,
        "Caption": "#C C holds the tree branch with his right; #C C holds the branch; #C C holds the branch with his right hand; #C C throws the branch on the ground ; #C C picks the branch"
    },
    {
        "Video Name": "0b051de8-d1fe-4122-8b2f-5d11d4adb8a3",
        "Start Frame": 4080,
        "End Frame": 4200,
        "Caption": "#C C picks a branch.; #C C touches a branch.; #C C collects the branches.; #C C holds the branch; #C C picks a branch."
    },
    {
        "Video Name": "0b051de8-d1fe-4122-8b2f-5d11d4adb8a3",
        "Start Frame": 4200,
        "End Frame": 4320,
        "Caption": "#C C picks the branches.; #C C holds the shear with his hands; #C C holds the lopper with both hands; #C C holds the shear with his two; #C C holds the lopper with both hands"
    },
    {
        "Video Name": "0b051de8-d1fe-4122-8b2f-5d11d4adb8a3",
        "Start Frame": 4320,
        "End Frame": 4440,
        "Caption": "#C C cuts the branches; #C C prunes the tree with the lo; #C C prunes the tree with the lo; #C C trims the branch with the lo; #C C cuts the branch"
    },
    {
        "Video Name": "0b051de8-d1fe-4122-8b2f-5d11d4adb8a3",
        "Start Frame": 4440,
        "End Frame": 4560,
        "Caption": "#C C cuts the branch; #C C holds the lopper with both hands; #C C holds the lopper with both hands; #C C holds the lopper with both hands; #C C holds the shear with both hands"
    },
    {
        "Video Name": "0b051de8-d1fe-4122-8b2f-5d11d4adb8a3",
        "Start Frame": 4560,
        "End Frame": 4680,
        "Caption": "#C C cuts the branch with the lopper; #C C holds the lopper with his hands.; #C C cuts the branches; #C C cuts the branch with the lopper; #C C cuts a branch from the tree with the garden lopper with both hands"
    },
    {
        "Video Name": "0b051de8-d1fe-4122-8b2f-5d11d4adb8a3",
        "Start Frame": 4680,
        "End Frame": 4800,
        "Caption": "#C C holds the pruner with both hands; #C C holds the pruner to the branch; #C C holds the lopper with both hands.; #C C holds the lopper with his two hands; #C C trims the branch with the lopper"
    },
    {
        "Video Name": "0b051de8-d1fe-4122-8b2f-5d11d4adb8a3",
        "Start Frame": 4800,
        "End Frame": 4920,
        "Caption": "#C C trims the tree with the lopper; #C C cuts a branch from the tree with the lo; #C C trims a tree with pruning shears; #C C cuts branches with the lopper; #C C cuts the branches"
    },
    {
        "Video Name": "0b051de8-d1fe-4122-8b2f-5d11d4adb8a3",
        "Start Frame": 4920,
        "End Frame": 5040,
        "Caption": "#C C throws the branch on the ground; #C C throws the branches on the ground; #C C throws the branch away; #C C throws the branch on the ground; #C C throws the branch on the floor"
    },
    {
        "Video Name": "0b051de8-d1fe-4122-8b2f-5d11d4adb8a3",
        "Start Frame": 5040,
        "End Frame": 5160,
        "Caption": "#C C pulls a branch; #C C pulls the branch.; #C C holds the branch with the right; #C C holds the branch.; #C C picks the branches."
    },
    {
        "Video Name": "0b051de8-d1fe-4122-8b2f-5d11d4adb8a3",
        "Start Frame": 5160,
        "End Frame": 5280,
        "Caption": "#C C walks around.; #C C throws the branch.; #C C holds the branch with the right; #C C walks around.; #C C pulls the branches."
    },
    {
        "Video Name": "0b051de8-d1fe-4122-8b2f-5d11d4adb8a3",
        "Start Frame": 5280,
        "End Frame": 5400,
        "Caption": "#C C prunes the tree with the lopper; #C C cuts the branch; #C C cuts branches with the lopper; #C C cuts a branch of the shrub with the lopper with both hands; #C C cuts the branch with the lopper"
    }
]