[
    {
        "Video Name": "0b0aaab2-b3da-48f8-b5f1-10af319e4f4d",
        "Start Frame": 0,
        "End Frame": 120,
        "Caption": "#O male B places card on the; #O male B places card on the; #O male B places card on the; #O male B places card on the; #O male B places card on the"
    },
    {
        "Video Name": "0b0aaab2-b3da-48f8-b5f1-10af319e4f4d",
        "Start Frame": 120,
        "End Frame": 240,
        "Caption": "#O male B shares the cards on the; #O male B shuffles the cards; #O male B shares cards on the table; #O male B holds cards with both hands; #O male B shares cards on the table"
    },
    {
        "Video Name": "0b0aaab2-b3da-48f8-b5f1-10af319e4f4d",
        "Start Frame": 240,
        "End Frame": 360,
        "Caption": "#O male B shares cards on the; #O male B shares cards on the; #C C converses with male B; #O male B places card on the; #O male B shares cards on the"
    },
    {
        "Video Name": "0b0aaab2-b3da-48f8-b5f1-10af319e4f4d",
        "Start Frame": 360,
        "End Frame": 480,
        "Caption": "#O male B shuffles the cards; #C C converses with male B; #O male B converses with C; #O male B shares cards on the; #O male B shares cards on the"
    },
    {
        "Video Name": "0b0aaab2-b3da-48f8-b5f1-10af319e4f4d",
        "Start Frame": 480,
        "End Frame": 600,
        "Caption": "#O male B shares cards on the; #O male B does hand movement; #C C converses with male B; #C C converses with male B; #O male B shares cards on the"
    },
    {
        "Video Name": "0b0aaab2-b3da-48f8-b5f1-10af319e4f4d",
        "Start Frame": 600,
        "End Frame": 720,
        "Caption": "#O male B shares cards on the; #O male B shares cards on the; #O male B shares cards on the; #O male B places card on the; #O male B places card on the"
    },
    {
        "Video Name": "0b0aaab2-b3da-48f8-b5f1-10af319e4f4d",
        "Start Frame": 720,
        "End Frame": 840,
        "Caption": "#O male B places cards on the; #O male B picks cards from the; #O male B picks cards from the; #O male B picks cards from the; #O male B places cards on the"
    },
    {
        "Video Name": "0b0aaab2-b3da-48f8-b5f1-10af319e4f4d",
        "Start Frame": 840,
        "End Frame": 960,
        "Caption": "#C C converses with male B; #O male B shuffles the cards; #C C converses with male B; #O male B does hand movement; #O male B arranges cards on the"
    },
    {
        "Video Name": "0b0aaab2-b3da-48f8-b5f1-10af319e4f4d",
        "Start Frame": 960,
        "End Frame": 1080,
        "Caption": "#O male B picks cards from the table; #O male B arranges cards on the; #O male B shares cards on the table; #O male B arranges cards; #O male B organizes cards"
    },
    {
        "Video Name": "0b0aaab2-b3da-48f8-b5f1-10af319e4f4d",
        "Start Frame": 1080,
        "End Frame": 1200,
        "Caption": "#O male B adjusts cards; #O male B picks cards from the; #O A man W shuffles the; #O male B shares cards on the; #C C converses with male B"
    },
    {
        "Video Name": "0b0aaab2-b3da-48f8-b5f1-10af319e4f4d",
        "Start Frame": 1200,
        "End Frame": 1320,
        "Caption": "#O male B picks card from the table; #O man Y puts a card on the table; #O man Y picks cards from the table.; #O man Y picks a card.; #O a man X holds card with both hands"
    },
    {
        "Video Name": "0b0aaab2-b3da-48f8-b5f1-10af319e4f4d",
        "Start Frame": 1320,
        "End Frame": 1440,
        "Caption": "#O male B arranges cards on the; #C C converses with male B; #O male B picks cards from the table; #O male B converses with C; #O male B holds card with both hands"
    },
    {
        "Video Name": "0b0aaab2-b3da-48f8-b5f1-10af319e4f4d",
        "Start Frame": 1440,
        "End Frame": 1560,
        "Caption": "#O man Y holds the deck.; #O man Y arranges the cards; #C C converses with male B; #C C converses with male B; #C C converses with male B"
    },
    {
        "Video Name": "0b0aaab2-b3da-48f8-b5f1-10af319e4f4d",
        "Start Frame": 1560,
        "End Frame": 1680,
        "Caption": "#O male B arranges cards on the; #O male B picks cards from the table; #O male B picks cards from the table; #C C converses with male B; #O male B touches the cards"
    },
    {
        "Video Name": "0b0aaab2-b3da-48f8-b5f1-10af319e4f4d",
        "Start Frame": 1680,
        "End Frame": 1800,
        "Caption": "#O male B picks cards from the; #O male B places card on the; #O male B places cards on the; #O male B places cards on the; #O male B picks cards from the"
    },
    {
        "Video Name": "0b0aaab2-b3da-48f8-b5f1-10af319e4f4d",
        "Start Frame": 1800,
        "End Frame": 1920,
        "Caption": "#O male B converses with; #O male B converses with; #C C converses with male; #C C converses with male; #O male B arranges cards"
    },
    {
        "Video Name": "0b0aaab2-b3da-48f8-b5f1-10af319e4f4d",
        "Start Frame": 1920,
        "End Frame": 2040,
        "Caption": "#O male B places card on the; #O male B shares cards on the; #O male B shares cards on the; #O male B shares cards on the; #O male B places card on the"
    },
    {
        "Video Name": "0b0aaab2-b3da-48f8-b5f1-10af319e4f4d",
        "Start Frame": 2040,
        "End Frame": 2160,
        "Caption": "#C C converses with male B; #O male B places card on the; #O male B places card on the; #C C converses with male B; #C C converses with male B"
    },
    {
        "Video Name": "0b0aaab2-b3da-48f8-b5f1-10af319e4f4d",
        "Start Frame": 2160,
        "End Frame": 2280,
        "Caption": "#C C converses with male; #C C converses with male; #O male B converses with; #C C converses with male; #C C converses with male"
    },
    {
        "Video Name": "0b0aaab2-b3da-48f8-b5f1-10af319e4f4d",
        "Start Frame": 2280,
        "End Frame": 2400,
        "Caption": "#O male B converses with; #C C converses with male; #O male B does hand movement; #O male B converses with; #C C converses with male"
    },
    {
        "Video Name": "0b0aaab2-b3da-48f8-b5f1-10af319e4f4d",
        "Start Frame": 2400,
        "End Frame": 2520,
        "Caption": "#O man Y puts his hands on the table; #O man Y picks a card from the table; #O man Y lifts his hand.; #C C converses with male B; #C C converses with male B"
    },
    {
        "Video Name": "0b0aaab2-b3da-48f8-b5f1-10af319e4f4d",
        "Start Frame": 2520,
        "End Frame": 2640,
        "Caption": "#O male B places cards on the; #O male B picks cards from the; #C C converses with male B; #O male B picks card from the; #O male B picks cards from the"
    },
    {
        "Video Name": "0b0aaab2-b3da-48f8-b5f1-10af319e4f4d",
        "Start Frame": 2640,
        "End Frame": 2760,
        "Caption": "#O male B places card on the; #O male B shares cards on the; #O male B shares cards on the; #O male B picks card from the; #O male B shares cards on the"
    },
    {
        "Video Name": "0b0aaab2-b3da-48f8-b5f1-10af319e4f4d",
        "Start Frame": 2760,
        "End Frame": 2880,
        "Caption": "#O male B shares cards on the; #O male B places card on the; #O male B places card on the; #O male B shares cards on the; #O male B places card on the"
    },
    {
        "Video Name": "0b0aaab2-b3da-48f8-b5f1-10af319e4f4d",
        "Start Frame": 2880,
        "End Frame": 3000,
        "Caption": "#O male B converses with C; #C C converses with male B; #O male B picks card from the; #O male B converses with C; #O male B converses with C"
    },
    {
        "Video Name": "0b0aaab2-b3da-48f8-b5f1-10af319e4f4d",
        "Start Frame": 3000,
        "End Frame": 3120,
        "Caption": "#O male B shares cards on the; #O male B places card on the; #O male B places card on the; #O male B places cards on the; #O male B places card on the"
    },
    {
        "Video Name": "0b0aaab2-b3da-48f8-b5f1-10af319e4f4d",
        "Start Frame": 3120,
        "End Frame": 3240,
        "Caption": "#O male B shares cards on the; #O male B converses with female; #O male B picks cards from the; #O male B picks cards from the; #O male B adjusts cards on the"
    },
    {
        "Video Name": "0b0aaab2-b3da-48f8-b5f1-10af319e4f4d",
        "Start Frame": 3240,
        "End Frame": 3360,
        "Caption": "#O male B places card on the; #O male B picks card from the; #O male B picks cards from the; #O male B picks card from the; #O male B shuffles the cards"
    },
    {
        "Video Name": "0b0aaab2-b3da-48f8-b5f1-10af319e4f4d",
        "Start Frame": 3360,
        "End Frame": 3480,
        "Caption": "#C C converses with male B; #C C converses with male B; #O A man L holds the cards on his; #O male B converses with C; #C C converses with male B"
    },
    {
        "Video Name": "0b0aaab2-b3da-48f8-b5f1-10af319e4f4d",
        "Start Frame": 3480,
        "End Frame": 3600,
        "Caption": "#O male B picks cards from the; #O male B picks cards from the; #O male B picks cards from the; #O male B arranges cards; #O male B places hand on the"
    },
    {
        "Video Name": "0b0aaab2-b3da-48f8-b5f1-10af319e4f4d",
        "Start Frame": 3600,
        "End Frame": 3720,
        "Caption": "#C C looks at man Y.; #O male B shares cards on the; #O male B shares cards on the; #O male B shuffles cards; #C C converses with male B"
    },
    {
        "Video Name": "0b0aaab2-b3da-48f8-b5f1-10af319e4f4d",
        "Start Frame": 3720,
        "End Frame": 3840,
        "Caption": "#O male B converses with C; #O male B places cards on the; #O male B places card on the; #O male B places card on the; #C C converses with male B"
    },
    {
        "Video Name": "0b0aaab2-b3da-48f8-b5f1-10af319e4f4d",
        "Start Frame": 3840,
        "End Frame": 3960,
        "Caption": "#O male B arranges cards; #O male B converses with C; #O male B places card on the; #O male B arranges cards; #C C converses with male B"
    },
    {
        "Video Name": "0b0aaab2-b3da-48f8-b5f1-10af319e4f4d",
        "Start Frame": 3960,
        "End Frame": 4080,
        "Caption": "#O male B picks card from the table; #O male B shares cards on the table; #O man Y puts a card on the table; #O A man L moves the cards to the; #O male B picks card from the table"
    },
    {
        "Video Name": "0b0aaab2-b3da-48f8-b5f1-10af319e4f4d",
        "Start Frame": 4080,
        "End Frame": 4200,
        "Caption": "#C C converses with male; #O male B arranges cards; #C C converses with male; #C C converses with male; #C C converses with male"
    },
    {
        "Video Name": "0b0aaab2-b3da-48f8-b5f1-10af319e4f4d",
        "Start Frame": 4200,
        "End Frame": 4320,
        "Caption": "#O male B shares cards on the; #O male B shares cards on the; #O male B places card on the; #O male B shares cards on the; #O male B shuffles cards"
    },
    {
        "Video Name": "0b0aaab2-b3da-48f8-b5f1-10af319e4f4d",
        "Start Frame": 4320,
        "End Frame": 4440,
        "Caption": "#O male B places hand on the table; #C C converses with male B; #C C places a card on the table; #C C converses with male B; #C C converses with male B"
    },
    {
        "Video Name": "0b0aaab2-b3da-48f8-b5f1-10af319e4f4d",
        "Start Frame": 4440,
        "End Frame": 4560,
        "Caption": "#C C converses with male B; #C C looks around the house.; #O male B places cards on the table; #O male B places cards on the table; #O man Y places the cards on the table"
    },
    {
        "Video Name": "0b0aaab2-b3da-48f8-b5f1-10af319e4f4d",
        "Start Frame": 4560,
        "End Frame": 4680,
        "Caption": "#O male B places card on the; #O male B converses with C; #C C converses with male B; #O male B picks cards from the; #O male B places hand on the"
    },
    {
        "Video Name": "0b0aaab2-b3da-48f8-b5f1-10af319e4f4d",
        "Start Frame": 4680,
        "End Frame": 4800,
        "Caption": "#O male B does hand movement; #O man Y holds the head.; #C C looks around the apartment; #O male B scratches head; #C C converses with man Y"
    },
    {
        "Video Name": "0b0aaab2-b3da-48f8-b5f1-10af319e4f4d",
        "Start Frame": 4800,
        "End Frame": 4920,
        "Caption": "#O man Y shuffles the cards; #O man Y puts the cards aside; #O man Y holds his cards.; #O man Y arranges the cards; #O man Y holds the cards."
    },
    {
        "Video Name": "0b0aaab2-b3da-48f8-b5f1-10af319e4f4d",
        "Start Frame": 4920,
        "End Frame": 5040,
        "Caption": "#O male B arranges cards on his hands; #O man Y holds the cards.; #O man Y puts the cards on the table; #O male B places hand on the shoulder; #O male B shares cards on the table"
    },
    {
        "Video Name": "0b0aaab2-b3da-48f8-b5f1-10af319e4f4d",
        "Start Frame": 5040,
        "End Frame": 5160,
        "Caption": "#O A man K shuffles the; #O male B selects cards from the; #C C converses with male B; #O male B shuffles the cards; #O male B shuffles cards"
    },
    {
        "Video Name": "0b0aaab2-b3da-48f8-b5f1-10af319e4f4d",
        "Start Frame": 5160,
        "End Frame": 5280,
        "Caption": "#C C converses with male B; #C C converses with male B; #O male B arranges cards in his; #O male B converses with C; #C C looks around the apartment"
    },
    {
        "Video Name": "0b0aaab2-b3da-48f8-b5f1-10af319e4f4d",
        "Start Frame": 5280,
        "End Frame": 5400,
        "Caption": "#O male B converses with C; #C C converses with man X; #O man Y adjusts the hands.; #C C looks at man Y; #C C looks at man Y."
    }
]