[
    {
        "Video Name": "0b82f12f-e306-4e7b-a313-95e2e93f7fb4",
        "Start Frame": 0,
        "End Frame": 120,
        "Caption": "#C C paints the eggcup; #C C dips the brush in paint.; #C C dips the paint brush in the; #C C dips the brush in the paint; #C C paints the eggcup"
    },
    {
        "Video Name": "0b82f12f-e306-4e7b-a313-95e2e93f7fb4",
        "Start Frame": 120,
        "End Frame": 240,
        "Caption": "#C C paints the eggcup; #C C paints the eggcup; #C C paints the eggcup; #C C paints the eggcup; #C C paints on the egg"
    },
    {
        "Video Name": "0b82f12f-e306-4e7b-a313-95e2e93f7fb4",
        "Start Frame": 240,
        "End Frame": 360,
        "Caption": "#C C paints on the table; #C C applies paint on the pot; #C C applies paint on the tissue; #C C paints the eggcup; #C C paints the eggcup"
    },
    {
        "Video Name": "0b82f12f-e306-4e7b-a313-95e2e93f7fb4",
        "Start Frame": 360,
        "End Frame": 480,
        "Caption": "#C C wipes the brush.; #C C wipes the paint on the tissue; #C C applies paint on the paper towel; #C C applies paint on the paper towel; #C C applies paint on the paper towel"
    },
    {
        "Video Name": "0b82f12f-e306-4e7b-a313-95e2e93f7fb4",
        "Start Frame": 480,
        "End Frame": 600,
        "Caption": "#C C rubs the paint on the paper towel; #C C spreads the paint ; #C C rubs the yellow paint on the second; #C C puts the blue paint on the tissue paper; #C C applies paint on the paper towel"
    },
    {
        "Video Name": "0b82f12f-e306-4e7b-a313-95e2e93f7fb4",
        "Start Frame": 600,
        "End Frame": 720,
        "Caption": "#C C pours the paint in the paper; #C C looks around; #C C puts the container on the table; #C C puts the paint tin on the table; #C C puts the paint container on the table"
    },
    {
        "Video Name": "0b82f12f-e306-4e7b-a313-95e2e93f7fb4",
        "Start Frame": 720,
        "End Frame": 840,
        "Caption": "#C C paints the egg; #C C paints the egg; #C C paints the egg; #C C paints the egg; #C C paints the egg"
    },
    {
        "Video Name": "0b82f12f-e306-4e7b-a313-95e2e93f7fb4",
        "Start Frame": 840,
        "End Frame": 960,
        "Caption": "#C C paints the egg; #C C paints the egg; #C C paints the egg; #C C paints the egg; #C C paints the egg"
    },
    {
        "Video Name": "0b82f12f-e306-4e7b-a313-95e2e93f7fb4",
        "Start Frame": 960,
        "End Frame": 1080,
        "Caption": "#C C paints the eggcup; #C C dips the brush in the paint; #C C paints the eggcup; #C C paints the eggcup; #C C paints the eggcup"
    },
    {
        "Video Name": "0b82f12f-e306-4e7b-a313-95e2e93f7fb4",
        "Start Frame": 1080,
        "End Frame": 1200,
        "Caption": "#C C picks up the; #C C takes paint ; #C C opens the paint; #C C picks the paint; #C C holds the paint"
    },
    {
        "Video Name": "0b82f12f-e306-4e7b-a313-95e2e93f7fb4",
        "Start Frame": 1200,
        "End Frame": 1320,
        "Caption": "#C C puts the paint on the paint box; #C C places the yellow paint on the container; #C C puts the paint on the paint box.; #C C pours the paint in the paint container; #C C takes paint from the paint container."
    },
    {
        "Video Name": "0b82f12f-e306-4e7b-a313-95e2e93f7fb4",
        "Start Frame": 1320,
        "End Frame": 1440,
        "Caption": "#C C holds the paint; #C C puts the paint in the paint holder; #C C holds the paint ; #C C closes the paint; #C C pours the paint in the paint holder"
    },
    {
        "Video Name": "0b82f12f-e306-4e7b-a313-95e2e93f7fb4",
        "Start Frame": 1440,
        "End Frame": 1560,
        "Caption": "#C C operates the; #C C touches the; #C C presses the; #C C touches the; #C C touches the"
    },
    {
        "Video Name": "0b82f12f-e306-4e7b-a313-95e2e93f7fb4",
        "Start Frame": 1560,
        "End Frame": 1680,
        "Caption": "#C C picks the paint; #C C picks a paint; #C C picks a paint brush; #C C picks a paint container; #C C picks a paint holder"
    },
    {
        "Video Name": "0b82f12f-e306-4e7b-a313-95e2e93f7fb4",
        "Start Frame": 1680,
        "End Frame": 1800,
        "Caption": "#C C paints the tumbler; #C C paints the tumbler; #C C paints the eggcup; #C C paints the eggcup; #C C paints the eggcup"
    },
    {
        "Video Name": "0b82f12f-e306-4e7b-a313-95e2e93f7fb4",
        "Start Frame": 1800,
        "End Frame": 1920,
        "Caption": "#C C paints the tumbler; #C C paints the tumbler; #C C paints the tumbler; #C C paints the eggcup; #C C paints the eggcup"
    },
    {
        "Video Name": "0b82f12f-e306-4e7b-a313-95e2e93f7fb4",
        "Start Frame": 1920,
        "End Frame": 2040,
        "Caption": "#C C paints the tumbler ; #C C rotates the paper towel ; #C C paints molded cup with brush ; #C C applies the cream on the tumbler; #C C paints the tumbler "
    },
    {
        "Video Name": "0b82f12f-e306-4e7b-a313-95e2e93f7fb4",
        "Start Frame": 2040,
        "End Frame": 2160,
        "Caption": "#C C holds the tissue paper; #C C rotates the paper towel; #C C holds the paint brush; #C C touches the paint ; #C C turns the paper towel "
    },
    {
        "Video Name": "0b82f12f-e306-4e7b-a313-95e2e93f7fb4",
        "Start Frame": 2160,
        "End Frame": 2280,
        "Caption": "#C C paints the eggcup; #C C paints molded cup with brush ; #C C paints molded cup with a brush; #C C paints the eggcup; #C C paints the tumbler "
    },
    {
        "Video Name": "0b82f12f-e306-4e7b-a313-95e2e93f7fb4",
        "Start Frame": 2280,
        "End Frame": 2400,
        "Caption": "#C C rotates the paint brush; #C C holds the brush; #C C rotates the napkin; #C C rotates the towel ; #C C rotates the table cloth"
    },
    {
        "Video Name": "0b82f12f-e306-4e7b-a313-95e2e93f7fb4",
        "Start Frame": 2400,
        "End Frame": 2520,
        "Caption": "#C C paints molded cup with brush; #C C paints the eggcup; #C C paints the eggcup; #C C paints molded cup with brush; #C C paints the eggcup"
    },
    {
        "Video Name": "0b82f12f-e306-4e7b-a313-95e2e93f7fb4",
        "Start Frame": 2520,
        "End Frame": 2640,
        "Caption": "#C C paints the eggcup; #C C paints the eggcup; #C C paints the eggcup; #C C paints the eggcup; #C C dips the brush in the"
    },
    {
        "Video Name": "0b82f12f-e306-4e7b-a313-95e2e93f7fb4",
        "Start Frame": 2640,
        "End Frame": 2760,
        "Caption": "#C C paints the egg; #C C paints the egg; #C C paints the egg; #C C paints the egg; #C C paints the egg"
    },
    {
        "Video Name": "0b82f12f-e306-4e7b-a313-95e2e93f7fb4",
        "Start Frame": 2760,
        "End Frame": 2880,
        "Caption": "#C C holds the paint brush; #C C moves the paint mat; #C C holds the tissue ; #C C folds the tissue paper; #C C moves the napkin"
    },
    {
        "Video Name": "0b82f12f-e306-4e7b-a313-95e2e93f7fb4",
        "Start Frame": 2880,
        "End Frame": 3000,
        "Caption": "#C C places the paint lid on the table; #C C picks the paint; #C C picks the paint; #C C picks up the paint ; #C C puts the paint aside"
    },
    {
        "Video Name": "0b82f12f-e306-4e7b-a313-95e2e93f7fb4",
        "Start Frame": 3000,
        "End Frame": 3120,
        "Caption": "#C C paints the egg; #C C paints the egg; #C C paints the egg; #C C paints the egg; #C C paints the egg"
    },
    {
        "Video Name": "0b82f12f-e306-4e7b-a313-95e2e93f7fb4",
        "Start Frame": 3120,
        "End Frame": 3240,
        "Caption": "#C C paints the eggcup; #C C paints the eggcup; #C C paints the eggcup; #C C paints the eggcup; #C C paints molded cup with brush"
    },
    {
        "Video Name": "0b82f12f-e306-4e7b-a313-95e2e93f7fb4",
        "Start Frame": 3240,
        "End Frame": 3360,
        "Caption": "#C C picks the paper towel; #C C moves the white plastic; #C C picks up the paint; #C C picks up the spray; #C C holds the paper towel"
    },
    {
        "Video Name": "0b82f12f-e306-4e7b-a313-95e2e93f7fb4",
        "Start Frame": 3360,
        "End Frame": 3480,
        "Caption": "#C C paints the egg; #C C paints the egg; #C C paints the egg; #C C paints the egg; #C C paints the egg"
    },
    {
        "Video Name": "0b82f12f-e306-4e7b-a313-95e2e93f7fb4",
        "Start Frame": 3480,
        "End Frame": 3600,
        "Caption": "#C C  spreads paint on a; #C C picks a paper towel; #C C touches the paper towel; #C C takes a piece of tissue; #C C moves the paper towel"
    },
    {
        "Video Name": "0b82f12f-e306-4e7b-a313-95e2e93f7fb4",
        "Start Frame": 3600,
        "End Frame": 3720,
        "Caption": "#C C paints the egg cup; #C C paints the tumbler; #C C paints the eggcup; #C C paints the eggcup; #C C paints molded cup with brush"
    },
    {
        "Video Name": "0b82f12f-e306-4e7b-a313-95e2e93f7fb4",
        "Start Frame": 3720,
        "End Frame": 3840,
        "Caption": "#C C rotates the paint brush; #C C paints the eggcup; #C C paints the tumbler; #C C paints the tumbler; #C C paints molded cup with brush"
    },
    {
        "Video Name": "0b82f12f-e306-4e7b-a313-95e2e93f7fb4",
        "Start Frame": 3840,
        "End Frame": 3960,
        "Caption": "#C C paints the egg; #C C paints the egg; #C C paints the egg; #C C paints the egg; #C C paints the egg"
    },
    {
        "Video Name": "0b82f12f-e306-4e7b-a313-95e2e93f7fb4",
        "Start Frame": 3960,
        "End Frame": 4080,
        "Caption": "#C C paints the egg; #C C paints the egg; #C C paints the egg; #C C paints the egg; #C C paints the egg"
    },
    {
        "Video Name": "0b82f12f-e306-4e7b-a313-95e2e93f7fb4",
        "Start Frame": 4080,
        "End Frame": 4200,
        "Caption": "#C C paints molded cup with brush; #C C paints the eggcup; #C C touches color ; #C C paints molded cup with brush; #C C paints the eggcup"
    },
    {
        "Video Name": "0b82f12f-e306-4e7b-a313-95e2e93f7fb4",
        "Start Frame": 4200,
        "End Frame": 4320,
        "Caption": "#C C paints the egg; #C C paints the egg; #C C paints the egg; #C C paints the egg; #C C paints the egg"
    },
    {
        "Video Name": "0b82f12f-e306-4e7b-a313-95e2e93f7fb4",
        "Start Frame": 4320,
        "End Frame": 4440,
        "Caption": "#C C puts the paint brush on the tissue; #C C places the brush on the tissue; #C C puts the brush on the tissue ; #C C puts the paint brush on the tissue; #C C places the brush on the tissue"
    },
    {
        "Video Name": "0b82f12f-e306-4e7b-a313-95e2e93f7fb4",
        "Start Frame": 4440,
        "End Frame": 4560,
        "Caption": "#C C looks at the phone; #C C holds the phone on the; #C C looks around; #C C looks at the phone; #C C looks around "
    },
    {
        "Video Name": "0b82f12f-e306-4e7b-a313-95e2e93f7fb4",
        "Start Frame": 4560,
        "End Frame": 4680,
        "Caption": "#C C operates the phone; #C C touches the phone ; #C C touches the phone screen; #C C operates the phone ; #C C scrolls the phone"
    },
    {
        "Video Name": "0b82f12f-e306-4e7b-a313-95e2e93f7fb4",
        "Start Frame": 4680,
        "End Frame": 4800,
        "Caption": "#C C presses the phone; #C C looks at the phone; #C C looks at the phone; #C C looks at the phone; #C C operates the phone with the left"
    },
    {
        "Video Name": "0b82f12f-e306-4e7b-a313-95e2e93f7fb4",
        "Start Frame": 4800,
        "End Frame": 4920,
        "Caption": "#C C puts the paint container on the table; #C C places the paint bottle on the table; #c c puts the paint ; #C C puts the paint bowl down; #C C puts the paint on the table"
    },
    {
        "Video Name": "0b82f12f-e306-4e7b-a313-95e2e93f7fb4",
        "Start Frame": 4920,
        "End Frame": 5040,
        "Caption": "#C C opens the; #C C closes the; #C C closes the; #C C closes the; #C C opens the"
    },
    {
        "Video Name": "0b82f12f-e306-4e7b-a313-95e2e93f7fb4",
        "Start Frame": 5040,
        "End Frame": 5160,
        "Caption": "#C C puts the paint on the table; #C C puts the paint brush on the paint; #C C places the paint on the paint holder; #C C puts the paint down; #C C puts the paint down"
    },
    {
        "Video Name": "0b82f12f-e306-4e7b-a313-95e2e93f7fb4",
        "Start Frame": 5160,
        "End Frame": 5280,
        "Caption": "#C C picks the brush from the paint; #C C picks up the paint brush; #C C puts the paint brush on the paint; #C C picks up the paint brush; #C C puts down the paint brush"
    },
    {
        "Video Name": "0b82f12f-e306-4e7b-a313-95e2e93f7fb4",
        "Start Frame": 5280,
        "End Frame": 5400,
        "Caption": "#C C deeps the paint brush into the paint; #C C stirs the paint; #C C stirs the paint; #C C picks a glass of water; #C C dips the paint brush in the glass of"
    }
]