[
    {
        "Video Name": "0bd9a251-cc2c-41ea-9a6c-31cda3519371",
        "Start Frame": 0,
        "End Frame": 120,
        "Caption": "#O a man X walks towards C; #C C walks towards the baseball bat on the ground; #O The man X walks around the baseball field; #C C walks towards the ball; #C C walks around the field"
    },
    {
        "Video Name": "0bd9a251-cc2c-41ea-9a6c-31cda3519371",
        "Start Frame": 120,
        "End Frame": 240,
        "Caption": "#C C converses with the man X; #O the man X hits a baseball bat on the ground with his right; #C C throws the baseball to the ground.; #C C interacts with the man X; #O the man X walks towards C"
    },
    {
        "Video Name": "0bd9a251-cc2c-41ea-9a6c-31cda3519371",
        "Start Frame": 240,
        "End Frame": 360,
        "Caption": "#C C walks forward; #C C stares at the ground; #C C walks in the field; #C C stares at #O a man X and #O a man; #C C looks around the field"
    },
    {
        "Video Name": "0bd9a251-cc2c-41ea-9a6c-31cda3519371",
        "Start Frame": 360,
        "End Frame": 480,
        "Caption": "#C C throws the baseball bat; #C C walks towards the baseball bat on the; #C C picks the baseball bat with his right; #C C drops the baseball bat on the ground; #C C walks towards the baseball bat"
    },
    {
        "Video Name": "0bd9a251-cc2c-41ea-9a6c-31cda3519371",
        "Start Frame": 480,
        "End Frame": 600,
        "Caption": "#C C walks towards the man X; #C C walks around the field; #C C walks around the field; #C C walks to the other side of the baseball; #C C walks towards the man X"
    },
    {
        "Video Name": "0bd9a251-cc2c-41ea-9a6c-31cda3519371",
        "Start Frame": 600,
        "End Frame": 720,
        "Caption": "#O A man X throws a baseball to C ; #O The man X picks a baseball bat from the ground; #O a man Y talks to C; #O the man X walks towards C; #C C walks toward the ball on the ground"
    },
    {
        "Video Name": "0bd9a251-cc2c-41ea-9a6c-31cda3519371",
        "Start Frame": 720,
        "End Frame": 840,
        "Caption": "#C C throws a ball to a man X; #C C interacts with man X; #O The man X drops the ball on the; #O The man X throws the baseball to C; #O person X throws the ball to person C"
    },
    {
        "Video Name": "0bd9a251-cc2c-41ea-9a6c-31cda3519371",
        "Start Frame": 840,
        "End Frame": 960,
        "Caption": "#C C picks the baseball bat from the ground ; #O person X picks a baseball bat from the ground ; #O the man X picks up a baseball bat on the; #C C bends down ; #O person X picks the ball "
    },
    {
        "Video Name": "0bd9a251-cc2c-41ea-9a6c-31cda3519371",
        "Start Frame": 960,
        "End Frame": 1080,
        "Caption": "#O a man X picks a ball from the ground; #O The man X picks a baseball bat from the; #O Man X picks a baseball on the ground; #O the man X bends down; #O The man X picks a ball from the ground"
    },
    {
        "Video Name": "0bd9a251-cc2c-41ea-9a6c-31cda3519371",
        "Start Frame": 1080,
        "End Frame": 1200,
        "Caption": "#O the man X throws another ball towards C with his right; #O the man X throws the ball towards C; #O The man X throws the ball to C; #O the man X throws the ball towards C with his right; #O the man X throws the ball to C"
    },
    {
        "Video Name": "0bd9a251-cc2c-41ea-9a6c-31cda3519371",
        "Start Frame": 1200,
        "End Frame": 1320,
        "Caption": "#C C stares around; #C C stares at the ground; #O the man X picks the baseball bat from the ground; #O The man X catches the baseball with the baseball bat in both; #O person Y hits the baseball with the bat "
    },
    {
        "Video Name": "0bd9a251-cc2c-41ea-9a6c-31cda3519371",
        "Start Frame": 1320,
        "End Frame": 1440,
        "Caption": "#C C hits the baseball with the baseball bat.; #C C hits the ball with the baseball bat.; #C C hits the baseball with the bat.; #C C hits the baseball with the bat; #C C hits the baseball with the bat."
    },
    {
        "Video Name": "0bd9a251-cc2c-41ea-9a6c-31cda3519371",
        "Start Frame": 1440,
        "End Frame": 1560,
        "Caption": "#O A man X walks towards C; #O the man X bends down; #O The man X walks towards the; #O The man X walks towards C; #O a man Y walks towards C"
    },
    {
        "Video Name": "0bd9a251-cc2c-41ea-9a6c-31cda3519371",
        "Start Frame": 1560,
        "End Frame": 1680,
        "Caption": "#O a man X hits the ball with a baseball bat; #O a man X hits the baseball with the baseball bat in his hands; #O the man X hits the ball with the baseball bat in his hands; #C C throws a ball towards the man X; #C C hits the baseball with the baseball bat."
    },
    {
        "Video Name": "0bd9a251-cc2c-41ea-9a6c-31cda3519371",
        "Start Frame": 1680,
        "End Frame": 1800,
        "Caption": "#O The man Y picks a baseball from the ground.; #O a man Y picks a baseball from the ground.; #O The man X picks the baseball from the ground.; #O The man X picks the baseball from the ground.; #O The man X picks a baseball bat from the ground with his left hand"
    },
    {
        "Video Name": "0bd9a251-cc2c-41ea-9a6c-31cda3519371",
        "Start Frame": 1800,
        "End Frame": 1920,
        "Caption": "#C C hits the baseball with the bat in his right hand; #C C hits the baseball with the bat.; #C C throws a baseball to the man X; #C C hits the baseball with the baseball bat.; #C C throws the baseball to man Y. "
    },
    {
        "Video Name": "0bd9a251-cc2c-41ea-9a6c-31cda3519371",
        "Start Frame": 1920,
        "End Frame": 2040,
        "Caption": "#O The man X walks away from the; #O A man X walks around the field; #O the man X walks towards C; #O a man X walks towards C; #O person X walks on the baseball field"
    },
    {
        "Video Name": "0bd9a251-cc2c-41ea-9a6c-31cda3519371",
        "Start Frame": 2040,
        "End Frame": 2160,
        "Caption": "#O The man X throws the baseball to C; #O the man X throws the ball to C; #O The man X throws the ball towards C; #O The man Y throws a baseball to C; #O A man X throws the ball to C"
    },
    {
        "Video Name": "0bd9a251-cc2c-41ea-9a6c-31cda3519371",
        "Start Frame": 2160,
        "End Frame": 2280,
        "Caption": "#O A man X walks around; #O A man Z walks around; #C C converses with the man; #O the man X walks towards C; #C C converses with the man"
    },
    {
        "Video Name": "0bd9a251-cc2c-41ea-9a6c-31cda3519371",
        "Start Frame": 2280,
        "End Frame": 2400,
        "Caption": "#C C Looks at man Y; #O the man X stands in the field; #C C stares at #O a man; #O A man X talks to C; #C C interacts with man X"
    },
    {
        "Video Name": "0bd9a251-cc2c-41ea-9a6c-31cda3519371",
        "Start Frame": 2400,
        "End Frame": 2520,
        "Caption": "#C C converses with man; #O A man Z walks around; #O The man X throws the; #O a man X talks to; #O a man X talks to"
    },
    {
        "Video Name": "0bd9a251-cc2c-41ea-9a6c-31cda3519371",
        "Start Frame": 2520,
        "End Frame": 2640,
        "Caption": "#O A man X picks the baseball bat from the ground; #O a man Y picks a baseball bat from the ground; #O the man X picks the ball from the ground; #O The man Y picks up a baseball from the ground; #O A man Y picks a baseball bat"
    },
    {
        "Video Name": "0bd9a251-cc2c-41ea-9a6c-31cda3519371",
        "Start Frame": 2640,
        "End Frame": 2760,
        "Caption": "#C C talks to man Y; #O A man Y talks to C; #O A man X talks to C; #O A man X talks to man; #O A man Y converses "
    },
    {
        "Video Name": "0bd9a251-cc2c-41ea-9a6c-31cda3519371",
        "Start Frame": 2760,
        "End Frame": 2880,
        "Caption": "#C C hits the ball with the baseball bat in his left; #O a man Y throws a baseball to C; #C C hits the baseball with the baseball bat. ; #C C hits the ball with the baseball bat ; #O man Y throws baseball to C"
    },
    {
        "Video Name": "0bd9a251-cc2c-41ea-9a6c-31cda3519371",
        "Start Frame": 2880,
        "End Frame": 3000,
        "Caption": "#O The man X interacts with C; #C C talks to the man X; #O A man Y talks to man C; #O The man X throws the ball to; #C C converses with the man X"
    },
    {
        "Video Name": "0bd9a251-cc2c-41ea-9a6c-31cda3519371",
        "Start Frame": 3000,
        "End Frame": 3120,
        "Caption": "#C C interacts with the man X; #C C talks to man X; #O The man X throws the ball to C; #C C talks to man X; #O The man X throws a baseball to C"
    },
    {
        "Video Name": "0bd9a251-cc2c-41ea-9a6c-31cda3519371",
        "Start Frame": 3120,
        "End Frame": 3240,
        "Caption": "#C C hits the baseball with the baseball bat.; #O The man Y throws the ball to C; #C C throws the baseball to the man X; #O the man X throws the ball to C with his right; #O The man X catches the baseball with the baseball glove."
    },
    {
        "Video Name": "0bd9a251-cc2c-41ea-9a6c-31cda3519371",
        "Start Frame": 3240,
        "End Frame": 3360,
        "Caption": "#O the man X picks the ball from the ground with his left hand; #O the man X picks the baseball bat from the ground with his right; #O The man X picks the baseball from the ground.; #O the man X picks up a ball from the ground with his right; #O the man X picks a baseball from the ground with his left hand"
    },
    {
        "Video Name": "0bd9a251-cc2c-41ea-9a6c-31cda3519371",
        "Start Frame": 3360,
        "End Frame": 3480,
        "Caption": "#O a man X talks to C; #O A man X talks to man; #O A man Y talks to man; #O A man Z throws a baseball; #C C talks to a man Y"
    },
    {
        "Video Name": "0bd9a251-cc2c-41ea-9a6c-31cda3519371",
        "Start Frame": 3480,
        "End Frame": 3600,
        "Caption": "#C C catches the baseball with the baseball bat in his left hand; #C C throws the baseball to man Y.; #O Y throws a baseball to C. ; #C C throws the baseball to man X. ; #C C throws the baseball to man Y."
    },
    {
        "Video Name": "0bd9a251-cc2c-41ea-9a6c-31cda3519371",
        "Start Frame": 3600,
        "End Frame": 3720,
        "Caption": "#O The man Y scratches his face with his right hand; #O The man X raises his right hand to his face; #O The man X scratches his face with his left hand; #O The man X scratches his face with his left hand; #O The man X rubs his nose with his left"
    },
    {
        "Video Name": "0bd9a251-cc2c-41ea-9a6c-31cda3519371",
        "Start Frame": 3720,
        "End Frame": 3840,
        "Caption": "#O a man Y talks to C; #O the man X throws a ball to; #C C talks to a man Y; #O A man Y talks to man X; #O A man X talks to man C"
    },
    {
        "Video Name": "0bd9a251-cc2c-41ea-9a6c-31cda3519371",
        "Start Frame": 3840,
        "End Frame": 3960,
        "Caption": "#O A man Y throws the ball to C ; #O A man Y throws the ball; #O The man X throws another ball towards C with his right; #O A man Y throws the ball ; #O The man X throws a ball to C."
    },
    {
        "Video Name": "0bd9a251-cc2c-41ea-9a6c-31cda3519371",
        "Start Frame": 3960,
        "End Frame": 4080,
        "Caption": "#O A man Y throws the baseball to; #O the man X throws another ball to; #O the man X throws the ball to; #O the man X throws the ball to; #O A man Y throws a ball "
    },
    {
        "Video Name": "0bd9a251-cc2c-41ea-9a6c-31cda3519371",
        "Start Frame": 4080,
        "End Frame": 4200,
        "Caption": "#C C talks to the man X; #C C talks to #O a man Y; #C C interacts with the man X; #C C talks to the man Y; #O The man X throws the baseball to C"
    },
    {
        "Video Name": "0bd9a251-cc2c-41ea-9a6c-31cda3519371",
        "Start Frame": 4200,
        "End Frame": 4320,
        "Caption": "#C C hits the baseball with the baseball bat in his; #C C hits the baseball with the bat ; #C C throws the ball to the man X; #C C hits the baseball with the baseball bat. ; #C C throws the ball"
    },
    {
        "Video Name": "0bd9a251-cc2c-41ea-9a6c-31cda3519371",
        "Start Frame": 4320,
        "End Frame": 4440,
        "Caption": "#C C hits the baseball with the bat; #C C throws the ball to the man; #C C hits the baseball with the bat; #C C hits the baseball with the bat; #O The man X throws a ball to"
    },
    {
        "Video Name": "0bd9a251-cc2c-41ea-9a6c-31cda3519371",
        "Start Frame": 4440,
        "End Frame": 4560,
        "Caption": "#C C picks up the baseball bat on the floor with his right; #C C walks towards the baseball field; #C C walks towards the baseball on the ground.; #C C picks the baseball bat from the ground; #C C hits the baseball ball with the baseball bat."
    },
    {
        "Video Name": "0bd9a251-cc2c-41ea-9a6c-31cda3519371",
        "Start Frame": 4560,
        "End Frame": 4680,
        "Caption": "#C C throws the ball to the man X again; #C C catches the ball from the man X with a baseball glove; #C C throws the ball to the man Y; #C C hits the ball with the bat; #C C throws the baseball to the ground. "
    },
    {
        "Video Name": "0bd9a251-cc2c-41ea-9a6c-31cda3519371",
        "Start Frame": 4680,
        "End Frame": 4800,
        "Caption": "#O A man X throws the baseball; #C C throws the ball to the man Y; #O The man X throws the ball to C with his right; #C C interacts with the man Y; #C C talks to the man X"
    },
    {
        "Video Name": "0bd9a251-cc2c-41ea-9a6c-31cda3519371",
        "Start Frame": 4800,
        "End Frame": 4920,
        "Caption": "#C C walks towards the ball on the ground; #C C walks towards the baseball field.; #C C walks around the baseball field; #C C walks towards the baseball base; #C C walks towards the baseball bats on the"
    },
    {
        "Video Name": "0bd9a251-cc2c-41ea-9a6c-31cda3519371",
        "Start Frame": 4920,
        "End Frame": 5040,
        "Caption": "#O the man Y walks towards the other side of the field; #O The man X walks away from C; #C C picks the ball from the ground; #O The man X walks towards C; #C C picks a baseball bat on the ground with his right"
    },
    {
        "Video Name": "0bd9a251-cc2c-41ea-9a6c-31cda3519371",
        "Start Frame": 5040,
        "End Frame": 5160,
        "Caption": "#C C throws the baseball to man Y. ; #C C throws a base ball to the man X.; #C C throws the baseball to man Y. ; #C C throws another ball to the man X; #C C throws another ball towards the man X"
    },
    {
        "Video Name": "0bd9a251-cc2c-41ea-9a6c-31cda3519371",
        "Start Frame": 5160,
        "End Frame": 5280,
        "Caption": "#O The man X throws a ball; #O X throws the baseball ball to C.; #O the man X throws another ball towards C; #O A man Y throws a baseball to C; #O a man Y throws a baseball ball to C."
    },
    {
        "Video Name": "0bd9a251-cc2c-41ea-9a6c-31cda3519371",
        "Start Frame": 5280,
        "End Frame": 5400,
        "Caption": "#C C converses with man; #O The man Y walks towards; #O The man X throws the; #O a man X walks around; #O a man X throws the"
    }
]