[
    {
        "Video Name": "0bf6287e-c12f-4205-88fb-aa215711dad4",
        "Start Frame": 0,
        "End Frame": 120,
        "Caption": "#C C climbs up the stairs; #C C climbs up the building; #C C climbs the ladder; #C C walks down the stairs; #C C climbs on the scaff"
    },
    {
        "Video Name": "0bf6287e-c12f-4205-88fb-aa215711dad4",
        "Start Frame": 120,
        "End Frame": 240,
        "Caption": "#C C holds the container; #C C drops the bowl on the scaffolding with his left hand.; #C C puts down the container; #C C picks a container; #C C pours water from the bucket in his left hand into a concrete wall"
    },
    {
        "Video Name": "0bf6287e-c12f-4205-88fb-aa215711dad4",
        "Start Frame": 240,
        "End Frame": 360,
        "Caption": "#C C puts the tin on the metal; #C C drops the bucket on the platform with his left gloved hand; #C C drops the bucket on the scaffold with his left hand.; #C C puts the bucket on the scaffold ; #C C puts the bucket on the wall"
    },
    {
        "Video Name": "0bf6287e-c12f-4205-88fb-aa215711dad4",
        "Start Frame": 360,
        "End Frame": 480,
        "Caption": "#C C looks around ; #C C walks around; #C C looks around; #C C walks in the workshop; #C C drops the hammer on the ground with his right hand"
    },
    {
        "Video Name": "0bf6287e-c12f-4205-88fb-aa215711dad4",
        "Start Frame": 480,
        "End Frame": 600,
        "Caption": "#C C drops the bucket; #C C places the bucket on the scaffold with his right hand; #C C drops the bucket on the scaffold with his right hand; #C C places the bucket on the scaffold with his right hand; #C C puts the bucket on the scaffold with his right hand"
    },
    {
        "Video Name": "0bf6287e-c12f-4205-88fb-aa215711dad4",
        "Start Frame": 600,
        "End Frame": 720,
        "Caption": "#C C picks the bucket; #C C puts the bucket down; #C C puts the bucket on the ladder; #C C drops the bucket on the scaffold with his right hand; #C C puts the bucket down"
    },
    {
        "Video Name": "0bf6287e-c12f-4205-88fb-aa215711dad4",
        "Start Frame": 720,
        "End Frame": 840,
        "Caption": "#C C picks a bucket ; #C C picks up the plastic container from the concrete staircase with his right; #C C picks the can of water; #C C picks a bucket; #C C picks the plastic conduit"
    },
    {
        "Video Name": "0bf6287e-c12f-4205-88fb-aa215711dad4",
        "Start Frame": 840,
        "End Frame": 960,
        "Caption": "#C C takes the bulb; #C C picks a bulb ; #C C picks a container; #C C picks a plastic conduit from the concrete pavement with his gloved right hand; #C C picks a container"
    },
    {
        "Video Name": "0bf6287e-c12f-4205-88fb-aa215711dad4",
        "Start Frame": 960,
        "End Frame": 1080,
        "Caption": "#C C throws the plastic; #C C drops the bottle on the concrete wall with his right hand; #C C puts the tin on the wall; #C C puts the container down; #C C places the container on the wall"
    },
    {
        "Video Name": "0bf6287e-c12f-4205-88fb-aa215711dad4",
        "Start Frame": 1080,
        "End Frame": 1200,
        "Caption": "#C C picks a concrete stone from the bucket; #C C picks a rock ; #C C picks up a piece of rock; #C C picks the concrete stone; #C C picks the stone"
    },
    {
        "Video Name": "0bf6287e-c12f-4205-88fb-aa215711dad4",
        "Start Frame": 1200,
        "End Frame": 1320,
        "Caption": "#C C places the concrete in the; #C C picks up the concrete stone; #C C inserts the concrete in the; #C C looks at the hole; #C C puts the concrete in the"
    },
    {
        "Video Name": "0bf6287e-c12f-4205-88fb-aa215711dad4",
        "Start Frame": 1320,
        "End Frame": 1440,
        "Caption": "#C C puts the concrete in the; #C C picks a concrete stone ; #C C removes concrete from the hole; #C C picks a concrete stone; #C C picks a concrete rock"
    },
    {
        "Video Name": "0bf6287e-c12f-4205-88fb-aa215711dad4",
        "Start Frame": 1440,
        "End Frame": 1560,
        "Caption": "#C C drills the hole ; #C C fixes a metal in the; #C C puts concrete in the hole; #C C inserts the concrete in the; #C C Fixes concrete on a wall"
    },
    {
        "Video Name": "0bf6287e-c12f-4205-88fb-aa215711dad4",
        "Start Frame": 1560,
        "End Frame": 1680,
        "Caption": "#C C picks the trowel; #C C takes some concrete from the bucket with the trow; #C C picks the trowel ; #C C takes the concrete trowel from the bucket; #C C picks a trowel "
    },
    {
        "Video Name": "0bf6287e-c12f-4205-88fb-aa215711dad4",
        "Start Frame": 1680,
        "End Frame": 1800,
        "Caption": "#C C fixes the concrete stone on the; #C C puts a stone on the concrete; #C C puts the concrete in the hole; #C C puts the concrete on the hole; #C C puts concrete in the hole"
    },
    {
        "Video Name": "0bf6287e-c12f-4205-88fb-aa215711dad4",
        "Start Frame": 1800,
        "End Frame": 1920,
        "Caption": "#C C inserts the stone into the hole in the; #C C puts concrete on the wall; #C C touches the hole with his hand; #C C removes concrete with the trowel; #C C puts the soil cement into the hole"
    },
    {
        "Video Name": "0bf6287e-c12f-4205-88fb-aa215711dad4",
        "Start Frame": 1920,
        "End Frame": 2040,
        "Caption": "#C C picks up the plastic; #C C picks up the container; #C C picks a container; #c c picks a trowel from the; #C C picks up a plastic"
    },
    {
        "Video Name": "0bf6287e-c12f-4205-88fb-aa215711dad4",
        "Start Frame": 2040,
        "End Frame": 2160,
        "Caption": "#C C picks the container; #C C puts the container down; #C C picks up the container; #C C picks the bottle top; #C C puts down the plastic"
    },
    {
        "Video Name": "0bf6287e-c12f-4205-88fb-aa215711dad4",
        "Start Frame": 2160,
        "End Frame": 2280,
        "Caption": "#C C puts the jar down; #C C puts the jug on the; #C C puts a jug on the; #C C puts the bucket on the; #C C puts jug on the wall"
    },
    {
        "Video Name": "0bf6287e-c12f-4205-88fb-aa215711dad4",
        "Start Frame": 2280,
        "End Frame": 2400,
        "Caption": "#C C picks a container; #C C picks a container; #C C picks a plastic tin from the; #C C picks a container ; #C C picks the container"
    },
    {
        "Video Name": "0bf6287e-c12f-4205-88fb-aa215711dad4",
        "Start Frame": 2400,
        "End Frame": 2520,
        "Caption": "#C C picks a screw ; #C C throws a screw in the; #C C drops bulb holder on the; #C C drops the box ; #C C drops plastic on the floor"
    },
    {
        "Video Name": "0bf6287e-c12f-4205-88fb-aa215711dad4",
        "Start Frame": 2520,
        "End Frame": 2640,
        "Caption": "#C C picks the screw driver; #C C drops the screwdriver ; #C C puts the screwdriver on the; #C C picks up a plastic; #C C picks a screw driver "
    },
    {
        "Video Name": "0bf6287e-c12f-4205-88fb-aa215711dad4",
        "Start Frame": 2640,
        "End Frame": 2760,
        "Caption": "#C C puts a screw driver on the floor; #C C puts the plastic aside; #C C puts the screw driver on the floor; #C C puts a plastic in the ground; #C C drops the tools"
    },
    {
        "Video Name": "0bf6287e-c12f-4205-88fb-aa215711dad4",
        "Start Frame": 2760,
        "End Frame": 2880,
        "Caption": "#C C picks the pipe; #C C picks the pipe; #C C picks a pipe; #C C picks up the; #C C Picks a pipe"
    },
    {
        "Video Name": "0bf6287e-c12f-4205-88fb-aa215711dad4",
        "Start Frame": 2880,
        "End Frame": 3000,
        "Caption": "#C C picks a pliers; #C C places the pliers on the; #C C picks the pliers; #C C picks the pliers; #C C cuts the tube with the pl"
    },
    {
        "Video Name": "0bf6287e-c12f-4205-88fb-aa215711dad4",
        "Start Frame": 3000,
        "End Frame": 3120,
        "Caption": "#C C cuts the cable ; #C C cuts the cable; #C C cuts the pipe; #C C cuts the cables; #C C fixes the pipe in the air"
    },
    {
        "Video Name": "0bf6287e-c12f-4205-88fb-aa215711dad4",
        "Start Frame": 3120,
        "End Frame": 3240,
        "Caption": "#C C picks a pipe; #C C inserts the plastic conduit into the adapter; #C C inserts the nozzle in the nozzle adapter ; #C C removes the electric screw driver from the plastic; #C C removes the bulb from the bulb holder"
    },
    {
        "Video Name": "0bf6287e-c12f-4205-88fb-aa215711dad4",
        "Start Frame": 3240,
        "End Frame": 3360,
        "Caption": "#C C drops the pipe ; #C C cuts the pipe; #C C removes the pipe from the nozzle; #C C places the nozzle in his right hand on the floor.; #C C drops the plier on the ground with his gloved right hand"
    },
    {
        "Video Name": "0bf6287e-c12f-4205-88fb-aa215711dad4",
        "Start Frame": 3360,
        "End Frame": 3480,
        "Caption": "#C C holds the pipe; #C C fixes the pipe on the wall; #C C attaches the pipe to the wall; #C C inserts the pipe into the hole in the concrete; #C C connects the pipe to the hook"
    },
    {
        "Video Name": "0bf6287e-c12f-4205-88fb-aa215711dad4",
        "Start Frame": 3480,
        "End Frame": 3600,
        "Caption": "#C C removes the plastic conduit from the wall with his left hand; #C C puts the spade on the wall; #C C drops the pipe; #C C puts the tube on the wall; #C C drops the nozzle on the wall"
    },
    {
        "Video Name": "0bf6287e-c12f-4205-88fb-aa215711dad4",
        "Start Frame": 3600,
        "End Frame": 3720,
        "Caption": "#C C scoops the concrete mixture with the trow; #C C scoops the concrete mixture with a trow; #C C scoops the concrete mixture with a trow; #C C scoops the concrete mixture with a trow; #C C scoops cement "
    },
    {
        "Video Name": "0bf6287e-c12f-4205-88fb-aa215711dad4",
        "Start Frame": 3720,
        "End Frame": 3840,
        "Caption": "#C C scoops concrete from the bucket; #C C puts the concrete in the bucket; #C C scoops the concrete; #C C takes cement mixture with trowel; #C C scoops the concrete"
    },
    {
        "Video Name": "0bf6287e-c12f-4205-88fb-aa215711dad4",
        "Start Frame": 3840,
        "End Frame": 3960,
        "Caption": "#C C pours concrete on the wall ; #C C scoops the concrete mixture with a trowel; #C C scoops the concrete with the trowel; #C C scoops the concrete mixture with a trowel; #C C takes the concrete sand from the bucket with a trow"
    },
    {
        "Video Name": "0bf6287e-c12f-4205-88fb-aa215711dad4",
        "Start Frame": 3960,
        "End Frame": 4080,
        "Caption": "#C C scoops the concrete mixture with a trow; #C C scoops the concrete mixture with a trow; #C C scoops the concrete mixture with a trow; #C C scoops the concrete mixture with a trow; #C C scoops the concrete mixture with a trow"
    },
    {
        "Video Name": "0bf6287e-c12f-4205-88fb-aa215711dad4",
        "Start Frame": 4080,
        "End Frame": 4200,
        "Caption": "#C C puts cement in the hole with shovel; #C C removes the cement; #C C puts cement in the hole; #C C scoops the concrete mixture with a trow; #C C scoops cement mixture with a trowel"
    },
    {
        "Video Name": "0bf6287e-c12f-4205-88fb-aa215711dad4",
        "Start Frame": 4200,
        "End Frame": 4320,
        "Caption": "#C C puts the concrete in the wall; #C C puts cement in the wall; #C C puts the cement in the concrete; #C C puts the concrete in the wall; #C C puts concrete in the bricks "
    },
    {
        "Video Name": "0bf6287e-c12f-4205-88fb-aa215711dad4",
        "Start Frame": 4320,
        "End Frame": 4440,
        "Caption": "#C C pours concrete on the wall; #C C puts cement on the wall; #C C puts cement mixture on the pillar with a trowel; #C C pastes the concrete mixture on the wall with a trow; #C C puts concrete in the hole"
    },
    {
        "Video Name": "0bf6287e-c12f-4205-88fb-aa215711dad4",
        "Start Frame": 4440,
        "End Frame": 4560,
        "Caption": "#C C looks around ; #C C looks around; #C C drops the trowel in the; #C C looks at the bucket ; #C C looks around"
    },
    {
        "Video Name": "0bf6287e-c12f-4205-88fb-aa215711dad4",
        "Start Frame": 4560,
        "End Frame": 4680,
        "Caption": "#C C picks up the pipe; #C C picks the plier from the bucket with his right hand.; #C C picks up a pliers ; #C C picks a plier from the bucket with his gloved right hand; #C C picks the plier from the bucket with his right hand."
    },
    {
        "Video Name": "0bf6287e-c12f-4205-88fb-aa215711dad4",
        "Start Frame": 4680,
        "End Frame": 4800,
        "Caption": "#C C places the nozzle in the hole; #C C inserts the concrete in the hole; #C C fixes the hole in the wall with the; #C C inserts the concrete; #C C touches the wall"
    },
    {
        "Video Name": "0bf6287e-c12f-4205-88fb-aa215711dad4",
        "Start Frame": 4800,
        "End Frame": 4920,
        "Caption": "#C C inserts the plastic tube in the; #C C inserts the stone in the hole; #C C pushes the cement into the hole; #C C puts the concrete in the hole; #C C inserts the concrete on the hole"
    },
    {
        "Video Name": "0bf6287e-c12f-4205-88fb-aa215711dad4",
        "Start Frame": 4920,
        "End Frame": 5040,
        "Caption": "#C C scoops the concrete mixture with a trowel; #C C picks the trowel ; #C C scoops the concrete mixture with a trowel; #C C scoops the concrete mixture with a trowel; #C C scoops the concrete"
    },
    {
        "Video Name": "0bf6287e-c12f-4205-88fb-aa215711dad4",
        "Start Frame": 5040,
        "End Frame": 5160,
        "Caption": "#C C puts cement in the concrete mixer; #C C collects concrete mixture with a trowel; #C C puts concrete on the wall; #C C cements a wall with the shovel ; #C C scoops cement mixture with a trow"
    },
    {
        "Video Name": "0bf6287e-c12f-4205-88fb-aa215711dad4",
        "Start Frame": 5160,
        "End Frame": 5280,
        "Caption": "#C C puts the concrete in the concrete mixer bucket; #C C scoops the concrete mixture with a trow; #C C takes the concrete mixture with a trowel; #C C scoops the concrete mixture with a trow; #C C scoops cement mixture with trowel"
    },
    {
        "Video Name": "0bf6287e-c12f-4205-88fb-aa215711dad4",
        "Start Frame": 5280,
        "End Frame": 5400,
        "Caption": "#C C pours the mortar on the wall; #C C scoops the concrete mixture with a trow; #C C scoops the concrete mixture with a trow; #C C scoops the concrete mixture with a trow; #C C applies cement on the wall with a trow"
    }
]