[
    {
        "Video Name": "0c1dbf9c-799e-4d62-907e-5c5f16319ae5",
        "Start Frame": 0,
        "End Frame": 120,
        "Caption": "#C C touches the door ; #C C walks around; #C C takes the bed sheet from the bed with her right hand; #C C moves the curtain ; #C C walks around the room"
    },
    {
        "Video Name": "0c1dbf9c-799e-4d62-907e-5c5f16319ae5",
        "Start Frame": 120,
        "End Frame": 240,
        "Caption": "#C C walks around the room; #C C walks around; #C C walks in the room; #c c walks in the house; #C C walks around"
    },
    {
        "Video Name": "0c1dbf9c-799e-4d62-907e-5c5f16319ae5",
        "Start Frame": 240,
        "End Frame": 360,
        "Caption": "#C C walks around.; #C C walks in the room; #C C looks around the room; #C C walks in the room; #c c walk around"
    },
    {
        "Video Name": "0c1dbf9c-799e-4d62-907e-5c5f16319ae5",
        "Start Frame": 360,
        "End Frame": 480,
        "Caption": "#c c walk around; #C C picks pillow case; #C C walks around the; #C C walks in the; #C C walks in the"
    },
    {
        "Video Name": "0c1dbf9c-799e-4d62-907e-5c5f16319ae5",
        "Start Frame": 480,
        "End Frame": 600,
        "Caption": "#c c take the pillow case; #C C spreads the bed; #c c fold the cloth; #C C walks around the house ; #C C holds the duvet on the bed with both hands"
    },
    {
        "Video Name": "0c1dbf9c-799e-4d62-907e-5c5f16319ae5",
        "Start Frame": 600,
        "End Frame": 720,
        "Caption": "#c c takes the pillow; #C C takes the pillows; #c c pick the pillow; #c c remove the pillow; #c c take the pillow"
    },
    {
        "Video Name": "0c1dbf9c-799e-4d62-907e-5c5f16319ae5",
        "Start Frame": 720,
        "End Frame": 840,
        "Caption": "#C C picks a pillow; #C C spreads pillow; #C C takes the duvet from the; #C C takes the pillow from the bed; #C C puts pillow on the bed"
    },
    {
        "Video Name": "0c1dbf9c-799e-4d62-907e-5c5f16319ae5",
        "Start Frame": 840,
        "End Frame": 960,
        "Caption": "#C C spreads the bed; #C C picks the pillows; #C C  puts pillow on bed; #c c put the pillow on the bed; #C C picks a pillow from the floor with his right hand"
    },
    {
        "Video Name": "0c1dbf9c-799e-4d62-907e-5c5f16319ae5",
        "Start Frame": 960,
        "End Frame": 1080,
        "Caption": "#c c pick the pillow; #c c fold the pillow; #C C picks pillow; #C C puts pillow in the; #c c fold the pillow"
    },
    {
        "Video Name": "0c1dbf9c-799e-4d62-907e-5c5f16319ae5",
        "Start Frame": 1080,
        "End Frame": 1200,
        "Caption": "#C C picks up the; #C C picks up the; #C C spreads the pillow; #C C folds duvet; #C C holds the pillow"
    },
    {
        "Video Name": "0c1dbf9c-799e-4d62-907e-5c5f16319ae5",
        "Start Frame": 1200,
        "End Frame": 1320,
        "Caption": "#C C puts the pillow on the bed; #C C puts pillow in the bed; #c c put the pillow on the bed; #C C places the pillow on the bed; #C C puts the pillow on the bed"
    },
    {
        "Video Name": "0c1dbf9c-799e-4d62-907e-5c5f16319ae5",
        "Start Frame": 1320,
        "End Frame": 1440,
        "Caption": "#c c spread the pillow case; #c c straighten duvet ; #c c unfold the pillowcase; #c c put the pillow in the pillow; #c c hold the pillowcase"
    },
    {
        "Video Name": "0c1dbf9c-799e-4d62-907e-5c5f16319ae5",
        "Start Frame": 1440,
        "End Frame": 1560,
        "Caption": "#c c put the pillow in the pillow; #C C removes pillow case; #c c put the pillow on the bed; #C C puts pillow on the bed; #c c put the pillow in the pillow"
    },
    {
        "Video Name": "0c1dbf9c-799e-4d62-907e-5c5f16319ae5",
        "Start Frame": 1560,
        "End Frame": 1680,
        "Caption": "#C C arranges pillow on the; #C C picks pillow; #c c arrange the pillow; #c c removes pillow case; #c c picks pillow"
    },
    {
        "Video Name": "0c1dbf9c-799e-4d62-907e-5c5f16319ae5",
        "Start Frame": 1680,
        "End Frame": 1800,
        "Caption": "#C C puts pillow case on the; #C C spreads the pillow case ; #C C puts the pillow on the; #c c puts pillow on the bed; #C C puts pillow case on the"
    },
    {
        "Video Name": "0c1dbf9c-799e-4d62-907e-5c5f16319ae5",
        "Start Frame": 1800,
        "End Frame": 1920,
        "Caption": "#C C turns pillow; #C C takes the pillow; #C C lifts up a pillow; #C C takes a pillow from the bed with his left hand; #c c picks pillow"
    },
    {
        "Video Name": "0c1dbf9c-799e-4d62-907e-5c5f16319ae5",
        "Start Frame": 1920,
        "End Frame": 2040,
        "Caption": "#c c picks pillow; #C C arranges pillow; #c c puts the pillow on the; #c c pick the pillow; #C C takes a pillow"
    },
    {
        "Video Name": "0c1dbf9c-799e-4d62-907e-5c5f16319ae5",
        "Start Frame": 2040,
        "End Frame": 2160,
        "Caption": "#C C folds the bedcover; #C C lifts the beddings; #C C spreads the bed; #C C picks up duvet from the; #c c straighten the sheet"
    },
    {
        "Video Name": "0c1dbf9c-799e-4d62-907e-5c5f16319ae5",
        "Start Frame": 2160,
        "End Frame": 2280,
        "Caption": "#C C spreads duvet ; #c c folds duvet; #C C spreads the bed; #C C puts the pillow on the; #c c fold pillowcase"
    },
    {
        "Video Name": "0c1dbf9c-799e-4d62-907e-5c5f16319ae5",
        "Start Frame": 2280,
        "End Frame": 2400,
        "Caption": "#C C spreads the duvet ; #c c pull the mattress; #c c straighten duvet; #c c unfolds duvet; #C C removes pillow cover from the"
    },
    {
        "Video Name": "0c1dbf9c-799e-4d62-907e-5c5f16319ae5",
        "Start Frame": 2400,
        "End Frame": 2520,
        "Caption": "#c c remove the pillow cover; #C C picks up duvet; #c c picks duvet; #c c put the pillow down; #C C lifts up duvet"
    },
    {
        "Video Name": "0c1dbf9c-799e-4d62-907e-5c5f16319ae5",
        "Start Frame": 2520,
        "End Frame": 2640,
        "Caption": "#c c put the pillow on the; #c c walk around; #C C walks around the house; #c c walk around; #c c walk around"
    },
    {
        "Video Name": "0c1dbf9c-799e-4d62-907e-5c5f16319ae5",
        "Start Frame": 2640,
        "End Frame": 2760,
        "Caption": "#c c put the pillow on the; #c c pick the pillow; #C C walks around the room ; #C C picks the pillows; #c c pick the pillow"
    },
    {
        "Video Name": "0c1dbf9c-799e-4d62-907e-5c5f16319ae5",
        "Start Frame": 2760,
        "End Frame": 2880,
        "Caption": "#C C walks around the; #C C walks around the; #c c walks in the; #C C walks in the; #c c walks around"
    },
    {
        "Video Name": "0c1dbf9c-799e-4d62-907e-5c5f16319ae5",
        "Start Frame": 2880,
        "End Frame": 3000,
        "Caption": "#c c spread the bed; #c c pick the bedsheet from the; #c c put the sheet on the bed; #c c move the pillow; #c c pick the bedcover"
    },
    {
        "Video Name": "0c1dbf9c-799e-4d62-907e-5c5f16319ae5",
        "Start Frame": 3000,
        "End Frame": 3120,
        "Caption": "#c c spread the duvet on the bed; #C C puts the pillow on the bed; #c c fold duvet; #C C puts the pillow on the bed; #C C covers the duvet with a duvet"
    },
    {
        "Video Name": "0c1dbf9c-799e-4d62-907e-5c5f16319ae5",
        "Start Frame": 3120,
        "End Frame": 3240,
        "Caption": "#c c remove the duvet from the duvet; #C C lifts pillow; #C C picks up the pillow; #C C puts the pillow on the bed; #C C folds the pillowcase"
    },
    {
        "Video Name": "0c1dbf9c-799e-4d62-907e-5c5f16319ae5",
        "Start Frame": 3240,
        "End Frame": 3360,
        "Caption": "#C C puts the duvet on the bed; #C C lifts duvet ; #C C spreads duvet; #C C spreads duvet ; #C C takes the beddings from the"
    },
    {
        "Video Name": "0c1dbf9c-799e-4d62-907e-5c5f16319ae5",
        "Start Frame": 3360,
        "End Frame": 3480,
        "Caption": "#c c spread duvet; #C C spreads the bed; #C C spreads duvet on bed; #c c spreads duvet on the; #C C spreads the bed"
    },
    {
        "Video Name": "0c1dbf9c-799e-4d62-907e-5c5f16319ae5",
        "Start Frame": 3480,
        "End Frame": 3600,
        "Caption": "#C C spreads duvet; #c c spread the bed; #C C spreads duvet; #C C spreads the bed; #c c spread the sheet on the"
    },
    {
        "Video Name": "0c1dbf9c-799e-4d62-907e-5c5f16319ae5",
        "Start Frame": 3600,
        "End Frame": 3720,
        "Caption": "#c c move the; #C C spreads the; #C C spreads the; #C C spreads the; #c c pull the"
    },
    {
        "Video Name": "0c1dbf9c-799e-4d62-907e-5c5f16319ae5",
        "Start Frame": 3720,
        "End Frame": 3840,
        "Caption": "#c c put the sheet on the; #c c fold the bed sheet; #C C spreads the duvet cover; #c c pull duvet; #C C spreads the bed"
    },
    {
        "Video Name": "0c1dbf9c-799e-4d62-907e-5c5f16319ae5",
        "Start Frame": 3840,
        "End Frame": 3960,
        "Caption": "#C C picks the pillow; #c c pull duvet from the duvet; #c c pull the duvet; #C C touches the duvet ; #c c pull the sheet from the bed"
    },
    {
        "Video Name": "0c1dbf9c-799e-4d62-907e-5c5f16319ae5",
        "Start Frame": 3960,
        "End Frame": 4080,
        "Caption": "#C C walks around; #C C walks around; #c c walk around; #C C walks in the; #c c walk around"
    },
    {
        "Video Name": "0c1dbf9c-799e-4d62-907e-5c5f16319ae5",
        "Start Frame": 4080,
        "End Frame": 4200,
        "Caption": "#c c spread the; #c c move the; #C C spreads the; #C C spreads the; #c c spread the"
    },
    {
        "Video Name": "0c1dbf9c-799e-4d62-907e-5c5f16319ae5",
        "Start Frame": 4200,
        "End Frame": 4320,
        "Caption": "#C C spreads the; #C C spreads the; #c c spreads the; #c c spreads the; #C C spreads the"
    },
    {
        "Video Name": "0c1dbf9c-799e-4d62-907e-5c5f16319ae5",
        "Start Frame": 4320,
        "End Frame": 4440,
        "Caption": "#C C walks around the room; #C C walks around; #c c walks around; #C C walks around the room; #C C walks around "
    },
    {
        "Video Name": "0c1dbf9c-799e-4d62-907e-5c5f16319ae5",
        "Start Frame": 4440,
        "End Frame": 4560,
        "Caption": "#c c walk around; #c c walk around; #C C picks bedd; #C C walks around the; #c c walks around"
    },
    {
        "Video Name": "0c1dbf9c-799e-4d62-907e-5c5f16319ae5",
        "Start Frame": 4560,
        "End Frame": 4680,
        "Caption": "#C C spreads the bed; #C C spreads the bed; #c c pull the du; #C C spreads the bed; #C C picks the pill"
    },
    {
        "Video Name": "0c1dbf9c-799e-4d62-907e-5c5f16319ae5",
        "Start Frame": 4680,
        "End Frame": 4800,
        "Caption": "#c c pick the pillow; #C C picks the pillow; #c c remove the polythene from the; #c c arrange the pillow; #c c pick the pillow"
    },
    {
        "Video Name": "0c1dbf9c-799e-4d62-907e-5c5f16319ae5",
        "Start Frame": 4800,
        "End Frame": 4920,
        "Caption": "#C C spreads the bed ; #C C spreads the bed; #c c folds pillow case; #C C folds the bedd; #C C spreads the bed"
    },
    {
        "Video Name": "0c1dbf9c-799e-4d62-907e-5c5f16319ae5",
        "Start Frame": 4920,
        "End Frame": 5040,
        "Caption": "#C C spreads the bed; #C C spreads the bed; #C C spreads bed; #C C spreads the bed; #C C spreads the bed"
    },
    {
        "Video Name": "0c1dbf9c-799e-4d62-907e-5c5f16319ae5",
        "Start Frame": 5040,
        "End Frame": 5160,
        "Caption": "#C C puts beddings on the bed; #C C spreads the bed; #C C moves around; #C C walks around the bed; #C C spreads the bed"
    },
    {
        "Video Name": "0c1dbf9c-799e-4d62-907e-5c5f16319ae5",
        "Start Frame": 5160,
        "End Frame": 5280,
        "Caption": "#C C spreads the bed; #C C spreads bed ; #C C spreads the bed; #C C folds bed; #c c spreads the bed"
    },
    {
        "Video Name": "0c1dbf9c-799e-4d62-907e-5c5f16319ae5",
        "Start Frame": 5280,
        "End Frame": 5400,
        "Caption": "#C C closes the table; #C C opens the bed; #C C opens the bed; #C C closes the bed; #C C moves the bed"
    }
]