[
    {
        "Video Name": "0c3ab029-4ab6-473d-9ebe-557b74379b77",
        "Start Frame": 0,
        "End Frame": 120,
        "Caption": "#C C looks at the; #C C operates the phone; #C C operates the phone; #C C operates a phone; #C C operates the phone"
    },
    {
        "Video Name": "0c3ab029-4ab6-473d-9ebe-557b74379b77",
        "Start Frame": 120,
        "End Frame": 240,
        "Caption": "#C C types on a computer; #C C types on the keyboard; #C C types on the keyboard; #C C types on a computer; #C C types on a computer"
    },
    {
        "Video Name": "0c3ab029-4ab6-473d-9ebe-557b74379b77",
        "Start Frame": 240,
        "End Frame": 360,
        "Caption": "#C C holds a phone in his hand.; #C C holds a phone with his right hand; #C C holds a phone; #C C operates the phone with his left hand; #C C operates the phone"
    },
    {
        "Video Name": "0c3ab029-4ab6-473d-9ebe-557b74379b77",
        "Start Frame": 360,
        "End Frame": 480,
        "Caption": "#C C looks at a monitor; #C C looks at the monitor; #C C drops the phone on the; #C C stares at the monitor; #C C stares at the monitor's"
    },
    {
        "Video Name": "0c3ab029-4ab6-473d-9ebe-557b74379b77",
        "Start Frame": 480,
        "End Frame": 600,
        "Caption": "#C C looks around the house; #O A man X interacts with; #C C looks around the house; #C C looks around the room; #C C looks around the room"
    },
    {
        "Video Name": "0c3ab029-4ab6-473d-9ebe-557b74379b77",
        "Start Frame": 600,
        "End Frame": 720,
        "Caption": "#C C looks at the monitor ; #C C operates a computer; #C C operates a computer with a mouse; #C C operates the computer; #C C removes his left hand from the"
    },
    {
        "Video Name": "0c3ab029-4ab6-473d-9ebe-557b74379b77",
        "Start Frame": 720,
        "End Frame": 840,
        "Caption": "#C C moves the head; #C C looks around the; #C C turns the head; #C C moves his head; #C C turns the head"
    },
    {
        "Video Name": "0c3ab029-4ab6-473d-9ebe-557b74379b77",
        "Start Frame": 840,
        "End Frame": 960,
        "Caption": "#C C stares at the monitor; #C C moves the mouse pointer on the; #C C stares at the monitor; #C C operates the computer; #C C scrolls the computer"
    },
    {
        "Video Name": "0c3ab029-4ab6-473d-9ebe-557b74379b77",
        "Start Frame": 960,
        "End Frame": 1080,
        "Caption": "#C C stares at the computer; #C C reads from the computer; #C C scrolls down the computer; #C C stares at the monitor; #C C types on a computer"
    },
    {
        "Video Name": "0c3ab029-4ab6-473d-9ebe-557b74379b77",
        "Start Frame": 1080,
        "End Frame": 1200,
        "Caption": "#C C stares at the monitor; #C C types on a key board with the mouse; #C C stares at the monitor; #C C reads from the screen; #C C stares at the screen"
    },
    {
        "Video Name": "0c3ab029-4ab6-473d-9ebe-557b74379b77",
        "Start Frame": 1200,
        "End Frame": 1320,
        "Caption": "#C C reads the notes in the; #C C stares at the computer; #C C stares at the monitor; #C C stares at the monitor; #C C reads from the computer"
    },
    {
        "Video Name": "0c3ab029-4ab6-473d-9ebe-557b74379b77",
        "Start Frame": 1320,
        "End Frame": 1440,
        "Caption": "#C C stares at the; #C C stares at the; #C C stares at the; #C C stares at the; #C C stares at the"
    },
    {
        "Video Name": "0c3ab029-4ab6-473d-9ebe-557b74379b77",
        "Start Frame": 1440,
        "End Frame": 1560,
        "Caption": "#C C types on a computer; #C C operates a computer; #C C stares at the monitor; #C C looks at the monitor; #C C looks at the computer"
    },
    {
        "Video Name": "0c3ab029-4ab6-473d-9ebe-557b74379b77",
        "Start Frame": 1560,
        "End Frame": 1680,
        "Caption": "#C C looks at the desktop; #C C looks at the desktop; #C C stares at the monitor; #C C looks at the computer; #C C types on a computer"
    },
    {
        "Video Name": "0c3ab029-4ab6-473d-9ebe-557b74379b77",
        "Start Frame": 1680,
        "End Frame": 1800,
        "Caption": "#C C operates the phone; #C C presses the phone; #C C operates the phone; #C C types on a; #C C operates the phone"
    },
    {
        "Video Name": "0c3ab029-4ab6-473d-9ebe-557b74379b77",
        "Start Frame": 1800,
        "End Frame": 1920,
        "Caption": "#C C types on a computer; #C C types on a keyboard; #C C holds a phone; #C C looks at the desktop; #C C types on a keyboard"
    },
    {
        "Video Name": "0c3ab029-4ab6-473d-9ebe-557b74379b77",
        "Start Frame": 1920,
        "End Frame": 2040,
        "Caption": "#C C types on her computer; #C C types on her computer; #C C uses the phone.; #C C looks at the phone; #C C stares on the screen"
    },
    {
        "Video Name": "0c3ab029-4ab6-473d-9ebe-557b74379b77",
        "Start Frame": 2040,
        "End Frame": 2160,
        "Caption": "#C C types on the; #C C types on the; #C C types on a; #C C types on the; #C C types on the"
    },
    {
        "Video Name": "0c3ab029-4ab6-473d-9ebe-557b74379b77",
        "Start Frame": 2160,
        "End Frame": 2280,
        "Caption": "#C C stares at the monitor; #C C stares at the monitor; #C C stares at the computer; #C C stares at the screen; #C C moves the head up"
    },
    {
        "Video Name": "0c3ab029-4ab6-473d-9ebe-557b74379b77",
        "Start Frame": 2280,
        "End Frame": 2400,
        "Caption": "#C C scrolls the computer; #C C Looks at a computer; #C C types on a computer; #C C scrolls down the document; #C C stares at the screen"
    },
    {
        "Video Name": "0c3ab029-4ab6-473d-9ebe-557b74379b77",
        "Start Frame": 2400,
        "End Frame": 2520,
        "Caption": "#C C scrolls the computer; #C C looks at the monitor; #C C operates the computer; #C C stares at the monitor; #C C looks at the desktop"
    },
    {
        "Video Name": "0c3ab029-4ab6-473d-9ebe-557b74379b77",
        "Start Frame": 2520,
        "End Frame": 2640,
        "Caption": "#C C scrolls the computer.; #C C looks at the desktop; #C C scrolls the mouse; #C C looks at the monitor; #C C stares at the monitor"
    },
    {
        "Video Name": "0c3ab029-4ab6-473d-9ebe-557b74379b77",
        "Start Frame": 2640,
        "End Frame": 2760,
        "Caption": "#C C stares at the computer; #C C looks at the desktop; #C C stares at the computer; #C C scrolls the computer; #C C stares at the monitor"
    },
    {
        "Video Name": "0c3ab029-4ab6-473d-9ebe-557b74379b77",
        "Start Frame": 2760,
        "End Frame": 2880,
        "Caption": "#C C stares at the monitor; #C C stares at the computer; #C C stares at the monitor; #C C operates the mouse; #C C  reads on the"
    },
    {
        "Video Name": "0c3ab029-4ab6-473d-9ebe-557b74379b77",
        "Start Frame": 2880,
        "End Frame": 3000,
        "Caption": "#C C scrolls the computer mouse ; #C C operates a computer; #C C clicks the mouse with her right hand; #C C clicks a mouse with his right hand.; #C C operates a mouse with his right hand."
    },
    {
        "Video Name": "0c3ab029-4ab6-473d-9ebe-557b74379b77",
        "Start Frame": 3000,
        "End Frame": 3120,
        "Caption": "#C C drops the phone on the table; #C C drops the phone on the table; #C C scrolls the phone ; #C C presses a phone; #C C operates the phone "
    },
    {
        "Video Name": "0c3ab029-4ab6-473d-9ebe-557b74379b77",
        "Start Frame": 3120,
        "End Frame": 3240,
        "Caption": "#C C stares at the computer; #C C operates a computer ; #C C uses the desktop; #C C stares at the screen; #C C stares at the monitor"
    },
    {
        "Video Name": "0c3ab029-4ab6-473d-9ebe-557b74379b77",
        "Start Frame": 3240,
        "End Frame": 3360,
        "Caption": "#C C places the phone on the table.; #C C operates the computer; #C C presses the keyboard on the table.; #C C drops the phone on the table with his left; #C C stares at the monitor"
    },
    {
        "Video Name": "0c3ab029-4ab6-473d-9ebe-557b74379b77",
        "Start Frame": 3360,
        "End Frame": 3480,
        "Caption": "#C C places his left hand on the table.; #C C presses a keyboard on a table with his left hand.; #C C places his left hand on the keyboard on the table.; #C C removes his left hand from the keyboard on the table.; #C C looks at the monitor "
    },
    {
        "Video Name": "0c3ab029-4ab6-473d-9ebe-557b74379b77",
        "Start Frame": 3480,
        "End Frame": 3600,
        "Caption": "#C C places his right hand on the table.; #C C touches the keyboard; #C C operates a computer on a table with a; #C C clicks on the keyboard.; #C C looks at a monitor"
    },
    {
        "Video Name": "0c3ab029-4ab6-473d-9ebe-557b74379b77",
        "Start Frame": 3600,
        "End Frame": 3720,
        "Caption": "#C C writes on the book; #C C writes on a book; #C C writes on the book with the; #C C writes on a book; #C C writes on a book with a"
    },
    {
        "Video Name": "0c3ab029-4ab6-473d-9ebe-557b74379b77",
        "Start Frame": 3720,
        "End Frame": 3840,
        "Caption": "#C C clicks on the mouse with his right hand; #C C touches the mouse with his right hand.; #C C operates the mouse on the table.; #C C holds the mouse with her right hand.; #C C clicks on the mouse with his right hand"
    },
    {
        "Video Name": "0c3ab029-4ab6-473d-9ebe-557b74379b77",
        "Start Frame": 3840,
        "End Frame": 3960,
        "Caption": "#C C stares at the monitor's; #C C looks at a monitor; #C C stares at the monitor's; #C C looks at a monitor ; #C C stares at the monitor's"
    },
    {
        "Video Name": "0c3ab029-4ab6-473d-9ebe-557b74379b77",
        "Start Frame": 3960,
        "End Frame": 4080,
        "Caption": "#C C looks at the desktop computer screen.; #C C looks at a monitor; #C C looks around the table; #C C looks around a room; #C C stares at a computer on a table"
    },
    {
        "Video Name": "0c3ab029-4ab6-473d-9ebe-557b74379b77",
        "Start Frame": 4080,
        "End Frame": 4200,
        "Caption": "#C C stares at the computer monitor; #C C operates a mouse on a table. ; #C C looks at the desktop screen on the table; #C C looks at the monitor ; #C C looks at a monitor\n"
    },
    {
        "Video Name": "0c3ab029-4ab6-473d-9ebe-557b74379b77",
        "Start Frame": 4200,
        "End Frame": 4320,
        "Caption": "#C C stares at monitor ; #C C operates the computer; #C C clicks on the mouse with his right hand.; #C C operates the computer; #C C types on a computer keyboard with his right hand"
    },
    {
        "Video Name": "0c3ab029-4ab6-473d-9ebe-557b74379b77",
        "Start Frame": 4320,
        "End Frame": 4440,
        "Caption": "#C C operates the mouse with his right hand; #C C looks at the other side of the; #C C moves the mouse pointer on the table; #C C looks at the monitor\n; #C C stares at the screen"
    },
    {
        "Video Name": "0c3ab029-4ab6-473d-9ebe-557b74379b77",
        "Start Frame": 4440,
        "End Frame": 4560,
        "Caption": "#C C stares at the monitor; #C C scrolls the computer ; #C C clicks the mouse.; #C C clicks on the mouse; #C C stares at the computer"
    },
    {
        "Video Name": "0c3ab029-4ab6-473d-9ebe-557b74379b77",
        "Start Frame": 4560,
        "End Frame": 4680,
        "Caption": "#C C scrolls a mouse on a table; #C C scrolls the mouse with her right hand.; #C C clicks on the mouse with his right hand; #C C scrolls the computer with a mouse; #C C holds the mouse"
    },
    {
        "Video Name": "0c3ab029-4ab6-473d-9ebe-557b74379b77",
        "Start Frame": 4680,
        "End Frame": 4800,
        "Caption": "#C C operates the mouse with his right hand; #C C scrolls the mouse; #C C operates a computer with a mouse.; #C C holds a mouse ; #C C scrolls the mouse."
    },
    {
        "Video Name": "0c3ab029-4ab6-473d-9ebe-557b74379b77",
        "Start Frame": 4800,
        "End Frame": 4920,
        "Caption": "#C C uses the phone; #C C looks at the monitor; #C C looks at the computer; #C C looks at the monitor; #C C clicks on the mouse"
    },
    {
        "Video Name": "0c3ab029-4ab6-473d-9ebe-557b74379b77",
        "Start Frame": 4920,
        "End Frame": 5040,
        "Caption": "#C C looks at the screen; #C C turns the head left; #C C turns the head right; #C C looks around the table; #C C looks at the computer"
    },
    {
        "Video Name": "0c3ab029-4ab6-473d-9ebe-557b74379b77",
        "Start Frame": 5040,
        "End Frame": 5160,
        "Caption": "#C C looks at the monitor; #C C looks at the computer; #C C turns the head left; #C C operates a computer on the table with a mouse in his right hand; #C C types on a keyboard with his left hand."
    },
    {
        "Video Name": "0c3ab029-4ab6-473d-9ebe-557b74379b77",
        "Start Frame": 5160,
        "End Frame": 5280,
        "Caption": "#C C looks at the computer screen; #C C looks at the computer; #C C looks at the monitor; #C C types on a computer keyboard; #C C operates the computer"
    },
    {
        "Video Name": "0c3ab029-4ab6-473d-9ebe-557b74379b77",
        "Start Frame": 5280,
        "End Frame": 5400,
        "Caption": "#C C clicks on the keyboard; #C C looks at the computer; #C C operates a computer; #C C stares at the computer; #C C types on a key"
    }
]