[
    {
        "Video Name": "0cc5976c-a9c0-475b-9c79-c9eb45508c26",
        "Start Frame": 0,
        "End Frame": 120,
        "Caption": "#C C looks at the laptop ; #C C dips the paintbrush in the paint; #C C dips brush in the paint; #C C rubs the paintbrush on the; #C C brushes paint brush on paint"
    },
    {
        "Video Name": "0cc5976c-a9c0-475b-9c79-c9eb45508c26",
        "Start Frame": 120,
        "End Frame": 240,
        "Caption": "#C C rubs the brush on the paint; #C C rubs the brush on the paint; #C C scoops the paint with the painting brush; #C C rubs brush on paint; #C C rubs the paint brush on the paint"
    },
    {
        "Video Name": "0cc5976c-a9c0-475b-9c79-c9eb45508c26",
        "Start Frame": 240,
        "End Frame": 360,
        "Caption": "#C C looks at the; #C C looks at the; #C C checks the laptop; #C C stares at laptop; #C C looks at the"
    },
    {
        "Video Name": "0cc5976c-a9c0-475b-9c79-c9eb45508c26",
        "Start Frame": 360,
        "End Frame": 480,
        "Caption": "#C C paints the board; #C C paints the painting with the paint; #C C paints the wall board; #C C paints the board ; #C C paints the wall board"
    },
    {
        "Video Name": "0cc5976c-a9c0-475b-9c79-c9eb45508c26",
        "Start Frame": 480,
        "End Frame": 600,
        "Caption": "#C C paints on the drawing paint; #C C paints the wall board; #C C paints on a canvas with a paint; #C C paints the wall board; #C C paints the wall"
    },
    {
        "Video Name": "0cc5976c-a9c0-475b-9c79-c9eb45508c26",
        "Start Frame": 600,
        "End Frame": 720,
        "Caption": "#C C paints the board; #C C paints on the canvas with a paint; #C C paints the board ; #C C paints on the canvas with a paint; #C C paints the wall board"
    },
    {
        "Video Name": "0cc5976c-a9c0-475b-9c79-c9eb45508c26",
        "Start Frame": 720,
        "End Frame": 840,
        "Caption": "#C C paints the board ; #C C paints on the canvas with a paint; #C C paints on the canvas with a paint; #c c paints on the painting; #C C paints the board"
    },
    {
        "Video Name": "0cc5976c-a9c0-475b-9c79-c9eb45508c26",
        "Start Frame": 840,
        "End Frame": 960,
        "Caption": "#C C paints the board; #C C paints the wall with the paintbrush; #C C paints the board ; #C C paints on the canvas with a paint; #C C paints on the canvas with a paint"
    },
    {
        "Video Name": "0cc5976c-a9c0-475b-9c79-c9eb45508c26",
        "Start Frame": 960,
        "End Frame": 1080,
        "Caption": "#C C looks at the; #C C looks at the; #C C stares at the; #C C looks at the; #C C looks at the"
    },
    {
        "Video Name": "0cc5976c-a9c0-475b-9c79-c9eb45508c26",
        "Start Frame": 1080,
        "End Frame": 1200,
        "Caption": "#C C paints the wall board; #C C paints on the canvas with a paint; #C C paints on the canvas with a paint; #C C paints on the canvas with a paint; #C C paints on the canvas with a paint"
    },
    {
        "Video Name": "0cc5976c-a9c0-475b-9c79-c9eb45508c26",
        "Start Frame": 1200,
        "End Frame": 1320,
        "Caption": "#C C paints on the; #C C paints the wall; #C C paints the wall; #C C paints a board; #C C paints the wall"
    },
    {
        "Video Name": "0cc5976c-a9c0-475b-9c79-c9eb45508c26",
        "Start Frame": 1320,
        "End Frame": 1440,
        "Caption": "#C C paints on the canvas with a paint; #C C paints the painting with the paintbrush; #C C paints on the canvas with a paint; #C C paints the board; #C C paints the board"
    },
    {
        "Video Name": "0cc5976c-a9c0-475b-9c79-c9eb45508c26",
        "Start Frame": 1440,
        "End Frame": 1560,
        "Caption": "#C C paints on the canvas with a paint; #C C paints the board ; #C C paints the board; #C C paints on the paint board ; #C C paints the board with a paint brush"
    },
    {
        "Video Name": "0cc5976c-a9c0-475b-9c79-c9eb45508c26",
        "Start Frame": 1560,
        "End Frame": 1680,
        "Caption": "#C C paints on the canvas with an art; #C C paints on the canvas with a paint; #C C paints on the canvas with a paint; #C C paints on the canvas with a paint; #C C paints on the canvas with a paint"
    },
    {
        "Video Name": "0cc5976c-a9c0-475b-9c79-c9eb45508c26",
        "Start Frame": 1680,
        "End Frame": 1800,
        "Caption": "#C C paints on a canvas with a paint; #C C paints on the canvas with an art; #C C paints the board; #C C paints the board; #C C paints the board"
    },
    {
        "Video Name": "0cc5976c-a9c0-475b-9c79-c9eb45508c26",
        "Start Frame": 1800,
        "End Frame": 1920,
        "Caption": "#C C paints on the canvas with a paint; #C C looks at the laptop ; #C C paints the board; #C C paints the board; #C C paints the board"
    },
    {
        "Video Name": "0cc5976c-a9c0-475b-9c79-c9eb45508c26",
        "Start Frame": 1920,
        "End Frame": 2040,
        "Caption": "#C C paints the painting with the paint brush; #C C paints on the canvas with a paint; #C C paints on the canvas with a paint; #C C paints on the canvas with a paint; #C C paints on the canvas with a paint"
    },
    {
        "Video Name": "0cc5976c-a9c0-475b-9c79-c9eb45508c26",
        "Start Frame": 2040,
        "End Frame": 2160,
        "Caption": "#C C paints on the canvas with a paint; #C C looks at the laptop; #C C paints the wall with a paint brush; #C C looks at the laptop; #C C looks at the laptop"
    },
    {
        "Video Name": "0cc5976c-a9c0-475b-9c79-c9eb45508c26",
        "Start Frame": 2160,
        "End Frame": 2280,
        "Caption": "#C C paints the painting with the paintbrush; #C C paints the board; #C C paints the wall board; #C C paints the board; #C C paints on a canvas with a paint"
    },
    {
        "Video Name": "0cc5976c-a9c0-475b-9c79-c9eb45508c26",
        "Start Frame": 2280,
        "End Frame": 2400,
        "Caption": "#C C paints the wall board; #C C paints the wall with the paintbrush; #C C paints the painting with the paint brush; #C C paints the wall board; #C C paints on a canvas with a paint"
    },
    {
        "Video Name": "0cc5976c-a9c0-475b-9c79-c9eb45508c26",
        "Start Frame": 2400,
        "End Frame": 2520,
        "Caption": "#C C paints the wall with the brush; #C C paints on the canvas with a paint; #C C paints the wall; #C C paints the wall board; #C C paints the painting with the brush"
    },
    {
        "Video Name": "0cc5976c-a9c0-475b-9c79-c9eb45508c26",
        "Start Frame": 2520,
        "End Frame": 2640,
        "Caption": "#C C paints on the canvas with a paint; #C C paints the wall board; #C C paints the wall board; #C C paints on the canvas with a paint; #C C paints the wall board"
    },
    {
        "Video Name": "0cc5976c-a9c0-475b-9c79-c9eb45508c26",
        "Start Frame": 2640,
        "End Frame": 2760,
        "Caption": "#C C paints on the canvas with a paint; #C C paints on the canvas with a paint; #C C paints on the canvas with a paint; #C C paints the board; #C C paints the board"
    },
    {
        "Video Name": "0cc5976c-a9c0-475b-9c79-c9eb45508c26",
        "Start Frame": 2760,
        "End Frame": 2880,
        "Caption": "#C C paints on the canvas with a paint; #C C paints the board; #C C paints on the canvas with a paint; #C C paints on the canvas with a paint; #C C paints the board"
    },
    {
        "Video Name": "0cc5976c-a9c0-475b-9c79-c9eb45508c26",
        "Start Frame": 2880,
        "End Frame": 3000,
        "Caption": "#C C paints on the canvas with an art; #C C paints on the canvas with a paint; #C C paints the wall board; #C C paints on a canvas with a paint; #C C paints on the canvas with a paint"
    },
    {
        "Video Name": "0cc5976c-a9c0-475b-9c79-c9eb45508c26",
        "Start Frame": 3000,
        "End Frame": 3120,
        "Caption": "#C C paints the board; #C C paints the wall board; #C C paints the board; #C C paints the wall board; #C C paints on the canvas with a paint"
    },
    {
        "Video Name": "0cc5976c-a9c0-475b-9c79-c9eb45508c26",
        "Start Frame": 3120,
        "End Frame": 3240,
        "Caption": "#C C scratches the face; #C C rubs face; #C C scratches the face; #C C touches face; #C C moves hand"
    },
    {
        "Video Name": "0cc5976c-a9c0-475b-9c79-c9eb45508c26",
        "Start Frame": 3240,
        "End Frame": 3360,
        "Caption": "#C C looks at the laptop; #C C looks at the laptop; #C C looks at the laptop; #C C looks at the laptop; #C C looks at the laptop"
    },
    {
        "Video Name": "0cc5976c-a9c0-475b-9c79-c9eb45508c26",
        "Start Frame": 3360,
        "End Frame": 3480,
        "Caption": "#C C stares at the laptop; #C C stares at the laptop; #C C stares at the laptop; #C C looks at the laptop; #C C looks at the laptop"
    },
    {
        "Video Name": "0cc5976c-a9c0-475b-9c79-c9eb45508c26",
        "Start Frame": 3480,
        "End Frame": 3600,
        "Caption": "#C C paints on a canvas with a paint; #C C paints on a canvas with a paint; #C C paints on a canvas with a paint; #C C paints the board with a paintbrush; #C C paints the board "
    },
    {
        "Video Name": "0cc5976c-a9c0-475b-9c79-c9eb45508c26",
        "Start Frame": 3600,
        "End Frame": 3720,
        "Caption": "#C C paints the wall board; #C C paints the board; #C C paints the board with a paintbrush; #C C paints on a canvas with a paint; #C C paints the board "
    },
    {
        "Video Name": "0cc5976c-a9c0-475b-9c79-c9eb45508c26",
        "Start Frame": 3720,
        "End Frame": 3840,
        "Caption": "#C C stares at the laptop; #C C paints on the canvas with a paint; #C C paints on the canvas with a paint; #C C paints on the canvas with a paint; #C C paints on the board"
    },
    {
        "Video Name": "0cc5976c-a9c0-475b-9c79-c9eb45508c26",
        "Start Frame": 3840,
        "End Frame": 3960,
        "Caption": "#C C looks at the laptop; #C C stares at the laptop; #C C looks at the laptop; #C C stares at the laptop; #C C looks around"
    },
    {
        "Video Name": "0cc5976c-a9c0-475b-9c79-c9eb45508c26",
        "Start Frame": 3960,
        "End Frame": 4080,
        "Caption": "#C C paints the wall board; #C C paints the wall with a brush; #C C paints the wall with a paint; #C C paints the wall with the paint; #C C paints the wall"
    },
    {
        "Video Name": "0cc5976c-a9c0-475b-9c79-c9eb45508c26",
        "Start Frame": 4080,
        "End Frame": 4200,
        "Caption": "#C C paints on the palette; #C C paints the wall board; #C C paints a board; #C C paints on a canvas with a paint; #C C paints on the canvas with a paint"
    },
    {
        "Video Name": "0cc5976c-a9c0-475b-9c79-c9eb45508c26",
        "Start Frame": 4200,
        "End Frame": 4320,
        "Caption": "#C C paints the wall board; #C C paints on the canvas with a paint; #C C paints the wall board; #C C holds a paint brush; #C C paints on a canvas with a paint"
    },
    {
        "Video Name": "0cc5976c-a9c0-475b-9c79-c9eb45508c26",
        "Start Frame": 4320,
        "End Frame": 4440,
        "Caption": "#C C paints on a canvas with a paint; #C C paints on a canvas with a paint; #C C paints the board; #C C holds brushes; #C C turns to the side"
    },
    {
        "Video Name": "0cc5976c-a9c0-475b-9c79-c9eb45508c26",
        "Start Frame": 4440,
        "End Frame": 4560,
        "Caption": "#C C holds an art brush; #C C paints on the canvas with an art brush; #C C paints on the canvas with an art brush; #C C turns to the side; #C C looks at the laptop "
    },
    {
        "Video Name": "0cc5976c-a9c0-475b-9c79-c9eb45508c26",
        "Start Frame": 4560,
        "End Frame": 4680,
        "Caption": "#C C wipes the brush; #C C brushes the towel; #C C wipes brush on cloth; #C C rubs the brush on the; #C C brushes the brush"
    },
    {
        "Video Name": "0cc5976c-a9c0-475b-9c79-c9eb45508c26",
        "Start Frame": 4680,
        "End Frame": 4800,
        "Caption": "#C C paints the board ; #C C paints on a canvas with a paint; #C C paints on a canvas with a paint; #C C paints the board; #C C paints on a canvas with a paint"
    },
    {
        "Video Name": "0cc5976c-a9c0-475b-9c79-c9eb45508c26",
        "Start Frame": 4800,
        "End Frame": 4920,
        "Caption": "#C C paints the board; #C C paints on the canvas with a paint brush; #C C paints on the canvas with a paint brush; #C C paints the board ; #C C paints on the canvas with an art brush"
    },
    {
        "Video Name": "0cc5976c-a9c0-475b-9c79-c9eb45508c26",
        "Start Frame": 4920,
        "End Frame": 5040,
        "Caption": "#C C turns to the side; #C C holds art brushes\n; #C C holds the paint brush with the right; #C C stares at the laptop; #C C turns to the side"
    },
    {
        "Video Name": "0cc5976c-a9c0-475b-9c79-c9eb45508c26",
        "Start Frame": 5040,
        "End Frame": 5160,
        "Caption": "#C C looks at the; #C C looks around; #C C stares at the; #C C stares at the; #C C stares at the"
    },
    {
        "Video Name": "0cc5976c-a9c0-475b-9c79-c9eb45508c26",
        "Start Frame": 5160,
        "End Frame": 5280,
        "Caption": "#C C paints the wall board; #C C paints the wall board; #C C paints on the canvas with a paint; #C C looks at the laptop; #C C paints on the canvas with an art"
    },
    {
        "Video Name": "0cc5976c-a9c0-475b-9c79-c9eb45508c26",
        "Start Frame": 5280,
        "End Frame": 5400,
        "Caption": "#C C paints the board; #C C paints the wall; #C C holds the painting; #C C paints the wall; #C C paints the wall"
    }
]