[
    {
        "Video Name": "0d1db869-e028-481d-b09f-aa6c722937e3",
        "Start Frame": 0,
        "End Frame": 120,
        "Caption": "#c c puts the brush down; #C C puts the brush on the table; #C C puts the paintbrush on the; #C C puts the painting brush on the; #C C puts the paint brush on the"
    },
    {
        "Video Name": "0d1db869-e028-481d-b09f-aa6c722937e3",
        "Start Frame": 120,
        "End Frame": 240,
        "Caption": "#c c picks a paint tube; #C C picks the paint brush; #C C picks a paint ; #C C picks the brush; #C C picks the paint"
    },
    {
        "Video Name": "0d1db869-e028-481d-b09f-aa6c722937e3",
        "Start Frame": 240,
        "End Frame": 360,
        "Caption": "#C C picks a paint brush; #C C picks the paintbrush; #C C picks the paint brush ; #C C takes the paint from the paint tray; #C C picks the paint brush "
    },
    {
        "Video Name": "0d1db869-e028-481d-b09f-aa6c722937e3",
        "Start Frame": 360,
        "End Frame": 480,
        "Caption": "#C C puts the brush in the paint; #C C looks around; #C C looks around; #C C rubs the brush on the paint; #C C looks around"
    },
    {
        "Video Name": "0d1db869-e028-481d-b09f-aa6c722937e3",
        "Start Frame": 480,
        "End Frame": 600,
        "Caption": "#C C touches the paint brush; #C C touches the paint; #C C paints the board ; #C C paints on the board; #C C brushes on the painting"
    },
    {
        "Video Name": "0d1db869-e028-481d-b09f-aa6c722937e3",
        "Start Frame": 600,
        "End Frame": 720,
        "Caption": "#C C looks at the laptop; #C C looks around; #C C looks at the laptop; #C C looks at the laptop; #C C removes the brush from the"
    },
    {
        "Video Name": "0d1db869-e028-481d-b09f-aa6c722937e3",
        "Start Frame": 720,
        "End Frame": 840,
        "Caption": "#C C picks paint tube; #C C opens the tube ; #C C picks a paint tube; #C C picks the paint tube; #C C puts the paint on the"
    },
    {
        "Video Name": "0d1db869-e028-481d-b09f-aa6c722937e3",
        "Start Frame": 840,
        "End Frame": 960,
        "Caption": "#C C puts the paint tube on the table; #C C squeezes the paint tube; #C C closes the paint tube; #C C pours ink on the ink plate; #C C closes the paint tube"
    },
    {
        "Video Name": "0d1db869-e028-481d-b09f-aa6c722937e3",
        "Start Frame": 960,
        "End Frame": 1080,
        "Caption": "#C C picks up the paint tube from the table; #C C picks a paint tube on the table; #C C rubs the paint brush on the tube; #c c picks paint tube; #C C puts the tube on the table"
    },
    {
        "Video Name": "0d1db869-e028-481d-b09f-aa6c722937e3",
        "Start Frame": 1080,
        "End Frame": 1200,
        "Caption": "#C C applies paint on the paintbrush; #C C applies the paint; #C C applies the paint on the paint; #C C stirs the paint; #C C scoops the paint"
    },
    {
        "Video Name": "0d1db869-e028-481d-b09f-aa6c722937e3",
        "Start Frame": 1200,
        "End Frame": 1320,
        "Caption": "#C C puts paint on the brush; #C C stirs the paint; #C C stirs the paint; #C C picks a paint ; #C C stirs the paint"
    },
    {
        "Video Name": "0d1db869-e028-481d-b09f-aa6c722937e3",
        "Start Frame": 1320,
        "End Frame": 1440,
        "Caption": "#C C puts paint in the paint tray; #C C rubs the paint brush on the paint tray; #C C stirs the paint; #C C puts the paint brush on the paint; #C C stirs the paint"
    },
    {
        "Video Name": "0d1db869-e028-481d-b09f-aa6c722937e3",
        "Start Frame": 1440,
        "End Frame": 1560,
        "Caption": "#C C pours paint on the tray; #C C puts paint on the tray; #C C applies paint on the paint tray; #C C applies paint on the tray; #C C puts paint on the paint tray"
    },
    {
        "Video Name": "0d1db869-e028-481d-b09f-aa6c722937e3",
        "Start Frame": 1560,
        "End Frame": 1680,
        "Caption": "#C C picks the paint; #C C stirs the paint; #C C stirs the paint; #C C picks paint with a brush; #C C stirs the paint"
    },
    {
        "Video Name": "0d1db869-e028-481d-b09f-aa6c722937e3",
        "Start Frame": 1680,
        "End Frame": 1800,
        "Caption": "#C C applies the paint on the paint tray; #C C applies the paint; #C C puts paint in the brush; #C C applies paint on the paint tray ; #C C puts the paint on the brush"
    },
    {
        "Video Name": "0d1db869-e028-481d-b09f-aa6c722937e3",
        "Start Frame": 1800,
        "End Frame": 1920,
        "Caption": "#C C puts the brush in the; #C C puts the paint on the; #C C takes the paint; #C C puts paint on the brush; #C C puts paint on the brush"
    },
    {
        "Video Name": "0d1db869-e028-481d-b09f-aa6c722937e3",
        "Start Frame": 1920,
        "End Frame": 2040,
        "Caption": "#C C looks at the paint board; #C C looks at the laptop; #C C looks at the laptop; #C C paints the canvas; #C C looks at the laptop"
    },
    {
        "Video Name": "0d1db869-e028-481d-b09f-aa6c722937e3",
        "Start Frame": 2040,
        "End Frame": 2160,
        "Caption": "#C C looks at the; #C C paints the canvas; #C C looks around the; #C C looks at the; #C C looks at the"
    },
    {
        "Video Name": "0d1db869-e028-481d-b09f-aa6c722937e3",
        "Start Frame": 2160,
        "End Frame": 2280,
        "Caption": "#C C looks at the laptop; #C C looks at the laptop; #C C looks at the paint; #C C looks at the laptop; #C C looks at the laptop"
    },
    {
        "Video Name": "0d1db869-e028-481d-b09f-aa6c722937e3",
        "Start Frame": 2280,
        "End Frame": 2400,
        "Caption": "#C C looks at the laptop; #C C stands up; #C C paints on the board; #C C moves to the laptop; #C C looks at the laptop"
    },
    {
        "Video Name": "0d1db869-e028-481d-b09f-aa6c722937e3",
        "Start Frame": 2400,
        "End Frame": 2520,
        "Caption": "#C C rubs the paint brush on the; #C C stands up; #C C picks a brush; #C C holds the painting brush; #C C looks at the board"
    },
    {
        "Video Name": "0d1db869-e028-481d-b09f-aa6c722937e3",
        "Start Frame": 2520,
        "End Frame": 2640,
        "Caption": "#C C looks at the laptop; #C C stares at the laptop; #C C looks at the laptop; #C C looks at the laptop; #C C looks around"
    },
    {
        "Video Name": "0d1db869-e028-481d-b09f-aa6c722937e3",
        "Start Frame": 2640,
        "End Frame": 2760,
        "Caption": "#C C stands up; #C C stands up ; #C C puts the paint brush; #C C stands up; #C C moves her hands "
    },
    {
        "Video Name": "0d1db869-e028-481d-b09f-aa6c722937e3",
        "Start Frame": 2760,
        "End Frame": 2880,
        "Caption": "#C C paints the board; #C C paints the canvas; #C C paints the board; #C C brushes the board; #C C paints the board"
    },
    {
        "Video Name": "0d1db869-e028-481d-b09f-aa6c722937e3",
        "Start Frame": 2880,
        "End Frame": 3000,
        "Caption": "#C C looks at the laptop; #C C looks at the laptop; #C C looks at the laptop; #C C looks at the laptop; #C C looks at the laptop"
    },
    {
        "Video Name": "0d1db869-e028-481d-b09f-aa6c722937e3",
        "Start Frame": 3000,
        "End Frame": 3120,
        "Caption": "#C C looks at the; #C C looks at the; #C C looks at the; #C C looks at the; #C C looks at the"
    },
    {
        "Video Name": "0d1db869-e028-481d-b09f-aa6c722937e3",
        "Start Frame": 3120,
        "End Frame": 3240,
        "Caption": "#C C paints on the board; #C C paints the board ; #C C paints on the board; #C C paints on the board; #C C paints the board "
    },
    {
        "Video Name": "0d1db869-e028-481d-b09f-aa6c722937e3",
        "Start Frame": 3240,
        "End Frame": 3360,
        "Caption": "#C C paints the canvas; #C C looks at the laptop; #C C paints the board; #C C paints on the board; #C C rubs the paint brush on the"
    },
    {
        "Video Name": "0d1db869-e028-481d-b09f-aa6c722937e3",
        "Start Frame": 3360,
        "End Frame": 3480,
        "Caption": "#C C looks at the board; #C C paints the canvas ; #C C looks at the paint; #C C paints the canvas; #C C paints the canvas"
    },
    {
        "Video Name": "0d1db869-e028-481d-b09f-aa6c722937e3",
        "Start Frame": 3480,
        "End Frame": 3600,
        "Caption": "#C C rubs the paint brush on the; #C C puts paint on his left palm; #C C cleans the painting brush with his hand; #C C picks a brush from the left hand; #C C applies the paint on the board"
    },
    {
        "Video Name": "0d1db869-e028-481d-b09f-aa6c722937e3",
        "Start Frame": 3600,
        "End Frame": 3720,
        "Caption": "#C C looks around the house; #C C turns around ; #C C stands up; #C C stands up; #C C stops painting"
    },
    {
        "Video Name": "0d1db869-e028-481d-b09f-aa6c722937e3",
        "Start Frame": 3720,
        "End Frame": 3840,
        "Caption": "#C C stops for a while; #C C moves to the paint board; #C C walks towards the paint board; #C C picks paint brush; #C C looks at the paint board"
    },
    {
        "Video Name": "0d1db869-e028-481d-b09f-aa6c722937e3",
        "Start Frame": 3840,
        "End Frame": 3960,
        "Caption": "#C C looks at the laptop; #C C looks at the laptop; #C C looks at the laptop; #C C looks at the laptop; #C C looks at the laptop"
    },
    {
        "Video Name": "0d1db869-e028-481d-b09f-aa6c722937e3",
        "Start Frame": 3960,
        "End Frame": 4080,
        "Caption": "#C C moves her hand ; #C C releases the paint brush from the board; #C C paints on the board ; #C C paints on the paint board ; #C C moves her hands "
    },
    {
        "Video Name": "0d1db869-e028-481d-b09f-aa6c722937e3",
        "Start Frame": 4080,
        "End Frame": 4200,
        "Caption": "#C C looks at the laptop; #C C looks at the laptop; #C C looks at the laptop; #C C looks at the laptop; #C C looks at the laptop"
    },
    {
        "Video Name": "0d1db869-e028-481d-b09f-aa6c722937e3",
        "Start Frame": 4200,
        "End Frame": 4320,
        "Caption": "#C C paints the board; #C C paints on the board; #C C paints on the board; #C C brushes on the board; #C C paints the board"
    },
    {
        "Video Name": "0d1db869-e028-481d-b09f-aa6c722937e3",
        "Start Frame": 4320,
        "End Frame": 4440,
        "Caption": "#C C looks at the; #C C looks at the; #C C stares at the; #C C looks at the; #C C looks at the"
    },
    {
        "Video Name": "0d1db869-e028-481d-b09f-aa6c722937e3",
        "Start Frame": 4440,
        "End Frame": 4560,
        "Caption": "#C C looks at the laptop; #C C looks at the laptop; #C C looks at the laptop; #C C paints the canvas; #C C looks at the laptop"
    },
    {
        "Video Name": "0d1db869-e028-481d-b09f-aa6c722937e3",
        "Start Frame": 4560,
        "End Frame": 4680,
        "Caption": "#C C paints on the paint board; #C C paints on the canvas ; #C C looks at the paintbrush; #C C paints on the paint board; #C C brushes the paint on the"
    },
    {
        "Video Name": "0d1db869-e028-481d-b09f-aa6c722937e3",
        "Start Frame": 4680,
        "End Frame": 4800,
        "Caption": "#C C looks at the; #C C looks at the; #C C stares at the; #C C looks at the; #C C looks at the"
    },
    {
        "Video Name": "0d1db869-e028-481d-b09f-aa6c722937e3",
        "Start Frame": 4800,
        "End Frame": 4920,
        "Caption": "#C C looks at the laptop; #C C stares at the laptop; #C C looks at the laptop; #C C looks at the laptop; #C C looks at the laptop"
    },
    {
        "Video Name": "0d1db869-e028-481d-b09f-aa6c722937e3",
        "Start Frame": 4920,
        "End Frame": 5040,
        "Caption": "#C C paints on the; #C C looks at the; #C C  stops ; #C C stops painting; #C C paints on the"
    },
    {
        "Video Name": "0d1db869-e028-481d-b09f-aa6c722937e3",
        "Start Frame": 5040,
        "End Frame": 5160,
        "Caption": "#C C moves her leg; #C C looks at the laptop; #C C walks a few steps; #C C moves her right leg; #C C looks at the laptop"
    },
    {
        "Video Name": "0d1db869-e028-481d-b09f-aa6c722937e3",
        "Start Frame": 5160,
        "End Frame": 5280,
        "Caption": "#C C applies paint  on the; #C C applies the paint on the; #C C paints on the board; #C C polishes the painting; #C C paints the board"
    },
    {
        "Video Name": "0d1db869-e028-481d-b09f-aa6c722937e3",
        "Start Frame": 5280,
        "End Frame": 5400,
        "Caption": "#C C paints on the board; #C C paints on the board; #C C applies paint with the paint brush on the; #C C paints the painting; #C C paints on the painting"
    }
]