[
    {
        "Video Name": "0d5e276d-a388-452b-914a-24eb12def21e",
        "Start Frame": 0,
        "End Frame": 120,
        "Caption": "#C C fixes the camera; #C C adjusts the camera; #C C adjusts the camera; #C C adjusts the camera; #C C adjusts the camera"
    },
    {
        "Video Name": "0d5e276d-a388-452b-914a-24eb12def21e",
        "Start Frame": 120,
        "End Frame": 240,
        "Caption": "#C C looks at the oven; #C C stares at the cooker; #C C looks at the cooking; #C C looks around the kitchen; #C C Looks at the cooker"
    },
    {
        "Video Name": "0d5e276d-a388-452b-914a-24eb12def21e",
        "Start Frame": 240,
        "End Frame": 360,
        "Caption": "#C C operates the cooker; #C C regulates the gas cooker; #C C sets the cooker; #C C adjusts cooker knob; #C C turns on the gas"
    },
    {
        "Video Name": "0d5e276d-a388-452b-914a-24eb12def21e",
        "Start Frame": 360,
        "End Frame": 480,
        "Caption": "#C C stirs the food; #c c stirs food with cooking; #C C holds the cooking pan; #C C stirs the food; #c c stirs the food"
    },
    {
        "Video Name": "0d5e276d-a388-452b-914a-24eb12def21e",
        "Start Frame": 480,
        "End Frame": 600,
        "Caption": "#C C Stirs the food on the pan; #c c mixes the food; #C C Mixes the food; #c c stirs the meat with the cooking; #C C stirs the food with the cooking"
    },
    {
        "Video Name": "0d5e276d-a388-452b-914a-24eb12def21e",
        "Start Frame": 600,
        "End Frame": 720,
        "Caption": "#C C mixes the food; #C C stirs the food; #C C stirs the food; #C C stirs the food; #C C stirs the food"
    },
    {
        "Video Name": "0d5e276d-a388-452b-914a-24eb12def21e",
        "Start Frame": 720,
        "End Frame": 840,
        "Caption": "#C C Mixes the food; #c c stirs the food; #C C stirs the food with the wooden; #C C Stirs the food; #C C stirs the food"
    },
    {
        "Video Name": "0d5e276d-a388-452b-914a-24eb12def21e",
        "Start Frame": 840,
        "End Frame": 960,
        "Caption": "#c c stirs the food; #C C mixes the food; #c c stirs the food with the wooden; #C C stirs the food; #C C stirs the food"
    },
    {
        "Video Name": "0d5e276d-a388-452b-914a-24eb12def21e",
        "Start Frame": 960,
        "End Frame": 1080,
        "Caption": "#c c stirs the food with the wooden; #C C stirs the food; #C C Mixes the food; #c c stirs the food; #C C holds cooking stick"
    },
    {
        "Video Name": "0d5e276d-a388-452b-914a-24eb12def21e",
        "Start Frame": 1080,
        "End Frame": 1200,
        "Caption": "#C C puts the cooking stick on the; #c c takes a wooden stick; #C c holds the cooking pan; #c c touches the wooden stick; #C C puts down the cooking stick"
    },
    {
        "Video Name": "0d5e276d-a388-452b-914a-24eb12def21e",
        "Start Frame": 1200,
        "End Frame": 1320,
        "Caption": "#C C picks up an; #C C picks up egg; #C C picks eggs ; #C C takes an egg; #C C takes eggs"
    },
    {
        "Video Name": "0d5e276d-a388-452b-914a-24eb12def21e",
        "Start Frame": 1320,
        "End Frame": 1440,
        "Caption": "#c c picks an egg from the; #C C picks an egg; #C C picks a piece of egg; #C C picks the egg shells ; #C C picks an egg"
    },
    {
        "Video Name": "0d5e276d-a388-452b-914a-24eb12def21e",
        "Start Frame": 1440,
        "End Frame": 1560,
        "Caption": "#c c breaks eggs; #c c hits the egg against the; #C C places the egg on the; #C C breaks the egg; #c c removes egg from the egg"
    },
    {
        "Video Name": "0d5e276d-a388-452b-914a-24eb12def21e",
        "Start Frame": 1560,
        "End Frame": 1680,
        "Caption": "#C C breaks the eggs; #C C puts egg in the; #C C breaks eggs ; #c c puts egg on the; #c c places eggs in the"
    },
    {
        "Video Name": "0d5e276d-a388-452b-914a-24eb12def21e",
        "Start Frame": 1680,
        "End Frame": 1800,
        "Caption": "#C C breaks the eggs; #C C puts the eggs in the frying; #c c breaks the egg; #C C breaks the egg; #C C breaks the eggs"
    },
    {
        "Video Name": "0d5e276d-a388-452b-914a-24eb12def21e",
        "Start Frame": 1800,
        "End Frame": 1920,
        "Caption": "#C C switches off the cooker; #c c puts the egg shell on the; #C C presses the egg on the ; #C C picks the egg shell; #C C presses the button on the cooker"
    },
    {
        "Video Name": "0d5e276d-a388-452b-914a-24eb12def21e",
        "Start Frame": 1920,
        "End Frame": 2040,
        "Caption": "#C C picks a cooking stick from the; #c c picks the egg from the wooden; #C c picks up a cooking stick; #c c takes a wooden spoon; #C C takes the frying pan from the"
    },
    {
        "Video Name": "0d5e276d-a388-452b-914a-24eb12def21e",
        "Start Frame": 2040,
        "End Frame": 2160,
        "Caption": "#C C turns egg on a pan; #C C puts egg in the pan; #C C hits the egg with the; #C C breaks eggs with the hand; #C C breaks egg"
    },
    {
        "Video Name": "0d5e276d-a388-452b-914a-24eb12def21e",
        "Start Frame": 2160,
        "End Frame": 2280,
        "Caption": "#c c puts eggs in pan; #C C puts the egg in the pan; #C C breaks the eggs; #c c pours egg in the pan; #C C pours the egg yolk on the"
    },
    {
        "Video Name": "0d5e276d-a388-452b-914a-24eb12def21e",
        "Start Frame": 2280,
        "End Frame": 2400,
        "Caption": "#C C pours the egg yolk on the; #C C beats egg ; #C C puts egg in the pan; #C C puts egg on the frying pan; #C C puts egg in the pan"
    },
    {
        "Video Name": "0d5e276d-a388-452b-914a-24eb12def21e",
        "Start Frame": 2400,
        "End Frame": 2520,
        "Caption": "#C C breaks the egg ; #C C puts egg shell in the trash bin; #C C puts the egg shell on the table ; #C C puts eggs on the table; #C C puts the egg shell in the trash bin"
    },
    {
        "Video Name": "0d5e276d-a388-452b-914a-24eb12def21e",
        "Start Frame": 2520,
        "End Frame": 2640,
        "Caption": "#C C beats egg with the spatula; #c c beats egg with a fork; #C C cracks egg ; #C C places egg in the pan; #C C holds the frying pan "
    },
    {
        "Video Name": "0d5e276d-a388-452b-914a-24eb12def21e",
        "Start Frame": 2640,
        "End Frame": 2760,
        "Caption": "#C C adds egg in the pan; #C C puts egg on a pan; #C C adds eggs to the pan; #C C puts egg yolk in the pan; #C C puts egg on the pan"
    },
    {
        "Video Name": "0d5e276d-a388-452b-914a-24eb12def21e",
        "Start Frame": 2760,
        "End Frame": 2880,
        "Caption": "#C C pours egg on the pan; #C C puts egg on the pan ; #C C breaks the egg; #C C breaks the egg; #C C pours egg from the egg tray into the"
    },
    {
        "Video Name": "0d5e276d-a388-452b-914a-24eb12def21e",
        "Start Frame": 2880,
        "End Frame": 3000,
        "Caption": "#C C puts egg shell in the dust; #C C pours egg on the pan; #C C puts egg shells in the dust; #c c puts eggs in the pan; #c c puts egg shells down"
    },
    {
        "Video Name": "0d5e276d-a388-452b-914a-24eb12def21e",
        "Start Frame": 3000,
        "End Frame": 3120,
        "Caption": "#C C pours egg in the pan; #C C pours egg in the pan; #C C pours egg in the pan; #C C pours the egg into the; #c c pours the egg on the"
    },
    {
        "Video Name": "0d5e276d-a388-452b-914a-24eb12def21e",
        "Start Frame": 3120,
        "End Frame": 3240,
        "Caption": "#C C pours egg in pan; #C C breaks eggs; #C C removes egg from the egg; #C C puts egg in pan ; #C C puts egg in the pan"
    },
    {
        "Video Name": "0d5e276d-a388-452b-914a-24eb12def21e",
        "Start Frame": 3240,
        "End Frame": 3360,
        "Caption": "#C C breaks the eggs; #C C puts egg in the pan; #C C puts egg on the frying pan; #C C Puts the egg in the; #c c pours egg in the pan"
    },
    {
        "Video Name": "0d5e276d-a388-452b-914a-24eb12def21e",
        "Start Frame": 3360,
        "End Frame": 3480,
        "Caption": "#c c puts eggs on the tray; #C C places egg shell on the kitchen counter; #C C removes the egg shell; #c c puts eggs on the tray; #C C puts the egg shells in the dust"
    },
    {
        "Video Name": "0d5e276d-a388-452b-914a-24eb12def21e",
        "Start Frame": 3480,
        "End Frame": 3600,
        "Caption": "#C C puts the egg shells in the; #c c takes a eggs; #c c takes egg from the tray; #C C picks the egg; #c c picks a egg from the container"
    },
    {
        "Video Name": "0d5e276d-a388-452b-914a-24eb12def21e",
        "Start Frame": 3600,
        "End Frame": 3720,
        "Caption": "#C C opens the tap; #C C opens the tap; #C C opens the tap; #C C washes the hands; #C C opens the tap"
    },
    {
        "Video Name": "0d5e276d-a388-452b-914a-24eb12def21e",
        "Start Frame": 3720,
        "End Frame": 3840,
        "Caption": "#C C washes hands; #C C washes his; #C C washes his; #C C washes his; #C C washes the"
    },
    {
        "Video Name": "0d5e276d-a388-452b-914a-24eb12def21e",
        "Start Frame": 3840,
        "End Frame": 3960,
        "Caption": "#C C picks kitchen; #C C picks kitchen; #C C picks towel; #C c opens the; #C C picks towel"
    },
    {
        "Video Name": "0d5e276d-a388-452b-914a-24eb12def21e",
        "Start Frame": 3960,
        "End Frame": 4080,
        "Caption": "#C c picks cooking stick; #c c wipes the spoon; #C C picks the kitchen; #C c stirs food; #C C touches a cloth"
    },
    {
        "Video Name": "0d5e276d-a388-452b-914a-24eb12def21e",
        "Start Frame": 4080,
        "End Frame": 4200,
        "Caption": "#C C wipes the hand with the towel; #C C wipes the hands with the towel; #C C wipes the hand with towel; #C C wipes hands with the towel; #C C cleans the hands with the cloth"
    },
    {
        "Video Name": "0d5e276d-a388-452b-914a-24eb12def21e",
        "Start Frame": 4200,
        "End Frame": 4320,
        "Caption": "#C C picks the oil from the cabinet; #C C picks cooking oil from the shelf; #C C picks a bottle from the cup; #C C picks a bottle of oil; #C C picks the cooking oil"
    },
    {
        "Video Name": "0d5e276d-a388-452b-914a-24eb12def21e",
        "Start Frame": 4320,
        "End Frame": 4440,
        "Caption": "#C C adds # unsure in the food; #C C sprinkles the spice on the food; #C C adds the ingredient in the food; #O person X pours the spice in the; #C C opens the salt shaker"
    },
    {
        "Video Name": "0d5e276d-a388-452b-914a-24eb12def21e",
        "Start Frame": 4440,
        "End Frame": 4560,
        "Caption": "#C C sprinkles the salt on the eggs; #C C adds salt in the eggs ; #C C sprinkles the salt on the egg; #C C pours the egg on the food; #c c pours unsure in the pan"
    },
    {
        "Video Name": "0d5e276d-a388-452b-914a-24eb12def21e",
        "Start Frame": 4560,
        "End Frame": 4680,
        "Caption": "#c c closes the tin; #C C adds spice to the food; #c c adds the salt in the; #C C puts salt in the pan; #C C closes the can"
    },
    {
        "Video Name": "0d5e276d-a388-452b-914a-24eb12def21e",
        "Start Frame": 4680,
        "End Frame": 4800,
        "Caption": "#C C picks the container; #C C picks a container; #C C picks a salt; #C C picks a bottle; #C C opens the oil"
    },
    {
        "Video Name": "0d5e276d-a388-452b-914a-24eb12def21e",
        "Start Frame": 4800,
        "End Frame": 4920,
        "Caption": "#C C puts the spice in the food; #C C closes the tin ; #C C pours the spice in the cooking; #C C puts salt in the egg; #O person X closes the bottle "
    },
    {
        "Video Name": "0d5e276d-a388-452b-914a-24eb12def21e",
        "Start Frame": 4920,
        "End Frame": 5040,
        "Caption": "#c c sprinkles salt on the eggs; #C C sprinkles the salt on the food; #C C Puts the butter in the pan; #C C smears the cooking oil on the food; #c c adds spice in the egg"
    },
    {
        "Video Name": "0d5e276d-a388-452b-914a-24eb12def21e",
        "Start Frame": 5040,
        "End Frame": 5160,
        "Caption": "#C C puts the spices in the egg; #C C adds the cooking oil to the; #C C adds the ingredient to the food; #C C adds salt to the cooking pan; #C C puts salt in the cooking pan"
    },
    {
        "Video Name": "0d5e276d-a388-452b-914a-24eb12def21e",
        "Start Frame": 5160,
        "End Frame": 5280,
        "Caption": "#C C puts tin on shelf; #C C takes a tin; #c c picks unsure from the cabinet; #C C puts the salt on the; #C C picks up a tin of"
    },
    {
        "Video Name": "0d5e276d-a388-452b-914a-24eb12def21e",
        "Start Frame": 5280,
        "End Frame": 5400,
        "Caption": "#C C picks a spice from the; #C C picks the ingredient; #C C takes a spice ; #C C picks up a spice; #C C picks spice"
    }
]