[
    {
        "Video Name": "0db95ea2-ffab-4316-b662-2e5089ae06f0",
        "Start Frame": 0,
        "End Frame": 120,
        "Caption": "#C C looks at the door; #C C puts his right hand on the; #C C holds the handle of the door; #C C looks around the house; #C C looks around "
    },
    {
        "Video Name": "0db95ea2-ffab-4316-b662-2e5089ae06f0",
        "Start Frame": 120,
        "End Frame": 240,
        "Caption": "#C C holds a screw driver with his right; #C C holds the holder; #C C adjusts the screw on the roof; #C C holds the pole; #C C holds a hand drill"
    },
    {
        "Video Name": "0db95ea2-ffab-4316-b662-2e5089ae06f0",
        "Start Frame": 240,
        "End Frame": 360,
        "Caption": "#C C walks back to the; #C C walks towards a door; #C C moves towards a room; #C C walks towards the door; #C C walks towards the door"
    },
    {
        "Video Name": "0db95ea2-ffab-4316-b662-2e5089ae06f0",
        "Start Frame": 360,
        "End Frame": 480,
        "Caption": "#C C picks up a hand drill from the chair.; #C C picks the power drill from the chair with his right; #C C puts the air blow gun on the table; #C C picks a lamp from the bench; #C C picks the hand drill from the chair."
    },
    {
        "Video Name": "0db95ea2-ffab-4316-b662-2e5089ae06f0",
        "Start Frame": 480,
        "End Frame": 600,
        "Caption": "#C C walks to a room with the brush in his left hand and the paint container in his right; #C C walks towards a room.; #C C drops the brush on the floor; #C C walks around the room; #C C walks to another part of the room."
    },
    {
        "Video Name": "0db95ea2-ffab-4316-b662-2e5089ae06f0",
        "Start Frame": 600,
        "End Frame": 720,
        "Caption": "#C C pulls up a rag.; #C C picks up a piece of cloth with his right hand; #C C picks up a cloth from the floor; #C C picks a piece of cloth.; #C C picks up a piece of cloth"
    },
    {
        "Video Name": "0db95ea2-ffab-4316-b662-2e5089ae06f0",
        "Start Frame": 720,
        "End Frame": 840,
        "Caption": "#C C holds the cloth with both hands; #C C touches the cloth; #C C adjusts the rag on the floor with his right; #C C holds the cloth on the floor with his right; #C C folds the cloth with both hands"
    },
    {
        "Video Name": "0db95ea2-ffab-4316-b662-2e5089ae06f0",
        "Start Frame": 840,
        "End Frame": 960,
        "Caption": "#C C places the paint can on the; #C C puts the paint can on the; #C C takes the paint container; #C C puts the paint can on the; #C C puts the paint container on the"
    },
    {
        "Video Name": "0db95ea2-ffab-4316-b662-2e5089ae06f0",
        "Start Frame": 960,
        "End Frame": 1080,
        "Caption": "#C C picks up the paint roller from the paint; #C C stands up ; #C C walks around the house; #C C stops painting; #C C drops the paint roller on the paint tray"
    },
    {
        "Video Name": "0db95ea2-ffab-4316-b662-2e5089ae06f0",
        "Start Frame": 1080,
        "End Frame": 1200,
        "Caption": "#C C continues painting the door with the paint; #C C paints the door with a paint roller; #C C removes the paint roller from the door; #C C paints the door with the paint roller; #C C paints the door with the roller "
    },
    {
        "Video Name": "0db95ea2-ffab-4316-b662-2e5089ae06f0",
        "Start Frame": 1200,
        "End Frame": 1320,
        "Caption": "#C C paints the door; #C C removes the paint roller from the door; #C C paints the door; #C C paints the door with the roller; #C C paints the door with the paint roller"
    },
    {
        "Video Name": "0db95ea2-ffab-4316-b662-2e5089ae06f0",
        "Start Frame": 1320,
        "End Frame": 1440,
        "Caption": "#C C paints the door; #C C paints the door with the paint roller in his right; #C C paints the door with the roller ; #C C applies paint on the door; #C C paints the door with the paint roller"
    },
    {
        "Video Name": "0db95ea2-ffab-4316-b662-2e5089ae06f0",
        "Start Frame": 1440,
        "End Frame": 1560,
        "Caption": "#C C paints the door with the paint roller; #C C paints the door; #C C paints the door; #C C paints the door with the paint roller; #C C paints the door with the paint roller"
    },
    {
        "Video Name": "0db95ea2-ffab-4316-b662-2e5089ae06f0",
        "Start Frame": 1560,
        "End Frame": 1680,
        "Caption": "#C C turns the roller paint brush; #C C removes the paint roller from the; #C C removes the paint roller from the; #C C removes the paint roller from the; #C C turns the roller paint brush"
    },
    {
        "Video Name": "0db95ea2-ffab-4316-b662-2e5089ae06f0",
        "Start Frame": 1680,
        "End Frame": 1800,
        "Caption": "#C C stops painting; #C C dips the paint roller in his right hand into the paint container on the; #C C removes the paint roller from the door; #C C stops painting; #C C paints the door with the paint roller."
    },
    {
        "Video Name": "0db95ea2-ffab-4316-b662-2e5089ae06f0",
        "Start Frame": 1800,
        "End Frame": 1920,
        "Caption": "#C C dips the paint brush in the paint can ; #C C dips the paint brush in the paint can ; #C C dips the paint brush into the paint container.; #C C picks the paint brush from the paint container.; #C C dips the paint brush in his right hand into the paint container in his left"
    },
    {
        "Video Name": "0db95ea2-ffab-4316-b662-2e5089ae06f0",
        "Start Frame": 1920,
        "End Frame": 2040,
        "Caption": "#C C paints the door with the paint brush in his right; #C C paints the door with the brush; #C C paints the door with the paint brush in his right; #C C paints the door with a brush; #C C paints the door with the paint brush"
    },
    {
        "Video Name": "0db95ea2-ffab-4316-b662-2e5089ae06f0",
        "Start Frame": 2040,
        "End Frame": 2160,
        "Caption": "#C C paints the door with a paint; #C C paints the door with the brush; #C C paints the door.; #C C paints the door with the paint; #C C paints the door with the brush"
    },
    {
        "Video Name": "0db95ea2-ffab-4316-b662-2e5089ae06f0",
        "Start Frame": 2160,
        "End Frame": 2280,
        "Caption": "#C C paints the door with the paint brush; #C C paints the door with the paint brush; #C C paints the door with a paint brush; #C C paints the door; #C C paints the door"
    },
    {
        "Video Name": "0db95ea2-ffab-4316-b662-2e5089ae06f0",
        "Start Frame": 2280,
        "End Frame": 2400,
        "Caption": "#C C paints the door; #C C paints the door with the paint brush; #C C paints the door; #C C paints the door with the paint brush; #C C paints the doorpost with a paint brush"
    },
    {
        "Video Name": "0db95ea2-ffab-4316-b662-2e5089ae06f0",
        "Start Frame": 2400,
        "End Frame": 2520,
        "Caption": "#C C paints the door with the paint; #C C paints the door with the paint; #C C paints the door with the paint; #C C paints the door with the paint; #C C paints the door with the brush"
    },
    {
        "Video Name": "0db95ea2-ffab-4316-b662-2e5089ae06f0",
        "Start Frame": 2520,
        "End Frame": 2640,
        "Caption": "#C C paints the door with the paint; #C C paints the door with the paint; #C C paints the door with a paint; #C C paints the door with the paint; #C C paints the door"
    },
    {
        "Video Name": "0db95ea2-ffab-4316-b662-2e5089ae06f0",
        "Start Frame": 2640,
        "End Frame": 2760,
        "Caption": "#C C paints the door; #C C paints the door; #C C paints the door with the paint brush.; #C C paints the door frame with the paint brush in his right; #C C paints the door frame using the paint brush "
    },
    {
        "Video Name": "0db95ea2-ffab-4316-b662-2e5089ae06f0",
        "Start Frame": 2760,
        "End Frame": 2880,
        "Caption": "#C C paints the door with the paint brush; #C C paints the door frame with the paint; #C C paints the door with the paint brush; #C C paints the door with the paint brush; #C C paints the door"
    },
    {
        "Video Name": "0db95ea2-ffab-4316-b662-2e5089ae06f0",
        "Start Frame": 2880,
        "End Frame": 3000,
        "Caption": "#C C paints the door frame with the paint brush; #C C paints the door with a paint brush.; #C C paints the door with the paint brush.; #C C paints the door with the paint brush; #C C paints the door with the paint brush."
    },
    {
        "Video Name": "0db95ea2-ffab-4316-b662-2e5089ae06f0",
        "Start Frame": 3000,
        "End Frame": 3120,
        "Caption": "#C C paints the door; #C C paints the door white with the paint brush. ; #C C paints the door with the paint brush in his right; #C C paints the door with a paint brush.; #C C paints the door."
    },
    {
        "Video Name": "0db95ea2-ffab-4316-b662-2e5089ae06f0",
        "Start Frame": 3120,
        "End Frame": 3240,
        "Caption": "#C C paints the door with the paint brush; #C C applies the paint on the door; #C C paints the door; #C C paints the door; #C C paints the door with the paint brush"
    },
    {
        "Video Name": "0db95ea2-ffab-4316-b662-2e5089ae06f0",
        "Start Frame": 3240,
        "End Frame": 3360,
        "Caption": "#C C paints the door with the brush; #C C paints the door with the brush; #C C paints the door with the paint; #C C paints the door with the paint; #C C paints the door"
    },
    {
        "Video Name": "0db95ea2-ffab-4316-b662-2e5089ae06f0",
        "Start Frame": 3360,
        "End Frame": 3480,
        "Caption": "#C C paints the door with the brush; #C C paints the door with the paint brush; #C C paints the door; #C C continues painting  the door trim with the paint brush; #C C paints the door with the paint brush in his right"
    },
    {
        "Video Name": "0db95ea2-ffab-4316-b662-2e5089ae06f0",
        "Start Frame": 3480,
        "End Frame": 3600,
        "Caption": "#C C paints the door with the paint; #C C paints the door ; #C C paints the door; #C C paints the door with a paint; #C C paints the door"
    },
    {
        "Video Name": "0db95ea2-ffab-4316-b662-2e5089ae06f0",
        "Start Frame": 3600,
        "End Frame": 3720,
        "Caption": "#C C dips the paint brush into the paint; #C C dips the paint brush in the paint; #C C dips the paint brush in the paint; #C C dips the paint brush into the paint; #C C paints the door with the paint brush"
    },
    {
        "Video Name": "0db95ea2-ffab-4316-b662-2e5089ae06f0",
        "Start Frame": 3720,
        "End Frame": 3840,
        "Caption": "#C C paints the door with the paint brush\n; #C C continues painting the door with the paint brush; #C C paints the door with the paint brush.; #C C paints the door with a paint brush; #C C continues painting the door frame with the paint"
    },
    {
        "Video Name": "0db95ea2-ffab-4316-b662-2e5089ae06f0",
        "Start Frame": 3840,
        "End Frame": 3960,
        "Caption": "#C C paints the door with the paint brush; #C C paints the door with the paint brush; #C C applies paint on door frame using a paint; #C C paints the door with the paint brush; #C C applies paint on door"
    },
    {
        "Video Name": "0db95ea2-ffab-4316-b662-2e5089ae06f0",
        "Start Frame": 3960,
        "End Frame": 4080,
        "Caption": "#C C paints the door with the paint brush; #C C paints the door with the paint brush; #C C paints the door with the paint brush; #C C paints the door with the paint brush in his right; #C C paints the door with the brush"
    },
    {
        "Video Name": "0db95ea2-ffab-4316-b662-2e5089ae06f0",
        "Start Frame": 4080,
        "End Frame": 4200,
        "Caption": "#C C stops painting; #C C removes the paint roller from the paint; #C C removes the paint roller from the paint; #C C removes the paint roller from the door; #C C removes the paint roller from the paint"
    },
    {
        "Video Name": "0db95ea2-ffab-4316-b662-2e5089ae06f0",
        "Start Frame": 4200,
        "End Frame": 4320,
        "Caption": "#C C paints the door with the paint roller; #C C stops painting the door; #C C turns the paint roller; #C C turns the roller paint brush; #C C turns the paint roller"
    },
    {
        "Video Name": "0db95ea2-ffab-4316-b662-2e5089ae06f0",
        "Start Frame": 4320,
        "End Frame": 4440,
        "Caption": "#C C paints the door with a paint roller; #C C paints the door with the roller; #C C removes the paint roller from the door; #C C turns the roller brush; #C C turns the roller brush"
    },
    {
        "Video Name": "0db95ea2-ffab-4316-b662-2e5089ae06f0",
        "Start Frame": 4440,
        "End Frame": 4560,
        "Caption": "#C C paints the door with the paint roller; #C C paints the door with the paint roller; #C C paints the door with the paint roller; #C C paints the door with the paint roller; #C C paints the door with the paint roller"
    },
    {
        "Video Name": "0db95ea2-ffab-4316-b662-2e5089ae06f0",
        "Start Frame": 4560,
        "End Frame": 4680,
        "Caption": "#C C paints the door with the paint roller in his right; #C C paints the door; #C C turns the roller brush; #C C paints the door with the paint roller; #C C paints the door with the paint roller"
    },
    {
        "Video Name": "0db95ea2-ffab-4316-b662-2e5089ae06f0",
        "Start Frame": 4680,
        "End Frame": 4800,
        "Caption": "#C C paints the door with the paint roller in his right; #C C paints the door with the paint roller; #C C paints the door with a paint roller; #C C paints the door with the paint roller; #C C paints the door with the paint roller"
    },
    {
        "Video Name": "0db95ea2-ffab-4316-b662-2e5089ae06f0",
        "Start Frame": 4800,
        "End Frame": 4920,
        "Caption": "#C C drops the roller in the paint tray; #C C puts the paint roller in the paint; #C C rolls the roller in the container; #C C removes the paint roller from the paint; #C C places the paint roller in the paint"
    },
    {
        "Video Name": "0db95ea2-ffab-4316-b662-2e5089ae06f0",
        "Start Frame": 4920,
        "End Frame": 5040,
        "Caption": "#C C paints the door with the paint roller; #C C paints the door with a paint roller; #C C paints the door with the paint roller in his right; #C C paints the door with the paint roller; #C C paints the door with the roller "
    },
    {
        "Video Name": "0db95ea2-ffab-4316-b662-2e5089ae06f0",
        "Start Frame": 5040,
        "End Frame": 5160,
        "Caption": "#C C removes his right hand from the paint roller; #C C drops the paint roller in the paint tray; #C C moves his hand towards the wall; #C C lifts his hand ; #C C stops painting"
    },
    {
        "Video Name": "0db95ea2-ffab-4316-b662-2e5089ae06f0",
        "Start Frame": 5160,
        "End Frame": 5280,
        "Caption": "#C C paints the door.; #C C paints the door with the brush; #C C paints the door.; #C C applies paint on the door; #C C applies paint on door frame with the paint"
    },
    {
        "Video Name": "0db95ea2-ffab-4316-b662-2e5089ae06f0",
        "Start Frame": 5280,
        "End Frame": 5400,
        "Caption": "#C C removes paint brush from paint; #C C dips the paint brush into the paint container; #C C removes the paint brush from the paint container; #C C paints the door with the paint brush; #C C removes the paint brush from the paint container"
    }
]