[
    {
        "Video Name": "0dd16a5c-d4df-4aa1-9ac7-34755965dac3",
        "Start Frame": 0,
        "End Frame": 120,
        "Caption": "#C C walks in a; #C C touches his head; #C C adjusts the camera; #C C holds the camera; #C C adjusts the camera"
    },
    {
        "Video Name": "0dd16a5c-d4df-4aa1-9ac7-34755965dac3",
        "Start Frame": 120,
        "End Frame": 240,
        "Caption": "#C C adjusts camera; #C C adjusts the; #C C adjusts the; #C C adjusts the; #C C looks around"
    },
    {
        "Video Name": "0dd16a5c-d4df-4aa1-9ac7-34755965dac3",
        "Start Frame": 240,
        "End Frame": 360,
        "Caption": "#C C adjusts camera; #C C adjusts the camera; #C C fixes camera; #C C looks around the; #C C adjusts camera "
    },
    {
        "Video Name": "0dd16a5c-d4df-4aa1-9ac7-34755965dac3",
        "Start Frame": 360,
        "End Frame": 480,
        "Caption": "#C C walks towards the dough mixer; #C C walks around the kitchen; #C C walks around the kitchen; #C C lowers his hands; #C C walks around the room"
    },
    {
        "Video Name": "0dd16a5c-d4df-4aa1-9ac7-34755965dac3",
        "Start Frame": 480,
        "End Frame": 600,
        "Caption": "#C C looks around the room; #C C puts the scrapper on the; #C C walks around; #C C looks around; #C C walks around the bakery "
    },
    {
        "Video Name": "0dd16a5c-d4df-4aa1-9ac7-34755965dac3",
        "Start Frame": 600,
        "End Frame": 720,
        "Caption": "#C C picks up the bucket; #C C picks a container; #C C picks up the container; #C C picks the container; #C C puts the container on the table"
    },
    {
        "Video Name": "0dd16a5c-d4df-4aa1-9ac7-34755965dac3",
        "Start Frame": 720,
        "End Frame": 840,
        "Caption": "#C C puts the container in the flour; #C C puts the container in the bucket; #C C puts the container inside another container; #C C puts dough container in the sack; #C C pours flour in the container"
    },
    {
        "Video Name": "0dd16a5c-d4df-4aa1-9ac7-34755965dac3",
        "Start Frame": 840,
        "End Frame": 960,
        "Caption": "#C C scoops flour ; #C C takes flour from the bag; #C C takes flour from the bag; #C C scoops flour from the; #C C scoops flour"
    },
    {
        "Video Name": "0dd16a5c-d4df-4aa1-9ac7-34755965dac3",
        "Start Frame": 960,
        "End Frame": 1080,
        "Caption": "#C C picks up the container of flour; #C C carries the second container with both hands; #C C carries the bucket.; #C C takes a dough container from the floor; #C C takes the container"
    },
    {
        "Video Name": "0dd16a5c-d4df-4aa1-9ac7-34755965dac3",
        "Start Frame": 1080,
        "End Frame": 1200,
        "Caption": "#C C puts the container on the weighing scale; #C C puts the container down; #C C places the plastic container on the table; #C C puts the container on the table.; #C C places container on the table"
    },
    {
        "Video Name": "0dd16a5c-d4df-4aa1-9ac7-34755965dac3",
        "Start Frame": 1200,
        "End Frame": 1320,
        "Caption": "#C C takes the flour; #C C scoops flour with the container; #C C scoops flour from the bag; #C C takes flour; #C C picks the packet of flour"
    },
    {
        "Video Name": "0dd16a5c-d4df-4aa1-9ac7-34755965dac3",
        "Start Frame": 1320,
        "End Frame": 1440,
        "Caption": "#C C places the container on the weighing scale; #C C puts the flour in the measuring jug; #C C puts the dough on the weighing scale; #C C puts flour on the container; #C C puts the container on the table."
    },
    {
        "Video Name": "0dd16a5c-d4df-4aa1-9ac7-34755965dac3",
        "Start Frame": 1440,
        "End Frame": 1560,
        "Caption": "#C C puts the lid on the table; #C C closes the plastic container.; #C C drops the cover of the plastic container on the table; #C C puts the lid on top of the lid; #C C closes the container"
    },
    {
        "Video Name": "0dd16a5c-d4df-4aa1-9ac7-34755965dac3",
        "Start Frame": 1560,
        "End Frame": 1680,
        "Caption": "#C C pours the flour into a bowl. ; #C  C pours the grain in the nylon into the plastic bag; #C C puts the flour in the bucket; #C C pours the flour in the container into a bin.; #C C puts the flour into the flour container. "
    },
    {
        "Video Name": "0dd16a5c-d4df-4aa1-9ac7-34755965dac3",
        "Start Frame": 1680,
        "End Frame": 1800,
        "Caption": "#C  C picks up a bowl from the table.; #C C carries the bowl.; #C C picks a bowl.; #C C picks a bowl of flour from the counter top; #C  C picks up the bowl."
    },
    {
        "Video Name": "0dd16a5c-d4df-4aa1-9ac7-34755965dac3",
        "Start Frame": 1800,
        "End Frame": 1920,
        "Caption": "#C C drops the bowl on the weighing machine; #C C puts the tray of dough on the dough she; #C C puts the dough basin on the table.; #C C puts the bowl on the table; #C C puts the bowl on the table."
    },
    {
        "Video Name": "0dd16a5c-d4df-4aa1-9ac7-34755965dac3",
        "Start Frame": 1920,
        "End Frame": 2040,
        "Caption": "#C C sprinkles the flour into the mixer with his right hand; #C C takes a packet of flour. ; #C C wipes the container with right hand.; #C C takes a jug from under the table; #C C takes flour from the paper"
    },
    {
        "Video Name": "0dd16a5c-d4df-4aa1-9ac7-34755965dac3",
        "Start Frame": 2040,
        "End Frame": 2160,
        "Caption": "#C C picks up the bowl; #C C puts the bowl on the; #C C puts the bowl down; #C C picks up the bowl; #C C puts the bowl on the"
    },
    {
        "Video Name": "0dd16a5c-d4df-4aa1-9ac7-34755965dac3",
        "Start Frame": 2160,
        "End Frame": 2280,
        "Caption": "#C C picks flour from the container; #C C scoops flour; #C C takes flour from the bowl.; #C C takes flour from the flour bag.; #C  C takes a small bucket from the top of the mixer"
    },
    {
        "Video Name": "0dd16a5c-d4df-4aa1-9ac7-34755965dac3",
        "Start Frame": 2280,
        "End Frame": 2400,
        "Caption": "#C C pours the flour in the flour bag; #C C pours flour into the measuring jug.; #C C puts the flour in the measuring jug; #C C pours the flour in the measuring jug; #C C pours the flour on the measuring scale"
    },
    {
        "Video Name": "0dd16a5c-d4df-4aa1-9ac7-34755965dac3",
        "Start Frame": 2400,
        "End Frame": 2520,
        "Caption": "#C C pours the water in the container into the mixer; #C C drops the white jug into the plastic container; #C C pours the flour into the stainless bowl.; #C C pours water into the spiral dough mixer bowl.; #C C pours the water in the flour"
    },
    {
        "Video Name": "0dd16a5c-d4df-4aa1-9ac7-34755965dac3",
        "Start Frame": 2520,
        "End Frame": 2640,
        "Caption": "#C C picks the container; #C C picks up the container from the; #C C carries the bowl.; #C C takes a container of dough; #C C carries the container from the table"
    },
    {
        "Video Name": "0dd16a5c-d4df-4aa1-9ac7-34755965dac3",
        "Start Frame": 2640,
        "End Frame": 2760,
        "Caption": "#C C turns on the dough mixer; #C C turns on the dough knead; #C C turns on the dough mixing machine; #C C turns off the dough mixer.; #C C closes the dough kneader"
    },
    {
        "Video Name": "0dd16a5c-d4df-4aa1-9ac7-34755965dac3",
        "Start Frame": 2760,
        "End Frame": 2880,
        "Caption": "#C C picks a container from the table with left hand; #C C drops the jar on a table.; #C C drops the packet of baking powder on the table; #C C picks up the paper; #C C takes the dough container from the table."
    },
    {
        "Video Name": "0dd16a5c-d4df-4aa1-9ac7-34755965dac3",
        "Start Frame": 2880,
        "End Frame": 3000,
        "Caption": "#C C picks up a container; #C C picks up the container.; #C C takes a container from the top of another container; #C C picks up the plastic container; #C C picks up the container"
    },
    {
        "Video Name": "0dd16a5c-d4df-4aa1-9ac7-34755965dac3",
        "Start Frame": 3000,
        "End Frame": 3120,
        "Caption": "#C C picks a polythene bag from the floor with her left; #C C drops the bucket on the floor.; #C C places the paper on the floor; #C  C cleans the floor with a nylon bag.; #C C drops the containers on the floor."
    },
    {
        "Video Name": "0dd16a5c-d4df-4aa1-9ac7-34755965dac3",
        "Start Frame": 3120,
        "End Frame": 3240,
        "Caption": "#C C puts the tin in the bin; #C C opens the container.; #C C puts the paper in the plastic; #C C puts the paper on the table; #C C picks up the flour bag."
    },
    {
        "Video Name": "0dd16a5c-d4df-4aa1-9ac7-34755965dac3",
        "Start Frame": 3240,
        "End Frame": 3360,
        "Caption": "#C C scoops flour.; #C  C takes out another dough from the bag; #C C scoops flour with his hand; #C C scoops flour from the bucket.; #C C takes flour from a container with a container"
    },
    {
        "Video Name": "0dd16a5c-d4df-4aa1-9ac7-34755965dac3",
        "Start Frame": 3360,
        "End Frame": 3480,
        "Caption": "#C C picks dough from the container; #C C takes a handful of flour from the; #C C picks up the dough from the table; #C C takes flour from the container.; #C C picks up the dough"
    },
    {
        "Video Name": "0dd16a5c-d4df-4aa1-9ac7-34755965dac3",
        "Start Frame": 3480,
        "End Frame": 3600,
        "Caption": "#C C pours the flour into the spiral dough mixer bowl; #C C places the bucket on the weighing scale.; #C C pours flour from the container into the plastic container; #C C pours the flour into the plastic container.; #C C puts the dough on the weighing scale"
    },
    {
        "Video Name": "0dd16a5c-d4df-4aa1-9ac7-34755965dac3",
        "Start Frame": 3600,
        "End Frame": 3720,
        "Caption": "#C C takes flour from the bowl with his left hand; #C C opens the pack of flour with his left hand; #C C picks up a container of flour from the floor; #C C places the sack on the floor; #C C puts flour in the container"
    },
    {
        "Video Name": "0dd16a5c-d4df-4aa1-9ac7-34755965dac3",
        "Start Frame": 3720,
        "End Frame": 3840,
        "Caption": "#C  C takes some flour from the nylon on the floor; #C C pours flour into the spiral dough mixer bowl.; #C C puts the flour in the container; #C C pours flour into the bowl. ; #C C pours flour from the container into the bowl."
    },
    {
        "Video Name": "0dd16a5c-d4df-4aa1-9ac7-34755965dac3",
        "Start Frame": 3840,
        "End Frame": 3960,
        "Caption": "#C C pours flour on the measuring scale.; #C C takes flour from the bowl. ; #C C pours the flour in the measuring cup into the dough container; #C C pours flour on the weighing scale; #C C pours flour from the bowl into the scale. "
    },
    {
        "Video Name": "0dd16a5c-d4df-4aa1-9ac7-34755965dac3",
        "Start Frame": 3960,
        "End Frame": 4080,
        "Caption": "#C C picks up a; #C C picks the container; #C C picks the container; #C C picks the container; #C C picks up the"
    },
    {
        "Video Name": "0dd16a5c-d4df-4aa1-9ac7-34755965dac3",
        "Start Frame": 4080,
        "End Frame": 4200,
        "Caption": "#C C drops the container on the table; #C C puts the container on the table; #C C drops the container on the table; #C C puts the container on the table; #C C puts the flour on the table"
    },
    {
        "Video Name": "0dd16a5c-d4df-4aa1-9ac7-34755965dac3",
        "Start Frame": 4200,
        "End Frame": 4320,
        "Caption": "#C C scoops some flour from the container with his right hand; #C C pours the powder in the container; #C C takes the dough; #C C picks a paper bag from the table; #C C takes a container "
    },
    {
        "Video Name": "0dd16a5c-d4df-4aa1-9ac7-34755965dac3",
        "Start Frame": 4320,
        "End Frame": 4440,
        "Caption": "#C C pours the flour into the container.; #C C takes the baking powder; #C C scoops baking powder with the hand; #C C takes flour from the container with the right hand; #C C pours the flour in his hands into the"
    },
    {
        "Video Name": "0dd16a5c-d4df-4aa1-9ac7-34755965dac3",
        "Start Frame": 4440,
        "End Frame": 4560,
        "Caption": "#C C puts down the cup; #C C puts the cup down; #C C picks a cup of tea from the; #C C picks up a cup; #C C picks a cup"
    },
    {
        "Video Name": "0dd16a5c-d4df-4aa1-9ac7-34755965dac3",
        "Start Frame": 4560,
        "End Frame": 4680,
        "Caption": "#C C opens the dough mixer; #C C closes the dough mixer; #C C closes the dough cutter; #C C opens the bread maker; #C C opens the dough mixer"
    },
    {
        "Video Name": "0dd16a5c-d4df-4aa1-9ac7-34755965dac3",
        "Start Frame": 4680,
        "End Frame": 4800,
        "Caption": "#C C holds dough kneader; #C C holds the dough mixer; #C C holds the spiral dough mixer; #C C presses a button on the mixer with his left hand; #C C touches the mixer"
    },
    {
        "Video Name": "0dd16a5c-d4df-4aa1-9ac7-34755965dac3",
        "Start Frame": 4800,
        "End Frame": 4920,
        "Caption": "#C C sprinkles the flour on the dough roller.; #C C dusts the dough mixer with his right hand.; #C C puts on the dough mixer.; #C C holds the spiral dough mixer's handle with his left; #C C turns off the dough mixer."
    },
    {
        "Video Name": "0dd16a5c-d4df-4aa1-9ac7-34755965dac3",
        "Start Frame": 4920,
        "End Frame": 5040,
        "Caption": "#C C stares at the dough; #C C stares at the mixer; #C C looks around; #C C looks around; #C C moves his hand "
    },
    {
        "Video Name": "0dd16a5c-d4df-4aa1-9ac7-34755965dac3",
        "Start Frame": 5040,
        "End Frame": 5160,
        "Caption": "#C C picks the dough mixer; #C C touches the dough mixer; #C C touches the dough mixer; #C C picks up the bowl; #C C turns the mixer on with his right hand"
    },
    {
        "Video Name": "0dd16a5c-d4df-4aa1-9ac7-34755965dac3",
        "Start Frame": 5160,
        "End Frame": 5280,
        "Caption": "#C C moves the dough in the spiral dough mixer bowl.; #C C picks up the dough from the dough presser.; #C C removes the dough from the dough sheeter; #C C cuts a dough; #C C picks the dough from the dough mixer."
    },
    {
        "Video Name": "0dd16a5c-d4df-4aa1-9ac7-34755965dac3",
        "Start Frame": 5280,
        "End Frame": 5400,
        "Caption": "#C C picks dough from the dough mixer; #C C picks dough; #C C takes the dough ; #C C picks a dough; #C C picks up the dough from the"
    }
]