[
    {
        "Video Name": "0e28c734-0857-45d3-ae9c-70b0975ab476",
        "Start Frame": 0,
        "End Frame": 120,
        "Caption": "#C C looks around the room; #C C walks towards the bed; #C C walks to the bed; #C C picks a phone from the; #C C walks around"
    },
    {
        "Video Name": "0e28c734-0857-45d3-ae9c-70b0975ab476",
        "Start Frame": 120,
        "End Frame": 240,
        "Caption": "#C C holds a phone; #C C puts phone on the bed; #C C turns on the phone; #C C  puts the phone on the; #C C drops the phone on the bed"
    },
    {
        "Video Name": "0e28c734-0857-45d3-ae9c-70b0975ab476",
        "Start Frame": 240,
        "End Frame": 360,
        "Caption": "#C C picks the phone; #C C drops the phone on the bed with his left; #C C drops the phone on the bed.; #C C looks around the room; #C C puts the phone on the bed."
    },
    {
        "Video Name": "0e28c734-0857-45d3-ae9c-70b0975ab476",
        "Start Frame": 360,
        "End Frame": 480,
        "Caption": "#C C moves the bed; #C C moves to the; #C C walks around the; #C C looks around the; #C C moves around the"
    },
    {
        "Video Name": "0e28c734-0857-45d3-ae9c-70b0975ab476",
        "Start Frame": 480,
        "End Frame": 600,
        "Caption": "#C C puts the pillow on the bed; #C C moves towards the bed; #C C drops the pillow on the bed; #C C drops the pillow on the bed; #C C throws the pillow on the bed"
    },
    {
        "Video Name": "0e28c734-0857-45d3-ae9c-70b0975ab476",
        "Start Frame": 600,
        "End Frame": 720,
        "Caption": "#C C walks around the room; #C C walks towards the bed; #C C walks around the room; #C C walks to the bed; #C C walks around the room"
    },
    {
        "Video Name": "0e28c734-0857-45d3-ae9c-70b0975ab476",
        "Start Frame": 720,
        "End Frame": 840,
        "Caption": "#C C walks around the room; #C C walks to the bed; #C C walks towards a bed; #C C walks around the bed; #C C walks in the room"
    },
    {
        "Video Name": "0e28c734-0857-45d3-ae9c-70b0975ab476",
        "Start Frame": 840,
        "End Frame": 960,
        "Caption": "#C C walks to another bedroom; #C C walks to the bed; #C C walks around the room; #C C walks around the room; #C C walks around the house"
    },
    {
        "Video Name": "0e28c734-0857-45d3-ae9c-70b0975ab476",
        "Start Frame": 960,
        "End Frame": 1080,
        "Caption": "#C C spreads the bed; #C C spreads the bed; #C C bends down ; #C C picks up a; #C C picks the bed"
    },
    {
        "Video Name": "0e28c734-0857-45d3-ae9c-70b0975ab476",
        "Start Frame": 1080,
        "End Frame": 1200,
        "Caption": "#C C shakes the bedsheet; #C C spreads the blanket on the bed; #C C spreads the bed; #C C pulls the bedcover; #C C spreads the bedsheet on the"
    },
    {
        "Video Name": "0e28c734-0857-45d3-ae9c-70b0975ab476",
        "Start Frame": 1200,
        "End Frame": 1320,
        "Caption": "#C C moves the bed with his left hand.; #C C picks up a bedsheet from the ground; #C C adjusts the bed spread.; #C C spreads the mat on the floor.; #C C touches the bed"
    },
    {
        "Video Name": "0e28c734-0857-45d3-ae9c-70b0975ab476",
        "Start Frame": 1320,
        "End Frame": 1440,
        "Caption": "#C C holds a blanket; #C C spreads the bed; #C C spreads the bed with both hands. ; #C C folds a blanket on the floor with both hands.; #C C spreads the duvet on the bed with both hands"
    },
    {
        "Video Name": "0e28c734-0857-45d3-ae9c-70b0975ab476",
        "Start Frame": 1440,
        "End Frame": 1560,
        "Caption": "#C C spreads the cloth on the bed; #C C removes the clothes from the bed; #C C folds the blanket on the bed; #C C removes the cloth from the laundry; #C C pulls the clothes from the bed"
    },
    {
        "Video Name": "0e28c734-0857-45d3-ae9c-70b0975ab476",
        "Start Frame": 1560,
        "End Frame": 1680,
        "Caption": "#C C walks to the sitting room; #C C moves the hand on the bed; #C C picks a cloth from the bed with her right hand; #C C stands on the floor; #C C walks to a bed"
    },
    {
        "Video Name": "0e28c734-0857-45d3-ae9c-70b0975ab476",
        "Start Frame": 1680,
        "End Frame": 1800,
        "Caption": "#C C walks around the house; #C C walks around the room; #C C moves towards the bed; #C C walks in the bedroom; #C C looks around"
    },
    {
        "Video Name": "0e28c734-0857-45d3-ae9c-70b0975ab476",
        "Start Frame": 1800,
        "End Frame": 1920,
        "Caption": "#C C walks towards the bed; #C C moves around the room; #C C walks around the room; #C C walks to the window; #C C walks to the window"
    },
    {
        "Video Name": "0e28c734-0857-45d3-ae9c-70b0975ab476",
        "Start Frame": 1920,
        "End Frame": 2040,
        "Caption": "#C C spreads the bedsheet on the; #C C makes bed; #C C spreads the bed with his right; #C C spreads the bed sheet; #C C spreads the bedcover on the"
    },
    {
        "Video Name": "0e28c734-0857-45d3-ae9c-70b0975ab476",
        "Start Frame": 2040,
        "End Frame": 2160,
        "Caption": "#C C picks the pillow ; #C C picks a cloth from the floor; #C C takes the blanket; #C C removes the duvet from the; #C C walks in the room"
    },
    {
        "Video Name": "0e28c734-0857-45d3-ae9c-70b0975ab476",
        "Start Frame": 2160,
        "End Frame": 2280,
        "Caption": "#C C puts the bed cover down; #C C spreads the bed with the bed; #C C spreads the bed; #C C pulls the bedsheet ; #C C spreads the bed"
    },
    {
        "Video Name": "0e28c734-0857-45d3-ae9c-70b0975ab476",
        "Start Frame": 2280,
        "End Frame": 2400,
        "Caption": "#C C looks around; #C C moves towards the fridge; #C C looks around; #C C walks around the house; #C C looks around"
    },
    {
        "Video Name": "0e28c734-0857-45d3-ae9c-70b0975ab476",
        "Start Frame": 2400,
        "End Frame": 2520,
        "Caption": "#C C walks towards the bedroom.; #C C walks into the living room; #C C walks around the room; #C C walks around the room.; #C C walks around the room "
    },
    {
        "Video Name": "0e28c734-0857-45d3-ae9c-70b0975ab476",
        "Start Frame": 2520,
        "End Frame": 2640,
        "Caption": "#C C walks towards the; #C C walks around the; #C C stands in the; #C C looks up; #C C looks at the"
    },
    {
        "Video Name": "0e28c734-0857-45d3-ae9c-70b0975ab476",
        "Start Frame": 2640,
        "End Frame": 2760,
        "Caption": "#C C picks a pillow; #C C drops the pillow on the bed; #C C walks to the headboard of the; #C C spreads the bed with the bedcover; #C C spreads the bed"
    },
    {
        "Video Name": "0e28c734-0857-45d3-ae9c-70b0975ab476",
        "Start Frame": 2760,
        "End Frame": 2880,
        "Caption": "#C C spreads the bed; #C C picks up the pillow from the bed; #C C spreads the bed; #C C picks a bedcover ; #C C spreads the blanket on the bed"
    },
    {
        "Video Name": "0e28c734-0857-45d3-ae9c-70b0975ab476",
        "Start Frame": 2880,
        "End Frame": 3000,
        "Caption": "#C C puts the pillow on the bed; #C C spreads the bed with his hands; #C C spreads the bed with his hands; #C C spreads the bed; #C C spreads the bed"
    },
    {
        "Video Name": "0e28c734-0857-45d3-ae9c-70b0975ab476",
        "Start Frame": 3000,
        "End Frame": 3120,
        "Caption": "#C C  walks around the; #C C walks to the bed; #C C walks to the bed; #C C looks around; #C C walks towards the bed"
    },
    {
        "Video Name": "0e28c734-0857-45d3-ae9c-70b0975ab476",
        "Start Frame": 3120,
        "End Frame": 3240,
        "Caption": "#C C walks around the room; #C C walks around the house; #C C looks around; #C C walks in the room; #C C walks to the bathroom"
    },
    {
        "Video Name": "0e28c734-0857-45d3-ae9c-70b0975ab476",
        "Start Frame": 3240,
        "End Frame": 3360,
        "Caption": "#C C walks around the room; #C C walks towards a bed; #C C turns around; #C C walks around the room; #C C walks around the house"
    },
    {
        "Video Name": "0e28c734-0857-45d3-ae9c-70b0975ab476",
        "Start Frame": 3360,
        "End Frame": 3480,
        "Caption": "#C C walks around; #C C walks around the bed; #C C walks to the bed; #C C turns the head left; #C C walks to another part of the bedroom"
    },
    {
        "Video Name": "0e28c734-0857-45d3-ae9c-70b0975ab476",
        "Start Frame": 3480,
        "End Frame": 3600,
        "Caption": "#C C picks a pillow from the bed with her right hand; #C C picks a pillow on the bed with her left hand; #C C pulls the bedsheet on the bed with her hands; #C C straightens a bedsheet on the bed; #C C picks up a pillow from the floor."
    },
    {
        "Video Name": "0e28c734-0857-45d3-ae9c-70b0975ab476",
        "Start Frame": 3600,
        "End Frame": 3720,
        "Caption": "#C C stands on the floor; #C C moves the bed with her right hand.; #C C picks up a pillow from the bed with her right hand; #C C touches a bed with her left hand.; #C C lifts up the bedsheet"
    },
    {
        "Video Name": "0e28c734-0857-45d3-ae9c-70b0975ab476",
        "Start Frame": 3720,
        "End Frame": 3840,
        "Caption": "#C C moves to the bed.; #C C touches the dog with his hand; #C C moves towards the bed; #C C puts the dog down on the; #C C plays with the dog"
    },
    {
        "Video Name": "0e28c734-0857-45d3-ae9c-70b0975ab476",
        "Start Frame": 3840,
        "End Frame": 3960,
        "Caption": "#C C lifts up the bedsheet; #C C puts the duvet on the bed with her right hand; #C C moves the blanket on the floor with both hands. ; #C C adjusts the bed spread on the bed with her right hand; #C C picks up a cloth from the floor with her right hand"
    },
    {
        "Video Name": "0e28c734-0857-45d3-ae9c-70b0975ab476",
        "Start Frame": 3960,
        "End Frame": 4080,
        "Caption": "#C C spreads the bed with the bed spread; #C C puts the bedcover on the bed; #C C spreads the bed; #C C pulls a bedsheet.; #C C spreads the bed with the bed sheet"
    },
    {
        "Video Name": "0e28c734-0857-45d3-ae9c-70b0975ab476",
        "Start Frame": 4080,
        "End Frame": 4200,
        "Caption": "#C C picks a cloth on the floor with her right hand.; #C C stretches the blanket with her hands.; #C C touches the cloth with her right hand.; #C C adjusts the bedsheet with her left hand.; #C C looks around"
    },
    {
        "Video Name": "0e28c734-0857-45d3-ae9c-70b0975ab476",
        "Start Frame": 4200,
        "End Frame": 4320,
        "Caption": "#C C picks a bed cover from the bed with both hands.; #C C drops the bed sheet on the bed with her left hand; #C C moves hand; #C C puts the bed cover on the bed ; #C C adjusts the bed with her right hand."
    },
    {
        "Video Name": "0e28c734-0857-45d3-ae9c-70b0975ab476",
        "Start Frame": 4320,
        "End Frame": 4440,
        "Caption": "#C C removes the bedcover from the bed.; #C C lifts the toy up; #C C drops the toy on the bed; #C C picks a toy on the bed with her right hand; #C C puts the dog down on the bed."
    },
    {
        "Video Name": "0e28c734-0857-45d3-ae9c-70b0975ab476",
        "Start Frame": 4440,
        "End Frame": 4560,
        "Caption": "#C C raises her right hand.; #C C holds a rope; #C C puts the rope on the; #C C pulls the dog leash; #C C raises her right hand"
    },
    {
        "Video Name": "0e28c734-0857-45d3-ae9c-70b0975ab476",
        "Start Frame": 4560,
        "End Frame": 4680,
        "Caption": "#C C picks a cloth on the floor with her right hand.; #C C picks a cloth from the floor with his left hand.; #C C picks up a cloth; #C C picks a cloth from the floor with her right hand.; #C C picks up the bedsheet"
    },
    {
        "Video Name": "0e28c734-0857-45d3-ae9c-70b0975ab476",
        "Start Frame": 4680,
        "End Frame": 4800,
        "Caption": "#C C picks a cloth on the floor; #C C picks a cloth from the floor with her left hand; #C C picks a black cloth with her right hand.; #C C takes a clothe from the floor; #C C picks a cloth from the floor with her right hand"
    },
    {
        "Video Name": "0e28c734-0857-45d3-ae9c-70b0975ab476",
        "Start Frame": 4800,
        "End Frame": 4920,
        "Caption": "#C C picks a pillow from the bed with his left hand.; #C C bends over the bed; #C C picks a bedcover from the bed with her left hand; #C C picks a blanket on the bed with her left hand.; #C C picks a cloth from the bed with her right hand."
    },
    {
        "Video Name": "0e28c734-0857-45d3-ae9c-70b0975ab476",
        "Start Frame": 4920,
        "End Frame": 5040,
        "Caption": "#C C picks a cloth from the bed with her right hand; #C C picks up a blanket from the bed with her right hand; #C C moves the bed; #C C picks the bedsheet ; #C C picks the pillow "
    },
    {
        "Video Name": "0e28c734-0857-45d3-ae9c-70b0975ab476",
        "Start Frame": 5040,
        "End Frame": 5160,
        "Caption": "#C C picks the blanket from the bed with both hands; #C C folds the bed sheet; #C C moves around the room.; #C C moves the bed with her left hand.; #C C adjusts a cloth on a bed with both hands"
    },
    {
        "Video Name": "0e28c734-0857-45d3-ae9c-70b0975ab476",
        "Start Frame": 5160,
        "End Frame": 5280,
        "Caption": "#C C looks around the; #C C walks around; #C C turns around; #C C looks around the; #C C picks up the"
    },
    {
        "Video Name": "0e28c734-0857-45d3-ae9c-70b0975ab476",
        "Start Frame": 5280,
        "End Frame": 5400,
        "Caption": "#C C looks around ; #C C looks around the; #C C looks around; #C C looks around ; #C C looks around"
    }
]