[
    {
        "Video Name": "0e4461e2-cb82-4316-b352-9712d67366ad",
        "Start Frame": 0,
        "End Frame": 120,
        "Caption": "#C C looks around ; #C C walks around the room; #C C walks to the table; #C C looks around the room; #C C moves towards the table"
    },
    {
        "Video Name": "0e4461e2-cb82-4316-b352-9712d67366ad",
        "Start Frame": 120,
        "End Frame": 240,
        "Caption": "#C C looks around the room; #C C looks under the table; #C C looks under the table; #C C stares at the sofa; #C C stares around the house"
    },
    {
        "Video Name": "0e4461e2-cb82-4316-b352-9712d67366ad",
        "Start Frame": 240,
        "End Frame": 360,
        "Caption": "#C C drops the cable; #C C puts the cable on the; #C C looks at the cable; #C C puts the cable on the; #C C puts the cable down"
    },
    {
        "Video Name": "0e4461e2-cb82-4316-b352-9712d67366ad",
        "Start Frame": 360,
        "End Frame": 480,
        "Caption": "#C C walks around; #C C folds cable ; #C C takes the cable ; #C C unplugs the charger; #C C moves the cable in the"
    },
    {
        "Video Name": "0e4461e2-cb82-4316-b352-9712d67366ad",
        "Start Frame": 480,
        "End Frame": 600,
        "Caption": "#C C moves in the room; #C C walks towards the table; #C C walks in the house; #C C walks towards the table; #C C walks around the house"
    },
    {
        "Video Name": "0e4461e2-cb82-4316-b352-9712d67366ad",
        "Start Frame": 600,
        "End Frame": 720,
        "Caption": "#C C picks a cable from the; #C C picks a cable; #C C picks a charger; #C C Picks a charger; #C C picks a charger"
    },
    {
        "Video Name": "0e4461e2-cb82-4316-b352-9712d67366ad",
        "Start Frame": 720,
        "End Frame": 840,
        "Caption": "#C C connects the charger; #C C connects the cables to the; #C C connects the cable to the; #C C connects the cables to the; #C C connects the charger on the"
    },
    {
        "Video Name": "0e4461e2-cb82-4316-b352-9712d67366ad",
        "Start Frame": 840,
        "End Frame": 960,
        "Caption": "#C C plugs in a charger. ; #C C connects the cable to the socket; #C C puts the charger on the table.; #C C connects the cables to the power bank; #C C  connects the wire "
    },
    {
        "Video Name": "0e4461e2-cb82-4316-b352-9712d67366ad",
        "Start Frame": 960,
        "End Frame": 1080,
        "Caption": "#C C walks around the; #C C walks in the; #C C walks to the; #C C walks in the; #C C walks in the"
    },
    {
        "Video Name": "0e4461e2-cb82-4316-b352-9712d67366ad",
        "Start Frame": 1080,
        "End Frame": 1200,
        "Caption": "#C C puts the laptop charger in the; #C C puts the charger in the bag; #C C puts the laptop charger in the; #C C puts the battery in the bag; #C C puts the laptop charger in the"
    },
    {
        "Video Name": "0e4461e2-cb82-4316-b352-9712d67366ad",
        "Start Frame": 1200,
        "End Frame": 1320,
        "Caption": "#C C walks around the house; #C C walks in the house; #C C stands in the house; #C C walks around the house; #C C walks towards the table"
    },
    {
        "Video Name": "0e4461e2-cb82-4316-b352-9712d67366ad",
        "Start Frame": 1320,
        "End Frame": 1440,
        "Caption": "#C C picks a mouse from a table with his right hand; #C C picks the mouse; #C C picks the mouse ; #C C picks a mouse ; #C C picks a keyboard"
    },
    {
        "Video Name": "0e4461e2-cb82-4316-b352-9712d67366ad",
        "Start Frame": 1440,
        "End Frame": 1560,
        "Caption": "#C C removes the mouse from the table; #C C moves the mouse ; #C C picks the mouse ; #C C picks the mouse ; #C C touches the mouse "
    },
    {
        "Video Name": "0e4461e2-cb82-4316-b352-9712d67366ad",
        "Start Frame": 1560,
        "End Frame": 1680,
        "Caption": "#C C walks towards a monitor; #C C walks around; #C C walks around; #C C walks around the room; #C C walks around the house"
    },
    {
        "Video Name": "0e4461e2-cb82-4316-b352-9712d67366ad",
        "Start Frame": 1680,
        "End Frame": 1800,
        "Caption": "#C C puts the keyboard in the suitcase; #C C puts the keyboard in the bag; #C C puts the keyboard into the bag; #C C puts the keyboard in the laptop; #C C puts the keyboard into the black"
    },
    {
        "Video Name": "0e4461e2-cb82-4316-b352-9712d67366ad",
        "Start Frame": 1800,
        "End Frame": 1920,
        "Caption": "#C C closes the box with her right hand; #C C opens the back pack ; #C C closes the case with the zip of the; #C C puts the casing in the bag; #C C closes the suitcase"
    },
    {
        "Video Name": "0e4461e2-cb82-4316-b352-9712d67366ad",
        "Start Frame": 1920,
        "End Frame": 2040,
        "Caption": "#C C walks around the house; #C C walks around; #C C walks around; #C C walks towards the table; #C C walks around the house"
    },
    {
        "Video Name": "0e4461e2-cb82-4316-b352-9712d67366ad",
        "Start Frame": 2040,
        "End Frame": 2160,
        "Caption": "#C C walks around the room; #C C walks around the house ; #C C picks a bag from the; #C C picks the mouse; #C C walks around the house"
    },
    {
        "Video Name": "0e4461e2-cb82-4316-b352-9712d67366ad",
        "Start Frame": 2160,
        "End Frame": 2280,
        "Caption": "#C C puts the book in the; #C C puts a book in the; #C C puts the book in the; #C C puts the envelope in the; #C C puts the book in the"
    },
    {
        "Video Name": "0e4461e2-cb82-4316-b352-9712d67366ad",
        "Start Frame": 2280,
        "End Frame": 2400,
        "Caption": "#C C walks in the house; #C C walks towards the house; #C C walks in the house; #C C walks around the room; #C C walks around the house"
    },
    {
        "Video Name": "0e4461e2-cb82-4316-b352-9712d67366ad",
        "Start Frame": 2400,
        "End Frame": 2520,
        "Caption": "#C C walks around; #C C walks in the house; #C C walks around the room; #C C walks around the house; #C C walks around the house"
    },
    {
        "Video Name": "0e4461e2-cb82-4316-b352-9712d67366ad",
        "Start Frame": 2520,
        "End Frame": 2640,
        "Caption": "#C C picks up papers from the; #C C picks up papers on the; #C C picks papers on the table; #C C arranges the papers; #C C picks a paper"
    },
    {
        "Video Name": "0e4461e2-cb82-4316-b352-9712d67366ad",
        "Start Frame": 2640,
        "End Frame": 2760,
        "Caption": "#C C picks the papers; #C C picks the papers; #c c picks up the papers; #C C takes the papers; #C C picks up papers from the"
    },
    {
        "Video Name": "0e4461e2-cb82-4316-b352-9712d67366ad",
        "Start Frame": 2760,
        "End Frame": 2880,
        "Caption": "#C C picks up the; #C C stands up; #C C holds a charger; #C C picks a charger; #C C picks the charger"
    },
    {
        "Video Name": "0e4461e2-cb82-4316-b352-9712d67366ad",
        "Start Frame": 2880,
        "End Frame": 3000,
        "Caption": "#C C picks up a wire; #C C holds the cable; #C C puts the cable on the; #C C picks the cable; #C C touches cable"
    },
    {
        "Video Name": "0e4461e2-cb82-4316-b352-9712d67366ad",
        "Start Frame": 3000,
        "End Frame": 3120,
        "Caption": "#C C puts the cable on the socket; #C C plugs the laptop charger to the socket; #C C connects the charger; #C C unplugs the charger; #C C connects the charger to the socket."
    },
    {
        "Video Name": "0e4461e2-cb82-4316-b352-9712d67366ad",
        "Start Frame": 3120,
        "End Frame": 3240,
        "Caption": "#C C picks up the charger; #C C holds the cable with both hands; #C C holds the cables ; #C C grabs the cable ; #C C picks a power cable "
    },
    {
        "Video Name": "0e4461e2-cb82-4316-b352-9712d67366ad",
        "Start Frame": 3240,
        "End Frame": 3360,
        "Caption": "#C C puts the laptop charger in the; #C C puts the charger in the bag; #C C puts the power bank in the; #c c puts the charger in the bag; #C C drops the cable"
    },
    {
        "Video Name": "0e4461e2-cb82-4316-b352-9712d67366ad",
        "Start Frame": 3360,
        "End Frame": 3480,
        "Caption": "#C C walks around the house; #C C puts the box in the; #C C puts the case in the; #C C closes the bag ; #C C puts the laptop inside the"
    },
    {
        "Video Name": "0e4461e2-cb82-4316-b352-9712d67366ad",
        "Start Frame": 3480,
        "End Frame": 3600,
        "Caption": "#C C takes the bag; #C C removes the book from the; #C C opens the bag; #C C takes the bag; #C C removes a file from the"
    },
    {
        "Video Name": "0e4461e2-cb82-4316-b352-9712d67366ad",
        "Start Frame": 3600,
        "End Frame": 3720,
        "Caption": "#C C closes the bag; #C C zips the bag with her right hand; #C C zips the bag ; #C C closes the bag with his right hand; #C C drops the case in the bag with his"
    },
    {
        "Video Name": "0e4461e2-cb82-4316-b352-9712d67366ad",
        "Start Frame": 3720,
        "End Frame": 3840,
        "Caption": "#C C closes the bag.; #C C puts the luggage in the suitcase.; #C C puts the bag in the case; #C C closes the box with his left hand; #C C closes the suitcase"
    },
    {
        "Video Name": "0e4461e2-cb82-4316-b352-9712d67366ad",
        "Start Frame": 3840,
        "End Frame": 3960,
        "Caption": "#C C looks around; #C C looks around the room; #C C moves around.; #C C walks around the room; #C C looks around"
    },
    {
        "Video Name": "0e4461e2-cb82-4316-b352-9712d67366ad",
        "Start Frame": 3960,
        "End Frame": 4080,
        "Caption": "#C C takes the laptop on the table; #C C picks up a laptop; #C C moves the laptop on the table; #C C picks a bag from the table; #C C picks a book"
    },
    {
        "Video Name": "0e4461e2-cb82-4316-b352-9712d67366ad",
        "Start Frame": 4080,
        "End Frame": 4200,
        "Caption": "#C C looks around; #C C walks around the room; #C C looks around the room; #C C looks around; #C C looks around the house"
    },
    {
        "Video Name": "0e4461e2-cb82-4316-b352-9712d67366ad",
        "Start Frame": 4200,
        "End Frame": 4320,
        "Caption": "#C C picks a bottle from the table; #C C puts a plastic container on the; #C C picks the bowl from the table; #C C picks up the lid; #C C picks a bowl"
    },
    {
        "Video Name": "0e4461e2-cb82-4316-b352-9712d67366ad",
        "Start Frame": 4320,
        "End Frame": 4440,
        "Caption": "#C C carries a book from the table; #C C picks a laptop on the table with his left hand; #C C puts the book on the table.; #C C closes the book; #C C drops a piece of paper on the table"
    },
    {
        "Video Name": "0e4461e2-cb82-4316-b352-9712d67366ad",
        "Start Frame": 4440,
        "End Frame": 4560,
        "Caption": "#C C walks to the table; #C C walks around the room; #C C walks around the house; #C C walks around the room; #C C walks around the house"
    },
    {
        "Video Name": "0e4461e2-cb82-4316-b352-9712d67366ad",
        "Start Frame": 4560,
        "End Frame": 4680,
        "Caption": "#C C looks around the room; #C C looks around the room; #C C looks around the house; #C C looks at the room; #C C Looks around the room"
    },
    {
        "Video Name": "0e4461e2-cb82-4316-b352-9712d67366ad",
        "Start Frame": 4680,
        "End Frame": 4800,
        "Caption": "#C C looks around ; #C C looks around the; #C C walks around the; #C C walks to the; #C C looks around"
    },
    {
        "Video Name": "0e4461e2-cb82-4316-b352-9712d67366ad",
        "Start Frame": 4800,
        "End Frame": 4920,
        "Caption": "#C C picks up the mouse from the; #C C pulls the cable; #C C walks in the house; #C C holds a charger ; #C C adjusts the cable "
    },
    {
        "Video Name": "0e4461e2-cb82-4316-b352-9712d67366ad",
        "Start Frame": 4920,
        "End Frame": 5040,
        "Caption": "#C C picks the gamepad; #C C takes a USB cable; #C C fixes the laptop charger; #C C holds the charger; #C C switches the speaker on"
    },
    {
        "Video Name": "0e4461e2-cb82-4316-b352-9712d67366ad",
        "Start Frame": 5040,
        "End Frame": 5160,
        "Caption": "#C C straightens the cable; #C C connects the cable to the; #C C holds a cable ; #C C pulls the cable; #C C removes charger from the laptop"
    },
    {
        "Video Name": "0e4461e2-cb82-4316-b352-9712d67366ad",
        "Start Frame": 5160,
        "End Frame": 5280,
        "Caption": "#C C unplugs the; #C C straightens the cable; #C C pulls the cable ; #C C removes charger from the; #C C bends down"
    },
    {
        "Video Name": "0e4461e2-cb82-4316-b352-9712d67366ad",
        "Start Frame": 5280,
        "End Frame": 5400,
        "Caption": "#C C holds a power extension; #C C bends down; #C C touches the cables ; #C C picks a cable ; #C C disconnects the cable"
    }
]