[
    {
        "Video Name": "0e70a62a-22ec-4aaf-b39c-a0b14a90d56f",
        "Start Frame": 0,
        "End Frame": 120,
        "Caption": "#C C drops the sandpaper on the floor with his right hand; #C C puts the sandpaper on the floor; #C C puts the sandpaper on the ground; #C C drops the sand paper on the floor with his right hand; #C C drops the sandpaper on a nylon on the floor with his right"
    },
    {
        "Video Name": "0e70a62a-22ec-4aaf-b39c-a0b14a90d56f",
        "Start Frame": 120,
        "End Frame": 240,
        "Caption": "#C C  paints on a wood with a paint; #C C puts the wood glue on the wood; #C C paints the board ; #C C paints the wood; #C C places the piece of cloth on the board"
    },
    {
        "Video Name": "0e70a62a-22ec-4aaf-b39c-a0b14a90d56f",
        "Start Frame": 240,
        "End Frame": 360,
        "Caption": "#C C drops the scraper on a carton; #C C puts the chisel on the work bench; #C C places the scraper on the table; #C C picks up the scraper from the wooden; #C C drops the scraper on the carton"
    },
    {
        "Video Name": "0e70a62a-22ec-4aaf-b39c-a0b14a90d56f",
        "Start Frame": 360,
        "End Frame": 480,
        "Caption": "#C C walks towards the table; #C C walks towards the table.; #C C walks around the workshop; #C C moves towards the work table; #C C walks around the workshop"
    },
    {
        "Video Name": "0e70a62a-22ec-4aaf-b39c-a0b14a90d56f",
        "Start Frame": 480,
        "End Frame": 600,
        "Caption": "#C C touches the door; #C C holds a door; #C C opens a door with his left; #C C opens the door; #C C opens the door "
    },
    {
        "Video Name": "0e70a62a-22ec-4aaf-b39c-a0b14a90d56f",
        "Start Frame": 600,
        "End Frame": 720,
        "Caption": "#C C picks a hand glove from a wooden plank.; #C C picks the handle; #C C picks a hand glove on a window with his left hand.; #C C removes a handle from the door with his left hand; #C C opens a door with his left hand"
    },
    {
        "Video Name": "0e70a62a-22ec-4aaf-b39c-a0b14a90d56f",
        "Start Frame": 720,
        "End Frame": 840,
        "Caption": "#C C places the sandpaper on the nylon; #C C passes the sandpaper to his left hand; #C C picks a sandpaper; #C C holds the sandpaper with his right hand; #C C takes the sandpaper from the white box with his right hand"
    },
    {
        "Video Name": "0e70a62a-22ec-4aaf-b39c-a0b14a90d56f",
        "Start Frame": 840,
        "End Frame": 960,
        "Caption": "#C C paints the object in his left hand with the paintbrush in his right hand.; #C C applies paint on the second piece of wood with the paintbrush in his right hand; #C C applies the paint; #C C applies the paint on the table leg; #C C sprays paint on the wood with the spray gun."
    },
    {
        "Video Name": "0e70a62a-22ec-4aaf-b39c-a0b14a90d56f",
        "Start Frame": 960,
        "End Frame": 1080,
        "Caption": "#C C cleans the wood in his right hand with the cloth in his left hand.; #C C paints the handle of the paint mixing plate with the paintbrush in his right hand; #C C paints the stand; #C C wipes the paintbrush with the cloth; #C C sprays a wood finish with the sprayer"
    },
    {
        "Video Name": "0e70a62a-22ec-4aaf-b39c-a0b14a90d56f",
        "Start Frame": 1080,
        "End Frame": 1200,
        "Caption": "#C C sprays paint on the second piece of wood with the spray gun; #C C  removes dust from the can of spray paint; #C C touches the gloves with his left hand.; #C C wears the glove on his right hand; #C C removes a glove from his left hand with his right hand."
    },
    {
        "Video Name": "0e70a62a-22ec-4aaf-b39c-a0b14a90d56f",
        "Start Frame": 1200,
        "End Frame": 1320,
        "Caption": "#C C cleans the bottle with the rag in his right hand.; #C C paints the container on the cloth on the table with the paintbrush in his right hand; #C C cleans the nozzle of the paint sprayer with the piece of cloth in his left hand; #C C wipes the piece of cloth with the piece of cloth in his right hand; #C C cleans the bottle with the rag in his right hand."
    },
    {
        "Video Name": "0e70a62a-22ec-4aaf-b39c-a0b14a90d56f",
        "Start Frame": 1320,
        "End Frame": 1440,
        "Caption": "#C C places the cloth on the wood with his left hand.; #C C paints the bottle with the brush in his right hand.; #C C paints the pipe with the wood glue.; #C C scrapes the glue from the bottle; #C C applies the glue on the fourth piece of wood with the can of glue in his right hand"
    },
    {
        "Video Name": "0e70a62a-22ec-4aaf-b39c-a0b14a90d56f",
        "Start Frame": 1440,
        "End Frame": 1560,
        "Caption": "#C C paints the object in his left hand with the paintbrush in his right hand.; #C C rubs the paint brush in his right hand on the sponge in his left hand; #C C paints the object in his left hand with the brush in his right hand.; #C C paints the object with the paint brush; #C C paints the object in his left hand with the paintbrush in his right hand."
    },
    {
        "Video Name": "0e70a62a-22ec-4aaf-b39c-a0b14a90d56f",
        "Start Frame": 1560,
        "End Frame": 1680,
        "Caption": "#C C wipes the second piece of wood in his right hand with the piece of cloth in his left hand; #C C sprays the object in his left hand with the spray gun in his right hand.; #C C sprays the second piece of wood with the sprayer.; #C C paints the object in his left hand with the paintbrush in his right hand.; #C C removes the paint sprayer from the paint"
    },
    {
        "Video Name": "0e70a62a-22ec-4aaf-b39c-a0b14a90d56f",
        "Start Frame": 1680,
        "End Frame": 1800,
        "Caption": "#C C paints the wire with the paintbrush.; #C C applies the gum to the top of the pen with his left hand; #C C paints the faucet on the spray gun with the paintbrush in his right hand; #C C paints the pipe; #C C paints the rod in the paint spray gun with the brush in his right hand."
    },
    {
        "Video Name": "0e70a62a-22ec-4aaf-b39c-a0b14a90d56f",
        "Start Frame": 1800,
        "End Frame": 1920,
        "Caption": "#C C applies the paint on the fabric; #C C rubs the paintbrush in his right hand on the wood oil paint can on the ground; #C C cleans the paintbrush in his right hand on the cloth on the floor.; #C C puts the paint on a paper on the bench; #C C wipes the paint brush on the cloth on the table with his right hand."
    },
    {
        "Video Name": "0e70a62a-22ec-4aaf-b39c-a0b14a90d56f",
        "Start Frame": 1920,
        "End Frame": 2040,
        "Caption": "#C C paints the metal box; #C C applies the paint on the wood; #C C paints the bench with the paintbrush in his right hand; #C C paints the metal handle; #C C paints the metallic paint"
    },
    {
        "Video Name": "0e70a62a-22ec-4aaf-b39c-a0b14a90d56f",
        "Start Frame": 2040,
        "End Frame": 2160,
        "Caption": "#C C applies paint on the baseboard ; #C C  paints a brush ; #C C wipes the container; #C C dips the paintbrush in the can of paint on the floor with his right hand; #C C wipes paint can with a brush"
    },
    {
        "Video Name": "0e70a62a-22ec-4aaf-b39c-a0b14a90d56f",
        "Start Frame": 2160,
        "End Frame": 2280,
        "Caption": "#C C wipes paint scraper on the cloth; #C C sprays a piece of cloth on a container; #C C removes paint from the bottle; #C C places the paint can on the polythene bag ; #C C cleans the paint can with the cloth in his left hand"
    },
    {
        "Video Name": "0e70a62a-22ec-4aaf-b39c-a0b14a90d56f",
        "Start Frame": 2280,
        "End Frame": 2400,
        "Caption": "#C C drops the cover of the wood cleaner on the carton on the; #C C drops the box of sandpaper on the carton; #C C drops the sandpaper on the box of spray paint; #C C puts the paint mixing board on the ground; #C C drops the paint sprayer"
    },
    {
        "Video Name": "0e70a62a-22ec-4aaf-b39c-a0b14a90d56f",
        "Start Frame": 2400,
        "End Frame": 2520,
        "Caption": "#C C wipes the cardboard box with his left; #C C picks up the paper; #C C touches the polythene bag ; #C C throws the paper on the ground; #C C throws the carton on the ground"
    },
    {
        "Video Name": "0e70a62a-22ec-4aaf-b39c-a0b14a90d56f",
        "Start Frame": 2520,
        "End Frame": 2640,
        "Caption": "#C C moves the wire; #C C puts the plastic on the box; #C C picks the screw; #C C picks a screw; #C C drops the sand paper in the carton on the floor with his left hand"
    },
    {
        "Video Name": "0e70a62a-22ec-4aaf-b39c-a0b14a90d56f",
        "Start Frame": 2640,
        "End Frame": 2760,
        "Caption": "#C C picks a screw from the box with his left hand; #C C drops the dirt; #C C picks a screw driver from the carton ; #C C puts the sand paper on the floor; #C C picks a screwdriver "
    },
    {
        "Video Name": "0e70a62a-22ec-4aaf-b39c-a0b14a90d56f",
        "Start Frame": 2760,
        "End Frame": 2880,
        "Caption": "#C C throws the wood dust on the floor ; #C C drops the sandpaper on the floor with his left hand; #C C throws the sand paper on the floor with his left hand; #C C drops the wood; #C C drops the sanding disc in the carton."
    },
    {
        "Video Name": "0e70a62a-22ec-4aaf-b39c-a0b14a90d56f",
        "Start Frame": 2880,
        "End Frame": 3000,
        "Caption": "#C C cleans the tube on the cloth on the floor.; #C C picks the paintbrush; #C C picks a paint brush from the paint can with his right hand; #C C picks a paintbrush from the can with his right hand.; #C C picks the piece of cloth on the ground"
    },
    {
        "Video Name": "0e70a62a-22ec-4aaf-b39c-a0b14a90d56f",
        "Start Frame": 3000,
        "End Frame": 3120,
        "Caption": "#C C sprays the object in his left hand with the spray paint.; #C C takes the paintbrush; #C C places the wood finisher on the nylon on the floor with his right hand; #C C sprays the paint in the paint bottle on the cloth on the bench with his right hand; #C C places the scraper on the paint container "
    },
    {
        "Video Name": "0e70a62a-22ec-4aaf-b39c-a0b14a90d56f",
        "Start Frame": 3120,
        "End Frame": 3240,
        "Caption": "#C C paints the ceramic object with the paintbrush; #C C paints the stone with the paintbrush in his right hand; #C C paints the object in his left hand with the paintbrush; #C C paints the stone with the paint brush ; #C C paints the stone"
    },
    {
        "Video Name": "0e70a62a-22ec-4aaf-b39c-a0b14a90d56f",
        "Start Frame": 3240,
        "End Frame": 3360,
        "Caption": "#C C paints the figurine with the paintbrush in his right hand.; #C C paints the object; #C C paints the bird figurine with the paintbrush in his right hand.; #C C paints the object in his left hand with the paintbrush in his right; #C C paints the inside of the sculpture with the paintbrush in his right hand"
    },
    {
        "Video Name": "0e70a62a-22ec-4aaf-b39c-a0b14a90d56f",
        "Start Frame": 3360,
        "End Frame": 3480,
        "Caption": "#C C paints the metal box; #C C hits the paint container with the wood paint can; #C C removes the paintbrush from the paint can; #C C picks the yellow plastic from the workbench with his right hand; #C C takes the paint can from the work bench with his left hand"
    },
    {
        "Video Name": "0e70a62a-22ec-4aaf-b39c-a0b14a90d56f",
        "Start Frame": 3480,
        "End Frame": 3600,
        "Caption": "#C C paints the sculpture ; #C C applies the wood varnish on the wood in his left hand with the paint brush in his right hand; #C C paints the side of the sculpture with the paint brush in his right hand.; #C C paints the second sculpture with the paintbrush in his right hand; #C C paints the white object in his left hand with the paintbrush in his right hand."
    },
    {
        "Video Name": "0e70a62a-22ec-4aaf-b39c-a0b14a90d56f",
        "Start Frame": 3600,
        "End Frame": 3720,
        "Caption": "#C C picks up the brush; #C C wipes the paintbrush on a piece of cloth; #C C wipes the brush with the cloth; #C C wipes the paintbrush; #C C wipes the tip of the paintbrush on the cloth on the floor"
    },
    {
        "Video Name": "0e70a62a-22ec-4aaf-b39c-a0b14a90d56f",
        "Start Frame": 3720,
        "End Frame": 3840,
        "Caption": "#C C applies the wood cleaner on the metal handle of the walk way with the spray bottle in his right hand; #C C applies the glue on the metal; #C C paints the metal on the cloth; #C C applies the paint on the piece of cloth; #C C paints the metal handle"
    },
    {
        "Video Name": "0e70a62a-22ec-4aaf-b39c-a0b14a90d56f",
        "Start Frame": 3840,
        "End Frame": 3960,
        "Caption": "#C C picks up the brush from the container.; #C C dips the paintbrush in the can of spray paint with his right hand; #C C puts the glue on the cardboard; #C C puts the paint on the carton; #C C drops the paint on the nylon with his right hand."
    },
    {
        "Video Name": "0e70a62a-22ec-4aaf-b39c-a0b14a90d56f",
        "Start Frame": 3960,
        "End Frame": 4080,
        "Caption": "#C C sprays the wood oil on the wood in his left hand with the bottle in his right hand; #C C applies the glue on the bottle; #C C cleans the tip of the bottle in his right hand with the rag in his left hand.; #C C dips the piece of cloth in the thinner; #C C removes dirt from the bottle with the tack cloth"
    },
    {
        "Video Name": "0e70a62a-22ec-4aaf-b39c-a0b14a90d56f",
        "Start Frame": 4080,
        "End Frame": 4200,
        "Caption": "#C C drops the  piece of wood; #C C picks a wood on the floor with his left hand.; #C C drops the sandpaper on the ground with his right hand; #C C places the foam on the floor with his left hand.; #C C drops the paint on the ground with his left hand."
    },
    {
        "Video Name": "0e70a62a-22ec-4aaf-b39c-a0b14a90d56f",
        "Start Frame": 4200,
        "End Frame": 4320,
        "Caption": "#C C applies paint on the board; #C C takes glue from a container on the board with the paintbrush in his right hand; #C C removes the brush from the wood board; #C C removes the paintbrush from the container; #C C paints a board "
    },
    {
        "Video Name": "0e70a62a-22ec-4aaf-b39c-a0b14a90d56f",
        "Start Frame": 4320,
        "End Frame": 4440,
        "Caption": "#C C drops the scraper on the ground.; #C C drops the wooden carving on a box; #C C drops the container on the ground with his left hand; #C C drops the object on the carton; #C C drops the scraper on the carton on the floor"
    },
    {
        "Video Name": "0e70a62a-22ec-4aaf-b39c-a0b14a90d56f",
        "Start Frame": 4440,
        "End Frame": 4560,
        "Caption": "#C C gesticulates with his left hand; #C C points at the hole in the floor with his left index; #C C looks around; #C C walks towards the table; #C C talks to a man X"
    },
    {
        "Video Name": "0e70a62a-22ec-4aaf-b39c-a0b14a90d56f",
        "Start Frame": 4560,
        "End Frame": 4680,
        "Caption": "#C C touches the floor with his right hand.; #C C picks up the sawed wood from the ground with his right hand; #C C picks a screw on the floor with his right hand.; #C C walks around the workshop; #C C picks a wood screw from the floor with his right hand. "
    },
    {
        "Video Name": "0e70a62a-22ec-4aaf-b39c-a0b14a90d56f",
        "Start Frame": 4680,
        "End Frame": 4800,
        "Caption": "#C C throws the wire on the ground; #C C throws the string on the floor; #C C drops the wires on the floor with his right hand; #C C throws the wire in the box; #C C walks around"
    },
    {
        "Video Name": "0e70a62a-22ec-4aaf-b39c-a0b14a90d56f",
        "Start Frame": 4800,
        "End Frame": 4920,
        "Caption": "#C C picks a pack of the sanding discs from the carton with his right hand; #C C removes the sand paper from the carton; #C C removes dirt from the carton; #C C picks the dirt from the carton with his left hand.; #C C picks the stick from the carton on the floor with his left hand."
    },
    {
        "Video Name": "0e70a62a-22ec-4aaf-b39c-a0b14a90d56f",
        "Start Frame": 4920,
        "End Frame": 5040,
        "Caption": "#C C picks the cardboard from the floor with his hands.; #C C puts the dirt on the carton; #C C removes the paper from the sandpaper machine with his right hand; #C C removes the sandpaper from the box; #C C puts the dirt in the cardboard box."
    },
    {
        "Video Name": "0e70a62a-22ec-4aaf-b39c-a0b14a90d56f",
        "Start Frame": 5040,
        "End Frame": 5160,
        "Caption": "#C C picks a stick from the carton; #C C picks up a wood shavings from the carton with his right hand.; #C C picks up the sandpaper; #C C picks wood from the box; #C C picks a wood shavings from a carton on the floor with his right hand"
    },
    {
        "Video Name": "0e70a62a-22ec-4aaf-b39c-a0b14a90d56f",
        "Start Frame": 5160,
        "End Frame": 5280,
        "Caption": "#C C walks around the; #C C looks around ; #C C looks around; #C C walks towards the; #C C looks around"
    },
    {
        "Video Name": "0e70a62a-22ec-4aaf-b39c-a0b14a90d56f",
        "Start Frame": 5280,
        "End Frame": 5400,
        "Caption": "#C C picks up a can of paint from the floor with his right hand; #C C picks the box with both hands; #C C picks a box from the ground with his right hand.; #C C picks the box ; #C C picks a box from the floor"
    }
]