[
    {
        "Video Name": "0e8023a6-6066-444c-8ca8-623eaf5447c8",
        "Start Frame": 0,
        "End Frame": 120,
        "Caption": "#C C looks around; #C C looks around; #C C looks around; #C C looks around; #C C watches the"
    },
    {
        "Video Name": "0e8023a6-6066-444c-8ca8-623eaf5447c8",
        "Start Frame": 120,
        "End Frame": 240,
        "Caption": "#C C looks around; #C C stares at the; #C C looks around; #C C stares at the; #C C looks around"
    },
    {
        "Video Name": "0e8023a6-6066-444c-8ca8-623eaf5447c8",
        "Start Frame": 240,
        "End Frame": 360,
        "Caption": "#C C looks at the TV; #C C looks around; #C C looks around ; #C C looks around; #C C looks around"
    },
    {
        "Video Name": "0e8023a6-6066-444c-8ca8-623eaf5447c8",
        "Start Frame": 360,
        "End Frame": 480,
        "Caption": "#C C watches the television; #C C looks around; #C C looks around; #C C stares at the; #C C looks around"
    },
    {
        "Video Name": "0e8023a6-6066-444c-8ca8-623eaf5447c8",
        "Start Frame": 480,
        "End Frame": 600,
        "Caption": "#C C watches the television; #C C watches the television; #C C looks around; #C C stares at the; #C C looks around"
    },
    {
        "Video Name": "0e8023a6-6066-444c-8ca8-623eaf5447c8",
        "Start Frame": 600,
        "End Frame": 720,
        "Caption": "#C C watches the television; #C C stares at the; #C C stares at the; #C C looks around; #C C looks around"
    },
    {
        "Video Name": "0e8023a6-6066-444c-8ca8-623eaf5447c8",
        "Start Frame": 720,
        "End Frame": 840,
        "Caption": "#C C looks around ; #C C looks around; #C C looks around; #C C watches the television; #C C stares at the"
    },
    {
        "Video Name": "0e8023a6-6066-444c-8ca8-623eaf5447c8",
        "Start Frame": 840,
        "End Frame": 960,
        "Caption": "#C C looks; #C C turns; #C C looks; #C C looks; #C C looks"
    },
    {
        "Video Name": "0e8023a6-6066-444c-8ca8-623eaf5447c8",
        "Start Frame": 960,
        "End Frame": 1080,
        "Caption": "#C C watches the T; #C C watches the television; #C C looks around; #C C watches the television; #C C looks around"
    },
    {
        "Video Name": "0e8023a6-6066-444c-8ca8-623eaf5447c8",
        "Start Frame": 1080,
        "End Frame": 1200,
        "Caption": "#C C looks around ; #C C looks around; #C C looks around; #C C looks around; #C C looks around the house"
    },
    {
        "Video Name": "0e8023a6-6066-444c-8ca8-623eaf5447c8",
        "Start Frame": 1200,
        "End Frame": 1320,
        "Caption": "#C C looks at the; #C C looks around; #C C watches the television; #C C looks around ; #C C watches the movie"
    },
    {
        "Video Name": "0e8023a6-6066-444c-8ca8-623eaf5447c8",
        "Start Frame": 1320,
        "End Frame": 1440,
        "Caption": "#C C stands from the; #C C watches the television; #C C sits on the; #C C watches the television; #C C sits on the"
    },
    {
        "Video Name": "0e8023a6-6066-444c-8ca8-623eaf5447c8",
        "Start Frame": 1440,
        "End Frame": 1560,
        "Caption": "#C C sits on the couch; #C C sits on the chair; #C C looks around; #C C stands up; #C C looks around"
    },
    {
        "Video Name": "0e8023a6-6066-444c-8ca8-623eaf5447c8",
        "Start Frame": 1560,
        "End Frame": 1680,
        "Caption": "#C C operates the phone; #C C operates the phone with both hands; #C C operates the phone; #C C operates the phone; #C C operates the phone"
    },
    {
        "Video Name": "0e8023a6-6066-444c-8ca8-623eaf5447c8",
        "Start Frame": 1680,
        "End Frame": 1800,
        "Caption": "#C C scrolls the phone; #C C uses phone; #C C holds the phone with both; #C C uses phone; #C C looks at the phone"
    },
    {
        "Video Name": "0e8023a6-6066-444c-8ca8-623eaf5447c8",
        "Start Frame": 1800,
        "End Frame": 1920,
        "Caption": "#C C walks around the house; #C C moves around the house; #C C picks a book; #C C walks around the house; #C C walks around the house"
    },
    {
        "Video Name": "0e8023a6-6066-444c-8ca8-623eaf5447c8",
        "Start Frame": 1920,
        "End Frame": 2040,
        "Caption": "#C C puts the pillow on the; #C C looks around; #C C walks around the room ; #C C walks in the room ; #C C walks in the house "
    },
    {
        "Video Name": "0e8023a6-6066-444c-8ca8-623eaf5447c8",
        "Start Frame": 2040,
        "End Frame": 2160,
        "Caption": "#C C uses the phone; #C C looks around the room; #C C looks around the house; #C C holds a phone; #C C operates a phone"
    },
    {
        "Video Name": "0e8023a6-6066-444c-8ca8-623eaf5447c8",
        "Start Frame": 2160,
        "End Frame": 2280,
        "Caption": "#C C picks the coffee cup from the table with his left hand; #C C puts the drink on the table; #C C picks the paper; #C C walks around the house ; #C C picks a bottle of water"
    },
    {
        "Video Name": "0e8023a6-6066-444c-8ca8-623eaf5447c8",
        "Start Frame": 2280,
        "End Frame": 2400,
        "Caption": "#C C walks in the house; #C C walks in the room; #C C picks the pillow; #C C walks around; #C C walks around the house"
    },
    {
        "Video Name": "0e8023a6-6066-444c-8ca8-623eaf5447c8",
        "Start Frame": 2400,
        "End Frame": 2520,
        "Caption": "#C C picks a pillow; #C C moves in the house; #C C walks in the room; #C C walks around the room; #C C walks in the house"
    },
    {
        "Video Name": "0e8023a6-6066-444c-8ca8-623eaf5447c8",
        "Start Frame": 2520,
        "End Frame": 2640,
        "Caption": "#C C picks the pillow from the; #C C picks a pillow from the; #C C walks around; #C C walks around the apartment; #C C walks around the room"
    },
    {
        "Video Name": "0e8023a6-6066-444c-8ca8-623eaf5447c8",
        "Start Frame": 2640,
        "End Frame": 2760,
        "Caption": "#C C puts the pillow on the sofa; #C C places a pillow on the sofa; #C C moves the pillow on the couch; #C C lifts the pillow; #C C puts the pillow on the chair"
    },
    {
        "Video Name": "0e8023a6-6066-444c-8ca8-623eaf5447c8",
        "Start Frame": 2760,
        "End Frame": 2880,
        "Caption": "#C C puts the pillow on the chair; #C C moves a pillow on the couch; #C C puts pillow on the sofa; #C C puts the pillow on the sofa; #C C puts a pillow on the sofa"
    },
    {
        "Video Name": "0e8023a6-6066-444c-8ca8-623eaf5447c8",
        "Start Frame": 2880,
        "End Frame": 3000,
        "Caption": "#C C looks; #C C looks; #C C walks; #C C walks; #C C looks"
    },
    {
        "Video Name": "0e8023a6-6066-444c-8ca8-623eaf5447c8",
        "Start Frame": 3000,
        "End Frame": 3120,
        "Caption": "#C C walks in the room; #C C looks around; #C C walks around the house; #C C walks around the room; #C C walks in the house"
    },
    {
        "Video Name": "0e8023a6-6066-444c-8ca8-623eaf5447c8",
        "Start Frame": 3120,
        "End Frame": 3240,
        "Caption": "#C C looks around; #C C walks in the house; #C C walks around the room ; #C C walks around the house; #C C picks up the throw pillow from the"
    },
    {
        "Video Name": "0e8023a6-6066-444c-8ca8-623eaf5447c8",
        "Start Frame": 3240,
        "End Frame": 3360,
        "Caption": "#C C picks a pillow; #C C walks in the; #C C looks around; #C C walks around; #C C walks around the"
    },
    {
        "Video Name": "0e8023a6-6066-444c-8ca8-623eaf5447c8",
        "Start Frame": 3360,
        "End Frame": 3480,
        "Caption": "#C C walks in the; #C C picks a pillow; #C C walks around the; #C C walks around the; #C C walks in the"
    },
    {
        "Video Name": "0e8023a6-6066-444c-8ca8-623eaf5447c8",
        "Start Frame": 3480,
        "End Frame": 3600,
        "Caption": "#C C looks around; #C C picks a paper from the chair; #C C places the pillow on the sofa; #C C arranges the pillows on the; #C C puts the pillow on the chair"
    },
    {
        "Video Name": "0e8023a6-6066-444c-8ca8-623eaf5447c8",
        "Start Frame": 3600,
        "End Frame": 3720,
        "Caption": "#C C moves the pillow on the couch ; #C C picks a pillow; #C C arranges the pillows on the; #C C arranges pillow on the couch; #C C arranges the pillows on the"
    },
    {
        "Video Name": "0e8023a6-6066-444c-8ca8-623eaf5447c8",
        "Start Frame": 3720,
        "End Frame": 3840,
        "Caption": "#C C takes a throw pillow from the chair with his left hand; #C C puts the pillow on the seat; #C C puts the pillow on the coach; #C C touches the pillow; #C C holds a pillow"
    },
    {
        "Video Name": "0e8023a6-6066-444c-8ca8-623eaf5447c8",
        "Start Frame": 3840,
        "End Frame": 3960,
        "Caption": "#C C puts the throw pillow on the; #C C lifts the pillow ; #C C takes the pillow; #C C touches the throw pillow ; #C C moves the pillow on the sofa"
    },
    {
        "Video Name": "0e8023a6-6066-444c-8ca8-623eaf5447c8",
        "Start Frame": 3960,
        "End Frame": 4080,
        "Caption": "#C C picks a pillow from the couch with his left hand; #C C picks a pillow from the floor; #C C looks around the house; #C C puts the pillow on the coach; #C C picks a pillow from the chair with his right hand"
    },
    {
        "Video Name": "0e8023a6-6066-444c-8ca8-623eaf5447c8",
        "Start Frame": 4080,
        "End Frame": 4200,
        "Caption": "#C C walks around the house; #C C looks around the house; #C C walks around the apartment; #C C walks around; #C C walks around the house"
    },
    {
        "Video Name": "0e8023a6-6066-444c-8ca8-623eaf5447c8",
        "Start Frame": 4200,
        "End Frame": 4320,
        "Caption": "#C C stares at the couch; #C C looks around ; #C C looks around; #C C walks around the apartment; #C C places the remote on the"
    },
    {
        "Video Name": "0e8023a6-6066-444c-8ca8-623eaf5447c8",
        "Start Frame": 4320,
        "End Frame": 4440,
        "Caption": "#C C moves the pillow ; #C C walks around the room; #C C picks a pillow from the; #C C walks around the room; #C C puts a pillow on the"
    },
    {
        "Video Name": "0e8023a6-6066-444c-8ca8-623eaf5447c8",
        "Start Frame": 4440,
        "End Frame": 4560,
        "Caption": "#C C walks around ; #C C walks around the; #C C walks around ; #C C walks in the; #C C walks around the"
    },
    {
        "Video Name": "0e8023a6-6066-444c-8ca8-623eaf5447c8",
        "Start Frame": 4560,
        "End Frame": 4680,
        "Caption": "#C C puts the pillow on the sofa; #C C puts the pillow on the chair; #C C arranges the throw pillow on the sofa with her left hand; #C C picks the pillow; #C C turns a pillow"
    },
    {
        "Video Name": "0e8023a6-6066-444c-8ca8-623eaf5447c8",
        "Start Frame": 4680,
        "End Frame": 4800,
        "Caption": "#C C walks around; #C C walks around the house; #C C walks around the room; #C C puts the pillow on the; #C C walks around"
    },
    {
        "Video Name": "0e8023a6-6066-444c-8ca8-623eaf5447c8",
        "Start Frame": 4800,
        "End Frame": 4920,
        "Caption": "#C C looks around; #C C picks the pillow from the sofa with his right hand; #C C arranges a pillow on the sofa with both hands; #C C picks a throw pillow ; #C C moves the throw pillow "
    },
    {
        "Video Name": "0e8023a6-6066-444c-8ca8-623eaf5447c8",
        "Start Frame": 4920,
        "End Frame": 5040,
        "Caption": "#C C walks around the house; #C C walks in the house; #C C walks in the house; #C C walks towards the table; #C C moves around the room"
    },
    {
        "Video Name": "0e8023a6-6066-444c-8ca8-623eaf5447c8",
        "Start Frame": 5040,
        "End Frame": 5160,
        "Caption": "#C C picks a book; #C C adjusts the camera; #C C stands in a room; #C C moves around the room; #C C places the book on the"
    },
    {
        "Video Name": "0e8023a6-6066-444c-8ca8-623eaf5447c8",
        "Start Frame": 5160,
        "End Frame": 5280,
        "Caption": "#C C walks around the; #C C looks around ; #C C looks around ; #C C looks around the; #C C walks in the"
    },
    {
        "Video Name": "0e8023a6-6066-444c-8ca8-623eaf5447c8",
        "Start Frame": 5280,
        "End Frame": 5400,
        "Caption": "#C C looks around; #C C looks around the house; #C C looks around; #C C moves the shirt; #C C picks a paper"
    }
]