[
    {
        "Video Name": "0e9f0a10-09ce-44fe-a8d8-6a0d01cdf7e7",
        "Start Frame": 0,
        "End Frame": 120,
        "Caption": "#C C stares at the; #C C looks at the; #C C looks at the; #C C walks around; #C C walks around the"
    },
    {
        "Video Name": "0e9f0a10-09ce-44fe-a8d8-6a0d01cdf7e7",
        "Start Frame": 120,
        "End Frame": 240,
        "Caption": "#C C walks downstairs ; #C C walks down the stairs; #C C walks up the stairs; #C C walks up the stairs; #C C walks down the stairs"
    },
    {
        "Video Name": "0e9f0a10-09ce-44fe-a8d8-6a0d01cdf7e7",
        "Start Frame": 240,
        "End Frame": 360,
        "Caption": "#c c walks down the; #C C walks down the; #C C climbs up the; #C C walks down the; #C C walks downstairs"
    },
    {
        "Video Name": "0e9f0a10-09ce-44fe-a8d8-6a0d01cdf7e7",
        "Start Frame": 360,
        "End Frame": 480,
        "Caption": "#C C walks around; #C C walks in the house; #C C walks around; #C C walks around the house; #C C walks around the house"
    },
    {
        "Video Name": "0e9f0a10-09ce-44fe-a8d8-6a0d01cdf7e7",
        "Start Frame": 480,
        "End Frame": 600,
        "Caption": "#C C walks in the house; #C C walks towards the dining; #C C walks in the room; #C C walks around; #C C walks around "
    },
    {
        "Video Name": "0e9f0a10-09ce-44fe-a8d8-6a0d01cdf7e7",
        "Start Frame": 600,
        "End Frame": 720,
        "Caption": "#C C puts a snack on the; #C C moves the plate; #C C picks a plate from the; #C C picks the food ; #C C picks up a plate."
    },
    {
        "Video Name": "0e9f0a10-09ce-44fe-a8d8-6a0d01cdf7e7",
        "Start Frame": 720,
        "End Frame": 840,
        "Caption": "#C C switches on the; #C C opens the drawer; #C C opens the kitchen; #C C switches on light; #C C turns on the"
    },
    {
        "Video Name": "0e9f0a10-09ce-44fe-a8d8-6a0d01cdf7e7",
        "Start Frame": 840,
        "End Frame": 960,
        "Caption": "#C C walks around the room; #C C walks around the house; #C C walks to the table; #C C walks in the room; #C C walks around"
    },
    {
        "Video Name": "0e9f0a10-09ce-44fe-a8d8-6a0d01cdf7e7",
        "Start Frame": 960,
        "End Frame": 1080,
        "Caption": "#C C wipes the table with the; #C C moves a table mat.; #C C touches a table mat; #C C moves the hand.; #C C touches a paper on the"
    },
    {
        "Video Name": "0e9f0a10-09ce-44fe-a8d8-6a0d01cdf7e7",
        "Start Frame": 1080,
        "End Frame": 1200,
        "Caption": "#C C uses phone; #C C picks a; #C C operates phone; #C C uses phone; #C C operates phone"
    },
    {
        "Video Name": "0e9f0a10-09ce-44fe-a8d8-6a0d01cdf7e7",
        "Start Frame": 1200,
        "End Frame": 1320,
        "Caption": "#C C pushes the paper aside.; #C C touches the paper.; #C C puts paper on the table; #C C picks up a pen; #C C puts a pen on the"
    },
    {
        "Video Name": "0e9f0a10-09ce-44fe-a8d8-6a0d01cdf7e7",
        "Start Frame": 1320,
        "End Frame": 1440,
        "Caption": "#C C folds the paper; #C C takes a paper; #C C holds a paper ; #C C picks the paper on top of the; #C C picks a paper"
    },
    {
        "Video Name": "0e9f0a10-09ce-44fe-a8d8-6a0d01cdf7e7",
        "Start Frame": 1440,
        "End Frame": 1560,
        "Caption": "#C C puts a paper on the table; #C C puts the paper on the table; #C C puts the papers on the table; #C C puts the papers on top of the; #C C puts the papers on the table"
    },
    {
        "Video Name": "0e9f0a10-09ce-44fe-a8d8-6a0d01cdf7e7",
        "Start Frame": 1560,
        "End Frame": 1680,
        "Caption": "#C C puts the paper on the table; #C C folds the papers; #C C   picks a paper; #C C folds the paper on the table; #C C puts a piece of paper on the"
    },
    {
        "Video Name": "0e9f0a10-09ce-44fe-a8d8-6a0d01cdf7e7",
        "Start Frame": 1680,
        "End Frame": 1800,
        "Caption": "#C C holds a paper with his left hand; #C C moves the paper on the table; #C C takes a paper; #C C moves the papers; #C C picks the paper"
    },
    {
        "Video Name": "0e9f0a10-09ce-44fe-a8d8-6a0d01cdf7e7",
        "Start Frame": 1800,
        "End Frame": 1920,
        "Caption": "#C C arranges papers on table; #C C stares at the paper; #C C arranges papers on a table; #C C places paper on the table; #C C puts the papers on the table"
    },
    {
        "Video Name": "0e9f0a10-09ce-44fe-a8d8-6a0d01cdf7e7",
        "Start Frame": 1920,
        "End Frame": 2040,
        "Caption": "#C C aligns the papers; #C C arranges papers; #C C folds the papers; #C C aligns papers; #C C lifts the papers from the"
    },
    {
        "Video Name": "0e9f0a10-09ce-44fe-a8d8-6a0d01cdf7e7",
        "Start Frame": 2040,
        "End Frame": 2160,
        "Caption": "#C C picks papers from the table; #C C picks a piece of paper from the; #C C moves the paper; #C C moves a paper ; #C C moves the paper on the table "
    },
    {
        "Video Name": "0e9f0a10-09ce-44fe-a8d8-6a0d01cdf7e7",
        "Start Frame": 2160,
        "End Frame": 2280,
        "Caption": "#C C puts a pen on the table; #C C picks a pen from the table; #C C puts the pen on the table; #C C picks a pen; #C C picks a pen"
    },
    {
        "Video Name": "0e9f0a10-09ce-44fe-a8d8-6a0d01cdf7e7",
        "Start Frame": 2280,
        "End Frame": 2400,
        "Caption": "#C C picks a pen; #C C  lifts a pen ; #C C  holds a pen; #C C holds the paper on the; #C C writes on a paper"
    },
    {
        "Video Name": "0e9f0a10-09ce-44fe-a8d8-6a0d01cdf7e7",
        "Start Frame": 2400,
        "End Frame": 2520,
        "Caption": "#C C  writes on a paper with a pen                                                                ; #C C writes on a paper with a pen; #C C  writes on a paper with a pen.; #C C writes on a paper with a pen.; #C C writes on a paper with a pen "
    },
    {
        "Video Name": "0e9f0a10-09ce-44fe-a8d8-6a0d01cdf7e7",
        "Start Frame": 2520,
        "End Frame": 2640,
        "Caption": "#C C writes on the paper with a pen; #C C writes on a paper with a pen; #C C writes on the paper with the pen; #C C writes on the paper; #C C writes on the paper."
    },
    {
        "Video Name": "0e9f0a10-09ce-44fe-a8d8-6a0d01cdf7e7",
        "Start Frame": 2640,
        "End Frame": 2760,
        "Caption": "#C C writes on a paper with a pen; #C C writes on the paper.; #C C writes on the paper with a pen; #C C writes on the paper with a pen; #C C writes on paper with a pen "
    },
    {
        "Video Name": "0e9f0a10-09ce-44fe-a8d8-6a0d01cdf7e7",
        "Start Frame": 2760,
        "End Frame": 2880,
        "Caption": "#C C writes on paper with a pen; #C C writes on a paper with a pen; #C C writes on the paper.; #C C writes on a paper with a pen; #C C writes on a paper with a pen"
    },
    {
        "Video Name": "0e9f0a10-09ce-44fe-a8d8-6a0d01cdf7e7",
        "Start Frame": 2880,
        "End Frame": 3000,
        "Caption": "#C C writes on a piece of paper with a; #C C writes on a paper with a pen; #C C writes on the paper with a pen; #C C writes on the piece of paper.; #C C writes on a paper with a pen"
    },
    {
        "Video Name": "0e9f0a10-09ce-44fe-a8d8-6a0d01cdf7e7",
        "Start Frame": 3000,
        "End Frame": 3120,
        "Caption": "#C C writes on the paper.; #C C writes on the paper.; #C C writes on a paper with a pen; #C C writes on the paper.; #C C writes on a paper with a pen"
    },
    {
        "Video Name": "0e9f0a10-09ce-44fe-a8d8-6a0d01cdf7e7",
        "Start Frame": 3120,
        "End Frame": 3240,
        "Caption": "#C C writes on a paper with a; #C C writes on the paper.; #C C writes on the paper.; #C C writes on paper.; #C C writes on a paper with a"
    },
    {
        "Video Name": "0e9f0a10-09ce-44fe-a8d8-6a0d01cdf7e7",
        "Start Frame": 3240,
        "End Frame": 3360,
        "Caption": "#C C writes on a paper with a pen; #C C writes on a paper with a pen; #C C writes on a piece of paper with a pen; #C C writes on a paper with a pen ; #C C writes on a paper with a pen  "
    },
    {
        "Video Name": "0e9f0a10-09ce-44fe-a8d8-6a0d01cdf7e7",
        "Start Frame": 3360,
        "End Frame": 3480,
        "Caption": "#C C   writes on a paper with a pen                                                               ; #C C writes on a paper with a pen; #C C  writes on a paper with a pen                                                                ; #C C writes on a paper with a pen; #C C writes on a paper with a pen"
    },
    {
        "Video Name": "0e9f0a10-09ce-44fe-a8d8-6a0d01cdf7e7",
        "Start Frame": 3480,
        "End Frame": 3600,
        "Caption": "#C C  writes on a paper with a pen; #C C  writes on a paper with a pen                                                                ; #C C writes on a paper with a pen; #C C writes on a paper with a pen ; #O person A picks a pen on a table"
    },
    {
        "Video Name": "0e9f0a10-09ce-44fe-a8d8-6a0d01cdf7e7",
        "Start Frame": 3600,
        "End Frame": 3720,
        "Caption": "#C C adjusts rubber.; #C C puts rubber on the table; #C C erases with the rubber.; #C C rubs the writing with a; #C C wipes on the paper"
    },
    {
        "Video Name": "0e9f0a10-09ce-44fe-a8d8-6a0d01cdf7e7",
        "Start Frame": 3720,
        "End Frame": 3840,
        "Caption": "#C C wipes the rubber on the table with his hand; #C C picks the rubber; #C C puts rubber on the table; #C C puts down a rubber; #C C wipes on the table with the rubber"
    },
    {
        "Video Name": "0e9f0a10-09ce-44fe-a8d8-6a0d01cdf7e7",
        "Start Frame": 3840,
        "End Frame": 3960,
        "Caption": "#C C rubs the paper.; #C C wipes the paper with a hand; #C C rubs the drawing; #C C rubs the picture with a rubber; #C C  rubs a paper with a"
    },
    {
        "Video Name": "0e9f0a10-09ce-44fe-a8d8-6a0d01cdf7e7",
        "Start Frame": 3960,
        "End Frame": 4080,
        "Caption": "#C C  Wipes a paper with a hand; #C C rubs the drawing; #C C rubs on the paper.; #C C rubs the paper with the rubber; #C C erases on the paper."
    },
    {
        "Video Name": "0e9f0a10-09ce-44fe-a8d8-6a0d01cdf7e7",
        "Start Frame": 4080,
        "End Frame": 4200,
        "Caption": "#C C writes on the paper with a pen; #C C writes on a paper with a pen; #C C writes on the paper.; #C C writes on a paper with a pen; #C C writes on a paper with a pen"
    },
    {
        "Video Name": "0e9f0a10-09ce-44fe-a8d8-6a0d01cdf7e7",
        "Start Frame": 4200,
        "End Frame": 4320,
        "Caption": "#C C  writes on a paper with a pen                                                                ; #C C writes on the paper.; #C C writes on a paper with a pen; #C C adjusts a paper on the table; #C C writes on a paper with a pen."
    },
    {
        "Video Name": "0e9f0a10-09ce-44fe-a8d8-6a0d01cdf7e7",
        "Start Frame": 4320,
        "End Frame": 4440,
        "Caption": "#C C writes on the paper.; #C C  writes on a paper with a pen; #C C writes on a paper with a pen; #C C writes on the paper.; #C C  writes on a paper with a pen"
    },
    {
        "Video Name": "0e9f0a10-09ce-44fe-a8d8-6a0d01cdf7e7",
        "Start Frame": 4440,
        "End Frame": 4560,
        "Caption": "#C C writes on a piece of paper with a; #C C writes on a paper with a pen ; #C C writes on a piece of paper with a; #C C writes on the paper.; #C C writes on a paper with a pen"
    },
    {
        "Video Name": "0e9f0a10-09ce-44fe-a8d8-6a0d01cdf7e7",
        "Start Frame": 4560,
        "End Frame": 4680,
        "Caption": "#C C writes on a paper with a pen; #C C writes on the paper; #C C writes on the paper with a pen; #C C writes on a paper with a pen; #C C  writes on a paper with a pen                                                                "
    },
    {
        "Video Name": "0e9f0a10-09ce-44fe-a8d8-6a0d01cdf7e7",
        "Start Frame": 4680,
        "End Frame": 4800,
        "Caption": "#C C writes on a paper with a pen; #C C writes on a paper with a pen; #C C writes on a paper with a pen; #C C Writes on a paper with a; #C C writes on a paper with a pen"
    },
    {
        "Video Name": "0e9f0a10-09ce-44fe-a8d8-6a0d01cdf7e7",
        "Start Frame": 4800,
        "End Frame": 4920,
        "Caption": "#C C writes on a paper with a pen; #C C writes on the paper.; #C C writes on a paper with a pen; #C C writes on the paper.; #C C writes on a paper with a pen"
    },
    {
        "Video Name": "0e9f0a10-09ce-44fe-a8d8-6a0d01cdf7e7",
        "Start Frame": 4920,
        "End Frame": 5040,
        "Caption": "#C C writes on the paper.; #C C writes on the paper.; #C C  writes on a paper with a pen ; #C C writes on the paper.; #C C writes on the paper with a pen"
    },
    {
        "Video Name": "0e9f0a10-09ce-44fe-a8d8-6a0d01cdf7e7",
        "Start Frame": 5040,
        "End Frame": 5160,
        "Caption": "#C C  writes on a paper with a pen; #C C writes on a paper with a pen; #C C writes on a paper with a pen; #C C writes on the paper.; #C C writes on a paper with a pen"
    },
    {
        "Video Name": "0e9f0a10-09ce-44fe-a8d8-6a0d01cdf7e7",
        "Start Frame": 5160,
        "End Frame": 5280,
        "Caption": "#C C erases the writing; #C C erases part of a drawing on the; #C C erases on the paper.; #C C rubs the paper.; #C C rubs the drawing "
    },
    {
        "Video Name": "0e9f0a10-09ce-44fe-a8d8-6a0d01cdf7e7",
        "Start Frame": 5280,
        "End Frame": 5400,
        "Caption": "#C C writes on the paper with a ballpoint pen; #C C writes on a paper with a pen; #C C  writes on a paper with a pen    ; #C C writes on a paper with a pen; #C C writes on a paper with a pen"
    }
]