[
    {
        "Video Name": "0ed64065-e6a2-4b84-b703-d8f339e1b685",
        "Start Frame": 0,
        "End Frame": 120,
        "Caption": "#C C throws the peel in the sink; #C C puts the peel on the sink; #C C puts the peel in a trash; #C C pours the water in the; #C C drops the peel in the sink"
    },
    {
        "Video Name": "0ed64065-e6a2-4b84-b703-d8f339e1b685",
        "Start Frame": 120,
        "End Frame": 240,
        "Caption": "#C C picks a spoon; #C C picks up a pair of scissors from the drawer with her right; #C C picks a spoon from the drawer; #C C picks a spoon in the drawer with her right hand; #C C takes out a measuring spoon from the drawer with her right hand"
    },
    {
        "Video Name": "0ed64065-e6a2-4b84-b703-d8f339e1b685",
        "Start Frame": 240,
        "End Frame": 360,
        "Caption": "#C C operates her phone ; #C C operates the phone.; #C C picks up a phone from the; #C C picks up her phone; #C C operates her phone with her right"
    },
    {
        "Video Name": "0ed64065-e6a2-4b84-b703-d8f339e1b685",
        "Start Frame": 360,
        "End Frame": 480,
        "Caption": "#C C opens the bottle; #C C opens the bottle; #C C opens the lid of the; #C C opens the bottle; #C C opens the container"
    },
    {
        "Video Name": "0ed64065-e6a2-4b84-b703-d8f339e1b685",
        "Start Frame": 480,
        "End Frame": 600,
        "Caption": "#C C puts the spoon in the; #C C puts the spoon in the; #C C puts the spoon in the; #C C puts the spoon in the; #C C puts the spoon in the"
    },
    {
        "Video Name": "0ed64065-e6a2-4b84-b703-d8f339e1b685",
        "Start Frame": 600,
        "End Frame": 720,
        "Caption": "#C C drops the spoon into the; #C C drops the spoon in the; #C C drops the spoon on the; #C C closes the container with the; #C C drops the spoon into the"
    },
    {
        "Video Name": "0ed64065-e6a2-4b84-b703-d8f339e1b685",
        "Start Frame": 720,
        "End Frame": 840,
        "Caption": "#C C opens the bottle; #C C closes the container with her right; #C C opens the bottle; #C C opens the bottle with her right; #C C opens the bottle"
    },
    {
        "Video Name": "0ed64065-e6a2-4b84-b703-d8f339e1b685",
        "Start Frame": 840,
        "End Frame": 960,
        "Caption": "#C C drops the measuring spoon on the; #C C puts the measuring spoon in the; #C C puts the bowl on the kitchen; #C C puts the bowl down; #C C drops the bowl on the table"
    },
    {
        "Video Name": "0ed64065-e6a2-4b84-b703-d8f339e1b685",
        "Start Frame": 960,
        "End Frame": 1080,
        "Caption": "#C C picks a sachet of powder from the table with her left; #C C picks a nylon from the top of the shelf with her left; #C C puts the packet on the rack; #C C picks the packet; #C C picks a seal bag from a shelf"
    },
    {
        "Video Name": "0ed64065-e6a2-4b84-b703-d8f339e1b685",
        "Start Frame": 1080,
        "End Frame": 1200,
        "Caption": "#C C adjusts the bowl with her left hand; #C C puts the spoon into the rice cooker; #C C drops the spoon on the rice cooker; #C C drops the spoon on the rice cooker; #C C takes the rice cooker lid"
    },
    {
        "Video Name": "0ed64065-e6a2-4b84-b703-d8f339e1b685",
        "Start Frame": 1200,
        "End Frame": 1320,
        "Caption": "#C C operates the rice cooker; #C C presses the button; #C C presses the button on the rice cooker; #C C presses a button on the rice cooker; #C C turns off the electric kettle"
    },
    {
        "Video Name": "0ed64065-e6a2-4b84-b703-d8f339e1b685",
        "Start Frame": 1320,
        "End Frame": 1440,
        "Caption": "#C C takes the spoon from the bowl; #C C takes the spoon from the food; #C C stirs the mixture with the; #C C puts the whisk in the bowl; #C C picks up the spoon"
    },
    {
        "Video Name": "0ed64065-e6a2-4b84-b703-d8f339e1b685",
        "Start Frame": 1440,
        "End Frame": 1560,
        "Caption": "#C C stirs the mixture with a spoon; #C C pours the mixture into the cup; #C C pours the mixture in the bowl; #C C stirs the mixture ; #C C scoops the mixture of rice and"
    },
    {
        "Video Name": "0ed64065-e6a2-4b84-b703-d8f339e1b685",
        "Start Frame": 1560,
        "End Frame": 1680,
        "Caption": "#C C stirs the content of the bowl with the; #C C stirs the mixture in the bowl with the; #C C removes the mixture from the bowl with the spoon; #C C scoops the mixture; #C C hits the spoon on the bowl"
    },
    {
        "Video Name": "0ed64065-e6a2-4b84-b703-d8f339e1b685",
        "Start Frame": 1680,
        "End Frame": 1800,
        "Caption": "#C C holds the bowl on the table with her left hand; #C C operates the phone; #C C holds the spoon; #C C picks up the phone from the kitchen counter with her right; #C C picks a spoon from the bowl on the table."
    },
    {
        "Video Name": "0ed64065-e6a2-4b84-b703-d8f339e1b685",
        "Start Frame": 1800,
        "End Frame": 1920,
        "Caption": "#C C drops the bottle on the kitchen; #C C operates the phone with her right; #C C takes the bottle from the counter; #C C operates the phone; #C C drops the bottle on the slab"
    },
    {
        "Video Name": "0ed64065-e6a2-4b84-b703-d8f339e1b685",
        "Start Frame": 1920,
        "End Frame": 2040,
        "Caption": "#C C puts the cup in the bowl; #C C pours the oil in the bowl into the; #C C pours the content of the bottle into the; #C C holds the measuring spoon; #C C pours the liquid in the spoon into the"
    },
    {
        "Video Name": "0ed64065-e6a2-4b84-b703-d8f339e1b685",
        "Start Frame": 2040,
        "End Frame": 2160,
        "Caption": "#C C pours some liquid from the bottle into the; #C C pours oil in the spoon into the bowl; #C C pours the oil into the cup; #C C pours the oil into the spoon; #C C pours the oil in the spoon into the"
    },
    {
        "Video Name": "0ed64065-e6a2-4b84-b703-d8f339e1b685",
        "Start Frame": 2160,
        "End Frame": 2280,
        "Caption": "#C C pours the content of the spoon into the bowl of eggplant; #C C pours the oil into the bowl; #C C puts the oil in the bowl; #C C pours the oil in the bowl; #C C puts the sauce on the bowl"
    },
    {
        "Video Name": "0ed64065-e6a2-4b84-b703-d8f339e1b685",
        "Start Frame": 2280,
        "End Frame": 2400,
        "Caption": "#C C closes the drawer; #C C closes the drawer; #C C closes the drawer; #C C closes the drawer; #C C opens the drawer"
    },
    {
        "Video Name": "0ed64065-e6a2-4b84-b703-d8f339e1b685",
        "Start Frame": 2400,
        "End Frame": 2520,
        "Caption": "#C C opens the drawer; #C C opens the drawer; #C C opens the drawer; #C C opens a cabinet in the; #C C opens the drawer"
    },
    {
        "Video Name": "0ed64065-e6a2-4b84-b703-d8f339e1b685",
        "Start Frame": 2520,
        "End Frame": 2640,
        "Caption": "#C C closes the drawer; #C C takes a bottle from the; #C C closes the drawer; #C C closes the drawer; #C C closes the drawer"
    },
    {
        "Video Name": "0ed64065-e6a2-4b84-b703-d8f339e1b685",
        "Start Frame": 2640,
        "End Frame": 2760,
        "Caption": "#C C closes the bottle; #C C puts the vinegar in the spoon; #C C closes the bottle of oil; #C C covers the bottle; #C C pours the oil in the"
    },
    {
        "Video Name": "0ed64065-e6a2-4b84-b703-d8f339e1b685",
        "Start Frame": 2760,
        "End Frame": 2880,
        "Caption": "#C C pours oil in the bowl; #C C pours the oil in the spoon into the; #C C pours the liquid in the spoon into the; #C C pours the oil in the bowl; #C C pours the oil into the bowl"
    },
    {
        "Video Name": "0ed64065-e6a2-4b84-b703-d8f339e1b685",
        "Start Frame": 2880,
        "End Frame": 3000,
        "Caption": "#C C closes the bottle of oil; #C C pours the oil in the spoon into the; #C C pours the oil into the spoon; #C C drops the spoon on the table; #C C pours oil from the bottle into the bowl"
    },
    {
        "Video Name": "0ed64065-e6a2-4b84-b703-d8f339e1b685",
        "Start Frame": 3000,
        "End Frame": 3120,
        "Caption": "#C C closes the cabinet; #C C closes the kitchen cabinet; #C C puts the bottle into the; #C C closes the drawer; #C C closes the drawer"
    },
    {
        "Video Name": "0ed64065-e6a2-4b84-b703-d8f339e1b685",
        "Start Frame": 3120,
        "End Frame": 3240,
        "Caption": "#C C presses the phone; #C C operates the phone ; #C C puts the bottle on the sink; #C C places the bottle on the kitchen; #C C puts the phone on the sink"
    },
    {
        "Video Name": "0ed64065-e6a2-4b84-b703-d8f339e1b685",
        "Start Frame": 3240,
        "End Frame": 3360,
        "Caption": "#C C drops the bottle in the kitchen; #C C puts the egg in the cabinet; #C C closes the cabinet; #C C closes the drawer; #C C puts the bottle in the drawer"
    },
    {
        "Video Name": "0ed64065-e6a2-4b84-b703-d8f339e1b685",
        "Start Frame": 3360,
        "End Frame": 3480,
        "Caption": "#C C takes a bottle from the fridge; #C C takes out a bottle from the fridge; #C C picks a bottle ; #C C takes a bottle from the fridge; #C C takes a bottle from the fridge "
    },
    {
        "Video Name": "0ed64065-e6a2-4b84-b703-d8f339e1b685",
        "Start Frame": 3480,
        "End Frame": 3600,
        "Caption": "#C C opens the; #C C opens the; #C C opens the; #C C opens the; #C C opens the"
    },
    {
        "Video Name": "0ed64065-e6a2-4b84-b703-d8f339e1b685",
        "Start Frame": 3600,
        "End Frame": 3720,
        "Caption": "#C C closes the bottle of spice; #C C opens the bottle; #C C opens the bottle with her left; #C C opens the bottle of oil; #C C opens the bottle"
    },
    {
        "Video Name": "0ed64065-e6a2-4b84-b703-d8f339e1b685",
        "Start Frame": 3720,
        "End Frame": 3840,
        "Caption": "#C C pours the orange juice in the cup; #C C pours the soy sauce into the cup; #C C pours the solution of the bottle into the; #C C pours the spice in the glass bowl; #C C pours the oil into the bowl"
    },
    {
        "Video Name": "0ed64065-e6a2-4b84-b703-d8f339e1b685",
        "Start Frame": 3840,
        "End Frame": 3960,
        "Caption": "#C C pours the content of the container into the; #C C pours the content of the bottle into the; #C C pours the liquid in the bowl; #C C pours the liquid in the cup into the; #C C pours the liquid into the spoon"
    },
    {
        "Video Name": "0ed64065-e6a2-4b84-b703-d8f339e1b685",
        "Start Frame": 3960,
        "End Frame": 4080,
        "Caption": "#C C pours the liquid into the bowl; #C C pours the bottle into the bowl; #C C pours the soy sauce into the; #C C pours the soy sauce on the; #C C puts some oil on the spoon"
    },
    {
        "Video Name": "0ed64065-e6a2-4b84-b703-d8f339e1b685",
        "Start Frame": 4080,
        "End Frame": 4200,
        "Caption": "#C C picks a spoon; #C C puts the spoon on the table; #C C drops the spoon on the slab; #C C picks up a spoon from the; #C C drops the spoon on the chopping"
    },
    {
        "Video Name": "0ed64065-e6a2-4b84-b703-d8f339e1b685",
        "Start Frame": 4200,
        "End Frame": 4320,
        "Caption": "#C C picks up a kettle; #C C picks the cup from the cup; #C C picks a kettle; #C C picks a cup from the kitchen; #C C picks a mug from the kitchen"
    },
    {
        "Video Name": "0ed64065-e6a2-4b84-b703-d8f339e1b685",
        "Start Frame": 4320,
        "End Frame": 4440,
        "Caption": "#C C picks up the spoon in the; #C C takes the spoon from the container; #C C takes a spoon from the container; #C C picks a container from the kitchen; #C C picks the container from the shelf"
    },
    {
        "Video Name": "0ed64065-e6a2-4b84-b703-d8f339e1b685",
        "Start Frame": 4440,
        "End Frame": 4560,
        "Caption": "#C C scoops the sugar; #C C scoops powder from the container with the spoon; #C C scoops flour from the container; #C C scoops the solution from the measuring jar with a; #C C scoops flour with the spoon"
    },
    {
        "Video Name": "0ed64065-e6a2-4b84-b703-d8f339e1b685",
        "Start Frame": 4560,
        "End Frame": 4680,
        "Caption": "#C C scoops salt from the container; #C C scoops the salt with the spoon; #C C scoops powder from the container with the spoon; #C C scoops powder with the spoon from the container; #C C scoops some salt from the container with the"
    },
    {
        "Video Name": "0ed64065-e6a2-4b84-b703-d8f339e1b685",
        "Start Frame": 4680,
        "End Frame": 4800,
        "Caption": "#C C puts the spoon in the container; #C C drops the spoon in the container; #C C places the measuring spoon on the; #C C places spoon in the container; #C C puts spoon in the container"
    },
    {
        "Video Name": "0ed64065-e6a2-4b84-b703-d8f339e1b685",
        "Start Frame": 4800,
        "End Frame": 4920,
        "Caption": "#C C picks the cup; #C C holds the measuring spoon; #C C picks up the container; #C C closes the container with her right; #C C picks a spoon from the kitchen"
    },
    {
        "Video Name": "0ed64065-e6a2-4b84-b703-d8f339e1b685",
        "Start Frame": 4920,
        "End Frame": 5040,
        "Caption": "#C C stirs the mixture with a fork; #C C pours the content of the bowl into the bowl; #C C scoops out some of the mixture in the sauce; #C C stirs the content of the other bowl with the; #C C stirs the soup with the spoon"
    },
    {
        "Video Name": "0ed64065-e6a2-4b84-b703-d8f339e1b685",
        "Start Frame": 5040,
        "End Frame": 5160,
        "Caption": "#C C stirs the content of the bowl with the; #C C stirs the solution; #C C stirs the liquid in the plate with the; #C C stirs the content of the bowl with the; #C C stirs the content of the bowl with the"
    },
    {
        "Video Name": "0ed64065-e6a2-4b84-b703-d8f339e1b685",
        "Start Frame": 5160,
        "End Frame": 5280,
        "Caption": "#C C stirs the liquid in the cup with the; #C C stirs the mixture; #C C stirs the mixture with the spoon; #C C stirs the mixture with the spoon; #C C mixes the content of the spoon with her right"
    },
    {
        "Video Name": "0ed64065-e6a2-4b84-b703-d8f339e1b685",
        "Start Frame": 5280,
        "End Frame": 5400,
        "Caption": "#C C stirs the mixture ; #C C stirs the mixture ; #C C stirs the mixture with the spoon; #C C stirs the content of the bowl with the; #C C stirs the mixture with a spoon"
    }
]