[
    {
        "Video Name": "0ee73086-3bbf-421d-ae13-37b563430f4d",
        "Start Frame": 0,
        "End Frame": 120,
        "Caption": "#C C molds clay; #C C molds a molding; #C C cuts clay; #C C molds clay; #C C molds the model"
    },
    {
        "Video Name": "0ee73086-3bbf-421d-ae13-37b563430f4d",
        "Start Frame": 120,
        "End Frame": 240,
        "Caption": "#C C watches the video on the tablet; #C C fixes the mold; #C C watches the video on the tablet; #C C watches the video on the tablet; #C C molds a plaster"
    },
    {
        "Video Name": "0ee73086-3bbf-421d-ae13-37b563430f4d",
        "Start Frame": 240,
        "End Frame": 360,
        "Caption": "#C C puts the mold on the table; #C C cuts the mold; #C C cuts the mold; #C C cuts the molding clay; #C C places the mold on the table"
    },
    {
        "Video Name": "0ee73086-3bbf-421d-ae13-37b563430f4d",
        "Start Frame": 360,
        "End Frame": 480,
        "Caption": "#C C molds clay; #C C molds clay; #C C rubs the mold; #C C molds a molding; #C C attaches the mold to the"
    },
    {
        "Video Name": "0ee73086-3bbf-421d-ae13-37b563430f4d",
        "Start Frame": 480,
        "End Frame": 600,
        "Caption": "#C C touches clay; #C C molds the; #C C cuts clay mold; #C C molds the; #C C holds molding"
    },
    {
        "Video Name": "0ee73086-3bbf-421d-ae13-37b563430f4d",
        "Start Frame": 600,
        "End Frame": 720,
        "Caption": "#C C molds clay; #C C molds clay; #C C molds a plastic; #C C picks a molding; #C C molds a chicken"
    },
    {
        "Video Name": "0ee73086-3bbf-421d-ae13-37b563430f4d",
        "Start Frame": 720,
        "End Frame": 840,
        "Caption": "#C C rolls the model on the hands; #C C molds a molding clay; #C C watches television; #C C molds the model on the table; #C C rubs his hands together"
    },
    {
        "Video Name": "0ee73086-3bbf-421d-ae13-37b563430f4d",
        "Start Frame": 840,
        "End Frame": 960,
        "Caption": "#C C squeezes the model on the table; #C C watches the video on the table; #C C molds a clay; #C C molds a molding clay; #C C rubs clay mold"
    },
    {
        "Video Name": "0ee73086-3bbf-421d-ae13-37b563430f4d",
        "Start Frame": 960,
        "End Frame": 1080,
        "Caption": "#C C watches the video on the table; #C C molds clay; #C C cuts clay; #C C picks the model from the table; #C C watches the video on the table"
    },
    {
        "Video Name": "0ee73086-3bbf-421d-ae13-37b563430f4d",
        "Start Frame": 1080,
        "End Frame": 1200,
        "Caption": "#C C cuts the model; #C C cuts the model on the table; #C C cuts the model on the table; #C C puts the mold on the table; #C C cuts clay"
    },
    {
        "Video Name": "0ee73086-3bbf-421d-ae13-37b563430f4d",
        "Start Frame": 1200,
        "End Frame": 1320,
        "Caption": "#C C molds clay; #C C molds clay; #C C molds a clay; #C C watches the video on the table; #C C cuts the model on the table"
    },
    {
        "Video Name": "0ee73086-3bbf-421d-ae13-37b563430f4d",
        "Start Frame": 1320,
        "End Frame": 1440,
        "Caption": "#C C watches television; #C C removes the mold; #C C watches the video on the; #C C watches movie on the tablet; #C C watches the video on the"
    },
    {
        "Video Name": "0ee73086-3bbf-421d-ae13-37b563430f4d",
        "Start Frame": 1440,
        "End Frame": 1560,
        "Caption": "#C C rolls clay; #C C rubs his hands; #C C molds clay; #C C rubs the mold; #C C rolls molding clay"
    },
    {
        "Video Name": "0ee73086-3bbf-421d-ae13-37b563430f4d",
        "Start Frame": 1560,
        "End Frame": 1680,
        "Caption": "#C C molds; #C C cuts clay; #C C molds; #C C molds; #C C watches television"
    },
    {
        "Video Name": "0ee73086-3bbf-421d-ae13-37b563430f4d",
        "Start Frame": 1680,
        "End Frame": 1800,
        "Caption": "#C C rubs his; #C C molds clay; #C C molds clay; #C C molds clay; #C C molds clay"
    },
    {
        "Video Name": "0ee73086-3bbf-421d-ae13-37b563430f4d",
        "Start Frame": 1800,
        "End Frame": 1920,
        "Caption": "#C C watches the video on the; #C C fixes the model on the; #C C molds clay; #C C molds clay; #C C molds clay"
    },
    {
        "Video Name": "0ee73086-3bbf-421d-ae13-37b563430f4d",
        "Start Frame": 1920,
        "End Frame": 2040,
        "Caption": "#C C watches the video on the table; #C C molds clay; #C C molds a molding clay; #C C molds clay; #C C cuts the model on the table"
    },
    {
        "Video Name": "0ee73086-3bbf-421d-ae13-37b563430f4d",
        "Start Frame": 2040,
        "End Frame": 2160,
        "Caption": "#C C molds clay; #C C fixes the mold; #C C molds a molding; #C C picks clay; #C C molds the molding"
    },
    {
        "Video Name": "0ee73086-3bbf-421d-ae13-37b563430f4d",
        "Start Frame": 2160,
        "End Frame": 2280,
        "Caption": "#C C watches the video on the table; #C C fixes the model on the t; #C C rubs his fingers together.; #C C molds clay; #C C molds clay"
    },
    {
        "Video Name": "0ee73086-3bbf-421d-ae13-37b563430f4d",
        "Start Frame": 2280,
        "End Frame": 2400,
        "Caption": "#C C molds clay; #C C rubs the mold; #C C rolls plasticine on the table; #C C molds clay; #C C rolls the model on his hands"
    },
    {
        "Video Name": "0ee73086-3bbf-421d-ae13-37b563430f4d",
        "Start Frame": 2400,
        "End Frame": 2520,
        "Caption": "#C C rolls clay; #C C molds clay; #C C molds the; #C C molds clay; #C C rubs the"
    },
    {
        "Video Name": "0ee73086-3bbf-421d-ae13-37b563430f4d",
        "Start Frame": 2520,
        "End Frame": 2640,
        "Caption": "#C C molds a molding; #C C molds clay; #C C molds clay; #C C molds a molding; #C C watches television"
    },
    {
        "Video Name": "0ee73086-3bbf-421d-ae13-37b563430f4d",
        "Start Frame": 2640,
        "End Frame": 2760,
        "Caption": "#C C molds clay; #C C molds the; #C C molds clay; #C C rubs the; #C C molds clay"
    },
    {
        "Video Name": "0ee73086-3bbf-421d-ae13-37b563430f4d",
        "Start Frame": 2760,
        "End Frame": 2880,
        "Caption": "#C C rubs the; #C C molds clay; #C C molds a; #C C molds the; #C C molds clay"
    },
    {
        "Video Name": "0ee73086-3bbf-421d-ae13-37b563430f4d",
        "Start Frame": 2880,
        "End Frame": 3000,
        "Caption": "#C C watches television; #C C rubs hands together; #C C fixes the model on the toy; #C C watches the video on the tablet; #C C fixes the model on the toy"
    },
    {
        "Video Name": "0ee73086-3bbf-421d-ae13-37b563430f4d",
        "Start Frame": 3000,
        "End Frame": 3120,
        "Caption": "#C C fixes the model on the toy; #C C fixes clay together; #C C watches television.; #C C fixes the model on the toy; #C C attaches clay together"
    },
    {
        "Video Name": "0ee73086-3bbf-421d-ae13-37b563430f4d",
        "Start Frame": 3120,
        "End Frame": 3240,
        "Caption": "#C C watches television.; #C C fixes the model on the toy; #C C watches television.; #C C watches the video on the table; #C C watches television"
    },
    {
        "Video Name": "0ee73086-3bbf-421d-ae13-37b563430f4d",
        "Start Frame": 3240,
        "End Frame": 3360,
        "Caption": "#C C molds; #C C molds; #C C watches television; #C C makes plaster; #C C watches television"
    },
    {
        "Video Name": "0ee73086-3bbf-421d-ae13-37b563430f4d",
        "Start Frame": 3360,
        "End Frame": 3480,
        "Caption": "#C C watches television ; #C C fixes the model on the toy; #C C molds clay; #C C watches television ; #C C watches television."
    },
    {
        "Video Name": "0ee73086-3bbf-421d-ae13-37b563430f4d",
        "Start Frame": 3480,
        "End Frame": 3600,
        "Caption": "#C C watches the video on the table; #C C watches television.; #C C watches the video on the table; #C C watches the video on the table; #C C fixes the model."
    },
    {
        "Video Name": "0ee73086-3bbf-421d-ae13-37b563430f4d",
        "Start Frame": 3600,
        "End Frame": 3720,
        "Caption": "#C C fixes the mold into the; #C C molds clay; #C C cuts clay; #C C attaches the mold to the; #C C fixes the mold"
    },
    {
        "Video Name": "0ee73086-3bbf-421d-ae13-37b563430f4d",
        "Start Frame": 3720,
        "End Frame": 3840,
        "Caption": "#C C molds a clay; #C C rolls molding clay on his hands; #C C rolls the model on the hands; #C C rolls the model on the hands; #C C molds a clay"
    },
    {
        "Video Name": "0ee73086-3bbf-421d-ae13-37b563430f4d",
        "Start Frame": 3840,
        "End Frame": 3960,
        "Caption": "#C C fixes the model on the table; #C C molds a clay; #C C watches television.; #C C molds a molding clay; #C C molds clay"
    },
    {
        "Video Name": "0ee73086-3bbf-421d-ae13-37b563430f4d",
        "Start Frame": 3960,
        "End Frame": 4080,
        "Caption": "#C C molds the model.; #C C molds a molding clay; #C C fixes the model on the toy; #C C watches television; #C C fixes the model on the wheel"
    },
    {
        "Video Name": "0ee73086-3bbf-421d-ae13-37b563430f4d",
        "Start Frame": 4080,
        "End Frame": 4200,
        "Caption": "#C C fixes the model on the machine; #C C makes plaster sculpture; #C C fixes the model on the table; #C C watches the video on the table; #C C watches television"
    },
    {
        "Video Name": "0ee73086-3bbf-421d-ae13-37b563430f4d",
        "Start Frame": 4200,
        "End Frame": 4320,
        "Caption": "#C C watches television; #C C watches television; #C C watches television; #C C watches television; #C C watches television"
    },
    {
        "Video Name": "0ee73086-3bbf-421d-ae13-37b563430f4d",
        "Start Frame": 4320,
        "End Frame": 4440,
        "Caption": "#C C molds clay; #C C fixes the model on the toy; #C C watches television.; #C C molds clay; #C C watches television."
    },
    {
        "Video Name": "0ee73086-3bbf-421d-ae13-37b563430f4d",
        "Start Frame": 4440,
        "End Frame": 4560,
        "Caption": "#C C fixes the mold; #C C cuts clay; #C C molds clay; #C C watches the video on the tablet; #C C picks up the mold"
    },
    {
        "Video Name": "0ee73086-3bbf-421d-ae13-37b563430f4d",
        "Start Frame": 4560,
        "End Frame": 4680,
        "Caption": "#C C attaches the model on the wire; #C C watches the video on the table; #C C attaches the model on the wire; #C C watches television; #C C attaches clay together"
    },
    {
        "Video Name": "0ee73086-3bbf-421d-ae13-37b563430f4d",
        "Start Frame": 4680,
        "End Frame": 4800,
        "Caption": "#C C attaches the model on the wire; #C C molds clay; #C C fixes the model on the toy; #C C molds clay; #C C molds clay"
    },
    {
        "Video Name": "0ee73086-3bbf-421d-ae13-37b563430f4d",
        "Start Frame": 4800,
        "End Frame": 4920,
        "Caption": "#C C watches television.; #C C watches television.; #C C watches the video on the table; #C C watches the video on the table; #C C watches the video on the table"
    },
    {
        "Video Name": "0ee73086-3bbf-421d-ae13-37b563430f4d",
        "Start Frame": 4920,
        "End Frame": 5040,
        "Caption": "#C C watches television.; #C C watches the video on the table; #C C molds a chicken with clay; #C C molds clay; #C C molds the model."
    },
    {
        "Video Name": "0ee73086-3bbf-421d-ae13-37b563430f4d",
        "Start Frame": 5040,
        "End Frame": 5160,
        "Caption": "#C C fixes the model on the toy; #C C molds the model.; #C C watches television ; #C C watches television.; #C C watches television."
    },
    {
        "Video Name": "0ee73086-3bbf-421d-ae13-37b563430f4d",
        "Start Frame": 5160,
        "End Frame": 5280,
        "Caption": "#C C molds clay; #C C attaches the mold to the wire; #C C molds clay; #C C watches television.; #C C fixes the model on the toy"
    },
    {
        "Video Name": "0ee73086-3bbf-421d-ae13-37b563430f4d",
        "Start Frame": 5280,
        "End Frame": 5400,
        "Caption": "#C C cuts clay mold; #C C cuts the model on the table; #C C cuts the model on the table; #C C molds clay; #C C molds the model"
    }
]