[
    {
        "Video Name": "0f0d2135-4595-400c-8463-bee11d8dbb5d",
        "Start Frame": 0,
        "End Frame": 120,
        "Caption": "#C C looks around; #C C looks around; #C C walks towards the cash; #C C talks to a woman; #C C moves around"
    },
    {
        "Video Name": "0f0d2135-4595-400c-8463-bee11d8dbb5d",
        "Start Frame": 120,
        "End Frame": 240,
        "Caption": "#C C looks around; #C C looks around ; #C C looks around; #C C looks around the; #C C looks around "
    },
    {
        "Video Name": "0f0d2135-4595-400c-8463-bee11d8dbb5d",
        "Start Frame": 240,
        "End Frame": 360,
        "Caption": "#C C picks a flower; #C C moves shopping basket; #C C picks a shopping basket; #C C picks a shopping basket from the; #C C picks the shopping basket "
    },
    {
        "Video Name": "0f0d2135-4595-400c-8463-bee11d8dbb5d",
        "Start Frame": 360,
        "End Frame": 480,
        "Caption": "#C C picks the polythene bag; #C C picks the grapes; #C C puts the grapes in the paper; #C C puts the grapes in the shopping; #C C puts the grapes in the paper"
    },
    {
        "Video Name": "0f0d2135-4595-400c-8463-bee11d8dbb5d",
        "Start Frame": 480,
        "End Frame": 600,
        "Caption": "#C C puts the shopping basket on the table; #C C puts the shopping basket on the counter; #C C puts the shopping basket on the table ; #C C puts the grapes on the table; #C C picks a bag from the counter with his right hand."
    },
    {
        "Video Name": "0f0d2135-4595-400c-8463-bee11d8dbb5d",
        "Start Frame": 600,
        "End Frame": 720,
        "Caption": "#C C puts the items in the shopping; #C C places the paper bag on the; #C C moves shopping basket; #C C converses with woman X; #C C takes the items on the shelf"
    },
    {
        "Video Name": "0f0d2135-4595-400c-8463-bee11d8dbb5d",
        "Start Frame": 720,
        "End Frame": 840,
        "Caption": "#C C looks around; #O a woman Y  walks towards the; #C C looks around; #O woman D puts the basket aside ; #C C looks around "
    },
    {
        "Video Name": "0f0d2135-4595-400c-8463-bee11d8dbb5d",
        "Start Frame": 840,
        "End Frame": 960,
        "Caption": "#C C picks the shopping basket; #C C picks up the shopping basket; #O a woman X picks up the plastic plates; #C C picks a package; #C C picks up the shopping"
    },
    {
        "Video Name": "0f0d2135-4595-400c-8463-bee11d8dbb5d",
        "Start Frame": 960,
        "End Frame": 1080,
        "Caption": "#C C picks a box from the shopping basket; #C C puts the box in the shopping basket; #C C picks the box from the shopping basket; #C C picks up the item; #C C picks the basket from the counter with her left hand"
    },
    {
        "Video Name": "0f0d2135-4595-400c-8463-bee11d8dbb5d",
        "Start Frame": 1080,
        "End Frame": 1200,
        "Caption": "#O Cashier A puts the shopping basket on the; #C C picks the cans from the shopping basket; #O Woman A converses with C; #C C walks around the supermarket; #C C looks around "
    },
    {
        "Video Name": "0f0d2135-4595-400c-8463-bee11d8dbb5d",
        "Start Frame": 1200,
        "End Frame": 1320,
        "Caption": "#C C picks a shopping bag; #C C picks a package; #C C puts the carrier paper in the shopping; #C C looks at cashier X; #C C puts the shopping basket on the table"
    },
    {
        "Video Name": "0f0d2135-4595-400c-8463-bee11d8dbb5d",
        "Start Frame": 1320,
        "End Frame": 1440,
        "Caption": "#C C puts a snack in the shopping basket; #C C puts the pack of snacks in the shopping; #C C puts the salad in the shopping bag; #C C picks the shopping bag; #O woman X puts the apple in the carrier bag"
    },
    {
        "Video Name": "0f0d2135-4595-400c-8463-bee11d8dbb5d",
        "Start Frame": 1440,
        "End Frame": 1560,
        "Caption": "#C C drops the basket on the counter with her left hand; #C C puts the shopping basket on the counter; #C C picks shopping basket; #C C picks a shopping basket; #C C picks the shopping basket"
    },
    {
        "Video Name": "0f0d2135-4595-400c-8463-bee11d8dbb5d",
        "Start Frame": 1560,
        "End Frame": 1680,
        "Caption": "#C C talks to a woman X; #C C interacts with cashier X; #C C looks at the counter; #C C converses with cashier Y; #C C picks a phone from the counter"
    },
    {
        "Video Name": "0f0d2135-4595-400c-8463-bee11d8dbb5d",
        "Start Frame": 1680,
        "End Frame": 1800,
        "Caption": "#C C talks to Lady X; #C C stares at the box; #C C interacts with cashier; #C C talks to cashier; #C C talks to cashier"
    },
    {
        "Video Name": "0f0d2135-4595-400c-8463-bee11d8dbb5d",
        "Start Frame": 1800,
        "End Frame": 1920,
        "Caption": "#C C looks around; #O woman X puts the can in the shopping; #C C talks to a woman Y; #C C looks around ; #C C dialogues with cashier Q"
    },
    {
        "Video Name": "0f0d2135-4595-400c-8463-bee11d8dbb5d",
        "Start Frame": 1920,
        "End Frame": 2040,
        "Caption": "#C C picks a shopping basket; #C C walks towards the counter; #C C looks around ; #C C puts the basket on the; #C C takes the shopping"
    },
    {
        "Video Name": "0f0d2135-4595-400c-8463-bee11d8dbb5d",
        "Start Frame": 2040,
        "End Frame": 2160,
        "Caption": "#C C puts the box on the counter; #C C places the shopping basket on the; #C C puts the items on the table; #c c puts the shopping basket on the; #C C moves the shopping basket"
    },
    {
        "Video Name": "0f0d2135-4595-400c-8463-bee11d8dbb5d",
        "Start Frame": 2160,
        "End Frame": 2280,
        "Caption": "#C C looks around ; #C C looks around; #C C looks around; #C C looks around the room; #O woman X converses with"
    },
    {
        "Video Name": "0f0d2135-4595-400c-8463-bee11d8dbb5d",
        "Start Frame": 2280,
        "End Frame": 2400,
        "Caption": "#C C picks a packet of snacks from the shopping; #C C walks towards the counter; #C C looks around; #C C walks around the supermarket; #C C walks to the counter "
    },
    {
        "Video Name": "0f0d2135-4595-400c-8463-bee11d8dbb5d",
        "Start Frame": 2400,
        "End Frame": 2520,
        "Caption": "#C C puts shopping basket on the counter; #C C puts the shopping basket on the counter; #C C puts the paper bag on the counter; #O cashier X picks the shopping basket; #O a lady X puts the shopping basket on the counter"
    },
    {
        "Video Name": "0f0d2135-4595-400c-8463-bee11d8dbb5d",
        "Start Frame": 2520,
        "End Frame": 2640,
        "Caption": "#C C looks around ; #C C looks around; #C C places the basket on the; #C C picks a shopping basket; #C C puts shopping basket on the"
    },
    {
        "Video Name": "0f0d2135-4595-400c-8463-bee11d8dbb5d",
        "Start Frame": 2640,
        "End Frame": 2760,
        "Caption": "#C C looks around the supermarket; #O A woman X puts the shopping bag on the; #C C walks around; #O a woman X picks items ; #O Woman Y takes a box from the shopping basket"
    },
    {
        "Video Name": "0f0d2135-4595-400c-8463-bee11d8dbb5d",
        "Start Frame": 2760,
        "End Frame": 2880,
        "Caption": "#O a woman X picks a package bag; #O cashier X puts the shopping bag on the; #O a woman X picks a shopping bag from the; #O lady A puts the paper bag down; #O a woman X places the shopping bag on the"
    },
    {
        "Video Name": "0f0d2135-4595-400c-8463-bee11d8dbb5d",
        "Start Frame": 2880,
        "End Frame": 3000,
        "Caption": "#O Lady X puts shopping on the table; #O Lady X picks shopping; #O Woman X puts the bag down; #O A cashier X puts a box of snacks on the shopping bag; #O Person B puts the packet of #unusre in the shopping"
    },
    {
        "Video Name": "0f0d2135-4595-400c-8463-bee11d8dbb5d",
        "Start Frame": 3000,
        "End Frame": 3120,
        "Caption": "#O A woman X walks around the supermarket; #O cashier X picks the items; #C C picks a shopping basket ; #O person X picks a shopping basket; #O The man Y picks a box from the counter top with his left hand"
    },
    {
        "Video Name": "0f0d2135-4595-400c-8463-bee11d8dbb5d",
        "Start Frame": 3120,
        "End Frame": 3240,
        "Caption": "#O person X puts the packet of snack on the; #C C places the packet on the counter top; #C C picks the packet from the table ; #C C looks around the supermarket ; #C C looks around"
    },
    {
        "Video Name": "0f0d2135-4595-400c-8463-bee11d8dbb5d",
        "Start Frame": 3240,
        "End Frame": 3360,
        "Caption": "#O lady X puts the packet in the shopping basket; #O Person B puts the chocolates in the; #O A woman X puts the shopping basket on the; #O a woman Y places the box in the bag; #C C converses with Woman A"
    },
    {
        "Video Name": "0f0d2135-4595-400c-8463-bee11d8dbb5d",
        "Start Frame": 3360,
        "End Frame": 3480,
        "Caption": "#C C looks around; #C C stares at the counter; #C C looks around the shop; #O A woman X stands on the floor; #O Cashier X puts the package in the shopping"
    },
    {
        "Video Name": "0f0d2135-4595-400c-8463-bee11d8dbb5d",
        "Start Frame": 3480,
        "End Frame": 3600,
        "Caption": "#O A woman X stands on the; #O A woman X walks towards the; #C C talks to Lady A; #O Woman A  Moves a hand; #O A woman X interacts with Y"
    },
    {
        "Video Name": "0f0d2135-4595-400c-8463-bee11d8dbb5d",
        "Start Frame": 3600,
        "End Frame": 3720,
        "Caption": "#C C walks to the counter; #C C looks around; #O person X puts a container of cleaning detergent on the; #O cashier B takes out a packet from the shopping basket; #C C walks around the supermarket "
    },
    {
        "Video Name": "0f0d2135-4595-400c-8463-bee11d8dbb5d",
        "Start Frame": 3720,
        "End Frame": 3840,
        "Caption": "#C C looks around; #O Lady X puts shopping in the shopping; #O Lady X holds shopping with the other; #C C puts the box in the bag; #C C picks a box from the shopping"
    },
    {
        "Video Name": "0f0d2135-4595-400c-8463-bee11d8dbb5d",
        "Start Frame": 3840,
        "End Frame": 3960,
        "Caption": "#O The woman X holds the receipt with her hands; #O woman X closes the cash register; #O woman X closes the shopping basket ; #O A woman X operates the computer; #O A woman X picks a receipt "
    },
    {
        "Video Name": "0f0d2135-4595-400c-8463-bee11d8dbb5d",
        "Start Frame": 3960,
        "End Frame": 4080,
        "Caption": "#C C walks in the supermarket; #C C walks around the room; #C C walks to the fridge; #C C walks in the supermarket; #C C walks around"
    },
    {
        "Video Name": "0f0d2135-4595-400c-8463-bee11d8dbb5d",
        "Start Frame": 4080,
        "End Frame": 4200,
        "Caption": "#C C picks a bottle of wine from the; #C C looks around the fridge; #C C looks inside the fridge.  ; #C C picks a drink; #C C looks at the drinks"
    },
    {
        "Video Name": "0f0d2135-4595-400c-8463-bee11d8dbb5d",
        "Start Frame": 4200,
        "End Frame": 4320,
        "Caption": "#C C walks around; #C C walks in the; #C C walks around the; #C C walks towards the; #C C walks around"
    },
    {
        "Video Name": "0f0d2135-4595-400c-8463-bee11d8dbb5d",
        "Start Frame": 4320,
        "End Frame": 4440,
        "Caption": "#C C walks to the counter; #O Lady X talks to C; #C C walks around; #C C converses with woman; #C C talks to a woman"
    },
    {
        "Video Name": "0f0d2135-4595-400c-8463-bee11d8dbb5d",
        "Start Frame": 4440,
        "End Frame": 4560,
        "Caption": "#O A woman X types on the computer; #O woman X uses a computer ; #O a woman X picks up the shopping; #O a woman X operates the cash register; #C C looks at cashier X"
    },
    {
        "Video Name": "0f0d2135-4595-400c-8463-bee11d8dbb5d",
        "Start Frame": 4560,
        "End Frame": 4680,
        "Caption": "#C C hands cashier A a receipt; #O A Woman X picks card from C; #C C talks to a woman X; #O cashier A takes the card; #C C passes the card to the cash"
    },
    {
        "Video Name": "0f0d2135-4595-400c-8463-bee11d8dbb5d",
        "Start Frame": 4680,
        "End Frame": 4800,
        "Caption": "#O woman X gives C the card; #O The woman X holds the receipt with both hands.; #O a woman X opens a box; #O The woman X operates the cash register with her right hand; #O a woman X reads the sheet of paper "
    },
    {
        "Video Name": "0f0d2135-4595-400c-8463-bee11d8dbb5d",
        "Start Frame": 4800,
        "End Frame": 4920,
        "Caption": "#O Person A operates the computer; #O A woman Y types on a; #O lady A scans the credit card; #O a woman X uses the phone; #O A woman X dials the"
    },
    {
        "Video Name": "0f0d2135-4595-400c-8463-bee11d8dbb5d",
        "Start Frame": 4920,
        "End Frame": 5040,
        "Caption": "#O a woman X operates the teller machine; #O Person A operates on the receipt machine; #O The woman X operates the cash register with her right hand; #O Woman 1 converses with C; #O A woman X inserts card in the machine"
    },
    {
        "Video Name": "0f0d2135-4595-400c-8463-bee11d8dbb5d",
        "Start Frame": 5040,
        "End Frame": 5160,
        "Caption": "#O Woman X puts the card in the machine; #O Lady X picks a card; #O The woman X passes the card from her left hand to her right hand; #O person X gives C the receipt; #O a woman X hands the card to C"
    },
    {
        "Video Name": "0f0d2135-4595-400c-8463-bee11d8dbb5d",
        "Start Frame": 5160,
        "End Frame": 5280,
        "Caption": "#C C picks receipt from cashier X; #C C talks to a woman X; #O The woman X picks up a receipt from the table with her right; #O cashier A talks; #C C looks at cashier X"
    },
    {
        "Video Name": "0f0d2135-4595-400c-8463-bee11d8dbb5d",
        "Start Frame": 5280,
        "End Frame": 5400,
        "Caption": "#O A cashier Y operates a cash register; #C C converses with woman X; #O cashier A holds the keys; #C C converses with a woman X ; #C C interacts with woman X"
    }
]