[
    {
        "Video Name": "0f10aeb2-dad9-4402-9fbd-bba680f5ef67",
        "Start Frame": 0,
        "End Frame": 120,
        "Caption": "#C C reads the book; #C C holds the book with both hands; #C C holds the book with both hands; #C C holds the book with both hands; #C C reads the book"
    },
    {
        "Video Name": "0f10aeb2-dad9-4402-9fbd-bba680f5ef67",
        "Start Frame": 120,
        "End Frame": 240,
        "Caption": "#C C reads the book; #C C holds the book with both hands; #C C holds the book with both hands; #C C reads the book; #C C holds the book with both hands"
    },
    {
        "Video Name": "0f10aeb2-dad9-4402-9fbd-bba680f5ef67",
        "Start Frame": 240,
        "End Frame": 360,
        "Caption": "#C C picks the bookmark; #C C picks a paper from the floor with her right hand.; #C C places the book in her right hand on the book on the ground; #C C drops the book on the floor with her right hand.; #C C picks up a book on the floor with her right hand."
    },
    {
        "Video Name": "0f10aeb2-dad9-4402-9fbd-bba680f5ef67",
        "Start Frame": 360,
        "End Frame": 480,
        "Caption": "#C C reads the book; #C C reads a book; #C C holds the book; #C C reads the book; #C C reads the book"
    },
    {
        "Video Name": "0f10aeb2-dad9-4402-9fbd-bba680f5ef67",
        "Start Frame": 480,
        "End Frame": 600,
        "Caption": "#C C reads the book; #C C reads the book; #C C reads the book; #C C reads a book; #C C looks at the"
    },
    {
        "Video Name": "0f10aeb2-dad9-4402-9fbd-bba680f5ef67",
        "Start Frame": 600,
        "End Frame": 720,
        "Caption": "#C C picks a plate from the floor with her right hand.; #C C picks up a book from a stool with her right hand.; #C C turns the page in the book with her right hand.; #C C picks a bottle of oil from the floor with her right hand; #C C picks a bottle of oil from the floor with her right hand"
    },
    {
        "Video Name": "0f10aeb2-dad9-4402-9fbd-bba680f5ef67",
        "Start Frame": 720,
        "End Frame": 840,
        "Caption": "#C C looks at the; #C C touches the book; #C C reads the book; #C C reads the book; #C C reads the book"
    },
    {
        "Video Name": "0f10aeb2-dad9-4402-9fbd-bba680f5ef67",
        "Start Frame": 840,
        "End Frame": 960,
        "Caption": "#C C reads the book; #C C reads the book; #C C reads the book; #C C reads the book; #C C reads the book"
    },
    {
        "Video Name": "0f10aeb2-dad9-4402-9fbd-bba680f5ef67",
        "Start Frame": 960,
        "End Frame": 1080,
        "Caption": "#C C looks at the; #C C reads the book; #C C reads the book; #C C reads the book; #C C reads the book"
    },
    {
        "Video Name": "0f10aeb2-dad9-4402-9fbd-bba680f5ef67",
        "Start Frame": 1080,
        "End Frame": 1200,
        "Caption": "#C C reads the book; #C C stares at the; #C C reads the book; #C C reads the book; #C C looks at the"
    },
    {
        "Video Name": "0f10aeb2-dad9-4402-9fbd-bba680f5ef67",
        "Start Frame": 1200,
        "End Frame": 1320,
        "Caption": "#C C holds the book with both hands; #C C reads the book; #C C reads the book; #C C reads the book ; #C C reads the book"
    },
    {
        "Video Name": "0f10aeb2-dad9-4402-9fbd-bba680f5ef67",
        "Start Frame": 1320,
        "End Frame": 1440,
        "Caption": "#C C looks at the; #C C stares at the; #C C reads the book; #C C looks at the; #C C reads the book"
    },
    {
        "Video Name": "0f10aeb2-dad9-4402-9fbd-bba680f5ef67",
        "Start Frame": 1440,
        "End Frame": 1560,
        "Caption": "#C C reads the book; #C C reads the book; #C C reads the book; #C C reads the book; #C C reads the book"
    },
    {
        "Video Name": "0f10aeb2-dad9-4402-9fbd-bba680f5ef67",
        "Start Frame": 1560,
        "End Frame": 1680,
        "Caption": "#C C reads the book; #C C reads the book; #C C reads the book; #C C looks at the book; #C C reads the book in her hands"
    },
    {
        "Video Name": "0f10aeb2-dad9-4402-9fbd-bba680f5ef67",
        "Start Frame": 1680,
        "End Frame": 1800,
        "Caption": "#C C stares at the; #C C reads the book; #C C reads the book; #C C looks at the; #C C holds a book"
    },
    {
        "Video Name": "0f10aeb2-dad9-4402-9fbd-bba680f5ef67",
        "Start Frame": 1800,
        "End Frame": 1920,
        "Caption": "#C C looks at the; #C C stares at the; #C C reads the book; #C C reads the book; #C C stares at the"
    },
    {
        "Video Name": "0f10aeb2-dad9-4402-9fbd-bba680f5ef67",
        "Start Frame": 1920,
        "End Frame": 2040,
        "Caption": "#C C reads the book; #C C reads the book; #C C reads the book; #C C reads a book; #C C looks at the"
    },
    {
        "Video Name": "0f10aeb2-dad9-4402-9fbd-bba680f5ef67",
        "Start Frame": 2040,
        "End Frame": 2160,
        "Caption": "#C C reads the book; #C C reads the book; #C C reads the book; #C C looks at the; #C C reads the book"
    },
    {
        "Video Name": "0f10aeb2-dad9-4402-9fbd-bba680f5ef67",
        "Start Frame": 2160,
        "End Frame": 2280,
        "Caption": "#C C reads the book; #C C reads the book; #C C looks at the; #C C reads the ; #C C reads the book"
    },
    {
        "Video Name": "0f10aeb2-dad9-4402-9fbd-bba680f5ef67",
        "Start Frame": 2280,
        "End Frame": 2400,
        "Caption": "#C C looks at the; #C C reads the book; #C C reads the book; #C C reads the book; #C C looks at the"
    },
    {
        "Video Name": "0f10aeb2-dad9-4402-9fbd-bba680f5ef67",
        "Start Frame": 2400,
        "End Frame": 2520,
        "Caption": "#C C reads the book; #C C reads the book; #C C stares at the; #C C reads the book; #C C reads the book"
    },
    {
        "Video Name": "0f10aeb2-dad9-4402-9fbd-bba680f5ef67",
        "Start Frame": 2520,
        "End Frame": 2640,
        "Caption": "#C C reads the book; #C C reads the book; #C C reads the book; #C C looks at the; #C C reads the book"
    },
    {
        "Video Name": "0f10aeb2-dad9-4402-9fbd-bba680f5ef67",
        "Start Frame": 2640,
        "End Frame": 2760,
        "Caption": "#C C holds the leaflet with her left hand.; #C C reads the book; #C C holds a leaf with her left hand.; #C C reads the book; #C C places her right hand on the leaflet in her left hand"
    },
    {
        "Video Name": "0f10aeb2-dad9-4402-9fbd-bba680f5ef67",
        "Start Frame": 2760,
        "End Frame": 2880,
        "Caption": "#C C looks at the book; #C C looks at the book; #C C looks at the book; #C C reads the book; #C C reads the book in her hands"
    },
    {
        "Video Name": "0f10aeb2-dad9-4402-9fbd-bba680f5ef67",
        "Start Frame": 2880,
        "End Frame": 3000,
        "Caption": "#C C looks at the book; #C C reads the book; #C C reads the book; #C C stares at the book; #C C looks at the book"
    },
    {
        "Video Name": "0f10aeb2-dad9-4402-9fbd-bba680f5ef67",
        "Start Frame": 3000,
        "End Frame": 3120,
        "Caption": "#C C reads the; #C C reads the; #C C reads the; #C C reads the; #C C reads the"
    },
    {
        "Video Name": "0f10aeb2-dad9-4402-9fbd-bba680f5ef67",
        "Start Frame": 3120,
        "End Frame": 3240,
        "Caption": "#C C flips the page of the book with her right hand; #C C flips the page of the book with her right hand; #C C holds the book with both hands.; #C C reads the book; #C C puts the book down"
    },
    {
        "Video Name": "0f10aeb2-dad9-4402-9fbd-bba680f5ef67",
        "Start Frame": 3240,
        "End Frame": 3360,
        "Caption": "#C C reads the; #C C reads the; #C C reads the; #C C reads the; #C C reads the"
    },
    {
        "Video Name": "0f10aeb2-dad9-4402-9fbd-bba680f5ef67",
        "Start Frame": 3360,
        "End Frame": 3480,
        "Caption": "#C C reads the book; #C C reads the book; #C C reads the book; #C C reads the book; #C C reads the book"
    },
    {
        "Video Name": "0f10aeb2-dad9-4402-9fbd-bba680f5ef67",
        "Start Frame": 3480,
        "End Frame": 3600,
        "Caption": "#C C reads the book; #C C reads the book; #C C reads the book; #C C reads the book; #C C stares at the"
    },
    {
        "Video Name": "0f10aeb2-dad9-4402-9fbd-bba680f5ef67",
        "Start Frame": 3600,
        "End Frame": 3720,
        "Caption": "#C C reads the book; #C C reads the book; #C C looks at the; #C C looks at the; #C C reads the book"
    },
    {
        "Video Name": "0f10aeb2-dad9-4402-9fbd-bba680f5ef67",
        "Start Frame": 3720,
        "End Frame": 3840,
        "Caption": "#C C reads the book; #C C reads the book; #C C reads the book; #C C reads the book; #C C looks at the"
    },
    {
        "Video Name": "0f10aeb2-dad9-4402-9fbd-bba680f5ef67",
        "Start Frame": 3840,
        "End Frame": 3960,
        "Caption": "#C C stares at the; #C C reads a book; #C C stares at the; #C C reads the book; #C C reads a book"
    },
    {
        "Video Name": "0f10aeb2-dad9-4402-9fbd-bba680f5ef67",
        "Start Frame": 3960,
        "End Frame": 4080,
        "Caption": "#C C reads the book; #C C reads the book; #C C reads the book; #C C reads the book; #C C reads the book"
    },
    {
        "Video Name": "0f10aeb2-dad9-4402-9fbd-bba680f5ef67",
        "Start Frame": 4080,
        "End Frame": 4200,
        "Caption": "#C C flips a page of the book in her right hand with her left hand; #C C flips a page of the book in her right hand.; #C C flips the page of the book; #C C flips a page of the book; #C C opens the book"
    },
    {
        "Video Name": "0f10aeb2-dad9-4402-9fbd-bba680f5ef67",
        "Start Frame": 4200,
        "End Frame": 4320,
        "Caption": "#C C looks at the book; #C C picks a book from her lap with her right hand; #C C drops the plate on her lap with her right hand; #C C picks the bowl of leaves; #C C puts the bowl on her lap"
    },
    {
        "Video Name": "0f10aeb2-dad9-4402-9fbd-bba680f5ef67",
        "Start Frame": 4320,
        "End Frame": 4440,
        "Caption": "#C C pulls the tray on the floor with her right hand; #C C lifts up the plate; #C C takes the tray ; #C C moves the tray on the floor with her right hand; #C C picks a tray from the floor with her right hand"
    },
    {
        "Video Name": "0f10aeb2-dad9-4402-9fbd-bba680f5ef67",
        "Start Frame": 4440,
        "End Frame": 4560,
        "Caption": "#C C adjusts the camera; #C C lifts up the book; #C C lifts up the left; #C C adjusts the camera; #C C holds a book"
    },
    {
        "Video Name": "0f10aeb2-dad9-4402-9fbd-bba680f5ef67",
        "Start Frame": 4560,
        "End Frame": 4680,
        "Caption": "#C C stares at the book; #C C reads the book; #C C looks around ; #C C reads a book; #C C puts the leaves on her left"
    },
    {
        "Video Name": "0f10aeb2-dad9-4402-9fbd-bba680f5ef67",
        "Start Frame": 4680,
        "End Frame": 4800,
        "Caption": "#C C picks up a piece of banana flower; #C C puts the banana flower bud in the basket; #C C drops the fruits in her right hand in the bowl on the newspaper on the table; #C C drops the fruit into the bowl; #C C drops the fruits into the plate of fruits on her laps with her right hand."
    },
    {
        "Video Name": "0f10aeb2-dad9-4402-9fbd-bba680f5ef67",
        "Start Frame": 4800,
        "End Frame": 4920,
        "Caption": "#C C drops the fruits into the bowl; #C C picks fruit from the bowl ; #C C puts the fruit in the plate; #C C picks the fruit; #C C drops the petal flower on the tray on her laps with her right hand"
    },
    {
        "Video Name": "0f10aeb2-dad9-4402-9fbd-bba680f5ef67",
        "Start Frame": 4920,
        "End Frame": 5040,
        "Caption": "#C C picks fruit from the tray; #C C puts the fruits in the; #C C picks fruits from the tray; #C C puts the fruits in the; #C C puts the fruits in the"
    },
    {
        "Video Name": "0f10aeb2-dad9-4402-9fbd-bba680f5ef67",
        "Start Frame": 5040,
        "End Frame": 5160,
        "Caption": "#C C puts the fruits in the tray; #C C puts the banana flower bud in the tray; #C C puts the banana flower petals in the; #C C puts the banana flower bud in the tray; #C C puts the banana flower bud in the tray"
    },
    {
        "Video Name": "0f10aeb2-dad9-4402-9fbd-bba680f5ef67",
        "Start Frame": 5160,
        "End Frame": 5280,
        "Caption": "#C C puts the petals in the tray; #C C puts the fruit on the plate; #C C puts the petal in the bowl; #C C puts the petal flower on the; #C C picks the petal"
    },
    {
        "Video Name": "0f10aeb2-dad9-4402-9fbd-bba680f5ef67",
        "Start Frame": 5280,
        "End Frame": 5400,
        "Caption": "#C C places the fruits in the plate; #C C puts the fruits in the plate; #C C puts the fruits in the plate; #C C puts the banana flower down; #C C puts the flowers in the bowl"
    }
]