[
    {
        "Video Name": "0f135327-cd34-4252-9f5d-73910fc202b2",
        "Start Frame": 0,
        "End Frame": 120,
        "Caption": "#c c serves food; #C C serves the food on the plate ; #O person Y eats the food with the chopstick; #c c serves food from the plate; #C C puts the food on the plate"
    },
    {
        "Video Name": "0f135327-cd34-4252-9f5d-73910fc202b2",
        "Start Frame": 120,
        "End Frame": 240,
        "Caption": "#C C serves food in the bowl; #C C puts the food in the; #C C serves food in the plate; #C C serves the food on the; #c c serves the food"
    },
    {
        "Video Name": "0f135327-cd34-4252-9f5d-73910fc202b2",
        "Start Frame": 240,
        "End Frame": 360,
        "Caption": "#C C moves the food with the chopstick; #C C dips the food in the chopstick in the cooking; #C C picks food from the pot with the chopsticks; #C C picks the food with the chopstick; #O person Y eats the food"
    },
    {
        "Video Name": "0f135327-cd34-4252-9f5d-73910fc202b2",
        "Start Frame": 360,
        "End Frame": 480,
        "Caption": "#C C takes the food with the chopstick; #C C turns the food with the chopstick; #C C stirs food in the bowl with chopping sticks; #O A woman Y eats food from the plate with chop; #O person Y eats food"
    },
    {
        "Video Name": "0f135327-cd34-4252-9f5d-73910fc202b2",
        "Start Frame": 480,
        "End Frame": 600,
        "Caption": "#C C holds the food with the chopstick; #C C puts the food in the mouth ; #C C stirs the food in the plate with the chop; #C C scoops some soup from the pot with the chop; #C C stirs the food with the chopstick"
    },
    {
        "Video Name": "0f135327-cd34-4252-9f5d-73910fc202b2",
        "Start Frame": 600,
        "End Frame": 720,
        "Caption": "#C C stirs the food ; #C C picks food with the chop; #C C picks food with chopstick; #C C picks food with the chop; #C C puts the food in the"
    },
    {
        "Video Name": "0f135327-cd34-4252-9f5d-73910fc202b2",
        "Start Frame": 720,
        "End Frame": 840,
        "Caption": "#C C stirs the food; #C C pours the food into the food; #C C puts the food in the bowl; #C C stirs the food with the chop; #C C scoops the food with the chop"
    },
    {
        "Video Name": "0f135327-cd34-4252-9f5d-73910fc202b2",
        "Start Frame": 840,
        "End Frame": 960,
        "Caption": "#O person Y eats the food; #C C picks a potato from the bowl; #C C takes the food with the chop; #C C takes food from the bowl; #C C dips the chopstick in the"
    },
    {
        "Video Name": "0f135327-cd34-4252-9f5d-73910fc202b2",
        "Start Frame": 960,
        "End Frame": 1080,
        "Caption": "#C C serves food in the bowl; #O person Y talks to C ; #C C serves food in the bowl; #C C scoops food with chopping sticks; #C C stirs food with chopstick"
    },
    {
        "Video Name": "0f135327-cd34-4252-9f5d-73910fc202b2",
        "Start Frame": 1080,
        "End Frame": 1200,
        "Caption": "#C C turns the food with the chopstick ; #C C picks food with the chopstick; #O person Y talks to person X, C and; #C C stirs the food with the chopstick; #C C takes the food with the chopstick "
    },
    {
        "Video Name": "0f135327-cd34-4252-9f5d-73910fc202b2",
        "Start Frame": 1200,
        "End Frame": 1320,
        "Caption": "#C C picks food from the pot with the chop; #C C scoops food with the chopstick; #C C takes the food with the chopstick ; #C C picks food from the pot with the chop; #C C scoops food with the chopstick"
    },
    {
        "Video Name": "0f135327-cd34-4252-9f5d-73910fc202b2",
        "Start Frame": 1320,
        "End Frame": 1440,
        "Caption": "#C C puts the food in the mouth; #O person Y eats the food; #C C picks food from the pot with the chop; #C C stirs the food; #C C stirs food in pot with chopstick"
    },
    {
        "Video Name": "0f135327-cd34-4252-9f5d-73910fc202b2",
        "Start Frame": 1440,
        "End Frame": 1560,
        "Caption": "#C C picks the food with the chopstick; #C C scoops food from the pot; #C C stirs the food ; #C C stirs the food; #C C moves the food in the bowl with the chopstick"
    },
    {
        "Video Name": "0f135327-cd34-4252-9f5d-73910fc202b2",
        "Start Frame": 1560,
        "End Frame": 1680,
        "Caption": "#C C takes the food with the chop; #C C picks food with the chopstick; #C C stirs the food in the; #O A woman Y eats food ; #O person T eats the food"
    },
    {
        "Video Name": "0f135327-cd34-4252-9f5d-73910fc202b2",
        "Start Frame": 1680,
        "End Frame": 1800,
        "Caption": "#C C puts the food on the plate; #c c eats the food with the chop; #C C takes the food with the chop; #O person Y eats the food; #C C puts the food in the mouth"
    },
    {
        "Video Name": "0f135327-cd34-4252-9f5d-73910fc202b2",
        "Start Frame": 1800,
        "End Frame": 1920,
        "Caption": "#C C places chopsticks on the plate; #C C puts the chopstick in the; #C C places chop stick on the bowl; #c c picks the chopstick; #C C puts the chop stick on the"
    },
    {
        "Video Name": "0f135327-cd34-4252-9f5d-73910fc202b2",
        "Start Frame": 1920,
        "End Frame": 2040,
        "Caption": "#c c puts spoon in the plate; #c c puts unsure on the plate; #C C puts the spoon in the; #C C serves soup in the plate; #c c puts the spoon in the"
    },
    {
        "Video Name": "0f135327-cd34-4252-9f5d-73910fc202b2",
        "Start Frame": 2040,
        "End Frame": 2160,
        "Caption": "#C C puts food in the bowl; #C C eats the food in the; #c c serves food in the bowl; #C C eats the food; #C C takes the food from the"
    },
    {
        "Video Name": "0f135327-cd34-4252-9f5d-73910fc202b2",
        "Start Frame": 2160,
        "End Frame": 2280,
        "Caption": "#C C scoops food from the bowl with a chopstick; #C C scoops food from the bowl with a chopstick; #O person X eats food from the bowl; #O person Y watches the video on the tablet; #O person Y watches the movie on the table"
    },
    {
        "Video Name": "0f135327-cd34-4252-9f5d-73910fc202b2",
        "Start Frame": 2280,
        "End Frame": 2400,
        "Caption": "#C C picks food from the bowl with a chop; #O person Y watches the video on the phone; #C C dips the chopsticks in the dish; #C C scoops some spaghetti from the bowl; #C C picks food from the bowl with the chop"
    },
    {
        "Video Name": "0f135327-cd34-4252-9f5d-73910fc202b2",
        "Start Frame": 2400,
        "End Frame": 2520,
        "Caption": "#C C eats with chopsticks ; #C C eats the food; #C C eats with chopping sticks ; #C C eats the food in the; #C C eats the food in the"
    },
    {
        "Video Name": "0f135327-cd34-4252-9f5d-73910fc202b2",
        "Start Frame": 2520,
        "End Frame": 2640,
        "Caption": "#C C picks food from the glass with chopsticks; #C C eats the food in the plate; #C C scoops food from the pot with chopsticks; #C C eats the food in the plate; #C C eats food from the plate with a chopsticks"
    },
    {
        "Video Name": "0f135327-cd34-4252-9f5d-73910fc202b2",
        "Start Frame": 2640,
        "End Frame": 2760,
        "Caption": "#C C eats the food in the plate; #C C eats the food; #C C eats from the plate with the chopsticks in her right hand; #C C eats the food with the chopsticks; #C C eats from the plate with a chopstick in right hand"
    },
    {
        "Video Name": "0f135327-cd34-4252-9f5d-73910fc202b2",
        "Start Frame": 2760,
        "End Frame": 2880,
        "Caption": "#C C puts the food in the mouth with a chopstick in right; #C C stirs the soup; #C C scoops food from the bowl; #C C scoops food from the bowl with a spoon; #C C scoops food from the bowl with a chopping stick"
    },
    {
        "Video Name": "0f135327-cd34-4252-9f5d-73910fc202b2",
        "Start Frame": 2880,
        "End Frame": 3000,
        "Caption": "#C C scoops food from the bowl with a chopstick; #C C scoops food in the bowl with the chopsticks; #C C scoops food from the bowl with a chopstick; #C C eats the food in the plate; #C C mixes the food with the chopstick"
    },
    {
        "Video Name": "0f135327-cd34-4252-9f5d-73910fc202b2",
        "Start Frame": 3000,
        "End Frame": 3120,
        "Caption": "#C C eats the food in the plate; #C C eats the food in the plate; #C C eats the food in the plate; #C C eats food ; #C C eats food with a chopstick"
    },
    {
        "Video Name": "0f135327-cd34-4252-9f5d-73910fc202b2",
        "Start Frame": 3120,
        "End Frame": 3240,
        "Caption": "#C C eats the food; #C C eats food from the bowl; #C C eats the food in the; #C C eats the food in the; #C C eats food from the plate"
    },
    {
        "Video Name": "0f135327-cd34-4252-9f5d-73910fc202b2",
        "Start Frame": 3240,
        "End Frame": 3360,
        "Caption": "#C C moves plate on the table ; #C C puts the plate on the table; #C C puts the food in the bowl; #C C puts the chopstick on the; #C C puts bowl on the table "
    },
    {
        "Video Name": "0f135327-cd34-4252-9f5d-73910fc202b2",
        "Start Frame": 3360,
        "End Frame": 3480,
        "Caption": "#C C watches the movie on the screen ; #C C puts the chopsticks in the mouth; #C C eats from her plate with chopsticks; #C C eats food in the plate; #O person Y eats the food in the plate"
    },
    {
        "Video Name": "0f135327-cd34-4252-9f5d-73910fc202b2",
        "Start Frame": 3480,
        "End Frame": 3600,
        "Caption": "#C C eats the food in the plate; #C C eats food from the plate with the chopsticks; #C C wipes the table; #O S takes the food from the plate with chopsticks; #C C eats food from the plate"
    },
    {
        "Video Name": "0f135327-cd34-4252-9f5d-73910fc202b2",
        "Start Frame": 3600,
        "End Frame": 3720,
        "Caption": "#C C picks food from the bowl with the chopsticks; #C C eats the food in the plate; #c c picks food from the bowl with a chop stick; #C C eats with the chopping sticks; #C C puts the food in the mouth with the chop"
    },
    {
        "Video Name": "0f135327-cd34-4252-9f5d-73910fc202b2",
        "Start Frame": 3720,
        "End Frame": 3840,
        "Caption": "#C C eats the spaghetti; #C C eats the food with a chopstick in her right; #C C eats with chopstick; #C C eats with chopsticks ; #O man Y eats the food in the plate"
    },
    {
        "Video Name": "0f135327-cd34-4252-9f5d-73910fc202b2",
        "Start Frame": 3840,
        "End Frame": 3960,
        "Caption": "#C C looks around; #O person Y puts the dish down on the table; #C C watches the video on the phone; #C C eats food from the plate with the chop; #C C moves the bowl on the table"
    },
    {
        "Video Name": "0f135327-cd34-4252-9f5d-73910fc202b2",
        "Start Frame": 3960,
        "End Frame": 4080,
        "Caption": "#C C eats with chopsticks ; #C C eats food from the plate; #C C eats the food in the; #C C eats ice cream; #C C eats the food in the"
    },
    {
        "Video Name": "0f135327-cd34-4252-9f5d-73910fc202b2",
        "Start Frame": 4080,
        "End Frame": 4200,
        "Caption": "#C C eats the food in the; #C C eats pasta; #C C eats food ; #C C eats the food; #C C eats with chopsticks "
    },
    {
        "Video Name": "0f135327-cd34-4252-9f5d-73910fc202b2",
        "Start Frame": 4200,
        "End Frame": 4320,
        "Caption": "#O man T eats from his plate with chopsticks; #O P watches the video on the phone on the; #O man B eats from his plate with chopsticks; #C C stares at the phone on table; #C C stares at the phone on the table"
    },
    {
        "Video Name": "0f135327-cd34-4252-9f5d-73910fc202b2",
        "Start Frame": 4320,
        "End Frame": 4440,
        "Caption": "#O D eats the food on the plate; #C C looks around; #O person Y watches the video on the phone; #C C stares at the phone on table ; #C C watches movie on the phone on the"
    },
    {
        "Video Name": "0f135327-cd34-4252-9f5d-73910fc202b2",
        "Start Frame": 4440,
        "End Frame": 4560,
        "Caption": "#O person Y operates the tablet on the table ; #O person Y operates his tablet on the table ; #O girl A eats ice cream from her plate with chop; #O person Y touches the phone ; #O girl B eats from her plate with chopsticks "
    },
    {
        "Video Name": "0f135327-cd34-4252-9f5d-73910fc202b2",
        "Start Frame": 4560,
        "End Frame": 4680,
        "Caption": "#C C watches movie on the phone on table ; #O person Y puts the dish on the table; #O woman Y eats with chopsticks ; #O S watches the video on the phone; #O man B watches the video on the phone on table"
    },
    {
        "Video Name": "0f135327-cd34-4252-9f5d-73910fc202b2",
        "Start Frame": 4680,
        "End Frame": 4800,
        "Caption": "#C C picks food with the chop; #C C scoops food from the; #C C picks food with the chop; #C C picks food with the chop; #C C eats the food in the"
    },
    {
        "Video Name": "0f135327-cd34-4252-9f5d-73910fc202b2",
        "Start Frame": 4800,
        "End Frame": 4920,
        "Caption": "#C C mixes the food in the bowl with the chopstick; #C C picks food from the bowl; #O person Y moves the bowl on the table ; #C C picks food from the bowl with a chopstick in right hand; #C C serves food from the plate"
    },
    {
        "Video Name": "0f135327-cd34-4252-9f5d-73910fc202b2",
        "Start Frame": 4920,
        "End Frame": 5040,
        "Caption": "#O person Y  eats the food in the plate; #C C eats food with chopsticks ; #C C eats food from the plate with a chopstick ; #C C eats with chopsticks ; #C C eats from the plate with the chopsticks in her right hand"
    },
    {
        "Video Name": "0f135327-cd34-4252-9f5d-73910fc202b2",
        "Start Frame": 5040,
        "End Frame": 5160,
        "Caption": "#C C eats the food in the plate; #O person T eats the food in the plate; #O person B touches the phone; #O person Y operates the phone on the table; #O girl B operates tablet on table "
    },
    {
        "Video Name": "0f135327-cd34-4252-9f5d-73910fc202b2",
        "Start Frame": 5160,
        "End Frame": 5280,
        "Caption": "#C C uses phone ; #C C operates a mobile phone on; #C C taps on the phone ; #C C uses the phone ; #C C uses the phone "
    },
    {
        "Video Name": "0f135327-cd34-4252-9f5d-73910fc202b2",
        "Start Frame": 5280,
        "End Frame": 5400,
        "Caption": "#C C uses phone ; #C C operates the phone; #C C touches phone screen; #C C touches phone screen on table ; #C C touches screen of a mobile phone on table"
    }
]