[
    {
        "Video Name": "0f62e8e9-483e-4cbf-9ae3-f04b1ef3be93",
        "Start Frame": 0,
        "End Frame": 120,
        "Caption": "#C C loosens the nut with the span; #C C removes the bolt with his hand; #C C removes the spanner; #C C removes the nut ; #C C removes the spanner "
    },
    {
        "Video Name": "0f62e8e9-483e-4cbf-9ae3-f04b1ef3be93",
        "Start Frame": 120,
        "End Frame": 240,
        "Caption": "#C C puts the nut in the wheel; #C C fixes the bolt; #C C puts the nut on the span; #C C removes a bolt from the hub; #C C removes the bolt with the span"
    },
    {
        "Video Name": "0f62e8e9-483e-4cbf-9ae3-f04b1ef3be93",
        "Start Frame": 240,
        "End Frame": 360,
        "Caption": "#C C loosens the screw; #C C removes the nut with the spanner; #C C tightens the nut; #C C removes the spanner ; #C C removes the bolt"
    },
    {
        "Video Name": "0f62e8e9-483e-4cbf-9ae3-f04b1ef3be93",
        "Start Frame": 360,
        "End Frame": 480,
        "Caption": "#C C holds the nut; #C C removes the nut ; #C C removes a nut ; #C C removes the bolt ; #c c removes the wheel stud from the"
    },
    {
        "Video Name": "0f62e8e9-483e-4cbf-9ae3-f04b1ef3be93",
        "Start Frame": 480,
        "End Frame": 600,
        "Caption": "#C C picks a bolt ; #C C picks the car spare part; #C C picks the spanner ; #C C puts the metal on the car; #C C picks a nut"
    },
    {
        "Video Name": "0f62e8e9-483e-4cbf-9ae3-f04b1ef3be93",
        "Start Frame": 600,
        "End Frame": 720,
        "Caption": "#C C walks in the garage; #C C looks around; #C C looks around the garage; #c c walks in the workshop; #C C walks in the workshop"
    },
    {
        "Video Name": "0f62e8e9-483e-4cbf-9ae3-f04b1ef3be93",
        "Start Frame": 720,
        "End Frame": 840,
        "Caption": "#C C walks to the wheel ; #C C walks in the garage ; #C C walks in the garage; #C C removes bolt from the span; #C C walks in the garage"
    },
    {
        "Video Name": "0f62e8e9-483e-4cbf-9ae3-f04b1ef3be93",
        "Start Frame": 840,
        "End Frame": 960,
        "Caption": "#C C loosens the bolt with the span; #C C tightens the nut; #C C removes a bolt; #C C removes the spanner; #C C removes the bolt"
    },
    {
        "Video Name": "0f62e8e9-483e-4cbf-9ae3-f04b1ef3be93",
        "Start Frame": 960,
        "End Frame": 1080,
        "Caption": "#C C tightens the nut ; #C C puts the nut on the spanner; #C C puts the spanner on the bolt; #C C removes the spanner; #c c removes the nut"
    },
    {
        "Video Name": "0f62e8e9-483e-4cbf-9ae3-f04b1ef3be93",
        "Start Frame": 1080,
        "End Frame": 1200,
        "Caption": "#C C removes the nut; #C C holds the span; #C C removes the nut; #C C removes the nut; #C C touches the car"
    },
    {
        "Video Name": "0f62e8e9-483e-4cbf-9ae3-f04b1ef3be93",
        "Start Frame": 1200,
        "End Frame": 1320,
        "Caption": "#C C removes a bolt; #C C puts the spanner on the; #C C loosens the nut ; #C C touches the wheel stud; #C C removes the nut "
    },
    {
        "Video Name": "0f62e8e9-483e-4cbf-9ae3-f04b1ef3be93",
        "Start Frame": 1320,
        "End Frame": 1440,
        "Caption": "#C C puts down the bolt ; #C C puts the nut on the car lifter; #C C puts the nut aside; #C C puts the nut aside; #C C puts the nut on the metal stand"
    },
    {
        "Video Name": "0f62e8e9-483e-4cbf-9ae3-f04b1ef3be93",
        "Start Frame": 1440,
        "End Frame": 1560,
        "Caption": "#C C loosens the wheel hub; #C C fixes the caliper; #C C puts the screw driver on the wheel holder; #C C places the spanner on the wheel hub; #c c adjusts the bolt"
    },
    {
        "Video Name": "0f62e8e9-483e-4cbf-9ae3-f04b1ef3be93",
        "Start Frame": 1560,
        "End Frame": 1680,
        "Caption": "#C C removes a nut; #C C adjusts the nut; #C C adjusts the nut; #C C adjusts the wheel; #C C pulls the nut"
    },
    {
        "Video Name": "0f62e8e9-483e-4cbf-9ae3-f04b1ef3be93",
        "Start Frame": 1680,
        "End Frame": 1800,
        "Caption": "#C C removes the bolt; #C C fixes the bolt on the wheel stud; #C C removes the caliper mount bolt; #c c removes the nut ; #C C tightens the nut"
    },
    {
        "Video Name": "0f62e8e9-483e-4cbf-9ae3-f04b1ef3be93",
        "Start Frame": 1800,
        "End Frame": 1920,
        "Caption": "#C C removes the nut; #C C pulls out the nut ; #C C removes the nut with the spanner; #C C removes the nut ; #c c removes a nut"
    },
    {
        "Video Name": "0f62e8e9-483e-4cbf-9ae3-f04b1ef3be93",
        "Start Frame": 1920,
        "End Frame": 2040,
        "Caption": "#C C puts the car spare part aside; #C C puts the metal on the metal; #C C puts the nut aside; #C C puts the metal down; #C C puts the metal on the metal"
    },
    {
        "Video Name": "0f62e8e9-483e-4cbf-9ae3-f04b1ef3be93",
        "Start Frame": 2040,
        "End Frame": 2160,
        "Caption": "#C C puts the nut on the car lif; #C C puts down the spanner; #C C puts the spanner on the stand; #C C picks up the spanner ; #C C picks the nut"
    },
    {
        "Video Name": "0f62e8e9-483e-4cbf-9ae3-f04b1ef3be93",
        "Start Frame": 2160,
        "End Frame": 2280,
        "Caption": "#C C walks in the; #C C walks in the; #C C walks in the; #C C walks around; #C C walks in the"
    },
    {
        "Video Name": "0f62e8e9-483e-4cbf-9ae3-f04b1ef3be93",
        "Start Frame": 2280,
        "End Frame": 2400,
        "Caption": "#C C walks in the; #C C walks in the; #C C walks in the; #C C walks in the; #C C walks in the"
    },
    {
        "Video Name": "0f62e8e9-483e-4cbf-9ae3-f04b1ef3be93",
        "Start Frame": 2400,
        "End Frame": 2520,
        "Caption": "#c c picks a hub cap; #C C picks the nut ; #C C picks the metal; #C C picks a wheel balancing; #C C picks a metal "
    },
    {
        "Video Name": "0f62e8e9-483e-4cbf-9ae3-f04b1ef3be93",
        "Start Frame": 2520,
        "End Frame": 2640,
        "Caption": "#C C walks in the garage; #C C walks in the room; #C C walks around; #C C walks in the garage; #C C picks the metal"
    },
    {
        "Video Name": "0f62e8e9-483e-4cbf-9ae3-f04b1ef3be93",
        "Start Frame": 2640,
        "End Frame": 2760,
        "Caption": "#C C walks in the; #C C walks around; #C C walks in the; #C C walks in the; #C C walks around the"
    },
    {
        "Video Name": "0f62e8e9-483e-4cbf-9ae3-f04b1ef3be93",
        "Start Frame": 2760,
        "End Frame": 2880,
        "Caption": "#c c walks to the; #C C walks in the; #C C walks in the; #C C walks in the; #C C walks in the"
    },
    {
        "Video Name": "0f62e8e9-483e-4cbf-9ae3-f04b1ef3be93",
        "Start Frame": 2880,
        "End Frame": 3000,
        "Caption": "#C C walks in the; #C C walks around; #C C walks around; #C C walks around the; #C C walks around the"
    },
    {
        "Video Name": "0f62e8e9-483e-4cbf-9ae3-f04b1ef3be93",
        "Start Frame": 3000,
        "End Frame": 3120,
        "Caption": "#C C picks the nut; #C C puts the bolt on the tool box; #C C removes the bolt; #C C puts drill bit on the table; #C C puts the bolt on the table"
    },
    {
        "Video Name": "0f62e8e9-483e-4cbf-9ae3-f04b1ef3be93",
        "Start Frame": 3120,
        "End Frame": 3240,
        "Caption": "#C C fixes the drill bit in the drill gun; #c c puts the drill bit in the drill; #C C removes drill bit; #C C fixes the drill bit in the driller; #C C removes the bolt from the drill"
    },
    {
        "Video Name": "0f62e8e9-483e-4cbf-9ae3-f04b1ef3be93",
        "Start Frame": 3240,
        "End Frame": 3360,
        "Caption": "#C C walks around the garage; #C C walks around the garage; #C C walks in the garage; #C C walks around; #C C walks around the garage"
    },
    {
        "Video Name": "0f62e8e9-483e-4cbf-9ae3-f04b1ef3be93",
        "Start Frame": 3360,
        "End Frame": 3480,
        "Caption": "#C C walks in the room; #C C walks in the room; #C C walks in the workshop; #C C walks around; #C C walks in the workshop"
    },
    {
        "Video Name": "0f62e8e9-483e-4cbf-9ae3-f04b1ef3be93",
        "Start Frame": 3480,
        "End Frame": 3600,
        "Caption": "#c c removes the screw with a drill; #C C removes the wheel lug nuts with the impact; #C C fixes the bolt on the wheel; #c c opens the bolts; #C C removes bolts with drill"
    },
    {
        "Video Name": "0f62e8e9-483e-4cbf-9ae3-f04b1ef3be93",
        "Start Frame": 3600,
        "End Frame": 3720,
        "Caption": "#C C walks in the; #c c walks in the; #C C walks around the; #c c removes the nuts; #C C walks in the"
    },
    {
        "Video Name": "0f62e8e9-483e-4cbf-9ae3-f04b1ef3be93",
        "Start Frame": 3720,
        "End Frame": 3840,
        "Caption": "#C C walks in the room; #C C walks in the garage; #C C walks in the workshop; #C C walks around; #C C walks around "
    },
    {
        "Video Name": "0f62e8e9-483e-4cbf-9ae3-f04b1ef3be93",
        "Start Frame": 3840,
        "End Frame": 3960,
        "Caption": "#C C closes the drawer; #C C opens the drawer; #C C walks to the; #C C closes the drawer; #C C opens the drawer"
    },
    {
        "Video Name": "0f62e8e9-483e-4cbf-9ae3-f04b1ef3be93",
        "Start Frame": 3960,
        "End Frame": 4080,
        "Caption": "#C C takes the spanner; #C C picks a socket; #C C opens the toolbox; #C C takes a nut from the; #C C looks at the tools"
    },
    {
        "Video Name": "0f62e8e9-483e-4cbf-9ae3-f04b1ef3be93",
        "Start Frame": 4080,
        "End Frame": 4200,
        "Caption": "#C C opens a tool box; #C C opens a tool box; #C C opens the tool box; #C C picks up a tool; #C C opens the tool box"
    },
    {
        "Video Name": "0f62e8e9-483e-4cbf-9ae3-f04b1ef3be93",
        "Start Frame": 4200,
        "End Frame": 4320,
        "Caption": "#C C walks in the; #C C walks in the; #C C closes the drawer; #C C walks around the; #C C walks in the"
    },
    {
        "Video Name": "0f62e8e9-483e-4cbf-9ae3-f04b1ef3be93",
        "Start Frame": 4320,
        "End Frame": 4440,
        "Caption": "#C C walks in the; #C C walks in the; #C C walks around the; #C C walks around the; #C C walks in the"
    },
    {
        "Video Name": "0f62e8e9-483e-4cbf-9ae3-f04b1ef3be93",
        "Start Frame": 4440,
        "End Frame": 4560,
        "Caption": "#C C holds the bolt; #C C walks around the; #C C walks around the; #c c touches car spare; #c c picks a screw"
    },
    {
        "Video Name": "0f62e8e9-483e-4cbf-9ae3-f04b1ef3be93",
        "Start Frame": 4560,
        "End Frame": 4680,
        "Caption": "#C C fixes the screw on the impact; #C C removes the nut ; #c c tighten the screw on the impact; #C C fixes the bolt on the drill; #C C fixes the bolt on the drill"
    },
    {
        "Video Name": "0f62e8e9-483e-4cbf-9ae3-f04b1ef3be93",
        "Start Frame": 4680,
        "End Frame": 4800,
        "Caption": "#C C removes the bolts with a drill; #C C tightens the bolt; #C C fixes the screw with a drill; #C C fixes the bolt on the wheel; #C C drills the screw into the wheel with the impact"
    },
    {
        "Video Name": "0f62e8e9-483e-4cbf-9ae3-f04b1ef3be93",
        "Start Frame": 4800,
        "End Frame": 4920,
        "Caption": "#c c walks in the; #C C walks in the; #C C walks around the; #c c walks in the; #c c walks in the"
    },
    {
        "Video Name": "0f62e8e9-483e-4cbf-9ae3-f04b1ef3be93",
        "Start Frame": 4920,
        "End Frame": 5040,
        "Caption": "#C C fixes bolt on the wheel; #C C removes bolt ; #C C removes the bolts with the impact; #C C removes a screw with a screw; #C C picks the nut driver"
    },
    {
        "Video Name": "0f62e8e9-483e-4cbf-9ae3-f04b1ef3be93",
        "Start Frame": 5040,
        "End Frame": 5160,
        "Caption": "#C C removes the nut ; #C C removes a nut ; #C C puts the nut on the; #C C puts the nut on the; #C C puts the nut on the"
    },
    {
        "Video Name": "0f62e8e9-483e-4cbf-9ae3-f04b1ef3be93",
        "Start Frame": 5160,
        "End Frame": 5280,
        "Caption": "#c c removes car wheel; #c c removes the wheel; #C C removes wheel hub; #c c removes the wheel; #c c removes the wheel"
    },
    {
        "Video Name": "0f62e8e9-483e-4cbf-9ae3-f04b1ef3be93",
        "Start Frame": 5280,
        "End Frame": 5400,
        "Caption": "#c c puts tire pressure on; #C C walks around the garage; #C C walks around the garage; #c c walks in the garage; #C C walks in the garage"
    }
]