[
    {
        "Video Name": "101aae38-3a09-4de8-b1e7-6cb62e43d42b",
        "Start Frame": 0,
        "End Frame": 120,
        "Caption": "#C C molds the pottery with his right hand.; #C C molds clay; #C C molds the edge of the ceramic pot foot with his left hand.; #C C turns clay; #C C takes clay"
    },
    {
        "Video Name": "101aae38-3a09-4de8-b1e7-6cb62e43d42b",
        "Start Frame": 120,
        "End Frame": 240,
        "Caption": "#C C cuts clay; #C C examines the clay; #C C molds the pottery; #C C cuts clay mold; #C C molds the clay mold with his right hand"
    },
    {
        "Video Name": "101aae38-3a09-4de8-b1e7-6cb62e43d42b",
        "Start Frame": 240,
        "End Frame": 360,
        "Caption": "#C C molds the clay mold with his right hand.; #C C holds the piece of clay; #C C molds the edges of the ceramic clay with both hands; #C C looks at the clay; #C C looks at the shaped clay"
    },
    {
        "Video Name": "101aae38-3a09-4de8-b1e7-6cb62e43d42b",
        "Start Frame": 360,
        "End Frame": 480,
        "Caption": "#C C checks the edges of the ceramic clay with his left hand.; #C C looks at the model; #C C holds the cutout with his left hand.; #C C  fixes clay on the mold; #C C examines the part of the craft."
    },
    {
        "Video Name": "101aae38-3a09-4de8-b1e7-6cb62e43d42b",
        "Start Frame": 480,
        "End Frame": 600,
        "Caption": "#C C adjusts the clay mold with his left hand; #C C looks at the model.; #C C holds the model; #C C holds the model; #C C holds the model "
    },
    {
        "Video Name": "101aae38-3a09-4de8-b1e7-6cb62e43d42b",
        "Start Frame": 600,
        "End Frame": 720,
        "Caption": "#C C looks around; #C C looks around; #C C picks a piece of; #C C turns around; #C C looks around"
    },
    {
        "Video Name": "101aae38-3a09-4de8-b1e7-6cb62e43d42b",
        "Start Frame": 720,
        "End Frame": 840,
        "Caption": "#C C drops the part of the clay pot on the floor with his right hand; #C C drops the clay pot foot on the floor with his right hand.; #C C puts the clay pot foot on the floor with his right hand.; #C C drops the clay mold on the floor with his right hand.; #C C picks a clay mold from the floor with his right hand."
    },
    {
        "Video Name": "101aae38-3a09-4de8-b1e7-6cb62e43d42b",
        "Start Frame": 840,
        "End Frame": 960,
        "Caption": "#C C takes a clay mold from the floor; #C C picks up the pottery; #C C picks a clay mold from the floor with his left hand.; #C C drops the pottery on the floor with his left hand.; #C C picks up the clay mold on the floor with his left hand"
    },
    {
        "Video Name": "101aae38-3a09-4de8-b1e7-6cb62e43d42b",
        "Start Frame": 960,
        "End Frame": 1080,
        "Caption": "#C C puts clay on the pottery; #C C removes a piece of clay from the clay mold with his left hand; #C C removes the clay from the flattened clay.; #C C molds the clay mold in his left hand with his right hand; #C C cuts clay from the unfinished clay pot with his right hand."
    },
    {
        "Video Name": "101aae38-3a09-4de8-b1e7-6cb62e43d42b",
        "Start Frame": 1080,
        "End Frame": 1200,
        "Caption": "#C C removes dirt on the ceramic mold with his left hand.; #C C adjusts the clay mold with his left hand.; #C C holds clay; #C C cuts clay ; #C C touches the edge of the  ceramic mold with his right hand"
    },
    {
        "Video Name": "101aae38-3a09-4de8-b1e7-6cb62e43d42b",
        "Start Frame": 1200,
        "End Frame": 1320,
        "Caption": "#C C fixes clay; #C C puts the modelling clay on the; #C C molds clay; #C C molds the clay; #C C holds the clay"
    },
    {
        "Video Name": "101aae38-3a09-4de8-b1e7-6cb62e43d42b",
        "Start Frame": 1320,
        "End Frame": 1440,
        "Caption": "#C C looks at the model; #C C removes the clay from the mold ; #C C picks a flat mold ; #C C removes a clay mold from the clay mold on his left hand with his right hand; #C C passes the flat mold to his left hand."
    },
    {
        "Video Name": "101aae38-3a09-4de8-b1e7-6cb62e43d42b",
        "Start Frame": 1440,
        "End Frame": 1560,
        "Caption": "#C C cuts the edge of the ceramic pottery with his right hand.; #C C takes out the cut out part of the unfinished ceramic pot with his right hand; #C C checks the clay mold; #C C removes a leaf from the clay mold with his right hand.; #C C holds the clay pot foot with his left hand."
    },
    {
        "Video Name": "101aae38-3a09-4de8-b1e7-6cb62e43d42b",
        "Start Frame": 1560,
        "End Frame": 1680,
        "Caption": "#C C examines the mold ; #C C removes clay particles on the ceramic mold; #C C looks at the model ; #C C looks at the pottery; #C C looks at the rolled part of the"
    },
    {
        "Video Name": "101aae38-3a09-4de8-b1e7-6cb62e43d42b",
        "Start Frame": 1680,
        "End Frame": 1800,
        "Caption": "#C C removes a leaf on the unfinished clay pot.; #C C looks at the model; #C C adjusts the edges of the ceramic pot foot in his right hand; #C C checks the part of the clay pot.; #C C holds clay"
    },
    {
        "Video Name": "101aae38-3a09-4de8-b1e7-6cb62e43d42b",
        "Start Frame": 1800,
        "End Frame": 1920,
        "Caption": "#C C puts the pot on the floor; #C C drops the ceramic pot on the floor with his right hand; #C C puts clay pot on the floor; #C C puts the clay pot in his right hand on the floor; #C C puts a piece of clay on the floor "
    },
    {
        "Video Name": "101aae38-3a09-4de8-b1e7-6cb62e43d42b",
        "Start Frame": 1920,
        "End Frame": 2040,
        "Caption": "#C C turns the pot.; #C C turns the pot.; #C C examines the clay pot with both hands; #C C looks at the pot; #C C looks at the pot "
    },
    {
        "Video Name": "101aae38-3a09-4de8-b1e7-6cb62e43d42b",
        "Start Frame": 2040,
        "End Frame": 2160,
        "Caption": "#C C puts the pot on the floor.; #C C drops the pot on the ground; #C C turns pot; #C C puts the clay mold on the floor; #C C places the pottery on the floor with his right hand"
    },
    {
        "Video Name": "101aae38-3a09-4de8-b1e7-6cb62e43d42b",
        "Start Frame": 2160,
        "End Frame": 2280,
        "Caption": "#C C looks around; #C C picks the rag on the floor with his right hand.; #C C picks the rag from the floor with his right hand.; #C C picks the rag from the floor with his right hand.; #C C picks the rag from the floor with his right hand."
    },
    {
        "Video Name": "101aae38-3a09-4de8-b1e7-6cb62e43d42b",
        "Start Frame": 2280,
        "End Frame": 2400,
        "Caption": "#C C picks up the rag with his left hand; #C C picks a piece of cloth.; #C C picks a piece of cloth; #C C picks a piece of cloth; #C C picks a piece of cloth"
    },
    {
        "Video Name": "101aae38-3a09-4de8-b1e7-6cb62e43d42b",
        "Start Frame": 2400,
        "End Frame": 2520,
        "Caption": "#C C takes the pot; #C C picks the pot from the floor.; #C C picks a pot on the floor with his right hand; #C C holds the pot with left hand.; #C C takes a pot"
    },
    {
        "Video Name": "101aae38-3a09-4de8-b1e7-6cb62e43d42b",
        "Start Frame": 2520,
        "End Frame": 2640,
        "Caption": "#C C cleans the pot.; #C C wipes the pot with the wet napkin in his right hand; #C C cleans the pot.; #C C cleans the pot with the wet rag ; #C C cleans the pot with the wet rag"
    },
    {
        "Video Name": "101aae38-3a09-4de8-b1e7-6cb62e43d42b",
        "Start Frame": 2640,
        "End Frame": 2760,
        "Caption": "#C C puts the pot on the floor; #C C puts the pot aside; #C C puts the clay pot on the; #C C puts the pot on the floor; #C C puts clay pot on the floor"
    },
    {
        "Video Name": "101aae38-3a09-4de8-b1e7-6cb62e43d42b",
        "Start Frame": 2760,
        "End Frame": 2880,
        "Caption": "#C C cleans the pot.; #C C cleans the pot with the wet; #C C drops the rag on the pot; #C C wipes the pot.; #C C washes the pot"
    },
    {
        "Video Name": "101aae38-3a09-4de8-b1e7-6cb62e43d42b",
        "Start Frame": 2880,
        "End Frame": 3000,
        "Caption": "#C C cleans the pot; #C C cleans the pot; #C C cleans the pot; #C C cleans the pot; #C C cleans the pot"
    },
    {
        "Video Name": "101aae38-3a09-4de8-b1e7-6cb62e43d42b",
        "Start Frame": 3000,
        "End Frame": 3120,
        "Caption": "#C C cleans the pot; #C C cleans the pot; #C C cleans the pot; #C C cleans the pot; #C C cleans the pot"
    },
    {
        "Video Name": "101aae38-3a09-4de8-b1e7-6cb62e43d42b",
        "Start Frame": 3120,
        "End Frame": 3240,
        "Caption": "#C C puts the pot on the floor; #C C places the pottery on the floor with his right hand; #C C drops the pot; #C C puts the pot down; #C C puts the pot on the floor"
    },
    {
        "Video Name": "101aae38-3a09-4de8-b1e7-6cb62e43d42b",
        "Start Frame": 3240,
        "End Frame": 3360,
        "Caption": "#C C cleans the pot; #C C picks the pot; #C C picks up the; #C C picks the pot; #C C cleans the pot"
    },
    {
        "Video Name": "101aae38-3a09-4de8-b1e7-6cb62e43d42b",
        "Start Frame": 3360,
        "End Frame": 3480,
        "Caption": "#C C cleans the pot; #C C wipes the pot; #C C cleans the pot; #C C wipes the pot; #C C cleans the pot"
    },
    {
        "Video Name": "101aae38-3a09-4de8-b1e7-6cb62e43d42b",
        "Start Frame": 3480,
        "End Frame": 3600,
        "Caption": "#C C cleans the pot; #C C wipes the pot; #C C wipes the pot; #C C cleans the pot; #C C wipes the pot"
    },
    {
        "Video Name": "101aae38-3a09-4de8-b1e7-6cb62e43d42b",
        "Start Frame": 3600,
        "End Frame": 3720,
        "Caption": "#C C picks up the pot; #C C puts the pot on the floor; #C C places the clay pot in his right hand on the floor.; #C C drops the pottery in the bucket of water with his right hand; #C C puts the pot down"
    },
    {
        "Video Name": "101aae38-3a09-4de8-b1e7-6cb62e43d42b",
        "Start Frame": 3720,
        "End Frame": 3840,
        "Caption": "#C C dips the wet rag in his left hand into a bucket of water on the floor; #C C puts the piece of clothe on the pot; #C C picks the rag; #C C picks a piece of cloth; #C C picks a cloth"
    },
    {
        "Video Name": "101aae38-3a09-4de8-b1e7-6cb62e43d42b",
        "Start Frame": 3840,
        "End Frame": 3960,
        "Caption": "#C C cleans the pot; #C C cleans the pot.; #C C wipes the pot; #C C cleans the pot; #C C cleans the pot with the wet"
    },
    {
        "Video Name": "101aae38-3a09-4de8-b1e7-6cb62e43d42b",
        "Start Frame": 3960,
        "End Frame": 4080,
        "Caption": "#C C wipes the pot.; #C C cleans the pot.; #C C cleans inside the pot.; #C C cleans the pot with the wet; #C C cleans the pot."
    },
    {
        "Video Name": "101aae38-3a09-4de8-b1e7-6cb62e43d42b",
        "Start Frame": 4080,
        "End Frame": 4200,
        "Caption": "#C C drops the pot on the floor with his right hand; #C C puts the pot on the floor; #C C drops the pot on the floor with his right hand; #C C puts the pot aside; #C C puts the pot aside"
    },
    {
        "Video Name": "101aae38-3a09-4de8-b1e7-6cb62e43d42b",
        "Start Frame": 4200,
        "End Frame": 4320,
        "Caption": "#C C picks the clay pot from the floor with his right hand; #C C picks up the pot; #C C picks a pottery from the ground with his right hand; #C C takes a pot; #C C picks the pot"
    },
    {
        "Video Name": "101aae38-3a09-4de8-b1e7-6cb62e43d42b",
        "Start Frame": 4320,
        "End Frame": 4440,
        "Caption": "#C C dips the wet rag in his left hand into the bucket of water.; #C C dips the rag in his left hand into the bucket of water on the floor.; #C C dips the wet rag into the bucket of water with his left hand.; #C C dips the wet rag in the bucket of water with his left hand.; #C C dips the wet rag in his left hand into the bucket of water on the ground"
    },
    {
        "Video Name": "101aae38-3a09-4de8-b1e7-6cb62e43d42b",
        "Start Frame": 4440,
        "End Frame": 4560,
        "Caption": "#C C wipes the pot; #C C wipes the pot; #C C wipes the pot; #C C cleans the pot; #C C cleans the pot"
    },
    {
        "Video Name": "101aae38-3a09-4de8-b1e7-6cb62e43d42b",
        "Start Frame": 4560,
        "End Frame": 4680,
        "Caption": "#C C cleans the pot; #C C cleans the pot; #C C wipes the pot; #C C wipes the pot; #C C wipes the pot"
    },
    {
        "Video Name": "101aae38-3a09-4de8-b1e7-6cb62e43d42b",
        "Start Frame": 4680,
        "End Frame": 4800,
        "Caption": "#C C drops the pot on the sack.; #C C drops the pot on the floor with his left hand; #C C puts the pot on the floor; #C C puts the pot on the floor; #C C puts down the pot "
    },
    {
        "Video Name": "101aae38-3a09-4de8-b1e7-6cb62e43d42b",
        "Start Frame": 4800,
        "End Frame": 4920,
        "Caption": "#C C wipes the pot; #C C cleans the pot with the wet rag in his left hand; #C C wipes the pot; #C C cleans the pot with the wet rag in his right hand; #C C cleans the pot."
    },
    {
        "Video Name": "101aae38-3a09-4de8-b1e7-6cb62e43d42b",
        "Start Frame": 4920,
        "End Frame": 5040,
        "Caption": "#C C cleans the pot.; #C C cleans the pot.; #C C wipes the pot; #C C cleans inside the pot with the wet; #C C cleans the pot."
    },
    {
        "Video Name": "101aae38-3a09-4de8-b1e7-6cb62e43d42b",
        "Start Frame": 5040,
        "End Frame": 5160,
        "Caption": "#C C drops the pot on the floor with his left hand.; #C C drops the wet rag on the floor with his right hand; #C C puts the pot on the floor; #C C drops the pottery in his right hand on the ground; #C C puts the pot on the floor"
    },
    {
        "Video Name": "101aae38-3a09-4de8-b1e7-6cb62e43d42b",
        "Start Frame": 5160,
        "End Frame": 5280,
        "Caption": "#C C throws the piece of cloth on the floor.; #C C puts the clothe on the ground; #C C picks the cloth.; #C C picks the rag from the floor with his left hand; #C C picks the rag from the ground with his right hand"
    },
    {
        "Video Name": "101aae38-3a09-4de8-b1e7-6cb62e43d42b",
        "Start Frame": 5280,
        "End Frame": 5400,
        "Caption": "#O The woman X picks the clay from the sack on the floor with her right hand; #O The woman X kneads the clay with both hands.; #O The woman X molds the clay on the plank with both hands.; #O The woman X molds the clay on the ground with her left hand.; #O the woman X holds the clay with her right hand."
    }
]