[
    {
        "Video Name": "10ee2ffd-ff50-4e2c-8d56-c680b3d4510f",
        "Start Frame": 0,
        "End Frame": 120,
        "Caption": "#C C adjusts the cloth on the needle with her left; #C C adjusts the cloth on the needle with her left; #C C inspects the cloth; #C C adjusts the cloth on the needle with her right; #C C adjusts the cloth on the needle with her right"
    },
    {
        "Video Name": "10ee2ffd-ff50-4e2c-8d56-c680b3d4510f",
        "Start Frame": 120,
        "End Frame": 240,
        "Caption": "#C C knits the cloth with the needles and; #C C knits the cloth with the needles and; #C C knits a cloth; #C C knits a cloth; #C C knits the cloth with the needles and"
    },
    {
        "Video Name": "10ee2ffd-ff50-4e2c-8d56-c680b3d4510f",
        "Start Frame": 240,
        "End Frame": 360,
        "Caption": "#C C holds the yarn in; #C C holds the yarn in; #C C holds the yarn in; #C C holds the yarn in; #C C holds the yarn in"
    },
    {
        "Video Name": "10ee2ffd-ff50-4e2c-8d56-c680b3d4510f",
        "Start Frame": 360,
        "End Frame": 480,
        "Caption": "#C C holds the yarn in place; #C C holds the yarn in place; #C C knits the cloth with the needles and; #C C knits a cloth; #C C holds the yarn in place"
    },
    {
        "Video Name": "10ee2ffd-ff50-4e2c-8d56-c680b3d4510f",
        "Start Frame": 480,
        "End Frame": 600,
        "Caption": "#C C knits a cloth; #C C knits a cloth; #C C holds the yarn in; #C C holds the yarn in; #C C holds the yarn in"
    },
    {
        "Video Name": "10ee2ffd-ff50-4e2c-8d56-c680b3d4510f",
        "Start Frame": 600,
        "End Frame": 720,
        "Caption": "#C C knits the cloth with the needles and; #C C knits the cloth with the needles and; #C C knits a cloth; #O The boy X walks away from C.; #C C knits a cloth"
    },
    {
        "Video Name": "10ee2ffd-ff50-4e2c-8d56-c680b3d4510f",
        "Start Frame": 720,
        "End Frame": 840,
        "Caption": "#C C knits a cloth; #C C knits a cloth; #C C knits the cloth with the needles and; #C C knits a cloth; #C C knits the cloth with the needles and"
    },
    {
        "Video Name": "10ee2ffd-ff50-4e2c-8d56-c680b3d4510f",
        "Start Frame": 840,
        "End Frame": 960,
        "Caption": "#C C knits the cloth with the needles and; #C C holds the yarn in place; #C C holds the yarn in place; #C C holds the yarn in place; #C C holds the yarn in place"
    },
    {
        "Video Name": "10ee2ffd-ff50-4e2c-8d56-c680b3d4510f",
        "Start Frame": 960,
        "End Frame": 1080,
        "Caption": "#C C knits the cloth with the needles and; #C C knits a cloth; #C C knits the cloth with the needles and; #C C holds the yarn in place; #C C knits a cloth"
    },
    {
        "Video Name": "10ee2ffd-ff50-4e2c-8d56-c680b3d4510f",
        "Start Frame": 1080,
        "End Frame": 1200,
        "Caption": "#C C holds the yarn in place; #C C knits the cloth with the needles and; #C C knits a cloth; #C C knits the cloth with the needles and; #C C knits the cloth with the needles and"
    },
    {
        "Video Name": "10ee2ffd-ff50-4e2c-8d56-c680b3d4510f",
        "Start Frame": 1200,
        "End Frame": 1320,
        "Caption": "#C C holds the yarn in; #C C knits a cloth; #C C holds the yarn in; #C C holds the yarn in; #C C holds the yarn in"
    },
    {
        "Video Name": "10ee2ffd-ff50-4e2c-8d56-c680b3d4510f",
        "Start Frame": 1320,
        "End Frame": 1440,
        "Caption": "#C C holds the yarn in; #C C holds the yarn in; #C C holds the yarn in; #C C holds the yarn in; #C C holds the yarn in"
    },
    {
        "Video Name": "10ee2ffd-ff50-4e2c-8d56-c680b3d4510f",
        "Start Frame": 1440,
        "End Frame": 1560,
        "Caption": "#C C knits a; #C C knits a; #C C knits a; #C C knits a; #C C knits a"
    },
    {
        "Video Name": "10ee2ffd-ff50-4e2c-8d56-c680b3d4510f",
        "Start Frame": 1560,
        "End Frame": 1680,
        "Caption": "#C C holds the yarn in; #C C holds the yarn in; #C C knits a cloth; #C C knits a cloth; #C C holds the yarn in"
    },
    {
        "Video Name": "10ee2ffd-ff50-4e2c-8d56-c680b3d4510f",
        "Start Frame": 1680,
        "End Frame": 1800,
        "Caption": "#C C knits a cloth; #C C knits a cloth; #C C holds the yarn in; #C C holds the yarn in; #C C holds the yarn in"
    },
    {
        "Video Name": "10ee2ffd-ff50-4e2c-8d56-c680b3d4510f",
        "Start Frame": 1800,
        "End Frame": 1920,
        "Caption": "#C C holds the yarn in; #C C holds the yarn in; #C C holds the yarn in; #C C holds the yarn in; #C C holds the yarn in"
    },
    {
        "Video Name": "10ee2ffd-ff50-4e2c-8d56-c680b3d4510f",
        "Start Frame": 1920,
        "End Frame": 2040,
        "Caption": "#C C holds the yarn in; #C C holds the yarn in; #C C holds the yarn in; #C C holds the yarn in; #C C holds the yarn in"
    },
    {
        "Video Name": "10ee2ffd-ff50-4e2c-8d56-c680b3d4510f",
        "Start Frame": 2040,
        "End Frame": 2160,
        "Caption": "#C C holds the yarn in; #C C holds the yarn in; #C C holds the yarn in; #C C holds the yarn in; #C C holds the yarn in"
    },
    {
        "Video Name": "10ee2ffd-ff50-4e2c-8d56-c680b3d4510f",
        "Start Frame": 2160,
        "End Frame": 2280,
        "Caption": "#C C knits a cloth; #C C holds the yarn in; #C C holds the yarn in; #C C holds the yarn in; #C C holds the yarn in"
    },
    {
        "Video Name": "10ee2ffd-ff50-4e2c-8d56-c680b3d4510f",
        "Start Frame": 2280,
        "End Frame": 2400,
        "Caption": "#C C holds the yarn in; #C C holds the yarn in; #C C holds the yarn in; #C C holds the yarn in; #C C holds the yarn in"
    },
    {
        "Video Name": "10ee2ffd-ff50-4e2c-8d56-c680b3d4510f",
        "Start Frame": 2400,
        "End Frame": 2520,
        "Caption": "#C C knits a cloth; #C C knits a cloth; #C C holds the yarn in; #C C knits a cloth; #C C knits a cloth"
    },
    {
        "Video Name": "10ee2ffd-ff50-4e2c-8d56-c680b3d4510f",
        "Start Frame": 2520,
        "End Frame": 2640,
        "Caption": "#C C pulls the yarn; #C C pulls a yarn; #C C adjusts the wool with her right; #C C adjusts the yarn with her right; #C C pulls the wool"
    },
    {
        "Video Name": "10ee2ffd-ff50-4e2c-8d56-c680b3d4510f",
        "Start Frame": 2640,
        "End Frame": 2760,
        "Caption": "#C C knits a; #C C knits a; #C C knits a; #C C knits a; #C C knits a"
    },
    {
        "Video Name": "10ee2ffd-ff50-4e2c-8d56-c680b3d4510f",
        "Start Frame": 2760,
        "End Frame": 2880,
        "Caption": "#C C holds the yarn in; #C C holds the yarn in; #C C holds the yarn in; #C C knits a cloth; #C C holds the yarn in"
    },
    {
        "Video Name": "10ee2ffd-ff50-4e2c-8d56-c680b3d4510f",
        "Start Frame": 2880,
        "End Frame": 3000,
        "Caption": "#C C knits a cloth; #C C knits a cloth; #O the girl Y picks a phone from the bench with her right; #C C knits the cloth with the needles and wool; #C C knits the cloth with the needles and wool"
    },
    {
        "Video Name": "10ee2ffd-ff50-4e2c-8d56-c680b3d4510f",
        "Start Frame": 3000,
        "End Frame": 3120,
        "Caption": "#C C knits the cloth with the needles and the; #C C knits a cloth; #C C knits the wool with the knitting needles; #C C knits the cloth with the needles and wool; #O The woman Y walks towards C"
    },
    {
        "Video Name": "10ee2ffd-ff50-4e2c-8d56-c680b3d4510f",
        "Start Frame": 3120,
        "End Frame": 3240,
        "Caption": "#O the girl X picks a brick from the floor with her right hand; #C C knits a cloth; #C C knits a cloth; #O a woman X walks towards C; #O the boy X picks up a bottle on the floor with his right"
    },
    {
        "Video Name": "10ee2ffd-ff50-4e2c-8d56-c680b3d4510f",
        "Start Frame": 3240,
        "End Frame": 3360,
        "Caption": "#C C holds the yarn in place; #C C knits a cloth; #C C knits a cloth; #C C knits the cloth with the needles and; #C C knits the cloth with the needles and"
    },
    {
        "Video Name": "10ee2ffd-ff50-4e2c-8d56-c680b3d4510f",
        "Start Frame": 3360,
        "End Frame": 3480,
        "Caption": "#C C knits a; #C C knits a; #C C knits a; #C C knits a; #C C knits a"
    },
    {
        "Video Name": "10ee2ffd-ff50-4e2c-8d56-c680b3d4510f",
        "Start Frame": 3480,
        "End Frame": 3600,
        "Caption": "#C C knits the cloth with the needles and; #C C holds the knitted cloth with her right; #C C adjusts the cloth with her right hand; #C C knits the cloth with the needles and; #C C holds the sweater "
    },
    {
        "Video Name": "10ee2ffd-ff50-4e2c-8d56-c680b3d4510f",
        "Start Frame": 3600,
        "End Frame": 3720,
        "Caption": "#C C knits a; #C C knits a; #C C knits a; #C C knits a; #C C knits a"
    },
    {
        "Video Name": "10ee2ffd-ff50-4e2c-8d56-c680b3d4510f",
        "Start Frame": 3720,
        "End Frame": 3840,
        "Caption": "#O The Boy Y walks away from C; #C C holds the yarn in place; #C C holds the yarn in place; #C C holds the yarn in place; #C C knits a cloth"
    },
    {
        "Video Name": "10ee2ffd-ff50-4e2c-8d56-c680b3d4510f",
        "Start Frame": 3840,
        "End Frame": 3960,
        "Caption": "#C C knits a cloth; #C C knits a cloth; #C C knits a cloth; #C C holds the yarn in; #C C knits a cloth"
    },
    {
        "Video Name": "10ee2ffd-ff50-4e2c-8d56-c680b3d4510f",
        "Start Frame": 3960,
        "End Frame": 4080,
        "Caption": "#C C knits a cloth; #C C knits a cloth; #C C knits a cloth; #C C knits a cloth; #C C holds the yarn in"
    },
    {
        "Video Name": "10ee2ffd-ff50-4e2c-8d56-c680b3d4510f",
        "Start Frame": 4080,
        "End Frame": 4200,
        "Caption": "#C C knits a; #C C knits a; #C C knits a; #C C knits a; #C C knits a"
    },
    {
        "Video Name": "10ee2ffd-ff50-4e2c-8d56-c680b3d4510f",
        "Start Frame": 4200,
        "End Frame": 4320,
        "Caption": "#C C holds the yarn in; #C C holds the yarn in; #C C knits a cloth; #C C holds the yarn in; #C C holds the yarn in"
    },
    {
        "Video Name": "10ee2ffd-ff50-4e2c-8d56-c680b3d4510f",
        "Start Frame": 4320,
        "End Frame": 4440,
        "Caption": "#C C holds the yarn in; #C C holds the yarn in; #C C holds the yarn in; #C C holds the yarn in; #C C holds the yarn in"
    },
    {
        "Video Name": "10ee2ffd-ff50-4e2c-8d56-c680b3d4510f",
        "Start Frame": 4440,
        "End Frame": 4560,
        "Caption": "#C C knits a; #C C knits a; #C C knits a; #C C knits a; #C C knits a"
    },
    {
        "Video Name": "10ee2ffd-ff50-4e2c-8d56-c680b3d4510f",
        "Start Frame": 4560,
        "End Frame": 4680,
        "Caption": "#C C holds the cloth with her left hand; #C C holds the yarn in place; #C C holds the woolen cloth with her left; #C C holds the crochet with her left hand; #C C knits a cloth"
    },
    {
        "Video Name": "10ee2ffd-ff50-4e2c-8d56-c680b3d4510f",
        "Start Frame": 4680,
        "End Frame": 4800,
        "Caption": "#C C holds the yarn in; #C C knits a cloth; #C C knits a cloth; #C C holds the yarn in; #C C holds the yarn in"
    },
    {
        "Video Name": "10ee2ffd-ff50-4e2c-8d56-c680b3d4510f",
        "Start Frame": 4800,
        "End Frame": 4920,
        "Caption": "#C C knits a; #C C knits a; #C C knits a; #C C knits a; #C C knits a"
    },
    {
        "Video Name": "10ee2ffd-ff50-4e2c-8d56-c680b3d4510f",
        "Start Frame": 4920,
        "End Frame": 5040,
        "Caption": "#C C knits a; #C C knits a; #C C knits a; #C C knits a; #C C knits a"
    },
    {
        "Video Name": "10ee2ffd-ff50-4e2c-8d56-c680b3d4510f",
        "Start Frame": 5040,
        "End Frame": 5160,
        "Caption": "#C C picks a cloth; #C C holds the cloth with her left; #C C turns the cloth; #C C adjusts the cloth with her left; #C C adjusts the cloth with her left"
    },
    {
        "Video Name": "10ee2ffd-ff50-4e2c-8d56-c680b3d4510f",
        "Start Frame": 5160,
        "End Frame": 5280,
        "Caption": "#C C adjusts the crochet on the needle with her left; #C C adjusts the cloth with her right hand; #C C adjusts the cloth with her left hand; #C C adjusts the cloth with her right hand; #C C adjusts the wool with her left hand"
    },
    {
        "Video Name": "10ee2ffd-ff50-4e2c-8d56-c680b3d4510f",
        "Start Frame": 5280,
        "End Frame": 5400,
        "Caption": "#C C adjusts the cloth on the needle with her left; #C C adjusts the cloth with her left hand; #C C adjusts the cloth on the needles with her left; #C C adjusts the cloth on the needle with her left; #C C adjusts the cloth with her left hand"
    }
]