[
    {
        "Video Name": "10f66336-6996-4c2e-a586-2fbb9b8ce8e1",
        "Start Frame": 0,
        "End Frame": 120,
        "Caption": "#O The man X walks towards the refrigerator.; #O A man X lifts up the bottle; #O person X picks a bottle of juice from the table.; #C C looks at person A; #O A man X talks to man C"
    },
    {
        "Video Name": "10f66336-6996-4c2e-a586-2fbb9b8ce8e1",
        "Start Frame": 120,
        "End Frame": 240,
        "Caption": "#O person X walks to the sitting room; #O man X picks a phone from the; #O person X picks up a phone.; #O Person A sits on the chair; #O a man X walks towards C"
    },
    {
        "Video Name": "10f66336-6996-4c2e-a586-2fbb9b8ce8e1",
        "Start Frame": 240,
        "End Frame": 360,
        "Caption": "#O person X walks around the room; #C C talks to man X; #O a man Y walks around the; #O person X walks around the house; #O A man X walks around the"
    },
    {
        "Video Name": "10f66336-6996-4c2e-a586-2fbb9b8ce8e1",
        "Start Frame": 360,
        "End Frame": 480,
        "Caption": "#C C looks around the house; #O A man X drinks the water; #O A man Y walks around the; #O A man Y drinks water; #C C looks around"
    },
    {
        "Video Name": "10f66336-6996-4c2e-a586-2fbb9b8ce8e1",
        "Start Frame": 480,
        "End Frame": 600,
        "Caption": "#O man X stands in the room ; #O a man X walks around the apartment; #O a man X walks around the house; #O a man X stands up; #O a man X walks in the room"
    },
    {
        "Video Name": "10f66336-6996-4c2e-a586-2fbb9b8ce8e1",
        "Start Frame": 600,
        "End Frame": 720,
        "Caption": "#O a man X picks up the; #O a man X sits on a; #O man Y bends towards the table; #O a man X picks a box; #C C stares around the house"
    },
    {
        "Video Name": "10f66336-6996-4c2e-a586-2fbb9b8ce8e1",
        "Start Frame": 720,
        "End Frame": 840,
        "Caption": "#O a man X picks a box; #O a man X picks up the box; #C C stares at a man X; #O man Y picks a box from the table; #O a man X picks a box"
    },
    {
        "Video Name": "10f66336-6996-4c2e-a586-2fbb9b8ce8e1",
        "Start Frame": 840,
        "End Frame": 960,
        "Caption": "#O a man X moves the box of board games on the; #O a man X takes a box of jenga pieces; #O a man X  places the wooden pieces on the table; #O a man X picks a box; #O a man X picks up a box"
    },
    {
        "Video Name": "10f66336-6996-4c2e-a586-2fbb9b8ce8e1",
        "Start Frame": 960,
        "End Frame": 1080,
        "Caption": "#C C stands up; #O The man A stands up; #C C walks around the house; #C C moves around the room; #C C looks around the apartment"
    },
    {
        "Video Name": "10f66336-6996-4c2e-a586-2fbb9b8ce8e1",
        "Start Frame": 1080,
        "End Frame": 1200,
        "Caption": "#O a man X picks up the box; #O a man X picks up a box of jenga; #O a man X picks a box of jenga ; #O a man X moves the carton of wooden blocks ; #O a man X picks the box"
    },
    {
        "Video Name": "10f66336-6996-4c2e-a586-2fbb9b8ce8e1",
        "Start Frame": 1200,
        "End Frame": 1320,
        "Caption": "#O a man X arranges wooden blocks on the table; #O a man X pushes the wooden blocks on the table; #O a man X moves wooden pieces on the table; #O a man X arranges the wooden blocks on the; #O a man X arranges the wooden blocks on the"
    },
    {
        "Video Name": "10f66336-6996-4c2e-a586-2fbb9b8ce8e1",
        "Start Frame": 1320,
        "End Frame": 1440,
        "Caption": "#O a man X arranges wooden blocks on the; #O a man X arranges wooden blocks on the; #O man Y arranges wooden pieces together.; #O man Y arranges wooden pieces.; #O a man X arranges wooden blocks on the"
    },
    {
        "Video Name": "10f66336-6996-4c2e-a586-2fbb9b8ce8e1",
        "Start Frame": 1440,
        "End Frame": 1560,
        "Caption": "#O a man X places the wooden blocks on the table; #O A man X arranges the wooden blocks on the; #O a man X arranges the wooden blocks on the; #O A man X arranges wooden blocks on the table; #O a man X arranges the wooden blocks on the"
    },
    {
        "Video Name": "10f66336-6996-4c2e-a586-2fbb9b8ce8e1",
        "Start Frame": 1560,
        "End Frame": 1680,
        "Caption": "#O a man X arranges wooden blocks on the table; #O a man X arranges the wooden blocks on the; #O a man X arranges the wooden blocks on the; #C C looks at man Z ; #O A man X arranges wooden blocks on a table"
    },
    {
        "Video Name": "10f66336-6996-4c2e-a586-2fbb9b8ce8e1",
        "Start Frame": 1680,
        "End Frame": 1800,
        "Caption": "#O a man X removes a wooden block from the others; #O a man X arranges the wooden blocks on the; #O a man X arranges the wooden blocks on the; #O a man X arranges wooden blocks on the table; #O a man X arranges the wooden blocks"
    },
    {
        "Video Name": "10f66336-6996-4c2e-a586-2fbb9b8ce8e1",
        "Start Frame": 1800,
        "End Frame": 1920,
        "Caption": "#C C looks at man X; #O a man X picks wooden blocks from the table; #C C converses with a man X ; #C C converses with a man X ; #O a man X arranges the wooden blocks on the"
    },
    {
        "Video Name": "10f66336-6996-4c2e-a586-2fbb9b8ce8e1",
        "Start Frame": 1920,
        "End Frame": 2040,
        "Caption": "#C C arranges wooden blocks on a table; #C C arranges wooden blocks on the table; #O a man X arranges wooden blocks on the; #C C arranges wooden blocks on the table; #C C arranges wooden blocks on the table"
    },
    {
        "Video Name": "10f66336-6996-4c2e-a586-2fbb9b8ce8e1",
        "Start Frame": 2040,
        "End Frame": 2160,
        "Caption": "#C C takes the wooden blocks from the table; #C C arranges the wooden block on the; #C C picks wooden blocks from the table; #O a man X holds the wooden blocks ; #C C picks up wooden blocks from the table"
    },
    {
        "Video Name": "10f66336-6996-4c2e-a586-2fbb9b8ce8e1",
        "Start Frame": 2160,
        "End Frame": 2280,
        "Caption": "#C C arranges wooden blocks on the; #C C arranges wooden blocks on the; #C C picks wooden block from the table; #C C picks wooden block from the table; #C C arranges wooden blocks on the"
    },
    {
        "Video Name": "10f66336-6996-4c2e-a586-2fbb9b8ce8e1",
        "Start Frame": 2280,
        "End Frame": 2400,
        "Caption": "#C C arranges wooden blocks on a; #C C picks up wooden blocks from the; #C C arranges wooden blocks on a; #C C arranges wooden blocks on the; #C C takes the wooden block from the"
    },
    {
        "Video Name": "10f66336-6996-4c2e-a586-2fbb9b8ce8e1",
        "Start Frame": 2400,
        "End Frame": 2520,
        "Caption": "#C C arranges wooden blocks on the table; #C C arranges wooden block on the table; #O a man X arranges wooden blocks on the; #C C arranges wooden blocks on the table; #C C talks to a man X"
    },
    {
        "Video Name": "10f66336-6996-4c2e-a586-2fbb9b8ce8e1",
        "Start Frame": 2520,
        "End Frame": 2640,
        "Caption": "#C C arranges wooden block; #O a man X places the wooden block on the; #C C looks around the table; #C C picks wooden block from the table; #C C picks wooden blocks"
    },
    {
        "Video Name": "10f66336-6996-4c2e-a586-2fbb9b8ce8e1",
        "Start Frame": 2640,
        "End Frame": 2760,
        "Caption": "#C C arranges the wooden blocks on the table; #O a man X arranges the wooden blocks on the; #C C arranges wooden block on the table; #O a man X places the wooden blocks on the table; #C C arranges wooden blocks on the table"
    },
    {
        "Video Name": "10f66336-6996-4c2e-a586-2fbb9b8ce8e1",
        "Start Frame": 2760,
        "End Frame": 2880,
        "Caption": "#C C looks around the apartment; #C C talks to a man X ; #C C converses with a man X; #C C interacts with man X.; #C C converses with a man X"
    },
    {
        "Video Name": "10f66336-6996-4c2e-a586-2fbb9b8ce8e1",
        "Start Frame": 2880,
        "End Frame": 3000,
        "Caption": "#O a man X stares at a man X; #O a man X holds the jenga game; #O a man X holds the jenga block; #O a man X picks a wooden block from the; #O a man X sits on the chair"
    },
    {
        "Video Name": "10f66336-6996-4c2e-a586-2fbb9b8ce8e1",
        "Start Frame": 3000,
        "End Frame": 3120,
        "Caption": "#C C converses with a man X ; #O a man X arranges wooden block on the; #C C converses with man G.; #C C speaks ; #O a man X arranges wooden blocks on the"
    },
    {
        "Video Name": "10f66336-6996-4c2e-a586-2fbb9b8ce8e1",
        "Start Frame": 3120,
        "End Frame": 3240,
        "Caption": "#C C arranges wooden blocks on the; #C C arranges wooden blocks on a; #C C picks wooden blocks from the table; #C C arranges wooden blocks on the; #C C arranges wooden blocks on the"
    },
    {
        "Video Name": "10f66336-6996-4c2e-a586-2fbb9b8ce8e1",
        "Start Frame": 3240,
        "End Frame": 3360,
        "Caption": "#C C holds a wooden block; #C C picks the wooden block; #C C places the wooden block on the; #C C talks to a man X; #C C arranges wooden blocks on the"
    },
    {
        "Video Name": "10f66336-6996-4c2e-a586-2fbb9b8ce8e1",
        "Start Frame": 3360,
        "End Frame": 3480,
        "Caption": "#C C converses with a man; #C C looks around the apartment; #C C Looks around a garage; #O a man X talks to C; #O a man X talks to C"
    },
    {
        "Video Name": "10f66336-6996-4c2e-a586-2fbb9b8ce8e1",
        "Start Frame": 3480,
        "End Frame": 3600,
        "Caption": "#C C arranges wooden blocks on the; #C C converses with a man X; #C C converses with a man X; #C C arranges wooden block on the; #C C talks to a man X"
    },
    {
        "Video Name": "10f66336-6996-4c2e-a586-2fbb9b8ce8e1",
        "Start Frame": 3600,
        "End Frame": 3720,
        "Caption": "#C C talks to a man X; #C C picks wooden blocks from the table; #C C moves wooden block; #C C places the wooden blocks on top of each; #C C looks at the wooden blocks"
    },
    {
        "Video Name": "10f66336-6996-4c2e-a586-2fbb9b8ce8e1",
        "Start Frame": 3720,
        "End Frame": 3840,
        "Caption": "#C C looks around the apartment; #C C looks around; #C C looks around ; #C C looks around; #C C converses with man D"
    },
    {
        "Video Name": "10f66336-6996-4c2e-a586-2fbb9b8ce8e1",
        "Start Frame": 3840,
        "End Frame": 3960,
        "Caption": "#C C looks around the house; #C C looks around the apartment; #C C looks around; #C C looks around; #O a man X looks at the wooden"
    },
    {
        "Video Name": "10f66336-6996-4c2e-a586-2fbb9b8ce8e1",
        "Start Frame": 3960,
        "End Frame": 4080,
        "Caption": "#O A man X stands in the house; #O man X holds a wooden piece.; #C C Looks at the table; #C C takes the jenga block; #C C picks the wooden block from the"
    },
    {
        "Video Name": "10f66336-6996-4c2e-a586-2fbb9b8ce8e1",
        "Start Frame": 4080,
        "End Frame": 4200,
        "Caption": "#C C picks the wooden block from the; #C C converses with a man X; #O man Y pulls the wooden blocks.; #C C talks to a man X; #C C holds wooden blocks in his hands"
    },
    {
        "Video Name": "10f66336-6996-4c2e-a586-2fbb9b8ce8e1",
        "Start Frame": 4200,
        "End Frame": 4320,
        "Caption": "#C C Arranges wooden; #C C arranges wooden blocks; #C C stares at the wood; #C C checks the wooden blocks; #C C stares at the wooden"
    },
    {
        "Video Name": "10f66336-6996-4c2e-a586-2fbb9b8ce8e1",
        "Start Frame": 4320,
        "End Frame": 4440,
        "Caption": "#C C arranges wooden blocks; #C C looks around; #C C holds the wooden blocks; #C C arranges wooden blocks on a; #C C arranges the wooden blocks"
    },
    {
        "Video Name": "10f66336-6996-4c2e-a586-2fbb9b8ce8e1",
        "Start Frame": 4440,
        "End Frame": 4560,
        "Caption": "#O man Y arranges the wooden blocks on the table.; #C C picks a wood block from the table; #O a man X arranges wooden blocks; #O man Y puts the jenga pieces on the table; #C C picks wooden blocks from the table"
    },
    {
        "Video Name": "10f66336-6996-4c2e-a586-2fbb9b8ce8e1",
        "Start Frame": 4560,
        "End Frame": 4680,
        "Caption": "#C C arranges wooden blocks on the table; #C C places the wooden block on top of the stack of wooden blocks on the; #C C arranges wooden blocks on the table; #C C places the wooden block on the table; #C C arranges wooden block on the table"
    },
    {
        "Video Name": "10f66336-6996-4c2e-a586-2fbb9b8ce8e1",
        "Start Frame": 4680,
        "End Frame": 4800,
        "Caption": "#O a man X places wooden block on the table; #O a man X places a wooden block on top of the other wooden; #O man Y arranges the wooden blocks.; #O a man X places the wooden block on the table; #O a man X arranges wooden blocks on the table"
    },
    {
        "Video Name": "10f66336-6996-4c2e-a586-2fbb9b8ce8e1",
        "Start Frame": 4800,
        "End Frame": 4920,
        "Caption": "#C C touches wooden blocks on the table; #C C converses with man F.; #C C plays jenga game.; #C C arranges wooden blocks on the table; #O a man X arranges wooden blocks on the"
    },
    {
        "Video Name": "10f66336-6996-4c2e-a586-2fbb9b8ce8e1",
        "Start Frame": 4920,
        "End Frame": 5040,
        "Caption": "#O a man X picks wooden block from the table; #O a man X pushes a wooden block on the table; #O a man X arranges the wooden blocks on the table; #O a man X puts the wooden blocks on top of each; #O man Y puts down the wooden block."
    },
    {
        "Video Name": "10f66336-6996-4c2e-a586-2fbb9b8ce8e1",
        "Start Frame": 5040,
        "End Frame": 5160,
        "Caption": "#C C arranges the wooden blocks on the table; #O a man X picks a wooden block from the; #C C moves the wooden blocks.; #O a man X picks wooden pieces; #O a man X picks wooden block from the table"
    },
    {
        "Video Name": "10f66336-6996-4c2e-a586-2fbb9b8ce8e1",
        "Start Frame": 5160,
        "End Frame": 5280,
        "Caption": "#O a man X picks a wooden block from the; #O man Y arranges wooden blocks on the table; #O man Y pulls a wooden piece.; #C C looks around the apartment; #O a man X arranges wooden blocks on the"
    },
    {
        "Video Name": "10f66336-6996-4c2e-a586-2fbb9b8ce8e1",
        "Start Frame": 5280,
        "End Frame": 5400,
        "Caption": "#O a man X arranges the wooden blocks on the table; #O a man X picks a wooden block from the table; #C C hands over the block to man X; #C C hands a man X a wooden block.; #O a man X picks a block from the table"
    }
]