[
    {
        "Video Name": "11097fa4-20c8-4499-a418-848040c90348",
        "Start Frame": 0,
        "End Frame": 120,
        "Caption": "#C C places his right hand on the door of the; #C C puts down the metal; #C C wears the helmet ; #C C carries a stool ; #C C stands on the ground"
    },
    {
        "Video Name": "11097fa4-20c8-4499-a418-848040c90348",
        "Start Frame": 120,
        "End Frame": 240,
        "Caption": "#C C opens a door with his left hand; #C C opens the door; #C C opens the door with his left hand; #C C closes the door; #C C opens a door"
    },
    {
        "Video Name": "11097fa4-20c8-4499-a418-848040c90348",
        "Start Frame": 240,
        "End Frame": 360,
        "Caption": "#C C picks a rock; #C C walks around; #C C walks towards the; #C C looks around; #C C walks towards the"
    },
    {
        "Video Name": "11097fa4-20c8-4499-a418-848040c90348",
        "Start Frame": 360,
        "End Frame": 480,
        "Caption": "#C C walks around the backyard; #C C walks to the lawn; #C C walks towards the field; #C C adjusts his camera; #C C walks towards a fence"
    },
    {
        "Video Name": "11097fa4-20c8-4499-a418-848040c90348",
        "Start Frame": 480,
        "End Frame": 600,
        "Caption": "#C C walks around the compound; #C C walks around the compound ; #C C walks on the walkway; #C C walks around the park; #C C walks on the walkway"
    },
    {
        "Video Name": "11097fa4-20c8-4499-a418-848040c90348",
        "Start Frame": 600,
        "End Frame": 720,
        "Caption": "#C C holds the bicycle handle; #C C touches the bicycle; #C C closes the gate ; #C C holds the bicycle; #C C climbs on a bicycle"
    },
    {
        "Video Name": "11097fa4-20c8-4499-a418-848040c90348",
        "Start Frame": 720,
        "End Frame": 840,
        "Caption": "#C C drives the; #C C stops the; #C C stops the; #C C stops the; #C C stops the"
    },
    {
        "Video Name": "11097fa4-20c8-4499-a418-848040c90348",
        "Start Frame": 840,
        "End Frame": 960,
        "Caption": "#C C holds a bike; #C C takes off the helmet; #C C picks up the bicycle; #C C moves his right leg; #C C puts on the bike"
    },
    {
        "Video Name": "11097fa4-20c8-4499-a418-848040c90348",
        "Start Frame": 960,
        "End Frame": 1080,
        "Caption": "#C C walks outside ; #C C walks in the compound; #C C walks to the backyard; #C C walks around the backyard; #C C walks outside"
    },
    {
        "Video Name": "11097fa4-20c8-4499-a418-848040c90348",
        "Start Frame": 1080,
        "End Frame": 1200,
        "Caption": "#C C walks towards the table; #C C walks away from the lawn m; #C C walks to the table; #C C walks around the garden; #C C raises his right hand."
    },
    {
        "Video Name": "11097fa4-20c8-4499-a418-848040c90348",
        "Start Frame": 1200,
        "End Frame": 1320,
        "Caption": "#C C walks towards the house; #C C walks outside.; #C C walks on the walk; #C C walks towards a garden; #C C walks outside the compound"
    },
    {
        "Video Name": "11097fa4-20c8-4499-a418-848040c90348",
        "Start Frame": 1320,
        "End Frame": 1440,
        "Caption": "#C C picks a blower on the floor with his right hand.; #C C picks a blower; #C C picks a fuel hose pipe from a ground with his right hand; #C C picks the blower from the floor; #C C picks a blower on a floor with his right hand"
    },
    {
        "Video Name": "11097fa4-20c8-4499-a418-848040c90348",
        "Start Frame": 1440,
        "End Frame": 1560,
        "Caption": "#C C walks around the compound ; #C C walks outside ; #C C touches the blower; #C C holds the blower with both hands; #C C holds the blower with his right"
    },
    {
        "Video Name": "11097fa4-20c8-4499-a418-848040c90348",
        "Start Frame": 1560,
        "End Frame": 1680,
        "Caption": "#C C walks on the lawn; #C C holds the lawn mower; #C C pulls the starter rope of the hedge trimmer with his right hand; #C C walks on the grass; #C C removes the power saw from the grass cutter"
    },
    {
        "Video Name": "11097fa4-20c8-4499-a418-848040c90348",
        "Start Frame": 1680,
        "End Frame": 1800,
        "Caption": "#C C removes the leaf blower from the flower; #C C turns on the hedge trimmer with his left hand.; #C C removes the top of the blower with his left hand; #C C blows the ground; # C C shakes the blower"
    },
    {
        "Video Name": "11097fa4-20c8-4499-a418-848040c90348",
        "Start Frame": 1800,
        "End Frame": 1920,
        "Caption": "#C C pulls the starter rope of the hedge trimmer with his right hand.; #C C pulls the starter rope of the hedge trimmer with his right hand.; #C C pulls the starter rope of the corded mower with his right hand; #C C turns on the lawn mower; #C C pulls the rope"
    },
    {
        "Video Name": "11097fa4-20c8-4499-a418-848040c90348",
        "Start Frame": 1920,
        "End Frame": 2040,
        "Caption": "#C C turns on the brush cutter; #C C holds the starter rope of the hedge trimmer with his left hand; #C C removes the brush cutter fuel cap; #C C holds the tree trimmer with both hands.; #C C pushes the string on the hedge trimmer"
    },
    {
        "Video Name": "11097fa4-20c8-4499-a418-848040c90348",
        "Start Frame": 2040,
        "End Frame": 2160,
        "Caption": "#C C starts the engine of the hedge trimmer in his left hand with his right hand; #C C starts the power saw; #C C walks to the lawn; #C C starts the blower; #C C holds the cordless grass trimmer with both hands."
    },
    {
        "Video Name": "11097fa4-20c8-4499-a418-848040c90348",
        "Start Frame": 2160,
        "End Frame": 2280,
        "Caption": "#C C pulls the string with his hand; #C C starts the string trimmer ; #C C passes the string trimmer from his right hand to his left hand; #C C starts the grass cutting machine; #C C holds the string trimmer with his right hand."
    },
    {
        "Video Name": "11097fa4-20c8-4499-a418-848040c90348",
        "Start Frame": 2280,
        "End Frame": 2400,
        "Caption": "#C C holds the blower with both hands; #C C removes the air blower in his right hand with his left; #C C holds the blower with both hands; #C C turns the blower; #C C holds the blower with both hands"
    },
    {
        "Video Name": "11097fa4-20c8-4499-a418-848040c90348",
        "Start Frame": 2400,
        "End Frame": 2520,
        "Caption": "#C C blows the road ; #C C walks around ; #C C walks on the pavement; #C C blows the floor ; #C C blows on the grass"
    },
    {
        "Video Name": "11097fa4-20c8-4499-a418-848040c90348",
        "Start Frame": 2520,
        "End Frame": 2640,
        "Caption": "#C C opens the gate; #C C opens the gate; #C C opens the gate; #C C closes the gate; #C C opens the gate"
    },
    {
        "Video Name": "11097fa4-20c8-4499-a418-848040c90348",
        "Start Frame": 2640,
        "End Frame": 2760,
        "Caption": "#C C walks towards the house; #C C walks around the compound ; #C C holds the blower with both hands; #C C Holds the leaf blower with both; #C C turns off the blower"
    },
    {
        "Video Name": "11097fa4-20c8-4499-a418-848040c90348",
        "Start Frame": 2760,
        "End Frame": 2880,
        "Caption": "#C C blows dirt on the floor with the leaf blower in his left hand; #C C blows dirt on the grass with the leaf blower; #C C blows the grass; #C C blows the floor; #C C looks around the compound "
    },
    {
        "Video Name": "11097fa4-20c8-4499-a418-848040c90348",
        "Start Frame": 2880,
        "End Frame": 3000,
        "Caption": "#C C turns on the blower; #C C starts the blower ; #C C cuts the grass trimmer's fuel; #C C operates the blower ; #C C operates the blower"
    },
    {
        "Video Name": "11097fa4-20c8-4499-a418-848040c90348",
        "Start Frame": 3000,
        "End Frame": 3120,
        "Caption": "#C C holds the grass trimmer hose with his left hand; #C C fixes the blower; #C C touches the machine; #C C attaches the brush cutter to the dust blower; #C C holds the blower"
    },
    {
        "Video Name": "11097fa4-20c8-4499-a418-848040c90348",
        "Start Frame": 3120,
        "End Frame": 3240,
        "Caption": "#C C walks around the compound; #C C walks around the compound; #C C walks around the compound; #C C walks on the pavement; #C C walks around the compound"
    },
    {
        "Video Name": "11097fa4-20c8-4499-a418-848040c90348",
        "Start Frame": 3240,
        "End Frame": 3360,
        "Caption": "#C C blows the grass; #C C cleans the lawn with the blower in both of his hands; #C C blows the dirt off the grass with the blower in his right; #C C holds the blower with his left hand; #C C holds the blower with his right hand"
    },
    {
        "Video Name": "11097fa4-20c8-4499-a418-848040c90348",
        "Start Frame": 3360,
        "End Frame": 3480,
        "Caption": "#C C pulls the string of the blower with his right hand; #C C unplugs the blower cable; #C C pulls the blower cable ; #C C pulls the cord of the blower with his right hand; #C C passes the blower to his right hand"
    },
    {
        "Video Name": "11097fa4-20c8-4499-a418-848040c90348",
        "Start Frame": 3480,
        "End Frame": 3600,
        "Caption": "#C C blows the pavement with the bl; #C C walks on the pavement; #C C walks on the pavement; #C C walks on the pavement; #C C walks around the compound "
    },
    {
        "Video Name": "11097fa4-20c8-4499-a418-848040c90348",
        "Start Frame": 3600,
        "End Frame": 3720,
        "Caption": "#C C blows the grass; #C C blows the lawn with the blower in his right; #C C blows grass; #C C holds the blower with both hands; #C C blows the grass with the blower in his right"
    },
    {
        "Video Name": "11097fa4-20c8-4499-a418-848040c90348",
        "Start Frame": 3720,
        "End Frame": 3840,
        "Caption": "#C C holds the gas powered chain saw with his left hand.; #C C presses the button on the corded grass trimmer with his left hand; #C C holds the machine; #C C holds the cordless grass trimmer with his left hand.; #C C holds the power saw"
    },
    {
        "Video Name": "11097fa4-20c8-4499-a418-848040c90348",
        "Start Frame": 3840,
        "End Frame": 3960,
        "Caption": "#C C cuts the fuel hose pipe; #C C holds the grass trimmer engine with his left hand; #C C cuts the bush with the grass trimmer in his hands.; #C C cuts the cord with the cordless grass trimmer in his left hand.; #C C cuts the trunk of the hedge trimmer with the chain saw in his hands"
    },
    {
        "Video Name": "11097fa4-20c8-4499-a418-848040c90348",
        "Start Frame": 3960,
        "End Frame": 4080,
        "Caption": "#C C holds the grass cutter with his left hand; #C C lights up the grass cutter with a lighter; #C C holds the grass cutter with his left hand; #C C cuts the grass trimmer with the trimmer; #C C touches the fuel tank"
    },
    {
        "Video Name": "11097fa4-20c8-4499-a418-848040c90348",
        "Start Frame": 4080,
        "End Frame": 4200,
        "Caption": "#C C holds the blower with his left hand; #C C presses the power button of the chainsaw with his left; #C C cuts the power saw; #C C holds the machine saw handle with his left hand; #C C presses a button on the machine saw"
    },
    {
        "Video Name": "11097fa4-20c8-4499-a418-848040c90348",
        "Start Frame": 4200,
        "End Frame": 4320,
        "Caption": "#C C holds the blower with his left hand; #C C blows the dirt on the walkway with the blower in his right hand; #C C blows the grass; #C C walks around the compound; #C C blows dust with the blower"
    },
    {
        "Video Name": "11097fa4-20c8-4499-a418-848040c90348",
        "Start Frame": 4320,
        "End Frame": 4440,
        "Caption": "#C C walks around the compound; #C C walks on the pavement; #C C walks on the pavement; #C C walks on the pavement; #C C walks around the compound"
    },
    {
        "Video Name": "11097fa4-20c8-4499-a418-848040c90348",
        "Start Frame": 4440,
        "End Frame": 4560,
        "Caption": "#C C holds the blower with the right hand; #C C blows the floor with the blower in his left; #C C blows the ground; #C C walks around; #C C walks outside"
    },
    {
        "Video Name": "11097fa4-20c8-4499-a418-848040c90348",
        "Start Frame": 4560,
        "End Frame": 4680,
        "Caption": "#C C wipes his face with his; #C C lifts his left hand; #C C wipes the face ; #C C touches his face ; #C C raises his left arm."
    },
    {
        "Video Name": "11097fa4-20c8-4499-a418-848040c90348",
        "Start Frame": 4680,
        "End Frame": 4800,
        "Caption": "#C C walks outside; #C C walks down the stairs; #C C walks around the verand; #C C walks down the stairs; #C C walks on the stairs "
    },
    {
        "Video Name": "11097fa4-20c8-4499-a418-848040c90348",
        "Start Frame": 4800,
        "End Frame": 4920,
        "Caption": "#C C walks outside; #C C touches a gate; #C C blows the ground; #C C opens the gate; #C C walks on the"
    },
    {
        "Video Name": "11097fa4-20c8-4499-a418-848040c90348",
        "Start Frame": 4920,
        "End Frame": 5040,
        "Caption": "#C C walks around the compound; #C C moves the blower machine with his leg ; #C C blows the pavement ; #C C blows the dust on the walkway with the leaf blower in his left hand; #C C cleans the floor with the blower"
    },
    {
        "Video Name": "11097fa4-20c8-4499-a418-848040c90348",
        "Start Frame": 5040,
        "End Frame": 5160,
        "Caption": "#C C walks around; #C C walks around; #C C walks around the compound ; #C C blows the pavement with the bl; #C C blows on the floor"
    },
    {
        "Video Name": "11097fa4-20c8-4499-a418-848040c90348",
        "Start Frame": 5160,
        "End Frame": 5280,
        "Caption": "#C C walks around the veranda; #C C blows away leaves from the walkway with the leaf blower in his left hand; #C C cleans the floor with the vacuum cleaner; #C C walks on the pavement; #C C blows the floor"
    },
    {
        "Video Name": "11097fa4-20c8-4499-a418-848040c90348",
        "Start Frame": 5280,
        "End Frame": 5400,
        "Caption": "#C C holds the blower with his left hand; #C C holds the blower with his right hand; #C C Holds the leaf blower with the right; #C C blows the grass with the blower; #C C walks around the compound"
    }
]