[
    {
        "Video Name": "1129df41-d6d6-4794-bbca-6a6c0da3c91d",
        "Start Frame": 0,
        "End Frame": 120,
        "Caption": "#C C places wood carving tool on the; #C C drops wood carving tool; #C C drops wood carving tool; #C C drops wood carving tool; #C C drops wood carving tool"
    },
    {
        "Video Name": "1129df41-d6d6-4794-bbca-6a6c0da3c91d",
        "Start Frame": 120,
        "End Frame": 240,
        "Caption": "#C C picks a chisel.; #C C picks up wood carving tool; #C C picks wood carving tool; #C C drops the gouge on the round wood making machine with his right hand; #C C picks the gouge from the round wood making machine with his right hand"
    },
    {
        "Video Name": "1129df41-d6d6-4794-bbca-6a6c0da3c91d",
        "Start Frame": 240,
        "End Frame": 360,
        "Caption": "#C C picks a piece of wood ; #C C picks the wood; #C C picks a wood from the wood lathe; #C C holds the piece of wood with both hands; #C C picks up wood"
    },
    {
        "Video Name": "1129df41-d6d6-4794-bbca-6a6c0da3c91d",
        "Start Frame": 360,
        "End Frame": 480,
        "Caption": "#C C rotates lathe machine; #C C turns off lathe machine; #C C adjusts the clamp.; #C C turns on the lathe machine; #C C turns off lathe machine"
    },
    {
        "Video Name": "1129df41-d6d6-4794-bbca-6a6c0da3c91d",
        "Start Frame": 480,
        "End Frame": 600,
        "Caption": "#C C puts the wood on the lathe machine.; #C C turns lathe machine knob ; #C C rotates the handle of the lathe machine; #C C holds the handle of the lathe machine with his right hand; #C C moves lathe machine handle "
    },
    {
        "Video Name": "1129df41-d6d6-4794-bbca-6a6c0da3c91d",
        "Start Frame": 600,
        "End Frame": 720,
        "Caption": "#C C places the gouge in the round wood making machine with both hands; #C C adjusts the handle of the lathe machine with his hands.; #C C adjusts lathe machine ; #C C adjusts the clamp; #C C adjusts lathe machine"
    },
    {
        "Video Name": "1129df41-d6d6-4794-bbca-6a6c0da3c91d",
        "Start Frame": 720,
        "End Frame": 840,
        "Caption": "#C C shaves off a portion of the round wood in the round wood making machine with the gouge in both hands; #C C carves wood; #C C shaves the round wood on the lathe machine with the gouge in both hands.; #C C cuts off a piece of wood from the part of the lathe machine with the chisel.; #C C removes the wood "
    },
    {
        "Video Name": "1129df41-d6d6-4794-bbca-6a6c0da3c91d",
        "Start Frame": 840,
        "End Frame": 960,
        "Caption": "#C C walks around the workshop; #C C walks around ; #C C turns off the lathe; #C C turns around; #C C turns around"
    },
    {
        "Video Name": "1129df41-d6d6-4794-bbca-6a6c0da3c91d",
        "Start Frame": 960,
        "End Frame": 1080,
        "Caption": "#C C walks towards a workshop; #C C walks to the workshop; #C C walks towards a table; #C C walks towards a table; #C C walks in a workshop"
    },
    {
        "Video Name": "1129df41-d6d6-4794-bbca-6a6c0da3c91d",
        "Start Frame": 1080,
        "End Frame": 1200,
        "Caption": "#C C takes a lighter.; #C C picks a pair of scissors from the wall with his right; #C C picks a pair of scissors; #C C picks a piece of paper ; #C C picks a scissors "
    },
    {
        "Video Name": "1129df41-d6d6-4794-bbca-6a6c0da3c91d",
        "Start Frame": 1200,
        "End Frame": 1320,
        "Caption": "#C C walks in the; #C C walks towards the; #C C walks around; #C C walks around the; #C C walks around the"
    },
    {
        "Video Name": "1129df41-d6d6-4794-bbca-6a6c0da3c91d",
        "Start Frame": 1320,
        "End Frame": 1440,
        "Caption": "#C C picks wood carving tool; #C C picks wood carving tool; #C C picks wood carving tool; #C C turns off lathe; #C C looks around."
    },
    {
        "Video Name": "1129df41-d6d6-4794-bbca-6a6c0da3c91d",
        "Start Frame": 1440,
        "End Frame": 1560,
        "Caption": "#C C adjusts the wood lathe.; #C C puts the wood on the lathe machine.; #C C holds the wood with both hands.; #C C takes off the wood lathe from the round wood; #C C puts the wood  on the lathe machine"
    },
    {
        "Video Name": "1129df41-d6d6-4794-bbca-6a6c0da3c91d",
        "Start Frame": 1560,
        "End Frame": 1680,
        "Caption": "#C C removes the wood pusher from the wood.; #C C shaves the round wood on the round wood making machine with the gouge in both hands; #C C drops the chisel on the lathe machine.; #C C turns the lathe machine; #C C adjusts lathe machine handle"
    },
    {
        "Video Name": "1129df41-d6d6-4794-bbca-6a6c0da3c91d",
        "Start Frame": 1680,
        "End Frame": 1800,
        "Caption": "#C C carves wood; #C C hits the chisel on the wood; #C C turns wood lathe machine handle; #C C shapes the wood with a chisel; #C C hits the chisel on the round wood making machine"
    },
    {
        "Video Name": "1129df41-d6d6-4794-bbca-6a6c0da3c91d",
        "Start Frame": 1800,
        "End Frame": 1920,
        "Caption": "#C C hits the chisel on the round wood; #C C hits the chisel on the round wood; #C C hammers the chisel; #C C hammers the chisel ; #C C hits the chisel on the wood."
    },
    {
        "Video Name": "1129df41-d6d6-4794-bbca-6a6c0da3c91d",
        "Start Frame": 1920,
        "End Frame": 2040,
        "Caption": "#C C drops the chisel on the round wood making machine.; #C C puts the chisel on the table; #C C drops the chisel on the round wood making machine with his right hand; #C C hits the chisel on the wood ; #C C drops the chisel on the lathe machine"
    },
    {
        "Video Name": "1129df41-d6d6-4794-bbca-6a6c0da3c91d",
        "Start Frame": 2040,
        "End Frame": 2160,
        "Caption": "#C C adjusts lathe machine; #C C holds the wood lathe; #C C adjusts lathe machine; #C C adjusts lathe machine knob; #C C turns the handle of the lathe machine with her right hand"
    },
    {
        "Video Name": "1129df41-d6d6-4794-bbca-6a6c0da3c91d",
        "Start Frame": 2160,
        "End Frame": 2280,
        "Caption": "#C C shaves the round wood with the round wood making machine; #C C holds the wood lathe with both hands.; #C C shapes the piece of wood with the lathe machine.; #C C turns on the lathe machine with his right hand.; #C C shapes the wood with the lathe machine."
    },
    {
        "Video Name": "1129df41-d6d6-4794-bbca-6a6c0da3c91d",
        "Start Frame": 2280,
        "End Frame": 2400,
        "Caption": "#C C rotates lathe machine handle ; #C C removes the wood lathe from the round wood making machine; #C C adjusts lathe machine; #C C adjusts lathe machine handle; #C C removes the piece of wood from the lathe machine."
    },
    {
        "Video Name": "1129df41-d6d6-4794-bbca-6a6c0da3c91d",
        "Start Frame": 2400,
        "End Frame": 2520,
        "Caption": "#C C adjusts lathe machine handle; #C C measures the round wood in the round wood making machine with the caliper in his both hands; #C C holds the gouge with both hands.; #C C adjusts lathe machine handle; #C C holds the gouge in both hands. "
    },
    {
        "Video Name": "1129df41-d6d6-4794-bbca-6a6c0da3c91d",
        "Start Frame": 2520,
        "End Frame": 2640,
        "Caption": "#C C turns on lathe machine; #C C turns on the lathe machine.; #C C turns on lathe machine; #C C adjusts lathe machine; #C C holds the gouge on the round wood making machine with his right hand"
    },
    {
        "Video Name": "1129df41-d6d6-4794-bbca-6a6c0da3c91d",
        "Start Frame": 2640,
        "End Frame": 2760,
        "Caption": "#C C picks up wood carving; #C C picks up chisel; #C C picks wood carving tool; #C C picks up wood carving; #C C picks wood carving tool"
    },
    {
        "Video Name": "1129df41-d6d6-4794-bbca-6a6c0da3c91d",
        "Start Frame": 2760,
        "End Frame": 2880,
        "Caption": "#C C shaves the round wood in the round wood making machine with the gouge in both hands; #C C carves wood; #C C carves wood; #C C carves wood; #C C shapes wood with a chisel"
    },
    {
        "Video Name": "1129df41-d6d6-4794-bbca-6a6c0da3c91d",
        "Start Frame": 2880,
        "End Frame": 3000,
        "Caption": "#C C carves wood; #C C carves wood; #C C carves wood; #C C carves wood; #C C shaves the round wood with the chisel"
    },
    {
        "Video Name": "1129df41-d6d6-4794-bbca-6a6c0da3c91d",
        "Start Frame": 3000,
        "End Frame": 3120,
        "Caption": "#C C shaves the round wood in the round wood making machine with the gouge in both hands; #C C carves wood; #C C shaves the round wood with the gouge in both hands.; #C C shaves the round wood with the gouge.\n; #C C carves wood"
    },
    {
        "Video Name": "1129df41-d6d6-4794-bbca-6a6c0da3c91d",
        "Start Frame": 3120,
        "End Frame": 3240,
        "Caption": "#C C carves wood; #C C carves wood; #C C shapes wood with a car; #C C carves wood; #C C carves wood"
    },
    {
        "Video Name": "1129df41-d6d6-4794-bbca-6a6c0da3c91d",
        "Start Frame": 3240,
        "End Frame": 3360,
        "Caption": "#C C wipes off wood shavings from his hands; #C C shaves the round wood in the round wood making machine with the gouge in both hands; #C C shaves wood; #C C carves wood; #C C shapes wood with a wood carving tool"
    },
    {
        "Video Name": "1129df41-d6d6-4794-bbca-6a6c0da3c91d",
        "Start Frame": 3360,
        "End Frame": 3480,
        "Caption": "#C C shapes wood with a wood carving tool; #C C shaves the round wood in the round wood making machine with the gouge in both hands; #C C shapes wood with a wood shaper ; #C C carves wood; #C C shapes wood in a chisel "
    },
    {
        "Video Name": "1129df41-d6d6-4794-bbca-6a6c0da3c91d",
        "Start Frame": 3480,
        "End Frame": 3600,
        "Caption": "#C C carves wood; #C C shapes wood with a wood carving tool; #C C shaves the round wood in the round wood making machine with the gouge in both hands; #C C turns wood carving tool; #C C shapes wood with a wood carving tool"
    },
    {
        "Video Name": "1129df41-d6d6-4794-bbca-6a6c0da3c91d",
        "Start Frame": 3600,
        "End Frame": 3720,
        "Caption": "#C C wipes dust from hands ; #C C carves wood; #C C shaves the round wood in the round wood making machine with the gouge in both hands; #C C shapes wood with a wood carving tool; #C C shaves the round wood in his hands."
    },
    {
        "Video Name": "1129df41-d6d6-4794-bbca-6a6c0da3c91d",
        "Start Frame": 3720,
        "End Frame": 3840,
        "Caption": "#C C touches the wood carving tool; #C C shaves the round wood in his left hand with the chisel; #C C shapes wood with both hands; #C C cleans wood shavings off his hands.; #C C wipes wood shavings off hands"
    },
    {
        "Video Name": "1129df41-d6d6-4794-bbca-6a6c0da3c91d",
        "Start Frame": 3840,
        "End Frame": 3960,
        "Caption": "#C C wipes wood shavings off hands; #C C holds wood carving tool with both hands; #C C cleans wood shavings off his hands into the lathe machine.; #C C shapes wood with chisel ; #C C touches wood shavings on the wood lathe with his left hand"
    },
    {
        "Video Name": "1129df41-d6d6-4794-bbca-6a6c0da3c91d",
        "Start Frame": 3960,
        "End Frame": 4080,
        "Caption": "#C C wipes dust off his hands; #C C shaves the piece of wood with the wood carving tool.; #C C touches the chisel with both hands.; #C C wipes off wood shavings from the wood lathe with his left hand; #C C cleans sawdust from his right hand with his left hand."
    },
    {
        "Video Name": "1129df41-d6d6-4794-bbca-6a6c0da3c91d",
        "Start Frame": 4080,
        "End Frame": 4200,
        "Caption": "#C C shapes wood with a chisel ; #C C shaves wood; #C C holds the wood carving tool with both hands; #C C wipes dust off hands ; #C C shaves the round wood in the round wood making machine with the gouge in both hands"
    },
    {
        "Video Name": "1129df41-d6d6-4794-bbca-6a6c0da3c91d",
        "Start Frame": 4200,
        "End Frame": 4320,
        "Caption": "#C C shaves the round wood in the round wood making machine with the gouge in both hands; #C C stops to carve.; #C C turns off lathe machine; #C C turns the wood lathe handle.; #C C adjusts the wood lathe."
    },
    {
        "Video Name": "1129df41-d6d6-4794-bbca-6a6c0da3c91d",
        "Start Frame": 4320,
        "End Frame": 4440,
        "Caption": "#C C turns the handle of the round wood making machine with his right hand; #C C turns on lathe machine; #C C adjusts lathe machine handle; #C C turns on lathe machine; #C C holds the gouge in his right hand."
    },
    {
        "Video Name": "1129df41-d6d6-4794-bbca-6a6c0da3c91d",
        "Start Frame": 4440,
        "End Frame": 4560,
        "Caption": "#C C shapes the piece of wood.; #C C turns off lathe machine; #C C shapes wood with a plane ; #C C shaves the round wood in the round wood making machine with the gouge in both hands; #C C measures a part of the round wood making machine with the caliper in both hands."
    },
    {
        "Video Name": "1129df41-d6d6-4794-bbca-6a6c0da3c91d",
        "Start Frame": 4560,
        "End Frame": 4680,
        "Caption": "#C C carves; #C C carves; #C C carves; #C C carves; #C C carves"
    },
    {
        "Video Name": "1129df41-d6d6-4794-bbca-6a6c0da3c91d",
        "Start Frame": 4680,
        "End Frame": 4800,
        "Caption": "#C C carves; #C C carves; #C C carves; #C C carves; #C C carves"
    },
    {
        "Video Name": "1129df41-d6d6-4794-bbca-6a6c0da3c91d",
        "Start Frame": 4800,
        "End Frame": 4920,
        "Caption": "#C C carves; #C C carves; #C C carves; #C C carves; #C C carves"
    },
    {
        "Video Name": "1129df41-d6d6-4794-bbca-6a6c0da3c91d",
        "Start Frame": 4920,
        "End Frame": 5040,
        "Caption": "#C C carves wood; #C C carves wood; #C C carves wood; #C C carves wood; #C C shaves the round wood in the round wood making machine with the gouge in both hands"
    },
    {
        "Video Name": "1129df41-d6d6-4794-bbca-6a6c0da3c91d",
        "Start Frame": 5040,
        "End Frame": 5160,
        "Caption": "#C C shaves the round wood in the round wood making machine with the gouge in both hands; #C C shaves wood ; #C C shaves the piece of wood.; #C C shaves the round wood into the round wood making machine with the gouge in both hands; #C C shaves the round wood in the round wood making machine with the gouge in both hands"
    },
    {
        "Video Name": "1129df41-d6d6-4794-bbca-6a6c0da3c91d",
        "Start Frame": 5160,
        "End Frame": 5280,
        "Caption": "#C C shapes wood with chisel; #C C carves wood; #C C shaves the round wood in the round wood making machine with the gouge in both hands; #C C shaves the round wood in the round wood making machine with the gouge in both hands; #C C shaves the round wood in the round wood making machine with the gouge in both hands"
    },
    {
        "Video Name": "1129df41-d6d6-4794-bbca-6a6c0da3c91d",
        "Start Frame": 5280,
        "End Frame": 5400,
        "Caption": "#C C shaves the piece of wood with the wood lathe.; #C C carves wood; #C C carves wood; #C C shaves the round wood into the round wood making machine with the gouge in both hands; #C C carves wood"
    }
]