[
    {
        "Video Name": "115043bb-d484-4977-83f0-7c58c3ea9e3c",
        "Start Frame": 0,
        "End Frame": 120,
        "Caption": "#C C cuts the sausages with the; #C C cuts the potato ; #C C cuts the food with the knife; #C C cuts the chicken with the knife; #C C cuts the chicken with the knife"
    },
    {
        "Video Name": "115043bb-d484-4977-83f0-7c58c3ea9e3c",
        "Start Frame": 120,
        "End Frame": 240,
        "Caption": "#C C cuts the meat ; #C C cuts meat with a knife; #C C cuts the pieces of meat ; #C C cuts the meat on the cutting board with the knife; #C C cuts the meat into pieces"
    },
    {
        "Video Name": "115043bb-d484-4977-83f0-7c58c3ea9e3c",
        "Start Frame": 240,
        "End Frame": 360,
        "Caption": "#C C slices the beef; #C C cuts the meat with the knife; #C C cuts the meat ; #C C slices the meat with the knife; #C C cuts the meat with the knife"
    },
    {
        "Video Name": "115043bb-d484-4977-83f0-7c58c3ea9e3c",
        "Start Frame": 360,
        "End Frame": 480,
        "Caption": "#C C cuts the meat ; #C C cuts the ham into pieces; #C C cuts the meat with a; #C C cuts the meat ; #C C cuts the meat "
    },
    {
        "Video Name": "115043bb-d484-4977-83f0-7c58c3ea9e3c",
        "Start Frame": 480,
        "End Frame": 600,
        "Caption": "#C C picks up the egg from the chopping board with her left; #C C picks a egg; #C C turns over the egg; #C C turns the egg; #C C picks the egg with her left hand"
    },
    {
        "Video Name": "115043bb-d484-4977-83f0-7c58c3ea9e3c",
        "Start Frame": 600,
        "End Frame": 720,
        "Caption": "#C C cuts the butter into pieces; #C C cuts the egg with a; #C C cuts the piece of the; #C C cuts the eggs into pieces; #C C  cuts the egg"
    },
    {
        "Video Name": "115043bb-d484-4977-83f0-7c58c3ea9e3c",
        "Start Frame": 720,
        "End Frame": 840,
        "Caption": "#C C cuts the butter with the; #C C cuts the butter with the; #C C cuts the butter into pieces; #C C slices the butter with the; #C C cuts the butter with the"
    },
    {
        "Video Name": "115043bb-d484-4977-83f0-7c58c3ea9e3c",
        "Start Frame": 840,
        "End Frame": 960,
        "Caption": "#C C cuts the butter; #C C cuts the butter into pieces; #C C cuts the butter; #C C slices the butter into pieces; #C C cuts the butter with the"
    },
    {
        "Video Name": "115043bb-d484-4977-83f0-7c58c3ea9e3c",
        "Start Frame": 960,
        "End Frame": 1080,
        "Caption": "#C C cuts the fried egg with the; #C C cuts the egg into pieces; #C C slices the egg with the knife; #C C chops the butter; #C C cuts the egg"
    },
    {
        "Video Name": "115043bb-d484-4977-83f0-7c58c3ea9e3c",
        "Start Frame": 1080,
        "End Frame": 1200,
        "Caption": "#C C slices the egg with the knife ; #C C cuts the egg with the knife; #C C cuts the fried eggs with the knife; #C C cuts the egg on the tray with the; #C C cuts the butter with the knife"
    },
    {
        "Video Name": "115043bb-d484-4977-83f0-7c58c3ea9e3c",
        "Start Frame": 1200,
        "End Frame": 1320,
        "Caption": "#C C cuts the cassava with the knife; #C C cuts the egg into two halves; #C C chops the yam into pieces on the cutting board with the; #C C cuts the pieces of egg with the knife; #C C cuts the egg with the knife"
    },
    {
        "Video Name": "115043bb-d484-4977-83f0-7c58c3ea9e3c",
        "Start Frame": 1320,
        "End Frame": 1440,
        "Caption": "#C C cuts the fried egg with the knife; #C C cuts the egg with the knife; #C C cuts the food; #C C cuts the piece of bacon with the knife; #C C cuts the pieces of chicken with the knife"
    },
    {
        "Video Name": "115043bb-d484-4977-83f0-7c58c3ea9e3c",
        "Start Frame": 1440,
        "End Frame": 1560,
        "Caption": "#C C chops the egg; #C C cuts the egg with a knife; #C C cuts the egg with a knife; #C C cuts the egg into pieces ; #C C cuts the egg"
    },
    {
        "Video Name": "115043bb-d484-4977-83f0-7c58c3ea9e3c",
        "Start Frame": 1560,
        "End Frame": 1680,
        "Caption": "#C C drops the knife on the chopping board; #C C picks the knife from the cutting board; #C C cuts the butter; #C C moves the pieces of butter to the chopping; #C C moves the knife"
    },
    {
        "Video Name": "115043bb-d484-4977-83f0-7c58c3ea9e3c",
        "Start Frame": 1680,
        "End Frame": 1800,
        "Caption": "#C C turns on the tap; #C C opens the tap; #C C turns off the tap; #C C rinses the; #C C opens the tap"
    },
    {
        "Video Name": "115043bb-d484-4977-83f0-7c58c3ea9e3c",
        "Start Frame": 1800,
        "End Frame": 1920,
        "Caption": "#C C picks chop sticks; #C C takes the chopsticks from the top of the fry; #C C picks chopsticks from the sieve with her right; #C C picks the chop sticks ; #C C picks up the chopsticks on the plate on the"
    },
    {
        "Video Name": "115043bb-d484-4977-83f0-7c58c3ea9e3c",
        "Start Frame": 1920,
        "End Frame": 2040,
        "Caption": "#C C drops the chopsticks on the cabinet; #C C drops the chopsticks on the kitchen; #C C drops the chopsticks on the kitchen; #C C closes the drawer; #C C drops the chopsticks on the kitchen"
    },
    {
        "Video Name": "115043bb-d484-4977-83f0-7c58c3ea9e3c",
        "Start Frame": 2040,
        "End Frame": 2160,
        "Caption": "#C C puts the packed food in the fridge; #C C puts the packet in the fridge; #C C puts the food pack in the fridge; #C C puts the packet in the fridge; #C C puts the food stuff in the fridge"
    },
    {
        "Video Name": "115043bb-d484-4977-83f0-7c58c3ea9e3c",
        "Start Frame": 2160,
        "End Frame": 2280,
        "Caption": "#C C closes the fridge; #C C closes the fridge; #C C closes the fridge; #C C closes the fridge; #C C closes the fridge"
    },
    {
        "Video Name": "115043bb-d484-4977-83f0-7c58c3ea9e3c",
        "Start Frame": 2280,
        "End Frame": 2400,
        "Caption": "#C C picks a container; #C C takes a plate from the counter; #C C picks the microwave dish; #C C picks the egg ; #C C picks the container on the table"
    },
    {
        "Video Name": "115043bb-d484-4977-83f0-7c58c3ea9e3c",
        "Start Frame": 2400,
        "End Frame": 2520,
        "Caption": "#C C presses microwave; #C C opens the microwave; #C C sets microwave; #C C operates the microwave; #C C  presses the microwave"
    },
    {
        "Video Name": "115043bb-d484-4977-83f0-7c58c3ea9e3c",
        "Start Frame": 2520,
        "End Frame": 2640,
        "Caption": "#C C opens the cooker; #C C opens a fridge; #C C closes the drawer; #C C closes the microwave; #C C closes the drawer"
    },
    {
        "Video Name": "115043bb-d484-4977-83f0-7c58c3ea9e3c",
        "Start Frame": 2640,
        "End Frame": 2760,
        "Caption": "#C C puts the pot into the; #C C closes the drawer; #C C closes the drawer; #C C picks a pot from the; #C C opens the cabinet"
    },
    {
        "Video Name": "115043bb-d484-4977-83f0-7c58c3ea9e3c",
        "Start Frame": 2760,
        "End Frame": 2880,
        "Caption": "#C C picks plates; #C C picks plates from the cupboard; #C C moves plates in the cabinet; #C C picks plates; #C C picks plates"
    },
    {
        "Video Name": "115043bb-d484-4977-83f0-7c58c3ea9e3c",
        "Start Frame": 2880,
        "End Frame": 3000,
        "Caption": "#C C takes the plate from the; #C C picks the plate; #C C picks up the bowl; #C C picks a bowl from the; #C C picks the plate from the"
    },
    {
        "Video Name": "115043bb-d484-4977-83f0-7c58c3ea9e3c",
        "Start Frame": 3000,
        "End Frame": 3120,
        "Caption": "#C C drops the pot cover on the; #C C drops the plate on the kitchen; #C C removes the plate from the kitchen; #C C picks the lid; #C C places the plate on the counter"
    },
    {
        "Video Name": "115043bb-d484-4977-83f0-7c58c3ea9e3c",
        "Start Frame": 3120,
        "End Frame": 3240,
        "Caption": "#C C pours the noodles inside the bowl in the sink; #C C pours the noodles in the pot into the sieve; #C C pours the noodles into the frying pan; #C C pours the noodles in the frypan in the sink; #C C pours the rice in the bowl into the pot on the"
    },
    {
        "Video Name": "115043bb-d484-4977-83f0-7c58c3ea9e3c",
        "Start Frame": 3240,
        "End Frame": 3360,
        "Caption": "#C C closes the tap; #C C closes the water; #C C turns off the; #C C turns off the; #C C opens the tap"
    },
    {
        "Video Name": "115043bb-d484-4977-83f0-7c58c3ea9e3c",
        "Start Frame": 3360,
        "End Frame": 3480,
        "Caption": "#C C pours water in the sink; #C C pours water in the pan; #C C pours water in the sink ; #C C pours the water from the pan into the; #C C closes the tap"
    },
    {
        "Video Name": "115043bb-d484-4977-83f0-7c58c3ea9e3c",
        "Start Frame": 3480,
        "End Frame": 3600,
        "Caption": "#C C places the colander in the; #C C drops the sieve in the; #C C puts the colander in the; #C C puts off the tap; #C C drops the sieve in the"
    },
    {
        "Video Name": "115043bb-d484-4977-83f0-7c58c3ea9e3c",
        "Start Frame": 3600,
        "End Frame": 3720,
        "Caption": "#C C pours the pasta into the sieve in the sink; #C C pours the noodles in the sieve in the sink.; #C C pours the noodles in the sieve in her left hand into the sieve in her right; #C C pours the noodles in the sieve into the sieve with her left hand; #C C shakes the sieve"
    },
    {
        "Video Name": "115043bb-d484-4977-83f0-7c58c3ea9e3c",
        "Start Frame": 3720,
        "End Frame": 3840,
        "Caption": "#C C pours the noodles inside the sieve in the sink; #C C holds strainer bowl; #C C rinses the noodles in the sieve with her right; #C C pours the spaghetti into the sieve with her right hand; #C C carries the sieve"
    },
    {
        "Video Name": "115043bb-d484-4977-83f0-7c58c3ea9e3c",
        "Start Frame": 3840,
        "End Frame": 3960,
        "Caption": "#C C rinses the s; #C C rinses the pan; #C C rinses the s; #C C rinses the col; #C C rinses the noodles"
    },
    {
        "Video Name": "115043bb-d484-4977-83f0-7c58c3ea9e3c",
        "Start Frame": 3960,
        "End Frame": 4080,
        "Caption": "#C C washes the pasta in the s; #C C washes the pasta with water; #C C washes the rice; #C C washes the rice; #C C rinses the rice in the"
    },
    {
        "Video Name": "115043bb-d484-4977-83f0-7c58c3ea9e3c",
        "Start Frame": 4080,
        "End Frame": 4200,
        "Caption": "#C C drops the colander in the sink; #C C drops the fry pan in the sink.; #C C puts the colander in the sink; #C C drops the sieve into the sink with her right; #C C puts the colander in the sink"
    },
    {
        "Video Name": "115043bb-d484-4977-83f0-7c58c3ea9e3c",
        "Start Frame": 4200,
        "End Frame": 4320,
        "Caption": "#C C drops the towel in the sink; #C C dries hands; #C C cleans her hands with the towel; #C C cleans hands ; #C C drops the cloth in the sink with her right"
    },
    {
        "Video Name": "115043bb-d484-4977-83f0-7c58c3ea9e3c",
        "Start Frame": 4320,
        "End Frame": 4440,
        "Caption": "#C C opens the fridge; #C C opens the fridge.; #C C opens fridge; #C C opens the fridge; #C C opens fridge"
    },
    {
        "Video Name": "115043bb-d484-4977-83f0-7c58c3ea9e3c",
        "Start Frame": 4440,
        "End Frame": 4560,
        "Caption": "#C C washes her; #C C washes the; #C C washes hands; #C C rinses; #C C washes the"
    },
    {
        "Video Name": "115043bb-d484-4977-83f0-7c58c3ea9e3c",
        "Start Frame": 4560,
        "End Frame": 4680,
        "Caption": "#C C walks to the fridge; #C C walks around; #C C walks in the kitchen; #C C walks to the fridge; #C C walks around the kitchen"
    },
    {
        "Video Name": "115043bb-d484-4977-83f0-7c58c3ea9e3c",
        "Start Frame": 4680,
        "End Frame": 4800,
        "Caption": "#C C picks a plate of rice; #C C picks up the dish; #C C picks a plastic container on the; #C C picks a container; #C C picks a container "
    },
    {
        "Video Name": "115043bb-d484-4977-83f0-7c58c3ea9e3c",
        "Start Frame": 4800,
        "End Frame": 4920,
        "Caption": "#C C drops the cup on the; #C C turns off the kitchen tap; #C C turns off the tap; #C C puts the container on the; #C C puts the container down"
    },
    {
        "Video Name": "115043bb-d484-4977-83f0-7c58c3ea9e3c",
        "Start Frame": 4920,
        "End Frame": 5040,
        "Caption": "#C C drops the pasta in the bin; #C C washes hands; #C C Puts down pasta in a bowl; #C C puts pasta in the sink ; #C C picks up a sieve from the"
    },
    {
        "Video Name": "115043bb-d484-4977-83f0-7c58c3ea9e3c",
        "Start Frame": 5040,
        "End Frame": 5160,
        "Caption": "#C C takes a towel from the rack; #C C takes a towel; #C C picks a kitchen cloth; #C C picks a sieve from the; #C C puts the spoons on the"
    },
    {
        "Video Name": "115043bb-d484-4977-83f0-7c58c3ea9e3c",
        "Start Frame": 5160,
        "End Frame": 5280,
        "Caption": "#C C picks a glass; #C C puts the glass in the; #C C picks up the glass; #C C picks a glass; #C C picks up a glass"
    },
    {
        "Video Name": "115043bb-d484-4977-83f0-7c58c3ea9e3c",
        "Start Frame": 5280,
        "End Frame": 5400,
        "Caption": "#C C places the glass of ice cubes in the; #C C picks the glass; #C C closes the drawer; #C C puts the cup into the fridge; #C C   closes the fridge"
    }
]