[
    {
        "Video Name": "11b14ad7-4dbe-4b99-8542-602c3ef9ee67",
        "Start Frame": 0,
        "End Frame": 120,
        "Caption": "#O A man X gestures at; #O A man X looks at; #C C converses with man; #C C looks at Y; #O A man X gestures at"
    },
    {
        "Video Name": "11b14ad7-4dbe-4b99-8542-602c3ef9ee67",
        "Start Frame": 120,
        "End Frame": 240,
        "Caption": "#C C scoops putty; #C C picks up the paint on the paint tray.; #c c rubs brush on paint; #C C scoops putty on the putty tray; #C C scoops putty"
    },
    {
        "Video Name": "11b14ad7-4dbe-4b99-8542-602c3ef9ee67",
        "Start Frame": 240,
        "End Frame": 360,
        "Caption": "#C C scoops the putty from the jar with the scraper; #c c scoups the paint from the paint tray; #c c rubs brush on paint; #c c dips the paint brush to the paint can\n; #C C scoops the putty on the putty tray with the scra"
    },
    {
        "Video Name": "11b14ad7-4dbe-4b99-8542-602c3ef9ee67",
        "Start Frame": 360,
        "End Frame": 480,
        "Caption": "#C C interacts with man X; #O A man X walks around the room; #C C looks around the room; #O O  walks in the room; #C C stares at a man X"
    },
    {
        "Video Name": "11b14ad7-4dbe-4b99-8542-602c3ef9ee67",
        "Start Frame": 480,
        "End Frame": 600,
        "Caption": "#O A man X stands on the; #C C interacts with X; #C C looks at X; #C C looks at X; #C C stares at the wall"
    },
    {
        "Video Name": "11b14ad7-4dbe-4b99-8542-602c3ef9ee67",
        "Start Frame": 600,
        "End Frame": 720,
        "Caption": "#C C looks around the room; #C C looks at the ceiling ; #O A man X walks towards the; #C C looks around; #C C looks at a man X"
    },
    {
        "Video Name": "11b14ad7-4dbe-4b99-8542-602c3ef9ee67",
        "Start Frame": 720,
        "End Frame": 840,
        "Caption": "#O a man X walks around the; #C C looks at the paint brush; #O a man X walks around the; #C C looks at the ceiling; #C C interacts with X"
    },
    {
        "Video Name": "11b14ad7-4dbe-4b99-8542-602c3ef9ee67",
        "Start Frame": 840,
        "End Frame": 960,
        "Caption": "#C C takes the brush; #O A man X walks around the; #O a man X walks towards the; #O man X walks in the room; #O A man X walks on the"
    },
    {
        "Video Name": "11b14ad7-4dbe-4b99-8542-602c3ef9ee67",
        "Start Frame": 960,
        "End Frame": 1080,
        "Caption": "#C C paints the wall; #c c paints the wall with a paint brush; #c c paints the wall with a paint brush\n; #C C spreads putty on the ceiling with the scra; #C C applies the putty on the ceiling"
    },
    {
        "Video Name": "11b14ad7-4dbe-4b99-8542-602c3ef9ee67",
        "Start Frame": 1080,
        "End Frame": 1200,
        "Caption": "#c c paints the wall with a paint brush; #c c paints the wall with a paint brush\n; #C C spreads putty on the ceiling with the scra; #C C applies putty on the ceiling with the scra; #C C applies the putty on the ceiling"
    },
    {
        "Video Name": "11b14ad7-4dbe-4b99-8542-602c3ef9ee67",
        "Start Frame": 1200,
        "End Frame": 1320,
        "Caption": "#C C spreads putty on the ceiling; #C C applies the putty on the; #C C applies the putty on the; #C C paints the wall; #C C spreads putty on the ceiling"
    },
    {
        "Video Name": "11b14ad7-4dbe-4b99-8542-602c3ef9ee67",
        "Start Frame": 1320,
        "End Frame": 1440,
        "Caption": "#c c rubs brush on paint; #C C scoops putty with the scraper on the putty tray; #C C scoops wall putty; #c c rubs brush on paint; #C C scoops paint on the paint tray."
    },
    {
        "Video Name": "11b14ad7-4dbe-4b99-8542-602c3ef9ee67",
        "Start Frame": 1440,
        "End Frame": 1560,
        "Caption": "#C C applies the putty on the wall; #C C applies putty on the ceiling with the putty; #C C spreads putty on the ceiling; #C C applies the putty on the ceiling; #C C applies the putty on the ceiling"
    },
    {
        "Video Name": "11b14ad7-4dbe-4b99-8542-602c3ef9ee67",
        "Start Frame": 1560,
        "End Frame": 1680,
        "Caption": "#c c reduces paint from the paint brush; #C C rubs the taping knife on the wall; #c c rubs brush on paint; #C C scoops paint on the paint tray.; #c c rubs brush on paint"
    },
    {
        "Video Name": "11b14ad7-4dbe-4b99-8542-602c3ef9ee67",
        "Start Frame": 1680,
        "End Frame": 1800,
        "Caption": "#c c paints the wall with a paint brush; #C C applies putty on the ceiling; #C C applies putty on the ceiling; #C C plasters the ceiling horizontally ; #C C applies putty on the ceiling with the scra"
    },
    {
        "Video Name": "11b14ad7-4dbe-4b99-8542-602c3ef9ee67",
        "Start Frame": 1800,
        "End Frame": 1920,
        "Caption": "#C C applies the putty on the ceiling; #C C applies the putty on the wall; #C C spreads putty on the ceiling with the scra; #C C paints the wall; #C C applies the putty on the ceiling"
    },
    {
        "Video Name": "11b14ad7-4dbe-4b99-8542-602c3ef9ee67",
        "Start Frame": 1920,
        "End Frame": 2040,
        "Caption": "#C C applies putty on the ceiling with the putty; #C C paints the wall; #c c paints the wall with a paint brush\n; #c c paints the wall with a paint brush\n; #C C paints the wall with the paint brush"
    },
    {
        "Video Name": "11b14ad7-4dbe-4b99-8542-602c3ef9ee67",
        "Start Frame": 2040,
        "End Frame": 2160,
        "Caption": "#C C looks around the room; #C C looks around the room; #c c rubs the scraper on the paint; #c c removes the paint brush from the paint can; #C C stares at the paint on the paint tray"
    },
    {
        "Video Name": "11b14ad7-4dbe-4b99-8542-602c3ef9ee67",
        "Start Frame": 2160,
        "End Frame": 2280,
        "Caption": "#C C climbs the ladder; #C C climbs the ladder; #C C climbs up the; #C C climbs the ladder; #C C looks around the"
    },
    {
        "Video Name": "11b14ad7-4dbe-4b99-8542-602c3ef9ee67",
        "Start Frame": 2280,
        "End Frame": 2400,
        "Caption": "#C C scoops the joint compound; #c c dips a paint brush in the paint can\n; #C C picks up the paint on the paint tray.; #C C dips the paint brush in the paint can ; #C C picks up the paint on the paint tray."
    },
    {
        "Video Name": "11b14ad7-4dbe-4b99-8542-602c3ef9ee67",
        "Start Frame": 2400,
        "End Frame": 2520,
        "Caption": "#C C spreads putty on the ceiling with the scra; #C C spreads putty on the ceiling with the scra; #C C applies the putty on the ceiling; #C C spreads putty on the ceiling with the scra; #C C spreads putty on the ceiling with the scra"
    },
    {
        "Video Name": "11b14ad7-4dbe-4b99-8542-602c3ef9ee67",
        "Start Frame": 2520,
        "End Frame": 2640,
        "Caption": "#C C plasters the ceiling in reverse horizontal  motion; #C C spreads putty on the ceiling with the scraper; #C C scoops the putty on the putty tray; #C C scoops the wall putty; #C C applies the paint on the wall."
    },
    {
        "Video Name": "11b14ad7-4dbe-4b99-8542-602c3ef9ee67",
        "Start Frame": 2640,
        "End Frame": 2760,
        "Caption": "#C C applies the paint on the wall.; #C C spreads the filer in the ceiling ; #C C spreads putty on the ceiling with the scra; #C C applies the filler to the ceiling.; #C C spreads putty on the ceiling with the scra"
    },
    {
        "Video Name": "11b14ad7-4dbe-4b99-8542-602c3ef9ee67",
        "Start Frame": 2760,
        "End Frame": 2880,
        "Caption": "#C C scoops the joint compound; #C C scrapes off excess putty on the putty tray.; #C C scrapes off excess putty on the putty tray.; #C C applies the filler on the wall; #C C scoops the joint compound"
    },
    {
        "Video Name": "11b14ad7-4dbe-4b99-8542-602c3ef9ee67",
        "Start Frame": 2880,
        "End Frame": 3000,
        "Caption": "#C C applies the paint on the wall; #C C applies the paint on the wall; #C C applies the paint on the wall; #C C applies the paint on the wall; #C C applies the paint on the wall"
    },
    {
        "Video Name": "11b14ad7-4dbe-4b99-8542-602c3ef9ee67",
        "Start Frame": 3000,
        "End Frame": 3120,
        "Caption": "#C C spreads putty on the ceiling with the scra; #C C spreads putty on the ceiling with the scra; #C C applies the paint on the wall.; #C C applies the putty on the ceiling; #C C applies wall putty on the wall"
    },
    {
        "Video Name": "11b14ad7-4dbe-4b99-8542-602c3ef9ee67",
        "Start Frame": 3120,
        "End Frame": 3240,
        "Caption": "#C C applies the paint on the ceiling; #C C applies the paint on the ceiling; #C C applies the putty on the; #C C plasters the ceiling horizontally; #C C applies the paint on the ceiling"
    },
    {
        "Video Name": "11b14ad7-4dbe-4b99-8542-602c3ef9ee67",
        "Start Frame": 3240,
        "End Frame": 3360,
        "Caption": "#C C removes the ceiling filler from the ceiling; #C C applies the filler on the ceiling ; #C C applies the filler to the ceiling ; #C C applies the paint on the ceiling.; #C C scrapes off excess putty from the scraper on the paint tray"
    },
    {
        "Video Name": "11b14ad7-4dbe-4b99-8542-602c3ef9ee67",
        "Start Frame": 3360,
        "End Frame": 3480,
        "Caption": "#C C climbs the ladder; #C C picks up the ladder; #C C picks up the ladder; #C C climbs the ladder; #C C moves the ladder"
    },
    {
        "Video Name": "11b14ad7-4dbe-4b99-8542-602c3ef9ee67",
        "Start Frame": 3480,
        "End Frame": 3600,
        "Caption": "#C C dips the paint brush into the paint tray. ; #C C scoops paint from the paint tray.; #C C scoops the putty on the container with the scra; #c c dips a paint brush in the paint can\n; #C C scoops the joint compound"
    },
    {
        "Video Name": "11b14ad7-4dbe-4b99-8542-602c3ef9ee67",
        "Start Frame": 3600,
        "End Frame": 3720,
        "Caption": "#C C plasters the ceiling vertically ; #C C plasters the ceiling horizontally ; #C C plasters the ceiling vertically ; #C C paints the ceiling; #C C spreads putty on the ceiling with the scra"
    },
    {
        "Video Name": "11b14ad7-4dbe-4b99-8542-602c3ef9ee67",
        "Start Frame": 3720,
        "End Frame": 3840,
        "Caption": "#C C spreads putty on the ceiling with the scra; #C C spreads putty on the ceiling with the scra; #C C applies the paint on the wall; #C C applies the paint on the wall.; #C C spreads putty on the ceiling with the scra"
    },
    {
        "Video Name": "11b14ad7-4dbe-4b99-8542-602c3ef9ee67",
        "Start Frame": 3840,
        "End Frame": 3960,
        "Caption": "#C C plasters the ceiling in reverse horizontally ; #C C applies the filler to the wall.; #C C picks paint from the paint tray.; #C C applies the paint on the wall.; #C C picks up the paint on the paint tray."
    },
    {
        "Video Name": "11b14ad7-4dbe-4b99-8542-602c3ef9ee67",
        "Start Frame": 3960,
        "End Frame": 4080,
        "Caption": "#C C plasters the ceiling vertically ; #C C paints the wall using a form paint brush; #C C paints the wall with a paint brush; #C C paints the wall with a paint brush; #C C applies the paint on the wall "
    },
    {
        "Video Name": "11b14ad7-4dbe-4b99-8542-602c3ef9ee67",
        "Start Frame": 4080,
        "End Frame": 4200,
        "Caption": "#C C plasters reverse horizontal ; #C C applies the paint on the ceiling.; #C C plasters the ceiling vertically ; #C C plasters the ceiling in reverse horizontally; #C C plasters the ceiling horizontally "
    },
    {
        "Video Name": "11b14ad7-4dbe-4b99-8542-602c3ef9ee67",
        "Start Frame": 4200,
        "End Frame": 4320,
        "Caption": "#C C applies the paint on the wall; #C C applies the paint on the wall; #C C applies the paint on the wall; #C C applies the paint on the wall; #C C applies the paint on the wall"
    },
    {
        "Video Name": "11b14ad7-4dbe-4b99-8542-602c3ef9ee67",
        "Start Frame": 4320,
        "End Frame": 4440,
        "Caption": "#C C applies the paint on the ceiling ; #C C spreads putty on the ceiling with the scra; #C C spreads putty on the ceiling with the scra; #C C applies the paint on the ceiling ; #C C plasters the ceiling vertically "
    },
    {
        "Video Name": "11b14ad7-4dbe-4b99-8542-602c3ef9ee67",
        "Start Frame": 4440,
        "End Frame": 4560,
        "Caption": "#C C walks around the room; #C C walks around the room; #C C walks around the house; #C C walks on the floor; #C C walks around the house"
    },
    {
        "Video Name": "11b14ad7-4dbe-4b99-8542-602c3ef9ee67",
        "Start Frame": 4560,
        "End Frame": 4680,
        "Caption": "#C C walks around; #C C walks around the house; #C C walks around the room; #C C walks towards the stairs; #C C walks out of the"
    },
    {
        "Video Name": "11b14ad7-4dbe-4b99-8542-602c3ef9ee67",
        "Start Frame": 4680,
        "End Frame": 4800,
        "Caption": "#C C walks to another room; #C C walks to the room; #C C walks to the ladder; #C C walks in the room; #C C walks away from the"
    },
    {
        "Video Name": "11b14ad7-4dbe-4b99-8542-602c3ef9ee67",
        "Start Frame": 4800,
        "End Frame": 4920,
        "Caption": "#C C paints the ceiling; #C C applies the paint on the ceiling; #C C applies the filler on the ceiling; #C C applies the paint on the wall; #C C applies the putty on the"
    },
    {
        "Video Name": "11b14ad7-4dbe-4b99-8542-602c3ef9ee67",
        "Start Frame": 4920,
        "End Frame": 5040,
        "Caption": "#C C scoops paint on the paint tray.; #C C collects the paint on the paint tray.; #c c rubs brush on paint; #C C picks a paint from the paint tray.; #C C collects the paint on the paint tray."
    },
    {
        "Video Name": "11b14ad7-4dbe-4b99-8542-602c3ef9ee67",
        "Start Frame": 5040,
        "End Frame": 5160,
        "Caption": "#C C applies the putty on the ceiling; #C C applies the paint on the ceiling ; #C C spreads putty on the ceiling with the scra; #C C applies the paint on the ceiling ; #C C plasters ceiling vertically "
    },
    {
        "Video Name": "11b14ad7-4dbe-4b99-8542-602c3ef9ee67",
        "Start Frame": 5160,
        "End Frame": 5280,
        "Caption": "#C C smoothens the ceiling with the scraper; #C C applies the paint on the ceiling ; #C C applies the putty on the ceiling; #C C applies the paint on the ceiling ; #C C applies the paint on the wall "
    },
    {
        "Video Name": "11b14ad7-4dbe-4b99-8542-602c3ef9ee67",
        "Start Frame": 5280,
        "End Frame": 5400,
        "Caption": "#C C scrapes off excess putty on the putty knife on the container; #C C scrapes off excess putty from the scraper on the container's edge; #C C scrapes off excess putty on the putty knife on the container's; #C C stares at the paint; #C C scrapes off excess putty on the putty knife on the container"
    }
]