[
    {
        "Video Name": "11b82925-34e9-42ee-ace7-a1ccf1ed9617",
        "Start Frame": 0,
        "End Frame": 120,
        "Caption": "#C C puts nails on the wood ; #C C puts nails on the wood; #c c puts a nail on the wood; #C C removes drill bit from the wood; #C C inserts nail on the wood"
    },
    {
        "Video Name": "11b82925-34e9-42ee-ace7-a1ccf1ed9617",
        "Start Frame": 120,
        "End Frame": 240,
        "Caption": "# C C puts machine down ; #C C holds wood with the right; #C C looks at the wood ; #c c drills a hole on the; #C C holds wood "
    },
    {
        "Video Name": "11b82925-34e9-42ee-ace7-a1ccf1ed9617",
        "Start Frame": 240,
        "End Frame": 360,
        "Caption": "#C C inserts nails in the wood; #C C inserts nails in a hole; #C C inserts nail in the wood; #C C puts nails in the wood; #C C puts nail on the wood"
    },
    {
        "Video Name": "11b82925-34e9-42ee-ace7-a1ccf1ed9617",
        "Start Frame": 360,
        "End Frame": 480,
        "Caption": "#C C drives nails into the wood ; #c c drills the wood with the drill; #c c drills in the nail; #C C drills a screw in the wood; #C C drills the wood "
    },
    {
        "Video Name": "11b82925-34e9-42ee-ace7-a1ccf1ed9617",
        "Start Frame": 480,
        "End Frame": 600,
        "Caption": "#C C wipes the wood ; #C C puts nails on the wood; #C C touches wood; #C C places drill on the wood; #C C puts the drill down"
    },
    {
        "Video Name": "11b82925-34e9-42ee-ace7-a1ccf1ed9617",
        "Start Frame": 600,
        "End Frame": 720,
        "Caption": "#C C holds wood with the left hand; #C C looks around; #C C touches woody; #C C puts hand on timber; #C C touches the wood "
    },
    {
        "Video Name": "11b82925-34e9-42ee-ace7-a1ccf1ed9617",
        "Start Frame": 720,
        "End Frame": 840,
        "Caption": "#C C touches the lumber; #C C puts the measuring tape in the; #C C picks a tape measure; #C C takes a pencil from his pocket; #C C picks the pencil"
    },
    {
        "Video Name": "11b82925-34e9-42ee-ace7-a1ccf1ed9617",
        "Start Frame": 840,
        "End Frame": 960,
        "Caption": "#C C measures the wood ; #c c measures the wood; #c c measures the wood using a tape; #C C measures the wood ; #C C measures wood "
    },
    {
        "Video Name": "11b82925-34e9-42ee-ace7-a1ccf1ed9617",
        "Start Frame": 960,
        "End Frame": 1080,
        "Caption": "#C C holds tape with the right hand; #C C measures the lumber; #C C measures wood; #C C measures wood with tape measure; #C C measures the wood "
    },
    {
        "Video Name": "11b82925-34e9-42ee-ace7-a1ccf1ed9617",
        "Start Frame": 1080,
        "End Frame": 1200,
        "Caption": "#C C pulls tape from the pocket; #C C measures woody; #C C removes tape measure from the wood; #C C holds tape measure with both hands; #C C measures wood with tape measure"
    },
    {
        "Video Name": "11b82925-34e9-42ee-ace7-a1ccf1ed9617",
        "Start Frame": 1200,
        "End Frame": 1320,
        "Caption": "#C C holds the tape; #C C adjusts the tape; #C C takes the tape; #C C picks a tape; #C C takes the tape"
    },
    {
        "Video Name": "11b82925-34e9-42ee-ace7-a1ccf1ed9617",
        "Start Frame": 1320,
        "End Frame": 1440,
        "Caption": "#C C puts the tape measure on the; #C C measures the wood with the tape; #C C removes tape measure from the pocket; #C C puts the tape measure on the; #C C measures the wood."
    },
    {
        "Video Name": "11b82925-34e9-42ee-ace7-a1ccf1ed9617",
        "Start Frame": 1440,
        "End Frame": 1560,
        "Caption": "#C C picks a ladder ; #C C picks up the ladder; #C C gets off the ladder; #C C picks up the ladder; #C C drops the tool"
    },
    {
        "Video Name": "11b82925-34e9-42ee-ace7-a1ccf1ed9617",
        "Start Frame": 1560,
        "End Frame": 1680,
        "Caption": "#C C goes down the ladder; #C C climbs down the ladder; #C C climbs the ladder; #C C  climbs down the; #C C climbs up the ladder"
    },
    {
        "Video Name": "11b82925-34e9-42ee-ace7-a1ccf1ed9617",
        "Start Frame": 1680,
        "End Frame": 1800,
        "Caption": "#C C measures the wood; #C C measures wood; #C C marks the wood; #C C measures the wood; #C C marks the wood"
    },
    {
        "Video Name": "11b82925-34e9-42ee-ace7-a1ccf1ed9617",
        "Start Frame": 1800,
        "End Frame": 1920,
        "Caption": "#c c picks ruler; #C C places ruler on the; #c c picks a ruler; #C C holds a ruler; #C C picks the angle ruler"
    },
    {
        "Video Name": "11b82925-34e9-42ee-ace7-a1ccf1ed9617",
        "Start Frame": 1920,
        "End Frame": 2040,
        "Caption": "#C C measures wood; #C C measures the wood with the square; #C C removes the ruler on the wood; #C C marks the wood; #C C picks a ruler"
    },
    {
        "Video Name": "11b82925-34e9-42ee-ace7-a1ccf1ed9617",
        "Start Frame": 2040,
        "End Frame": 2160,
        "Caption": "#C C picks the ruler; #C C picks the square; #C C picks up the; #C C moves square ruler; #c c picks a ruler"
    },
    {
        "Video Name": "11b82925-34e9-42ee-ace7-a1ccf1ed9617",
        "Start Frame": 2160,
        "End Frame": 2280,
        "Caption": "#C C picks a pencil ; #c c picks a pen from the; #C C puts the pen in the; #C C takes the tape measure; #C C picks the tape measure"
    },
    {
        "Video Name": "11b82925-34e9-42ee-ace7-a1ccf1ed9617",
        "Start Frame": 2280,
        "End Frame": 2400,
        "Caption": "#C C picks the wood cutting machine; #C C picks a cordless circular saw from the; #c c picks a circular saw; #C C picks a wood cutter; #C C picks a wood cutter"
    },
    {
        "Video Name": "11b82925-34e9-42ee-ace7-a1ccf1ed9617",
        "Start Frame": 2400,
        "End Frame": 2520,
        "Caption": "#C C cuts the wood ; #C C cuts the wood with the  circular; #C C cuts the wood; #C C holds the machine; #C C cuts the wood"
    },
    {
        "Video Name": "11b82925-34e9-42ee-ace7-a1ccf1ed9617",
        "Start Frame": 2520,
        "End Frame": 2640,
        "Caption": "#C C cuts the wood with the woodcutter; #C C cuts the wood with the saw; #C C cuts the wood; #C C cuts the wood with the wood cutter; #C C cuts the wood"
    },
    {
        "Video Name": "11b82925-34e9-42ee-ace7-a1ccf1ed9617",
        "Start Frame": 2640,
        "End Frame": 2760,
        "Caption": "#C C cuts the wood ; #C C cuts the wood with the circular saw; #C C cuts the wood with the circular saw; #C C cuts the wood; #C C cuts the wood with the wood cutter"
    },
    {
        "Video Name": "11b82925-34e9-42ee-ace7-a1ccf1ed9617",
        "Start Frame": 2760,
        "End Frame": 2880,
        "Caption": "#C C cuts the piece of wood with the circular saw; #C C cuts the wood ; #C C cuts the piece of wood with the circular saw; #C C cuts the wood ; #C C cuts the wood "
    },
    {
        "Video Name": "11b82925-34e9-42ee-ace7-a1ccf1ed9617",
        "Start Frame": 2880,
        "End Frame": 3000,
        "Caption": "#C C cuts the wood ; #C C cuts the wood ; #C C cuts wood; #C C cuts the wood with the miter; #C C cuts the wood "
    },
    {
        "Video Name": "11b82925-34e9-42ee-ace7-a1ccf1ed9617",
        "Start Frame": 3000,
        "End Frame": 3120,
        "Caption": "#C C cuts the wood; #C C cuts the wood; #C C cuts the wood; #C C cuts the wood; #C C cuts wood"
    },
    {
        "Video Name": "11b82925-34e9-42ee-ace7-a1ccf1ed9617",
        "Start Frame": 3120,
        "End Frame": 3240,
        "Caption": "#C C puts wood down; #C C puts wood down ; #C C puts the wood down; #C C looks around; #C C puts saw on the"
    },
    {
        "Video Name": "11b82925-34e9-42ee-ace7-a1ccf1ed9617",
        "Start Frame": 3240,
        "End Frame": 3360,
        "Caption": "#C C holds the ladder; #C C holds ladder; #C C moves the ladder; #C C adjusts the ladder; #C C lowers hand"
    },
    {
        "Video Name": "11b82925-34e9-42ee-ace7-a1ccf1ed9617",
        "Start Frame": 3360,
        "End Frame": 3480,
        "Caption": "#C C puts ladder down; #C C moves ladder; #C C climbs up the ladder; #C C moves the ladder; #C C puts ladder on the"
    },
    {
        "Video Name": "11b82925-34e9-42ee-ace7-a1ccf1ed9617",
        "Start Frame": 3480,
        "End Frame": 3600,
        "Caption": "#C C moves ladder; #C C moves the ladder; #C C puts the ladder; #C C moves ladder; #C C holds ladder"
    },
    {
        "Video Name": "11b82925-34e9-42ee-ace7-a1ccf1ed9617",
        "Start Frame": 3600,
        "End Frame": 3720,
        "Caption": "#C C picks measuring tape from the ground; #C C picks the tape measure; #C C picks a tape measure ; #C C picks tape measure; #C C picks tape measure"
    },
    {
        "Video Name": "11b82925-34e9-42ee-ace7-a1ccf1ed9617",
        "Start Frame": 3720,
        "End Frame": 3840,
        "Caption": "#C C climbs up the; #C C picks up ladder; #C C picks a ladder; #C C picks a ladder; #C C takes a ladder"
    },
    {
        "Video Name": "11b82925-34e9-42ee-ace7-a1ccf1ed9617",
        "Start Frame": 3840,
        "End Frame": 3960,
        "Caption": "#C C holds the wood; #C C looks around ; #C C picks the hammer from the woodwork with his right hand; #C C looks around ; #C C holds the ladder"
    },
    {
        "Video Name": "11b82925-34e9-42ee-ace7-a1ccf1ed9617",
        "Start Frame": 3960,
        "End Frame": 4080,
        "Caption": "#c c picks wood; #C C picks the wood ; #C C Picks the piece of wood; #C C takes the wood; #C C picks the wood from the piece of"
    },
    {
        "Video Name": "11b82925-34e9-42ee-ace7-a1ccf1ed9617",
        "Start Frame": 4080,
        "End Frame": 4200,
        "Caption": "#C C puts the drill on the; #C C puts drill down ; #C C picks drill machine from the; #C C puts the drill down ; #C C puts the drill down "
    },
    {
        "Video Name": "11b82925-34e9-42ee-ace7-a1ccf1ed9617",
        "Start Frame": 4200,
        "End Frame": 4320,
        "Caption": "#C C inserts nails on the wood; #C C removes the nails with the dr; #C C inserts drill bit in the wood; #C C drills the wood ; #C C drills the nail"
    },
    {
        "Video Name": "11b82925-34e9-42ee-ace7-a1ccf1ed9617",
        "Start Frame": 4320,
        "End Frame": 4440,
        "Caption": "#C C drills the wood; #C C drills the wood ; #C C drills a hole into the wood ; #C C drills the wood ; #C C fixes the drill bit into the wood"
    },
    {
        "Video Name": "11b82925-34e9-42ee-ace7-a1ccf1ed9617",
        "Start Frame": 4440,
        "End Frame": 4560,
        "Caption": "#C C picks the drill; #C C takes a cordless drill from the; #c c picks the ruler; #c c picks a cordless drill; #c c picks a drill gun"
    },
    {
        "Video Name": "11b82925-34e9-42ee-ace7-a1ccf1ed9617",
        "Start Frame": 4560,
        "End Frame": 4680,
        "Caption": "#C C adjusts the wood ; #c c holds the wood with the left; #c c marks the wood with a pencil; #C C puts the drill down; #C C holds wood with the right hand"
    },
    {
        "Video Name": "11b82925-34e9-42ee-ace7-a1ccf1ed9617",
        "Start Frame": 4680,
        "End Frame": 4800,
        "Caption": "#C C drills the wood ; #C C drills the wood ; #c c drills a hole on the wood with a drill; #C C drills the wood ; #C C drills the wood "
    },
    {
        "Video Name": "11b82925-34e9-42ee-ace7-a1ccf1ed9617",
        "Start Frame": 4800,
        "End Frame": 4920,
        "Caption": "#C C moves the drill ; #C C puts the drill on the wood; #c c puts the drill down; #C C holds the wood ; #C C puts the drill down"
    },
    {
        "Video Name": "11b82925-34e9-42ee-ace7-a1ccf1ed9617",
        "Start Frame": 4920,
        "End Frame": 5040,
        "Caption": "#C C touches his cloth ; #C C scratches the body; #C C puts the drill gun on the wood; #C C puts woodcutter on the wood; #C C touches the wood "
    },
    {
        "Video Name": "11b82925-34e9-42ee-ace7-a1ccf1ed9617",
        "Start Frame": 5040,
        "End Frame": 5160,
        "Caption": "#C C picks nails from the pocket; #c c picks a drill; #C C picks a screw from the; #C C picks drill bit on the; #C C picks a nail"
    },
    {
        "Video Name": "11b82925-34e9-42ee-ace7-a1ccf1ed9617",
        "Start Frame": 5160,
        "End Frame": 5280,
        "Caption": "#C C puts nails on the wood; #C C inserts nails in the wood; #C C puts nails in the hole; #C C puts nail in the hand; #C C picks nails from the pocket"
    },
    {
        "Video Name": "11b82925-34e9-42ee-ace7-a1ccf1ed9617",
        "Start Frame": 5280,
        "End Frame": 5400,
        "Caption": "#c c puts the nail on the; # C C inserts nail in wood ; #C C inserts nails; #C C inserts nails in the wood; #C C inserts nails in the wood"
    }
]