[
    {
        "Video Name": "11d69b8d-c612-478b-8c03-93fde49e8595",
        "Start Frame": 0,
        "End Frame": 120,
        "Caption": "#C C cuts threads from the piece of cloth with the scissors; #C C cuts threads from the piece of cloth.; #C C cuts threads from the piece of cloth with the scissors; #C C pulls out the thread from the piece of cloth with the seam r; #C C cuts the thread on the cloth with the scissors"
    },
    {
        "Video Name": "11d69b8d-c612-478b-8c03-93fde49e8595",
        "Start Frame": 120,
        "End Frame": 240,
        "Caption": "#C C cuts threads from the piece of cloth with the scissors; #C C removes threads from the piece of cloth with the seam ripper ; #C C cuts threads from the piece of cloth with the seam ripper ; #C C holds the cloth with his left hand; #C C removes the threads from the piece of cloth with the seam ripper"
    },
    {
        "Video Name": "11d69b8d-c612-478b-8c03-93fde49e8595",
        "Start Frame": 240,
        "End Frame": 360,
        "Caption": "#C C pins the piece of cloth with the pin in her right; #C C pierces the pieces of cloth with the pin; #C C cuts a thread from the piece of cloth with the scissors; #C C pins the cloth ; #C C adjusts the elastic strap with both hands."
    },
    {
        "Video Name": "11d69b8d-c612-478b-8c03-93fde49e8595",
        "Start Frame": 360,
        "End Frame": 480,
        "Caption": "#C C sews the piece of cloth with the sewing machine; #C C sews the piece of cloth with the sewing machine; #C C holds the piece of cloth with both hands ; #C C cuts a piece of thread from the piece of cloth; #C C sews the piece of cloth with the sewing machine"
    },
    {
        "Video Name": "11d69b8d-c612-478b-8c03-93fde49e8595",
        "Start Frame": 480,
        "End Frame": 600,
        "Caption": "#C C pulls the threads from the piece of cloth with her hand; #C C removes threads from the piece of cloth.; #C C cuts a thread from the piece of cloth with the scissors; #C C removes the pin from the piece of cloth ; #C C pulls a thread from the piece of cloth"
    },
    {
        "Video Name": "11d69b8d-c612-478b-8c03-93fde49e8595",
        "Start Frame": 600,
        "End Frame": 720,
        "Caption": "#C C tears the threads with the seam reaper ; #C C pierces the cloth with the pin; #C C pierces the piece of cloth with the seam ripper; #C C cuts off thread from the piece of cloth.; #C C pierces the piece of cloth with the seam ripper"
    },
    {
        "Video Name": "11d69b8d-c612-478b-8c03-93fde49e8595",
        "Start Frame": 720,
        "End Frame": 840,
        "Caption": "#C C removes threads from the piece of cloth with the seam ripper; #C C inserts the pin in the piece of cloth.; #C C pierces the cloth with the pin in her right hand; #C C pierces a needle through the pieces of cloths; #C C pierces the hem of the cloth with the pin"
    },
    {
        "Video Name": "11d69b8d-c612-478b-8c03-93fde49e8595",
        "Start Frame": 840,
        "End Frame": 960,
        "Caption": "#C C sews the pieces of cloths together; #C C  sews the piece of cloth ; #C C pins the piece of cloth with a pin; #C C holds the cloth with her hands; #C C joins the pieces of cloth together with the pin in her right"
    },
    {
        "Video Name": "11d69b8d-c612-478b-8c03-93fde49e8595",
        "Start Frame": 960,
        "End Frame": 1080,
        "Caption": "#C C pins the piece of cloth with the pin in her right; #C C pins the pieces of clothes together with the pin; #C C pins the cloth ; #C C removes the pin from the piece of cloth; #C C removes the threads from the piece of cloth with her hands"
    },
    {
        "Video Name": "11d69b8d-c612-478b-8c03-93fde49e8595",
        "Start Frame": 1080,
        "End Frame": 1200,
        "Caption": "#C C sews the piece of cloth with the sewing machine; #C C sews the piece of cloth with the sewing machine; #C C places the cloth on the sewing machine; #C C sews the piece of cloth.; #C C sews the cloth."
    },
    {
        "Video Name": "11d69b8d-c612-478b-8c03-93fde49e8595",
        "Start Frame": 1200,
        "End Frame": 1320,
        "Caption": "#C C cuts the thread with the scissors; #C C opens the face mask ; #C C pierces the cloth with the pin; #C C removes the pin from the cloth with her right; #C C pushes the pin through the piece of cloth "
    },
    {
        "Video Name": "11d69b8d-c612-478b-8c03-93fde49e8595",
        "Start Frame": 1320,
        "End Frame": 1440,
        "Caption": "#C C cuts a thread from the piece of cloth ; #C C cuts the threads; #C C cuts threads from the piece of cloth with the; #C C cuts off the thread; #C C holds the cloth"
    },
    {
        "Video Name": "11d69b8d-c612-478b-8c03-93fde49e8595",
        "Start Frame": 1440,
        "End Frame": 1560,
        "Caption": "#C C removes the elastic strap from the piece of cloth; #C C removes a pin from the piece of cloth ; #C C pulls the mask from the sewing machine ; #C C removes the face mask; #C C adjusts the edge of the piece of cloth with her hands"
    },
    {
        "Video Name": "11d69b8d-c612-478b-8c03-93fde49e8595",
        "Start Frame": 1560,
        "End Frame": 1680,
        "Caption": "#C C cuts off the thread from the cloth ; #C C  sews cloth with the machine; #C C cuts the thread; #C C cuts threads from the cloth; #C C cuts the thread on the cloth with the"
    },
    {
        "Video Name": "11d69b8d-c612-478b-8c03-93fde49e8595",
        "Start Frame": 1680,
        "End Frame": 1800,
        "Caption": "#C C places a piece of cloth on the table; #C C drops the pieces of cloth on the table; #C C removes the piece of cloth from the machine; #C C puts the cloth on the sewing machine; #C C removes the threads from the cloth with his"
    },
    {
        "Video Name": "11d69b8d-c612-478b-8c03-93fde49e8595",
        "Start Frame": 1800,
        "End Frame": 1920,
        "Caption": "#C C places the cloth on the sewing machine; #C C sews the cloth with the sewing machine ; #C C places the piece of cloth on the sewing machine; #C C sews the piece of cloth; #C C places the cloth on the sewing machine "
    },
    {
        "Video Name": "11d69b8d-c612-478b-8c03-93fde49e8595",
        "Start Frame": 1920,
        "End Frame": 2040,
        "Caption": "#C C touches the sew machine; #C C sets the machine; #C C sews a cloth; #C C stops sewing machine; #C C sews the cloth"
    },
    {
        "Video Name": "11d69b8d-c612-478b-8c03-93fde49e8595",
        "Start Frame": 2040,
        "End Frame": 2160,
        "Caption": "#C C sews the piece of cloth with the sewing; #C C adjusts the cloth with her hands ; #C C removes the cloth from the sewing machine; #C C sews the cloth ; #C C sews the cloth "
    },
    {
        "Video Name": "11d69b8d-c612-478b-8c03-93fde49e8595",
        "Start Frame": 2160,
        "End Frame": 2280,
        "Caption": "#C C sews the cloth ; #C C sews the cloth; #C C sews the cloth with the sewing machine; #C C sews a cloth; #C C puts the piece of cloth on the sewing"
    },
    {
        "Video Name": "11d69b8d-c612-478b-8c03-93fde49e8595",
        "Start Frame": 2280,
        "End Frame": 2400,
        "Caption": "#C C sews the cloth ; #C C sews the cloth ; #C C sews the piece of cloth.; #C C sews the cloth with the sewing; #C C sews the cloth "
    },
    {
        "Video Name": "11d69b8d-c612-478b-8c03-93fde49e8595",
        "Start Frame": 2400,
        "End Frame": 2520,
        "Caption": "#C C removes the thread from the cloth; #C C pushes the cloth through the needle plate ; #C C sews a cloth ; #C C  sews the cloth with the sewing; #C C removes the thread from the piece of cloth"
    },
    {
        "Video Name": "11d69b8d-c612-478b-8c03-93fde49e8595",
        "Start Frame": 2520,
        "End Frame": 2640,
        "Caption": "#C C adjusts the cloth on the sewing machine ; #C C removes a pin from the cloth with her left hand; #C C removes the bobbin from the machine ; #C C sews the cloth on the sewing machine; #C C places the bobbin on the bobbin winder with his left hand"
    },
    {
        "Video Name": "11d69b8d-c612-478b-8c03-93fde49e8595",
        "Start Frame": 2640,
        "End Frame": 2760,
        "Caption": "#C C sews the piece of cloth; #C C sews the cloth; #C C sews the piece of cloth ; #C C sews the cloth with the sewing; #C C sews the piece of cloth."
    },
    {
        "Video Name": "11d69b8d-c612-478b-8c03-93fde49e8595",
        "Start Frame": 2760,
        "End Frame": 2880,
        "Caption": "#C C removes the pin from the cloth; #C C removes the thread from the sewing machine; #C C fixes the cloth with the sewing machine; #C C sews the cloth with the sewing machine; #C C adjusts the cloth on the sewing machine"
    },
    {
        "Video Name": "11d69b8d-c612-478b-8c03-93fde49e8595",
        "Start Frame": 2880,
        "End Frame": 3000,
        "Caption": "#C C sews the piece of cloth ; #C C sews the cloth ; #C C sews the cloth ; #C C sews the cloth; #C C sews the cloth with the sewing machine"
    },
    {
        "Video Name": "11d69b8d-c612-478b-8c03-93fde49e8595",
        "Start Frame": 3000,
        "End Frame": 3120,
        "Caption": "#C C sews the cloth ; #C C pushes cloth on the machine ; #C C pushes the piece of cloth through the sewing machine; #C C fixes the cloth on the sewing machine ; #C C adjusts the cloth on the sewing machine "
    },
    {
        "Video Name": "11d69b8d-c612-478b-8c03-93fde49e8595",
        "Start Frame": 3120,
        "End Frame": 3240,
        "Caption": "#C C sews the cloth ; #C C sews the cloth; #C C sews cloth ; #C C sews the cloth with the sewing; #C C sews the piece of cloth "
    },
    {
        "Video Name": "11d69b8d-c612-478b-8c03-93fde49e8595",
        "Start Frame": 3240,
        "End Frame": 3360,
        "Caption": "#C C cuts the thread from the cloth; #C C adjusts the cloth; #C C sews a cloth; #C C sews a cloth; #C C  sews cloth on machine"
    },
    {
        "Video Name": "11d69b8d-c612-478b-8c03-93fde49e8595",
        "Start Frame": 3360,
        "End Frame": 3480,
        "Caption": "#C C puts the scissors on the sewing machine; #C C picks a scissors; #C C picks up the scissors ; #C C takes scissors from machine table ; #C C picks scissors from the machine"
    },
    {
        "Video Name": "11d69b8d-c612-478b-8c03-93fde49e8595",
        "Start Frame": 3480,
        "End Frame": 3600,
        "Caption": "#C C places scissors on the table; #C C places the scissors on the table; #C C puts scissors on the table; #C C puts scissors on the table; #C C puts the scissors on the table"
    },
    {
        "Video Name": "11d69b8d-c612-478b-8c03-93fde49e8595",
        "Start Frame": 3600,
        "End Frame": 3720,
        "Caption": "#C C sews a cloth; #C C sews a cloth; #C C adjusts the machine; #C C turns the sewing machine; #C C touches the sewing machine"
    },
    {
        "Video Name": "11d69b8d-c612-478b-8c03-93fde49e8595",
        "Start Frame": 3720,
        "End Frame": 3840,
        "Caption": "#C C puts the scissors on the table; #C C puts the scissors on the table; #c c picks scissors; #C C picks up the scissors; #C C takes scissors"
    },
    {
        "Video Name": "11d69b8d-c612-478b-8c03-93fde49e8595",
        "Start Frame": 3840,
        "End Frame": 3960,
        "Caption": "#C C drops the scissors on the table; #C C cuts the thread; #C C puts the scissors on the table; #C C drops the scissors on the sewing; #C C drops the scissors on the table"
    },
    {
        "Video Name": "11d69b8d-c612-478b-8c03-93fde49e8595",
        "Start Frame": 3960,
        "End Frame": 4080,
        "Caption": "#C C puts the scissors on the table; #C C puts the scissors on the table; #C C picks the pair of scissors; #C C picks up the cloth with her left; #c c puts scissors on the table"
    },
    {
        "Video Name": "11d69b8d-c612-478b-8c03-93fde49e8595",
        "Start Frame": 4080,
        "End Frame": 4200,
        "Caption": "#C C adjusts the sewing machine.; #C C pulls the thread ; #C C adjusts the sewing machine ; #C C fixes the thread in the sewing; #C C pulls thread on the sew machine"
    },
    {
        "Video Name": "11d69b8d-c612-478b-8c03-93fde49e8595",
        "Start Frame": 4200,
        "End Frame": 4320,
        "Caption": "#C C sews the cloth with the sewing; #C C sews a face mask ; #C C sews a face mask; #C C adjusts the cloth with both hands; #C C sews the cloth "
    },
    {
        "Video Name": "11d69b8d-c612-478b-8c03-93fde49e8595",
        "Start Frame": 4320,
        "End Frame": 4440,
        "Caption": "#C C removes bobbin from the sewing machine.; #C C puts the bobbin in the bobbin case. ; #C C removes a bobbin from the bobbin case with her left; #C C picks the bobbin from the sewing machine; #C C picks a bobbin."
    },
    {
        "Video Name": "11d69b8d-c612-478b-8c03-93fde49e8595",
        "Start Frame": 4440,
        "End Frame": 4560,
        "Caption": "#C C looks around the; #C C looks around the; #C C looks around the; #C C looks around the; #C C looks around the"
    },
    {
        "Video Name": "11d69b8d-c612-478b-8c03-93fde49e8595",
        "Start Frame": 4560,
        "End Frame": 4680,
        "Caption": "#C C fixes the needle on the sewing machine.; #C C pulls out the needle.; #C C removes thread from bobbin.; #C C removes thread bobbin from the sewing machine; #C C inserts a thread in the machine "
    },
    {
        "Video Name": "11d69b8d-c612-478b-8c03-93fde49e8595",
        "Start Frame": 4680,
        "End Frame": 4800,
        "Caption": "#C C inserts the thread into the sewing machine ; #C C takes a bobbin from the bobbin case; #C C cuts the thread; #C C attaches the bobbin to the bobbin holder; #C C inserts bobbin in the bobbin case"
    },
    {
        "Video Name": "11d69b8d-c612-478b-8c03-93fde49e8595",
        "Start Frame": 4800,
        "End Frame": 4920,
        "Caption": "#C C looks at the machine; #C C looks at the sewing; #C C looks around the sewing; #C C looks around the workshop; #C C adjusts the sewing machine"
    },
    {
        "Video Name": "11d69b8d-c612-478b-8c03-93fde49e8595",
        "Start Frame": 4920,
        "End Frame": 5040,
        "Caption": "#C C looks around the; #C C looks around the; #C C looks around the; #C C looks around the; #C C looks around the"
    },
    {
        "Video Name": "11d69b8d-c612-478b-8c03-93fde49e8595",
        "Start Frame": 5040,
        "End Frame": 5160,
        "Caption": "#C C removes the bobbin from the bobbin case.; #C C cuts the thread with her teeth ; #C C removes the needle from the cloth; #C C removes the needle from the cloth; #C C holds the bobbin in his hands "
    },
    {
        "Video Name": "11d69b8d-c612-478b-8c03-93fde49e8595",
        "Start Frame": 5160,
        "End Frame": 5280,
        "Caption": "#C C inserts thread in the bobbin; #C C looks at the sew machine; #C C holds the sewing machine with his right; #C C  pulls the thread ; #C C cuts the thread with a sciss"
    },
    {
        "Video Name": "11d69b8d-c612-478b-8c03-93fde49e8595",
        "Start Frame": 5280,
        "End Frame": 5400,
        "Caption": "#C C looks at the sewing; #C C adjusts bobbin; #C C pulls the thread; #C C looks at the sewing; #C C looks at the sew"
    }
]