[
    {
        "Video Name": "124a3067-5f0c-4871-bd11-e1cb417049a4",
        "Start Frame": 0,
        "End Frame": 120,
        "Caption": "#C C picks up the mud.; #C C moves the brick mold on the ground; #C C walks around the ground; #C C picks a brick mold on the ground; #C C looks around the field "
    },
    {
        "Video Name": "124a3067-5f0c-4871-bd11-e1cb417049a4",
        "Start Frame": 120,
        "End Frame": 240,
        "Caption": "#C C turns around; #C C looks around the ground; #C C rubs his hands on the ground; #C C Puts down a brick mold on the; #C C looks around the ground "
    },
    {
        "Video Name": "124a3067-5f0c-4871-bd11-e1cb417049a4",
        "Start Frame": 240,
        "End Frame": 360,
        "Caption": "#C C moulds the clay; #C C rolls mud on the ground.; #C C rolls the mud on the ground; #C C rolls the mud on the ground; #C C moulds the clay"
    },
    {
        "Video Name": "124a3067-5f0c-4871-bd11-e1cb417049a4",
        "Start Frame": 360,
        "End Frame": 480,
        "Caption": "#C C scoops clay with his hands; #C C scoops mud from the heap; #C C takes clay from the heap.; #C C scoops mud.; #C C scoops clay with his hands"
    },
    {
        "Video Name": "124a3067-5f0c-4871-bd11-e1cb417049a4",
        "Start Frame": 480,
        "End Frame": 600,
        "Caption": "#C C throws the mud on the other mud; #C C rolls the mud on the ground; #C C rolls the mud on the ground.; #C C rolls the mud on the ground.; #C C rolls the mud on the ground."
    },
    {
        "Video Name": "124a3067-5f0c-4871-bd11-e1cb417049a4",
        "Start Frame": 600,
        "End Frame": 720,
        "Caption": "#C C moulds the mud ; #C C molds the mud on the ground; #C C moulds mud on the ground; #C C rolls the mud on the ground; #C C moulds mud on the ground"
    },
    {
        "Video Name": "124a3067-5f0c-4871-bd11-e1cb417049a4",
        "Start Frame": 720,
        "End Frame": 840,
        "Caption": "#C C rolls the mud on the ground; #C C moulds the mud ; #C C rolls mud on the ground; #C C rolls the mud on the ground; #C C rolls the mud on the ground"
    },
    {
        "Video Name": "124a3067-5f0c-4871-bd11-e1cb417049a4",
        "Start Frame": 840,
        "End Frame": 960,
        "Caption": "#C C rolls the clay on the ground; #C C rolls the mud on the soil; #C C rolls the mud on the ground; #C C rolls the clay on the ground; #C C rolls the clay on the ground"
    },
    {
        "Video Name": "124a3067-5f0c-4871-bd11-e1cb417049a4",
        "Start Frame": 960,
        "End Frame": 1080,
        "Caption": "#C C scoops clay with his hands; #C C rubs hands on the ground; #C C rolls clay on the ground.; #C C scoops clay with his hands; #C C scoops mud on the ground with"
    },
    {
        "Video Name": "124a3067-5f0c-4871-bd11-e1cb417049a4",
        "Start Frame": 1080,
        "End Frame": 1200,
        "Caption": "#C C puts the mud on the other mud; #C C rolls mud on the ground.; #C C rubs his hands on the soil; #C C picks mud on the ground; #C C rolls the mud on the ground"
    },
    {
        "Video Name": "124a3067-5f0c-4871-bd11-e1cb417049a4",
        "Start Frame": 1200,
        "End Frame": 1320,
        "Caption": "#C C rolls the mud on the; #C C moulds the clay; #C C rubs hands on the; #C C rolls the mud on the; #C C moulds the clay"
    },
    {
        "Video Name": "124a3067-5f0c-4871-bd11-e1cb417049a4",
        "Start Frame": 1320,
        "End Frame": 1440,
        "Caption": "#C C Picks clay from the ground; #C C Puts down clay on the ground; #C C Puts down clay on the ground; #C C rubs his hands on the ground; #C C throws the mud on the other mud"
    },
    {
        "Video Name": "124a3067-5f0c-4871-bd11-e1cb417049a4",
        "Start Frame": 1440,
        "End Frame": 1560,
        "Caption": "#C C scoops clay with his hands; #C C cuts mud with his hands.; #C C scoops clay with his hands; #C C scoops the mud with his; #C C rolls the mud on the ground"
    },
    {
        "Video Name": "124a3067-5f0c-4871-bd11-e1cb417049a4",
        "Start Frame": 1560,
        "End Frame": 1680,
        "Caption": "#C C rolls the mud on the ground; #C C molds clay on the ground; #C C rolls clay on the ground; #C C molds the clay on the; #C C molds clay on the ground"
    },
    {
        "Video Name": "124a3067-5f0c-4871-bd11-e1cb417049a4",
        "Start Frame": 1680,
        "End Frame": 1800,
        "Caption": "#C C puts the brick mold aside ; #C C puts the clay down; #C C Puts down clay on the; #C C throws clay on the clay mud; #C C Puts down clay on the"
    },
    {
        "Video Name": "124a3067-5f0c-4871-bd11-e1cb417049a4",
        "Start Frame": 1800,
        "End Frame": 1920,
        "Caption": "#C C looks around; #C C turns around; #C C walks around the; #C C turns around; #C C turns around"
    },
    {
        "Video Name": "124a3067-5f0c-4871-bd11-e1cb417049a4",
        "Start Frame": 1920,
        "End Frame": 2040,
        "Caption": "#C C rolls the mud on the ground; #C C scoops the clay with the; #C C scoops the clay with his; #C C scoops mud with hands ; #C C scoops clay with his hands"
    },
    {
        "Video Name": "124a3067-5f0c-4871-bd11-e1cb417049a4",
        "Start Frame": 2040,
        "End Frame": 2160,
        "Caption": "#C C looks around the ground; #C C stands up; #C C looks around the ground; #C C looks around; #C C looks around the ground"
    },
    {
        "Video Name": "124a3067-5f0c-4871-bd11-e1cb417049a4",
        "Start Frame": 2160,
        "End Frame": 2280,
        "Caption": "#C C turns around; #C C looks around the compound.; #C C looks around the compound; #C C walks around the compound; #C C looks around the brick yard"
    },
    {
        "Video Name": "124a3067-5f0c-4871-bd11-e1cb417049a4",
        "Start Frame": 2280,
        "End Frame": 2400,
        "Caption": "#C C looks; #C C looks; #C C looks; #C C looks; #C C looks"
    },
    {
        "Video Name": "124a3067-5f0c-4871-bd11-e1cb417049a4",
        "Start Frame": 2400,
        "End Frame": 2520,
        "Caption": "#C C looks around; #C C looks around ; #C C looks around; #C C looks around the; #C C looks around"
    },
    {
        "Video Name": "124a3067-5f0c-4871-bd11-e1cb417049a4",
        "Start Frame": 2520,
        "End Frame": 2640,
        "Caption": "#C C walks on the ground; #C C looks around the ground; #C C looks around the field; #C C walks around the construction; #C C looks around"
    },
    {
        "Video Name": "124a3067-5f0c-4871-bd11-e1cb417049a4",
        "Start Frame": 2640,
        "End Frame": 2760,
        "Caption": "#C C looks around the ground; #C C looks around; #C C looks around the field; #C C looks around the field; #C C looks around the field"
    },
    {
        "Video Name": "124a3067-5f0c-4871-bd11-e1cb417049a4",
        "Start Frame": 2760,
        "End Frame": 2880,
        "Caption": "#C C walks around the construction site; #C C walks on the ground; #C C walks to the site.; #C C walks around the construction site; #C C walks around"
    },
    {
        "Video Name": "124a3067-5f0c-4871-bd11-e1cb417049a4",
        "Start Frame": 2880,
        "End Frame": 3000,
        "Caption": "#C C walks on the ground; #C C walks to the bricks; #C C walks on the ground; #C C walks around the construction; #C C looks around the compound"
    },
    {
        "Video Name": "124a3067-5f0c-4871-bd11-e1cb417049a4",
        "Start Frame": 3000,
        "End Frame": 3120,
        "Caption": "#C C looks around. ; #C C looks around the area; #C C looks around the area; #C C looks around.; #C C walks around the site"
    },
    {
        "Video Name": "124a3067-5f0c-4871-bd11-e1cb417049a4",
        "Start Frame": 3120,
        "End Frame": 3240,
        "Caption": "#C C looks around the construction site; #C C walks around the construction site; #C C walks around the construction site; #C C walks around the construction site; #C C walks on the ground"
    },
    {
        "Video Name": "124a3067-5f0c-4871-bd11-e1cb417049a4",
        "Start Frame": 3240,
        "End Frame": 3360,
        "Caption": "#C C looks around; #C C looks around the ground; #C C walks around the area; #C C walks around the compound.; #C C walks around the construction site"
    },
    {
        "Video Name": "124a3067-5f0c-4871-bd11-e1cb417049a4",
        "Start Frame": 3360,
        "End Frame": 3480,
        "Caption": "#C C walks around the field; #C C walks around the compound; #C C looks around the construction; #C C walks around the compound; #C C walks on the ground"
    },
    {
        "Video Name": "124a3067-5f0c-4871-bd11-e1cb417049a4",
        "Start Frame": 3480,
        "End Frame": 3600,
        "Caption": "#C C looks around the field; #C C walks around the site; #C C looks around the compound; #C C looks around the ground; #C C turns around "
    },
    {
        "Video Name": "124a3067-5f0c-4871-bd11-e1cb417049a4",
        "Start Frame": 3600,
        "End Frame": 3720,
        "Caption": "#C C walks around the compound; #C C walks on the ground; #C C walks on the ground; #C C walks on the ground; #C C walks around the construction"
    },
    {
        "Video Name": "124a3067-5f0c-4871-bd11-e1cb417049a4",
        "Start Frame": 3720,
        "End Frame": 3840,
        "Caption": "#C C walks forward; #C C walks towards the bricks; #C C looks around; #C C walks to the bricks; #C C walks around the construction"
    },
    {
        "Video Name": "124a3067-5f0c-4871-bd11-e1cb417049a4",
        "Start Frame": 3840,
        "End Frame": 3960,
        "Caption": "#C C walks around the ground; #C C looks around; #C C walks around; #C C looks around; #C C looks around the construction site"
    },
    {
        "Video Name": "124a3067-5f0c-4871-bd11-e1cb417049a4",
        "Start Frame": 3960,
        "End Frame": 4080,
        "Caption": "#C C rubs his hands on the; #C C spreads sand on the ground; #C C rubs his hands on the; #C C spreads soil with hands; #C C rubs his hands on the"
    },
    {
        "Video Name": "124a3067-5f0c-4871-bd11-e1cb417049a4",
        "Start Frame": 4080,
        "End Frame": 4200,
        "Caption": "#C C rubs his hands on the; #C C rubs his hand on the; #C C rubs his hands on the; #C C rubs his hands on the; #C C rubs his hand on the"
    },
    {
        "Video Name": "124a3067-5f0c-4871-bd11-e1cb417049a4",
        "Start Frame": 4200,
        "End Frame": 4320,
        "Caption": "#C C puts sand in the brick; #C C points at the brick; #C C moves the box; #C C puts sand in the brick; #C C moves the box"
    },
    {
        "Video Name": "124a3067-5f0c-4871-bd11-e1cb417049a4",
        "Start Frame": 4320,
        "End Frame": 4440,
        "Caption": "#C C Looks around a construction site; #C C moves the box; #C C moves the box; #C C Spreads soil on a brick; #C C moves the box"
    },
    {
        "Video Name": "124a3067-5f0c-4871-bd11-e1cb417049a4",
        "Start Frame": 4440,
        "End Frame": 4560,
        "Caption": "#C C pours sand on the ground; #C C puts soil in the box; #C C pours soil from the brick; #C C moves the box; #C C moves the box"
    },
    {
        "Video Name": "124a3067-5f0c-4871-bd11-e1cb417049a4",
        "Start Frame": 4560,
        "End Frame": 4680,
        "Caption": "#C C removes the mud on the wooden brick; #C C scrapes the mud; #C C removes mud from the brick mold; #C C scoops the mud; #C C scrapes the clay"
    },
    {
        "Video Name": "124a3067-5f0c-4871-bd11-e1cb417049a4",
        "Start Frame": 4680,
        "End Frame": 4800,
        "Caption": "#C C puts the brick box on the; #C C moves the box; #C C moves the box; #C C puts the brick maker on the; #C C picks the brick mold from the"
    },
    {
        "Video Name": "124a3067-5f0c-4871-bd11-e1cb417049a4",
        "Start Frame": 4800,
        "End Frame": 4920,
        "Caption": "#C C scoops soil on the ground with the; #C C puts soil in the box; #C C puts sand in the brick mould; #C C moves the box; #C C moves the box"
    },
    {
        "Video Name": "124a3067-5f0c-4871-bd11-e1cb417049a4",
        "Start Frame": 4920,
        "End Frame": 5040,
        "Caption": "#C C moulds the clay; #C C moulds the clay; #C C moulds mud on the; #C C moulds mud on the; #C C moulds the mud "
    },
    {
        "Video Name": "124a3067-5f0c-4871-bd11-e1cb417049a4",
        "Start Frame": 5040,
        "End Frame": 5160,
        "Caption": "#C C picks mud on the ground; #C C Picks up clay from the ground; #C C Picks up clay from the ground; #C C picks clay from the ground; #C C Picks up a brick mold from the"
    },
    {
        "Video Name": "124a3067-5f0c-4871-bd11-e1cb417049a4",
        "Start Frame": 5160,
        "End Frame": 5280,
        "Caption": "#C C puts mud in the brick mold; #C C puts mud in a brick mould; #C C puts clay in the box; #C C puts mud in a brick mould; #C C puts the clay in the brick"
    },
    {
        "Video Name": "124a3067-5f0c-4871-bd11-e1cb417049a4",
        "Start Frame": 5280,
        "End Frame": 5400,
        "Caption": "#C C moves the; #C C moves the; #C C moves the; #C C moves the; #C C moves the"
    }
]