[
    {
        "Video Name": "125021ea-4af4-4574-9bde-bd7ee753260b",
        "Start Frame": 0,
        "End Frame": 120,
        "Caption": "#C C touches the packet of macaron; #C C picks a packet; #C C picks a packet from the cabinet; #C C picks a packet of fries.; #C C picks a packet "
    },
    {
        "Video Name": "125021ea-4af4-4574-9bde-bd7ee753260b",
        "Start Frame": 120,
        "End Frame": 240,
        "Caption": "#C C picks a container; #C C takes a can; #C C picks a jar; #C C picks a can; #C C closes the cabinet"
    },
    {
        "Video Name": "125021ea-4af4-4574-9bde-bd7ee753260b",
        "Start Frame": 240,
        "End Frame": 360,
        "Caption": "#C C opens the packet of flour; #C C tears the packet; #C C opens the packet of milk; #C C opens the packet of tortilla; #C C opens a packet of spaghetti "
    },
    {
        "Video Name": "125021ea-4af4-4574-9bde-bd7ee753260b",
        "Start Frame": 360,
        "End Frame": 480,
        "Caption": "#C C opens a packet of flour; #C C opens pack ; #C C opens a packet of flour; #C C opens a packet of flour; #C C opens the sachet"
    },
    {
        "Video Name": "125021ea-4af4-4574-9bde-bd7ee753260b",
        "Start Frame": 480,
        "End Frame": 600,
        "Caption": "#C C opens a packet of; #C C opens the bag; #C C closes the packet ; #C C opens the packet of; #C C unwraps the"
    },
    {
        "Video Name": "125021ea-4af4-4574-9bde-bd7ee753260b",
        "Start Frame": 600,
        "End Frame": 720,
        "Caption": "#C C closes the packet of flour; #C C opens the packet of flour; #C C opens the packet of cheese; #C C opens the packet; #C C opens the packet of ingredients"
    },
    {
        "Video Name": "125021ea-4af4-4574-9bde-bd7ee753260b",
        "Start Frame": 720,
        "End Frame": 840,
        "Caption": "#C C opens the box; #C C opens the packet of; #C C opens a packet of; #C C opens the pack ; #C C opens the packet of"
    },
    {
        "Video Name": "125021ea-4af4-4574-9bde-bd7ee753260b",
        "Start Frame": 840,
        "End Frame": 960,
        "Caption": "#C C opens the packet; #C C opens the tin; #C C opens the container; #C C opens the packet of; #C C opens the packet "
    },
    {
        "Video Name": "125021ea-4af4-4574-9bde-bd7ee753260b",
        "Start Frame": 960,
        "End Frame": 1080,
        "Caption": "#C C wraps the package ; #C C unpeels the wrapping; #C C closes the packet of  flour; #C C opens the bag of spaghetti; #C C cuts the sachet"
    },
    {
        "Video Name": "125021ea-4af4-4574-9bde-bd7ee753260b",
        "Start Frame": 1080,
        "End Frame": 1200,
        "Caption": "#C C opens the packet of saus; #C C opens the packet of stew; #C C opens the packet ; #C C opens the packet of cheese ; #C C opens the packet of cheese"
    },
    {
        "Video Name": "125021ea-4af4-4574-9bde-bd7ee753260b",
        "Start Frame": 1200,
        "End Frame": 1320,
        "Caption": "#C C takes a spoon ; #C C puts the spoon on the table; #C C picks a spoon from the counter; #C C stirs food; #C C picks up the spoon"
    },
    {
        "Video Name": "125021ea-4af4-4574-9bde-bd7ee753260b",
        "Start Frame": 1320,
        "End Frame": 1440,
        "Caption": "#C C stirs the food; #C C stirs the noodles in the pot with the; #C C stirs the food; #C C stirs the food with the spoon; #C C stirs the noodles with the spoon"
    },
    {
        "Video Name": "125021ea-4af4-4574-9bde-bd7ee753260b",
        "Start Frame": 1440,
        "End Frame": 1560,
        "Caption": "#C C stirs the noodles with the spoon; #C C stirs the macaroni; #C C stirs the noodles with the spoon; #C C stirs the noodles ; #C C stirs the noodles in the pot with the"
    },
    {
        "Video Name": "125021ea-4af4-4574-9bde-bd7ee753260b",
        "Start Frame": 1560,
        "End Frame": 1680,
        "Caption": "#C C mixes the food; #C C stirs the stew; #C C stirs the stew with the spoon; #C C mixes the food with the spoon ; #C C stirs the food"
    },
    {
        "Video Name": "125021ea-4af4-4574-9bde-bd7ee753260b",
        "Start Frame": 1680,
        "End Frame": 1800,
        "Caption": "#C C puts the spoon in the cooking pot; #C C puts the spoon in the pot ; #C C puts the spoon down ; #C C puts the spoon on the cooking pot; #C C puts the spoon in the saucepan"
    },
    {
        "Video Name": "125021ea-4af4-4574-9bde-bd7ee753260b",
        "Start Frame": 1800,
        "End Frame": 1920,
        "Caption": "#C C walks in the; #C C closes the fridge; #C C walks in the; #C C walks around; #C C opens fridge"
    },
    {
        "Video Name": "125021ea-4af4-4574-9bde-bd7ee753260b",
        "Start Frame": 1920,
        "End Frame": 2040,
        "Caption": "#C C picks the apple from the fridge; #C C picks a mango; #C C picks a cucumber ; #C C picks a cucumber from the; #C C picks a lemon from the fridge"
    },
    {
        "Video Name": "125021ea-4af4-4574-9bde-bd7ee753260b",
        "Start Frame": 2040,
        "End Frame": 2160,
        "Caption": "#C C picks the cucumber; #C C picks cucumber; #C C picks cucumber; #C C takes the cucumber; #C C picks cucumber"
    },
    {
        "Video Name": "125021ea-4af4-4574-9bde-bd7ee753260b",
        "Start Frame": 2160,
        "End Frame": 2280,
        "Caption": "#C C picks another lemon; #C C picks a lemon fruit; #C C picks up a lemon.; #C C picks a fruit from the fridge; #C C takes a apple from the fridge"
    },
    {
        "Video Name": "125021ea-4af4-4574-9bde-bd7ee753260b",
        "Start Frame": 2280,
        "End Frame": 2400,
        "Caption": "#C C closes the refrigerator; #C C closes the fridge; #C C closes the fridge; #C C closes the fridge; #C C closes the fridge"
    },
    {
        "Video Name": "125021ea-4af4-4574-9bde-bd7ee753260b",
        "Start Frame": 2400,
        "End Frame": 2520,
        "Caption": "#C C opens the tap; #C C opens the tap; #C C opens a tap ; #C C picks a lemon ; #C C picks a lemon from the"
    },
    {
        "Video Name": "125021ea-4af4-4574-9bde-bd7ee753260b",
        "Start Frame": 2520,
        "End Frame": 2640,
        "Caption": "#C C washes cucumber ; #C C cleans cucumber; #C C washes hands ; #C C washes the cucumber; #C C washes the vegetables "
    },
    {
        "Video Name": "125021ea-4af4-4574-9bde-bd7ee753260b",
        "Start Frame": 2640,
        "End Frame": 2760,
        "Caption": "#C C washes the hands; #C C washes the hand; #C C washes the hands; #C C washes the potato; #C C washes hands"
    },
    {
        "Video Name": "125021ea-4af4-4574-9bde-bd7ee753260b",
        "Start Frame": 2760,
        "End Frame": 2880,
        "Caption": "#C C puts a plate on the counter; #C C picks a knife on the counter; #C C places a plate on the counter; #C C picks cucumber ; #C C puts a bowl on the kitchen"
    },
    {
        "Video Name": "125021ea-4af4-4574-9bde-bd7ee753260b",
        "Start Frame": 2880,
        "End Frame": 3000,
        "Caption": "#C C opens a tap; #C C rinses the table; #C C washes the hands; #C C picks a kitchen towel ; #C C opens the tap"
    },
    {
        "Video Name": "125021ea-4af4-4574-9bde-bd7ee753260b",
        "Start Frame": 3000,
        "End Frame": 3120,
        "Caption": "#C C cleans the knife; #C C washes the knife; #C C washes the potatoes; #C C washes a knife; #C C washes the cuc"
    },
    {
        "Video Name": "125021ea-4af4-4574-9bde-bd7ee753260b",
        "Start Frame": 3120,
        "End Frame": 3240,
        "Caption": "#C C rinses a glass; #C C looks around; #C C washes cucumber ; #C C washes the pepper; #C C closes tap"
    },
    {
        "Video Name": "125021ea-4af4-4574-9bde-bd7ee753260b",
        "Start Frame": 3240,
        "End Frame": 3360,
        "Caption": "#C C washes cucumber ; #C C washes the cucumber; #C C washes the cucumber; #C C washes the cucumber; #C C washes cucumber "
    },
    {
        "Video Name": "125021ea-4af4-4574-9bde-bd7ee753260b",
        "Start Frame": 3360,
        "End Frame": 3480,
        "Caption": "#C C picks cucumber in the sink ; #C C places a cucumber in the sink; #C C places the cucumber on the sink; #C C picks a cucumber ; #C C picks cucumber "
    },
    {
        "Video Name": "125021ea-4af4-4574-9bde-bd7ee753260b",
        "Start Frame": 3480,
        "End Frame": 3600,
        "Caption": "#C C washes cucumber ; #C C washes the cucumber; #C C washes the cucumber; #C C washes the cucumber; #C C cleans cucumber"
    },
    {
        "Video Name": "125021ea-4af4-4574-9bde-bd7ee753260b",
        "Start Frame": 3600,
        "End Frame": 3720,
        "Caption": "#C C washes the cucumber; #C C washes cucumber ; #C C washes the cucumber; #C C washes cucumber ; #C C washes the cucumber"
    },
    {
        "Video Name": "125021ea-4af4-4574-9bde-bd7ee753260b",
        "Start Frame": 3720,
        "End Frame": 3840,
        "Caption": "#C C closes the tap; #C C closes the tap; #C C closes the tap; #C C closes the tap; #C C closes the tap"
    },
    {
        "Video Name": "125021ea-4af4-4574-9bde-bd7ee753260b",
        "Start Frame": 3840,
        "End Frame": 3960,
        "Caption": "#C C takes blender jar ; #C C picks up the blender; #C C removes the hand from the jug; #C C moves the blender on the counter; #C C picks up a glass"
    },
    {
        "Video Name": "125021ea-4af4-4574-9bde-bd7ee753260b",
        "Start Frame": 3960,
        "End Frame": 4080,
        "Caption": "#C C picks the spoon; #C C picks spoon ; #C C picks a spoon; #C C picks a spoon; #C C picks a spoon"
    },
    {
        "Video Name": "125021ea-4af4-4574-9bde-bd7ee753260b",
        "Start Frame": 4080,
        "End Frame": 4200,
        "Caption": "#C C stirs the food in the; #C C stirs the food; #C C stirs the food ; #C C stirs the stew with the; #C C mixes the food with a spoon"
    },
    {
        "Video Name": "125021ea-4af4-4574-9bde-bd7ee753260b",
        "Start Frame": 4200,
        "End Frame": 4320,
        "Caption": "#C C holds a spoon ; #C C holds a spoon; #C C hits the pot with the spoon; #C C shakes the spoon on the cooking pot; #C C shakes the spoon "
    },
    {
        "Video Name": "125021ea-4af4-4574-9bde-bd7ee753260b",
        "Start Frame": 4320,
        "End Frame": 4440,
        "Caption": "#C C puts the spoon on the cooker ; #C C puts the spoon in the cooking pot; #C C puts down the spoon; #C C puts the spoon on the cooking pan; #C C puts the spoon on the cooker"
    },
    {
        "Video Name": "125021ea-4af4-4574-9bde-bd7ee753260b",
        "Start Frame": 4440,
        "End Frame": 4560,
        "Caption": "#C C opens the fridge; #C C opens the fridge; #C C opens the fridge; #C C opens the fridge; #C C opens the fridge"
    },
    {
        "Video Name": "125021ea-4af4-4574-9bde-bd7ee753260b",
        "Start Frame": 4560,
        "End Frame": 4680,
        "Caption": "#C C opens a polythene bag; #C C picks a polythene bag ; #C C picks a nylon paper on the fridge; #C C opens polythene paper ; #C C takes a nylon paper of fruits "
    },
    {
        "Video Name": "125021ea-4af4-4574-9bde-bd7ee753260b",
        "Start Frame": 4680,
        "End Frame": 4800,
        "Caption": "#C C walks around; #C C walks around; #C C closes the fridge; #C C closes the fridge; #C C closes the fridge"
    },
    {
        "Video Name": "125021ea-4af4-4574-9bde-bd7ee753260b",
        "Start Frame": 4800,
        "End Frame": 4920,
        "Caption": "#C C picks cucumbers in a bag; #C C pours the cucumber in the sink; #C C puts cucumber in the polythene bag; #C C puts the cucumbers in the plastic bag ; #C C puts cucumber in a bag "
    },
    {
        "Video Name": "125021ea-4af4-4574-9bde-bd7ee753260b",
        "Start Frame": 4920,
        "End Frame": 5040,
        "Caption": "#C C opens the polythene bag; #C C puts the spoon in the sink; #C C closes the cabinet; #C C shakes the hands ; #C C puts the dirt in the paper"
    },
    {
        "Video Name": "125021ea-4af4-4574-9bde-bd7ee753260b",
        "Start Frame": 5040,
        "End Frame": 5160,
        "Caption": "#C C opens a tap; #C C opens the tap; #C C opens the tap ; #C C washes cucumber; #C C opens the tap "
    },
    {
        "Video Name": "125021ea-4af4-4574-9bde-bd7ee753260b",
        "Start Frame": 5160,
        "End Frame": 5280,
        "Caption": "#C C washes the cucumber; #C C washes hands ; #C C washes a knife ; #C C washes the vegetables ; #C C washes the hand "
    },
    {
        "Video Name": "125021ea-4af4-4574-9bde-bd7ee753260b",
        "Start Frame": 5280,
        "End Frame": 5400,
        "Caption": "#C C cleans the cucumber ; #C C washes the cucumber; #C C washes the cucumber; #C C washes cucumber ; #C C washes cucumber "
    }
]