[
    {
        "Video Name": "1260e051-abf8-4a77-82b9-dd8e5f5c792b",
        "Start Frame": 0,
        "End Frame": 120,
        "Caption": "#c c  folds the paper; #c c opens paper; #c c puts the paper on the; #c c folds the paper; #c c folds paper"
    },
    {
        "Video Name": "1260e051-abf8-4a77-82b9-dd8e5f5c792b",
        "Start Frame": 120,
        "End Frame": 240,
        "Caption": "#c c folds paper; #c c removes the paper from the; #c c applies glue on the paper; #c c folds paper; #C C folds the paper"
    },
    {
        "Video Name": "1260e051-abf8-4a77-82b9-dd8e5f5c792b",
        "Start Frame": 240,
        "End Frame": 360,
        "Caption": "#c c folds the; #c c folds paper; #C C turns paper; #c c folds the; #c c opens paper"
    },
    {
        "Video Name": "1260e051-abf8-4a77-82b9-dd8e5f5c792b",
        "Start Frame": 360,
        "End Frame": 480,
        "Caption": "#c c folds paper; #c c folds paper; #c c joins the paper; #c c folds the paper; #c c folds the paper"
    },
    {
        "Video Name": "1260e051-abf8-4a77-82b9-dd8e5f5c792b",
        "Start Frame": 480,
        "End Frame": 600,
        "Caption": "#c c  folds the paper; #c c applies glue on paper; #c c joins together the paper; #c c joins the papers together; #C C folds paper craft"
    },
    {
        "Video Name": "1260e051-abf8-4a77-82b9-dd8e5f5c792b",
        "Start Frame": 600,
        "End Frame": 720,
        "Caption": "#C C folds paper craft; #C C folds paper craft; #c c joins together the glued paper; #c c joins together the papers; #C C folds paper craft"
    },
    {
        "Video Name": "1260e051-abf8-4a77-82b9-dd8e5f5c792b",
        "Start Frame": 720,
        "End Frame": 840,
        "Caption": "#c c folds the paper; #c c folds the paper; #c c joins the paper together; #c c puts the paper together; #c c  attaches the paper"
    },
    {
        "Video Name": "1260e051-abf8-4a77-82b9-dd8e5f5c792b",
        "Start Frame": 840,
        "End Frame": 960,
        "Caption": "#C C folds paper; #C C folds paper; #C C holds paper; #C C folds paper; #C C folds paper"
    },
    {
        "Video Name": "1260e051-abf8-4a77-82b9-dd8e5f5c792b",
        "Start Frame": 960,
        "End Frame": 1080,
        "Caption": "#c c puts paper on the table; #c c places the paper on the; #c c puts the sticker on the; #c c puts the paper on the; #c c puts paper on the table"
    },
    {
        "Video Name": "1260e051-abf8-4a77-82b9-dd8e5f5c792b",
        "Start Frame": 1080,
        "End Frame": 1200,
        "Caption": "#c c opens glue; #c c picks a glued; #c c  folds paper; #c c takes the glue; #c c picks a glued"
    },
    {
        "Video Name": "1260e051-abf8-4a77-82b9-dd8e5f5c792b",
        "Start Frame": 1200,
        "End Frame": 1320,
        "Caption": "#C C applies glue on paper craft; #c c applies glue on paper; #c c applies glue on paper; #c c  attaches the paper together; #c c attaches the paper to the glued"
    },
    {
        "Video Name": "1260e051-abf8-4a77-82b9-dd8e5f5c792b",
        "Start Frame": 1320,
        "End Frame": 1440,
        "Caption": "#c c  joins together the glued; #C C folds paper craft; #c c folds the paper; #c c attaches the glued paper together; #c c  folds paper"
    },
    {
        "Video Name": "1260e051-abf8-4a77-82b9-dd8e5f5c792b",
        "Start Frame": 1440,
        "End Frame": 1560,
        "Caption": "#c c attaches the paper to the glued; #c c puts glue on the paper; #c c  folds the paper; #C C folds paper craft; #c c  joins  the paper"
    },
    {
        "Video Name": "1260e051-abf8-4a77-82b9-dd8e5f5c792b",
        "Start Frame": 1560,
        "End Frame": 1680,
        "Caption": "#c c  arranges  pieces of paper on the; #C C picks up paper craft; #c c  arranges  the glued paper; #c c arranges the glued paper; #c c  picks  paper"
    },
    {
        "Video Name": "1260e051-abf8-4a77-82b9-dd8e5f5c792b",
        "Start Frame": 1680,
        "End Frame": 1800,
        "Caption": "#c c puts the board on the table; #c c  puts the card board piece on the table; #c c puts the paper on the table; #c c  puts the paper on the table; #c c  puts the paper on the table"
    },
    {
        "Video Name": "1260e051-abf8-4a77-82b9-dd8e5f5c792b",
        "Start Frame": 1800,
        "End Frame": 1920,
        "Caption": "#C C folds paper; #C C folds paper; #C C folds paper; #C C folds paper; #C C sticks paper"
    },
    {
        "Video Name": "1260e051-abf8-4a77-82b9-dd8e5f5c792b",
        "Start Frame": 1920,
        "End Frame": 2040,
        "Caption": "#c c removes the paper from the; #c c folds the paper; #c c folds the paper; #c c removes the paper; #c c folds the paper"
    },
    {
        "Video Name": "1260e051-abf8-4a77-82b9-dd8e5f5c792b",
        "Start Frame": 2040,
        "End Frame": 2160,
        "Caption": "#c c joins the paper together; #c c  folds  the paper together; #c c removes the paper from the board; #c c  folds the paper; #c c puts the joined paper on the"
    },
    {
        "Video Name": "1260e051-abf8-4a77-82b9-dd8e5f5c792b",
        "Start Frame": 2160,
        "End Frame": 2280,
        "Caption": "#c c rubs hands together; #C C picks up glue; #C C puts glue on paper; #c c places glue on the; #C C picks up glue"
    },
    {
        "Video Name": "1260e051-abf8-4a77-82b9-dd8e5f5c792b",
        "Start Frame": 2280,
        "End Frame": 2400,
        "Caption": "#c c  puts paper on table; #C C looks around ; #c c puts the piece of paper on the; #c c returns glue to the table; #c c raises his hands"
    },
    {
        "Video Name": "1260e051-abf8-4a77-82b9-dd8e5f5c792b",
        "Start Frame": 2400,
        "End Frame": 2520,
        "Caption": "#c c puts the paper on the table; #c c picks a paper ; #c c  picks piece of paper from the; #c c puts paper on table; #c c picks a paper from the table"
    },
    {
        "Video Name": "1260e051-abf8-4a77-82b9-dd8e5f5c792b",
        "Start Frame": 2520,
        "End Frame": 2640,
        "Caption": "#c c picks a piece of paper from the; #c c takes another paper ; #c c picks another paper piece; #c c picks up the paper; #c c picks a paper"
    },
    {
        "Video Name": "1260e051-abf8-4a77-82b9-dd8e5f5c792b",
        "Start Frame": 2640,
        "End Frame": 2760,
        "Caption": "#c c puts paper on the table; #c c puts the paper on the table; #c c picks paper from the table; #c c puts the paper on the table; #c c places the piece of paper on the"
    },
    {
        "Video Name": "1260e051-abf8-4a77-82b9-dd8e5f5c792b",
        "Start Frame": 2760,
        "End Frame": 2880,
        "Caption": "#C C holds paper craft; #C C picks up paper; #c c looks at the; #C C picks up paper; #C C picks up paper"
    },
    {
        "Video Name": "1260e051-abf8-4a77-82b9-dd8e5f5c792b",
        "Start Frame": 2880,
        "End Frame": 3000,
        "Caption": "#c c  picks a paper; #c c arranges pieces of paper; #c c puts the paper on the; #c c  arranges the paper; #c c picks a piece of paper"
    },
    {
        "Video Name": "1260e051-abf8-4a77-82b9-dd8e5f5c792b",
        "Start Frame": 3000,
        "End Frame": 3120,
        "Caption": "#c c  arranges pieces of paper on the; #c c picks another paper from the table; #c c  puts the paper on the table; #c c arranges the cards; #c c looks at the piece of paper"
    },
    {
        "Video Name": "1260e051-abf8-4a77-82b9-dd8e5f5c792b",
        "Start Frame": 3120,
        "End Frame": 3240,
        "Caption": "#c c arranges  the glued; #c c  joins the paper together; #c c  folds the paper together; #c c  folds paper; #C C turns paper craft"
    },
    {
        "Video Name": "1260e051-abf8-4a77-82b9-dd8e5f5c792b",
        "Start Frame": 3240,
        "End Frame": 3360,
        "Caption": "#C C turns paper craft; #c c removes glue from paper; #C C moves hand; #c c  looks at the; #C C stares at the paper"
    },
    {
        "Video Name": "1260e051-abf8-4a77-82b9-dd8e5f5c792b",
        "Start Frame": 3360,
        "End Frame": 3480,
        "Caption": "#C C picks up paper craft; #c c picks a glued paper; #c c takes a piece of paper from the; #c c  picks glue; #c c picks a piece of paper"
    },
    {
        "Video Name": "1260e051-abf8-4a77-82b9-dd8e5f5c792b",
        "Start Frame": 3480,
        "End Frame": 3600,
        "Caption": "#c c picks a piece of paper from the table; #c c  picks up a piece of paper from the; #c c  picks up a paper; #c c  picks a piece of paper; #c c arranges the paper on the table"
    },
    {
        "Video Name": "1260e051-abf8-4a77-82b9-dd8e5f5c792b",
        "Start Frame": 3600,
        "End Frame": 3720,
        "Caption": "#C C touches paper craft; #C C stares at paper craft; #C C holds paper craft; #C C looks at the paper; #C C touches paper craft"
    },
    {
        "Video Name": "1260e051-abf8-4a77-82b9-dd8e5f5c792b",
        "Start Frame": 3720,
        "End Frame": 3840,
        "Caption": "#c c  puts the glued paper on the; #C C puts paper craft down; #c c  puts paper on table; #c c  arranges the glued pieces of; #c c  puts paper on table"
    },
    {
        "Video Name": "1260e051-abf8-4a77-82b9-dd8e5f5c792b",
        "Start Frame": 3840,
        "End Frame": 3960,
        "Caption": "#c c looks around; #C C looks around; #C C looks around; #C C picks up glue; #c c looks around"
    },
    {
        "Video Name": "1260e051-abf8-4a77-82b9-dd8e5f5c792b",
        "Start Frame": 3960,
        "End Frame": 4080,
        "Caption": "#c c arranges the; #c c folds the paper; #c c picks the paper; #c c  joins the; #c c folds the paper"
    },
    {
        "Video Name": "1260e051-abf8-4a77-82b9-dd8e5f5c792b",
        "Start Frame": 4080,
        "End Frame": 4200,
        "Caption": "#c c opens a page; #c c removes a piece of card board from the; #c c removes the card board piece from the book; #c c removes the board piece from the card board; #c c removes the card board piece from the book"
    },
    {
        "Video Name": "1260e051-abf8-4a77-82b9-dd8e5f5c792b",
        "Start Frame": 4200,
        "End Frame": 4320,
        "Caption": "#c c opens a page of the; #C C turns the paper craft book; #c c turns the page; #c c opens a page from the; #c c opens the book"
    },
    {
        "Video Name": "1260e051-abf8-4a77-82b9-dd8e5f5c792b",
        "Start Frame": 4320,
        "End Frame": 4440,
        "Caption": "#c c opens a book page; #C C flips the page of the book; #C C opens the page; #c c opens a page on the book; #c c  opens the next page of the"
    },
    {
        "Video Name": "1260e051-abf8-4a77-82b9-dd8e5f5c792b",
        "Start Frame": 4440,
        "End Frame": 4560,
        "Caption": "#C C stares at the paper craft; #C C stares at the paper craft; #C C stares at the paper craft; #C C looks around; #C C stares at the paper craft"
    },
    {
        "Video Name": "1260e051-abf8-4a77-82b9-dd8e5f5c792b",
        "Start Frame": 4560,
        "End Frame": 4680,
        "Caption": "#C C holds the paper craft book; #C C stares at the paper craft; #C C stares at the paper craft; #C C turns the paper craft book; #C C looks at the paper craft"
    },
    {
        "Video Name": "1260e051-abf8-4a77-82b9-dd8e5f5c792b",
        "Start Frame": 4680,
        "End Frame": 4800,
        "Caption": "#c c  picks a piece of paper from the; #c c arranges the glued paper; #c c picks a piece of paper; #c c joins pieces of paper together; #c c picks another glued paper"
    },
    {
        "Video Name": "1260e051-abf8-4a77-82b9-dd8e5f5c792b",
        "Start Frame": 4800,
        "End Frame": 4920,
        "Caption": "#c c joins the pieces of paper together; #c c attaches the papers together; #c c joins the glued pieces; #c c joins the pieces of paper together; #c c joins the paper to the glued"
    },
    {
        "Video Name": "1260e051-abf8-4a77-82b9-dd8e5f5c792b",
        "Start Frame": 4920,
        "End Frame": 5040,
        "Caption": "#c c joins the paper piece to the glued; #c c joins pieces of paper together; #c c joins the paper together; #c c joins the glued paper; #c c joins together the paper"
    },
    {
        "Video Name": "1260e051-abf8-4a77-82b9-dd8e5f5c792b",
        "Start Frame": 5040,
        "End Frame": 5160,
        "Caption": "#c c joins the paper; #C C folds paper craft; #C C folds paper craft; #C C folds the paper; #C C holds paper craft"
    },
    {
        "Video Name": "1260e051-abf8-4a77-82b9-dd8e5f5c792b",
        "Start Frame": 5160,
        "End Frame": 5280,
        "Caption": "#c c puts the glue on the paper; #c c attaches the paper to the glued; #c c puts the paper on the table; #c c  joins the paper together; #c c joins the paper together"
    },
    {
        "Video Name": "1260e051-abf8-4a77-82b9-dd8e5f5c792b",
        "Start Frame": 5280,
        "End Frame": 5400,
        "Caption": "#c c joins the paper together; #c c joins the paper together; #c c joins the pieces together; #c c  joins  the paper; #c c  joins the glued paper"
    }
]