[
    {
        "Video Name": "1278e69e-c66d-4014-8e17-481d79c108ce",
        "Start Frame": 0,
        "End Frame": 120,
        "Caption": "#C C touches the clothe ; #C C pulls the cloth ; #C C straightens a scarf ; #C C moves a cloth ; #C C adjusts his wrapper with his left hand"
    },
    {
        "Video Name": "1278e69e-c66d-4014-8e17-481d79c108ce",
        "Start Frame": 120,
        "End Frame": 240,
        "Caption": "#C C adjusts his cloth with his left hand.; #C C adjusts her cloth.; #C C pulls the wrapper on his body with his left hand.; #C C moves the wool around her left hand.; #C C adjusts his wrapper with his left hand."
    },
    {
        "Video Name": "1278e69e-c66d-4014-8e17-481d79c108ce",
        "Start Frame": 240,
        "End Frame": 360,
        "Caption": "#C C stares at the; #C C looks around; #C C looks around; #C C stares at the; #C C looks around"
    },
    {
        "Video Name": "1278e69e-c66d-4014-8e17-481d79c108ce",
        "Start Frame": 360,
        "End Frame": 480,
        "Caption": "#C C rotates the millstone; #C C turns the grinder.\n; #C C moves the left hand; #C C turns the grinder.\n; #C C grinds the grains using a mill"
    },
    {
        "Video Name": "1278e69e-c66d-4014-8e17-481d79c108ce",
        "Start Frame": 480,
        "End Frame": 600,
        "Caption": "#C C turns the grinder.; #C C turns the grinder.; #C C turns the grinder.; #C C grinds the grains using a mill; #C C grinds the grains using a mill"
    },
    {
        "Video Name": "1278e69e-c66d-4014-8e17-481d79c108ce",
        "Start Frame": 600,
        "End Frame": 720,
        "Caption": "#C C scoops more grains with the cup. \n; #C C scoops more grains with tumbler ; #C C scoops the wheat berries in the basin with a steel tumb; #C C scoops some wheats with the cup.\n; #C C picks up the tumbler"
    },
    {
        "Video Name": "1278e69e-c66d-4014-8e17-481d79c108ce",
        "Start Frame": 720,
        "End Frame": 840,
        "Caption": "#C C scoops wheat berries in the basin with a fruit; #C C drops the cup in the wheat bowl. ; #C C pours the wheat into a grinder.; #C C adjusts the grain mill; #C C scoops chia seeds into the grinder."
    },
    {
        "Video Name": "1278e69e-c66d-4014-8e17-481d79c108ce",
        "Start Frame": 840,
        "End Frame": 960,
        "Caption": "#C C grinds the grains using a mill; #C C grinds the grains using a mill; #C C grinds the grains using a mill; #C C grinds the grains using a mill; #C C turns the grinder."
    },
    {
        "Video Name": "1278e69e-c66d-4014-8e17-481d79c108ce",
        "Start Frame": 960,
        "End Frame": 1080,
        "Caption": "#C C spins stone grain mill; #C C turns the grinder.\n; #C C grinds the grains using a mill; #C C spins stone grain mill; #C C grinds the grains using a mill"
    },
    {
        "Video Name": "1278e69e-c66d-4014-8e17-481d79c108ce",
        "Start Frame": 1080,
        "End Frame": 1200,
        "Caption": "#C C straightens the wrapper on her lap.; #C C touches the clothe ; #C C adjusts her wrapper with her left hand.; #C C holds her cloth.; #C C places his left hand on his left lap"
    },
    {
        "Video Name": "1278e69e-c66d-4014-8e17-481d79c108ce",
        "Start Frame": 1200,
        "End Frame": 1320,
        "Caption": "#C C scoops some wheats with the cup.\n; #C C scoops chia seeds into the steel cup from the black basin with his right hand.; #C C scoops some wheats with the cup.; #C C pours wheat berries in the stone grain mill; #C C scoops some wheats from the wheat bowl with the cup.\n"
    },
    {
        "Video Name": "1278e69e-c66d-4014-8e17-481d79c108ce",
        "Start Frame": 1320,
        "End Frame": 1440,
        "Caption": "#C C pours the grains into millstone ; #C C pours chia seeds in the steel cup into the grinder with his right hand.; #C C pours the grains into millstone ; #C C pours chia seeds from the steel cup in his right hand into the grinder.; #C C pours chia seeds from the steel cup in his right hand into the grinder."
    },
    {
        "Video Name": "1278e69e-c66d-4014-8e17-481d79c108ce",
        "Start Frame": 1440,
        "End Frame": 1560,
        "Caption": "#C C takes the first steel cup from the iron drum with his right hand.; #C C turns the grinder.; #C C grinds the grains using a millstone; #C C moves the grinder.; #C C turns the grinder."
    },
    {
        "Video Name": "1278e69e-c66d-4014-8e17-481d79c108ce",
        "Start Frame": 1560,
        "End Frame": 1680,
        "Caption": "#C C turns the grinder.; #C C turns the grinder.; #C C moves the grinder with his left hand; #C C grinds the wheat with a stone hand; #C C turns the grinder."
    },
    {
        "Video Name": "1278e69e-c66d-4014-8e17-481d79c108ce",
        "Start Frame": 1680,
        "End Frame": 1800,
        "Caption": "#C C turns the grinder.\n; #C C turns the grinder.; #C C turns the grinder.; #C C grinds the wheat with a stone hand; #C C stops grinding."
    },
    {
        "Video Name": "1278e69e-c66d-4014-8e17-481d79c108ce",
        "Start Frame": 1800,
        "End Frame": 1920,
        "Caption": "#C C picks up the cup of chia seeds from the ground with his left hand.; #C C touches face; #C C picks up the cup of wheats from the floor with his right hand.; #C C scoops wheat berries in the wheat bowl with the cup.; #C C packs grains from the heap of grains with the cup."
    },
    {
        "Video Name": "1278e69e-c66d-4014-8e17-481d79c108ce",
        "Start Frame": 1920,
        "End Frame": 2040,
        "Caption": "#C C pours the wheat into a grinder.; #C C pours chia seeds from a steel cup in his right hand into the grinder.; #C C pours wheat berries in the stone grain mill; #C C pours the wheat into a grinder.; #C C pours wheat berries in the stone grain mill"
    },
    {
        "Video Name": "1278e69e-c66d-4014-8e17-481d79c108ce",
        "Start Frame": 2040,
        "End Frame": 2160,
        "Caption": "#C C looks around; #C C looks at the wheat bowl; #C C looks around; #C C looks around; #C C moves the wheat bowl."
    },
    {
        "Video Name": "1278e69e-c66d-4014-8e17-481d79c108ce",
        "Start Frame": 2160,
        "End Frame": 2280,
        "Caption": "#C C looks around; #C C adjusts his cloth with his left hand; #C C looks around; #C C looks around the compound.; #C C looks around"
    },
    {
        "Video Name": "1278e69e-c66d-4014-8e17-481d79c108ce",
        "Start Frame": 2280,
        "End Frame": 2400,
        "Caption": "#C C moves hand away from the lap; #C C places his left hand on his lap.; #C C moves left hand; #C C touches the face; #C C raises his left hand"
    },
    {
        "Video Name": "1278e69e-c66d-4014-8e17-481d79c108ce",
        "Start Frame": 2400,
        "End Frame": 2520,
        "Caption": "#C C turns around; #C C looks around; #C C stares at the floor; #C C drops the cup on the floor.; #C C turns the head right"
    },
    {
        "Video Name": "1278e69e-c66d-4014-8e17-481d79c108ce",
        "Start Frame": 2520,
        "End Frame": 2640,
        "Caption": "#C C places right hand on the lap; #C C places the cup on his lap.; #C C moves his legs; #C C looks around; #C C touches her clothe."
    },
    {
        "Video Name": "1278e69e-c66d-4014-8e17-481d79c108ce",
        "Start Frame": 2640,
        "End Frame": 2760,
        "Caption": "#C C cleans the floor with his left hand; #C C picks the cup.\n; #C C wipes hand on the wrapper; #C C moves the hand.; #C C wipes hand on the lap"
    },
    {
        "Video Name": "1278e69e-c66d-4014-8e17-481d79c108ce",
        "Start Frame": 2760,
        "End Frame": 2880,
        "Caption": "#C C scoops some wheats with the cup.; #C C places his left hand on his knee.; #C C moves hand away from the millstone; #C C touches the wheat bowl.; #C C drops the wheat bowl. "
    },
    {
        "Video Name": "1278e69e-c66d-4014-8e17-481d79c108ce",
        "Start Frame": 2880,
        "End Frame": 3000,
        "Caption": "#C C moves the grinder.; #C C turns the grinder.\n; #C C turns the grinder.; #C C turns the grinder.\n; #C C grinds the grains using a mill"
    },
    {
        "Video Name": "1278e69e-c66d-4014-8e17-481d79c108ce",
        "Start Frame": 3000,
        "End Frame": 3120,
        "Caption": "#C C turns the grinder.; #C C turns the grinder.\n; #C C grinds the wheat with a stone hand; #C C turns the grinder.; #C C grinds the grains using a millstone"
    },
    {
        "Video Name": "1278e69e-c66d-4014-8e17-481d79c108ce",
        "Start Frame": 3120,
        "End Frame": 3240,
        "Caption": "#C C scoops the grains using a tumbler; #C C scoops some wheats with the cup.\n; #C C scoops wheat berries in the basin with a steel tumb; #C C scoops some wheats with the cup.\n; #C C scoops more grains with the cup.\n"
    },
    {
        "Video Name": "1278e69e-c66d-4014-8e17-481d79c108ce",
        "Start Frame": 3240,
        "End Frame": 3360,
        "Caption": "#C C turns the grinder.; #C C puts the tumbler back into the container of; #C C stops grinding.; #C C pours the wheat into a grinder.; #C C pours the wheat into a grinder."
    },
    {
        "Video Name": "1278e69e-c66d-4014-8e17-481d79c108ce",
        "Start Frame": 3360,
        "End Frame": 3480,
        "Caption": "#C C moves hand away from millstone; #C C moves the left hand.; #C C grinds the wheat with a stone hand; #C C turns the grinder.\n; #C C grinds the grains using a millstone"
    },
    {
        "Video Name": "1278e69e-c66d-4014-8e17-481d79c108ce",
        "Start Frame": 3480,
        "End Frame": 3600,
        "Caption": "#C C rotates the millstone; #C C turns the grinder.; #C C turns the grinder.; #C C turns the grinder.; #C C rotates the millstone"
    },
    {
        "Video Name": "1278e69e-c66d-4014-8e17-481d79c108ce",
        "Start Frame": 3600,
        "End Frame": 3720,
        "Caption": "#C C moves the grinder.; #C C stops grinding.; #C C turns the grinder.; #C C grinds the grains using a mill; #C C moves the grinder.\n"
    },
    {
        "Video Name": "1278e69e-c66d-4014-8e17-481d79c108ce",
        "Start Frame": 3720,
        "End Frame": 3840,
        "Caption": "#C C wipes hand with clot; #C C looks around; #C C stares at the mill; #C C touches the carpet; #C C moves the leg."
    },
    {
        "Video Name": "1278e69e-c66d-4014-8e17-481d79c108ce",
        "Start Frame": 3840,
        "End Frame": 3960,
        "Caption": "#C C holds the cloth; #C C adjusts his legs.; #C C holds the cloth with his left hand.; #C C touches his leg ; #C C adjusts his cloth"
    },
    {
        "Video Name": "1278e69e-c66d-4014-8e17-481d79c108ce",
        "Start Frame": 3960,
        "End Frame": 4080,
        "Caption": "#C C touches his leg; #C C pulls his hand off the millstone; #C C removes a stone from the wheats; #C C moves the grain mill machine with his left hand; #C C drops the cup in the wheat bowl."
    },
    {
        "Video Name": "1278e69e-c66d-4014-8e17-481d79c108ce",
        "Start Frame": 4080,
        "End Frame": 4200,
        "Caption": "#C C puts the grains into the millstone; #C C pours the wheat into a grinder.; #C C pours the wheat into the grinder.; #C C pours wheat berries in the stone grain mill; #C C pours wheat berries in the stone grain mill"
    },
    {
        "Video Name": "1278e69e-c66d-4014-8e17-481d79c108ce",
        "Start Frame": 4200,
        "End Frame": 4320,
        "Caption": "#C C turns the grinder.\n; #C C turns the grinder.\n; #C C turns the grinder.\n; #C C grinds the grains using a mill; #C C turns the grinder.\n"
    },
    {
        "Video Name": "1278e69e-c66d-4014-8e17-481d79c108ce",
        "Start Frame": 4320,
        "End Frame": 4440,
        "Caption": "#C C turns the grinder.; #C C turns the grinder.\n; #C C turns the grinder.; #C C grinds the grains using a mill; #C C rotates the millstone"
    },
    {
        "Video Name": "1278e69e-c66d-4014-8e17-481d79c108ce",
        "Start Frame": 4440,
        "End Frame": 4560,
        "Caption": "#C C pours wheat berries in the stone grain mill; #C C moves the grinder.; #C C scoops some wheats with the cup.; #C C turns the grinder.; #C C removes the wheat from the millstone"
    },
    {
        "Video Name": "1278e69e-c66d-4014-8e17-481d79c108ce",
        "Start Frame": 4560,
        "End Frame": 4680,
        "Caption": "#C C turns the grinder.; #C C moves the hand.; #C C moves the grinder.; #C C drops the steel cup of chia seeds in the black basin of chia seeds in his right hand.; #C C drops the cup. "
    },
    {
        "Video Name": "1278e69e-c66d-4014-8e17-481d79c108ce",
        "Start Frame": 4680,
        "End Frame": 4800,
        "Caption": "#C C turns the grinder.; #C C puts the tumbler back into the basin of chia seeds.; #C C puts the tumbler in the basin; #C C grinds the wheat with a stone hand mill; #C C turns the grinder."
    },
    {
        "Video Name": "1278e69e-c66d-4014-8e17-481d79c108ce",
        "Start Frame": 4800,
        "End Frame": 4920,
        "Caption": "#C C scoops some wheats from the wheat bowl with the cup.; #C C scoops the grains using a tumbler; #C C scoops the grains using a tumbler; #C C scoops some wheats with the cup.\n; #C C scoops some wheats with the cup.\n"
    },
    {
        "Video Name": "1278e69e-c66d-4014-8e17-481d79c108ce",
        "Start Frame": 4920,
        "End Frame": 5040,
        "Caption": "#C C moves the right hand; #C C scoops wheat berries in the stone grain mill; #C C stares at the millstone; #C C puts the tumbler back into the container of; #C C moves the leg."
    },
    {
        "Video Name": "1278e69e-c66d-4014-8e17-481d79c108ce",
        "Start Frame": 5040,
        "End Frame": 5160,
        "Caption": "#C C looks around the compound; #C C stares at the grains; #C C looks around; #C C looks around; #C C looks around"
    },
    {
        "Video Name": "1278e69e-c66d-4014-8e17-481d79c108ce",
        "Start Frame": 5160,
        "End Frame": 5280,
        "Caption": "#C C looks around; #C C looks around the compound ; #C C removes the wooden handle from the grinder; #C C grinds the grains using a millstone; #C C stops grinding with his right hand."
    },
    {
        "Video Name": "1278e69e-c66d-4014-8e17-481d79c108ce",
        "Start Frame": 5280,
        "End Frame": 5400,
        "Caption": "#C C pours the wheat into a grinder; #C C turns the grinder.; #C C turns the grinder.\n; #C C turns the grinder.\n; #C C puts the tumbler down"
    }
]