[
    {
        "Video Name": "12808b52-811f-4316-9d81-884894763b51",
        "Start Frame": 0,
        "End Frame": 120,
        "Caption": "#C C touches cards on the table with his right hand.; #O The woman B moves the card on the table with her right hand; #O person X moves cards on the table ; #O The woman A packs some cards on the table with her left hand; #C C adjusts the cards on the table with his right hand."
    },
    {
        "Video Name": "12808b52-811f-4316-9d81-884894763b51",
        "Start Frame": 120,
        "End Frame": 240,
        "Caption": "#C C arranges the cards on the table ; #C C picks a card from the table with his left hand; #C C looks at cards; #C C arranges the cards on the table with his hands; #C C places the cards on the table "
    },
    {
        "Video Name": "12808b52-811f-4316-9d81-884894763b51",
        "Start Frame": 240,
        "End Frame": 360,
        "Caption": "#C C looks around; #C C looks around the table; #C C looks around the table; #C C looks around the table; #C C looks around"
    },
    {
        "Video Name": "12808b52-811f-4316-9d81-884894763b51",
        "Start Frame": 360,
        "End Frame": 480,
        "Caption": "#O A man W holds a can drink; #O The man A shuffles the cards with both hands; #O person Z touches the cards on a table; #O The man X shuffles the cards with his hands; #C C looks around"
    },
    {
        "Video Name": "12808b52-811f-4316-9d81-884894763b51",
        "Start Frame": 480,
        "End Frame": 600,
        "Caption": "#O person D moves cards in her hands ; #C C looks around; #O person B shuffles the card; #O The man D drops a card on the table with his right hand; #O The man B shuffles the cards with both hands."
    },
    {
        "Video Name": "12808b52-811f-4316-9d81-884894763b51",
        "Start Frame": 600,
        "End Frame": 720,
        "Caption": "#O person X picks cards from the table ; #O The man B takes the cards from the table with his right hand; #O The man A picks a card from the table with his right hand; #O person X puts cards on the table; #O The man B drops the card on the table with his right hand"
    },
    {
        "Video Name": "12808b52-811f-4316-9d81-884894763b51",
        "Start Frame": 720,
        "End Frame": 840,
        "Caption": "#O person D picks a card on the table; #O The man D touches his face with his left hand.; #C C looks around the table; #O The woman B touches her face with her right hand.; #O the man A picks a card from the cards in his left hand with his right hand"
    },
    {
        "Video Name": "12808b52-811f-4316-9d81-884894763b51",
        "Start Frame": 840,
        "End Frame": 960,
        "Caption": "#O A person X raises his left hand ; #O The woman Z moves some cards on the table with her right hand; #O person X touches the face; #O A man Y puts the phone on the table ; #O The man E places his right hand on the table."
    },
    {
        "Video Name": "12808b52-811f-4316-9d81-884894763b51",
        "Start Frame": 960,
        "End Frame": 1080,
        "Caption": "#O A person X interacts with C ; #O A person X  looks around; #O person A removes the hand from the table; #C C looks around the table ; #O the man A touches his face with his right hand"
    },
    {
        "Video Name": "12808b52-811f-4316-9d81-884894763b51",
        "Start Frame": 1080,
        "End Frame": 1200,
        "Caption": "#O The man Z places both hands on the table.; #O person A arranges his cards; #O person X moves the hand ; #O person Y puts the card on the table ; #O The man E places his right hand on the table"
    },
    {
        "Video Name": "12808b52-811f-4316-9d81-884894763b51",
        "Start Frame": 1200,
        "End Frame": 1320,
        "Caption": "#C C looks around the table; #C C looks around the table; #O The man A holds the pack of cards with his right hand.; #C C stares person B, D and E ; #O A man X touches a card on the table with his left hand"
    },
    {
        "Video Name": "12808b52-811f-4316-9d81-884894763b51",
        "Start Frame": 1320,
        "End Frame": 1440,
        "Caption": "#C C looks around the table ; #C C looks around the table ; #O person A stares at the table; #O person A looks around the table; #C C looks around the table "
    },
    {
        "Video Name": "12808b52-811f-4316-9d81-884894763b51",
        "Start Frame": 1440,
        "End Frame": 1560,
        "Caption": "#O The man D touches the table with his right hand.; #O The man D pushes some cards on the table with his right hand; #C C looks at the table; #O The man X places his right hand on the table.; #O The man A takes the cards on the table with his right hand"
    },
    {
        "Video Name": "12808b52-811f-4316-9d81-884894763b51",
        "Start Frame": 1560,
        "End Frame": 1680,
        "Caption": "#C C picks a bottle from the table ; #C C holds the bottle of water with his right hand.; #C C opens the bottle of water in his left hand with his right hand; #C C holds the bottle with both hands.; #C C picks a bottle "
    },
    {
        "Video Name": "12808b52-811f-4316-9d81-884894763b51",
        "Start Frame": 1680,
        "End Frame": 1800,
        "Caption": "#C C picks a bottle on the table with his left hand.; #C C opens the bottle of water with his left hand.; #C C picks a bottle; #C C picks a bottle of water on the table with his left hand; #C C picks a bottle from the table with his left hand."
    },
    {
        "Video Name": "12808b52-811f-4316-9d81-884894763b51",
        "Start Frame": 1800,
        "End Frame": 1920,
        "Caption": "#C C looks at the table; #C C picks a bottle from the table; #C C picks a bottle from the table with his right hand; #C C picks a bottle of water; #C C picks a bottle of water"
    },
    {
        "Video Name": "12808b52-811f-4316-9d81-884894763b51",
        "Start Frame": 1920,
        "End Frame": 2040,
        "Caption": "#C C puts water bottle on the table; #C C puts the bottle of water on the table; #C C puts the bottle on the table; #C C drops the water bottle on the table with his right hand.; #C C drops the bottle of water on the table with his right hand"
    },
    {
        "Video Name": "12808b52-811f-4316-9d81-884894763b51",
        "Start Frame": 2040,
        "End Frame": 2160,
        "Caption": "#C C holds the cup; #C C raises his left; #C C stretches his hand; #C C looks at the; #C C holds a cup"
    },
    {
        "Video Name": "12808b52-811f-4316-9d81-884894763b51",
        "Start Frame": 2160,
        "End Frame": 2280,
        "Caption": "#C C takes the drink; #C C drinks from the cup; #C C drinks from the cup of beer in his left hand; #C C drinks from the cup; #C C drinks from the cup in his right hand."
    },
    {
        "Video Name": "12808b52-811f-4316-9d81-884894763b51",
        "Start Frame": 2280,
        "End Frame": 2400,
        "Caption": "#C C sips from the can; #C C drinks juice; #O man A touches the table with his right hand; #O man Z drops a card on the table; #C C drinks from the glass"
    },
    {
        "Video Name": "12808b52-811f-4316-9d81-884894763b51",
        "Start Frame": 2400,
        "End Frame": 2520,
        "Caption": "#C C drops the cup of beer on the table with his right hand; #C C drops the cup of drink on the table with his right hand; #C C puts the glass of juice on the table; #C C takes a drink from the cup with his right hand.; #C C puts the glass of drink on the table"
    },
    {
        "Video Name": "12808b52-811f-4316-9d81-884894763b51",
        "Start Frame": 2520,
        "End Frame": 2640,
        "Caption": "#C C looks around the table; #C C places both hands on a table.; #C C looks around ; #C C folds his hands; #O The man B places his right hand on the table"
    },
    {
        "Video Name": "12808b52-811f-4316-9d81-884894763b51",
        "Start Frame": 2640,
        "End Frame": 2760,
        "Caption": "#O The woman X places her left hand on the table; #C C folds the hands together; #C C looks around; #C C looks at person X; #C C looks around"
    },
    {
        "Video Name": "12808b52-811f-4316-9d81-884894763b51",
        "Start Frame": 2760,
        "End Frame": 2880,
        "Caption": "#O The man B drops the cards on the table with his right hand; #O person Y  holds hands together; #O The man Y raises his left hand.; #C C looks at the cards on the table; #O The man X places his left hand on the table."
    },
    {
        "Video Name": "12808b52-811f-4316-9d81-884894763b51",
        "Start Frame": 2880,
        "End Frame": 3000,
        "Caption": "#C C looks around the table; #O The woman Y picks a card from the cards in her left hand with her right hand; #C C looks around; #C C looks around the table; #C C looks around the table"
    },
    {
        "Video Name": "12808b52-811f-4316-9d81-884894763b51",
        "Start Frame": 3000,
        "End Frame": 3120,
        "Caption": "#C C looks around the table; #C C looks at the table; #C C looks around the table; #C C looks around the table; #O person X touches the table"
    },
    {
        "Video Name": "12808b52-811f-4316-9d81-884894763b51",
        "Start Frame": 3120,
        "End Frame": 3240,
        "Caption": "#O The woman Z places the card on the table with her left hand.; #O The man A shuffles the cards in his right hand with his left hand; #C C looks around; #C C looks at the table; #C C looks around"
    },
    {
        "Video Name": "12808b52-811f-4316-9d81-884894763b51",
        "Start Frame": 3240,
        "End Frame": 3360,
        "Caption": "#O person Y places the cards on the table; #O person X picks cards from the table ; #O person X moves cards on the table ; #O person X puts cards on the table ; #O person Z touches the table"
    },
    {
        "Video Name": "12808b52-811f-4316-9d81-884894763b51",
        "Start Frame": 3360,
        "End Frame": 3480,
        "Caption": "#C C adjusts the camera; #C C adjusts the camera; #O The man A places both hands on a table; #O person X adjusts the camera on the head; #O person Y  adjusts the camera"
    },
    {
        "Video Name": "12808b52-811f-4316-9d81-884894763b51",
        "Start Frame": 3480,
        "End Frame": 3600,
        "Caption": "#O The man X arranges the cards on the table with both hands.; #O the man X picks a card from the cards in his right hand with his left hand; #O The man A drops the deck of cards in his right hand on the table.; #O The man B drops some cards on the table with his right hand.; #O The man A drops the cards in his right hand on the table."
    },
    {
        "Video Name": "12808b52-811f-4316-9d81-884894763b51",
        "Start Frame": 3600,
        "End Frame": 3720,
        "Caption": "#O The man A moves the cards on the table with his left hand; #O person Y picks the cards from the table ; #O The man X drops the cards on the table with his right hand; #O The man B adjusts the cards on the table with his left hand; #O person Z puts the cards on the table "
    },
    {
        "Video Name": "12808b52-811f-4316-9d81-884894763b51",
        "Start Frame": 3720,
        "End Frame": 3840,
        "Caption": "#C C arranges cards on a table; #O The man B drops the cards on the table with his right hand; #C C moves the cards on the table with his right hand.; #O person Y puts cards on a table; #C C arranges the cards on the table with both hands."
    },
    {
        "Video Name": "12808b52-811f-4316-9d81-884894763b51",
        "Start Frame": 3840,
        "End Frame": 3960,
        "Caption": "#O The man X moves the cards on the table with his left hand; #O person X collects the cards ; #O person X puts cards on a table ; #C C shuffles the cards with both hands.; #C C stares at the table"
    },
    {
        "Video Name": "12808b52-811f-4316-9d81-884894763b51",
        "Start Frame": 3960,
        "End Frame": 4080,
        "Caption": "#O person A picks cards on a table; #O person A moves the cards on the table ; #C C looks around the table ; #C C looks at cards on a table; #O The man Z places the cards in his right hand on the table"
    },
    {
        "Video Name": "12808b52-811f-4316-9d81-884894763b51",
        "Start Frame": 4080,
        "End Frame": 4200,
        "Caption": "#O person A arranges the cards on a table; #O person X puts a card on a table; #O person Z picks cards on the table ; #O person D picks up cards on a table; #O the man X shuffles the cards on the table with both hands"
    },
    {
        "Video Name": "12808b52-811f-4316-9d81-884894763b51",
        "Start Frame": 4200,
        "End Frame": 4320,
        "Caption": "#O person Y puts cards on the table ; #O person X places cards on the table ; #O person X puts a card on the table ; #O The man W drops the set of cards on the table with his left hand; #O person X picks cards on a table"
    },
    {
        "Video Name": "12808b52-811f-4316-9d81-884894763b51",
        "Start Frame": 4320,
        "End Frame": 4440,
        "Caption": "#O The man A arranges the cards on the table with his right hand.; #C C shuffles cards on the table with both hands.; #C C moves the cards on the table with his right hand.; #O The man B places the deck of cards on the table with his left hand; #O The man A places some cards on the table with his right hand."
    },
    {
        "Video Name": "12808b52-811f-4316-9d81-884894763b51",
        "Start Frame": 4440,
        "End Frame": 4560,
        "Caption": "#C C holds the cards in his left hand; #C C holds the cards with his left hand; #O person Z moves the cards on a table; #C C looks at cards on a table; #O person X picks the cards from the table"
    },
    {
        "Video Name": "12808b52-811f-4316-9d81-884894763b51",
        "Start Frame": 4560,
        "End Frame": 4680,
        "Caption": "#C C touches the cards; #C C picks cards from the table ; #C C takes a card from the cards on the table with his right hand; #C C arranges cards in his hands ; #C C shuffles the cards"
    },
    {
        "Video Name": "12808b52-811f-4316-9d81-884894763b51",
        "Start Frame": 4680,
        "End Frame": 4800,
        "Caption": "#C C looks at his cards; #C C looks at the cards in his; #C C looks at the cards; #C C looks at the cards; #C C shuffles the cards "
    },
    {
        "Video Name": "12808b52-811f-4316-9d81-884894763b51",
        "Start Frame": 4800,
        "End Frame": 4920,
        "Caption": "#O The man Z adjusts a card on the table with his right hand; #O The woman Y picks the card on the table with her left hand; #O The man A moves a card on the table with his right hand; #O person D moves cards on the table ; #O The man A moves the cards on the table with his right hand"
    },
    {
        "Video Name": "12808b52-811f-4316-9d81-884894763b51",
        "Start Frame": 4920,
        "End Frame": 5040,
        "Caption": "#C C arranges the cards; #O person B puts a card on a table; #O person B picks a card from the table; #C C arranges the cards; #C C checks the cards"
    },
    {
        "Video Name": "12808b52-811f-4316-9d81-884894763b51",
        "Start Frame": 5040,
        "End Frame": 5160,
        "Caption": "#C C arranges the cards; #C C arranges the cards in his hands; #C C picks up the cards; #C C arranges the cards in his hands; #O person D puts cards on a table"
    },
    {
        "Video Name": "12808b52-811f-4316-9d81-884894763b51",
        "Start Frame": 5160,
        "End Frame": 5280,
        "Caption": "#C C arranges the cards in his hands; #O person B picks a card from the table; #O person X puts a phone on a table; #C C arranges cards; #C C shuffles the cards with both hands"
    },
    {
        "Video Name": "12808b52-811f-4316-9d81-884894763b51",
        "Start Frame": 5280,
        "End Frame": 5400,
        "Caption": "#C C turns a card; #C C holds the cards with both hands.; #C C puts a card on a table; #C C drops a card on the table with his right hand; #C C puts card on the table"
    }
]