[
    {
        "Video Name": "12f0f8e8-4714-46aa-b6f5-33fb104f7b31",
        "Start Frame": 0,
        "End Frame": 120,
        "Caption": "#O man X picks sponge from the floor; #O person X wipes the door with a paper towel; #O man X talks to C; #C C looks around; #O person X picks the paint can "
    },
    {
        "Video Name": "12f0f8e8-4714-46aa-b6f5-33fb104f7b31",
        "Start Frame": 120,
        "End Frame": 240,
        "Caption": "#O man X picks a paint tin; #C C talks to person X; #O man X puts the cup on the; #O man Y picks a container ; #O man Y puts the paint down"
    },
    {
        "Video Name": "12f0f8e8-4714-46aa-b6f5-33fb104f7b31",
        "Start Frame": 240,
        "End Frame": 360,
        "Caption": "#C C looks at person X; #O man Y looks at the paint; #O man X talks to C; #C C looks around; #O man X picks the paint"
    },
    {
        "Video Name": "12f0f8e8-4714-46aa-b6f5-33fb104f7b31",
        "Start Frame": 360,
        "End Frame": 480,
        "Caption": "#O man Y picks the paint; #O man Y talks to C; #C C looks at person X; #O man Y cleans the cover; #O man Y  wipes the"
    },
    {
        "Video Name": "12f0f8e8-4714-46aa-b6f5-33fb104f7b31",
        "Start Frame": 480,
        "End Frame": 600,
        "Caption": "#C C talks to man X; #C C looks at person X; #C C looks at person X; #O person X wipes the floor with the; #C C looks around"
    },
    {
        "Video Name": "12f0f8e8-4714-46aa-b6f5-33fb104f7b31",
        "Start Frame": 600,
        "End Frame": 720,
        "Caption": "#O man X talks to C; #O man X talks to C; #O man X talks to C; #O man Y picks the paint; #O man Y picks a paper"
    },
    {
        "Video Name": "12f0f8e8-4714-46aa-b6f5-33fb104f7b31",
        "Start Frame": 720,
        "End Frame": 840,
        "Caption": "#C C talks to man; #O man X talks to; #C C looks at man; #O man X wipes the; #C C looks around"
    },
    {
        "Video Name": "12f0f8e8-4714-46aa-b6f5-33fb104f7b31",
        "Start Frame": 840,
        "End Frame": 960,
        "Caption": "#O man X talks to C; #O man Y picks a piece of; #O man Y talks to C; #O man X talks to C; #O man X talks to C"
    },
    {
        "Video Name": "12f0f8e8-4714-46aa-b6f5-33fb104f7b31",
        "Start Frame": 960,
        "End Frame": 1080,
        "Caption": "#C C looks around; #C C converses with man; #C C looks around; #C C looks around; #C C looks around"
    },
    {
        "Video Name": "12f0f8e8-4714-46aa-b6f5-33fb104f7b31",
        "Start Frame": 1080,
        "End Frame": 1200,
        "Caption": "#C C opens the bottle; #C C pours the content of the bottle into the; #C C closes the bottle ; #C C opens the bottle; #C C opens the container"
    },
    {
        "Video Name": "12f0f8e8-4714-46aa-b6f5-33fb104f7b31",
        "Start Frame": 1200,
        "End Frame": 1320,
        "Caption": "#C C closes the bottle; #C C opens the tin of; #C C opens the bottle; #C C closes the bottle of; #C C opens the bottle"
    },
    {
        "Video Name": "12f0f8e8-4714-46aa-b6f5-33fb104f7b31",
        "Start Frame": 1320,
        "End Frame": 1440,
        "Caption": "#C C stirs the food; #c c stirs the onions; #c c stirs the food ; #c c stirs the food with a cooking; #C C puts the cooking stick on the pan"
    },
    {
        "Video Name": "12f0f8e8-4714-46aa-b6f5-33fb104f7b31",
        "Start Frame": 1440,
        "End Frame": 1560,
        "Caption": "#C C opens the bottle; #C C adds # unsure in the; #C C opens the bottle; #C C adds the ingredient to the; #C C adds spice in the food"
    },
    {
        "Video Name": "12f0f8e8-4714-46aa-b6f5-33fb104f7b31",
        "Start Frame": 1560,
        "End Frame": 1680,
        "Caption": "#C C stirs the food ; #c c stirs the food with a cooking; #C C stirs the food; #C C places the cooking stick on the table; #c c stirs the food"
    },
    {
        "Video Name": "12f0f8e8-4714-46aa-b6f5-33fb104f7b31",
        "Start Frame": 1680,
        "End Frame": 1800,
        "Caption": "#C C mixes the vegetables; #C C stirs the; #C C mixes the food; #C C mixes the food; #C C stirs the"
    },
    {
        "Video Name": "12f0f8e8-4714-46aa-b6f5-33fb104f7b31",
        "Start Frame": 1800,
        "End Frame": 1920,
        "Caption": "#C C Mixes the food; #C C stirs the vegetables; #C C mixes the onion with the; #c c stirs the onions ; #C C mixes the food"
    },
    {
        "Video Name": "12f0f8e8-4714-46aa-b6f5-33fb104f7b31",
        "Start Frame": 1920,
        "End Frame": 2040,
        "Caption": "#C C mixes the food; #C C stirs the; #C C mixes the vegetables; #C C mixes the food; #c c stirs the"
    },
    {
        "Video Name": "12f0f8e8-4714-46aa-b6f5-33fb104f7b31",
        "Start Frame": 2040,
        "End Frame": 2160,
        "Caption": "#C C stirs the; #c c stirs the; #C C stirs the; #C C stirs the; #C C stirs the"
    },
    {
        "Video Name": "12f0f8e8-4714-46aa-b6f5-33fb104f7b31",
        "Start Frame": 2160,
        "End Frame": 2280,
        "Caption": "#C C stirs the food; #c c stirs the food; #C C mixes the food; #c c talks to #o person X; #c c stirs the onions with a cooking"
    },
    {
        "Video Name": "12f0f8e8-4714-46aa-b6f5-33fb104f7b31",
        "Start Frame": 2280,
        "End Frame": 2400,
        "Caption": "#C C walks in the; #C C raises hand up; #c c wipes face with; #C C eats food; #C C wipes face"
    },
    {
        "Video Name": "12f0f8e8-4714-46aa-b6f5-33fb104f7b31",
        "Start Frame": 2400,
        "End Frame": 2520,
        "Caption": "#C C picks up the knife; #C C picks the packet of ground; #C C picks up a packet of; #c c picks a knife; #C C picks up the packet of"
    },
    {
        "Video Name": "12f0f8e8-4714-46aa-b6f5-33fb104f7b31",
        "Start Frame": 2520,
        "End Frame": 2640,
        "Caption": "#C C eats the; #C C opens the; #c c tears the; #C C picks the; #C C picks the"
    },
    {
        "Video Name": "12f0f8e8-4714-46aa-b6f5-33fb104f7b31",
        "Start Frame": 2640,
        "End Frame": 2760,
        "Caption": "# C c puts phone on table; #C C picks a camera; #C C adjusts camera on her; #C C puts down the maize; #C C talks to #OO"
    },
    {
        "Video Name": "12f0f8e8-4714-46aa-b6f5-33fb104f7b31",
        "Start Frame": 2760,
        "End Frame": 2880,
        "Caption": "#C C opens the paper; #C C closes the fridge; #C C picks maize from the; #C C checks the maize; #C C opens the paper"
    },
    {
        "Video Name": "12f0f8e8-4714-46aa-b6f5-33fb104f7b31",
        "Start Frame": 2880,
        "End Frame": 3000,
        "Caption": "#C C opens the polythe; #C C opens the maize; #C C opens the package; #C C opens the packet of; #C C opens the packet of"
    },
    {
        "Video Name": "12f0f8e8-4714-46aa-b6f5-33fb104f7b31",
        "Start Frame": 3000,
        "End Frame": 3120,
        "Caption": "#C C walks in the kitchen; #C C walks across the kitchen; #C C walks in the kitchen; #C C closes the fridge; #C C Walks towards the counter"
    },
    {
        "Video Name": "12f0f8e8-4714-46aa-b6f5-33fb104f7b31",
        "Start Frame": 3120,
        "End Frame": 3240,
        "Caption": "#C C closes the fridge; #C C walks in the kitchen; #C C walks in the kitchen; #C C walks around; #C C walks towards the kitchen"
    },
    {
        "Video Name": "12f0f8e8-4714-46aa-b6f5-33fb104f7b31",
        "Start Frame": 3240,
        "End Frame": 3360,
        "Caption": "#c c pick the maize corn; #C C opens the polythe; #C C opens the packet of; #C C opens the maize; #C C opens the maize"
    },
    {
        "Video Name": "12f0f8e8-4714-46aa-b6f5-33fb104f7b31",
        "Start Frame": 3360,
        "End Frame": 3480,
        "Caption": "#C C picks the packet of maize; #C C picks the ginger from the counter top; #c c picks a paper; #C C picks up the sachet; #C C closes the fridge"
    },
    {
        "Video Name": "12f0f8e8-4714-46aa-b6f5-33fb104f7b31",
        "Start Frame": 3480,
        "End Frame": 3600,
        "Caption": "#C C stirs the food; #C C Mixes the food; #c c stirs the onions; #C C stirs the vegetables; #C C Mixes the food"
    },
    {
        "Video Name": "12f0f8e8-4714-46aa-b6f5-33fb104f7b31",
        "Start Frame": 3600,
        "End Frame": 3720,
        "Caption": "#C C stirs the; #C C mixes the vegetables; #C C stirs the; #C C stirs the; #C C mixes the food"
    },
    {
        "Video Name": "12f0f8e8-4714-46aa-b6f5-33fb104f7b31",
        "Start Frame": 3720,
        "End Frame": 3840,
        "Caption": "#C C puts the wooden spoon on the counter; #c c removes hand from the cooking stick; #c c stirs the onions with the wooden; #C C mixes the food ; #c c stirs the food"
    },
    {
        "Video Name": "12f0f8e8-4714-46aa-b6f5-33fb104f7b31",
        "Start Frame": 3840,
        "End Frame": 3960,
        "Caption": "#C C picks the carrot; #C C picks the vegetable; #c c pick the veggies; #C C picks up the carrot; #C C picks the cori"
    },
    {
        "Video Name": "12f0f8e8-4714-46aa-b6f5-33fb104f7b31",
        "Start Frame": 3960,
        "End Frame": 4080,
        "Caption": "#C C puts the spoon in the bin; #C C puts the food in the dust; #C C opens the bin; #C C puts the bottle aside; #C C puts the can down"
    },
    {
        "Video Name": "12f0f8e8-4714-46aa-b6f5-33fb104f7b31",
        "Start Frame": 4080,
        "End Frame": 4200,
        "Caption": "#C C walks around; #C C walks around the house; #C C walks around the house; #C C walks around ; #C C stands in front of the"
    },
    {
        "Video Name": "12f0f8e8-4714-46aa-b6f5-33fb104f7b31",
        "Start Frame": 4200,
        "End Frame": 4320,
        "Caption": "#C C looks around; #C C moves the hand; #C C sits on the; #C C moves the leg; #C C looks around"
    },
    {
        "Video Name": "12f0f8e8-4714-46aa-b6f5-33fb104f7b31",
        "Start Frame": 4320,
        "End Frame": 4440,
        "Caption": "#O man Y picks a paint; #O person X puts the paint can down; #O man X puts paint can on the; #O man Y picks a paint ; #O person X puts the paint on the"
    },
    {
        "Video Name": "12f0f8e8-4714-46aa-b6f5-33fb104f7b31",
        "Start Frame": 4440,
        "End Frame": 4560,
        "Caption": "#C C looks; #C C looks; #C C looks; #C C looks; #C C looks"
    },
    {
        "Video Name": "12f0f8e8-4714-46aa-b6f5-33fb104f7b31",
        "Start Frame": 4560,
        "End Frame": 4680,
        "Caption": "#C C opens the drawer; #c c opens the kitchen; #C C opens a drawer; #C C opens the drawer; #C C opens the drawer"
    },
    {
        "Video Name": "12f0f8e8-4714-46aa-b6f5-33fb104f7b31",
        "Start Frame": 4680,
        "End Frame": 4800,
        "Caption": "#C C walks around; #O person X picks the kitchen; #C C walks around ; #C C walks around; #C C walks around the room"
    },
    {
        "Video Name": "12f0f8e8-4714-46aa-b6f5-33fb104f7b31",
        "Start Frame": 4800,
        "End Frame": 4920,
        "Caption": "#C C puts the kettle on the counter; #C C switches on the water kettle; #C C walks in the house; #C C looks around; #C C turns off the blender "
    },
    {
        "Video Name": "12f0f8e8-4714-46aa-b6f5-33fb104f7b31",
        "Start Frame": 4920,
        "End Frame": 5040,
        "Caption": "#C C holds the cooking stick; #C C stirs the food; #C C picks up the cooking; #C C stirs the food; #C C picks the cooking stick"
    },
    {
        "Video Name": "12f0f8e8-4714-46aa-b6f5-33fb104f7b31",
        "Start Frame": 5040,
        "End Frame": 5160,
        "Caption": "#C C mixes the food; #C C mixes the food; #c c stirs the onions ; #c c stirs the onions in the cooking pan; #c c stirs the onions"
    },
    {
        "Video Name": "12f0f8e8-4714-46aa-b6f5-33fb104f7b31",
        "Start Frame": 5160,
        "End Frame": 5280,
        "Caption": "#c c stirs the food; #C C stirs the food; #c c stirs the vegetables; #c c stirs the onions; #c c mixes the food"
    },
    {
        "Video Name": "12f0f8e8-4714-46aa-b6f5-33fb104f7b31",
        "Start Frame": 5280,
        "End Frame": 5400,
        "Caption": "#c c stirs the food; #c c stirs the food with the wooden; #C C mixes the food; #C C mixes the food; #c c talks to #o person X"
    }
]