[
    {
        "Video Name": "1309e766-14cb-4d32-8724-5d294e7d4fd6",
        "Start Frame": 0,
        "End Frame": 120,
        "Caption": "#C C removes the metal from the drill press; #C C hits the metal; #C C hits metal with a driller ; #C C drills hole on the metal; #C C hits metal"
    },
    {
        "Video Name": "1309e766-14cb-4d32-8724-5d294e7d4fd6",
        "Start Frame": 120,
        "End Frame": 240,
        "Caption": "#C C drills a hole on the; #C C adjusts the metal; #C C moves the metal up; #C C holds the metal; #C C adjusts the driller"
    },
    {
        "Video Name": "1309e766-14cb-4d32-8724-5d294e7d4fd6",
        "Start Frame": 240,
        "End Frame": 360,
        "Caption": "#C C adjusts the metal; #C C puts the metal on the drill; #C C puts metal on the driller; #C C hits the metal rod with a; #C C holds the metal"
    },
    {
        "Video Name": "1309e766-14cb-4d32-8724-5d294e7d4fd6",
        "Start Frame": 360,
        "End Frame": 480,
        "Caption": "#C C drills the metal with a drill; #C C places metal on the machine; #C C makes a hole on the metal; #C C holds metal with the left hand; #C C drills the metal"
    },
    {
        "Video Name": "1309e766-14cb-4d32-8724-5d294e7d4fd6",
        "Start Frame": 480,
        "End Frame": 600,
        "Caption": "#C C holds the metal; #C C puts metal on the drill; #C C moves the metal; #C C puts the metal on the; #C C looks around the workshop"
    },
    {
        "Video Name": "1309e766-14cb-4d32-8724-5d294e7d4fd6",
        "Start Frame": 600,
        "End Frame": 720,
        "Caption": "#C C holds the drill press machine; #C C turns on the drill press; #C C touches the machine; #C C puts on the drill press; #C C puts the bottle on the"
    },
    {
        "Video Name": "1309e766-14cb-4d32-8724-5d294e7d4fd6",
        "Start Frame": 720,
        "End Frame": 840,
        "Caption": "#C C puts bottle on the stool; #C C drills the metal; #C C holds the bottle with his left; #C C holds the bottle; #C C places the bottle on the table"
    },
    {
        "Video Name": "1309e766-14cb-4d32-8724-5d294e7d4fd6",
        "Start Frame": 840,
        "End Frame": 960,
        "Caption": "#C C pours water on the metal; #C C pours water on the metal; #C C pours water on metal with a; #C C pours water on the metal; #C C pours water on the metal"
    },
    {
        "Video Name": "1309e766-14cb-4d32-8724-5d294e7d4fd6",
        "Start Frame": 960,
        "End Frame": 1080,
        "Caption": "#C C drops bottle; #C C places the bottle on the; #C C puts water on the metal; #C C puts water on the metal; #C C places bottle on the table"
    },
    {
        "Video Name": "1309e766-14cb-4d32-8724-5d294e7d4fd6",
        "Start Frame": 1080,
        "End Frame": 1200,
        "Caption": "#C C pours water on the; #C C sprays water on the; #C C puts water on the metal; #C C pours water on the; #C C pours water on the"
    },
    {
        "Video Name": "1309e766-14cb-4d32-8724-5d294e7d4fd6",
        "Start Frame": 1200,
        "End Frame": 1320,
        "Caption": "#C C drills a hole in a metal with a drill press; #C C adjusts the drill press machine.; #C C picks a bottle of water ; #C C moves the bottle on the metal; #C C drills the metal "
    },
    {
        "Video Name": "1309e766-14cb-4d32-8724-5d294e7d4fd6",
        "Start Frame": 1320,
        "End Frame": 1440,
        "Caption": "#C C sprays water on the metal; #C C adjusts a wheel on the drill press; #C C drills metal; #C C drills the metal; #C C puts the bottle of oil on the"
    },
    {
        "Video Name": "1309e766-14cb-4d32-8724-5d294e7d4fd6",
        "Start Frame": 1440,
        "End Frame": 1560,
        "Caption": "#C C pours water on the; #C C pours water on the; #C C applies water on the metal; #C C pours water on the; #C C pours water on the"
    },
    {
        "Video Name": "1309e766-14cb-4d32-8724-5d294e7d4fd6",
        "Start Frame": 1560,
        "End Frame": 1680,
        "Caption": "#C C moves the metal; #C C puts down the bottle ; #C C puts the bottle of coolant on the work table with his left hand; #C C places the bottle on the table; #C C moves the bottle"
    },
    {
        "Video Name": "1309e766-14cb-4d32-8724-5d294e7d4fd6",
        "Start Frame": 1680,
        "End Frame": 1800,
        "Caption": "#C C picks a bottle from the; #C C turns the hand wheel; #C C moves the metal on the; #C C drills the metal; #C C holds the metal"
    },
    {
        "Video Name": "1309e766-14cb-4d32-8724-5d294e7d4fd6",
        "Start Frame": 1800,
        "End Frame": 1920,
        "Caption": "#C C puts metal in the holder; #C C removes the metal from the machine; #C C adjusts metal rod ; #C C pulls a metal with his right hand; #C C rotates the metal"
    },
    {
        "Video Name": "1309e766-14cb-4d32-8724-5d294e7d4fd6",
        "Start Frame": 1920,
        "End Frame": 2040,
        "Caption": "#C C adjusts metal; #C C looks around; #C C looks around; #C C moves the; #C C picks the"
    },
    {
        "Video Name": "1309e766-14cb-4d32-8724-5d294e7d4fd6",
        "Start Frame": 2040,
        "End Frame": 2160,
        "Caption": "#C C lifts the; #C C looks around; #C C looks around; #C C looks around; #C C looks around"
    },
    {
        "Video Name": "1309e766-14cb-4d32-8724-5d294e7d4fd6",
        "Start Frame": 2160,
        "End Frame": 2280,
        "Caption": "#C C touches the machine; #C C operates the machine; #C C adjusts the machine; #C C operates the drill press machine; #C C holds the metal with both hands"
    },
    {
        "Video Name": "1309e766-14cb-4d32-8724-5d294e7d4fd6",
        "Start Frame": 2280,
        "End Frame": 2400,
        "Caption": "#C C looks around; #C C pulls the metal; #C C holds metal; #C C holds the metal; #C C adjusts a piece of metal in the drill press"
    },
    {
        "Video Name": "1309e766-14cb-4d32-8724-5d294e7d4fd6",
        "Start Frame": 2400,
        "End Frame": 2520,
        "Caption": "#C C pours water on the bottle; #C C pours water on the bottle; #C C pours water on the bottle; #C C puts bottle on the metal; #C C pours water on the bottle"
    },
    {
        "Video Name": "1309e766-14cb-4d32-8724-5d294e7d4fd6",
        "Start Frame": 2520,
        "End Frame": 2640,
        "Caption": "#C C picks a bottle of water; #C C picks a bottle ; #C C pours coolant on the metal piece from the bottle of coolant in his left hand; #C C picks the bottle; #C C puts down the bottle"
    },
    {
        "Video Name": "1309e766-14cb-4d32-8724-5d294e7d4fd6",
        "Start Frame": 2640,
        "End Frame": 2760,
        "Caption": "#C C pours water on the; #C C pours water on the; #C C pours water on the; #C C pours water on the; #C C pours water on the"
    },
    {
        "Video Name": "1309e766-14cb-4d32-8724-5d294e7d4fd6",
        "Start Frame": 2760,
        "End Frame": 2880,
        "Caption": "#C C pours water on the; #C C pours water on the; #C C pours water on the; #C C pours water on the; #C C pours water on the"
    },
    {
        "Video Name": "1309e766-14cb-4d32-8724-5d294e7d4fd6",
        "Start Frame": 2880,
        "End Frame": 3000,
        "Caption": "#C C pours water on the; #C C pours water on the; #C C pours water on the; #C C pours water on the; #C C pours water on the"
    },
    {
        "Video Name": "1309e766-14cb-4d32-8724-5d294e7d4fd6",
        "Start Frame": 3000,
        "End Frame": 3120,
        "Caption": "#C C picks a bottle of water; #C C picks the bottle; #C C holds a bottle; #C C puts the bottle aside; #C C puts the bottle on the table"
    },
    {
        "Video Name": "1309e766-14cb-4d32-8724-5d294e7d4fd6",
        "Start Frame": 3120,
        "End Frame": 3240,
        "Caption": "#C C pours water on a metal; #C C moves the bottle; #C C puts a bottle on the bench; #C C pours water on the metal; #C C puts the bottle on the table"
    },
    {
        "Video Name": "1309e766-14cb-4d32-8724-5d294e7d4fd6",
        "Start Frame": 3240,
        "End Frame": 3360,
        "Caption": "#C C pours water on the; #C C pours water on the; #C C pours water on the; #C C pours water on metal; #C C pours water on the"
    },
    {
        "Video Name": "1309e766-14cb-4d32-8724-5d294e7d4fd6",
        "Start Frame": 3360,
        "End Frame": 3480,
        "Caption": "#C C pours water on the; #C C pours water on metal; #C C pours water on the; #C C pours water on the; #C C pours water on the"
    },
    {
        "Video Name": "1309e766-14cb-4d32-8724-5d294e7d4fd6",
        "Start Frame": 3480,
        "End Frame": 3600,
        "Caption": "#C C pours water on the; #C C pours water on the; #C C pours water on the; #C C pours water on the; #C C pours water on the"
    },
    {
        "Video Name": "1309e766-14cb-4d32-8724-5d294e7d4fd6",
        "Start Frame": 3600,
        "End Frame": 3720,
        "Caption": "#C C pours water on the metal; #C C pours water on the metal; #C C pours coolant on the metal; #C C pours water on the metal; #C C pours water on the metal"
    },
    {
        "Video Name": "1309e766-14cb-4d32-8724-5d294e7d4fd6",
        "Start Frame": 3720,
        "End Frame": 3840,
        "Caption": "#C C adjusts the wheel; #C C drops the bottle of water; #C C moves the bottle; #C C drills a hole in a metal with a drill press; #C C puts the bottle down "
    },
    {
        "Video Name": "1309e766-14cb-4d32-8724-5d294e7d4fd6",
        "Start Frame": 3840,
        "End Frame": 3960,
        "Caption": "#C C turns the hand wheel; #C C puts metal on the machine; #C C holds a metal with right hand; #C C adjusts the metal; #C C puts metal on the drill press"
    },
    {
        "Video Name": "1309e766-14cb-4d32-8724-5d294e7d4fd6",
        "Start Frame": 3960,
        "End Frame": 4080,
        "Caption": "#C C puts metal on the table; #C C puts metal on the table; #C C puts metal down ; #C C drills hole on metal with a driller; #C C puts metal on the table"
    },
    {
        "Video Name": "1309e766-14cb-4d32-8724-5d294e7d4fd6",
        "Start Frame": 4080,
        "End Frame": 4200,
        "Caption": "#C C holds a metal; #C C adjusts a machine; #C C adjusts the drill press; #C C adjusts the driller; #C C adjusts the machine"
    },
    {
        "Video Name": "1309e766-14cb-4d32-8724-5d294e7d4fd6",
        "Start Frame": 4200,
        "End Frame": 4320,
        "Caption": "#C C pours water on the; #C C pours water on the; #C C pours water on the; #C C pours water on the; #C C pours water on the"
    },
    {
        "Video Name": "1309e766-14cb-4d32-8724-5d294e7d4fd6",
        "Start Frame": 4320,
        "End Frame": 4440,
        "Caption": "#C C pours water on the metal; #C C pours water on the metal; #C C pours water on the metal; #C C pours water on the metal; #C C pours water on the metal"
    },
    {
        "Video Name": "1309e766-14cb-4d32-8724-5d294e7d4fd6",
        "Start Frame": 4440,
        "End Frame": 4560,
        "Caption": "#C C pours water on the; #C C pours water on the; #C C pours water on the; #C C pours water on the; #C C pours water on the"
    },
    {
        "Video Name": "1309e766-14cb-4d32-8724-5d294e7d4fd6",
        "Start Frame": 4560,
        "End Frame": 4680,
        "Caption": "#C C pours water on metal; #C C pours water on the metal; #C C pours water on metal with; #C C pours water on the metal; #C C pours water on metal with"
    },
    {
        "Video Name": "1309e766-14cb-4d32-8724-5d294e7d4fd6",
        "Start Frame": 4680,
        "End Frame": 4800,
        "Caption": "#C C pours water on the; #C C pours water on the; #C C pours water on the; #C C pours water on the; #C C pours water on metal"
    },
    {
        "Video Name": "1309e766-14cb-4d32-8724-5d294e7d4fd6",
        "Start Frame": 4800,
        "End Frame": 4920,
        "Caption": "#C C drills the metal with a drill machine; #C C moves the hand; #C C moves the hand on the metal; #C C holds drill press handle with the right hand; #C C moves the hand on the metal"
    },
    {
        "Video Name": "1309e766-14cb-4d32-8724-5d294e7d4fd6",
        "Start Frame": 4920,
        "End Frame": 5040,
        "Caption": "#C C picks the metal; #C C holds the bottle with his right; #C C picks the bottle; #C C picks up the metal; #C C picks a metal"
    },
    {
        "Video Name": "1309e766-14cb-4d32-8724-5d294e7d4fd6",
        "Start Frame": 5040,
        "End Frame": 5160,
        "Caption": "#C C walks in the; #C C walks in the; #C C looks around the; #C C walks around; #C C walks in the"
    },
    {
        "Video Name": "1309e766-14cb-4d32-8724-5d294e7d4fd6",
        "Start Frame": 5160,
        "End Frame": 5280,
        "Caption": "#C C walks in the garage; #C C walks in the workshop; #C C walks towards a balcony.; #C C walks out of the workshop; #C C walks around the garage "
    },
    {
        "Video Name": "1309e766-14cb-4d32-8724-5d294e7d4fd6",
        "Start Frame": 5280,
        "End Frame": 5400,
        "Caption": "#C C holds the jerry can; #C C closes the keg; #C C closes a jerrycan; #C C closes the bottle with a; #C C places the bottle on the"
    }
]