[
    {
        "Video Name": "132b7b84-b007-494d-9d03-eb48ce4de493",
        "Start Frame": 0,
        "End Frame": 120,
        "Caption": "#C c picks the container with unsure; #C C walks around the room; #C C picks up the container; #C C picks a container from the; #C C picks up the container"
    },
    {
        "Video Name": "132b7b84-b007-494d-9d03-eb48ce4de493",
        "Start Frame": 120,
        "End Frame": 240,
        "Caption": "#C C closes the shampoo tin; #C C closes the container; #C C opens the container; #C C closes the lotion; #C C pours cream in the"
    },
    {
        "Video Name": "132b7b84-b007-494d-9d03-eb48ce4de493",
        "Start Frame": 240,
        "End Frame": 360,
        "Caption": "#C C closes the lid of the relaxer container with her right hand; #C C opens the lid of the lotion container with her right hand; #C C covers the container; #C C closes the container; #C C closes the lid of the relaxer container with her right hand"
    },
    {
        "Video Name": "132b7b84-b007-494d-9d03-eb48ce4de493",
        "Start Frame": 360,
        "End Frame": 480,
        "Caption": "#C C pours the shampoo on the sink; #C C closes the shampoo bottle; #C C closes the shampoo bottle ; #C C closes the shampoo; #C C pours the shampoo in the shampoo"
    },
    {
        "Video Name": "132b7b84-b007-494d-9d03-eb48ce4de493",
        "Start Frame": 480,
        "End Frame": 600,
        "Caption": "#C C rubs relaxer on the woman A's hair with both hands.; #C C rubs the cream in the woman X hair with her left hand.; #C C rubs the relaxer on woman A hair with both hands; #C C rubs the relaxer on the woman A's hair with both hands; #C C rubs the relaxer on woman B hair"
    },
    {
        "Video Name": "132b7b84-b007-494d-9d03-eb48ce4de493",
        "Start Frame": 600,
        "End Frame": 720,
        "Caption": "#C C blows woman X hair; #C C holds the woman X hair with her left hand.; #C C rubs the relaxer on the woman X hair with her right hand.; #C C applies relaxer to the woman X hair with her right hand.; #C C applies relaxer to the woman X hair with the brush in her right gloved hand"
    },
    {
        "Video Name": "132b7b84-b007-494d-9d03-eb48ce4de493",
        "Start Frame": 720,
        "End Frame": 840,
        "Caption": "#C C scoops off excess hair relaxer on the hairbrush with her right hand.; #C C scoops hair dye from the bowl with the brush in her right hand.; #C C scoops off excess hair relaxer on the bowl into the scalp of the woman A with her right hand; #C C scoops hair dye from the bowl with the brush in her right hand.; #C C washes the woman X hair on the sink with both hands."
    },
    {
        "Video Name": "132b7b84-b007-494d-9d03-eb48ce4de493",
        "Start Frame": 840,
        "End Frame": 960,
        "Caption": "#C C rubs the hair dye on woman X; #C C applies the relaxer on woman B hair; #C C rubs the shampoo on woman X hair; #C C scrubs the hair; #C C rubs cream on woman B hair"
    },
    {
        "Video Name": "132b7b84-b007-494d-9d03-eb48ce4de493",
        "Start Frame": 960,
        "End Frame": 1080,
        "Caption": "#C C applies the relaxer on the woman X hair with both hands.; #C C applies the hair conditioner on the hair; #C C rubs the relaxer on the woman A hair with both hands; #C C rubs relaxer on the woman X hair with both hands.; #C C puts the hair on the sink"
    },
    {
        "Video Name": "132b7b84-b007-494d-9d03-eb48ce4de493",
        "Start Frame": 1080,
        "End Frame": 1200,
        "Caption": "#C C washes the woman A hair with water from the tap in the hair wash basin with both hands; #C C scrubs woman X hair; #C C applies the liquid in the hair brush on the woman A's hair with her right hand.; #C C washes the woman A's hair with both hands.; #C C washes woman B hair"
    },
    {
        "Video Name": "132b7b84-b007-494d-9d03-eb48ce4de493",
        "Start Frame": 1200,
        "End Frame": 1320,
        "Caption": "#C C applies the hair conditioner on the woman X hair with her right hand.; #C C squeezes out relaxer on woman K hair ; #C C scoops hair dye from the bowl in the shampoo station basin with her right hand; #C C picks the bowl from the shampoo station basin with her right hand.; #C C rubs gel on woman B hair "
    },
    {
        "Video Name": "132b7b84-b007-494d-9d03-eb48ce4de493",
        "Start Frame": 1320,
        "End Frame": 1440,
        "Caption": "#C C touches the woman A hair with her left hand.; #C C washes person X hair; #C C washes person X's hair; #C C massages woman B hair; #C C squeezes the woman B's hair with both hands"
    },
    {
        "Video Name": "132b7b84-b007-494d-9d03-eb48ce4de493",
        "Start Frame": 1440,
        "End Frame": 1560,
        "Caption": "#C C applies relaxer to the woman X hair with the brush in her right gloved hand; #C C applies the relaxer on woman X hair; #C C applies the relaxer on the woman X hair with her right hand.; #C C brushes hair dye on the woman A's hair with the brush in her right hand.; #C C scoops hair dye from the bowl with the brush in her right hand."
    },
    {
        "Video Name": "132b7b84-b007-494d-9d03-eb48ce4de493",
        "Start Frame": 1560,
        "End Frame": 1680,
        "Caption": "#C C scoops off excess hair relaxer on the woman X hair with her right hand; #C C applies relaxer on the woman X hair with both hands.; #C C scoops hair gel on the hair brush with the right hand; #C C scrubs person x hair; #C C scrubs the woman X hair with her right hand."
    },
    {
        "Video Name": "132b7b84-b007-494d-9d03-eb48ce4de493",
        "Start Frame": 1680,
        "End Frame": 1800,
        "Caption": "#C C washes the woman X hair with both hands.; #C C washes the woman A's hair with both hands; #C C washes the woman X hair with both hands.; #C C holds the woman X hair with her left hand.; #C C washes person X hair"
    },
    {
        "Video Name": "132b7b84-b007-494d-9d03-eb48ce4de493",
        "Start Frame": 1800,
        "End Frame": 1920,
        "Caption": "#C C scoops off excess hair relaxer on the hair wash basin with her right hand; #C C dries woman X hair; #C C scoops hair dye from the bowl in the shampoo station basin with her right hand; #C C washes the woman A's hair with both hands.; #C C puts the hair on the sink"
    },
    {
        "Video Name": "132b7b84-b007-494d-9d03-eb48ce4de493",
        "Start Frame": 1920,
        "End Frame": 2040,
        "Caption": "#C C takes off the woman X hair from the hair spray with both hands.; #C C holds the hair of woman X with her left hand; #C C rinses woman K hair; #O The woman D cleans her right hand with the towel on the hand wash sink; #C C rubs the shampoo in her hands on the woman A hair. "
    },
    {
        "Video Name": "132b7b84-b007-494d-9d03-eb48ce4de493",
        "Start Frame": 2040,
        "End Frame": 2160,
        "Caption": "#C C applies dye on the woman A's hair from the bottle of dye in her right hand to her left; #C C holds the woman A's hair with her right hand.; #C C rubs relaxer on woman A hair; #O The woman A takes off a nose mask on her face with her left hand.; #C C applies the hair dye on the woman A's hair with both hands."
    },
    {
        "Video Name": "132b7b84-b007-494d-9d03-eb48ce4de493",
        "Start Frame": 2160,
        "End Frame": 2280,
        "Caption": "#C C rubs the cream on the woman A hair with her left hand; #O The woman X takes off her left hand from the woman Y's hair; #C C combs the woman A hair with her right hand.; #C C applies relaxer on the woman X hair with both hands.; #C C applies hair dye on the hair"
    },
    {
        "Video Name": "132b7b84-b007-494d-9d03-eb48ce4de493",
        "Start Frame": 2280,
        "End Frame": 2400,
        "Caption": "#C C holds the woman X's hair with her left hand.; #C C holds the woman X hair with her left hand.; #C C brushes hair dye on the woman A's hair with the brush in her right hand; #C C brushes the hair of person P with a hair brush; #C C brushes the hair of woman A with the brush in her right hand."
    },
    {
        "Video Name": "132b7b84-b007-494d-9d03-eb48ce4de493",
        "Start Frame": 2400,
        "End Frame": 2520,
        "Caption": "#C C holds the woman A hair with her left hand.; #C C picks the woman X hair with her left hand.; #C C rubs the relaxer on the woman A hair with both hands.; #C C applies hair gel on the woman A's hair with her left hand.; #C C picks the woman A hair from the woman B hair with her left hand"
    },
    {
        "Video Name": "132b7b84-b007-494d-9d03-eb48ce4de493",
        "Start Frame": 2520,
        "End Frame": 2640,
        "Caption": "#C C applies relaxer to woman X hair with the brush in her right gloved hand; #C C rubs shampoo on the woman X hair with both hands.; #C C dries the woman A's hair with the hair dryer in her left hand; #O The woman Y cleans the woman X left hand with a towel on her right hand.; #O The woman B cleans the woman A's hair with her left hand."
    },
    {
        "Video Name": "132b7b84-b007-494d-9d03-eb48ce4de493",
        "Start Frame": 2640,
        "End Frame": 2760,
        "Caption": "#C C picks a plastic case from the sink with her right hand.; #C C puts the bowl in the sink; #C C pours water from the bowl in her right hand into the sink; #C C picks up the bowl from the sink with her right hand.; #C C picks the bowl from the sink with her right hand."
    },
    {
        "Video Name": "132b7b84-b007-494d-9d03-eb48ce4de493",
        "Start Frame": 2760,
        "End Frame": 2880,
        "Caption": "#C C picks the hair brush; #C C picks a container; #C C picks a hair liner from the sink with her right hand; #C C takes the container; #C C picks a hair band from the sink with her right hand"
    },
    {
        "Video Name": "132b7b84-b007-494d-9d03-eb48ce4de493",
        "Start Frame": 2880,
        "End Frame": 3000,
        "Caption": "#C C closes the container ; #C C closes the container; #C C closes the cream container with both; #C C opens the lid; #C C opens the container"
    },
    {
        "Video Name": "132b7b84-b007-494d-9d03-eb48ce4de493",
        "Start Frame": 3000,
        "End Frame": 3120,
        "Caption": "#C C opens the container; #C C closes the container ; #C C opens the container ; #C C closes the lid of the cream container with her right hand; #C C covers the shampoo container with her right hand."
    },
    {
        "Video Name": "132b7b84-b007-494d-9d03-eb48ce4de493",
        "Start Frame": 3120,
        "End Frame": 3240,
        "Caption": "#C C picks a cover from the bowl with her right hand.; #C C picks the cover of the relaxer container with her right hand; #C C cleans the container with the towel.; #C C picks the container with her right hand.; #C C takes the plastic cover from the container with her right hand."
    },
    {
        "Video Name": "132b7b84-b007-494d-9d03-eb48ce4de493",
        "Start Frame": 3240,
        "End Frame": 3360,
        "Caption": "#C C holds the white cloth with her hands; #C C holds the towel with her right hand.; #C C holds the napkin in her right hand with her left hand; #C C holds the white cloth with both hands.; #C C cleans the plastic bowl with the cloth in her left hand."
    },
    {
        "Video Name": "132b7b84-b007-494d-9d03-eb48ce4de493",
        "Start Frame": 3360,
        "End Frame": 3480,
        "Caption": "#C C picks a towel; #C C takes the towel; #C C picks a towel from the chair with her right hand.; #C C picks up the towel from the chair with her left hand; #C C picks up the towel"
    },
    {
        "Video Name": "132b7b84-b007-494d-9d03-eb48ce4de493",
        "Start Frame": 3480,
        "End Frame": 3600,
        "Caption": "#C C puts the tissue in the trash can; #C C opens the trash can with her right hand. ; #C C puts the paper in the dustbin; #C C opens the dustbin; #C C picks a paper in a trash can with her right hand"
    },
    {
        "Video Name": "132b7b84-b007-494d-9d03-eb48ce4de493",
        "Start Frame": 3600,
        "End Frame": 3720,
        "Caption": "#C C washes the woman A's hair with her hands; #C C rinses woman B hair; #C C rinses woman A hair; #C C washes the woman A's hair with both hands; #C C rinses woman K hair"
    },
    {
        "Video Name": "132b7b84-b007-494d-9d03-eb48ce4de493",
        "Start Frame": 3720,
        "End Frame": 3840,
        "Caption": "#C C holds the woman X hair with her left hand.; #C C massages the woman X hair with both hands.; #C C holds the woman X hair with her left hand.; #C C removes the hair dye on woman X hair ; #C C dries the woman A hair with the hairbrush in her right"
    },
    {
        "Video Name": "132b7b84-b007-494d-9d03-eb48ce4de493",
        "Start Frame": 3840,
        "End Frame": 3960,
        "Caption": "#C C rubs the cream in the woman X hair with her right hand; #C C removes the hair band from the woman A's hair with her right hand.; #C C rubs the cream on the woman A hair with both hands.; #C C applies hair relaxer on the woman A's hair with the brush in her right hand; #C C rubs the hair of the woman A with both hands."
    },
    {
        "Video Name": "132b7b84-b007-494d-9d03-eb48ce4de493",
        "Start Frame": 3960,
        "End Frame": 4080,
        "Caption": "#C C washes the woman A's hair with both hands.; #C C washes the woman A hair on the sink with both hands; #C C squeezes the woman A's hair with both hands.; #C C rinses woman K hair; #C C holds woman K hair"
    },
    {
        "Video Name": "132b7b84-b007-494d-9d03-eb48ce4de493",
        "Start Frame": 4080,
        "End Frame": 4200,
        "Caption": "#C C washes the woman A's hair on the shampoo bowl with her left hand. ; #C C washes woman A hair ; #C C rinses the woman A's hair with her right hand.; #C C washes the woman A's hair with her left hand and the tap in her right hand.; #C C washes the woman A's hair with water from the tap on the shampoo bowl with her left hand"
    },
    {
        "Video Name": "132b7b84-b007-494d-9d03-eb48ce4de493",
        "Start Frame": 4200,
        "End Frame": 4320,
        "Caption": "#C C drops the woman A's hair on the wash basin with her left hand.; #C C drops the woman A hair on the sink with her left hand.; #C C drops the woman A hair into the sink with her left hand.; #C C drops the woman A's hair on the hair wash basin with her left hand; #C C drops the woman A's hair in the shampoo bowl with her right hand."
    },
    {
        "Video Name": "132b7b84-b007-494d-9d03-eb48ce4de493",
        "Start Frame": 4320,
        "End Frame": 4440,
        "Caption": "#C C applies relaxer on The woman X hair with the brush in her right gloved hand; #C C applies the relaxer on  woman X hair with her right hand; #C C applies dye on woman X hair; #C C rubs the relaxer on the woman A's hair with both hands.; #C C applies the relaxer on the woman X hair with her right hand"
    },
    {
        "Video Name": "132b7b84-b007-494d-9d03-eb48ce4de493",
        "Start Frame": 4440,
        "End Frame": 4560,
        "Caption": "#C C applies hair dye on person B's hair; #C C scoops off excess hair relaxer on the woman X's hair with her right hand; #C C scrubs the woman A's hair with the brush in her right hand.; #C C rubs the hair cream on the woman X hair with her left hand.; #C C rubs relaxer on the woman X hair with both hands."
    },
    {
        "Video Name": "132b7b84-b007-494d-9d03-eb48ce4de493",
        "Start Frame": 4560,
        "End Frame": 4680,
        "Caption": "#C C washes the woman X hair with both hands; #C C picks the woman X hair from the woman Y hair with her left hand; #C C rubs relaxer on the woman X hair with both hands.; #C C touches woman B hair ; #C C rubs the cream on the woman X hair with her right hand."
    },
    {
        "Video Name": "132b7b84-b007-494d-9d03-eb48ce4de493",
        "Start Frame": 4680,
        "End Frame": 4800,
        "Caption": "#O The woman D picks a tube of lotion from the salon chair with her right hand; #C C rubs the relaxer on the woman A hair with her left hand.; #C C holds the woman A's hair with her left hand.; #C C rubs the relaxer on the woman A hair with her right hand.; #C C picks a portion of hair dye from the woman X's hair with her left hand"
    },
    {
        "Video Name": "132b7b84-b007-494d-9d03-eb48ce4de493",
        "Start Frame": 4800,
        "End Frame": 4920,
        "Caption": "#C C rubs the relaxer on the woman X hair with both hands; #C C dries woman K hair; #C C touches the woman X hair with her left hand.; #C C rubs the relaxer on the woman X hair with both hands; #C C rubs the lotion on woman B hair "
    },
    {
        "Video Name": "132b7b84-b007-494d-9d03-eb48ce4de493",
        "Start Frame": 4920,
        "End Frame": 5040,
        "Caption": "#O The woman X drops the hair of the woman A on her left hand with her right hand; #C C applies relaxer on the woman X hair with her right hand.; #C C holds the woman X hair with her left hand.; #C C scoops off excess hair relaxer on the woman A's hair with her right hand; #C C takes off a foil on the woman X's hair with her left hand."
    },
    {
        "Video Name": "132b7b84-b007-494d-9d03-eb48ce4de493",
        "Start Frame": 5040,
        "End Frame": 5160,
        "Caption": "#C C rubs the shampoo on the hair of woman A with both hands; #C C rubs the shampoo on woman X hair; #C C rubs the relaxer on the woman X hair with both hands; #C C rubs the cream in the woman X hair with both hands.; #C C washes the woman X hair with her right hand."
    },
    {
        "Video Name": "132b7b84-b007-494d-9d03-eb48ce4de493",
        "Start Frame": 5160,
        "End Frame": 5280,
        "Caption": "#C C washes the woman X hair in the sink with her left hand and the brush in her right hand; #C C washes the woman A hair on the sink with her left hand.; #C C washes the woman A hair on the hair wash basin with both hands.; #C C opens the tap with her left hand.; #C C washes the hair of woman X with water"
    },
    {
        "Video Name": "132b7b84-b007-494d-9d03-eb48ce4de493",
        "Start Frame": 5280,
        "End Frame": 5400,
        "Caption": "#C C applies the hair conditioner on  woman X hair; #O The woman A rubs lotion on the woman B's hair with both hands; #C C rubs the relaxer on woman B hair ; #C C rubs the cream on the woman X hair with both hands.; #C C touches woman A hair"
    }
]