[
    {
        "Video Name": "1336dafa-7b75-4ef5-aee7-822ff14ae5ec",
        "Start Frame": 0,
        "End Frame": 120,
        "Caption": "#C C holds a nylon paper; #C C looks around; #C C looks at the cream; #O A lady H stands near the mat; #C C looks at the pastry."
    },
    {
        "Video Name": "1336dafa-7b75-4ef5-aee7-822ff14ae5ec",
        "Start Frame": 120,
        "End Frame": 240,
        "Caption": "#C C stares at the floor; #C C looks around; #C C looks at the hands; #C C stares at the paste on the floor; #O A person X interacts with C. "
    },
    {
        "Video Name": "1336dafa-7b75-4ef5-aee7-822ff14ae5ec",
        "Start Frame": 240,
        "End Frame": 360,
        "Caption": "#C C opens the paste.; #C C looks at the hand; #C C looks around; #C C squeezes the paper ; #C C holds the doughnut with both hands"
    },
    {
        "Video Name": "1336dafa-7b75-4ef5-aee7-822ff14ae5ec",
        "Start Frame": 360,
        "End Frame": 480,
        "Caption": "#C C looks around.; #C C looks around.; #C C looks around the; #C C looks around; #C C looks around "
    },
    {
        "Video Name": "1336dafa-7b75-4ef5-aee7-822ff14ae5ec",
        "Start Frame": 480,
        "End Frame": 600,
        "Caption": "#C C makes patterns with icing sugar; #C C squeezes cream on the mat; #C C decorates a dough on the mat with icing from the piping bag in her right hand; #C C decorates a dough on the mat with icing from the piping bag in her right hand; #C C applies cream on the donuts on the table"
    },
    {
        "Video Name": "1336dafa-7b75-4ef5-aee7-822ff14ae5ec",
        "Start Frame": 600,
        "End Frame": 720,
        "Caption": "#C C decorates a dough on the mat with icing from the piping bag in her right hand; #C C applies cream on the donuts on the table; #C C decorates  dough on the mat with icing from the piping bag in her right hand; #C C applies cream on dough; #C C applies cream on the donuts on the table"
    },
    {
        "Video Name": "1336dafa-7b75-4ef5-aee7-822ff14ae5ec",
        "Start Frame": 720,
        "End Frame": 840,
        "Caption": "#C C squeezes cream from a piping bag in her right hand on the murukku.; #C C applies cream on the donuts on the table; #C C squeezes cream from a piping bag in her right hand on the murukku on the mat; #C C applies flour paste from the plastic bag on another dough on the mat.; #C C squeezes cream on the mat"
    },
    {
        "Video Name": "1336dafa-7b75-4ef5-aee7-822ff14ae5ec",
        "Start Frame": 840,
        "End Frame": 960,
        "Caption": "#C C applies flour paste from the plastic bag on another dough on the mat.; #C C decorates a dough on the mat with icing from the piping bag in her right hand; #C C squeezes paste on the mat; #C C squeezes dough on the mat; #C C decorates a dough on the mat with icing from the piping bag in her right hand"
    },
    {
        "Video Name": "1336dafa-7b75-4ef5-aee7-822ff14ae5ec",
        "Start Frame": 960,
        "End Frame": 1080,
        "Caption": "#C C puts dough on a sisal mat; #C C moves the piping bag on the sack on the floor with her right hand; #C C picks a piping bag from a bowl on the floor with her right hand; #C C picks a piping bag from the floor with her right hand.; #C C picks the spoon from the bowl of icing with her right hand."
    },
    {
        "Video Name": "1336dafa-7b75-4ef5-aee7-822ff14ae5ec",
        "Start Frame": 1080,
        "End Frame": 1200,
        "Caption": "#C C removes her shoes.; #C C walks on the floor; #C C looks around; #C C walks around the compound; #C C looks around"
    },
    {
        "Video Name": "1336dafa-7b75-4ef5-aee7-822ff14ae5ec",
        "Start Frame": 1200,
        "End Frame": 1320,
        "Caption": "#C C looks around; #C C looks around; #C C looks at the mat; #C C wears the face mask; #C C looks around"
    },
    {
        "Video Name": "1336dafa-7b75-4ef5-aee7-822ff14ae5ec",
        "Start Frame": 1320,
        "End Frame": 1440,
        "Caption": "#C C moves around; #C C walks around; #C C looks around; #C C walks around; #C C moves around"
    },
    {
        "Video Name": "1336dafa-7b75-4ef5-aee7-822ff14ae5ec",
        "Start Frame": 1440,
        "End Frame": 1560,
        "Caption": "#C C picks a nylon paper on the floor; #C C picks a nylon from the ground with her left hand; #C C moves the bag; #C C picks a sack on the floor with her left hand; #C C picks the sack"
    },
    {
        "Video Name": "1336dafa-7b75-4ef5-aee7-822ff14ae5ec",
        "Start Frame": 1560,
        "End Frame": 1680,
        "Caption": "#C C puts paper down ; #C C places paper on the sack; #C C picks the nylon from the sack with her left hand; #C C puts the sisal sack on the floor.; #C C puts the paper down"
    },
    {
        "Video Name": "1336dafa-7b75-4ef5-aee7-822ff14ae5ec",
        "Start Frame": 1680,
        "End Frame": 1800,
        "Caption": "#C C picks up the stone from the sack with both hands.; #C C picks a stone from the ground with both hands.; #C C puts stone on a sack; #C C moves a stone on the sack on the ground with both hands; #C C picks a stone from a sack on the ground with both hands"
    },
    {
        "Video Name": "1336dafa-7b75-4ef5-aee7-822ff14ae5ec",
        "Start Frame": 1800,
        "End Frame": 1920,
        "Caption": "#C C moves the mat; #C C places the paper on the; #C C puts nylon on the sack; #C C stands up.; #C C sits on the ground."
    },
    {
        "Video Name": "1336dafa-7b75-4ef5-aee7-822ff14ae5ec",
        "Start Frame": 1920,
        "End Frame": 2040,
        "Caption": "#C C picks a bucket from the ground with his left hand.; #C C picks a pair of slippers from the floor with his left hand; #C C picks a pair of slippers from a chair with her left hand; #C C picks a pair of slippers from the ground with both hands.; #C C adjusts the bag with both hands."
    },
    {
        "Video Name": "1336dafa-7b75-4ef5-aee7-822ff14ae5ec",
        "Start Frame": 2040,
        "End Frame": 2160,
        "Caption": "#C C opens a bag of coarse sand with both hands.; #C C holds a sisal sack; #C C inserts his right hand into the bag of coarse sand; #C C turns the polythene bag; #C C opens the sack"
    },
    {
        "Video Name": "1336dafa-7b75-4ef5-aee7-822ff14ae5ec",
        "Start Frame": 2160,
        "End Frame": 2280,
        "Caption": "#C C opens the plastic bag with his right hand; #C C holds the paper; #C C opens a plastic bag; #C C opens the paper; #C C adjusts the food pack"
    },
    {
        "Video Name": "1336dafa-7b75-4ef5-aee7-822ff14ae5ec",
        "Start Frame": 2280,
        "End Frame": 2400,
        "Caption": "#C C looks around; #C C looks around; #C C puts polythene paper on the floor; #C C picks polythene bag from the floor; #C C places the polythene bag on the floor with her left hand"
    },
    {
        "Video Name": "1336dafa-7b75-4ef5-aee7-822ff14ae5ec",
        "Start Frame": 2400,
        "End Frame": 2520,
        "Caption": "#C C drops the nylon on the ground with her left hand.; #C C puts the polythene bag on the floor.; #C C holds the nylon with left hand.; #C C picks the bowl; #C C places the stainless bowl on the sack on the floor with her left hand"
    },
    {
        "Video Name": "1336dafa-7b75-4ef5-aee7-822ff14ae5ec",
        "Start Frame": 2520,
        "End Frame": 2640,
        "Caption": "#C C walks around; #C C walks on the pavement; #C C walks towards a woman Z; #C C walks outside the house; #C C walks on the pavement"
    },
    {
        "Video Name": "1336dafa-7b75-4ef5-aee7-822ff14ae5ec",
        "Start Frame": 2640,
        "End Frame": 2760,
        "Caption": "#C C walks around; #C C walks into a room.; #C C walks towards the woman X; #C C walks out of the room; #C C walks around"
    },
    {
        "Video Name": "1336dafa-7b75-4ef5-aee7-822ff14ae5ec",
        "Start Frame": 2760,
        "End Frame": 2880,
        "Caption": "#C C climbs down the concrete wall; #C C converses with the woman Z.; #C C places her right hand on a wall; #C C interacts with the woman Y.; #C C holds a door with her right hand"
    },
    {
        "Video Name": "1336dafa-7b75-4ef5-aee7-822ff14ae5ec",
        "Start Frame": 2880,
        "End Frame": 3000,
        "Caption": "#C C holds the metal pole; #C C holds a gate; #C C walks through a gate; #C C looks around; #C C holds the gate"
    },
    {
        "Video Name": "1336dafa-7b75-4ef5-aee7-822ff14ae5ec",
        "Start Frame": 3000,
        "End Frame": 3120,
        "Caption": "#C C walks around the compound.; #C C walks around the compound.; #C C opens the wrapper with both hands; #C C walks around; #C C opens the paper"
    },
    {
        "Video Name": "1336dafa-7b75-4ef5-aee7-822ff14ae5ec",
        "Start Frame": 3120,
        "End Frame": 3240,
        "Caption": "#C C picks the phone from the stool with her right hand; #C C picks up the phone; #C C picks the phone from the floor; #C C picks a phone from the chair with her right hand; #C C drops the phone on the chair with her right hand"
    },
    {
        "Video Name": "1336dafa-7b75-4ef5-aee7-822ff14ae5ec",
        "Start Frame": 3240,
        "End Frame": 3360,
        "Caption": "#C C moves around the mat.; #C C moves the mat.; #C C sits down.; #C C picks up the paper from the; #C C walks to a door."
    },
    {
        "Video Name": "1336dafa-7b75-4ef5-aee7-822ff14ae5ec",
        "Start Frame": 3360,
        "End Frame": 3480,
        "Caption": "#C C walks around.; #C C stands up.; #C C moves the mat; #C C looks around.; #C C moves the mat"
    },
    {
        "Video Name": "1336dafa-7b75-4ef5-aee7-822ff14ae5ec",
        "Start Frame": 3480,
        "End Frame": 3600,
        "Caption": "#C C applies flour paste from the plastic bag on another dough on the mat; #C C applies flour paste from the plastic bag on another dough on the mat; #C C stares at the mat; #C C stares at the mat; #C C stares at the mat"
    },
    {
        "Video Name": "1336dafa-7b75-4ef5-aee7-822ff14ae5ec",
        "Start Frame": 3600,
        "End Frame": 3720,
        "Caption": "#C C looks around.; #C C stares at the; #C C stares at the; #C C looks around.; #C C stares at the"
    },
    {
        "Video Name": "1336dafa-7b75-4ef5-aee7-822ff14ae5ec",
        "Start Frame": 3720,
        "End Frame": 3840,
        "Caption": "#C C looks around.; #C C looks around.; #C C looks around.; #C C looks around.; #C C stares at the"
    },
    {
        "Video Name": "1336dafa-7b75-4ef5-aee7-822ff14ae5ec",
        "Start Frame": 3840,
        "End Frame": 3960,
        "Caption": "#C C adjusts camera.; #C C moves the hand.; #C C adjusts the camera; #O person X interacts with C; #C C looks around. "
    },
    {
        "Video Name": "1336dafa-7b75-4ef5-aee7-822ff14ae5ec",
        "Start Frame": 3960,
        "End Frame": 4080,
        "Caption": "#C C adjusts the camera; #C C holds the camera with her left hand; #C C touches the face.; #C C looks around.; #C C looks around."
    },
    {
        "Video Name": "1336dafa-7b75-4ef5-aee7-822ff14ae5ec",
        "Start Frame": 4080,
        "End Frame": 4200,
        "Caption": "#C C looks around.; #C C looks around.; #C C moves the hand; #C C looks around.; #C C looks around."
    },
    {
        "Video Name": "1336dafa-7b75-4ef5-aee7-822ff14ae5ec",
        "Start Frame": 4200,
        "End Frame": 4320,
        "Caption": "#C C looks around.; #C C looks around.; #C C raises her right hand; #C C looks around.; #C C moves the hand."
    },
    {
        "Video Name": "1336dafa-7b75-4ef5-aee7-822ff14ae5ec",
        "Start Frame": 4320,
        "End Frame": 4440,
        "Caption": "#C C looks around.; #C C folds the cloth; #C C moves the hand; #C C looks around.; #C C looks around."
    },
    {
        "Video Name": "1336dafa-7b75-4ef5-aee7-822ff14ae5ec",
        "Start Frame": 4440,
        "End Frame": 4560,
        "Caption": "#C C looks around; #C C looks around; #C C looks around; #C C turns around; #C C looks around"
    },
    {
        "Video Name": "1336dafa-7b75-4ef5-aee7-822ff14ae5ec",
        "Start Frame": 4560,
        "End Frame": 4680,
        "Caption": "#C C sits on the sack; #C C adjusts the camera; #C C adjusts her position.; #C C looks around; #C C looks around"
    },
    {
        "Video Name": "1336dafa-7b75-4ef5-aee7-822ff14ae5ec",
        "Start Frame": 4680,
        "End Frame": 4800,
        "Caption": "#C C holds the bowl with her left hand.; #C C picks up the container of water from the sack on the floor with her left hand; #C C holds the nylon bag with her right hand.; #C C holds the spoon with her right hand.; #C C takes dough from the nylon."
    },
    {
        "Video Name": "1336dafa-7b75-4ef5-aee7-822ff14ae5ec",
        "Start Frame": 4800,
        "End Frame": 4920,
        "Caption": "#C C opens the nylon.; #C C takes a nylon on the floor with her right hand.; #C C moves the nylon.; #C C adjusts the nylon with both hands.; #C C passes the plastic bag from her left hand to her right hand"
    },
    {
        "Video Name": "1336dafa-7b75-4ef5-aee7-822ff14ae5ec",
        "Start Frame": 4920,
        "End Frame": 5040,
        "Caption": "#C C closes the nylon paper; #C C picks up the nylon paper; #C C covers the piping bag in her right hand with the nylon in her left hand; #C C holds the plastic bag with both hands.; #C C holds the piping bag with her left hand."
    },
    {
        "Video Name": "1336dafa-7b75-4ef5-aee7-822ff14ae5ec",
        "Start Frame": 5040,
        "End Frame": 5160,
        "Caption": "#C C opens the plastic bag.; #C C unfolds the nylon.; #C C opens the plastic bag with both hands; #C C opens the nylon paper.; #C C opens the nylon."
    },
    {
        "Video Name": "1336dafa-7b75-4ef5-aee7-822ff14ae5ec",
        "Start Frame": 5160,
        "End Frame": 5280,
        "Caption": "#C C holds the nylon in both hands.; #C C passes the nylon from her right hand to her left hand.; #C C folds the polythene bag with both hands.; #C C moves the plastic bag from her left hand to her right hand; #C C holds the paper with both hands."
    },
    {
        "Video Name": "1336dafa-7b75-4ef5-aee7-822ff14ae5ec",
        "Start Frame": 5280,
        "End Frame": 5400,
        "Caption": "#C C opens the nylon; #C C opens the nylon; #C C closes the nylon; #C C opens the nylon; #C C opens the nylon"
    }
]