[
    {
        "Video Name": "1367876f-032e-4354-b863-44e9e13b5632",
        "Start Frame": 0,
        "End Frame": 120,
        "Caption": "#C C presses phone ; #C C presses the phone; #C C operates phone ; #C C drops phone; #C C moves her phone"
    },
    {
        "Video Name": "1367876f-032e-4354-b863-44e9e13b5632",
        "Start Frame": 120,
        "End Frame": 240,
        "Caption": "#C C writes on the paper; #C C writes on a paper; #C C touches the name sign on the; #C C puts the mark pen on a; #C C picks a pen"
    },
    {
        "Video Name": "1367876f-032e-4354-b863-44e9e13b5632",
        "Start Frame": 240,
        "End Frame": 360,
        "Caption": "#C C draws a line on the paper; #C C draws on the fabric; #C C draws a pattern ; #C C draws a line on the paper; #C C draws a line on the paper"
    },
    {
        "Video Name": "1367876f-032e-4354-b863-44e9e13b5632",
        "Start Frame": 360,
        "End Frame": 480,
        "Caption": "#C C draws on the fabric; #C C draws a line on the chart; #C C draws a pattern on the paper; #C C draws on the cloth ; #C C draws a line on the paper"
    },
    {
        "Video Name": "1367876f-032e-4354-b863-44e9e13b5632",
        "Start Frame": 480,
        "End Frame": 600,
        "Caption": "#C C draws on the cloth; #C C draws on the paper; #C C writes on a piece of paper; #C C draws on the paper; #C C  draws on a cloth with a pen"
    },
    {
        "Video Name": "1367876f-032e-4354-b863-44e9e13b5632",
        "Start Frame": 600,
        "End Frame": 720,
        "Caption": "#C C draws a pattern on a; #C C draws  on the ; #C C draws a line; #C C draws  on the fabric; #C C draws the pattern on the"
    },
    {
        "Video Name": "1367876f-032e-4354-b863-44e9e13b5632",
        "Start Frame": 720,
        "End Frame": 840,
        "Caption": "#C C puts a mark on the; #C C puts the needle on the; #C C puts a mark on the; #C C puts a mark on the; #C C marks a point on the"
    },
    {
        "Video Name": "1367876f-032e-4354-b863-44e9e13b5632",
        "Start Frame": 840,
        "End Frame": 960,
        "Caption": "#C C points at a piece of; #C C points at the painting; #C C draws on the fabric; #C C measures the pattern with the; #C C draws an art"
    },
    {
        "Video Name": "1367876f-032e-4354-b863-44e9e13b5632",
        "Start Frame": 960,
        "End Frame": 1080,
        "Caption": "#C C draws a line on the paper; #C C paints a line on the fabric; #C C draws a pattern on the fabric; #C C draws  on a  paper; #C C draws a pattern on the fabric"
    },
    {
        "Video Name": "1367876f-032e-4354-b863-44e9e13b5632",
        "Start Frame": 1080,
        "End Frame": 1200,
        "Caption": "#C C measures the pattern with a tape measure; #C C measures the chart with a tape measure; #C C measures the pattern with a tape measure; #C C measures the chart with a piece of; #C C marks a point on the chart "
    },
    {
        "Video Name": "1367876f-032e-4354-b863-44e9e13b5632",
        "Start Frame": 1200,
        "End Frame": 1320,
        "Caption": "#C C draws a pattern on the; #C C draws pattern on the fabric; #C C draws a line on the; #C C draws pattern on the fabric; #C C draws on the fabric"
    },
    {
        "Video Name": "1367876f-032e-4354-b863-44e9e13b5632",
        "Start Frame": 1320,
        "End Frame": 1440,
        "Caption": "#C C draws the pattern on the; #C C puts mark on the table; #C C draws a circle; #C C draws on the cloth; #C C draws a line on the"
    },
    {
        "Video Name": "1367876f-032e-4354-b863-44e9e13b5632",
        "Start Frame": 1440,
        "End Frame": 1560,
        "Caption": "#C C draws on the fabric; #C C points on the piece of; #C C draws on the fabric; #C C draws on the fabric; #C C puts dots on a paper"
    },
    {
        "Video Name": "1367876f-032e-4354-b863-44e9e13b5632",
        "Start Frame": 1560,
        "End Frame": 1680,
        "Caption": "#C C draws a line on the card; #C C draws the pattern on the fabric with a; #C C draws on the fabric; #C C draws on the fabric; #C C draws on the fabric"
    },
    {
        "Video Name": "1367876f-032e-4354-b863-44e9e13b5632",
        "Start Frame": 1680,
        "End Frame": 1800,
        "Caption": "#C C draws a line; #C C draws  the flower.; #C C draws the flower.; #C C draws a flower on the; #C C draws the flower."
    },
    {
        "Video Name": "1367876f-032e-4354-b863-44e9e13b5632",
        "Start Frame": 1800,
        "End Frame": 1920,
        "Caption": "#C C draws on the fabric; #C C draws a line on the; #C C looks at the paper; #C C draws a line on the; #C C draws on the fabric"
    },
    {
        "Video Name": "1367876f-032e-4354-b863-44e9e13b5632",
        "Start Frame": 1920,
        "End Frame": 2040,
        "Caption": "#C C draws a pattern on the fabric; #C C draws the chart.; #C C draws on the fabric; #C C draws on the fabric; #C C draws  a pattern on the fabric with a drawing"
    },
    {
        "Video Name": "1367876f-032e-4354-b863-44e9e13b5632",
        "Start Frame": 2040,
        "End Frame": 2160,
        "Caption": "#C C points at the; #C C points chart; #C C points at the; #C C points at the; #C C counts the pattern"
    },
    {
        "Video Name": "1367876f-032e-4354-b863-44e9e13b5632",
        "Start Frame": 2160,
        "End Frame": 2280,
        "Caption": "#C C looks at the picture ; #C C reads the writing on the; #C C points at the chart ; #C C puts her hand on the; #C C looks at the chart"
    },
    {
        "Video Name": "1367876f-032e-4354-b863-44e9e13b5632",
        "Start Frame": 2280,
        "End Frame": 2400,
        "Caption": "#C C draws on the fabric; #C C writes on a piece of; #C C puts a mark on the; #C C looks at the chart; #C C draws a line on the"
    },
    {
        "Video Name": "1367876f-032e-4354-b863-44e9e13b5632",
        "Start Frame": 2400,
        "End Frame": 2520,
        "Caption": "#C C looks at the pattern; #C C looks at the pattern; #C C points the chart; #C C points at a pattern with her right hand; #C C looks at the chart "
    },
    {
        "Video Name": "1367876f-032e-4354-b863-44e9e13b5632",
        "Start Frame": 2520,
        "End Frame": 2640,
        "Caption": "#C C looks at the pattern; #C C measures the flower print with a tape; #C C measures the cloth; #C C measures the pattern; #C C measures the cloth with a maker pen"
    },
    {
        "Video Name": "1367876f-032e-4354-b863-44e9e13b5632",
        "Start Frame": 2640,
        "End Frame": 2760,
        "Caption": "#C C draws a pattern on a mat; #C C measures the mat with the measuring; #C C looks at the drawing ; #C C measures the fabric with a ruler; #C C measures the cloth with a measuring"
    },
    {
        "Video Name": "1367876f-032e-4354-b863-44e9e13b5632",
        "Start Frame": 2760,
        "End Frame": 2880,
        "Caption": "#C C puts the hand on the table; #C C marks on the fabric; #C C points at the patterns on the table; #C C looks at the chart ; #C C looks at the pattern "
    },
    {
        "Video Name": "1367876f-032e-4354-b863-44e9e13b5632",
        "Start Frame": 2880,
        "End Frame": 3000,
        "Caption": "#C C draws on the fabric; #C C marks on the cloth with a; #C C draws a line on the paper; #C C draws on the paper; #C C writes on a paper "
    },
    {
        "Video Name": "1367876f-032e-4354-b863-44e9e13b5632",
        "Start Frame": 3000,
        "End Frame": 3120,
        "Caption": "#C C operates the tablet on the table with her right; #C C uses phone ; #C C draws a pattern on the  piece of paper; #C C operates a laptop; #C C uses a tablet"
    },
    {
        "Video Name": "1367876f-032e-4354-b863-44e9e13b5632",
        "Start Frame": 3120,
        "End Frame": 3240,
        "Caption": "#C C presses the phone; #C C presses the phone; #C C operates a phone; #C C taps the phone; #C C presses phone "
    },
    {
        "Video Name": "1367876f-032e-4354-b863-44e9e13b5632",
        "Start Frame": 3240,
        "End Frame": 3360,
        "Caption": "#C C draws on the  paper; #C C draws on the fabric; #C C draws on the fabric; #C C draws a pattern on the card; #C C draws an ornament with a drawing"
    },
    {
        "Video Name": "1367876f-032e-4354-b863-44e9e13b5632",
        "Start Frame": 3360,
        "End Frame": 3480,
        "Caption": "#c c measures with a; #C C draws a line; #C C draws a line; #C C draws the pattern; #C C draws a line"
    },
    {
        "Video Name": "1367876f-032e-4354-b863-44e9e13b5632",
        "Start Frame": 3480,
        "End Frame": 3600,
        "Caption": "#C C draws a pattern with a marker; #C C draws a pattern on the fabric; #C C points on the picture ; #C C draws a line on the paper; #C C draws pattern on a cloth"
    },
    {
        "Video Name": "1367876f-032e-4354-b863-44e9e13b5632",
        "Start Frame": 3600,
        "End Frame": 3720,
        "Caption": "#C C draws on the fabric; #C C draws a line on the; #C C draws on the fabric; #C C draws on the fabric; #C C draws a line on the"
    },
    {
        "Video Name": "1367876f-032e-4354-b863-44e9e13b5632",
        "Start Frame": 3720,
        "End Frame": 3840,
        "Caption": "#C C adjusts the camera; #C C adjusts her left hand sleeve with her right hand; #C C removes hand from the table; #C C adjusts her hands; #C C puts the pen on her lap"
    },
    {
        "Video Name": "1367876f-032e-4354-b863-44e9e13b5632",
        "Start Frame": 3840,
        "End Frame": 3960,
        "Caption": "#C C puts the mark on the cloth; #C C marks on the cloth; #C C puts the mark on the cloth; #C C draws on the  paper with the black; #C C draws on the paper"
    },
    {
        "Video Name": "1367876f-032e-4354-b863-44e9e13b5632",
        "Start Frame": 3960,
        "End Frame": 4080,
        "Caption": "#C C draws on the card; #C C draws on the card; #C C draws on the card; #C C marks on the card with the pen in her right; #C C counts the pattern"
    },
    {
        "Video Name": "1367876f-032e-4354-b863-44e9e13b5632",
        "Start Frame": 4080,
        "End Frame": 4200,
        "Caption": "#C C draws on the  paper ; #C C draws a picture; #C C draws on the paper with a drawing; #C C draws a line on the picture; #C C draws a line on the picture"
    },
    {
        "Video Name": "1367876f-032e-4354-b863-44e9e13b5632",
        "Start Frame": 4200,
        "End Frame": 4320,
        "Caption": "#C C draws on the paper; #C C draws a bird with a; #C C shades the drawing ; #C C draws a line on the; #C C draws  on the paper"
    },
    {
        "Video Name": "1367876f-032e-4354-b863-44e9e13b5632",
        "Start Frame": 4320,
        "End Frame": 4440,
        "Caption": "#C C draws on the card; #C C draws on the card; #C C paints on the canvas; #C C draws on the cloth; #C C draws on the cloth with a paint"
    },
    {
        "Video Name": "1367876f-032e-4354-b863-44e9e13b5632",
        "Start Frame": 4440,
        "End Frame": 4560,
        "Caption": "#C C draws on the cloth ; #C C draws on the fabric with the paint; #C C draws a flower on the fabric; #C C draws the image; #C C draws on the  paper"
    },
    {
        "Video Name": "1367876f-032e-4354-b863-44e9e13b5632",
        "Start Frame": 4560,
        "End Frame": 4680,
        "Caption": "#C C draws on the cloth with a marker; #C C draws  on the cloth; #C C draws a line on the paper ; #C C draws on the fabric; #C C draws the frame of the picture"
    },
    {
        "Video Name": "1367876f-032e-4354-b863-44e9e13b5632",
        "Start Frame": 4680,
        "End Frame": 4800,
        "Caption": "#C C draws on the cloth with a pen; #C C draws the patterns on the card; #C C draws on the fabric; #C C draws a pattern on a paper; #C C draws on the card"
    },
    {
        "Video Name": "1367876f-032e-4354-b863-44e9e13b5632",
        "Start Frame": 4800,
        "End Frame": 4920,
        "Caption": "#C C draws on the fabric; #C C draws on the fabric; #C C draws the wall art; #C C draws on the canvas; #C C paints the picture on the table"
    },
    {
        "Video Name": "1367876f-032e-4354-b863-44e9e13b5632",
        "Start Frame": 4920,
        "End Frame": 5040,
        "Caption": "#C C draws on a paper ; #C C draws a pattern with a pen on a piece of; #C C draws on a piece of paper; #C C draws on the card with the paint marker; #C C draws on the paper "
    },
    {
        "Video Name": "1367876f-032e-4354-b863-44e9e13b5632",
        "Start Frame": 5040,
        "End Frame": 5160,
        "Caption": "#C C draws a pattern on a paper; #C C draws a pattern on the paper; #C C draws a line on the picture; #C C draws a line on the picture; #C C draws a wall art with a marker"
    },
    {
        "Video Name": "1367876f-032e-4354-b863-44e9e13b5632",
        "Start Frame": 5160,
        "End Frame": 5280,
        "Caption": "#C C shades the drawing; #C C draws a image; #C C shades the drawing; #C C draws the image; #C C draws on the"
    },
    {
        "Video Name": "1367876f-032e-4354-b863-44e9e13b5632",
        "Start Frame": 5280,
        "End Frame": 5400,
        "Caption": "#C C looks at the; #C C looks at the; #C C looks at the; #C C looks at the; #C C looks at the"
    }
]