[
    {
        "Video Name": "13da7511-a092-4a48-b54c-23444a37d3ae",
        "Start Frame": 0,
        "End Frame": 120,
        "Caption": "#C C inserts the needle in his right hand into the jute bag on his laps.; #C C touches the toe with the needle; #C C touches his right foot with his right index finger.; #C C inserts the awl in the hole in the leg of the slipper with his right hand; #C C adjusts the wool with her right hand."
    },
    {
        "Video Name": "13da7511-a092-4a48-b54c-23444a37d3ae",
        "Start Frame": 120,
        "End Frame": 240,
        "Caption": "#C C fixes the shoe lace; #C C drops the needle on his leg with his right hand; #C C pulls the thread with his left hand.; #C C adjusts the slippers with both hands.; #C C adjusts the shoe with his right hand."
    },
    {
        "Video Name": "13da7511-a092-4a48-b54c-23444a37d3ae",
        "Start Frame": 240,
        "End Frame": 360,
        "Caption": "#C C adjusts the shoe on the floor with both hands.; #C C ties the shoe lace; #C C picks a needle from the floor with his right hand; #C C puts the needle on the floor with his right hand; #C C inserts the needle into the shoe with his right hand"
    },
    {
        "Video Name": "13da7511-a092-4a48-b54c-23444a37d3ae",
        "Start Frame": 360,
        "End Frame": 480,
        "Caption": "#C C opens the; #C C holds the; #C C checks the; #C C touches the; #C C picks the"
    },
    {
        "Video Name": "13da7511-a092-4a48-b54c-23444a37d3ae",
        "Start Frame": 480,
        "End Frame": 600,
        "Caption": "#C C holds the slippers with his left hand.; #C C moves the shoe to the left hand ; #C C holds the shoe with the left hand; #C C puts the slippers in his left foot with his left hand; #C C adjusts his right leg on his left leg."
    },
    {
        "Video Name": "13da7511-a092-4a48-b54c-23444a37d3ae",
        "Start Frame": 600,
        "End Frame": 720,
        "Caption": "#C C adjusts a shoe lace on his left leg with his right hand; #C C touches his right foot with his right hand.; #C C touches his right foot with his right hand.; #C C touches the toe with his right hand.; #C C holds his feet with both hands."
    },
    {
        "Video Name": "13da7511-a092-4a48-b54c-23444a37d3ae",
        "Start Frame": 720,
        "End Frame": 840,
        "Caption": "#C C picks the shoe; #C C touches the shoe with his right hand.; #C C adjusts the shoe on the floor with his left hand.; #C C picks a slipper from the ground with his right hand; #C C drops the slippers in his right hand on the floor"
    },
    {
        "Video Name": "13da7511-a092-4a48-b54c-23444a37d3ae",
        "Start Frame": 840,
        "End Frame": 960,
        "Caption": "#C C touches the shoe; #C C fixes the shoe with the shoe needle; #C C moves the shoe.; #C C adjusts the shoe with both hands.; #C C adjusts the shoe."
    },
    {
        "Video Name": "13da7511-a092-4a48-b54c-23444a37d3ae",
        "Start Frame": 960,
        "End Frame": 1080,
        "Caption": "#C C Adjusts a shoe on his; #C C fixes the shoe; #C C looks at the shoe.; #C C holds the shoe; #C C looks at the shoe "
    },
    {
        "Video Name": "13da7511-a092-4a48-b54c-23444a37d3ae",
        "Start Frame": 1080,
        "End Frame": 1200,
        "Caption": "#C C adjusts a shoe.; #C C holds a shoe with his left hand; #C C picks up the shoe; #C C holds the shoe with his left hand; #C C picks a shoe"
    },
    {
        "Video Name": "13da7511-a092-4a48-b54c-23444a37d3ae",
        "Start Frame": 1200,
        "End Frame": 1320,
        "Caption": "#C C picks up another shoe.; #C C holds the shoe with both hands.; #C C picks the sandal; #C C picks a sandal; #C C holds the sandal with his right hand"
    },
    {
        "Video Name": "13da7511-a092-4a48-b54c-23444a37d3ae",
        "Start Frame": 1320,
        "End Frame": 1440,
        "Caption": "#C C holds the shoe; #C C puts the shoe on the floor; #C C holds a shoe on the floor with his right hand; #C C adjusts the shoe on the floor with his left hand; #C C moves the shoe"
    },
    {
        "Video Name": "13da7511-a092-4a48-b54c-23444a37d3ae",
        "Start Frame": 1440,
        "End Frame": 1560,
        "Caption": "#C C opens the nylon with both hands.; #C C opens the nylon with both hands.; #C C opens the plastic bag with both hands; #C C opens the sack with both hands.; #C C opens the plastic bag with his hands"
    },
    {
        "Video Name": "13da7511-a092-4a48-b54c-23444a37d3ae",
        "Start Frame": 1560,
        "End Frame": 1680,
        "Caption": "#C C opens the nylon with his right hand.; #C C takes out a shoe from the plastic bag with his right hand; #C C puts the nylon in the nylon bag with his right hand.; #C C holds the paper bag on the floor with his left hand.; #C C removes a shoe from the plastic bag"
    },
    {
        "Video Name": "13da7511-a092-4a48-b54c-23444a37d3ae",
        "Start Frame": 1680,
        "End Frame": 1800,
        "Caption": "#C C looks around ; #C C looks around the room ; #C C looks at a bag on the; #C C looks around the room; #C C looks around "
    },
    {
        "Video Name": "13da7511-a092-4a48-b54c-23444a37d3ae",
        "Start Frame": 1800,
        "End Frame": 1920,
        "Caption": "#C C tightens the knot of the wrapper with his right hand; #C C holds the needle in his right hand.; #C C touches the shoe; #C C removes the cloth from the leg; #C C puts the spanner on his right lap."
    },
    {
        "Video Name": "13da7511-a092-4a48-b54c-23444a37d3ae",
        "Start Frame": 1920,
        "End Frame": 2040,
        "Caption": "#C C looks at the clothes on the; #C C looks around; #C C looks at the table; #C C looks around the house ; #C C looks around"
    },
    {
        "Video Name": "13da7511-a092-4a48-b54c-23444a37d3ae",
        "Start Frame": 2040,
        "End Frame": 2160,
        "Caption": "#C C holds her left toes with her right hand; #C C Looks at the floor; #C C Holds his toes; #C C Puts the right hand on the lap; #C C Looks at the floor"
    },
    {
        "Video Name": "13da7511-a092-4a48-b54c-23444a37d3ae",
        "Start Frame": 2160,
        "End Frame": 2280,
        "Caption": "#C C ties the shoe lace with both hands.; #C C ties the shoe laces; #C C adjusts the wood in the shoe with his right hand; #C C adjusts a shoe lace with his right hand.; #C C ties the wood on the shoe"
    },
    {
        "Video Name": "13da7511-a092-4a48-b54c-23444a37d3ae",
        "Start Frame": 2280,
        "End Frame": 2400,
        "Caption": "#C C holds the needle; #C C passes the needle to his left hand.; #C C picks a needle from her left foot with her right hand; #C C takes the needle from his left thigh with his right hand; #C C cleans her right foot with the needle in her right hand"
    },
    {
        "Video Name": "13da7511-a092-4a48-b54c-23444a37d3ae",
        "Start Frame": 2400,
        "End Frame": 2520,
        "Caption": "#C C touches the toe with right hand; #C C feels the floor with his right hand.; #C C touches the toe nails; #C C scratches her left foot with her right hand; #C C touches her feet with her right hand."
    },
    {
        "Video Name": "13da7511-a092-4a48-b54c-23444a37d3ae",
        "Start Frame": 2520,
        "End Frame": 2640,
        "Caption": "#C C picks the needle in his right hand on his left leg; #C C places his right hand on his right leg.; #C C puts the needle in the other hand; #C C touches his leg ; #C C drops the knitting wool on her lap."
    },
    {
        "Video Name": "13da7511-a092-4a48-b54c-23444a37d3ae",
        "Start Frame": 2640,
        "End Frame": 2760,
        "Caption": "#C C picks up the needle; #C C drops the needle on the mat.; #C C picks up a needle from the mat with his right hand; #C C picks up a needle from the mat with his right hand; #C C picks a needle on the floor with her right hand."
    },
    {
        "Video Name": "13da7511-a092-4a48-b54c-23444a37d3ae",
        "Start Frame": 2760,
        "End Frame": 2880,
        "Caption": "#C C picks a needle from the floor with her right hand.; #C C picks up the knitting needle on the mat with his right hand; #C C picks up a needle; #C C picks a needle; #C C picks a needle"
    },
    {
        "Video Name": "13da7511-a092-4a48-b54c-23444a37d3ae",
        "Start Frame": 2880,
        "End Frame": 3000,
        "Caption": "#C C removes his hand from the shoe ; #C C places a cloth on the floor; #C C picks up the cloth; #C C picks a slipper from the floor with his right hand; #C C picks the needle on the floor with his right hand."
    },
    {
        "Video Name": "13da7511-a092-4a48-b54c-23444a37d3ae",
        "Start Frame": 3000,
        "End Frame": 3120,
        "Caption": "#C C picks a needle from the table with his left hand; #C C picks a needle from a stool with his left hand.; #C C picks a needle from a container on the floor with his right hand; #C C picks a needle with his left hand.; #C C picks a needle from a container with his right hand."
    },
    {
        "Video Name": "13da7511-a092-4a48-b54c-23444a37d3ae",
        "Start Frame": 3120,
        "End Frame": 3240,
        "Caption": "#C C puts the knife on the table with his right hand.; #C C places the knife on the floor; #C C picks a knife from the floor with his right hand.; #C C picks a knife from the bowl on the ground with his right hand; #C C picks a coconut"
    },
    {
        "Video Name": "13da7511-a092-4a48-b54c-23444a37d3ae",
        "Start Frame": 3240,
        "End Frame": 3360,
        "Caption": "#C C looks around; #C C touches the toe; #C C adjusts the wool on the tapestry with his right hand; #C C holds the knitting needle with right hand; #C C pulls the wool from the ground with his right hand."
    },
    {
        "Video Name": "13da7511-a092-4a48-b54c-23444a37d3ae",
        "Start Frame": 3360,
        "End Frame": 3480,
        "Caption": "#C C stares at the ground; #C C puts the knife on the lap; #C C picks the knife from the ground with his right hand; #C C looks around; #C C drops the knife in his right hand on the floor"
    },
    {
        "Video Name": "13da7511-a092-4a48-b54c-23444a37d3ae",
        "Start Frame": 3480,
        "End Frame": 3600,
        "Caption": "#C C looks around; #C C moves a right leg; #C C looks around; #C C holds the knife with right; #C C looks at the legs "
    },
    {
        "Video Name": "13da7511-a092-4a48-b54c-23444a37d3ae",
        "Start Frame": 3600,
        "End Frame": 3720,
        "Caption": "#C C looks around; #C C looks around; #C C holds his; #C C holds the; #C C adjusts his"
    },
    {
        "Video Name": "13da7511-a092-4a48-b54c-23444a37d3ae",
        "Start Frame": 3720,
        "End Frame": 3840,
        "Caption": "#C C holds the knife with both hands; #C C holds the knife with his right hand; #C C touches the knife with his right hand; #C C touches the knife with his right hand; #C C holds the knife with his left hand"
    },
    {
        "Video Name": "13da7511-a092-4a48-b54c-23444a37d3ae",
        "Start Frame": 3840,
        "End Frame": 3960,
        "Caption": "#C C places his right hand on the cup of; #C C holds the banana peels in his left; #C C holds the seed; #C C stares at the ground; #C C stares at the floor"
    },
    {
        "Video Name": "13da7511-a092-4a48-b54c-23444a37d3ae",
        "Start Frame": 3960,
        "End Frame": 4080,
        "Caption": "#C C moves the wooden shoe in his left hand to his right hand; #C C removes a needle from the shoe; #C C holds the wool with his right hand.; #C C ties the shoe lace with both hands.; #C C holds the needle with her right hand."
    },
    {
        "Video Name": "13da7511-a092-4a48-b54c-23444a37d3ae",
        "Start Frame": 4080,
        "End Frame": 4200,
        "Caption": "#C C adjusts the shoe laces; #C C places the shoe in his right hand on his leg; #C C puts the ring on the toe.; #C C adjusts the shoe laces with his right hand.; #C C touches his right shoe with his right hand."
    },
    {
        "Video Name": "13da7511-a092-4a48-b54c-23444a37d3ae",
        "Start Frame": 4200,
        "End Frame": 4320,
        "Caption": "#C C stares a round; #C C looks around; #C C Looks at the shoes; #C C looks around; #C C scratches his right toes with his right hand"
    },
    {
        "Video Name": "13da7511-a092-4a48-b54c-23444a37d3ae",
        "Start Frame": 4320,
        "End Frame": 4440,
        "Caption": "#C C rubs his right hand with his left hand; #C C holds his right leg with his left hand.; #C C touches the seeds of the plantain with his right hand; #C C adjusts the plate with his right hand.; #C C touches the plantain with his right hand."
    },
    {
        "Video Name": "13da7511-a092-4a48-b54c-23444a37d3ae",
        "Start Frame": 4440,
        "End Frame": 4560,
        "Caption": "#C C adjusts the nylon on his legs with his left hand.; #C C opens a bottle of water with his right hand.; #C C picks the hook knife from the floor with his right hand; #C C puts the knife on the plate; #C C adjusts the rag with both hands."
    },
    {
        "Video Name": "13da7511-a092-4a48-b54c-23444a37d3ae",
        "Start Frame": 4560,
        "End Frame": 4680,
        "Caption": "#C C stares at the floor; #C C places his right hand on the floor; #C C adjusts the knife; #C C rubs the legs with right hand; #C C stares at his right leg"
    },
    {
        "Video Name": "13da7511-a092-4a48-b54c-23444a37d3ae",
        "Start Frame": 4680,
        "End Frame": 4800,
        "Caption": "#C C Looks at the hand; #C C looks at the nut; #C C eats the popcorns; #C C looks at the plate; #C C looks at the nut on the"
    },
    {
        "Video Name": "13da7511-a092-4a48-b54c-23444a37d3ae",
        "Start Frame": 4800,
        "End Frame": 4920,
        "Caption": "#C C peels the seeds of the plantain with his right hand; #C C Moves the right hand; #C C touches the ground; #C C places his right hand on the ground.; #C C puts his right hand on his lap"
    },
    {
        "Video Name": "13da7511-a092-4a48-b54c-23444a37d3ae",
        "Start Frame": 4920,
        "End Frame": 5040,
        "Caption": "#C C removes a needle from the tip of the wool with her left hand; #C C cleans the feet with her left hand.; #C C holds a wool in her right hand.; #C C picks the ring from the floor with his left hand.; #C C holds the slippers with her left hand."
    },
    {
        "Video Name": "13da7511-a092-4a48-b54c-23444a37d3ae",
        "Start Frame": 5040,
        "End Frame": 5160,
        "Caption": "#C C touches the ring on his right ring finger with his left hand; #C C holds the needle in his right hand.; #C C scratches his left leg with his right hand.; #C C cleans his right leg with his right hand.; #C C holds his right toes"
    },
    {
        "Video Name": "13da7511-a092-4a48-b54c-23444a37d3ae",
        "Start Frame": 5160,
        "End Frame": 5280,
        "Caption": "#C C rubs right hand on his shoe ; #C C adjusts his cloth with his right hand.; #C C holds his right leg with his right hand; #C C adjusts his left leg on his left leg; #C C looks at the toes"
    },
    {
        "Video Name": "13da7511-a092-4a48-b54c-23444a37d3ae",
        "Start Frame": 5280,
        "End Frame": 5400,
        "Caption": "#C C moves the left hand ; #C C adjusts the needle with his hands.; #C C looks at the needle; #C C adjusts the needle with his right hand; #C C looks at the feet "
    }
]