[
    {
        "Video Name": "13e20734-cac8-492a-a70a-3d2bf598d21a",
        "Start Frame": 0,
        "End Frame": 120,
        "Caption": "#C C stares the cards on the table; #C C stares the cards on the table; #C C stares the cards on the table; #C C stares the cards on the table; #C C looks around the house "
    },
    {
        "Video Name": "13e20734-cac8-492a-a70a-3d2bf598d21a",
        "Start Frame": 120,
        "End Frame": 240,
        "Caption": "#C C looks around ; #C C looks around ; #C C looks around the house ; #C C stares the cards on the table; #C C stares the cards on the table"
    },
    {
        "Video Name": "13e20734-cac8-492a-a70a-3d2bf598d21a",
        "Start Frame": 240,
        "End Frame": 360,
        "Caption": "#C C looks around; #O A man X looks around; #O person X talks to C; #C C stares the cards on the table; #C C looks around the room"
    },
    {
        "Video Name": "13e20734-cac8-492a-a70a-3d2bf598d21a",
        "Start Frame": 360,
        "End Frame": 480,
        "Caption": "#C C looks around; #C C stares at the table; #C C stares the cards on the table; #C C looks around ; #C C stares the cards on the table"
    },
    {
        "Video Name": "13e20734-cac8-492a-a70a-3d2bf598d21a",
        "Start Frame": 480,
        "End Frame": 600,
        "Caption": "#O A man X looks at the cards; #C C looks around; #C C stares the cards on the table; #O A man X looks around the house; #C C looks around "
    },
    {
        "Video Name": "13e20734-cac8-492a-a70a-3d2bf598d21a",
        "Start Frame": 600,
        "End Frame": 720,
        "Caption": "#C C looks around the house; #C C looks around the house; #C C stares at the table; #C C stares person X; #C C looks around the house"
    },
    {
        "Video Name": "13e20734-cac8-492a-a70a-3d2bf598d21a",
        "Start Frame": 720,
        "End Frame": 840,
        "Caption": "#O A man X looks at the cards on his hands; #O person X picks cards from the table ; #O person X stares at the cards in his hands ; #C C stares person X ; #O person X stares at the cards on the table "
    },
    {
        "Video Name": "13e20734-cac8-492a-a70a-3d2bf598d21a",
        "Start Frame": 840,
        "End Frame": 960,
        "Caption": "#O A man X picks the playing card; #O The man X drops the card on the table with his right hand.; #O The man X drops a card on the table with his right hand.; #C C stares the person X ; #O The man X picks a card from his left hand with his right hand"
    },
    {
        "Video Name": "13e20734-cac8-492a-a70a-3d2bf598d21a",
        "Start Frame": 960,
        "End Frame": 1080,
        "Caption": "#C C picks the playing card from the table ; #C C picks a card from the table; #C C picks a card from the pack of cards on the table with his right hand; #C C picks the playing cards from the table ; #C C picks a playing card on the table "
    },
    {
        "Video Name": "13e20734-cac8-492a-a70a-3d2bf598d21a",
        "Start Frame": 1080,
        "End Frame": 1200,
        "Caption": "#C C looks around; #C C looks around; #C C looks around; #C C looks around; #C C looks around"
    },
    {
        "Video Name": "13e20734-cac8-492a-a70a-3d2bf598d21a",
        "Start Frame": 1200,
        "End Frame": 1320,
        "Caption": "#C C stares the cards on the table; #C C looks around the house; #C C stares the cards on the table; #C C looks around the house ; #C C stares at the table"
    },
    {
        "Video Name": "13e20734-cac8-492a-a70a-3d2bf598d21a",
        "Start Frame": 1320,
        "End Frame": 1440,
        "Caption": "#O person X reads a card on the table ; #C C looks around the house; #C C stares at the cards on the table; #C C looks around the house; #O person X picks up the cards on the table"
    },
    {
        "Video Name": "13e20734-cac8-492a-a70a-3d2bf598d21a",
        "Start Frame": 1440,
        "End Frame": 1560,
        "Caption": "#C C looks at the cards; #O The man X shuffles the card with his hands.; #C C interacts with the man X.; #O The man X drops a card on the table with his right hand; #C C stares at the table"
    },
    {
        "Video Name": "13e20734-cac8-492a-a70a-3d2bf598d21a",
        "Start Frame": 1560,
        "End Frame": 1680,
        "Caption": "#C C looks around the house ; #O The man A shuffles the pack of cards on the table with his right hand; #C C looks around the house; #O The man A picks the cards from the table with his left hand.; #O person X picks up the cards from the table "
    },
    {
        "Video Name": "13e20734-cac8-492a-a70a-3d2bf598d21a",
        "Start Frame": 1680,
        "End Frame": 1800,
        "Caption": "#C C looks around ; #O A man X talks to C; #C C looks around; #C C looks around the house ; #C C looks around the house "
    },
    {
        "Video Name": "13e20734-cac8-492a-a70a-3d2bf598d21a",
        "Start Frame": 1800,
        "End Frame": 1920,
        "Caption": "#C C stares the phone on the table ; #C C looks at the cards on the table; #O person X interacts with C ; #O a man X picks a card from the pack of cards in his left hand with his right hand; #O person X touches the card in his left hand "
    },
    {
        "Video Name": "13e20734-cac8-492a-a70a-3d2bf598d21a",
        "Start Frame": 1920,
        "End Frame": 2040,
        "Caption": "#O A man X moves his head; #O person X looks at the cards on the table; #O person X picks a card on the table ; #O person X stares at the cards in his hands; #C C stares person X "
    },
    {
        "Video Name": "13e20734-cac8-492a-a70a-3d2bf598d21a",
        "Start Frame": 2040,
        "End Frame": 2160,
        "Caption": "#O The man X places the pack of cards on the pack of cards on the table with his left hand; #C C looks around the house ; #C C stares the cards on the table ; #C C looks around the room; #C C stares the cards on the table "
    },
    {
        "Video Name": "13e20734-cac8-492a-a70a-3d2bf598d21a",
        "Start Frame": 2160,
        "End Frame": 2280,
        "Caption": "#C C looks around the house; #O A man X stares at the table; #C C stares at the table; #C C stares the cards on the table ; #O The man A holds the stack of cards with both hands"
    },
    {
        "Video Name": "13e20734-cac8-492a-a70a-3d2bf598d21a",
        "Start Frame": 2280,
        "End Frame": 2400,
        "Caption": "#C C looks around ; #C C looks around; #O The man X drops a card on the pack of cards on the table with his left hand; #O The man X moves the stack of cards on the table with his right hand.; #O person X stares the cards on the table "
    },
    {
        "Video Name": "13e20734-cac8-492a-a70a-3d2bf598d21a",
        "Start Frame": 2400,
        "End Frame": 2520,
        "Caption": "#O The man X drops the card on the pack of cards on the table with his right hand; #C C looks around ; #O The man X picks a card from the pack of cards on the table with his right hand; #O The man X drops the card on the pack of cards on the table with his left hand; #O The man X drops the card on the pack of cards on the table with his right hand"
    },
    {
        "Video Name": "13e20734-cac8-492a-a70a-3d2bf598d21a",
        "Start Frame": 2520,
        "End Frame": 2640,
        "Caption": "#C C picks the playing card on the table ; #C C picks a card from the pack of cards on the table with his right hand.; #C C picks the cards from the table ; #C C picks up a card from the set of cards on the table with his right hand; #C C picks a card from the pack of cards on the table with his right hand."
    },
    {
        "Video Name": "13e20734-cac8-492a-a70a-3d2bf598d21a",
        "Start Frame": 2640,
        "End Frame": 2760,
        "Caption": "#C C picks a card from the deck of cards in his left hand with his right hand; #C C picks the playing card from the table ; #C C picks a card from the pack of cards in his left hand with his right hand; #C C picks a card from the stack of cards in his left hand with his right hand; #C C picks up the play card"
    },
    {
        "Video Name": "13e20734-cac8-492a-a70a-3d2bf598d21a",
        "Start Frame": 2760,
        "End Frame": 2880,
        "Caption": "#C C looks at the card; #C C looks at the cards on the; #C C looks at the cards on the; #C C looks at the cards; #C C looks at the card"
    },
    {
        "Video Name": "13e20734-cac8-492a-a70a-3d2bf598d21a",
        "Start Frame": 2880,
        "End Frame": 3000,
        "Caption": "#C C looks at the cards on the; #C C puts the card on the table; #C C looks at the cards; #C C looks at the cards in his; #C C places the card on the table"
    },
    {
        "Video Name": "13e20734-cac8-492a-a70a-3d2bf598d21a",
        "Start Frame": 3000,
        "End Frame": 3120,
        "Caption": "#C C looks around; #C C looks at the cards on the; #C C looks at the cards in his; #C C looks at the cards on the; #C C looks at the cards"
    },
    {
        "Video Name": "13e20734-cac8-492a-a70a-3d2bf598d21a",
        "Start Frame": 3120,
        "End Frame": 3240,
        "Caption": "#C C looks at the cards on the; #C C looks around the house ; #C C looks around the table; #C C looks around; #C C looks around"
    },
    {
        "Video Name": "13e20734-cac8-492a-a70a-3d2bf598d21a",
        "Start Frame": 3240,
        "End Frame": 3360,
        "Caption": "#C C holds the cards; #C C looks at the cards on the table; #C C looks around; #C C looks around ; #C C holds the playing cards with his hands"
    },
    {
        "Video Name": "13e20734-cac8-492a-a70a-3d2bf598d21a",
        "Start Frame": 3360,
        "End Frame": 3480,
        "Caption": "#O A man X picks the play cards on the table ; #O The man X picks a card from the pack of cards on the table with his right hand.; #O The man X picks up a card from the pack of cards on the table with his left hand; #C C looks around; #C C stares the person X"
    },
    {
        "Video Name": "13e20734-cac8-492a-a70a-3d2bf598d21a",
        "Start Frame": 3480,
        "End Frame": 3600,
        "Caption": "#C C looks around ; #O A man X looks at the playing cards on the table ; #C C looks at the cards on the table; #C C stares the cards on the table ; #O The man X drops a card on the stack of cards on the table with his right hand"
    },
    {
        "Video Name": "13e20734-cac8-492a-a70a-3d2bf598d21a",
        "Start Frame": 3600,
        "End Frame": 3720,
        "Caption": "#C C looks around the house ; #C C looks around ; #C C looks at the cards on the; #C C stares the cards on the table; #C C looks around"
    },
    {
        "Video Name": "13e20734-cac8-492a-a70a-3d2bf598d21a",
        "Start Frame": 3720,
        "End Frame": 3840,
        "Caption": "#C C stares the cards on the table ; #O The man X picks a card from the pack of cards on the table with his left hand; #O The man X picks a card from the pack of cards on the table with his right hand; #O The man X drops the card in his right hand on the deck of cards on the table; #O A man X puts the card on the table "
    },
    {
        "Video Name": "13e20734-cac8-492a-a70a-3d2bf598d21a",
        "Start Frame": 3840,
        "End Frame": 3960,
        "Caption": "#C C looks around; #C C stares the cards on the table ; #O A man X looks at the play card; #C C looks around ; #C C looks around "
    },
    {
        "Video Name": "13e20734-cac8-492a-a70a-3d2bf598d21a",
        "Start Frame": 3960,
        "End Frame": 4080,
        "Caption": "#O A man X puts the playing card on the table ; #O The man X drops the card on the pack of cards on the table with his left hand; #O The man X drops the card on the pack of cards on the table with his left hand; #O The man X picks a card from the pack of cards on the table with his right hand; #O A man X puts the playing card on the table "
    },
    {
        "Video Name": "13e20734-cac8-492a-a70a-3d2bf598d21a",
        "Start Frame": 4080,
        "End Frame": 4200,
        "Caption": "#C C looks around ; #C C looks around the house ; #C C looks around the house ; #C C interacts with the man X; #C C looks around the house"
    },
    {
        "Video Name": "13e20734-cac8-492a-a70a-3d2bf598d21a",
        "Start Frame": 4200,
        "End Frame": 4320,
        "Caption": "#C C stares the cards on the table ; #O The man X picks some cards on the table with his left hand; #C C looks at the cards on the table; #O A man X holds the playing cards with his hands ; #C C looks around "
    },
    {
        "Video Name": "13e20734-cac8-492a-a70a-3d2bf598d21a",
        "Start Frame": 4320,
        "End Frame": 4440,
        "Caption": "#C C looks around the house; #C C looks around; #C C looks around the house; #C C interacts with the man; #C C stares the person X"
    },
    {
        "Video Name": "13e20734-cac8-492a-a70a-3d2bf598d21a",
        "Start Frame": 4440,
        "End Frame": 4560,
        "Caption": "#O The man X picks a card from the pack of cards on the table with his left hand; #O The man X picks a card from the pack of cards on the table with his left hand; #O The man X moves the pack of cards on the table with his right hand.; #O The man X moves some cards on the table with his right hand.; #O The man X picks a card from the pack of cards on the table with his left hand"
    },
    {
        "Video Name": "13e20734-cac8-492a-a70a-3d2bf598d21a",
        "Start Frame": 4560,
        "End Frame": 4680,
        "Caption": "#O The man X picks a card from the pack of cards on the table with his left hand; #C C looks around; #C C looks around the house ; #C C looks around; #C C looks around"
    },
    {
        "Video Name": "13e20734-cac8-492a-a70a-3d2bf598d21a",
        "Start Frame": 4680,
        "End Frame": 4800,
        "Caption": "#O The man X shuffles the cards on the table with his left hand.; #C C stares the cards on the table ; #O The man X picks a card from the deck of cards on the table with his right hand; #C C looks around ; #O person X picks up the cards from the table "
    },
    {
        "Video Name": "13e20734-cac8-492a-a70a-3d2bf598d21a",
        "Start Frame": 4800,
        "End Frame": 4920,
        "Caption": "#C C stares the cards on the table ; #C C stares the cards on the table ; #C C stares the table ; #O The man X picks the pack of cards from the table with his right hand; #C C stares the cards on the table "
    },
    {
        "Video Name": "13e20734-cac8-492a-a70a-3d2bf598d21a",
        "Start Frame": 4920,
        "End Frame": 5040,
        "Caption": "#O The man X drops the card on the pack of cards on the table with his left hand; #O a man X places a card on the table; #O The man X drops the card on the pack of cards on the table with his right hand; #O The man X drops the card on the pack of cards on the table with his left hand; #O The man X drops a card on the pack of cards on the table with his left hand"
    },
    {
        "Video Name": "13e20734-cac8-492a-a70a-3d2bf598d21a",
        "Start Frame": 5040,
        "End Frame": 5160,
        "Caption": "#C C picks some cards from the table with his right hand.; #C C picks a card from the pack of cards on the table with his right hand.; #C C drops the cards on the table with his right hand.; #C C puts the cards on the table ; #C C places the cards on the table "
    },
    {
        "Video Name": "13e20734-cac8-492a-a70a-3d2bf598d21a",
        "Start Frame": 5160,
        "End Frame": 5280,
        "Caption": "#C C looks around ; #C C drops the card on the pack of cards on the table; #C C looks around ; #C C looks around ; #C C stares at the table"
    },
    {
        "Video Name": "13e20734-cac8-492a-a70a-3d2bf598d21a",
        "Start Frame": 5280,
        "End Frame": 5400,
        "Caption": "#C C looks around; #C C looks around; #C C looks around ; #C C stares at the; #C C looks around"
    }
]