[
    {
        "Video Name": "1459809c-033a-4657-86a1-d106b6718d5f",
        "Start Frame": 0,
        "End Frame": 120,
        "Caption": "#C C uses phone ; #c c browses her; #C C types on the; #C C uses the phone; #C C uses the phone"
    },
    {
        "Video Name": "1459809c-033a-4657-86a1-d106b6718d5f",
        "Start Frame": 120,
        "End Frame": 240,
        "Caption": "#C C picks a; #C C opens a; #C C folds the; #C C picks cloth; #C C takes the"
    },
    {
        "Video Name": "1459809c-033a-4657-86a1-d106b6718d5f",
        "Start Frame": 240,
        "End Frame": 360,
        "Caption": "#C C puts the cloth on the sewing machine; #C C adjusts the cloth; #C C puts the cloth on the sewing machine; #C C puts the fabric on the sewing machine; #C C places the clothing material on the sewing"
    },
    {
        "Video Name": "1459809c-033a-4657-86a1-d106b6718d5f",
        "Start Frame": 360,
        "End Frame": 480,
        "Caption": "#c c adjusts the cloth; #c c removes the pin from the cloth; #c c adjusts the cloth; #C C puts the scissors on the sewing; #c c moves the material to the sewing"
    },
    {
        "Video Name": "1459809c-033a-4657-86a1-d106b6718d5f",
        "Start Frame": 480,
        "End Frame": 600,
        "Caption": "#c c removes a pin from the cloth; #C C adjusts the machine; #c c sew the cloth with the sewing machine; #c c puts the bobbin in the bobbin; #C C removes the pin"
    },
    {
        "Video Name": "1459809c-033a-4657-86a1-d106b6718d5f",
        "Start Frame": 600,
        "End Frame": 720,
        "Caption": "#c c presses the sew machine button off; #c c starts the sewing machine; #c c sews the cloth with the sewing; #c c adjusts the cloth on the sewing machine; #c c presses the sew machine button off"
    },
    {
        "Video Name": "1459809c-033a-4657-86a1-d106b6718d5f",
        "Start Frame": 720,
        "End Frame": 840,
        "Caption": "#c c presses the sew machine button off; #c c sews the cloth on the sewing; #c c presses the sew machine button; #C C sews the cloth; #c c sews the cloth with the sewing"
    },
    {
        "Video Name": "1459809c-033a-4657-86a1-d106b6718d5f",
        "Start Frame": 840,
        "End Frame": 960,
        "Caption": "#c c presses the sew machine button; #C C removes the cloth from the sewing; #c c removes the material from the sewing; #c c adjusts the cloth on the sewing; #c c removes pin"
    },
    {
        "Video Name": "1459809c-033a-4657-86a1-d106b6718d5f",
        "Start Frame": 960,
        "End Frame": 1080,
        "Caption": "#c c presses the sew machine button; #c c presses the sew machine button; #c c sews the cloth; #c c press the sew machine button; #C C removes the pin"
    },
    {
        "Video Name": "1459809c-033a-4657-86a1-d106b6718d5f",
        "Start Frame": 1080,
        "End Frame": 1200,
        "Caption": "#c c sews the cloth; #c c sews the cloth with the sewing; #c c presses the sew machine button off; #c c sews the cloth; #c c presses the sew machine button off"
    },
    {
        "Video Name": "1459809c-033a-4657-86a1-d106b6718d5f",
        "Start Frame": 1200,
        "End Frame": 1320,
        "Caption": "#C C sews the cloth; #C C sews the cloth; #c c sews the cloth with the sewing; #c c sews the cloth with the sewing; #C C stops the sewing machine"
    },
    {
        "Video Name": "1459809c-033a-4657-86a1-d106b6718d5f",
        "Start Frame": 1320,
        "End Frame": 1440,
        "Caption": "#c c stopes the; #c c starts sewing; #c c start the sewing; #c c start the sewing; #c c sew the cloth"
    },
    {
        "Video Name": "1459809c-033a-4657-86a1-d106b6718d5f",
        "Start Frame": 1440,
        "End Frame": 1560,
        "Caption": "#C C sews the cloth; #c c turn off the sewing; #c c stopes the sewing; #C C stops sewing ; #c c starts sewing"
    },
    {
        "Video Name": "1459809c-033a-4657-86a1-d106b6718d5f",
        "Start Frame": 1560,
        "End Frame": 1680,
        "Caption": "#C C stops sewing machine; #c c operate the sewing; #c c sews the; #C C presses speed button; #c c start to sew"
    },
    {
        "Video Name": "1459809c-033a-4657-86a1-d106b6718d5f",
        "Start Frame": 1680,
        "End Frame": 1800,
        "Caption": "#c c removes pin from the material; #c c put the material on the sewing; #C C stops the sewing machine; #C C adjusts the cloth on the sewing; #c c press the sew machine button"
    },
    {
        "Video Name": "1459809c-033a-4657-86a1-d106b6718d5f",
        "Start Frame": 1800,
        "End Frame": 1920,
        "Caption": "#C C stops the sewing; #C C sews the; #C C stops the sewing; #C C turns off the; #C C turns the cloth"
    },
    {
        "Video Name": "1459809c-033a-4657-86a1-d106b6718d5f",
        "Start Frame": 1920,
        "End Frame": 2040,
        "Caption": "#C C sews the piece of; #C C operates the sewing machine; #c c press the sewing machine button; #C C sews the cloth; #C C sews the cloth"
    },
    {
        "Video Name": "1459809c-033a-4657-86a1-d106b6718d5f",
        "Start Frame": 2040,
        "End Frame": 2160,
        "Caption": "#c c starts to sew; #c c sews the; #c c sews the; #c c sew the cloth; #c c sews the"
    },
    {
        "Video Name": "1459809c-033a-4657-86a1-d106b6718d5f",
        "Start Frame": 2160,
        "End Frame": 2280,
        "Caption": "#c c sew the cloth; #c c turn off the sewing; #c c sew the cloth; #c c sew the cloth; #C C stops sewing"
    },
    {
        "Video Name": "1459809c-033a-4657-86a1-d106b6718d5f",
        "Start Frame": 2280,
        "End Frame": 2400,
        "Caption": "#C C switches off the machine; #c c press the sew machine button; #c c start the sew machine; #c c adjusts the cloth; #c c turn the part of the"
    },
    {
        "Video Name": "1459809c-033a-4657-86a1-d106b6718d5f",
        "Start Frame": 2400,
        "End Frame": 2520,
        "Caption": "#c c sews the; #c c sews the; #c c sews the; #C C sews the; #C C sews the"
    },
    {
        "Video Name": "1459809c-033a-4657-86a1-d106b6718d5f",
        "Start Frame": 2520,
        "End Frame": 2640,
        "Caption": "#c c sews the cloth; #c c sews the cloth; #c c sews the cloth; #c c sews the cloth; #c c sews the cloth with the sewing"
    },
    {
        "Video Name": "1459809c-033a-4657-86a1-d106b6718d5f",
        "Start Frame": 2640,
        "End Frame": 2760,
        "Caption": "#c c removes the material from the; #c c removes a pin from the; #c c removes material from the sewing; #c c removes a pin from the; #c c sews the material"
    },
    {
        "Video Name": "1459809c-033a-4657-86a1-d106b6718d5f",
        "Start Frame": 2760,
        "End Frame": 2880,
        "Caption": "#c c remove pin; #c c remove pin from the material; #c c makes a hole on the piece of; #C C puts the pin in the piece of; #c c adjust the material"
    },
    {
        "Video Name": "1459809c-033a-4657-86a1-d106b6718d5f",
        "Start Frame": 2880,
        "End Frame": 3000,
        "Caption": "#c c starts the sewing; #c c start the sewing; #c c sews the; #c c remove pin; #c c sews the"
    },
    {
        "Video Name": "1459809c-033a-4657-86a1-d106b6718d5f",
        "Start Frame": 3000,
        "End Frame": 3120,
        "Caption": "#c c sews the; #c c sews the; #c c sews the; #c c sews the; #c c sews the"
    },
    {
        "Video Name": "1459809c-033a-4657-86a1-d106b6718d5f",
        "Start Frame": 3120,
        "End Frame": 3240,
        "Caption": "#c c starts sewing; #C C sews the piece of; #c c stopes the sew machine; #c c start to sew; #c c presses the sew machine button"
    },
    {
        "Video Name": "1459809c-033a-4657-86a1-d106b6718d5f",
        "Start Frame": 3240,
        "End Frame": 3360,
        "Caption": "#C C presses the sewing machine; #c c turn off the sewing; #c c operates the sewing machine; #C C sews the cloth; #c c starts sewing"
    },
    {
        "Video Name": "1459809c-033a-4657-86a1-d106b6718d5f",
        "Start Frame": 3360,
        "End Frame": 3480,
        "Caption": "#C C cuts the yarn with the; #c c cuts threads with sciss; #c c cuts off the thread; #c c cuts the threads; #C C cuts the string"
    },
    {
        "Video Name": "1459809c-033a-4657-86a1-d106b6718d5f",
        "Start Frame": 3480,
        "End Frame": 3600,
        "Caption": "#c c cuts the; #C C cuts the; #C C picks scissors; #c c cuts thread; #C C cuts the"
    },
    {
        "Video Name": "1459809c-033a-4657-86a1-d106b6718d5f",
        "Start Frame": 3600,
        "End Frame": 3720,
        "Caption": "#C C picks a needle; #C C picks a scissors; #C C picks scissors ; #C C picks the scissors; #C C puts a needle in the"
    },
    {
        "Video Name": "1459809c-033a-4657-86a1-d106b6718d5f",
        "Start Frame": 3720,
        "End Frame": 3840,
        "Caption": "#C C opens the book; #C C flips pages of a; #C C opens the sewing book; #C C opens the book; #C C opens the book"
    },
    {
        "Video Name": "1459809c-033a-4657-86a1-d106b6718d5f",
        "Start Frame": 3840,
        "End Frame": 3960,
        "Caption": "#C C opens the book; #C C opens the book; #C C opens the sewing manual; #C C flips pages on the book; #C C flips pages of a book"
    },
    {
        "Video Name": "1459809c-033a-4657-86a1-d106b6718d5f",
        "Start Frame": 3960,
        "End Frame": 4080,
        "Caption": "#C C puts the paper aside; #C C puts down the paper ; #C C picks a paper ; #C C places paper on the table; #C C puts the paper on the"
    },
    {
        "Video Name": "1459809c-033a-4657-86a1-d106b6718d5f",
        "Start Frame": 4080,
        "End Frame": 4200,
        "Caption": "#C C reads the book; #c c looks at the pattern book; #C C flips the pages ; #C C looks at the pieces of; #C C puts the needle on the"
    },
    {
        "Video Name": "1459809c-033a-4657-86a1-d106b6718d5f",
        "Start Frame": 4200,
        "End Frame": 4320,
        "Caption": "#C C opens the polythene; #C C removes pin ; #c c removes pins from the paper; #c c closes the zip; #C C removes the pins"
    },
    {
        "Video Name": "1459809c-033a-4657-86a1-d106b6718d5f",
        "Start Frame": 4320,
        "End Frame": 4440,
        "Caption": "#c c picks a scissor; #C C picks up a needle; #C C picks a needle from the; #C C picks a scissor; #c c picks a pin from the"
    },
    {
        "Video Name": "1459809c-033a-4657-86a1-d106b6718d5f",
        "Start Frame": 4440,
        "End Frame": 4560,
        "Caption": "#c c cut the thread with sciss; #C C cuts off the thread; #C C cuts the thread; #c c cut the thread; #C C cuts the thread"
    },
    {
        "Video Name": "1459809c-033a-4657-86a1-d106b6718d5f",
        "Start Frame": 4560,
        "End Frame": 4680,
        "Caption": "#c c cuts thread; #C C cuts the thread with a sciss; #C C cuts the thread; #C C cuts the thread; #C C cuts the thread with the sciss"
    },
    {
        "Video Name": "1459809c-033a-4657-86a1-d106b6718d5f",
        "Start Frame": 4680,
        "End Frame": 4800,
        "Caption": "#c c picks a pair of scissor; #C C puts the scissors on the table; #c c puts the pair of scissors on the sewing machine; #C C puts the pair of scissors on the table; #C C puts the scissor on top of the sewing"
    },
    {
        "Video Name": "1459809c-033a-4657-86a1-d106b6718d5f",
        "Start Frame": 4800,
        "End Frame": 4920,
        "Caption": "#C C removes the pins from the; #C C folds the cloth; #C C folds the cloth; #C C removes pins from the cloth; #C C removes a pin from the"
    },
    {
        "Video Name": "1459809c-033a-4657-86a1-d106b6718d5f",
        "Start Frame": 4920,
        "End Frame": 5040,
        "Caption": "#C C unfolds the cloth; #C C turns the piece of; #C C folds the cloth; #c c unfolds the cloth; #c c fold the cloth"
    },
    {
        "Video Name": "1459809c-033a-4657-86a1-d106b6718d5f",
        "Start Frame": 5040,
        "End Frame": 5160,
        "Caption": "#c c places the paper on the table; #c c puts the cloth aside; #C C puts the piece of cloth on the; #c c puts the paper aside; #c c puts the cut pieces aside"
    },
    {
        "Video Name": "1459809c-033a-4657-86a1-d106b6718d5f",
        "Start Frame": 5160,
        "End Frame": 5280,
        "Caption": "#C C puts the pin on the table; #C C puts the piece of paper on top of the; #C C looks at the book; #C C puts the fabric on the table; #C C puts the clip on the table"
    },
    {
        "Video Name": "1459809c-033a-4657-86a1-d106b6718d5f",
        "Start Frame": 5280,
        "End Frame": 5400,
        "Caption": "#C C unwinds the thread; #C C opens the piece of cloth; #c c remove the pin from the; #c c cut the thread; #C C closes the cloth"
    }
]