[
    {
        "Video Name": "14989a30-3f08-4e5d-8794-42394719f355",
        "Start Frame": 0,
        "End Frame": 120,
        "Caption": "#C C breaks the dried herb with the pestle; #C C pours the pounded dry lime slices and dry leaves into the mortar on the ground with the pestle in her right hand; #C C pours the crushed dry lime slices and dry leaves into the mortar with her right hand.; #C C carves the dry leaf with the pestle in her right hand.; #C C Applies the mortar on the mortar"
    },
    {
        "Video Name": "14989a30-3f08-4e5d-8794-42394719f355",
        "Start Frame": 120,
        "End Frame": 240,
        "Caption": "#C C pours the pounded dry lime slices and dry leaves into the mortar on the ground with her right hand; #C C adjusts the pestle; #C C wipes off the pestle; #C C crushes dried  herbs with a pestle; #C C adjusts the pestle"
    },
    {
        "Video Name": "14989a30-3f08-4e5d-8794-42394719f355",
        "Start Frame": 240,
        "End Frame": 360,
        "Caption": "#C C scoops the crushed seeds from the mortar; #C C crushes dried  herbs with a pestle; #C C pounds dried  herbs on the mortar; #C C scoops the crushed dried herbs from the mortar; #C C places the pestle in her right hand on the mortar on the ground"
    },
    {
        "Video Name": "14989a30-3f08-4e5d-8794-42394719f355",
        "Start Frame": 360,
        "End Frame": 480,
        "Caption": "#C C crushes dried  herbs with a pestle; #C C puts the crushed seeds in the mortar; #C C crushes dried  herbs with a pestle; #C C puts the crushed dry lime slices and dry leaves in the mortar on the ground with her right hand; #C C holds the pestle with the left hand"
    },
    {
        "Video Name": "14989a30-3f08-4e5d-8794-42394719f355",
        "Start Frame": 480,
        "End Frame": 600,
        "Caption": "#C C crushes dried  herbs with a pestle; #C C pounds the dry lime slices and dry leaves in the mortar on the ground with the pestle in her right hand; #C C crushes dried  herbs with a pestle; #C C crushes dried herbs into a dry leaf with a pestle; #C C smashes the ingredients with the pestle"
    },
    {
        "Video Name": "14989a30-3f08-4e5d-8794-42394719f355",
        "Start Frame": 600,
        "End Frame": 720,
        "Caption": "#C C holds the pestle with the other hand; #C C crushes dried  herbs with a pestle; #C C puts the crushed seeds in her right hand into the mortar on the ground; #C C crushes dried  herbs with a pestle; #C C places her right hand on the mortar."
    },
    {
        "Video Name": "14989a30-3f08-4e5d-8794-42394719f355",
        "Start Frame": 720,
        "End Frame": 840,
        "Caption": "#C C puts the crushed herbs in the mortar; #C C puts the ingredients to the mortar; #C C picks the pestle from the mortar with her right hand.; #C C drops the dry leaves in the mortar on the floor with her right hand; #C C drops the dry leaf into the mortar with her right hand."
    },
    {
        "Video Name": "14989a30-3f08-4e5d-8794-42394719f355",
        "Start Frame": 840,
        "End Frame": 960,
        "Caption": "#C C takes the pounded dry lime slices and dry leaves from the mortar with her right hand.; #C C pours the crushed seeds in the mortar.; #C C grinds the dry lime slices and dry leaves in the mortar on the ground with the pestle in her right hand; #C C holds the pestle with her right hand.; #C C puts the dry leaves in the mortar on the ground with her right hand."
    },
    {
        "Video Name": "14989a30-3f08-4e5d-8794-42394719f355",
        "Start Frame": 960,
        "End Frame": 1080,
        "Caption": "#C C puts the pounded dry lime slices and dry leaves in the mortar on the ground with her right hand; #C C pours the pounded dry lime slices and dry leaves into the mortar on the ground.; #C C puts the dry leaves in the mortar; #C C puts the crushed seeds in the mortar; #C C scoops the ingredients with the right hand"
    },
    {
        "Video Name": "14989a30-3f08-4e5d-8794-42394719f355",
        "Start Frame": 1080,
        "End Frame": 1200,
        "Caption": "#C C looks around; #C C picks a pestle from the mortar on the floor with her right hand; #C C stares at the mortar; #C C stares at the mortar; #C C drops the pestle on the mortar on the floor with her left hand"
    },
    {
        "Video Name": "14989a30-3f08-4e5d-8794-42394719f355",
        "Start Frame": 1200,
        "End Frame": 1320,
        "Caption": "#C C drops the dried  fruit in the mortar with her right hand.; #C C drops the pestle on the mortar on the floor with her right hand; #C C puts the ingredients on the mortar; #C C drops the pestle; #C C drops the dried herb on the mortar"
    },
    {
        "Video Name": "14989a30-3f08-4e5d-8794-42394719f355",
        "Start Frame": 1320,
        "End Frame": 1440,
        "Caption": "#C C looks around; #C C looks around; #C C stares around; #C C stares around; #C C looks around"
    },
    {
        "Video Name": "14989a30-3f08-4e5d-8794-42394719f355",
        "Start Frame": 1440,
        "End Frame": 1560,
        "Caption": "#C C pounds the dry lime slices and dry leaves in the mortar on the ground with the pestle in her right hand; #C C moves the hand; #C C pushes the crushed seeds in the mortar onto the mortar with her right hand.; #C C picks the pestle from the mortar on the ground with her right hand.; #C C holds the mortar"
    },
    {
        "Video Name": "14989a30-3f08-4e5d-8794-42394719f355",
        "Start Frame": 1560,
        "End Frame": 1680,
        "Caption": "#C C pours the crushed seeds in the mortar on the ground with her right hand.; #C C scoops the pounded dry lime slices and dry leaves from the mortar on the ground with the pestle in her right hand; #C C passes the pestle from her right hand to her left hand. ; #C C puts the crushed dry lime slices and dry leaves in the mortar on the ground with her right hand.; #C C presses the pestle and mortar together with her right hand."
    },
    {
        "Video Name": "14989a30-3f08-4e5d-8794-42394719f355",
        "Start Frame": 1680,
        "End Frame": 1800,
        "Caption": "#C C pours the pounded dry lime slices and dry leaves into the mortar on the ground with her right hand; #C C takes the pounded dry lime slices and dry leaves from the mortar with her right hand.; #C C adjusts the pestle; #C C takes the crushed seeds from the mortar with her right hand.; #C C removes the seeds from the mortar"
    },
    {
        "Video Name": "14989a30-3f08-4e5d-8794-42394719f355",
        "Start Frame": 1800,
        "End Frame": 1920,
        "Caption": "#C C scoops the crushed seeds from the mortar; #C C scoops the crushed herbs with the right; #C C puts the crushed seeds in the mortar; #C C drops the dried herbs into the mortar; #C C puts the dried herb in the mortar"
    },
    {
        "Video Name": "14989a30-3f08-4e5d-8794-42394719f355",
        "Start Frame": 1920,
        "End Frame": 2040,
        "Caption": "#C C spreads the ingredients on the mortar; #C C scoops the crushed seeds from the mortar; #C C takes the pounded dry lime slices and dry leaves from the mortar with her right hand; #C C scoops the crushed seeds from the mortar; #C C takes the crushed seeds from the bowl"
    },
    {
        "Video Name": "14989a30-3f08-4e5d-8794-42394719f355",
        "Start Frame": 2040,
        "End Frame": 2160,
        "Caption": "#C C scoops the ingredients with the right hand; #C C picks the ingredients with the right hand; #C C takes the pounded dry lime slices and dry leaves from the mortar on the ground with her right hand; #C C rubs the ingredients on the pan; #C C scoops the crushed herbs with the right hand"
    },
    {
        "Video Name": "14989a30-3f08-4e5d-8794-42394719f355",
        "Start Frame": 2160,
        "End Frame": 2280,
        "Caption": "#C C puts the pounded dry lime slices and dry leaves in the mortar on the ground with her right hand; #C C puts the crushed seeds in the bowl ; #C C scoops the crushed seeds; #C C scoops the crushed herbs with the right hand; #C C puts the dried herb in the mortar"
    },
    {
        "Video Name": "14989a30-3f08-4e5d-8794-42394719f355",
        "Start Frame": 2280,
        "End Frame": 2400,
        "Caption": "#C C puts the dry lime slices in the stainless tray on the ground with her right hand; #C C picks the dried herb from the bowl; #C C puts the leaves inside the mortar; #C C picks the leaves; #C C drops the dried herb in the mortar"
    },
    {
        "Video Name": "14989a30-3f08-4e5d-8794-42394719f355",
        "Start Frame": 2400,
        "End Frame": 2520,
        "Caption": "#C C puts the dried herb into the mortar; #C C drops the dried herb into the mortar; #C C puts the dried herb into the mortar; #C C puts the dry lime slices and dry leaves in the mortar on the ground with her right hand; #C C drops the dried herb into the mortar"
    },
    {
        "Video Name": "14989a30-3f08-4e5d-8794-42394719f355",
        "Start Frame": 2520,
        "End Frame": 2640,
        "Caption": "#C C puts the dry leaf in the bowl; #C C drops the dry leaf in the bowl; #C C picks the dry lime slice from the stainless tray with her right hand.; #C C picks a dry lime slice from the stainless tray on the ground with her right hand; #C C drops the dry leaf in the bowl"
    },
    {
        "Video Name": "14989a30-3f08-4e5d-8794-42394719f355",
        "Start Frame": 2640,
        "End Frame": 2760,
        "Caption": "#C C rubs her hands; #C C puts the dried herb in the bowl; #C C throws the dry lime slices into the stainless tray on the ground with her right hand; #C C drops the dried herb into the basin; #C C puts the dried herb on the tray"
    },
    {
        "Video Name": "14989a30-3f08-4e5d-8794-42394719f355",
        "Start Frame": 2760,
        "End Frame": 2880,
        "Caption": "#C C picks the dry leaves from the basin; #C C pushes the dried herb with her right hand; #C C picks the ingredients with right hand; #C C picks the crushed garlic in the tray ; #C C picks a dry leaf from the stainless tray"
    },
    {
        "Video Name": "14989a30-3f08-4e5d-8794-42394719f355",
        "Start Frame": 2880,
        "End Frame": 3000,
        "Caption": "#C C presses the pestle with both hands; #C C removes the crushed dried herbs from the pestle; #C C removes the dry lime slices and dry leaves from the mortar with the pestle in her right hand; #C C crushes dried herbs into a mortar; #C C pounds the dry lime slices and dry leaves in the mortar with the pestle in her right hand"
    },
    {
        "Video Name": "14989a30-3f08-4e5d-8794-42394719f355",
        "Start Frame": 3000,
        "End Frame": 3120,
        "Caption": "#C C drops the dry lime slices into the mortar on the ground with her right hand.; #C C removes the dried herb from the pestle; #C C removes the dry leaf from the mortar; #C C removes the crushed dry lime slices and dry leaves from the mortar on the ground with the pestle in her right hand; #C C shreds the dry leaves on the mortar with the pestle in her right hand."
    },
    {
        "Video Name": "14989a30-3f08-4e5d-8794-42394719f355",
        "Start Frame": 3120,
        "End Frame": 3240,
        "Caption": "#C C removes the crushed dry lime slices and dry leaves from the mortar with the pestle in her right hand; #C C grinds the dried herbs with the mortar; #C C pours the crushed dry lime slices and dry leaves into the mortar on the ground with her right hand; #C C takes the pounded dry lime slices and dry leaves from the mortar with her right hand.; #C C removes the ingredients from the mortar"
    },
    {
        "Video Name": "14989a30-3f08-4e5d-8794-42394719f355",
        "Start Frame": 3240,
        "End Frame": 3360,
        "Caption": "#C C holds the pestle with the left hand; #C C places her left hand on the mortar.; #C C wipes off the pestle from her left hand. ; #C C holds the pestle with the right hand; #C C wipes the pestle on the mortar with her left hand."
    },
    {
        "Video Name": "14989a30-3f08-4e5d-8794-42394719f355",
        "Start Frame": 3360,
        "End Frame": 3480,
        "Caption": "#C C removes the crushed dried herbs from the pestle; #C C crushes dried  ingredients with a pestle; #C C takes the pounded dry lime slices and dry leaves from the mortar with her right hand.; #C C places the pestle on the mortar with her right hand.; #C C removes the crushed dry lime slices and dry leaves from the mortar on the ground with her right hand"
    },
    {
        "Video Name": "14989a30-3f08-4e5d-8794-42394719f355",
        "Start Frame": 3480,
        "End Frame": 3600,
        "Caption": "#C C pours the pestle on the mortar with her right hand.; #C C crushes dried herbs with a pestle; #C C puts the crushed dry lime slices and dry leaves in the mortar on the ground with her right hand; #C C removes the dried herb from the mortar; #C C crushes dried  herbs with a pestle"
    },
    {
        "Video Name": "14989a30-3f08-4e5d-8794-42394719f355",
        "Start Frame": 3600,
        "End Frame": 3720,
        "Caption": "#C C grinds the dried  herbs; #C C shreds the leaves with the pestle; #C C removes the crushed seeds from the mortar with her right hand; #C C removes the crushed dried herbs from the pestle; #C C crushes dried  herbs with a pestle"
    },
    {
        "Video Name": "14989a30-3f08-4e5d-8794-42394719f355",
        "Start Frame": 3720,
        "End Frame": 3840,
        "Caption": "#C C adjusts the pestle; #C C grinds the dry lime slices and dry leaves in the mortar with the pestle in her right hand; #C C holds the mortar with the left hand; #C C holds the pestle with the left hand; #C C holds the pestle with the right hand"
    },
    {
        "Video Name": "14989a30-3f08-4e5d-8794-42394719f355",
        "Start Frame": 3840,
        "End Frame": 3960,
        "Caption": "#C C looks around; #C C stares at the; #C C looks ahead; #C C looks around; #C C stares at the"
    },
    {
        "Video Name": "14989a30-3f08-4e5d-8794-42394719f355",
        "Start Frame": 3960,
        "End Frame": 4080,
        "Caption": "#C C adjusts the mortar; #C C turns around; #C C looks at the crushed dried; #C C stares at the mortar; #C C looks around"
    },
    {
        "Video Name": "14989a30-3f08-4e5d-8794-42394719f355",
        "Start Frame": 4080,
        "End Frame": 4200,
        "Caption": "#C C removes the crushed dry lime slices and dry leaves from the mortar on the ground with the pestle in her right hand; #C C removes the crushed dry lime slices and dry leaves from the pestle in her right hand into the mortar.; #C C removes the crushed dry lime slices and dry leaves from the mortar with the pestle in her right hand.; #C C removes dry leaves from the pestle; #C C removes the dry leaves from the mortar"
    },
    {
        "Video Name": "14989a30-3f08-4e5d-8794-42394719f355",
        "Start Frame": 4200,
        "End Frame": 4320,
        "Caption": "#C C pushes the dry lime slices and dry leaves into the mortar on the ground with the pestle in her right hand; #C C removes the leaves from the mortar; #C C takes the mortar with the pestle in her right hand.; #C C crushes dried  herbs with a pestle; #C C grinds the ingredients with the pestle and mortar"
    },
    {
        "Video Name": "14989a30-3f08-4e5d-8794-42394719f355",
        "Start Frame": 4320,
        "End Frame": 4440,
        "Caption": "#C C removes the crushed dry lime slices and dry leaves from the mortar on the ground with the pestle in her right hand; #C C passes the pestle from her left hand to her right hand.; #C C passes the pestle from her right hand to her left hand.; #C C crushes dried herbs with a pestle; #C C hits the pestle with the hand"
    },
    {
        "Video Name": "14989a30-3f08-4e5d-8794-42394719f355",
        "Start Frame": 4440,
        "End Frame": 4560,
        "Caption": "#C C presses the pestle in her right hand into the mortar on the ground. ; #C C grinds the ingredients with the mortar; #C C removes the crushed dried herbs from the mortar; #C C crushes dried  ingredients into a powder; #C C crushes dried herbs into a dry leaf with the pestle in her right hand"
    },
    {
        "Video Name": "14989a30-3f08-4e5d-8794-42394719f355",
        "Start Frame": 4560,
        "End Frame": 4680,
        "Caption": "#C C looks around; #C C stares at the; #C C looks around; #C C looks around; #C C looks around"
    },
    {
        "Video Name": "14989a30-3f08-4e5d-8794-42394719f355",
        "Start Frame": 4680,
        "End Frame": 4800,
        "Caption": "#C C grinds the ingredients with the pestle and mortar; #C C smashes the dried herbs with the pestle and; #C C crushes dried  herbs with a pestle; #C C crushes dried  herbs with a pestle; #C C grates the ingredients with the pestle and mortar"
    },
    {
        "Video Name": "14989a30-3f08-4e5d-8794-42394719f355",
        "Start Frame": 4800,
        "End Frame": 4920,
        "Caption": "#C C scoops the pounded dry lime slices and dry leaves from the mortar with her right hand.; #C C puts the crushed seeds in the mortar; #C C rubs the dry leaves in her right hand with her left hand.; #C C puts the crushed herbs in the mortar; #C C puts the crushed dry lime slices and dry leaves in the mortar on the ground with her right hand"
    },
    {
        "Video Name": "14989a30-3f08-4e5d-8794-42394719f355",
        "Start Frame": 4920,
        "End Frame": 5040,
        "Caption": "#C C throws the dry lime slices and dry leaves into the mortar on the ground with her right hand; #C C scoops the ingredients with the right hand; #C C puts the crushed herbs in the bowl; #C C puts the crushed dried herbs in the bowl; #C C throws the dry lime slices and dry leaves into the mortar on the ground with her right hand"
    },
    {
        "Video Name": "14989a30-3f08-4e5d-8794-42394719f355",
        "Start Frame": 5040,
        "End Frame": 5160,
        "Caption": "#C C scoops the crushed seeds from the mortar; #C C puts the ingredients in the mortar; #C C pours the crushed seeds in the mortar; #C C scoops the crushed dried herbs from the; #C C wipes the pestle with the hand"
    },
    {
        "Video Name": "14989a30-3f08-4e5d-8794-42394719f355",
        "Start Frame": 5160,
        "End Frame": 5280,
        "Caption": "#C C puts the crushed dry lime slices and dry leaves in the mortar on the ground with her right hand; #C C puts the crushed dry lime slices and dry leaves in the mortar.; #C C puts the crushed dried herbs in the mortar; #C C puts the pounded dry lime slices and dry leaves in the mortar.; #C C scoops the crushed dried herbs with the hand"
    },
    {
        "Video Name": "14989a30-3f08-4e5d-8794-42394719f355",
        "Start Frame": 5280,
        "End Frame": 5400,
        "Caption": "#C C rubs her fingers; #C C picks the pestle from the bowl with her right hand.; #C C puts the crushed dried herbs into the mortar; #C C removes the dry leaf from the pestle in her right hand; #C C holds the pestle with the right hand"
    }
]