[
    {
        "Video Name": "14ae751e-e8ba-493f-b7e5-122186a68b1e",
        "Start Frame": 0,
        "End Frame": 120,
        "Caption": "#C C puts down the bag; #C C picks a bag of; #C C picks the bag ; #C C picks the carrier bag; #C C puts the bucket aside"
    },
    {
        "Video Name": "14ae751e-e8ba-493f-b7e5-122186a68b1e",
        "Start Frame": 120,
        "End Frame": 240,
        "Caption": "#C C puts the manure in the polythene; #C C opens the bag; #C C puts the bag down; #C C opens bag; #C C puts the fertilizer in the bag"
    },
    {
        "Video Name": "14ae751e-e8ba-493f-b7e5-122186a68b1e",
        "Start Frame": 240,
        "End Frame": 360,
        "Caption": "#C C opens the bag ; #C C puts soil in the; #C C opens bag ; #C C opens nylon bag; #C C opens bag "
    },
    {
        "Video Name": "14ae751e-e8ba-493f-b7e5-122186a68b1e",
        "Start Frame": 360,
        "End Frame": 480,
        "Caption": "#C C puts soil in the bag; #C C walks in the garden; #C C walks around; #C C puts soil in a bag; #C C walks around "
    },
    {
        "Video Name": "14ae751e-e8ba-493f-b7e5-122186a68b1e",
        "Start Frame": 480,
        "End Frame": 600,
        "Caption": "#c c picks a trowel; #C C picks a flower tray ; #C C picks a trowel from the ground; #C C takes the trowel from the ground; #C C picks the trowel"
    },
    {
        "Video Name": "14ae751e-e8ba-493f-b7e5-122186a68b1e",
        "Start Frame": 600,
        "End Frame": 720,
        "Caption": "#C C moves the flowers; #C C puts the plants on the ground; #C C puts the flower tray on the flower; #C C puts the flower tray on the window; #C C puts the basket on the wall"
    },
    {
        "Video Name": "14ae751e-e8ba-493f-b7e5-122186a68b1e",
        "Start Frame": 720,
        "End Frame": 840,
        "Caption": "#C C puts the bucket on the; #C C picks the spade; #c c puts bucket down; #C C picks a bin; #C C puts the bucket on the"
    },
    {
        "Video Name": "14ae751e-e8ba-493f-b7e5-122186a68b1e",
        "Start Frame": 840,
        "End Frame": 960,
        "Caption": "#C C holds flower; #C C scoops soil ; #C C spreads soil in the bucket; #C C digs in the soil ; #C C takes trowel "
    },
    {
        "Video Name": "14ae751e-e8ba-493f-b7e5-122186a68b1e",
        "Start Frame": 960,
        "End Frame": 1080,
        "Caption": "#C C spreads soil; #C C levels soil ; #C C holds soil with trowel; #C C digs into the soil ; #C C takes soil "
    },
    {
        "Video Name": "14ae751e-e8ba-493f-b7e5-122186a68b1e",
        "Start Frame": 1080,
        "End Frame": 1200,
        "Caption": "#C C picks the plant; #C C plucks a plant ; #C C plants the flower in the soil; #C C picks a plant from the bucket; #C C touches soil "
    },
    {
        "Video Name": "14ae751e-e8ba-493f-b7e5-122186a68b1e",
        "Start Frame": 1200,
        "End Frame": 1320,
        "Caption": "#C C puts soil in the bucket ; #C C scoops soil ; #C C spreads soil around the plant; #C C puts soil in the bucket ; #C C puts the trowel in the bucket"
    },
    {
        "Video Name": "14ae751e-e8ba-493f-b7e5-122186a68b1e",
        "Start Frame": 1320,
        "End Frame": 1440,
        "Caption": "#C C scoops soil; #C C touches soil; #C C picks a plant; #C C spreads soil; #C C touches soil"
    },
    {
        "Video Name": "14ae751e-e8ba-493f-b7e5-122186a68b1e",
        "Start Frame": 1440,
        "End Frame": 1560,
        "Caption": "#C C plants flower; #C C touches soil ; #C C uproots plant; #C C digs into soil ; #C C plants flower on the soil"
    },
    {
        "Video Name": "14ae751e-e8ba-493f-b7e5-122186a68b1e",
        "Start Frame": 1560,
        "End Frame": 1680,
        "Caption": "#C C picks up the; #C C takes soil ; #C C takes soil ; #C C takes the soil; #C C removes the soil"
    },
    {
        "Video Name": "14ae751e-e8ba-493f-b7e5-122186a68b1e",
        "Start Frame": 1680,
        "End Frame": 1800,
        "Caption": "#C C  puts soil into the bucket; #C C spreads soil in the bucket; #C C removes the soil from the bucket; #C C levels soil; #C C puts soil in bucket "
    },
    {
        "Video Name": "14ae751e-e8ba-493f-b7e5-122186a68b1e",
        "Start Frame": 1800,
        "End Frame": 1920,
        "Caption": "#C C digs into soil; #C C mixes soil ; #C C digs in the; #C C digs soil; #C C Scoops soil"
    },
    {
        "Video Name": "14ae751e-e8ba-493f-b7e5-122186a68b1e",
        "Start Frame": 1920,
        "End Frame": 2040,
        "Caption": "#C C spreads soil ; #C C digs the soil ; #C C digs the soil ; #C C spreads soil with a trowel; #C C Digs the soil"
    },
    {
        "Video Name": "14ae751e-e8ba-493f-b7e5-122186a68b1e",
        "Start Frame": 2040,
        "End Frame": 2160,
        "Caption": "#C C digs soil with the trowel; #C C puts the soil into the bucket ; #C C scoops soil ; #C C digs soil ; #C C mixes soil "
    },
    {
        "Video Name": "14ae751e-e8ba-493f-b7e5-122186a68b1e",
        "Start Frame": 2160,
        "End Frame": 2280,
        "Caption": "#C C takes trowel ; #C C puts soil in the bucket; #C C takes trowel ; #C C takes trowel ; #C C takes trowel "
    },
    {
        "Video Name": "14ae751e-e8ba-493f-b7e5-122186a68b1e",
        "Start Frame": 2280,
        "End Frame": 2400,
        "Caption": "#C C puts soil in the bucket; #C C spreads soil ; #C C puts the soil in the; #C C spreads soil ; #C C puts soil in the bucket"
    },
    {
        "Video Name": "14ae751e-e8ba-493f-b7e5-122186a68b1e",
        "Start Frame": 2400,
        "End Frame": 2520,
        "Caption": "#C C spreads soil in bucket ; #C C removes dirt from the soil; #C C spreads soil ; #C C spreads soil ; #C C collects soil "
    },
    {
        "Video Name": "14ae751e-e8ba-493f-b7e5-122186a68b1e",
        "Start Frame": 2520,
        "End Frame": 2640,
        "Caption": "#C C spreads soil ; #C C moves soil; #C C spreads soil on the bucket; #C C wipes the bucket ; #C C mixes the soil"
    },
    {
        "Video Name": "14ae751e-e8ba-493f-b7e5-122186a68b1e",
        "Start Frame": 2640,
        "End Frame": 2760,
        "Caption": "#C C levels soil ; #C C spreads soil ; #C C levels soil ; #C C removes dirt from the; #C C spreads soil in bucket"
    },
    {
        "Video Name": "14ae751e-e8ba-493f-b7e5-122186a68b1e",
        "Start Frame": 2760,
        "End Frame": 2880,
        "Caption": "#C C removes the soil ; #C C spreads soil ; #C C spreads soil with hands; #C C spreads soil; #C C spreads soil "
    },
    {
        "Video Name": "14ae751e-e8ba-493f-b7e5-122186a68b1e",
        "Start Frame": 2880,
        "End Frame": 3000,
        "Caption": "#C C pulls the bucket ; #C C mixes soil with the trow; #C C takes bucket ; #C C moves the bucket; #C C puts the bucket down "
    },
    {
        "Video Name": "14ae751e-e8ba-493f-b7e5-122186a68b1e",
        "Start Frame": 3000,
        "End Frame": 3120,
        "Caption": "#C C spreads soil ; #C C scoops soil; #C C touches soil ; #C C clears the ground; #C C spreads soil "
    },
    {
        "Video Name": "14ae751e-e8ba-493f-b7e5-122186a68b1e",
        "Start Frame": 3120,
        "End Frame": 3240,
        "Caption": "#C C mixes soil ; #C C spreads soil ; #C C spreads soil ; #C C moves soil with a trowel; #C C mixes soil "
    },
    {
        "Video Name": "14ae751e-e8ba-493f-b7e5-122186a68b1e",
        "Start Frame": 3240,
        "End Frame": 3360,
        "Caption": "#C C touches soil; #C C levels soil; #C C spreads soil; #C C spreads soil; #C C levels soil"
    },
    {
        "Video Name": "14ae751e-e8ba-493f-b7e5-122186a68b1e",
        "Start Frame": 3360,
        "End Frame": 3480,
        "Caption": "#C C spreads soil ; #C C digs soil ; #C C puts the soil into the bucket ; #C C mixes soil with the trowel; #C C mixes soil"
    },
    {
        "Video Name": "14ae751e-e8ba-493f-b7e5-122186a68b1e",
        "Start Frame": 3480,
        "End Frame": 3600,
        "Caption": "#C C scoops soil from the bucket; #C C spreads soil with hands ; #C C picks soil ; #C C puts soil in bucket ; #C C spreads soil "
    },
    {
        "Video Name": "14ae751e-e8ba-493f-b7e5-122186a68b1e",
        "Start Frame": 3600,
        "End Frame": 3720,
        "Caption": "#C C puts soil in bucket ; #C C puts soil in the bucket; #C C puts soil in the bucket; #C C puts soil in the bucket; #C C puts soil in the bucket"
    },
    {
        "Video Name": "14ae751e-e8ba-493f-b7e5-122186a68b1e",
        "Start Frame": 3720,
        "End Frame": 3840,
        "Caption": "#C C spreads soil in bucket ; #C C spreads soil ; #C C spreads soil ; #C C puts soil in the bucket; #C C puts soil in the bucket"
    },
    {
        "Video Name": "14ae751e-e8ba-493f-b7e5-122186a68b1e",
        "Start Frame": 3840,
        "End Frame": 3960,
        "Caption": "#C C mixes soil using the trowel; #C C mixes soil ; #C C spreads soil with the shovel ; #C C spreads the soil ; #C C mixes soil with the spade"
    },
    {
        "Video Name": "14ae751e-e8ba-493f-b7e5-122186a68b1e",
        "Start Frame": 3960,
        "End Frame": 4080,
        "Caption": "#C C spreads soil with the trowel; #C C spreads soil ; #C C puts soil into the bucket ; #C C spreads the soil ; #C C levels soil "
    },
    {
        "Video Name": "14ae751e-e8ba-493f-b7e5-122186a68b1e",
        "Start Frame": 4080,
        "End Frame": 4200,
        "Caption": "#C C spreads soil with his hands; #C C spreads soil; #C C spreads soil on the bucket; #C C spreads soil in the bucket; #C C spreads soil on the flower"
    },
    {
        "Video Name": "14ae751e-e8ba-493f-b7e5-122186a68b1e",
        "Start Frame": 4200,
        "End Frame": 4320,
        "Caption": "#C C puts the flower on the flower tray; #C C moves the plant container; #C C puts the trowel on top of the container; #C C moves the container ; #C C puts the tins on the floor"
    },
    {
        "Video Name": "14ae751e-e8ba-493f-b7e5-122186a68b1e",
        "Start Frame": 4320,
        "End Frame": 4440,
        "Caption": "#C C takes a plant ; #C C picks a flower; #C C picks flower from the tray; #C C takes plant ; #C C puts the flower in the flower"
    },
    {
        "Video Name": "14ae751e-e8ba-493f-b7e5-122186a68b1e",
        "Start Frame": 4440,
        "End Frame": 4560,
        "Caption": "#C C puts the plant in the flower; #C C puts the plant in bucket ; #C C touches the plant ; #C C fixes the plant into soil ; #C C puts the plant in bucket "
    },
    {
        "Video Name": "14ae751e-e8ba-493f-b7e5-122186a68b1e",
        "Start Frame": 4560,
        "End Frame": 4680,
        "Caption": "#C C takes plant ; #C C puts the plant on the tray; #C C removes the flower from the plant; #C C takes plant from the tray; #C C takes plant "
    },
    {
        "Video Name": "14ae751e-e8ba-493f-b7e5-122186a68b1e",
        "Start Frame": 4680,
        "End Frame": 4800,
        "Caption": "#C C takes plant container; #C C takes plant container; #C C takes plant container; #C C takes plant container; #C C takes plant "
    },
    {
        "Video Name": "14ae751e-e8ba-493f-b7e5-122186a68b1e",
        "Start Frame": 4800,
        "End Frame": 4920,
        "Caption": "#C C puts the flower on the flower; #C C puts flower in bucket ; #C C puts the plant in bucket ; #C C takes plant from the bucket ; #C C takes plant from the pot"
    },
    {
        "Video Name": "14ae751e-e8ba-493f-b7e5-122186a68b1e",
        "Start Frame": 4920,
        "End Frame": 5040,
        "Caption": "#C C puts the plants in bucket ; #C C puts the flower on the flower; #C C puts the plant on the bucket; #C C puts the plant on the bucket; #C C puts the plants in the flower"
    },
    {
        "Video Name": "14ae751e-e8ba-493f-b7e5-122186a68b1e",
        "Start Frame": 5040,
        "End Frame": 5160,
        "Caption": "#C C takes a plant ; #C C puts the plant on the container; #C C takes plant container ; #C C picks the flower; #C C puts the plant on the ground"
    },
    {
        "Video Name": "14ae751e-e8ba-493f-b7e5-122186a68b1e",
        "Start Frame": 5160,
        "End Frame": 5280,
        "Caption": "#C C takes plant ; #C C picks a container ; #C C picks a plant from the; #C C takes plant ; #C C takes plant container "
    },
    {
        "Video Name": "14ae751e-e8ba-493f-b7e5-122186a68b1e",
        "Start Frame": 5280,
        "End Frame": 5400,
        "Caption": "#C C puts the plant on bucket ; #C C fixes the plant into the soil; #C C removes the plant from the plant; #C C puts the plant in the plant; #C C puts the plant on bucket "
    }
]