[
    {
        "Video Name": "14b372d6-cd1f-48d1-bb6c-bb1cb636dffd",
        "Start Frame": 0,
        "End Frame": 120,
        "Caption": "#C C puts the bucket on the; #C C carries bucket ; #C C walks on the ground ; #C C walks in the garden; #C C carries bucket "
    },
    {
        "Video Name": "14b372d6-cd1f-48d1-bb6c-bb1cb636dffd",
        "Start Frame": 120,
        "End Frame": 240,
        "Caption": "#C C puts the bucket down.; #C C puts the dust bin down; #C C stands up; #C C puts the dust bin down; #C C puts the bin down."
    },
    {
        "Video Name": "14b372d6-cd1f-48d1-bb6c-bb1cb636dffd",
        "Start Frame": 240,
        "End Frame": 360,
        "Caption": "#C C puts the grass pieces in the bin; #C C puts dirt on the dust bin.; #C C puts dirt on the dust bin.; #C C collects dirt; #C C puts dirt in the dust bin."
    },
    {
        "Video Name": "14b372d6-cd1f-48d1-bb6c-bb1cb636dffd",
        "Start Frame": 360,
        "End Frame": 480,
        "Caption": "#C C picks cut grass pieces on the garden; #C C puts dirt on the dust bin.; #C C puts dirt in the dust bin.; #C C picks cut grass pieces on the garden; #C C picks dirt from the ground."
    },
    {
        "Video Name": "14b372d6-cd1f-48d1-bb6c-bb1cb636dffd",
        "Start Frame": 480,
        "End Frame": 600,
        "Caption": "#C C places the grass pieces in the bin; #C C moves her hand on the soil.; #C C picks cut grass pieces on the garden; #C C picks cut grass pieces on the garden; #C C picks dirt from the soil."
    },
    {
        "Video Name": "14b372d6-cd1f-48d1-bb6c-bb1cb636dffd",
        "Start Frame": 600,
        "End Frame": 720,
        "Caption": "#C C puts dirt in the dustbin.; #C C picks cut grass pieces on the garden; #C C moves his hand on the soil.; #C C places the grass pieces in the bin; #C C moves her hand on the soil."
    },
    {
        "Video Name": "14b372d6-cd1f-48d1-bb6c-bb1cb636dffd",
        "Start Frame": 720,
        "End Frame": 840,
        "Caption": "#C C moves her hand on the soil.; #C C moves her hand on the soil.; #C C puts dirt on the dust bin.; #C C picks cut grass pieces on the garden; #C C puts dirt on the dust bin."
    },
    {
        "Video Name": "14b372d6-cd1f-48d1-bb6c-bb1cb636dffd",
        "Start Frame": 840,
        "End Frame": 960,
        "Caption": "#C C moves his hand on soil.; #C C picks cut grass pieces on the garden; #C C moves her hand on the soil.; #C C moves his hand on the soil.; #C C puts dirt in the dust bin."
    },
    {
        "Video Name": "14b372d6-cd1f-48d1-bb6c-bb1cb636dffd",
        "Start Frame": 960,
        "End Frame": 1080,
        "Caption": "#C C moves his hand on soil.; #C C moves his hand on the soil; #C C puts dirt in the dust bin; #C C puts dirt on the dust bin; #C C moves his hand on soil."
    },
    {
        "Video Name": "14b372d6-cd1f-48d1-bb6c-bb1cb636dffd",
        "Start Frame": 1080,
        "End Frame": 1200,
        "Caption": "#C C picks cut grass pieces on the garden; #C C puts dirt in the dust bin.; #C C moves his hand on the soil.; #C C puts dirt on the dust bin.; #C C puts dirt on the dust bin."
    },
    {
        "Video Name": "14b372d6-cd1f-48d1-bb6c-bb1cb636dffd",
        "Start Frame": 1200,
        "End Frame": 1320,
        "Caption": "#C C puts dirt in the dust bin.; #C C picks cut grass pieces on the garden; #C C puts the litters in the bin; #C C places the grass pieces in the bin; #C C picks cut grass pieces on the garden"
    },
    {
        "Video Name": "14b372d6-cd1f-48d1-bb6c-bb1cb636dffd",
        "Start Frame": 1320,
        "End Frame": 1440,
        "Caption": "#C C moves her hand on the soil.; #C C picks cut grass pieces on the garden; #C C puts dirt in the dust bin.; #C C picks dirt from the soil.; #C C picks cut grass pieces on the garden"
    },
    {
        "Video Name": "14b372d6-cd1f-48d1-bb6c-bb1cb636dffd",
        "Start Frame": 1440,
        "End Frame": 1560,
        "Caption": "#C C puts dirt on the dust bin; #C C moves her hand on the soil; #C C puts dirt in the dust bin; #C C moves the leg.; #C C puts dirt in the dust bin"
    },
    {
        "Video Name": "14b372d6-cd1f-48d1-bb6c-bb1cb636dffd",
        "Start Frame": 1560,
        "End Frame": 1680,
        "Caption": "#C C picks dirt from the soil.; #C C moves her hand on the soil; #C C picks dirt from the soil.; #C C moves his hand on the soil; #C C picks dirt from the soil."
    },
    {
        "Video Name": "14b372d6-cd1f-48d1-bb6c-bb1cb636dffd",
        "Start Frame": 1680,
        "End Frame": 1800,
        "Caption": "#C C moves her hand on the soil.; #C C puts dirt in the dust bin.; #C C picks cut grass pieces on the garden; #C C puts dirt on the dust bin.; #C C picks cut grass pieces on the garden"
    },
    {
        "Video Name": "14b372d6-cd1f-48d1-bb6c-bb1cb636dffd",
        "Start Frame": 1800,
        "End Frame": 1920,
        "Caption": "#C C moves his hand on soil.; #C C moves his hand on soil.; #C C moves his hand on soil.; #C C places the grass pieces in the bin; #C C moves his hand on the soil."
    },
    {
        "Video Name": "14b372d6-cd1f-48d1-bb6c-bb1cb636dffd",
        "Start Frame": 1920,
        "End Frame": 2040,
        "Caption": "#C C puts dirt on the dust bin; #C C puts dirt in the dust bin; #C C puts dirt in the dustbin; #C C moves his hand on the soil; #C C moves his hand on the soil"
    },
    {
        "Video Name": "14b372d6-cd1f-48d1-bb6c-bb1cb636dffd",
        "Start Frame": 2040,
        "End Frame": 2160,
        "Caption": "#C C puts the bucket down.; #C C stands up.; #C C stands up.; #C C moves the bucket.; #C C places the bucket on the ground"
    },
    {
        "Video Name": "14b372d6-cd1f-48d1-bb6c-bb1cb636dffd",
        "Start Frame": 2160,
        "End Frame": 2280,
        "Caption": "#C C picks the soil.; #C C picks the soil; #C C moves the soil with the hand; #C C moves the soil with the hands; #C C moves his hand on soil."
    },
    {
        "Video Name": "14b372d6-cd1f-48d1-bb6c-bb1cb636dffd",
        "Start Frame": 2280,
        "End Frame": 2400,
        "Caption": "#C C puts dirt on the dust bin.; #C C moves her hand on the soil.; #C C puts dirt in the dust bin.; #C C moves her hand on the soil.; #C C puts dirt in the dust bin."
    },
    {
        "Video Name": "14b372d6-cd1f-48d1-bb6c-bb1cb636dffd",
        "Start Frame": 2400,
        "End Frame": 2520,
        "Caption": "#C C puts dirt in the dust bin.; #C C puts dirt on the dust bin.; #C C puts dirt in the dust bin.; #C C puts dirt in the dust bin.; #C C puts dirt on the dust bin."
    },
    {
        "Video Name": "14b372d6-cd1f-48d1-bb6c-bb1cb636dffd",
        "Start Frame": 2520,
        "End Frame": 2640,
        "Caption": "#C C places the grass pieces in the bin; #C C moves his hands on soil.; #C C moves his hand on soil.; #C C puts dirt in the dust bin.; #C C picks cut grass pieces on the garden"
    },
    {
        "Video Name": "14b372d6-cd1f-48d1-bb6c-bb1cb636dffd",
        "Start Frame": 2640,
        "End Frame": 2760,
        "Caption": "#C C moves her hand on the soil.; #C C puts dirt on the dust bin.; #C C picks cut grass pieces on the garden; #C C puts dirt in the dustbin.; #C C moves her hand on the soil."
    },
    {
        "Video Name": "14b372d6-cd1f-48d1-bb6c-bb1cb636dffd",
        "Start Frame": 2760,
        "End Frame": 2880,
        "Caption": "#C C puts dirt on the dust bin.; #C C puts dirt on the dust bin.; #C C puts dirt on the dust bin.; #C C moves his hand on the soil.; #C C places the grass pieces in the bin"
    },
    {
        "Video Name": "14b372d6-cd1f-48d1-bb6c-bb1cb636dffd",
        "Start Frame": 2880,
        "End Frame": 3000,
        "Caption": "#C C puts dirt in the dust bin.; #C C puts dirt on the dust bin.; #C C picks cut grass pieces on the garden; #C C puts dirt in the dust bin.; #C C puts dirt in the dust bin."
    },
    {
        "Video Name": "14b372d6-cd1f-48d1-bb6c-bb1cb636dffd",
        "Start Frame": 3000,
        "End Frame": 3120,
        "Caption": "#C C moves his hand on the soil.; #C C puts dirt on the dust bin.; #C C puts dirt on the dust bin.; #C C picks cut grass pieces on the garden; #C C puts dirt in the dust bin."
    },
    {
        "Video Name": "14b372d6-cd1f-48d1-bb6c-bb1cb636dffd",
        "Start Frame": 3120,
        "End Frame": 3240,
        "Caption": "#C C puts dirt on the dust bin.; #C C moves her hand on the soil.; #C C places the grass pieces in the bin; #C C moves his hand on soil.; #C C picks cut grass pieces on the garden"
    },
    {
        "Video Name": "14b372d6-cd1f-48d1-bb6c-bb1cb636dffd",
        "Start Frame": 3240,
        "End Frame": 3360,
        "Caption": "#C C puts dirt in the dustbin; #C C moves the soil with the hands; #C C throws dirt on the ground.; #C C collects the dirt; #C C collects the litters"
    },
    {
        "Video Name": "14b372d6-cd1f-48d1-bb6c-bb1cb636dffd",
        "Start Frame": 3360,
        "End Frame": 3480,
        "Caption": "#C C picks the grass from the; #C C picks the grass.; #C C picks the bucket.; #C C picks up the bucket.; #C C moves bucket on the ground"
    },
    {
        "Video Name": "14b372d6-cd1f-48d1-bb6c-bb1cb636dffd",
        "Start Frame": 3480,
        "End Frame": 3600,
        "Caption": "#C C moves forward; #C C puts the bucket on the ground; #C C looks at the soil.; #C C puts the bucket down.; #C C puts the bucket down."
    },
    {
        "Video Name": "14b372d6-cd1f-48d1-bb6c-bb1cb636dffd",
        "Start Frame": 3600,
        "End Frame": 3720,
        "Caption": "#C C picks dirt from the soil.; #C C places the grass pieces in the bin; #C C moves her hand on the soil.; #C C moves her hand on the soil.; #C C picks cut grass pieces on the garden"
    },
    {
        "Video Name": "14b372d6-cd1f-48d1-bb6c-bb1cb636dffd",
        "Start Frame": 3720,
        "End Frame": 3840,
        "Caption": "#C C moves her hand on the soil; #C C moves her hand on the soil; #C C moves her hand on the soil; #C C moves her hand on the soil; #C C puts dirt on the dust bin"
    },
    {
        "Video Name": "14b372d6-cd1f-48d1-bb6c-bb1cb636dffd",
        "Start Frame": 3840,
        "End Frame": 3960,
        "Caption": "#C C picks cut grass pieces on the garden; #C C moves her hand on the soil.; #C C picks cut grass pieces on the garden; #C C moves his hand on soil.; #C C moves her hand on the soil."
    },
    {
        "Video Name": "14b372d6-cd1f-48d1-bb6c-bb1cb636dffd",
        "Start Frame": 3960,
        "End Frame": 4080,
        "Caption": "#C C puts dirt in the dust bin.; #C C places the grass pieces in the bin; #C C moves his hand on the soil.; #C C moves her hand on the soil.; #C C puts dirt in the dustbin."
    },
    {
        "Video Name": "14b372d6-cd1f-48d1-bb6c-bb1cb636dffd",
        "Start Frame": 4080,
        "End Frame": 4200,
        "Caption": "#C C moves his hand on the soil.; #C C moves her hand on the soil.; #C C puts dirt in the dustbin.; #C C puts dirt in the dustbin.; #C C places the grass pieces in the bin"
    },
    {
        "Video Name": "14b372d6-cd1f-48d1-bb6c-bb1cb636dffd",
        "Start Frame": 4200,
        "End Frame": 4320,
        "Caption": "#C C picks cut grass pieces on the garden; #C C picks cut grass pieces on the garden; #C C moves her hand on the soil.; #C C picks cut grass pieces on the garden; #C C puts dirt in the dust bin."
    },
    {
        "Video Name": "14b372d6-cd1f-48d1-bb6c-bb1cb636dffd",
        "Start Frame": 4320,
        "End Frame": 4440,
        "Caption": "#C C stands up; #C C moves forward; #C C stands up; #C C stands up; #C C stands up"
    },
    {
        "Video Name": "14b372d6-cd1f-48d1-bb6c-bb1cb636dffd",
        "Start Frame": 4440,
        "End Frame": 4560,
        "Caption": "#C C puts the bucket down; #C C moves the bucket.; #C C moves the bucket.; #C C moves the bucket.; #C C stands up."
    },
    {
        "Video Name": "14b372d6-cd1f-48d1-bb6c-bb1cb636dffd",
        "Start Frame": 4560,
        "End Frame": 4680,
        "Caption": "#C C puts dirt on the dust bin.; #C C puts dirt on the dust bin.; #C C places the grass pieces in the bin; #C C puts dirt on the dust bin.; #C C puts dirt in the dust bin."
    },
    {
        "Video Name": "14b372d6-cd1f-48d1-bb6c-bb1cb636dffd",
        "Start Frame": 4680,
        "End Frame": 4800,
        "Caption": "#C C picks cut grass pieces on the garden; #C C places the grass pieces in the bin; #C C puts dirt on the dust bin.; #C C places the grass pieces in the bin; #C C puts dirt in the dust bin."
    },
    {
        "Video Name": "14b372d6-cd1f-48d1-bb6c-bb1cb636dffd",
        "Start Frame": 4800,
        "End Frame": 4920,
        "Caption": "#C C moves his hand on the soil.; #C C puts dirt in the dust bin.; #C C puts dirt on the dust bin.; #C C puts dirt on the dust bin.; #C C puts dirt in the dustbin."
    },
    {
        "Video Name": "14b372d6-cd1f-48d1-bb6c-bb1cb636dffd",
        "Start Frame": 4920,
        "End Frame": 5040,
        "Caption": "#C C moves her hand on the soil.; #C C puts the grass pieces in the bin; #C C puts dirt on the dust bin.; #C C places the grass pieces in the bin; #C C picks cut grass pieces on the garden"
    },
    {
        "Video Name": "14b372d6-cd1f-48d1-bb6c-bb1cb636dffd",
        "Start Frame": 5040,
        "End Frame": 5160,
        "Caption": "#C C places the bucket down.; #C C moves the hand on the; #C C moves his hands on the; #C C picks the bucket.; #C C stands up"
    },
    {
        "Video Name": "14b372d6-cd1f-48d1-bb6c-bb1cb636dffd",
        "Start Frame": 5160,
        "End Frame": 5280,
        "Caption": "#C C rubs his hands.; #C C picks the soil.; #C C moves his hand on the soil; #C C moves the hand.; #C C picks the plant."
    },
    {
        "Video Name": "14b372d6-cd1f-48d1-bb6c-bb1cb636dffd",
        "Start Frame": 5280,
        "End Frame": 5400,
        "Caption": "#C C picks the bucket; #C C carries bin ; #C C carries the bucket; #C C picks the bucket; #C C picks the bucket"
    }
]