[
    {
        "Video Name": "14d5500e-3e83-4c24-9009-b6b40e57e28d",
        "Start Frame": 0,
        "End Frame": 120,
        "Caption": "#C C reads a book; #C C reads a book; #C C reads a book; #C C reads the book; #C C reads a book"
    },
    {
        "Video Name": "14d5500e-3e83-4c24-9009-b6b40e57e28d",
        "Start Frame": 120,
        "End Frame": 240,
        "Caption": "#C C reads a book; #C C reads a book; #C C reads a book; #C C reads a book; #C C reads a book"
    },
    {
        "Video Name": "14d5500e-3e83-4c24-9009-b6b40e57e28d",
        "Start Frame": 240,
        "End Frame": 360,
        "Caption": "#C C reads a book; #C C reads a book; #C C reads a book; #C C reads a book; #C C reads a book"
    },
    {
        "Video Name": "14d5500e-3e83-4c24-9009-b6b40e57e28d",
        "Start Frame": 360,
        "End Frame": 480,
        "Caption": "#C C reads a book; #C C Reads a; #C C reads a book; #C C reads a book; #C C reads a book"
    },
    {
        "Video Name": "14d5500e-3e83-4c24-9009-b6b40e57e28d",
        "Start Frame": 480,
        "End Frame": 600,
        "Caption": "#C C reads the book; #C C reads a book; #C C reads a book; #C C reads a book; #C C reads a book"
    },
    {
        "Video Name": "14d5500e-3e83-4c24-9009-b6b40e57e28d",
        "Start Frame": 600,
        "End Frame": 720,
        "Caption": "#C C reads a book; #C C reads a book; #C C reads a book; #C C reads a book; #C C reads a book"
    },
    {
        "Video Name": "14d5500e-3e83-4c24-9009-b6b40e57e28d",
        "Start Frame": 720,
        "End Frame": 840,
        "Caption": "#C C reads a book; #C C reads a book; #C C reads a book; #C C reads a book; #C C reads a book"
    },
    {
        "Video Name": "14d5500e-3e83-4c24-9009-b6b40e57e28d",
        "Start Frame": 840,
        "End Frame": 960,
        "Caption": "#C C reads a book; #C C Reads a; #C C Reads a; #C C Reads a; #C C reads a book"
    },
    {
        "Video Name": "14d5500e-3e83-4c24-9009-b6b40e57e28d",
        "Start Frame": 960,
        "End Frame": 1080,
        "Caption": "#C C reads a book; #C C reads a book; #C C Reads a; #C C reads a book; #C C reads a book"
    },
    {
        "Video Name": "14d5500e-3e83-4c24-9009-b6b40e57e28d",
        "Start Frame": 1080,
        "End Frame": 1200,
        "Caption": "#C C holds a page of a book; #C C puts a book on a sofa; #C C turns pages; #C C opens a page; #C C reads a book"
    },
    {
        "Video Name": "14d5500e-3e83-4c24-9009-b6b40e57e28d",
        "Start Frame": 1200,
        "End Frame": 1320,
        "Caption": "#C C holds book with both; #C C reads a book; #C C reads a book; #C C reads the book ; #C C reads a book"
    },
    {
        "Video Name": "14d5500e-3e83-4c24-9009-b6b40e57e28d",
        "Start Frame": 1320,
        "End Frame": 1440,
        "Caption": "#C C reads a; #C C reads a; #C C reads a; #C C reads a; #C C reads a"
    },
    {
        "Video Name": "14d5500e-3e83-4c24-9009-b6b40e57e28d",
        "Start Frame": 1440,
        "End Frame": 1560,
        "Caption": "#C C reads the book; #C C reads a book; #C C reads a book; #C C reads a book; #C C reads a book"
    },
    {
        "Video Name": "14d5500e-3e83-4c24-9009-b6b40e57e28d",
        "Start Frame": 1560,
        "End Frame": 1680,
        "Caption": "#C C reads a book; #C C reads a book; #C C reads a book; #C C reads a book; #C C reads a book"
    },
    {
        "Video Name": "14d5500e-3e83-4c24-9009-b6b40e57e28d",
        "Start Frame": 1680,
        "End Frame": 1800,
        "Caption": "#C C reads a; #C C reads the; #C C reads a; #C C reads a; #C C reads a"
    },
    {
        "Video Name": "14d5500e-3e83-4c24-9009-b6b40e57e28d",
        "Start Frame": 1800,
        "End Frame": 1920,
        "Caption": "#C C reads a; #C C reads a; #C C moves a; #C C reads a; #C C reads a"
    },
    {
        "Video Name": "14d5500e-3e83-4c24-9009-b6b40e57e28d",
        "Start Frame": 1920,
        "End Frame": 2040,
        "Caption": "#C C reads a; #C C reads a; #C C reads a; #C C reads a; #C C reads a"
    },
    {
        "Video Name": "14d5500e-3e83-4c24-9009-b6b40e57e28d",
        "Start Frame": 2040,
        "End Frame": 2160,
        "Caption": "#C C reads a; #C C reads a; #C C reads a; #C C reads a; #C C reads a"
    },
    {
        "Video Name": "14d5500e-3e83-4c24-9009-b6b40e57e28d",
        "Start Frame": 2160,
        "End Frame": 2280,
        "Caption": "#C C reads a book ; #C C reads a book; #C C reads a book; #C C reads the book ; #C C holds a book with left"
    },
    {
        "Video Name": "14d5500e-3e83-4c24-9009-b6b40e57e28d",
        "Start Frame": 2280,
        "End Frame": 2400,
        "Caption": "#C C reads a; #C C reads a; #C C reads a; #C C reads a; #C C reads a"
    },
    {
        "Video Name": "14d5500e-3e83-4c24-9009-b6b40e57e28d",
        "Start Frame": 2400,
        "End Frame": 2520,
        "Caption": "#C C reads a book; #C C reads a book; #C C reads a book; #C C moves fingers; #C C touches a book with a right hand"
    },
    {
        "Video Name": "14d5500e-3e83-4c24-9009-b6b40e57e28d",
        "Start Frame": 2520,
        "End Frame": 2640,
        "Caption": "#C C reads a; #C C reads a; #C C reads a; #C C reads a; #C C reads a"
    },
    {
        "Video Name": "14d5500e-3e83-4c24-9009-b6b40e57e28d",
        "Start Frame": 2640,
        "End Frame": 2760,
        "Caption": "#C C touches the book with right hand; #C C reads a book; #C C touches a book; #C C reads a book; #C C reads a book"
    },
    {
        "Video Name": "14d5500e-3e83-4c24-9009-b6b40e57e28d",
        "Start Frame": 2760,
        "End Frame": 2880,
        "Caption": "#C C reads a book; #C C holds a book with the left hand; #C C reads a book; #C C reads a book; #C C reads a book"
    },
    {
        "Video Name": "14d5500e-3e83-4c24-9009-b6b40e57e28d",
        "Start Frame": 2880,
        "End Frame": 3000,
        "Caption": "#C C reads a book; #C C reads a book; #C C reads a book; #C C reads a book; #C C reads a book"
    },
    {
        "Video Name": "14d5500e-3e83-4c24-9009-b6b40e57e28d",
        "Start Frame": 3000,
        "End Frame": 3120,
        "Caption": "#C C reads the book ; #C C reads a book; #C C reads a book ; #C C  reads a book ; #C C holds a book with both hands"
    },
    {
        "Video Name": "14d5500e-3e83-4c24-9009-b6b40e57e28d",
        "Start Frame": 3120,
        "End Frame": 3240,
        "Caption": "#C C reads a book; #C C reads a book; #C C reads a book; #C C reads a book; #C C touches a book"
    },
    {
        "Video Name": "14d5500e-3e83-4c24-9009-b6b40e57e28d",
        "Start Frame": 3240,
        "End Frame": 3360,
        "Caption": "#C C reads a book; #C C reads the book; #C C reads a book; #C C reads a book; #C C reads a book"
    },
    {
        "Video Name": "14d5500e-3e83-4c24-9009-b6b40e57e28d",
        "Start Frame": 3360,
        "End Frame": 3480,
        "Caption": "#C C reads a book; #C C reads a book; #C C reads a book; #C C puts a hand on a book; #C C holds a book with left hand"
    },
    {
        "Video Name": "14d5500e-3e83-4c24-9009-b6b40e57e28d",
        "Start Frame": 3480,
        "End Frame": 3600,
        "Caption": "#C C reads a; #C C reads a; #C C reads a; #C C reads a; #C C reads a"
    },
    {
        "Video Name": "14d5500e-3e83-4c24-9009-b6b40e57e28d",
        "Start Frame": 3600,
        "End Frame": 3720,
        "Caption": "#C C reads a book; #C C reads the book; #C C reads a book; #C C reads a book; #C C reads a book"
    },
    {
        "Video Name": "14d5500e-3e83-4c24-9009-b6b40e57e28d",
        "Start Frame": 3720,
        "End Frame": 3840,
        "Caption": "#C C opens the page of the; #C C peruses a book; #C C opens a book ; #C C flips a page of a; #C C opens the page of the"
    },
    {
        "Video Name": "14d5500e-3e83-4c24-9009-b6b40e57e28d",
        "Start Frame": 3840,
        "End Frame": 3960,
        "Caption": "#C C reads a book; #C C reads a book; #C C reads a book ; #C C holds a book with left; #C C reads a book"
    },
    {
        "Video Name": "14d5500e-3e83-4c24-9009-b6b40e57e28d",
        "Start Frame": 3960,
        "End Frame": 4080,
        "Caption": "#C C reads a book; #C C reads a book; #C C reads a book; #C C reads a book; #C C reads a book"
    },
    {
        "Video Name": "14d5500e-3e83-4c24-9009-b6b40e57e28d",
        "Start Frame": 4080,
        "End Frame": 4200,
        "Caption": "#C C reads a book; #C C reads a book; #C C reads a book; #C C reads a book; #C C moves left fingers"
    },
    {
        "Video Name": "14d5500e-3e83-4c24-9009-b6b40e57e28d",
        "Start Frame": 4200,
        "End Frame": 4320,
        "Caption": "#C C reads a; #C C moves a; #C C reads a; #C C reads a; #C C reads a"
    },
    {
        "Video Name": "14d5500e-3e83-4c24-9009-b6b40e57e28d",
        "Start Frame": 4320,
        "End Frame": 4440,
        "Caption": "#C C moves a finger; #C C reads a book; #C C reads a book; #C C reads a book; #C C reads a book"
    },
    {
        "Video Name": "14d5500e-3e83-4c24-9009-b6b40e57e28d",
        "Start Frame": 4440,
        "End Frame": 4560,
        "Caption": "#C C reads a book; #C C moves a finger; #C C reads a book; #C C reads a book; #C C reads a book"
    },
    {
        "Video Name": "14d5500e-3e83-4c24-9009-b6b40e57e28d",
        "Start Frame": 4560,
        "End Frame": 4680,
        "Caption": "#C C reads a book; #C C reads a book; #C C reads a book; #C C reads a book; #C C reads a book"
    },
    {
        "Video Name": "14d5500e-3e83-4c24-9009-b6b40e57e28d",
        "Start Frame": 4680,
        "End Frame": 4800,
        "Caption": "#C C holds book with left hand ; #C C holds a book with both hands; #C C holds book with right hand; #C C reads a book; #C C reads the book "
    },
    {
        "Video Name": "14d5500e-3e83-4c24-9009-b6b40e57e28d",
        "Start Frame": 4800,
        "End Frame": 4920,
        "Caption": "#C C reads a book; #C C reads the book; #C C reads a book; #C C reads a book; #C C reads the book"
    },
    {
        "Video Name": "14d5500e-3e83-4c24-9009-b6b40e57e28d",
        "Start Frame": 4920,
        "End Frame": 5040,
        "Caption": "#C C reads a book; #C C Reads a; #C C reads a book; #C C reads a book; #C C reads the book"
    },
    {
        "Video Name": "14d5500e-3e83-4c24-9009-b6b40e57e28d",
        "Start Frame": 5040,
        "End Frame": 5160,
        "Caption": "#C C reads a book; #C C reads a book ; #C C holds the book with both; #C C reads a book; #C C reads a book"
    },
    {
        "Video Name": "14d5500e-3e83-4c24-9009-b6b40e57e28d",
        "Start Frame": 5160,
        "End Frame": 5280,
        "Caption": "#C C reads a book; #C C reads the book; #C C reads a book; #C C reads a book; #C C reads a book"
    },
    {
        "Video Name": "14d5500e-3e83-4c24-9009-b6b40e57e28d",
        "Start Frame": 5280,
        "End Frame": 5400,
        "Caption": "#C C reads the book; #C C reads a book; #C C reads a book; #C C reads a book; #C C reads a book"
    }
]