[
    {
        "Video Name": "14dd9c49-fa82-4002-b5ae-665bc008970c",
        "Start Frame": 0,
        "End Frame": 120,
        "Caption": "#C C wipes the bottle with the towel; #C C wipes the bottle ; #C C wipes the cup; #C C wipes the glass; #C C wipes a bottle"
    },
    {
        "Video Name": "14dd9c49-fa82-4002-b5ae-665bc008970c",
        "Start Frame": 120,
        "End Frame": 240,
        "Caption": "#C C wipes glass; #C C wipes glass; #C C wipes the glass; #C C wipes the glasses; #C C wipes the glass"
    },
    {
        "Video Name": "14dd9c49-fa82-4002-b5ae-665bc008970c",
        "Start Frame": 240,
        "End Frame": 360,
        "Caption": "#C C picks a towel; #C C wipes the bottle with the; #C C wipes the kitchen towel; #C C wipes the glass with a; #C C wipes the knife"
    },
    {
        "Video Name": "14dd9c49-fa82-4002-b5ae-665bc008970c",
        "Start Frame": 360,
        "End Frame": 480,
        "Caption": "#C C picks a lid; #C C picks a glass; #C C picks up the; #C C picks a spoon; #C C takes a lid"
    },
    {
        "Video Name": "14dd9c49-fa82-4002-b5ae-665bc008970c",
        "Start Frame": 480,
        "End Frame": 600,
        "Caption": "#C C dries the spoon with the towel; #C C wipes the spoon; #C C wipes the spoon with kitchen towel; #C C wipes the spoon; #C C wipes the spoon with a towel"
    },
    {
        "Video Name": "14dd9c49-fa82-4002-b5ae-665bc008970c",
        "Start Frame": 600,
        "End Frame": 720,
        "Caption": "#C C takes a strainer; #C C wipes the sieve; #C C picks the sieve; #C C picks a sieve; #C C takes a sieve"
    },
    {
        "Video Name": "14dd9c49-fa82-4002-b5ae-665bc008970c",
        "Start Frame": 720,
        "End Frame": 840,
        "Caption": "#C C hangs the spoon; #C C puts the spoon on the table; #C C cleans the glass with the towel; #C C puts the spoon on the kitchen; #C C puts the spoon on the rack"
    },
    {
        "Video Name": "14dd9c49-fa82-4002-b5ae-665bc008970c",
        "Start Frame": 840,
        "End Frame": 960,
        "Caption": "#C C picks up a spoon; #C C picks up the spoon; #C C hangs the sieve on the; #C C picks up a spoon; #C C picks a glass"
    },
    {
        "Video Name": "14dd9c49-fa82-4002-b5ae-665bc008970c",
        "Start Frame": 960,
        "End Frame": 1080,
        "Caption": "#C C puts the spoon in the spoon; #C C puts the spoon on the rack; #C C places spoon in the dish rack; #C C hangs the spoon; #C C hangs the spoon "
    },
    {
        "Video Name": "14dd9c49-fa82-4002-b5ae-665bc008970c",
        "Start Frame": 1080,
        "End Frame": 1200,
        "Caption": "#C C puts a spoon in the; #C C picks a measuring spoon; #C C wipes the spoon; #C C picks a cup from the; #C C wipes the jar"
    },
    {
        "Video Name": "14dd9c49-fa82-4002-b5ae-665bc008970c",
        "Start Frame": 1200,
        "End Frame": 1320,
        "Caption": "#C C takes a spoon from the rack; #C C picks up a spoon; #C C picks spoons from the spoon; #C C takes spoon ; #C C picks the spoon from the rack"
    },
    {
        "Video Name": "14dd9c49-fa82-4002-b5ae-665bc008970c",
        "Start Frame": 1320,
        "End Frame": 1440,
        "Caption": "#C C cleans the spoon; #C C wipes the spoon; #C C picks a spoon; #C C picks the spoon; #C C takes the spoon from the kitchen"
    },
    {
        "Video Name": "14dd9c49-fa82-4002-b5ae-665bc008970c",
        "Start Frame": 1440,
        "End Frame": 1560,
        "Caption": "#C C picks a spoon; #C C arranges the cutlery in the; #C C picks up the spoon; #C C takes spoons ; #C C picks up the spoons"
    },
    {
        "Video Name": "14dd9c49-fa82-4002-b5ae-665bc008970c",
        "Start Frame": 1560,
        "End Frame": 1680,
        "Caption": "#C C picks a fork; #C C picks a spoon from the; #C C puts the spoon in the; #C C picks a spoon; #C C takes a spoon "
    },
    {
        "Video Name": "14dd9c49-fa82-4002-b5ae-665bc008970c",
        "Start Frame": 1680,
        "End Frame": 1800,
        "Caption": "#C C walks around the; #C C walks in the; #C C picks the wooden; #C C takes the fork; #C C walks around"
    },
    {
        "Video Name": "14dd9c49-fa82-4002-b5ae-665bc008970c",
        "Start Frame": 1800,
        "End Frame": 1920,
        "Caption": "#C C closes the kitchen drawer; #c c closes the drawer; #c c closes the drawer; #C C closes the kitchen drawer; #C C opens the drawer"
    },
    {
        "Video Name": "14dd9c49-fa82-4002-b5ae-665bc008970c",
        "Start Frame": 1920,
        "End Frame": 2040,
        "Caption": "#C C closes the drawer; #C C puts the spoon in the; #C C closes the drawer; #C C closes the drawer; #C C puts the spoon in the"
    },
    {
        "Video Name": "14dd9c49-fa82-4002-b5ae-665bc008970c",
        "Start Frame": 2040,
        "End Frame": 2160,
        "Caption": "#C C picks a plastic ; #C C picks up a lid; #C C picks up a lid; #C C puts the lid in the; #C C picks a sieve"
    },
    {
        "Video Name": "14dd9c49-fa82-4002-b5ae-665bc008970c",
        "Start Frame": 2160,
        "End Frame": 2280,
        "Caption": "#C C puts the jug on the counter; #C C puts the cup on the kitchen; #C C puts the glass on the table; #C C puts the kettle on the table; #C C puts the cup on the table"
    },
    {
        "Video Name": "14dd9c49-fa82-4002-b5ae-665bc008970c",
        "Start Frame": 2280,
        "End Frame": 2400,
        "Caption": "#C C  puts the cup on the kitchen; #C C picks a cup; #C C puts the cup on the kitchen counter; #C C puts the kettle on the kitchen counter; #C C puts the cup on the kitchen counter"
    },
    {
        "Video Name": "14dd9c49-fa82-4002-b5ae-665bc008970c",
        "Start Frame": 2400,
        "End Frame": 2520,
        "Caption": "#C C puts the pan on the cooker; #C C puts the cooking pot on the cooker; #C C puts the pan on the cooker; #C C picks the frying pan ; #C C puts the cooking pan on the cooker"
    },
    {
        "Video Name": "14dd9c49-fa82-4002-b5ae-665bc008970c",
        "Start Frame": 2520,
        "End Frame": 2640,
        "Caption": "#C C opens the cabinet; #C C opens the cabinet ; #C C opens the cabinet; #C C puts the pan in the; #C C opens the cabinet"
    },
    {
        "Video Name": "14dd9c49-fa82-4002-b5ae-665bc008970c",
        "Start Frame": 2640,
        "End Frame": 2760,
        "Caption": "#C C puts the cooking pan on the; #C C puts cooking pan in the cabinet; #C C picks the pan from the cabinet; #C C puts cooking pot in the cabinet; #C C picks the cooking pan"
    },
    {
        "Video Name": "14dd9c49-fa82-4002-b5ae-665bc008970c",
        "Start Frame": 2760,
        "End Frame": 2880,
        "Caption": "#C C picks a lid from the cabinet; #C C picks the pot lid; #C C removes the lid from the drawer; #C C picks cooking pot lid; #C C removes the lid from the cupboard"
    },
    {
        "Video Name": "14dd9c49-fa82-4002-b5ae-665bc008970c",
        "Start Frame": 2880,
        "End Frame": 3000,
        "Caption": "#C C picks the cooking pots from the; #C C picks the cooking pot; #C C picks the cooking pan; #C C picks cooking pots from the cabinet; #C C picks cooking pot"
    },
    {
        "Video Name": "14dd9c49-fa82-4002-b5ae-665bc008970c",
        "Start Frame": 3000,
        "End Frame": 3120,
        "Caption": "#C C puts the knife on the; #C C closes the kitchen cupboard; #C C closes the cupboard; #C C closes the cabinet; #C C closes the drawer "
    },
    {
        "Video Name": "14dd9c49-fa82-4002-b5ae-665bc008970c",
        "Start Frame": 3120,
        "End Frame": 3240,
        "Caption": "#C C picks a cup; #C C picks the cup; #C C picks a cup from the cabinet; #C C picks up the cup from the; #C C picks a cup "
    },
    {
        "Video Name": "14dd9c49-fa82-4002-b5ae-665bc008970c",
        "Start Frame": 3240,
        "End Frame": 3360,
        "Caption": "#C C puts bowl on the kitchen shelf; #C C puts the cup in the cup; #C C puts cup in the kitchen cabinet; #C C puts the cup on the kitchen; #C C puts the cup in the cup"
    },
    {
        "Video Name": "14dd9c49-fa82-4002-b5ae-665bc008970c",
        "Start Frame": 3360,
        "End Frame": 3480,
        "Caption": "#C C picks the container; #C C picks the containers from the counter; #C C picks the tin lid; #C C picks up the container; #C C picks up a plastic tin"
    },
    {
        "Video Name": "14dd9c49-fa82-4002-b5ae-665bc008970c",
        "Start Frame": 3480,
        "End Frame": 3600,
        "Caption": "#C C picks the lid; #C C picks the tin cover from the kitchen; #C C removes the lid; #C C puts a plastic tin on the kitchen; #C C picks a lid "
    },
    {
        "Video Name": "14dd9c49-fa82-4002-b5ae-665bc008970c",
        "Start Frame": 3600,
        "End Frame": 3720,
        "Caption": "#C C covers the tin; #C C opens the container; #C C covers the tin with the; #C C covers the tin with a; #C C covers the tin "
    },
    {
        "Video Name": "14dd9c49-fa82-4002-b5ae-665bc008970c",
        "Start Frame": 3720,
        "End Frame": 3840,
        "Caption": "#C C puts the bowl on the counter; #C C puts the bowl down; #C C puts the bowl on the counter top; #C C places bowl on the counter top; #C C puts the container on top of the kitchen"
    },
    {
        "Video Name": "14dd9c49-fa82-4002-b5ae-665bc008970c",
        "Start Frame": 3840,
        "End Frame": 3960,
        "Caption": "#C C opens the door; #c c opens the door; #C C opens the door; #C C opens door; #C C opens the door"
    },
    {
        "Video Name": "14dd9c49-fa82-4002-b5ae-665bc008970c",
        "Start Frame": 3960,
        "End Frame": 4080,
        "Caption": "#C C opens a dust; #C C opens a dust; #C C opens the bin; #C C opens the dust; #C C opens a dust"
    },
    {
        "Video Name": "14dd9c49-fa82-4002-b5ae-665bc008970c",
        "Start Frame": 4080,
        "End Frame": 4200,
        "Caption": "#C C opens door; #C C opens the door; #C C opens the door; #C C opens the door; #C C opens a door"
    },
    {
        "Video Name": "14dd9c49-fa82-4002-b5ae-665bc008970c",
        "Start Frame": 4200,
        "End Frame": 4320,
        "Caption": "#C C walks around the kitchen; #C C walks in the kitchen; #C C walks around; #C C adjusts the sweater; #C C walks towards the sink"
    },
    {
        "Video Name": "14dd9c49-fa82-4002-b5ae-665bc008970c",
        "Start Frame": 4320,
        "End Frame": 4440,
        "Caption": "#C C puts the jug aside; #C C places the weighing scale on the counter top; #C C places the jug on the counter; #C C puts the grater on the counter; #C C puts the lid on the surface"
    },
    {
        "Video Name": "14dd9c49-fa82-4002-b5ae-665bc008970c",
        "Start Frame": 4440,
        "End Frame": 4560,
        "Caption": "#C C wipes the cooking pan; #C C wipes the bowl ; #C C cleans bowl ; #C C wipes the bowl with the; #C C wipes the bowl "
    },
    {
        "Video Name": "14dd9c49-fa82-4002-b5ae-665bc008970c",
        "Start Frame": 4560,
        "End Frame": 4680,
        "Caption": "#C C wipes the bowl; #C C wipes the bowl; #C C wipes bowl; #C C cleans the bowl with the towel; #C C picks a bowl from the kitchen"
    },
    {
        "Video Name": "14dd9c49-fa82-4002-b5ae-665bc008970c",
        "Start Frame": 4680,
        "End Frame": 4800,
        "Caption": "#C C picks the hand towel from the kitchen; #C C picks the towel from the cupboard; #C C takes the towel; #C C picks the towel; #C c opens the cabinet"
    },
    {
        "Video Name": "14dd9c49-fa82-4002-b5ae-665bc008970c",
        "Start Frame": 4800,
        "End Frame": 4920,
        "Caption": "#C C adjusts her cloth sleeves; #C C folds sweater sleeves; #C C folds her sweater; #C C adjusts her sweater ; #C C folds her sleeve"
    },
    {
        "Video Name": "14dd9c49-fa82-4002-b5ae-665bc008970c",
        "Start Frame": 4920,
        "End Frame": 5040,
        "Caption": "#C C closes the tap; #C C closes the tap; #c c puts the spray down; #C C puts the bottle on the counter top; #C C places the spray bottle on the sink"
    },
    {
        "Video Name": "14dd9c49-fa82-4002-b5ae-665bc008970c",
        "Start Frame": 5040,
        "End Frame": 5160,
        "Caption": "#C C puts the spray on the rack; #C C puts the bottle on the rack; #C C puts the sprayer bottle on the; #C C puts the detergent on the rack; #C C puts the spray bottle on the rack"
    },
    {
        "Video Name": "14dd9c49-fa82-4002-b5ae-665bc008970c",
        "Start Frame": 5160,
        "End Frame": 5280,
        "Caption": "#C C cleans the lid; #C C cleans the bottle; #C C washes the container; #C C washes the plastic; #C C washes the bottle"
    },
    {
        "Video Name": "14dd9c49-fa82-4002-b5ae-665bc008970c",
        "Start Frame": 5280,
        "End Frame": 5400,
        "Caption": "#C C washes the container ; #C C cleans the container with the; #C C washes the container ; #C C washes the container; #C C cleans the sink"
    }
]