[
    {
        "Video Name": "14e8e596-572d-45e4-9199-ce3aff2701e1",
        "Start Frame": 0,
        "End Frame": 120,
        "Caption": "#C C picks chili peppers ; #c c picks pepper from the; #c c picks pepper from the; #C C picks chili pepper; #c c picks pepper"
    },
    {
        "Video Name": "14e8e596-572d-45e4-9199-ce3aff2701e1",
        "Start Frame": 120,
        "End Frame": 240,
        "Caption": "#C C puts green chili pepper on the; #c c puts pepper on the tray; #c c puts pepper on the tray; #C C puts pepper on the lid; #C C moves the pepper on the tray"
    },
    {
        "Video Name": "14e8e596-572d-45e4-9199-ce3aff2701e1",
        "Start Frame": 240,
        "End Frame": 360,
        "Caption": "#C C cuts pepper; #C C cuts chili pepper with a; #C C cuts the pepper; #C C cuts pepper ; #c c cuts pepper"
    },
    {
        "Video Name": "14e8e596-572d-45e4-9199-ce3aff2701e1",
        "Start Frame": 360,
        "End Frame": 480,
        "Caption": "#C C cuts the; #C C cuts pepper; #C C cuts pepper; #C C picks a; #C C cuts pepper"
    },
    {
        "Video Name": "14e8e596-572d-45e4-9199-ce3aff2701e1",
        "Start Frame": 480,
        "End Frame": 600,
        "Caption": "#C C picks a chili pepper; #C C picks a chili pepper from the; #C C picks the pepper; #C C picks the pepper; #C C picks the chili pepper"
    },
    {
        "Video Name": "14e8e596-572d-45e4-9199-ce3aff2701e1",
        "Start Frame": 600,
        "End Frame": 720,
        "Caption": "#C C picks the chili pepper; #C C puts pepper on plate ; #C C puts green chili pepper on the; #c c puts pepper on the tray; #C C puts pepper on the lid"
    },
    {
        "Video Name": "14e8e596-572d-45e4-9199-ce3aff2701e1",
        "Start Frame": 720,
        "End Frame": 840,
        "Caption": "#C C converses with person y.; #C C cuts chili using a knife; #C C cuts pepper ; #C C cuts green chili pepper with a; #C C cuts chili pepper using a knife"
    },
    {
        "Video Name": "14e8e596-572d-45e4-9199-ce3aff2701e1",
        "Start Frame": 840,
        "End Frame": 960,
        "Caption": "#C C places the knife on the tray ; #C C places the knife on the green pepper in her left hand with her right hand; #C C places the knife on the tray; #c c cuts pepper; #C C cuts chili pepper with a knife"
    },
    {
        "Video Name": "14e8e596-572d-45e4-9199-ce3aff2701e1",
        "Start Frame": 960,
        "End Frame": 1080,
        "Caption": "#C C cuts the pepper; #C C picks a chili pepper; #C C picks the chili pepper; #C C picks chili pepper from the; #C C picks chili pepper"
    },
    {
        "Video Name": "14e8e596-572d-45e4-9199-ce3aff2701e1",
        "Start Frame": 1080,
        "End Frame": 1200,
        "Caption": "#C C cuts the pepper; #C C cuts the chili using a; #C C cuts the chili using a; #C C cuts the chili using a; #C C cuts the chili using a"
    },
    {
        "Video Name": "14e8e596-572d-45e4-9199-ce3aff2701e1",
        "Start Frame": 1200,
        "End Frame": 1320,
        "Caption": "#C C puts chili pepper on the lid; #C C puts green chili peppers on the; #C C puts green chili pepper on the; #C C puts green chili peppers on the; #c c puts pepper on the tray"
    },
    {
        "Video Name": "14e8e596-572d-45e4-9199-ce3aff2701e1",
        "Start Frame": 1320,
        "End Frame": 1440,
        "Caption": "#C C adjusts the slender green pepper on the tray on the table with her left hand.; #C C picks chili pepper; #c c picks pepper from the tray; #C C moves chili peppers; #C C picks up green chili pepper"
    },
    {
        "Video Name": "14e8e596-572d-45e4-9199-ce3aff2701e1",
        "Start Frame": 1440,
        "End Frame": 1560,
        "Caption": "#C C puts down chili peppers; #C C places chili pepper on the; #c c places pepper on the tray; #C C looks around; #C C picks the chili pepper"
    },
    {
        "Video Name": "14e8e596-572d-45e4-9199-ce3aff2701e1",
        "Start Frame": 1560,
        "End Frame": 1680,
        "Caption": "#C C puts green chili pepper on the; #C C puts green chili pepper on the; #C C places the pepper on lid; #C C puts green chili peppers on the; #C C puts green chili peppers on the"
    },
    {
        "Video Name": "14e8e596-572d-45e4-9199-ce3aff2701e1",
        "Start Frame": 1680,
        "End Frame": 1800,
        "Caption": "#C C picks a chili pepper; #C C picks chili pepper; #C C picks a chili pepper; #C C picks a chili pepper from the; #C C picks chili pepper"
    },
    {
        "Video Name": "14e8e596-572d-45e4-9199-ce3aff2701e1",
        "Start Frame": 1800,
        "End Frame": 1920,
        "Caption": "#C C cuts the pepper; #C C interacts with woman X; #C C cuts chili pepper with a; #C C cuts the pepper; #C C interacts with person T"
    },
    {
        "Video Name": "14e8e596-572d-45e4-9199-ce3aff2701e1",
        "Start Frame": 1920,
        "End Frame": 2040,
        "Caption": "#C C puts green chili pepper on the; #C C cuts the chili using a knife; #C C places the knife on the tray; #C C picks chili pepper; #C C picks pepper"
    },
    {
        "Video Name": "14e8e596-572d-45e4-9199-ce3aff2701e1",
        "Start Frame": 2040,
        "End Frame": 2160,
        "Caption": "#c c cuts pepper; #C C cuts the chili pepper using a; #C C cuts pepper ; #c c cuts pepper; #C C cuts the chili using a knife"
    },
    {
        "Video Name": "14e8e596-572d-45e4-9199-ce3aff2701e1",
        "Start Frame": 2160,
        "End Frame": 2280,
        "Caption": "#C C cuts the chili using a knife; #C C cuts the chili using a knife; #C C cuts the pepper; #C C cuts chili pepper with a knife; #c c cuts pepper"
    },
    {
        "Video Name": "14e8e596-572d-45e4-9199-ce3aff2701e1",
        "Start Frame": 2280,
        "End Frame": 2400,
        "Caption": "#C C picks a chili pepper; #C C picks the pepper; #c c picks pepper from the; #C C picks a chili pepper; #C C picks the chili peppers"
    },
    {
        "Video Name": "14e8e596-572d-45e4-9199-ce3aff2701e1",
        "Start Frame": 2400,
        "End Frame": 2520,
        "Caption": "#C C cuts green chili pepper with a; #c c cuts pepper; #C C cuts the chili pepper using a; #C C cuts the chili using a knife; #C C cuts the pepper"
    },
    {
        "Video Name": "14e8e596-572d-45e4-9199-ce3aff2701e1",
        "Start Frame": 2520,
        "End Frame": 2640,
        "Caption": "#C C picks a pepper; #C C picks the chili pepper; #c c picks pepper from the tray; #C C picks a chili pepper from the; #C C picks the chili pepper"
    },
    {
        "Video Name": "14e8e596-572d-45e4-9199-ce3aff2701e1",
        "Start Frame": 2640,
        "End Frame": 2760,
        "Caption": "#C C places the pepper on lid; #C C puts green chili pepper on the; #C C puts green chili pepper on the; #c c puts pepper on the tray; #C C places the knife on the tray"
    },
    {
        "Video Name": "14e8e596-572d-45e4-9199-ce3aff2701e1",
        "Start Frame": 2760,
        "End Frame": 2880,
        "Caption": "#C C cuts chili pepper with a knife; #C C cuts chili pepper with a knife; #C C cuts the pepper; #C C cuts the pepper; #C C places the knife on the slender green pepper in her left hand with her right hand"
    },
    {
        "Video Name": "14e8e596-572d-45e4-9199-ce3aff2701e1",
        "Start Frame": 2880,
        "End Frame": 3000,
        "Caption": "#C C cuts pepper; #C C picks a pepper; #C C cuts the chili using a; #C C cuts the pepper; #C C picks the knife"
    },
    {
        "Video Name": "14e8e596-572d-45e4-9199-ce3aff2701e1",
        "Start Frame": 3000,
        "End Frame": 3120,
        "Caption": "#C C puts chili pepper on the lid; #C C puts chili pepper on the lid; #C C puts chili pepper on the tray; #C C puts green chili peppers on the; #C C puts green chili peppers on the"
    },
    {
        "Video Name": "14e8e596-572d-45e4-9199-ce3aff2701e1",
        "Start Frame": 3120,
        "End Frame": 3240,
        "Caption": "#C C picks chili peppers using his left hand; #C C picks chili peppers; #C C picks a chili pepper; #C C picks chili peppers; #C C picks a chili pepper"
    },
    {
        "Video Name": "14e8e596-572d-45e4-9199-ce3aff2701e1",
        "Start Frame": 3240,
        "End Frame": 3360,
        "Caption": "#C C picks a pepper; #C C cuts green chili pepper with a knife; #C C cuts the pepper; #C C places the knife on the slender green pepper in her left hand with her right hand; #c c cuts pepper"
    },
    {
        "Video Name": "14e8e596-572d-45e4-9199-ce3aff2701e1",
        "Start Frame": 3360,
        "End Frame": 3480,
        "Caption": "#C C cuts pepper; #C C cuts chili using a knife; #C C cuts chili pepper with a; #C C converses with person B; #C C cuts pepper "
    },
    {
        "Video Name": "14e8e596-572d-45e4-9199-ce3aff2701e1",
        "Start Frame": 3480,
        "End Frame": 3600,
        "Caption": "#C C picks green chili pepper; #C C picks chili pepper; #C C picks a chili pepper; #c c picks pepper from the; #C C picks pepper"
    },
    {
        "Video Name": "14e8e596-572d-45e4-9199-ce3aff2701e1",
        "Start Frame": 3600,
        "End Frame": 3720,
        "Caption": "#C C picks a chili; #C C picks the chili; #C C picks a pepper; #C C picks a pepper; #C C picks the pepper"
    },
    {
        "Video Name": "14e8e596-572d-45e4-9199-ce3aff2701e1",
        "Start Frame": 3720,
        "End Frame": 3840,
        "Caption": "#c c picks pepper from the tray; #C C puts green chili pepper on the; #C C places the knife on the tray; #C C drops pepper\n; #C C drops chili pepper on plate "
    },
    {
        "Video Name": "14e8e596-572d-45e4-9199-ce3aff2701e1",
        "Start Frame": 3840,
        "End Frame": 3960,
        "Caption": "#C C cuts the pepper; #C C picks the chili using the left hand; #C C picks a pepper from the plate with her left hand; #C C picks a chili pepper; #C C picks a pepper"
    },
    {
        "Video Name": "14e8e596-572d-45e4-9199-ce3aff2701e1",
        "Start Frame": 3960,
        "End Frame": 4080,
        "Caption": "#C C picks chili pepper; #C C picks a pepper; #C C picks chili pepper; #C C picks a pepper; #C C picks a chili"
    },
    {
        "Video Name": "14e8e596-572d-45e4-9199-ce3aff2701e1",
        "Start Frame": 4080,
        "End Frame": 4200,
        "Caption": "#C C cuts the chili using a; #C C converses with woman A; #C C cuts the pepper; #C C cuts the pepper; #C C cuts the pepper"
    },
    {
        "Video Name": "14e8e596-572d-45e4-9199-ce3aff2701e1",
        "Start Frame": 4200,
        "End Frame": 4320,
        "Caption": "#C C puts chili pepper on lid; #c c puts pepper on the tray; #C C places the chili peppers on lid; #C C puts green chili pepper on the; #C C puts green chili pepper on the"
    },
    {
        "Video Name": "14e8e596-572d-45e4-9199-ce3aff2701e1",
        "Start Frame": 4320,
        "End Frame": 4440,
        "Caption": "#C C converses with person X; #C C cuts chili pepper with a; #c c cuts pepper; #C C cuts the pepper; #C C cuts the pepper"
    },
    {
        "Video Name": "14e8e596-572d-45e4-9199-ce3aff2701e1",
        "Start Frame": 4440,
        "End Frame": 4560,
        "Caption": "#C C picks the pepper from the tray; #c c picks pepper from the tray; #C C picks the pepper from the tray; #c c picks pepper from the tray; #c c picks pepper from the tray"
    },
    {
        "Video Name": "14e8e596-572d-45e4-9199-ce3aff2701e1",
        "Start Frame": 4560,
        "End Frame": 4680,
        "Caption": "#C C cuts pepper\n; #c c cuts pepper; #C C cuts the chili using a; #C C cuts the pepper; #C C cuts the chili using a"
    },
    {
        "Video Name": "14e8e596-572d-45e4-9199-ce3aff2701e1",
        "Start Frame": 4680,
        "End Frame": 4800,
        "Caption": "#c c picks pepper from the tray; #C C picks the chili using the left; #c c picks pepper from the tray; #C C picks a chili pepper; #C C picks chili pepper"
    },
    {
        "Video Name": "14e8e596-572d-45e4-9199-ce3aff2701e1",
        "Start Frame": 4800,
        "End Frame": 4920,
        "Caption": "#C C puts green chili pepper on the; #c c puts pepper on the tray; #C C puts chili pepper on plate ; #C C drops the chili pepper; #C C puts green chili pepper on the"
    },
    {
        "Video Name": "14e8e596-572d-45e4-9199-ce3aff2701e1",
        "Start Frame": 4920,
        "End Frame": 5040,
        "Caption": "#c c cuts pepper; #c c cuts pepper; #C C cuts the chili using a; #C C cuts pepper; #C C cuts chili pepper with a"
    },
    {
        "Video Name": "14e8e596-572d-45e4-9199-ce3aff2701e1",
        "Start Frame": 5040,
        "End Frame": 5160,
        "Caption": "#C C puts green chili pepper on the; #C C puts chili peppers on plate ; #C C picks a pepper; #C C picks chili peppers from the tray; #C C puts pepper on the lid"
    },
    {
        "Video Name": "14e8e596-572d-45e4-9199-ce3aff2701e1",
        "Start Frame": 5160,
        "End Frame": 5280,
        "Caption": "#C C picks the pepper; #C C picks a pepper; #C C picks a chili pepper; #C C picks a chili pepper; #c c picks pepper from the"
    },
    {
        "Video Name": "14e8e596-572d-45e4-9199-ce3aff2701e1",
        "Start Frame": 5280,
        "End Frame": 5400,
        "Caption": "#C C cuts the pepper; #C C cuts green chili pepper with a; #C C cuts the chili using a knife; #C C cuts the chili using a knife; #C C cuts the pepper"
    }
]