[
    {
        "Video Name": "151d72dc-4f93-4058-859f-3bee803212f3",
        "Start Frame": 0,
        "End Frame": 120,
        "Caption": "#O a person X stirs the; #C C stirs paint ; #O man X stirs the paint; #C C stirs the paint; #C C stirs the paint"
    },
    {
        "Video Name": "151d72dc-4f93-4058-859f-3bee803212f3",
        "Start Frame": 120,
        "End Frame": 240,
        "Caption": "#C C stirs the paint; #C C stirs the paint ; #C C stirs paint with a stick; #C C stirs the paint with a; #C C stirs paint "
    },
    {
        "Video Name": "151d72dc-4f93-4058-859f-3bee803212f3",
        "Start Frame": 240,
        "End Frame": 360,
        "Caption": "#C C walks around the; #C C walks around; #C C walks around; #C C walks around ; #C C walks around"
    },
    {
        "Video Name": "151d72dc-4f93-4058-859f-3bee803212f3",
        "Start Frame": 360,
        "End Frame": 480,
        "Caption": "#C C removes glue from the brush; #C C puts the brush in the tin of; #C C holds the stick; #C C talks to a man X; #C C shakes the stick "
    },
    {
        "Video Name": "151d72dc-4f93-4058-859f-3bee803212f3",
        "Start Frame": 480,
        "End Frame": 600,
        "Caption": "#C C puts the brush on the can; #C C puts down the brush; #C C drops the paint brush; #C C drops the paint brush ; #C C drops paint brush"
    },
    {
        "Video Name": "151d72dc-4f93-4058-859f-3bee803212f3",
        "Start Frame": 600,
        "End Frame": 720,
        "Caption": "#C C puts the paint can down; #C C picks the tin ; #C C pours paint on the tumbler; #C C pours paint into the paint can ; #C C places the tin on the concrete"
    },
    {
        "Video Name": "151d72dc-4f93-4058-859f-3bee803212f3",
        "Start Frame": 720,
        "End Frame": 840,
        "Caption": "#C C picks the paint; #O man X puts down the paint; #C C holds paint brush; #C C closes the paint can; #C C puts paint in the cup"
    },
    {
        "Video Name": "151d72dc-4f93-4058-859f-3bee803212f3",
        "Start Frame": 840,
        "End Frame": 960,
        "Caption": "#C C puts the tin on the; #C C picks a paint can; #C C picks a paint tin; #C C picks the paint can; #C C picks the paint can"
    },
    {
        "Video Name": "151d72dc-4f93-4058-859f-3bee803212f3",
        "Start Frame": 960,
        "End Frame": 1080,
        "Caption": "#O person X picks a paint can; #C C drops the paintbrush; #O A man X places the paint brush on the paint; #O man X picks a cup from the ground; #C C looks around"
    },
    {
        "Video Name": "151d72dc-4f93-4058-859f-3bee803212f3",
        "Start Frame": 1080,
        "End Frame": 1200,
        "Caption": "#O Man X pours the paint on the; #C C picks a paint brush ; #O A man X puts the cup on the; #C C looks around; #C C picks the paint can"
    },
    {
        "Video Name": "151d72dc-4f93-4058-859f-3bee803212f3",
        "Start Frame": 1200,
        "End Frame": 1320,
        "Caption": "#O man X picks the paint can; #O A man X puts down a tin; #C C looks around; #O a person X puts a bottle of paint; #C C walks around the construction site "
    },
    {
        "Video Name": "151d72dc-4f93-4058-859f-3bee803212f3",
        "Start Frame": 1320,
        "End Frame": 1440,
        "Caption": "#O man Y picks a paper ; #O A man Y opens a paper ; #C C looks around; #O The man X picks a nylon from the pavement with his right hand; #O The man X holds the bag with both hands."
    },
    {
        "Video Name": "151d72dc-4f93-4058-859f-3bee803212f3",
        "Start Frame": 1440,
        "End Frame": 1560,
        "Caption": "#C C looks around; #C C looks around; #C C looks around; #C C looks around; #C C looks around"
    },
    {
        "Video Name": "151d72dc-4f93-4058-859f-3bee803212f3",
        "Start Frame": 1560,
        "End Frame": 1680,
        "Caption": "#C C picks a paint can from a fence with his left hand; #C C picks a paint can; #C C picks a paint can; #C C picks a paint tin; #C C picks a paint tin on the ground"
    },
    {
        "Video Name": "151d72dc-4f93-4058-859f-3bee803212f3",
        "Start Frame": 1680,
        "End Frame": 1800,
        "Caption": "#C C walks around; #O The man B picks a container on a ground with his right hand.; #C C picks a paint can from the ground with his left hand.; #O The man X drops the paint can on the ground with his right hand; #O The man X holds a cup with his right hand."
    },
    {
        "Video Name": "151d72dc-4f93-4058-859f-3bee803212f3",
        "Start Frame": 1800,
        "End Frame": 1920,
        "Caption": "#C C looks around; #C C walks around ; #C C walks around; #C C walks around the; #C C walks around "
    },
    {
        "Video Name": "151d72dc-4f93-4058-859f-3bee803212f3",
        "Start Frame": 1920,
        "End Frame": 2040,
        "Caption": "#C C puts the paint can down; #C C places the paint tin on the ground ; #O person X places the paint can on the pavement; #C C places the paint tin on the wall; #C C drops the paint can on the pavement with his right hand"
    },
    {
        "Video Name": "151d72dc-4f93-4058-859f-3bee803212f3",
        "Start Frame": 2040,
        "End Frame": 2160,
        "Caption": "#C C picks a piece of cloth; #C C takes a rag; #C C picks the cloth from the ground; #C C picks the clothe; #C C takes a piece of cloth"
    },
    {
        "Video Name": "151d72dc-4f93-4058-859f-3bee803212f3",
        "Start Frame": 2160,
        "End Frame": 2280,
        "Caption": "#C C wipes his hands; #C C wipes the paintbrush; #C C wipes the paintbrush with the piece of cloth ; #C C rubs the paintbrush on the cloth with his right hand; #C C cleans his hand with the cloth. "
    },
    {
        "Video Name": "151d72dc-4f93-4058-859f-3bee803212f3",
        "Start Frame": 2280,
        "End Frame": 2400,
        "Caption": "#O A man Y wipes the paint; #C C cleans the paint brush with the cloth; #C C wipes paint brush with the cloth; #C C wipes the paint brush ; #C C wipes paintbrush"
    },
    {
        "Video Name": "151d72dc-4f93-4058-859f-3bee803212f3",
        "Start Frame": 2400,
        "End Frame": 2520,
        "Caption": "#C C puts the brush on top of the paint; #C C picks a paintbrush ; #C C picks a brush; #C C puts the paintbrush on the paintbrush; #C C puts a paint brush down"
    },
    {
        "Video Name": "151d72dc-4f93-4058-859f-3bee803212f3",
        "Start Frame": 2520,
        "End Frame": 2640,
        "Caption": "#C C opens a bottle of paint; #C C opens the paint bottle; #C C opens the gum; #C C opens the paint brush ; #O A person X walks around the"
    },
    {
        "Video Name": "151d72dc-4f93-4058-859f-3bee803212f3",
        "Start Frame": 2640,
        "End Frame": 2760,
        "Caption": "#C C closes the bottle; #C C opens the gum; #C C opens the bottle; #C C opens the glue; #C C opens the paint"
    },
    {
        "Video Name": "151d72dc-4f93-4058-859f-3bee803212f3",
        "Start Frame": 2760,
        "End Frame": 2880,
        "Caption": "#C C opens the glue; #C C talks to man Y ; #C C shakes a packet of glue; #C C opens the can with his; #O A man X walks around"
    },
    {
        "Video Name": "151d72dc-4f93-4058-859f-3bee803212f3",
        "Start Frame": 2880,
        "End Frame": 3000,
        "Caption": "#C C moves around; #C C passes the brush from his right hand to his left hand; #C C holds the brush with his hands; #C C looks around ; #C C holds the paint brush with both hands"
    },
    {
        "Video Name": "151d72dc-4f93-4058-859f-3bee803212f3",
        "Start Frame": 3000,
        "End Frame": 3120,
        "Caption": "#C C moves the paintbrush to his left hand ; #O The man X scoops the mortar from the head pan with the hand trowel in his right hand; #C C opens the paint brush ; #C C opens the brush with his left hand ; #C C looks around"
    },
    {
        "Video Name": "151d72dc-4f93-4058-859f-3bee803212f3",
        "Start Frame": 3120,
        "End Frame": 3240,
        "Caption": "#C C puts the brush on the; #C C picks a paintbrush; #C C picks the paintbrush ; #C C picks a paint brush; #C C picks a paintbrush"
    },
    {
        "Video Name": "151d72dc-4f93-4058-859f-3bee803212f3",
        "Start Frame": 3240,
        "End Frame": 3360,
        "Caption": "#C C picks the paint tin; #C C picks a paint can; #C C picks a paint tin; #C C picks a paint can; #C C picks a paint can"
    },
    {
        "Video Name": "151d72dc-4f93-4058-859f-3bee803212f3",
        "Start Frame": 3360,
        "End Frame": 3480,
        "Caption": "#C C picks a paint brush; #C C picks the paint brush; #C C picks paint brush ; #C C picks the brush; #C C picks a paint brush"
    },
    {
        "Video Name": "151d72dc-4f93-4058-859f-3bee803212f3",
        "Start Frame": 3480,
        "End Frame": 3600,
        "Caption": "#C C looks around; #C C opens the gate; #C C touches the gate; #C C closes the door with his left; #C C talks to man X"
    },
    {
        "Video Name": "151d72dc-4f93-4058-859f-3bee803212f3",
        "Start Frame": 3600,
        "End Frame": 3720,
        "Caption": "#C C dips the paint brush in the paint can with his right hand.; #C C removes extra paint from the brush; #C C wipes the paintbrush on the cup with his right hand.; #C C wipes the paintbrush on the cup of paint with his right hand; #C C dips the paintbrush in the paint can with his right hand."
    },
    {
        "Video Name": "151d72dc-4f93-4058-859f-3bee803212f3",
        "Start Frame": 3720,
        "End Frame": 3840,
        "Caption": "#C C paints the gate with the paintbrush in his right hand.; #C C paints the wire mesh fence; #C C paints the iron mesh cage with the paintbrush in his right hand; #C C paints the metal structure with the paint brush; #C C paints the iron mesh fence"
    },
    {
        "Video Name": "151d72dc-4f93-4058-859f-3bee803212f3",
        "Start Frame": 3840,
        "End Frame": 3960,
        "Caption": "#C C stares at the ground; #O A man B interacts with a man A.; #C C talks to person P; #O A man Y paints the iron bars with a; #O Man X holds the metal"
    },
    {
        "Video Name": "151d72dc-4f93-4058-859f-3bee803212f3",
        "Start Frame": 3960,
        "End Frame": 4080,
        "Caption": "#O A person B   applies paint on the wall; #O a man X pulls out the wire mesh; #C C paints the metal rail; #C C paints the gate; #O A man X applies the mortar on the brick"
    },
    {
        "Video Name": "151d72dc-4f93-4058-859f-3bee803212f3",
        "Start Frame": 4080,
        "End Frame": 4200,
        "Caption": "#C C paints the metal rail; #C C paints the metal ; #O A person X smoothens the cage with a sand; #C C looks at the wire mesh fence; #O a man X paints the cage"
    },
    {
        "Video Name": "151d72dc-4f93-4058-859f-3bee803212f3",
        "Start Frame": 4200,
        "End Frame": 4320,
        "Caption": "#C C paints the metal.; #C C paints the cage with the paint; #C C paints the gate; #O A man X holds a phone; #O A man X stands on the compound"
    },
    {
        "Video Name": "151d72dc-4f93-4058-859f-3bee803212f3",
        "Start Frame": 4320,
        "End Frame": 4440,
        "Caption": "#O A man Y holds a gate; #C C paints the metal.; #C C paints a metal; #O A man X removes the wire mesh from the; #C C paints the door"
    },
    {
        "Video Name": "151d72dc-4f93-4058-859f-3bee803212f3",
        "Start Frame": 4440,
        "End Frame": 4560,
        "Caption": "#C C paints a wall; #C C paints the metal.; #O A man X paints the cage with the paint brush; #O A man X paints the wall ; #O A person X puts the sand on the ground"
    },
    {
        "Video Name": "151d72dc-4f93-4058-859f-3bee803212f3",
        "Start Frame": 4560,
        "End Frame": 4680,
        "Caption": "#C C paints the doorpost with a paint brush; #O The man B scrapes the cage with the hand trowel in his right hand.; #C C paints the fence; #C C paints the metal.; #C C paints the iron rod with the paint brush"
    },
    {
        "Video Name": "151d72dc-4f93-4058-859f-3bee803212f3",
        "Start Frame": 4680,
        "End Frame": 4800,
        "Caption": "#C C paints the gate; #C C paints the gate; #C C paints the cage with the paint brush; #C C paints a gate; #C C paints the iron cage with the paintbrush in his right hand"
    },
    {
        "Video Name": "151d72dc-4f93-4058-859f-3bee803212f3",
        "Start Frame": 4800,
        "End Frame": 4920,
        "Caption": "#C C paints the metal rail; #C C paints the mesh gate with the paint brush in his right hand; #C C paints the iron cage with the paintbrush in his right hand; #C C paints the cage with the paint brush.; #C C paints the wire mesh fence"
    },
    {
        "Video Name": "151d72dc-4f93-4058-859f-3bee803212f3",
        "Start Frame": 4920,
        "End Frame": 5040,
        "Caption": "#C C paints the iron bars with the paint brush in his right hand; #C C paints the wire mesh fence; #C C paints the iron store with the paintbrush in his right hand; #C C paints the cage; #C C paints the wire mesh fence"
    },
    {
        "Video Name": "151d72dc-4f93-4058-859f-3bee803212f3",
        "Start Frame": 5040,
        "End Frame": 5160,
        "Caption": "#C C paints a metal structure with a paintbrush; #C C paints the metal cage with the paintbrush in his right hand.; #O A man X pulls a wire mesh; #C C paints the metal fence with the paint brush.; #O The man A pours the sand in the hoe in his hands on the ground"
    },
    {
        "Video Name": "151d72dc-4f93-4058-859f-3bee803212f3",
        "Start Frame": 5160,
        "End Frame": 5280,
        "Caption": "#O man T picks a paint can; #C C converses with man Q; #C C paints the iron cage with the paintbrush in his right hand; #O man Q converses with C; #C C looks around"
    },
    {
        "Video Name": "151d72dc-4f93-4058-859f-3bee803212f3",
        "Start Frame": 5280,
        "End Frame": 5400,
        "Caption": "#C C looks around; #O A man X paints the wall; #C C paints the iron cage with the paintbrush in his right hand; #C C paints the wall with the paint brush; #O The man B picks a can from the floor with his left hand"
    }
]