[
    {
        "Video Name": "151f8eb2-b598-4715-8eea-9785a9a4b7c8",
        "Start Frame": 0,
        "End Frame": 120,
        "Caption": "#C C rolls the cotton wool on her fingers; #C C rolls the cotton wool on her fingers; #C C rolls the cotton wool on her fingers; #C C rolls the cotton wool on her fingers; #C C rolls the cotton wool on her fingers"
    },
    {
        "Video Name": "151f8eb2-b598-4715-8eea-9785a9a4b7c8",
        "Start Frame": 120,
        "End Frame": 240,
        "Caption": "#C C puts cotton on the lap; #C C puts the cotton in the lap; #C C puts the cotton in the lap; #C C drops the cotton wool on her lap; #C C puts the cotton string on the material"
    },
    {
        "Video Name": "151f8eb2-b598-4715-8eea-9785a9a4b7c8",
        "Start Frame": 240,
        "End Frame": 360,
        "Caption": "#C C rolls the cotton wool on her fingers; #C C folds the cotton wool with her finger; #C C pulls the cotton wool; #C C pulls the cotton wool; #C C folds the cotton wool on her fingers"
    },
    {
        "Video Name": "151f8eb2-b598-4715-8eea-9785a9a4b7c8",
        "Start Frame": 360,
        "End Frame": 480,
        "Caption": "#C C twists the cotton strand with her right hand; #C C folds the cotton wool on her fingers; #C C rolls the cotton strand with her right hand; #C C folds the wool together.; #C C folds the cotton strand with her right hand"
    },
    {
        "Video Name": "151f8eb2-b598-4715-8eea-9785a9a4b7c8",
        "Start Frame": 480,
        "End Frame": 600,
        "Caption": "#C C rolls the wool on the cloth with her right hand.; #C C cuts the wool.; #C C picks up the cotton strand with her right hand.; #C C picks the cotton strand with her right hand.; #C C drops the cotton strand on the cloth with her right hand"
    },
    {
        "Video Name": "151f8eb2-b598-4715-8eea-9785a9a4b7c8",
        "Start Frame": 600,
        "End Frame": 720,
        "Caption": "#C C rolls the cotton wool on her fingers ; #C C rolls the cotton wool on her fingers.; #C C rolls the cotton wool on her fingers ; #C C rolls the cotton wool on her fingers ; #C C twists the cotton wool on her fingers "
    },
    {
        "Video Name": "151f8eb2-b598-4715-8eea-9785a9a4b7c8",
        "Start Frame": 720,
        "End Frame": 840,
        "Caption": "#C C drops the cut-out wool on the yellow cloth on her laps.; #C C puts the cotton down; #C C places the cut-out wool on the yellow cloth with her right hand; #C C drops the cotton strand on the cloth with her right hand.; #C C drops the cotton strand on the cloth with her right hand."
    },
    {
        "Video Name": "151f8eb2-b598-4715-8eea-9785a9a4b7c8",
        "Start Frame": 840,
        "End Frame": 960,
        "Caption": "#C C makes thread; #C C makes thread; #C C pulls the cotton wool; #C C rolls the cotton wool on her fingers; #C C stretches thread "
    },
    {
        "Video Name": "151f8eb2-b598-4715-8eea-9785a9a4b7c8",
        "Start Frame": 960,
        "End Frame": 1080,
        "Caption": "#C C folds the cotton strand with both hands.; #C C rolls the cotton strand on her right hand; #C C rolls the cotton strand with her right hand; #C C stretches the cotton strand with both hands.; #C C folds the cotton strand with her right hand"
    },
    {
        "Video Name": "151f8eb2-b598-4715-8eea-9785a9a4b7c8",
        "Start Frame": 1080,
        "End Frame": 1200,
        "Caption": "#C C pulls the cotton wool; #C C folds the cotton strand with her right hand; #C C holds the cotton strand with her left hand; #C C folds the wool together with her right hand; #C C stretches thread "
    },
    {
        "Video Name": "151f8eb2-b598-4715-8eea-9785a9a4b7c8",
        "Start Frame": 1200,
        "End Frame": 1320,
        "Caption": "#C C puts threads aside; #C C places the threads on the other threads; #C C places thread aside; #C C puts thread aside; #C C drops the cotton strand on the cloth with her left hand"
    },
    {
        "Video Name": "151f8eb2-b598-4715-8eea-9785a9a4b7c8",
        "Start Frame": 1320,
        "End Frame": 1440,
        "Caption": "#C C picks up some wool from the yellow cloth; #C C takes a thread; #C C takes some wool from the yellow cloth.; #C C drops the wool on the yellow cloth.; #C C puts threads aside"
    },
    {
        "Video Name": "151f8eb2-b598-4715-8eea-9785a9a4b7c8",
        "Start Frame": 1440,
        "End Frame": 1560,
        "Caption": "#C C rolls the wool with her hands.; #C C scoops cotton; #C C rolls the wool together.; #C C rolls the cotton wool on her fingers ; #C C cuts a piece of wool from the bundle of wool with her right hand"
    },
    {
        "Video Name": "151f8eb2-b598-4715-8eea-9785a9a4b7c8",
        "Start Frame": 1560,
        "End Frame": 1680,
        "Caption": "#C C rolls the wool.; #C C folds the wool together with both hands; #C C rolls the wool together with both hands; #C C folds the cotton; #C C folds the wool together with both hands"
    },
    {
        "Video Name": "151f8eb2-b598-4715-8eea-9785a9a4b7c8",
        "Start Frame": 1680,
        "End Frame": 1800,
        "Caption": "#C C folds the cotton strand with her right hand; #C C twists the wool together with her right hand; #C C rolls the cotton strands with her right hand; #C C stretches thread; #C C folds the wool together with both hands."
    },
    {
        "Video Name": "151f8eb2-b598-4715-8eea-9785a9a4b7c8",
        "Start Frame": 1800,
        "End Frame": 1920,
        "Caption": "#C C rolls the cotton wool on her fingers; #C C folds the wool together with both hands; #C C rolls the cotton wool with her fingers; #C C folds the wool together with both hands; #C C rolls the wool."
    },
    {
        "Video Name": "151f8eb2-b598-4715-8eea-9785a9a4b7c8",
        "Start Frame": 1920,
        "End Frame": 2040,
        "Caption": "#C C puts the piece of cotton wool in the basket; #C C puts the cotton in the basket.; #C C puts a cotton wool on a tray; #C C puts the cotton in the basket; #C C puts the wool in the basket."
    },
    {
        "Video Name": "151f8eb2-b598-4715-8eea-9785a9a4b7c8",
        "Start Frame": 2040,
        "End Frame": 2160,
        "Caption": "#C C picks a cotton wool on the tray; #C C drops the cotton wool on the tray; #C C picks up the cotton wool from her lap with her right hand; #C C puts down the cotton wool; #C C puts a cotton wool in the container"
    },
    {
        "Video Name": "151f8eb2-b598-4715-8eea-9785a9a4b7c8",
        "Start Frame": 2160,
        "End Frame": 2280,
        "Caption": "#C C holds the cotton wool with her left hand; #C C takes a cotton wool from the basket.; #C C drops the wool on her lap.; #C C drops the wool on her lap.; #C C puts down the cotton wool "
    },
    {
        "Video Name": "151f8eb2-b598-4715-8eea-9785a9a4b7c8",
        "Start Frame": 2280,
        "End Frame": 2400,
        "Caption": "#C C rolls the wool on the cloth with both hands.; #C C rolls the wools together with both hands.; #C C picks cotton wool from the material; #C C cuts a piece of wool from the bunch of wool on her laps with her right hand; #C C holds the wools together with both hands."
    },
    {
        "Video Name": "151f8eb2-b598-4715-8eea-9785a9a4b7c8",
        "Start Frame": 2400,
        "End Frame": 2520,
        "Caption": "#C C rolls the wools with both hands; #C C rolls the wool with both hands.; #C C rolls the wools with both hands; #C C rolls the wool with both hands.; #C C rolls the cotton with both hands."
    },
    {
        "Video Name": "151f8eb2-b598-4715-8eea-9785a9a4b7c8",
        "Start Frame": 2520,
        "End Frame": 2640,
        "Caption": "#C C picks cotton from the ball of cotton on her legs with her right hand.; #C C picks a wools from the piece of cloth ; #C C picks the cotton; #C C picks cotton wool from the ball of cotton wool on her legs with her right hand; #C C picks cotton  wool from the material"
    },
    {
        "Video Name": "151f8eb2-b598-4715-8eea-9785a9a4b7c8",
        "Start Frame": 2640,
        "End Frame": 2760,
        "Caption": "#C C aligns cotton wool; #C C folds the cotton wool in her hands.; #C C rolls the wools together with both hands.; #C C folds the pieces of wool together with both hands; #C C rolls the cotton wool with both hands."
    },
    {
        "Video Name": "151f8eb2-b598-4715-8eea-9785a9a4b7c8",
        "Start Frame": 2760,
        "End Frame": 2880,
        "Caption": "#C C picks the cotton; #C C places cotton on cotton; #C C picks cotton wool from the ball of cotton wool on her legs with her right hand; #C C places cotton on cotton; #C C drops the wool in her left hand on the cloth on her legs"
    },
    {
        "Video Name": "151f8eb2-b598-4715-8eea-9785a9a4b7c8",
        "Start Frame": 2880,
        "End Frame": 3000,
        "Caption": "#C C drops the wool on the cloth on her legs with her left hand; #C C places cotton on other hand; #C C rolls the wools together with both hands.; #C C places cotton on the other hand; #C C holds cotton wool with both hands"
    },
    {
        "Video Name": "151f8eb2-b598-4715-8eea-9785a9a4b7c8",
        "Start Frame": 3000,
        "End Frame": 3120,
        "Caption": "#C C rolls the cotton wool into shape.; #C C holds the cotton wool with both hands.; #C C rolls the cotton wool on her right hand with her left hand; #C C rolls the cotton  wool in her hands.; #C C rolls the cotton wool into shape with both hands."
    },
    {
        "Video Name": "151f8eb2-b598-4715-8eea-9785a9a4b7c8",
        "Start Frame": 3120,
        "End Frame": 3240,
        "Caption": "#C C picks cotton; #C C cuts a piece of wool from the bunch of wool on her legs with her right hand; #C C drops the wool on the cloth on her legs with her left hand.; #C C drops cotton on the material; #C C puts wool on a tray"
    },
    {
        "Video Name": "151f8eb2-b598-4715-8eea-9785a9a4b7c8",
        "Start Frame": 3240,
        "End Frame": 3360,
        "Caption": "#C C rolls the cotton wool with both hands.; #C C rolls the cotton with her hands.; #C C rolls the cotton wool into cotton wool with both hands; #C C rolls the wools together with both hands.; #C C rolls the wool with both hands."
    },
    {
        "Video Name": "151f8eb2-b598-4715-8eea-9785a9a4b7c8",
        "Start Frame": 3360,
        "End Frame": 3480,
        "Caption": "#C C rolls the wools together with both hands.; #C C rolls cotton wool in hands; #C C cuts a piece of wool from the bunch of wool on her legs with her right hand; #C C shapes the cotton wool with both hands.; #C C rolls the wools together with both hands."
    },
    {
        "Video Name": "151f8eb2-b598-4715-8eea-9785a9a4b7c8",
        "Start Frame": 3480,
        "End Frame": 3600,
        "Caption": "#C C places cotton on cotton; #C C holds cotton; #C C places cotton on cotton; #C C cuts a piece of wool from the bunch of wool on her legs with her right hand; #C C cuts a piece of wool from the bunch of wool on her legs with her right hand"
    },
    {
        "Video Name": "151f8eb2-b598-4715-8eea-9785a9a4b7c8",
        "Start Frame": 3600,
        "End Frame": 3720,
        "Caption": "#C C rolls the cotton wool on the cloth with her hands; #C C places cotton on other hand; #C C folds the wool together with both hands.; #C C drops cotton on the thigh; #C C places cotton on other hand"
    },
    {
        "Video Name": "151f8eb2-b598-4715-8eea-9785a9a4b7c8",
        "Start Frame": 3720,
        "End Frame": 3840,
        "Caption": "#C C pinches cotton from the; #C C places cotton on cotton; #C C picks cotton; #C C picks cotton ; #C C picks cotton "
    },
    {
        "Video Name": "151f8eb2-b598-4715-8eea-9785a9a4b7c8",
        "Start Frame": 3840,
        "End Frame": 3960,
        "Caption": "#C C folds the wools with both hands.; #C C rolls the wool.; #C C aligns cotton with both hands; #C C rolls the wool together with both hands.; #C C rolls the wools together with both hands"
    },
    {
        "Video Name": "151f8eb2-b598-4715-8eea-9785a9a4b7c8",
        "Start Frame": 3960,
        "End Frame": 4080,
        "Caption": "#C C pinches cotton from the cotton; #C C puts the cotton on the laps; #C C cuts a piece of wool from the bunch of wool on her legs with her right hand; #C C cuts a piece of wool from the bunch of wool on her legs with her right hand; #C C cuts a piece of wool from the bunch of wool on her legs."
    },
    {
        "Video Name": "151f8eb2-b598-4715-8eea-9785a9a4b7c8",
        "Start Frame": 4080,
        "End Frame": 4200,
        "Caption": "#C C rolls the wools with both hands.; #C C rolls the wool with both hands.; #C C rolls the wools together with both hands; #C C rolls the wool; #C C aligns cotton with both hands"
    },
    {
        "Video Name": "151f8eb2-b598-4715-8eea-9785a9a4b7c8",
        "Start Frame": 4200,
        "End Frame": 4320,
        "Caption": "#C C holds the pieces of cotton with her hands; #C C drops cotton on the material; #C C drops cotton on the material; #C C holds cotton wool; #C C holds the cotton wool with both hands."
    },
    {
        "Video Name": "151f8eb2-b598-4715-8eea-9785a9a4b7c8",
        "Start Frame": 4320,
        "End Frame": 4440,
        "Caption": "#C C picks the cotton; #C C drops the wool on the cloth on her legs with her left hand; #C C places cotton on other hand; #C C drops cotton wool on the material; #C C puts the cotton on the thigh"
    },
    {
        "Video Name": "151f8eb2-b598-4715-8eea-9785a9a4b7c8",
        "Start Frame": 4440,
        "End Frame": 4560,
        "Caption": "#C C rolls the wools together with both hands.; #C C aligns cotton with both hands; #C C rolls the wools together with both hands.; #C C rolls the wools together with both hands.; #C C holds the pieces of wool together with both hands"
    },
    {
        "Video Name": "151f8eb2-b598-4715-8eea-9785a9a4b7c8",
        "Start Frame": 4560,
        "End Frame": 4680,
        "Caption": "#C C rolls the cotton wool into shape with both hands; #C C rolls the cotton with both hands.; #C C rolls the cotton wool with both hands.; #C C rolls cotton  wool with both hands; #C C rolls the wool with both hands."
    },
    {
        "Video Name": "151f8eb2-b598-4715-8eea-9785a9a4b7c8",
        "Start Frame": 4680,
        "End Frame": 4800,
        "Caption": "#C C pinches cotton from the cotton; #C C cuts cotton with hands; #C C cuts a piece of wool from the bunch of wool on her legs with her right hand; #C C cuts cotton; #C C picks cotton "
    },
    {
        "Video Name": "151f8eb2-b598-4715-8eea-9785a9a4b7c8",
        "Start Frame": 4800,
        "End Frame": 4920,
        "Caption": "#C C rolls the wools with both hands.; #C C places cotton on other hand; #C C rolls the wools together with both hands.; #C C rolls the cotton wool into shape with both hands; #C C rolls cotton with both hands"
    },
    {
        "Video Name": "151f8eb2-b598-4715-8eea-9785a9a4b7c8",
        "Start Frame": 4920,
        "End Frame": 5040,
        "Caption": "#C C cuts cotton with hands; #C C cuts the pieces of wool.; #C C pinches cotton from the cotton; #C C cuts cotton wool from the cotton wool in her left hand with her right hand; #C C holds the bunch of wool on the cloth on her legs with her left hand"
    },
    {
        "Video Name": "151f8eb2-b598-4715-8eea-9785a9a4b7c8",
        "Start Frame": 5040,
        "End Frame": 5160,
        "Caption": "#C C rolls cotton with both hands; #C C folds the wool on the cloth on her legs with both hands; #C C folds the cotton wool in her hands.; #C C rolls the wool; #C C aligns cotton with both hands"
    },
    {
        "Video Name": "151f8eb2-b598-4715-8eea-9785a9a4b7c8",
        "Start Frame": 5160,
        "End Frame": 5280,
        "Caption": "#C C places cotton on other hand; #C C places cotton on other hand; #C C folds cotton wool in hands; #C C rolls the cotton wool with both hands; #C C  aligns cotton wool with both"
    },
    {
        "Video Name": "151f8eb2-b598-4715-8eea-9785a9a4b7c8",
        "Start Frame": 5280,
        "End Frame": 5400,
        "Caption": "#C C rolls the wools together with both hands.; #C C rolls the wool on the cloth with both hands; #C C places cotton on cotton; #C C rolls the wools together with both hands.; #C C folds the wools together with both hands."
    }
]