[
    {
        "Video Name": "15260e69-b4de-4579-b389-ca88cdc67947",
        "Start Frame": 0,
        "End Frame": 120,
        "Caption": "#C C drops the sanding pad; #C C holds the sanding pad with both hands; #C C passes the sanding disc to his left hand; #C C wipes the table top with his hand; #C C cleans the sanding pad with his right hand"
    },
    {
        "Video Name": "15260e69-b4de-4579-b389-ca88cdc67947",
        "Start Frame": 120,
        "End Frame": 240,
        "Caption": "#C C cleans the bottom of the round wood with the piece of cloth in his right hand.; #C C cleans the second sandpaper with the rag.; #C C wipes the hose of the spray gun with the wipe in his right hand.; #C C cleans the body of the table lamp with the foam.; #C C cleans the part of the body of the table lamp with the foam in his right hand"
    },
    {
        "Video Name": "15260e69-b4de-4579-b389-ca88cdc67947",
        "Start Frame": 240,
        "End Frame": 360,
        "Caption": "#C C cleans the second wood with the foam.; #C C wipes the part of the vinyl cover; #C C cleans the bottom of the table lamp with the foam.; #C C wipes the table coaster with the foam in his right hand.; #C C wipes the cylindrical object with the foam in his right"
    },
    {
        "Video Name": "15260e69-b4de-4579-b389-ca88cdc67947",
        "Start Frame": 360,
        "End Frame": 480,
        "Caption": "#C C cleans the wood in his left hand with the sandpaper in his right hand.; #C C smoothens the sandpaper in his right hand with the sandpaper in his left hand; #C C wipes the sandpaper with the sponge; #C C cleans the second sanding disc with the second piece of cloth in his right hand.; #C C rubs the sandpaper on the second sandpaper in his right hand."
    },
    {
        "Video Name": "15260e69-b4de-4579-b389-ca88cdc67947",
        "Start Frame": 480,
        "End Frame": 600,
        "Caption": "#C C cleans the cover of the wood polish with the handkerchief in his right hand; #C C cleans the cover of the gallon with the cloth.; #C C passes the cloth to his right hand.; #C C drops the rag in his right hand on the floor.; #C C cleans the container with the cloth in his right hand."
    },
    {
        "Video Name": "15260e69-b4de-4579-b389-ca88cdc67947",
        "Start Frame": 600,
        "End Frame": 720,
        "Caption": "#C C wipes the second sandpaper with the second piece of cloth in his right hand; #C C cleans the second sandpaper with the third sandpaper.; #C C cleans the third sandpaper with the second sandpaper.; #C C holds the second sandpaper with his left hand.; #C C places the sandpaper on the white box with his right hand."
    },
    {
        "Video Name": "15260e69-b4de-4579-b389-ca88cdc67947",
        "Start Frame": 720,
        "End Frame": 840,
        "Caption": "#C C cleans the sandpaper in his right hand with the handkerchief in his left hand; #C C wipes the sand paper on the table; #C C wipes the sandpaper; #C C wipes the sandpaper; #C C cleans the table leg"
    },
    {
        "Video Name": "15260e69-b4de-4579-b389-ca88cdc67947",
        "Start Frame": 840,
        "End Frame": 960,
        "Caption": "#C C smoothens the second sanding disc with the sandpaper in his right hand.; #C C wipes the sandpaper in his right hand on the sandpaper in his left hand.; #C C wipes the table top; #C C sands the side of the second sanding disc with the sandpaper in his right hand; #C C sands the sanding disc"
    },
    {
        "Video Name": "15260e69-b4de-4579-b389-ca88cdc67947",
        "Start Frame": 960,
        "End Frame": 1080,
        "Caption": "#C C wipes the sand paper; #C C wipes the sandpaper on the table; #C C places the sandpaper in his left hand on the work bench.; #C C cleans the table leg; #C C drops the sandpaper on the carton on the floor with his right hand"
    },
    {
        "Video Name": "15260e69-b4de-4579-b389-ca88cdc67947",
        "Start Frame": 1080,
        "End Frame": 1200,
        "Caption": "#C C examines the second woodwork in both hands.; #C C holds the second sanding disc with both hands; #C C examines the second sandpaper with both hands.; #C C holds the sandpaper with both hands.; #C C holds the sandpaper with both hands"
    },
    {
        "Video Name": "15260e69-b4de-4579-b389-ca88cdc67947",
        "Start Frame": 1200,
        "End Frame": 1320,
        "Caption": "#C C holds the fixture with both hands; #C C holds the metal stand; #C C holds the hand held polisher with both hands; #C C holds a sander; #C C holds the hand held polishing pad with both"
    },
    {
        "Video Name": "15260e69-b4de-4579-b389-ca88cdc67947",
        "Start Frame": 1320,
        "End Frame": 1440,
        "Caption": "#C C holds the sculpture with both hands ; #C C holds the sculpture with his left hand; #C C examines the vase; #C C holds the vase top with both; #C C holds the sculpture with both hands"
    },
    {
        "Video Name": "15260e69-b4de-4579-b389-ca88cdc67947",
        "Start Frame": 1440,
        "End Frame": 1560,
        "Caption": "#C C takes the napkin from the man X with his right hand; #C C picks up the cloth; #C C passes the scraper from his left hand to his right hand; #C C picks the cloth; #C C passes the hand towel from his right hand to his left hand"
    },
    {
        "Video Name": "15260e69-b4de-4579-b389-ca88cdc67947",
        "Start Frame": 1560,
        "End Frame": 1680,
        "Caption": "#C C puts the metal in the hole on the; #C C touches the hole on the plastic; #C C holds the hole saw on the metal box; #C C removes the metal from the hole; #C C rubs the container with his left hand"
    },
    {
        "Video Name": "15260e69-b4de-4579-b389-ca88cdc67947",
        "Start Frame": 1680,
        "End Frame": 1800,
        "Caption": "#C C removes sticker on the box; #C C cleans the side mirror housing; #C C scraps the hole on the vase with the sandpaper in his right hand; #C C wipes the hole on the vase with his finger.; #C C cleans the inside of the box with his left hand"
    },
    {
        "Video Name": "15260e69-b4de-4579-b389-ca88cdc67947",
        "Start Frame": 1800,
        "End Frame": 1920,
        "Caption": "#C C touches the sandpaper; #C C touches the mold with his right index finger; #C C cleans the top of the box with his right index; #C C scrubs the wood; #C C touches the sandpaper with his finger"
    },
    {
        "Video Name": "15260e69-b4de-4579-b389-ca88cdc67947",
        "Start Frame": 1920,
        "End Frame": 2040,
        "Caption": "#C C cleans the inside of the sand paper with his left hand; #C C cleans the sandpaper on the enclosure with his left hand; #C C cleans the sand paper on the hole; #C C wipes the sandpaper with his hand ; #C C wipes the sandpaper with his hand "
    },
    {
        "Video Name": "15260e69-b4de-4579-b389-ca88cdc67947",
        "Start Frame": 2040,
        "End Frame": 2160,
        "Caption": "#C C wipes the sanding disc on the top of the box with the sponge in his right; #C C holds sandpaper; #C C files the box; #C C cleans the white box with the wood cleaner in his right hand; #C C scraps the box with the sander machine"
    },
    {
        "Video Name": "15260e69-b4de-4579-b389-ca88cdc67947",
        "Start Frame": 2160,
        "End Frame": 2280,
        "Caption": "#C C removes the sandpaper from the sanding disc with his right hand.; #C C applies the glue on the sandpaper ; #C C sands the wooden piece with the sanding disc in his right hand.; #C C sandpapers the object with the sandpaper; #C C polishes the sandpaper onto the wood in his right hand with his left hand"
    },
    {
        "Video Name": "15260e69-b4de-4579-b389-ca88cdc67947",
        "Start Frame": 2280,
        "End Frame": 2400,
        "Caption": "#C C removes the dirt from the sandpaper.; #C C adjusts the sandpaper on the wood; #C C blows the sand paper on the sand disc.; #C C sands the third wood into the second wood with his left hand.; #C C scrapes the inside of the second wood with the chisel in his right hand"
    },
    {
        "Video Name": "15260e69-b4de-4579-b389-ca88cdc67947",
        "Start Frame": 2400,
        "End Frame": 2520,
        "Caption": "#C C holds the box; #C C puts the wood carving on the table; #C C touches the bird figurine with his right thumb.; #C C removes paint from the top of the bird figurine with the scraper in his right hand; #C C scrapes the top of the second sculpture with the scraper in his right hand."
    },
    {
        "Video Name": "15260e69-b4de-4579-b389-ca88cdc67947",
        "Start Frame": 2520,
        "End Frame": 2640,
        "Caption": "#C C drops the napkin on a nylon on the floor with his right hand; #C C holds the rag with his left hand; #C C picks up the cloth from the workbench with his right hand; #C C drops the napkin on a carton on the floor with his right; #C C picks the rag from the work bench with his right hand."
    },
    {
        "Video Name": "15260e69-b4de-4579-b389-ca88cdc67947",
        "Start Frame": 2640,
        "End Frame": 2760,
        "Caption": "#C C cleans the surface of the wood piece with the rag in his right hand.; #C C wipes the  nozzle of the spray gun with the napkin in his right hand; #C C wipes the bird poop on the napkin with his right hand.; #C C wipes the can of polish with the cloth; #C C holds the napkin with his right hand."
    },
    {
        "Video Name": "15260e69-b4de-4579-b389-ca88cdc67947",
        "Start Frame": 2760,
        "End Frame": 2880,
        "Caption": "#C C folds the nylon.; #C C removes dirt from the paint sprayer ; #C C cleans the second sandpaper with the napkin in his right hand; #C C removes the fabric of the spray gun from the nylon; #C C holds the napkin with his left hand."
    },
    {
        "Video Name": "15260e69-b4de-4579-b389-ca88cdc67947",
        "Start Frame": 2880,
        "End Frame": 3000,
        "Caption": "#C C removes the paint from the wood; #C C paints the object in his left hand with the paintbrush in his right; #C C paints the object in his left hand with the paintbrush in his right; #C C picks the brush from the can of paint ; #C C paints the object in his left hand with the paintbrush in his right"
    },
    {
        "Video Name": "15260e69-b4de-4579-b389-ca88cdc67947",
        "Start Frame": 3000,
        "End Frame": 3120,
        "Caption": "#C C turns the hand saw; #C C blows the hole with the nozzle ; #C C blows off the object; #C C rubs the handle with his right hand; #C C stares at the sandpaper"
    },
    {
        "Video Name": "15260e69-b4de-4579-b389-ca88cdc67947",
        "Start Frame": 3120,
        "End Frame": 3240,
        "Caption": "#C C applies the glue on the table leg; #C C scrubs the table; #C C cleans the circular plastic in his left hand with his right; #C C removes dirt from the wood; #C C removes the wood shavings from the metal file "
    },
    {
        "Video Name": "15260e69-b4de-4579-b389-ca88cdc67947",
        "Start Frame": 3240,
        "End Frame": 3360,
        "Caption": "#C C stares at the tin can; #C C applies the glue on the table; #C C turns the sponge; #C C wipes the paint from the paint spray; #C C holds the container with his left hand"
    },
    {
        "Video Name": "15260e69-b4de-4579-b389-ca88cdc67947",
        "Start Frame": 3360,
        "End Frame": 3480,
        "Caption": "#C C turns the sculpture ; #C C looks at the sculpture ; #C C adjusts the object in his left hand; #C C removes the object from the bird figurine with his left hand; #C C holds the bird figurine with his left hand."
    },
    {
        "Video Name": "15260e69-b4de-4579-b389-ca88cdc67947",
        "Start Frame": 3480,
        "End Frame": 3600,
        "Caption": "#C C holds sandpaper; #C C picks the sandpaper from the; #C C picks the sandpaper from the; #C C picks a sandpaper; #C C picks up the sandpaper"
    },
    {
        "Video Name": "15260e69-b4de-4579-b389-ca88cdc67947",
        "Start Frame": 3600,
        "End Frame": 3720,
        "Caption": "#C C holds the sandpaper with his left hand; #C C picks the wood from the carton with his right hand; #C C paints the sandpaper with the paintbrush in his right hand; #C C scrapes the second sandpaper on the wood with the wood in his left hand.; #C C scraps off wood shavings from the wood with the scraper in his right hand"
    },
    {
        "Video Name": "15260e69-b4de-4579-b389-ca88cdc67947",
        "Start Frame": 3720,
        "End Frame": 3840,
        "Caption": "#C C wipes the wood; #C C polishes the sanding; #C C sands the sanding block; #C C applies the paint on the; #C C moves sandpaper on the"
    },
    {
        "Video Name": "15260e69-b4de-4579-b389-ca88cdc67947",
        "Start Frame": 3840,
        "End Frame": 3960,
        "Caption": "#C C paints the the object with the brush; #C C applies the wood finish on the wood with the wood finish brush in his right hand; #C C turns the wood; #C C paints the sandpaper in his left hand on the work bench.; #C C paints the sculpture "
    },
    {
        "Video Name": "15260e69-b4de-4579-b389-ca88cdc67947",
        "Start Frame": 3960,
        "End Frame": 4080,
        "Caption": "#C C holds the hand held  paint container; #C C cleans the paint on the wooden furniture with the sponge in his right hand; #C C turns the sand paper; #C C turns the sculpture ; #C C rubs the wood"
    },
    {
        "Video Name": "15260e69-b4de-4579-b389-ca88cdc67947",
        "Start Frame": 4080,
        "End Frame": 4200,
        "Caption": "#C C paints the object in his left hand with the paintbrush in his right hand; #C C glues the piece of wood to the table; #C C adjusts the sandpaper on the wood; #C C applies the thinner on the wood with the spray gun in his right hand; #C C paints the wood on the table stand with the wood lubricant in his right hand"
    },
    {
        "Video Name": "15260e69-b4de-4579-b389-ca88cdc67947",
        "Start Frame": 4200,
        "End Frame": 4320,
        "Caption": "#C C smoothens the object in his left hand with the sandpaper in his right hand; #C C cleans the object with the sponge; #C C wipes sanding disc with sponge; #C C wipes the sander on the sponge; #C C wipes the sandpaper"
    },
    {
        "Video Name": "15260e69-b4de-4579-b389-ca88cdc67947",
        "Start Frame": 4320,
        "End Frame": 4440,
        "Caption": "#C C paints the metal handle with the paint brush in his right hand.; #C C paints the object in his left hand with the brush in his right hand; #C C paints the sandpaper with the brush in his right hand.; #C C paints the object in his left hand with the paint brush in his right hand; #C C applies the wood polish on the wood"
    },
    {
        "Video Name": "15260e69-b4de-4579-b389-ca88cdc67947",
        "Start Frame": 4440,
        "End Frame": 4560,
        "Caption": "#C C paints the dinosaur curve with the paint brush; #C C paints the stone with the paintbrush in his right hand; #C C paints the stone with the chisel; #C C paints the stone with the paint brush; #C C paints the sandpaper on the stool with the paintbrush in his right hand"
    },
    {
        "Video Name": "15260e69-b4de-4579-b389-ca88cdc67947",
        "Start Frame": 4560,
        "End Frame": 4680,
        "Caption": "#C C paints the table leg; #C C applies the turpentine on the; #C C paints the wood; #C C paints the sculpture with the paint brush; #C C paints the table"
    },
    {
        "Video Name": "15260e69-b4de-4579-b389-ca88cdc67947",
        "Start Frame": 4680,
        "End Frame": 4800,
        "Caption": "#C C paints the sculpture with the paintbrush in his right; #C C paints the stone; #C C paints the sculpture with the paint brush; #C C applies the paint on the wood; #C C paints the sculpture"
    },
    {
        "Video Name": "15260e69-b4de-4579-b389-ca88cdc67947",
        "Start Frame": 4800,
        "End Frame": 4920,
        "Caption": "#C C drops the plastic on the nylon.; #C C drops the sandpaper on the nylon with his right hand; #C C drops the sandpaper on the nylon on the floor with his left hand; #C C drops the sandpaper on the nylon on the floor.; #C C drops the sandpaper on the carton on the ground with his left"
    },
    {
        "Video Name": "15260e69-b4de-4579-b389-ca88cdc67947",
        "Start Frame": 4920,
        "End Frame": 5040,
        "Caption": "#C C picks a hand towel; #C C wipes the sandpaper; #C C wipes the sandpaper; #C C cleans the metal with the cloth in his right hand; #C C cleans the sandpaper with the cloth in his right"
    },
    {
        "Video Name": "15260e69-b4de-4579-b389-ca88cdc67947",
        "Start Frame": 5040,
        "End Frame": 5160,
        "Caption": "#C C wipes the circular saw with the handkerchief; #C C cleans the part of the sandpaper with the wipe in his right hand; #C C cleans the side of the box with the rag in his right hand.; #C C wipes the second piece of wood with the wipe in his right hand.; #C C wipes the sandpaper with the white cloth"
    },
    {
        "Video Name": "15260e69-b4de-4579-b389-ca88cdc67947",
        "Start Frame": 5160,
        "End Frame": 5280,
        "Caption": "#C C picks up the sanding disk from the ground with his left hand; #C C picks a sandpaper; #C C picks up a sanding disc; #C C picks up the sandpaper box; #C C puts the sanding discs on the wooden box"
    },
    {
        "Video Name": "15260e69-b4de-4579-b389-ca88cdc67947",
        "Start Frame": 5280,
        "End Frame": 5400,
        "Caption": "#C C puts the sandpaper on a bench; #C C puts the sandpaper in his right hand on the wooden; #C C puts the bird sculptures on a wood; #C C puts the wooden piece on the shelf.; #C C removes the sandpaper from the wooden furniture"
    }
]