[
    {
        "Video Name": "157be0cf-591f-4e7a-8c00-ea5cff280dbf",
        "Start Frame": 0,
        "End Frame": 120,
        "Caption": "#C C paints the wall with the roller brush.; #C C paints the wall with the roller brush; #C C paints a wall with a paint roller; #C C paints wall with the long paint roller; #C C paints the wall with the paint roller brush"
    },
    {
        "Video Name": "157be0cf-591f-4e7a-8c00-ea5cff280dbf",
        "Start Frame": 120,
        "End Frame": 240,
        "Caption": "#C C dips the paint roller in the paint; #C C dips the roller paint brush into the paint bucket; #C C dips the paint roller brush inside the paint bucket; #C C dips the roller brush into a paint bucket.; #C C dips the paint roller into the paint bucket."
    },
    {
        "Video Name": "157be0cf-591f-4e7a-8c00-ea5cff280dbf",
        "Start Frame": 240,
        "End Frame": 360,
        "Caption": "#c c paints a wall; #C C paints the wall with the paint roller; #C C paints the wall with the paint roller; #C C paints the wall with the paint roller; #C C paints a wall with a paint roller"
    },
    {
        "Video Name": "157be0cf-591f-4e7a-8c00-ea5cff280dbf",
        "Start Frame": 360,
        "End Frame": 480,
        "Caption": "#C C paints a wall with the long paint; #C C turns the roller; #C C paints the wall; #C C paints a wall with a paint roller; #C C paints wall with paint roller "
    },
    {
        "Video Name": "157be0cf-591f-4e7a-8c00-ea5cff280dbf",
        "Start Frame": 480,
        "End Frame": 600,
        "Caption": "#C C paints wall; #C C paints the wall with the paint roller; #C C paints the wall with the paint roller; #C C paints a wall with a roller paint; #C C paints the wall with the paint roller"
    },
    {
        "Video Name": "157be0cf-591f-4e7a-8c00-ea5cff280dbf",
        "Start Frame": 600,
        "End Frame": 720,
        "Caption": "#C C paints the wall with the paint roller; #C C paints the wall with a roller; #C C paints the wall; #c c paints a wall; #C C paints the wall with the roller brush"
    },
    {
        "Video Name": "157be0cf-591f-4e7a-8c00-ea5cff280dbf",
        "Start Frame": 720,
        "End Frame": 840,
        "Caption": "#C C dips the paint roller into the paint bucket.; #C C dips the paint roller brush inside the paint bucket.; #C C dips roller brush into paint; #C C dips the paint roller in the bucket of paint.; #C C dips the roller brush in the bucket of paint"
    },
    {
        "Video Name": "157be0cf-591f-4e7a-8c00-ea5cff280dbf",
        "Start Frame": 840,
        "End Frame": 960,
        "Caption": "#C C dips roller brush into paint; #C C dips the roller brush into the paint bucket on the floor with both; #C C dips the paint roller in a paint bucket on the floor.; #C C rolls the roller on the paint bucket; #C C dips the roller into the paint bucket with both hands"
    },
    {
        "Video Name": "157be0cf-591f-4e7a-8c00-ea5cff280dbf",
        "Start Frame": 960,
        "End Frame": 1080,
        "Caption": "#C C paints the wall with the paint roller in his; #C C paints the wall with the paint roller brush; #C C paints the wall with the paint roller; #C C paints the wall with the paint roller brush; #C C paints the wall with the roller brush"
    },
    {
        "Video Name": "157be0cf-591f-4e7a-8c00-ea5cff280dbf",
        "Start Frame": 1080,
        "End Frame": 1200,
        "Caption": "#C C paints the wall with the paint roller brush in both hands; #C C paints the wall with the long paint roller; #C C paints the wall with the roller brush; #C C paints the wall with the paint roller in both hands.; #C C paints the wall"
    },
    {
        "Video Name": "157be0cf-591f-4e7a-8c00-ea5cff280dbf",
        "Start Frame": 1200,
        "End Frame": 1320,
        "Caption": "#C C paints a part of the wall with the paint roller; #C C paints the wall; #C C paints the wall with the paint roller ; #C C paints the wall; #C C paints the wall with the paint roller"
    },
    {
        "Video Name": "157be0cf-591f-4e7a-8c00-ea5cff280dbf",
        "Start Frame": 1320,
        "End Frame": 1440,
        "Caption": "#C C paints the wall with the paint roller brush; #C C paints the wall with the roller; #C C paints the wall with the paint roller; #C C paints the wall with the paint roller in his right hand.; #C C paints the wall with the long paint roller in his right hand"
    },
    {
        "Video Name": "157be0cf-591f-4e7a-8c00-ea5cff280dbf",
        "Start Frame": 1440,
        "End Frame": 1560,
        "Caption": "#C C paints the wall; #C C paints the wall with the paint roller brush; #C C paints the wall with the roller brush; #C C paints the wall with the long paint roller in his; #C C paints the wall"
    },
    {
        "Video Name": "157be0cf-591f-4e7a-8c00-ea5cff280dbf",
        "Start Frame": 1560,
        "End Frame": 1680,
        "Caption": "#C C paints a wall with a paint roller; #C C paints wall with a roller brush; #C C paints the wall with the paint roller; #C C paints the wall with a paint roller; #C C paints the wall with the roller brush"
    },
    {
        "Video Name": "157be0cf-591f-4e7a-8c00-ea5cff280dbf",
        "Start Frame": 1680,
        "End Frame": 1800,
        "Caption": "#C C paints the wall with the paint roller in both; #C C paints the wall; #C C paints the wall with the paint roller ; #C C paints the wall with the paint roller brush; #C C paints the wall with the roller brush"
    },
    {
        "Video Name": "157be0cf-591f-4e7a-8c00-ea5cff280dbf",
        "Start Frame": 1800,
        "End Frame": 1920,
        "Caption": "#C C paints the wall with the paint roller; #C C paints the ceiling with a paint roller; #C C paints the wall with the paint roller; #C C paints the wall; #C C paints a wall"
    },
    {
        "Video Name": "157be0cf-591f-4e7a-8c00-ea5cff280dbf",
        "Start Frame": 1920,
        "End Frame": 2040,
        "Caption": "#C C looks around the room ; #C C paints the wall with the paint roller; #C C looks around the room; #C C stops painting ; #C C looks around"
    },
    {
        "Video Name": "157be0cf-591f-4e7a-8c00-ea5cff280dbf",
        "Start Frame": 2040,
        "End Frame": 2160,
        "Caption": "#C C walks towards the bucket; #C C holds the paint roller ; #C C picks up the paint bucket from the floor with his left; #C C holds the paint roller with his left hand; #C C picks the paint roller "
    },
    {
        "Video Name": "157be0cf-591f-4e7a-8c00-ea5cff280dbf",
        "Start Frame": 2160,
        "End Frame": 2280,
        "Caption": "#C C carries the paint bucket from the floor; #C C walks back to the kitchen with the paint bucket in his left hand; #C C holds the paint bucket with his left hand; #C C walks around the room; #C C walks towards a paint bucket."
    },
    {
        "Video Name": "157be0cf-591f-4e7a-8c00-ea5cff280dbf",
        "Start Frame": 2280,
        "End Frame": 2400,
        "Caption": "#C C puts paint roller down; #C C drops the paint roller in his left hand into the paint; #C C moves to the other side of the room; #C C drops the paint roller in a paint bucket on the floor; #C C puts the roller paint brush in the paint"
    },
    {
        "Video Name": "157be0cf-591f-4e7a-8c00-ea5cff280dbf",
        "Start Frame": 2400,
        "End Frame": 2520,
        "Caption": "#C C opens a door ; #C C adjusts the door with his left hand; #C C closes the door; #C C opens the door; #C C closes the door with his left hand"
    },
    {
        "Video Name": "157be0cf-591f-4e7a-8c00-ea5cff280dbf",
        "Start Frame": 2520,
        "End Frame": 2640,
        "Caption": "#C C moves the door; #C C closes the door with both hands; #C C opens the door; #C C holds the door with his left; #C C closes the door."
    },
    {
        "Video Name": "157be0cf-591f-4e7a-8c00-ea5cff280dbf",
        "Start Frame": 2640,
        "End Frame": 2760,
        "Caption": "#C C closes the window; #C C adjusts the window with his left; #C C opens the window; #C C touches the window ; #C C closes the window"
    },
    {
        "Video Name": "157be0cf-591f-4e7a-8c00-ea5cff280dbf",
        "Start Frame": 2760,
        "End Frame": 2880,
        "Caption": "#C C raises his hand; #C C wipes face with hand ; #C C scratches his face with his left; #C C raises his hand; #C C raises his right hand"
    },
    {
        "Video Name": "157be0cf-591f-4e7a-8c00-ea5cff280dbf",
        "Start Frame": 2880,
        "End Frame": 3000,
        "Caption": "#C C stares at the; #C C looks around the; #C C looks around the; #C C looks around the; #C C looks around the"
    },
    {
        "Video Name": "157be0cf-591f-4e7a-8c00-ea5cff280dbf",
        "Start Frame": 3000,
        "End Frame": 3120,
        "Caption": "#C C lifts his right hand; #C C walks in the room; #C C raises his left hand; #C C touches his face; #C C walks towards the door"
    },
    {
        "Video Name": "157be0cf-591f-4e7a-8c00-ea5cff280dbf",
        "Start Frame": 3120,
        "End Frame": 3240,
        "Caption": "#C C carries the bucket with his left; #C C walks towards the door; #C C walks towards the work bench.; #C C carries the aluminum platform ladder; #C C walks around the house"
    },
    {
        "Video Name": "157be0cf-591f-4e7a-8c00-ea5cff280dbf",
        "Start Frame": 3240,
        "End Frame": 3360,
        "Caption": "#C C drops the aluminum platform ladder; #C C puts the stool on the floor; #C C carries the aluminum platform ladder with his right; #C C puts the stool down; #C C picks up the stool"
    },
    {
        "Video Name": "157be0cf-591f-4e7a-8c00-ea5cff280dbf",
        "Start Frame": 3360,
        "End Frame": 3480,
        "Caption": "#C C dips the paint brush into the paint bucket.; #C C dips the paint brush into the paint bucket. ; #C C dips the paint brush in the paint can; #C C scoops up paint with the paint brush from the paint; #C C dips the paint brush into the paint bucket again"
    },
    {
        "Video Name": "157be0cf-591f-4e7a-8c00-ea5cff280dbf",
        "Start Frame": 3480,
        "End Frame": 3600,
        "Caption": "#C C paints the wall; #C  C paints the wall with the paint brush.; #C C paints the wall with the paint brush.; #C C paints the doorpost with the paint brush.; #C C paints the room wall with the paint brush in his right hand"
    },
    {
        "Video Name": "157be0cf-591f-4e7a-8c00-ea5cff280dbf",
        "Start Frame": 3600,
        "End Frame": 3720,
        "Caption": "#C C paints the wall; #C C paints the wall; #C C paints the baseboard.; #C  C paints the wall with the paint brush.; #C C paints the wall with the paint brush."
    },
    {
        "Video Name": "157be0cf-591f-4e7a-8c00-ea5cff280dbf",
        "Start Frame": 3720,
        "End Frame": 3840,
        "Caption": "#C C paints the wall with the paint brush; #C C paints the wall; #C C paints the wall with the paint brush; #C C paints the wall; #C C paints the wall"
    },
    {
        "Video Name": "157be0cf-591f-4e7a-8c00-ea5cff280dbf",
        "Start Frame": 3840,
        "End Frame": 3960,
        "Caption": "#C C dips the paint brush into the paint bucket.; #C C dips the paint brush into the paint bucket.; #C C dips the paint brush into the paint bucket.; #C C dips the paint brush in the paint bucket ; #C C dips the paint brush into the paint bucket again"
    },
    {
        "Video Name": "157be0cf-591f-4e7a-8c00-ea5cff280dbf",
        "Start Frame": 3960,
        "End Frame": 4080,
        "Caption": "#C C paints ; #C C paints the wall; #C C paints the wall; #C C paints the wall; #C C paints the wall with the brush"
    },
    {
        "Video Name": "157be0cf-591f-4e7a-8c00-ea5cff280dbf",
        "Start Frame": 4080,
        "End Frame": 4200,
        "Caption": "#C C paints the wall with the paint brush.; #C C paints the wall.; #C C paints the wall with the paint brush.; #C C paints the wall with the paint brush.; #C C paints the wall with the paint brush."
    },
    {
        "Video Name": "157be0cf-591f-4e7a-8c00-ea5cff280dbf",
        "Start Frame": 4200,
        "End Frame": 4320,
        "Caption": "#C C paints the wall with the paint brush; #C C paints the wall.; #C C paints the edge of the wall.; #C C paints the wall with the paint brush; #C C paints the wall"
    },
    {
        "Video Name": "157be0cf-591f-4e7a-8c00-ea5cff280dbf",
        "Start Frame": 4320,
        "End Frame": 4440,
        "Caption": "#C C paints the wall; #C C paints the wall; #C C paints the wall; #C C paints the wall; #C C paints the wall"
    },
    {
        "Video Name": "157be0cf-591f-4e7a-8c00-ea5cff280dbf",
        "Start Frame": 4440,
        "End Frame": 4560,
        "Caption": "#C C paints the wall; #C C paints the doorpost with the paint brush; #C C paints the wall with the paint brush ; #C C paints the wall with the paint brush; #C C paints the wall with the paint brush."
    },
    {
        "Video Name": "157be0cf-591f-4e7a-8c00-ea5cff280dbf",
        "Start Frame": 4560,
        "End Frame": 4680,
        "Caption": "#C C paints the wall; #C C paints the wall with the paint brush ; #C C paints the doorpost with the paint brush.; #C C paints the wall with the paint brush; #C C paints "
    },
    {
        "Video Name": "157be0cf-591f-4e7a-8c00-ea5cff280dbf",
        "Start Frame": 4680,
        "End Frame": 4800,
        "Caption": "#C C paints the wall; #C C paints the wall; #C C paints the wall with the paintbrush; #C C paints the wall with a paint brush; #C C paints the wall"
    },
    {
        "Video Name": "157be0cf-591f-4e7a-8c00-ea5cff280dbf",
        "Start Frame": 4800,
        "End Frame": 4920,
        "Caption": "#C C looks around; #C C paints the wall; #C C removes the paint brush from the wall.; #C C stops painting; #C C dips the paintbrush into the paint can"
    },
    {
        "Video Name": "157be0cf-591f-4e7a-8c00-ea5cff280dbf",
        "Start Frame": 4920,
        "End Frame": 5040,
        "Caption": "#C C paints the wall with the paint brush.; #C C paints the wall of the room with the paint; #C C paints the wall with the paint brush; #C C paints the wall with the paint brush.; #C C paints the wall with the paint brush."
    },
    {
        "Video Name": "157be0cf-591f-4e7a-8c00-ea5cff280dbf",
        "Start Frame": 5040,
        "End Frame": 5160,
        "Caption": "#C C paints the wall with the paint brush; #C C paints the wall with the paint brush; #C C paints the wall with the paint brush; #C C paints the wall; #C C paints the wall with the paint brush"
    },
    {
        "Video Name": "157be0cf-591f-4e7a-8c00-ea5cff280dbf",
        "Start Frame": 5160,
        "End Frame": 5280,
        "Caption": "#C C paints the wall with the paint brush; #C C paints the wall with the paint brush; #C C dips the paintbrush into the paint can; #C C removes his right hand from the paint bucket; #C C paints the wall with the paint brush"
    },
    {
        "Video Name": "157be0cf-591f-4e7a-8c00-ea5cff280dbf",
        "Start Frame": 5280,
        "End Frame": 5400,
        "Caption": "#C C paints a door with the paint brush; #C C paints the wall; #C C paints the wall with the paint brush; #C C paints a door; #C C paints the wall with the paint brush"
    }
]