[
    {
        "Video Name": "15891651-68e8-4e7c-a06c-22b1f9e7c175",
        "Start Frame": 0,
        "End Frame": 120,
        "Caption": "#C C ties the wire on the bicycle; #C C ties the bicycle holder with his hands.; #C C holds the wire; #C C holds the bicycle suspension fork with his left hand; #C C detaches the screw"
    },
    {
        "Video Name": "15891651-68e8-4e7c-a06c-22b1f9e7c175",
        "Start Frame": 120,
        "End Frame": 240,
        "Caption": "#C C pulls cable with both hands; #C C pulls the cable with his right hand; #C C walks around; #C C walks around; #C C pulls the cable"
    },
    {
        "Video Name": "15891651-68e8-4e7c-a06c-22b1f9e7c175",
        "Start Frame": 240,
        "End Frame": 360,
        "Caption": "#C C adjusts the wire cable with both hands; #C C looks around; #C C holds the bolt with his hands.; #C C removes screw from the bicycle handle; #C C Adjusts a rod on his hands"
    },
    {
        "Video Name": "15891651-68e8-4e7c-a06c-22b1f9e7c175",
        "Start Frame": 360,
        "End Frame": 480,
        "Caption": "#C C picks the bolt on the table; #C C holds the bike bolt ; #C C picks a screw; #C C takes the screw; #C C picks a screw driver"
    },
    {
        "Video Name": "15891651-68e8-4e7c-a06c-22b1f9e7c175",
        "Start Frame": 480,
        "End Frame": 600,
        "Caption": "#C C walks to a bicycle.; #C C looks around; #C C holds the wire ; #C C holds the spare part with both; #C C adjusts the wire"
    },
    {
        "Video Name": "15891651-68e8-4e7c-a06c-22b1f9e7c175",
        "Start Frame": 600,
        "End Frame": 720,
        "Caption": "#C C pulls out the wire from the bicycle ; #C C removes the clip-on wire from the bicycle ; #C C picks the wire from the bicycle with his right hand; #C C pulls the wire on the bicycle; #C C holds the cable"
    },
    {
        "Video Name": "15891651-68e8-4e7c-a06c-22b1f9e7c175",
        "Start Frame": 720,
        "End Frame": 840,
        "Caption": "#C C Adjusts a wire on a; #C C unties a wire; #C C Adjusts a nut in a; #C C touches the wire; #C C fixes the wire in the bicycle"
    },
    {
        "Video Name": "15891651-68e8-4e7c-a06c-22b1f9e7c175",
        "Start Frame": 840,
        "End Frame": 960,
        "Caption": "#C C inserts the nut on the bicycle; #C C puts the wire in the bicycle; #C C places the bolt on the bicycle; #C C holds the bicycle wire; #C C holds the bicycle "
    },
    {
        "Video Name": "15891651-68e8-4e7c-a06c-22b1f9e7c175",
        "Start Frame": 960,
        "End Frame": 1080,
        "Caption": "#C C touches the bicycle ; #C C Adjusts a wire on a bicycle; #C C Adjusts a rod on a bicycle; #C C fixes the screw on the bicycle; #C C lifts the bicycle with his left hand."
    },
    {
        "Video Name": "15891651-68e8-4e7c-a06c-22b1f9e7c175",
        "Start Frame": 1080,
        "End Frame": 1200,
        "Caption": "#C C fixes the bicycle; #C C Adjusts a wire on a; #C C adjusts the cable; #C C adjusts the wire; #C C looks around"
    },
    {
        "Video Name": "15891651-68e8-4e7c-a06c-22b1f9e7c175",
        "Start Frame": 1200,
        "End Frame": 1320,
        "Caption": "#C C takes a nut from the tool; #C C puts the nut in a container; #C C puts the bottle on the shelf; #C C picks a ring ; #C C puts the screw on the drawer"
    },
    {
        "Video Name": "15891651-68e8-4e7c-a06c-22b1f9e7c175",
        "Start Frame": 1320,
        "End Frame": 1440,
        "Caption": "#C C holds the wire; #C C puts the screw in a bicycle; #C C Adjusts a nut on a; #C C  looks at the bike; #C C pulls a wire"
    },
    {
        "Video Name": "15891651-68e8-4e7c-a06c-22b1f9e7c175",
        "Start Frame": 1440,
        "End Frame": 1560,
        "Caption": "#C C pulls the wire; #C C Adjusts a wire on a; #C C fixes the metal rod ; #C C fixes the wire on the bicycle; #C C Adjusts a rod on a"
    },
    {
        "Video Name": "15891651-68e8-4e7c-a06c-22b1f9e7c175",
        "Start Frame": 1560,
        "End Frame": 1680,
        "Caption": "#C C removes the metal from the bicycle; #C C inserts the screw in the bicycle with his right hand; #C C Adjusts a wire on a bicycle; #C C Adjusts a wire on a bicycle; #C C touches the bicycle"
    },
    {
        "Video Name": "15891651-68e8-4e7c-a06c-22b1f9e7c175",
        "Start Frame": 1680,
        "End Frame": 1800,
        "Caption": "#C C passes the wire from his left hand to his right hand.; #C C throws the wire on the floor with his right hand.; #C C moves around.; #C C pulls off the wire from the cable with his right hand.; #C C adjusts the wire with his right hand."
    },
    {
        "Video Name": "15891651-68e8-4e7c-a06c-22b1f9e7c175",
        "Start Frame": 1800,
        "End Frame": 1920,
        "Caption": "#C C picks the torch ; #C C picks a torch; #C C picks a flashlight; #C C takes the torch; #C C picks a lamp from the"
    },
    {
        "Video Name": "15891651-68e8-4e7c-a06c-22b1f9e7c175",
        "Start Frame": 1920,
        "End Frame": 2040,
        "Caption": "#C C opens the drawer with his right hand.; #C C closes the drawer with his right gloved hand; #C C closes the drawer with his right hand. ; #C C closes the drawer; #C C opens the drawer "
    },
    {
        "Video Name": "15891651-68e8-4e7c-a06c-22b1f9e7c175",
        "Start Frame": 2040,
        "End Frame": 2160,
        "Caption": "#C C  fixes a bicycle; #C C fixes the screw into the headlight on the bicycle on the bicycle repair stand with his right hand; #C C lights the bicycle with the lighter; #C C spins a wheel on the bicycle; #C C fixes the light "
    },
    {
        "Video Name": "15891651-68e8-4e7c-a06c-22b1f9e7c175",
        "Start Frame": 2160,
        "End Frame": 2280,
        "Caption": "#C C fixes the screw on the bicycle; #C C puts the bolt on the bicycle; #C C screws the bolt in the bicycle; #C C fixes the screw on the bicycle; #C C fixes the screw in the head"
    },
    {
        "Video Name": "15891651-68e8-4e7c-a06c-22b1f9e7c175",
        "Start Frame": 2280,
        "End Frame": 2400,
        "Caption": "#C C picks a screwdriver from the bicycle repair stand with his right hand; #C C fixes the metal on the bicycle; #C C touches the bicycle; #C C inserts the bolt into the bicycle with his left hand.; #C C holds a screw driver"
    },
    {
        "Video Name": "15891651-68e8-4e7c-a06c-22b1f9e7c175",
        "Start Frame": 2400,
        "End Frame": 2520,
        "Caption": "#C C opens the drawer; #C C closes the drawer ; #C C opens a drawer with his right hand; #C C closes the drawer with his right hand; #C C closes the drawer with his right hand"
    },
    {
        "Video Name": "15891651-68e8-4e7c-a06c-22b1f9e7c175",
        "Start Frame": 2520,
        "End Frame": 2640,
        "Caption": "#C C opens the drawer; #C C searches in the drawer; #C C takes a needle from the drawer; #C C picks a metal rod from the drawer with his right hand; #C C picks a screw driver from the drawer"
    },
    {
        "Video Name": "15891651-68e8-4e7c-a06c-22b1f9e7c175",
        "Start Frame": 2640,
        "End Frame": 2760,
        "Caption": "#C C picks a screw ; #C C picks a screw from the drawer with his left hand.; #C C picks a screwdriver; #C C picks a screw; #C C picks a screwdriver"
    },
    {
        "Video Name": "15891651-68e8-4e7c-a06c-22b1f9e7c175",
        "Start Frame": 2760,
        "End Frame": 2880,
        "Caption": "#C C closes the drawer; #C C moves around; #C C turns around; #C C takes out a ring from the pack of ring with his right hand; #C C holds the metal rod with both hands."
    },
    {
        "Video Name": "15891651-68e8-4e7c-a06c-22b1f9e7c175",
        "Start Frame": 2880,
        "End Frame": 3000,
        "Caption": "#C C inserts the bolt in the bicycle ; #C C inserts the screw into the top tube of the bicycle with his right hand; #C C fixes the screw on the bicycle; #C C Adjusts a rod on a bicycle; #C C adjusts the bolt on the bicycle "
    },
    {
        "Video Name": "15891651-68e8-4e7c-a06c-22b1f9e7c175",
        "Start Frame": 3000,
        "End Frame": 3120,
        "Caption": "#C C fixes the bolt in the bicycle ; #C C fixes a metal on the bicycle; #C C adjusts the nut; #C C tightens the bolt on the bicycle ; #C C removes the screw from the bicycle hole with his right hand"
    },
    {
        "Video Name": "15891651-68e8-4e7c-a06c-22b1f9e7c175",
        "Start Frame": 3120,
        "End Frame": 3240,
        "Caption": "#C C Adjusts a nut on a bicycle; #C C inserts the screw into the bicycle frame hole with his right hand; #C C Inserts a nut in a rod; #C C places the screw on the bolt; #C C puts the screw on the bicycle"
    },
    {
        "Video Name": "15891651-68e8-4e7c-a06c-22b1f9e7c175",
        "Start Frame": 3240,
        "End Frame": 3360,
        "Caption": "#C C puts the bolt on the bicycle; #C C inserts the screw into the bicycle with his right hand; #C C puts the screw on the bicycle; #C C fixes the bolt on the bike; #C C fixes a nut on the bike"
    },
    {
        "Video Name": "15891651-68e8-4e7c-a06c-22b1f9e7c175",
        "Start Frame": 3360,
        "End Frame": 3480,
        "Caption": "#C C picks a screw from the tray; #C C drops the bolt in the box with his right hand.; #C C picks a bolt from the tray with his right hand.; #C C picks a screw from the tray with his right hand.; #C C picks a nut from the tray with his right hand."
    },
    {
        "Video Name": "15891651-68e8-4e7c-a06c-22b1f9e7c175",
        "Start Frame": 3480,
        "End Frame": 3600,
        "Caption": "#C C picks a screwdriver from the tool bench with his right hand.; #C C puts screw driver on the stand; #C C puts screw on the stand; #C C drops the screw driver on the work bench with his right hand.; #C C picks up a screwdriver from the repair stand with his right hand"
    },
    {
        "Video Name": "15891651-68e8-4e7c-a06c-22b1f9e7c175",
        "Start Frame": 3600,
        "End Frame": 3720,
        "Caption": "#C C fixes the bolt on the bicycle; #C C puts the screw on the bicycle; #C C tightens the bolt; #C C fixes the bolt in the bicycle with his right hand; #C C fixes the bolt with the hand"
    },
    {
        "Video Name": "15891651-68e8-4e7c-a06c-22b1f9e7c175",
        "Start Frame": 3720,
        "End Frame": 3840,
        "Caption": "#C C removes bolt from the bicycle; #C C fixes the bolt on the bicycle; #C C puts the screw on the bicycle; #C C puts the screw on the bicycle; #C C puts the bolt in the bicycle"
    },
    {
        "Video Name": "15891651-68e8-4e7c-a06c-22b1f9e7c175",
        "Start Frame": 3840,
        "End Frame": 3960,
        "Caption": "#C C inserts the nut in the bicycle; #C C fixes the bolt on the bicycle; #C C fixes the bolt on the bicycle; #C C adjusts the bolts on the bicycle; #C C fixes the screw with the span"
    },
    {
        "Video Name": "15891651-68e8-4e7c-a06c-22b1f9e7c175",
        "Start Frame": 3960,
        "End Frame": 4080,
        "Caption": "#C C puts the screw driver on the stand; #C C drops the screwdriver on the tool tray with his right gloved hand; #C C drops the screwdriver on the maintenance bench with his right hand.; #C C picks a screw from the maintenance bench with his gloved right hand.; #C C drops the screw on the bicycle repair stand with his right hand."
    },
    {
        "Video Name": "15891651-68e8-4e7c-a06c-22b1f9e7c175",
        "Start Frame": 4080,
        "End Frame": 4200,
        "Caption": "#C C attaches screw on the bicycle; #C C puts the screw on the; #C C adjusts the bolt ; #C C fixes the screw on the; #C C removes the nut on the"
    },
    {
        "Video Name": "15891651-68e8-4e7c-a06c-22b1f9e7c175",
        "Start Frame": 4200,
        "End Frame": 4320,
        "Caption": "#C C opens the drawer with his right hand; #C C walks around ; #C C moves around the workshop; #C C walks around the room ; #C C walks around the garage"
    },
    {
        "Video Name": "15891651-68e8-4e7c-a06c-22b1f9e7c175",
        "Start Frame": 4320,
        "End Frame": 4440,
        "Caption": "#C C picks a screw driver ; #C C picks a screw driver; #C C takes out a screw driver from the tool box with his right hand; #C C picks a screw driver from the drawer with his right hand. ; #C C places the screw driver in the tool box with his right hand."
    },
    {
        "Video Name": "15891651-68e8-4e7c-a06c-22b1f9e7c175",
        "Start Frame": 4440,
        "End Frame": 4560,
        "Caption": "#C C walks in the room; #C C passes the rod in his left hand to his right hand.; #C C picks a screw driver; #C C picks a screw driver from the tool box with his right hand; #C C walks around the workshop"
    },
    {
        "Video Name": "15891651-68e8-4e7c-a06c-22b1f9e7c175",
        "Start Frame": 4560,
        "End Frame": 4680,
        "Caption": "#C C puts the bolt on the seat post of the bicycle with his right hand; #C C fixes the bolt with the wrench; #C C inserts the bolt in the bicycle; #C C inserts the bolt into the rear shock with his right hand. ; #C C puts the screw in the bicycle"
    },
    {
        "Video Name": "15891651-68e8-4e7c-a06c-22b1f9e7c175",
        "Start Frame": 4680,
        "End Frame": 4800,
        "Caption": "#C C holds the screw driver with his left hand.; #C C removes the screw from the bicycle with his left hand; #C C holds the bicycle wire; #C C puts the screw on the screw driver; #C C  places down a screw"
    },
    {
        "Video Name": "15891651-68e8-4e7c-a06c-22b1f9e7c175",
        "Start Frame": 4800,
        "End Frame": 4920,
        "Caption": "#C C picks a bolt from the workbench with his right hand.; #C C picks a bolt from the toolbox with his right hand.; #C C takes the screwdriver from the repair stand on the floor with his right hand; #C C picks a bolt from the bicycle repair stand with his right hand.; #C C drops the bolt on the maintenance bench with his right hand."
    },
    {
        "Video Name": "15891651-68e8-4e7c-a06c-22b1f9e7c175",
        "Start Frame": 4920,
        "End Frame": 5040,
        "Caption": "#C C picks a screw driver; #C C puts the screwdriver in the; #C C picks the screwdriver from the; #C C puts the screw driver in the; #C C picks a spanner"
    },
    {
        "Video Name": "15891651-68e8-4e7c-a06c-22b1f9e7c175",
        "Start Frame": 5040,
        "End Frame": 5160,
        "Caption": "#C C removes the screw from the case with his right hand.; #C C opens the tool box; #C C opens the pack of screw with his right hand.; #C C removes the bolt from the box of bolts with the plier in his right hand; #C C opens the tool box"
    },
    {
        "Video Name": "15891651-68e8-4e7c-a06c-22b1f9e7c175",
        "Start Frame": 5160,
        "End Frame": 5280,
        "Caption": "#C C closes the drawer; #C C closes the drawer ; #C C closes the drawer; #C C closes the tool drawer; #C C closes the drawer with his left leg"
    },
    {
        "Video Name": "15891651-68e8-4e7c-a06c-22b1f9e7c175",
        "Start Frame": 5280,
        "End Frame": 5400,
        "Caption": "#C C tightens the wire in the bicycle with both hands; #c c adjusts the wires; #C C removes a wire; #C C pulls the cable; #C C drops the wire on the floor with his left hand"
    }
]