[
    {
        "Video Name": "15ea91d2-aa3a-4229-875b-d971d00e2593",
        "Start Frame": 0,
        "End Frame": 120,
        "Caption": "#C C rotates the table ; #C C spins pottery wheel; #C C rotates the pottery wheel with her left hand; #C C rotates the pottery wheel with her right hand; #C C turns the stool"
    },
    {
        "Video Name": "15ea91d2-aa3a-4229-875b-d971d00e2593",
        "Start Frame": 120,
        "End Frame": 240,
        "Caption": "#C C puts the filer on the table; #C C places the knife on the table with her right hand.; #C C  places down a wood ; #C C drops the clay needle on the table with her right hand; #C C drops the filer on the table with her right hand"
    },
    {
        "Video Name": "15ea91d2-aa3a-4229-875b-d971d00e2593",
        "Start Frame": 240,
        "End Frame": 360,
        "Caption": "#C C adjusts the pottery wheel with her left hand.; #C C adjusts the pottery wheel with both hands.; #C C touches the stool; #C C holds the top of the pottery wheel with her right hand; #C C holds the pottery wheel with her left hand."
    },
    {
        "Video Name": "15ea91d2-aa3a-4229-875b-d971d00e2593",
        "Start Frame": 360,
        "End Frame": 480,
        "Caption": "#C C rotates the pottery wheel with her left hand; #C C spins potter's wheel; #C C spins pottery wheel; #C C smoothens craft with sponge; #C C holds the pottery wheel with her left hand."
    },
    {
        "Video Name": "15ea91d2-aa3a-4229-875b-d971d00e2593",
        "Start Frame": 480,
        "End Frame": 600,
        "Caption": "#C C rolls the wheel with her right hand. ; #C C rotates the pottery wheel with her right hand.; #C C rotates the table ; #C C spins pottery wheel; #C C holds the stool with his left hand."
    },
    {
        "Video Name": "15ea91d2-aa3a-4229-875b-d971d00e2593",
        "Start Frame": 600,
        "End Frame": 720,
        "Caption": "#C C touches the stool with her left hand.; #C C turns the pottery wheel with her right hand.; #C C spins pottery wheel; #C C adjusts the pottery wheel with her left hand.; #C C rotates the stool"
    },
    {
        "Video Name": "15ea91d2-aa3a-4229-875b-d971d00e2593",
        "Start Frame": 720,
        "End Frame": 840,
        "Caption": "#C C rotates the pottery wheel with her left hand; #C C holds the pottery wheel with her left hand.; #C C rotates the table ; #C C adjusts the pot; #C C rotates the stool "
    },
    {
        "Video Name": "15ea91d2-aa3a-4229-875b-d971d00e2593",
        "Start Frame": 840,
        "End Frame": 960,
        "Caption": "#C C picks a piece of clay; #C C picks the modelling stick ; #C C picks modelling tool; #C C picks up clay ; #C C picks clay"
    },
    {
        "Video Name": "15ea91d2-aa3a-4229-875b-d971d00e2593",
        "Start Frame": 960,
        "End Frame": 1080,
        "Caption": "#C C holds the pottery wheel with her left hand; #C C adjusts clay on the craft; #C C shapes the clay pot with the stick; #C C molds the pot; #C C places her right hand on the pottery."
    },
    {
        "Video Name": "15ea91d2-aa3a-4229-875b-d971d00e2593",
        "Start Frame": 1080,
        "End Frame": 1200,
        "Caption": "#C C puts the clay on the craft; #C C puts the piece of clay on the clay work with both hands; #C C adjusts clay on the craft; #C C molds clay on the craft; #C C sticks clay on the pot"
    },
    {
        "Video Name": "15ea91d2-aa3a-4229-875b-d971d00e2593",
        "Start Frame": 1200,
        "End Frame": 1320,
        "Caption": "#C C touches the pot with his right hand.; #C C places hand on the craft; #C C removes her right hand from the potter's wheel; #C C adjusts the pottery wheel with her left hand.; #C C touches the pot"
    },
    {
        "Video Name": "15ea91d2-aa3a-4229-875b-d971d00e2593",
        "Start Frame": 1320,
        "End Frame": 1440,
        "Caption": "#C C holds clay with both hands; #C C places hand on craft; #C C holds the pottery with her left hand; #C C holds pottery material with both hands; #C C holds the clay work with his left hand"
    },
    {
        "Video Name": "15ea91d2-aa3a-4229-875b-d971d00e2593",
        "Start Frame": 1440,
        "End Frame": 1560,
        "Caption": "#C C holds the clay on the pottery wheel with her left hand.; #C C holds the clay mold on the pottery wheel with her left hand; #C C adjusts clay on the pot; #C C turns the pottery wheel with her right hand.; #C C fixes the clay on the pot"
    },
    {
        "Video Name": "15ea91d2-aa3a-4229-875b-d971d00e2593",
        "Start Frame": 1560,
        "End Frame": 1680,
        "Caption": "#C C sticks clay on the pot; #C C moves hand on craft; #C C adjusts the clay work on the table with both hands.; #C C touches the top of the craft with her left hand.; #C C holds clay with the other hand"
    },
    {
        "Video Name": "15ea91d2-aa3a-4229-875b-d971d00e2593",
        "Start Frame": 1680,
        "End Frame": 1800,
        "Caption": "#C C shapes the clay pot with her hands; #C C touches pottery material; #C C presses the pottery material on the pottery wheel with her right hand; #C C fixes clay on pot; #C C holds the wet clay pot with her left hand."
    },
    {
        "Video Name": "15ea91d2-aa3a-4229-875b-d971d00e2593",
        "Start Frame": 1800,
        "End Frame": 1920,
        "Caption": "#C C smoothens the pottery with her right hand.; #C C turns the pottery wheel with her left hand.; #C C holds the pottery wheel with her right hand. ; #C C smoothens the pottery with her right hand.; #C C removes her right hand from the top of the clay work"
    },
    {
        "Video Name": "15ea91d2-aa3a-4229-875b-d971d00e2593",
        "Start Frame": 1920,
        "End Frame": 2040,
        "Caption": "#C C molds the pot with both; #C C  holds clay with both hands; #C C removes excess clay on the structure; #C C adjusts clay; #C C looks at the mold "
    },
    {
        "Video Name": "15ea91d2-aa3a-4229-875b-d971d00e2593",
        "Start Frame": 2040,
        "End Frame": 2160,
        "Caption": "#C C paints pot; #C C paints the craft with brush; #C C paints pot; #C C paints the craft with the brush; #C C applies the mixed color to the clay pot with the brush"
    },
    {
        "Video Name": "15ea91d2-aa3a-4229-875b-d971d00e2593",
        "Start Frame": 2160,
        "End Frame": 2280,
        "Caption": "#C C removes the cut clay from the pottery wheel with both hands; #C C removes the excess clay on the ceramic mould with her left hand; #C C holds the clay work with his right hand.; #C C smoothens the pottery with her left hand.; #C C places her right hand on the pottery wheel."
    },
    {
        "Video Name": "15ea91d2-aa3a-4229-875b-d971d00e2593",
        "Start Frame": 2280,
        "End Frame": 2400,
        "Caption": "#C C holds the clay pot on the pottery wheel with her left hand; #C C removes clay from the craft; #C C holds the craft on the pottery wheel with her left hand.; #C C moves hand on the pottery; #C C turns pottery wheel"
    },
    {
        "Video Name": "15ea91d2-aa3a-4229-875b-d971d00e2593",
        "Start Frame": 2400,
        "End Frame": 2520,
        "Caption": "#C C picks the clay coil from the table with her right hand; #C C picks a stick; #C C puts stick on the table; #C C picks a stick ; #C C picks a stick"
    },
    {
        "Video Name": "15ea91d2-aa3a-4229-875b-d971d00e2593",
        "Start Frame": 2520,
        "End Frame": 2640,
        "Caption": "#C C places hand on the craft\n; #C C paints the vase with a brush; #C C smoothens the pottery with the stick ; #C C molds the pot with the stick; #C C moves the pottery on the table with her left hand"
    },
    {
        "Video Name": "15ea91d2-aa3a-4229-875b-d971d00e2593",
        "Start Frame": 2640,
        "End Frame": 2760,
        "Caption": "#C C places the loop tool in her right hand on the clay work.; #C C shapes the pottery with the boxwood tool in her right hand; #C C places her left hand on the pottery wheel.; #C C smoothens the pottery with a modelling tool in her right hand; #C C holds the pottery with her left hand."
    },
    {
        "Video Name": "15ea91d2-aa3a-4229-875b-d971d00e2593",
        "Start Frame": 2760,
        "End Frame": 2880,
        "Caption": "#C C turns the pottery wheel with her left hand.; #C C smoothens the pottery with the stick; #C C paints the pot with the brush; #C C paints the pot with the brush in her right hand; #C C rotates the stand"
    },
    {
        "Video Name": "15ea91d2-aa3a-4229-875b-d971d00e2593",
        "Start Frame": 2880,
        "End Frame": 3000,
        "Caption": "#C C holds pottery wheel with left hand; #C C places hand on the craft; #C C paints the pot; #C C holds pottery material with left hand; #C C rolls the throwing wheel with her left hand"
    },
    {
        "Video Name": "15ea91d2-aa3a-4229-875b-d971d00e2593",
        "Start Frame": 3000,
        "End Frame": 3120,
        "Caption": "#C C tilts craft with hand; #C C rolls the throwing wheel with her left hand.; #C C designs the pottery with the needle in her right hand; #C C places hand on the pottery; #C C models the pot"
    },
    {
        "Video Name": "15ea91d2-aa3a-4229-875b-d971d00e2593",
        "Start Frame": 3120,
        "End Frame": 3240,
        "Caption": "#C C shapes the pot with the boxwood tool in her right hand; #C C holds craft with hand; #C C holds craft with hand; #C C models the pot; #C C shapes the pot with a brush"
    },
    {
        "Video Name": "15ea91d2-aa3a-4229-875b-d971d00e2593",
        "Start Frame": 3240,
        "End Frame": 3360,
        "Caption": "#C C places hand on the craft; #C C places hand on the craft; #C C molds the pot; #C C models the pot; #C C paints the pottery with the brush in her right hand"
    },
    {
        "Video Name": "15ea91d2-aa3a-4229-875b-d971d00e2593",
        "Start Frame": 3360,
        "End Frame": 3480,
        "Caption": "#C C turns the pottery wheel with her left hand.; #C C turns the pottery wheel with her left hand.; #C C turns the stool with her left hand.; #C C holds the stand with her left hand; #C C holds the pottery wheel with her left hand."
    },
    {
        "Video Name": "15ea91d2-aa3a-4229-875b-d971d00e2593",
        "Start Frame": 3480,
        "End Frame": 3600,
        "Caption": "#C C turns the pottery wheel with her left hand.; #C C applies clay on the craft; #C C smoothens the pottery with a modelling tool in her right hand.; #C C applies the clay on the vase with the wooden stick in her right hand; #C C holds the pottery wheel with her left hand."
    },
    {
        "Video Name": "15ea91d2-aa3a-4229-875b-d971d00e2593",
        "Start Frame": 3600,
        "End Frame": 3720,
        "Caption": "#C C smoothens the pottery with a modelling tool in her right hand.; #C C smoothens the clay work with the filer in his right hand.; #C C holds craft with hand; #C C smoothens the bottom of the ceramic sculpture with the wooden sand paper in her right hand; #C C applies clay on the craft"
    },
    {
        "Video Name": "15ea91d2-aa3a-4229-875b-d971d00e2593",
        "Start Frame": 3720,
        "End Frame": 3840,
        "Caption": "#C C holds the pottery with her left hand.; #C C places hand on the craft; #C C continues smoothening the clay work with the filer in his right hand; #C C shapes the pottery with the boxwood tool in her right hand.; #C C holds craft with hand"
    },
    {
        "Video Name": "15ea91d2-aa3a-4229-875b-d971d00e2593",
        "Start Frame": 3840,
        "End Frame": 3960,
        "Caption": "#C C spins pottery wheel; #C C turns the pottery wheel with her left hand.; #C C rotates the pottery wheel with her left hand; #C C adjusts the pottery wheel with her left hand.; #C C rotates the pottery wheel with her left hand"
    },
    {
        "Video Name": "15ea91d2-aa3a-4229-875b-d971d00e2593",
        "Start Frame": 3960,
        "End Frame": 4080,
        "Caption": "#C C holds the pottery wheel with her left hand.; #C C holds the pottery wheel with her left hand.; #C C holds the pottery wheel with her left hand.; #C C rotates the pottery wheel with her left hand; #C C smoothens the pottery with her left hand."
    },
    {
        "Video Name": "15ea91d2-aa3a-4229-875b-d971d00e2593",
        "Start Frame": 4080,
        "End Frame": 4200,
        "Caption": "#C C shapes the molded clay with the filer in her right hand.; #C C smoothens the pottery with her left hand.; #C C holds pottery material; #C C smoothens the inside of the ceramic mould with the brush in her right hand; #C C holds the clay work with his left hand."
    },
    {
        "Video Name": "15ea91d2-aa3a-4229-875b-d971d00e2593",
        "Start Frame": 4200,
        "End Frame": 4320,
        "Caption": "#C C smoothens the pottery with a wet clay needle; #C C smoothens the clay work with the filer in her right hand.; #C C smoothens the pottery with a sandpaper; #C C smoothens the pottery with her left hand.; #C C holds craft with hand"
    },
    {
        "Video Name": "15ea91d2-aa3a-4229-875b-d971d00e2593",
        "Start Frame": 4320,
        "End Frame": 4440,
        "Caption": "#C C turns the stool with left hand; #C C smoothens the pottery with her left hand; #C C holds the pot with left hand; #C C paints the craft with the brush; #C C turns the pottery wheel with her left hand"
    },
    {
        "Video Name": "15ea91d2-aa3a-4229-875b-d971d00e2593",
        "Start Frame": 4440,
        "End Frame": 4560,
        "Caption": "#C C smoothens the clay work with the wooden tool in his right hand; #C C spins potter's wheel; #C C turns the pottery wheel with her left hand.; #C C holds pottery wheel; #C C paints the pot with the brush in his right hand."
    },
    {
        "Video Name": "15ea91d2-aa3a-4229-875b-d971d00e2593",
        "Start Frame": 4560,
        "End Frame": 4680,
        "Caption": "#C C spins potter's wheel; #C C applies the wet clay on the craft; #C C applies clay on the craft; #C C turns the pottery wheel with her left hand; #C C paints the pot"
    },
    {
        "Video Name": "15ea91d2-aa3a-4229-875b-d971d00e2593",
        "Start Frame": 4680,
        "End Frame": 4800,
        "Caption": "#C C rolls the table surface with his left hand; #C C spins potters needle; #C C holds a sand paper with his right hand; #C C smoothens the pottery with a stick; #C C spins pottery wheel"
    },
    {
        "Video Name": "15ea91d2-aa3a-4229-875b-d971d00e2593",
        "Start Frame": 4800,
        "End Frame": 4920,
        "Caption": "#C C decorates the pot; #C C spins potters needle; #C C applies the wet clay on the top of the pottery with the brush in her right hand; #C C turns the pottery wheel with her left hand.; #C C turns the pottery wheel with her left hand."
    },
    {
        "Video Name": "15ea91d2-aa3a-4229-875b-d971d00e2593",
        "Start Frame": 4920,
        "End Frame": 5040,
        "Caption": "#C C turns the stool; #C C spins pottery wheel; #C C places hand on the stool; #C C adjusts the pottery wheel with her left hand; #C C paints the stool with the brush"
    },
    {
        "Video Name": "15ea91d2-aa3a-4229-875b-d971d00e2593",
        "Start Frame": 5040,
        "End Frame": 5160,
        "Caption": "#C C paints the pottery with the brush in her right hand.; #C C turns the pottery wheel with her left hand.; #C C places hand on the stool; #C C rotates the potter's wheel with her left hand.; #C C removes her left hand from the pottery wheel."
    },
    {
        "Video Name": "15ea91d2-aa3a-4229-875b-d971d00e2593",
        "Start Frame": 5160,
        "End Frame": 5280,
        "Caption": "#C C touches the stool with the left hand; #C C rolls the throwing wheel with her left hand. ; #C C rotates pottery wheel; #C C paints the pot with the brush in her right hand; #C C rotates the pottery wheel with her right hand"
    },
    {
        "Video Name": "15ea91d2-aa3a-4229-875b-d971d00e2593",
        "Start Frame": 5280,
        "End Frame": 5400,
        "Caption": "#C C turns the pottery wheel with her left hand.; #C C puts her left hand on the pottery wheel.; #C C  touches the pot; #C C holds pottery material with hand; #C C puts her left hand on the potter's wheel"
    }
]