[
    {
        "Video Name": "1608e7ce-eefc-4aeb-94f7-0926089b6d38",
        "Start Frame": 0,
        "End Frame": 120,
        "Caption": "#C C walks towards the car; #C C walks around the field; #C C walks towards the car; #C C walks towards the car; #C C walks around the field"
    },
    {
        "Video Name": "1608e7ce-eefc-4aeb-94f7-0926089b6d38",
        "Start Frame": 120,
        "End Frame": 240,
        "Caption": "#C C walks around; #C C looks around; #C C walks around; #C C walks to the; #C C walks on the"
    },
    {
        "Video Name": "1608e7ce-eefc-4aeb-94f7-0926089b6d38",
        "Start Frame": 240,
        "End Frame": 360,
        "Caption": "#O A man Y opens the door of the; #C C looks at the car; #C C looks around; #C C looks at the back seat; #C C closes the car door"
    },
    {
        "Video Name": "1608e7ce-eefc-4aeb-94f7-0926089b6d38",
        "Start Frame": 360,
        "End Frame": 480,
        "Caption": "#C C opens the truck; #C C opens the car door; #C C opens the truck door; #C C opens the car door; #C C closes the car door"
    },
    {
        "Video Name": "1608e7ce-eefc-4aeb-94f7-0926089b6d38",
        "Start Frame": 480,
        "End Frame": 600,
        "Caption": "#C C picks a plastic bag from the car seat with his right hand.; #C C picks the bag; #C C picks a plastic bag from the seat with his right hand.; #C C picks a bag from the car seat with his right hand.; #C C picks a plastic bag from the car seat with her right hand."
    },
    {
        "Video Name": "1608e7ce-eefc-4aeb-94f7-0926089b6d38",
        "Start Frame": 600,
        "End Frame": 720,
        "Caption": "#C C walks towards the; #O Man X walks around; #C C walks towards the; #C C looks at the; #C C looks around the"
    },
    {
        "Video Name": "1608e7ce-eefc-4aeb-94f7-0926089b6d38",
        "Start Frame": 720,
        "End Frame": 840,
        "Caption": "#C C closes the boot; #C C closes the car boot ; #C C holds a boot lid; #C C closes the boot of the car with his right; #C C opens the boot of the car"
    },
    {
        "Video Name": "1608e7ce-eefc-4aeb-94f7-0926089b6d38",
        "Start Frame": 840,
        "End Frame": 960,
        "Caption": "#C C places the bag in the boot; #C C picks a bag from the car boot; #C C puts the bag in the car boot; #C C puts the bag into the boot of the; #C C puts a bag in the car boot"
    },
    {
        "Video Name": "1608e7ce-eefc-4aeb-94f7-0926089b6d38",
        "Start Frame": 960,
        "End Frame": 1080,
        "Caption": "#C C picks up the bag; #C C puts bag in the car boot; #C C puts the bag in the boot; #C C lifts the bag; #C C puts the shopping bag in the car boot"
    },
    {
        "Video Name": "1608e7ce-eefc-4aeb-94f7-0926089b6d38",
        "Start Frame": 1080,
        "End Frame": 1200,
        "Caption": "#C C picks a bag ; #C C picks the bag from the; #C C picks the bag; #C C picks a bag; #C C puts the bag on the"
    },
    {
        "Video Name": "1608e7ce-eefc-4aeb-94f7-0926089b6d38",
        "Start Frame": 1200,
        "End Frame": 1320,
        "Caption": "#C C looks at the car; #C C walks towards the car; #O a man X walks towards a; #O the man X walks towards the; #O Man A walks towards the car"
    },
    {
        "Video Name": "1608e7ce-eefc-4aeb-94f7-0926089b6d38",
        "Start Frame": 1320,
        "End Frame": 1440,
        "Caption": "#C C looks at the car boot; #C C picks a bag; #C C takes out a bag from the boot of the car; #C C opens a back pack in the boot of the car with his left; #C C looks inside the boot "
    },
    {
        "Video Name": "1608e7ce-eefc-4aeb-94f7-0926089b6d38",
        "Start Frame": 1440,
        "End Frame": 1560,
        "Caption": "#C C picks a bag; #C C picks the bag from the boot of the; #C C puts the bag in the boot ; #C C picks a bag from the boot; #C C puts the bag in the boot"
    },
    {
        "Video Name": "1608e7ce-eefc-4aeb-94f7-0926089b6d38",
        "Start Frame": 1560,
        "End Frame": 1680,
        "Caption": "#C C picks the purse from the boot ; #C C picks a bag from the car boot; #C C takes a bag from the boot of the; #C C picks a bag; #C C puts bag into the boot of the car"
    },
    {
        "Video Name": "1608e7ce-eefc-4aeb-94f7-0926089b6d38",
        "Start Frame": 1680,
        "End Frame": 1800,
        "Caption": "#C C walks around the camping; #C C looks around; #C C walks towards the car; #C C looks around; #C C walks around the camping"
    },
    {
        "Video Name": "1608e7ce-eefc-4aeb-94f7-0926089b6d38",
        "Start Frame": 1800,
        "End Frame": 1920,
        "Caption": "#C C puts the bag into the car boot; #C C moves shopping bag; #C C puts the bag in the boot of the car.; #C C picks a bag from the boot of the car with both hands.; #C C touches the bag"
    },
    {
        "Video Name": "1608e7ce-eefc-4aeb-94f7-0926089b6d38",
        "Start Frame": 1920,
        "End Frame": 2040,
        "Caption": "#C C removes rope from the bag; #C C looks inside the boot; #C C picks a bag from the boot; #C C puts the bag in the car; #C C lifts the bag"
    },
    {
        "Video Name": "1608e7ce-eefc-4aeb-94f7-0926089b6d38",
        "Start Frame": 2040,
        "End Frame": 2160,
        "Caption": "#C C looks at the bags; #C C puts the bag in the car; #C C puts the bag in the boot; #C C puts the bag inside the boot; #C C puts the bag in the car"
    },
    {
        "Video Name": "1608e7ce-eefc-4aeb-94f7-0926089b6d38",
        "Start Frame": 2160,
        "End Frame": 2280,
        "Caption": "#C C stares at the boot ; #C C puts the box in the boot; #C C puts the box in the boot; #C C picks the shoes ; #C C moves a bag in the boot of the"
    },
    {
        "Video Name": "1608e7ce-eefc-4aeb-94f7-0926089b6d38",
        "Start Frame": 2280,
        "End Frame": 2400,
        "Caption": "#C C closes the car boot; #C C opens the boot of the car; #C C closes the boot; #C C closes the boot of the car with his; #C C closes the car boot"
    },
    {
        "Video Name": "1608e7ce-eefc-4aeb-94f7-0926089b6d38",
        "Start Frame": 2400,
        "End Frame": 2520,
        "Caption": "#O A man Y walks towards C; #C C looks around the camping site; #C C looks around the tent; #O A man X walks on the; #O A man Y walks towards a"
    },
    {
        "Video Name": "1608e7ce-eefc-4aeb-94f7-0926089b6d38",
        "Start Frame": 2520,
        "End Frame": 2640,
        "Caption": "#C C walks on the ground; #C C walks towards the car; #C C walks in the camp; #C C walks to the tent; #C C walks towards the tent"
    },
    {
        "Video Name": "1608e7ce-eefc-4aeb-94f7-0926089b6d38",
        "Start Frame": 2640,
        "End Frame": 2760,
        "Caption": "#O A man X walks around the tent; #O A man Y walks around the tent; #C C walks around the camping site; #C C walks towards the tent ; #O A man Y walks on the ground"
    },
    {
        "Video Name": "1608e7ce-eefc-4aeb-94f7-0926089b6d38",
        "Start Frame": 2760,
        "End Frame": 2880,
        "Caption": "#O a man X walks around the camping; #O A man Y opens the bag; #O A man X holds a bag; #O A man Y walks around the camping; #O A man N holds a zip bag"
    },
    {
        "Video Name": "1608e7ce-eefc-4aeb-94f7-0926089b6d38",
        "Start Frame": 2880,
        "End Frame": 3000,
        "Caption": "#C C picks a shoe from the ground with his right hand; #C C picks up shoes ; #C C picks a pair of shoes with his left hand.; #C C picks up a pair of shoes with his left hand; #C C picks the shoes."
    },
    {
        "Video Name": "1608e7ce-eefc-4aeb-94f7-0926089b6d38",
        "Start Frame": 3000,
        "End Frame": 3120,
        "Caption": "#C C walks towards the tent; #C C walks on the field; #C C takes off the cap ; #C C puts down the cap ; #C C throws the bag to the"
    },
    {
        "Video Name": "1608e7ce-eefc-4aeb-94f7-0926089b6d38",
        "Start Frame": 3120,
        "End Frame": 3240,
        "Caption": "#C C walks around; #C C walks towards the; #C C walks to the; #C C walks towards the; #C C walks to the"
    },
    {
        "Video Name": "1608e7ce-eefc-4aeb-94f7-0926089b6d38",
        "Start Frame": 3240,
        "End Frame": 3360,
        "Caption": "#C C walks towards the car; #C C walks towards the car; #C C walks towards the car; #C C walks towards the car; #C C walks towards the car"
    },
    {
        "Video Name": "1608e7ce-eefc-4aeb-94f7-0926089b6d38",
        "Start Frame": 3360,
        "End Frame": 3480,
        "Caption": "#C C picks up the bags from the boot of the; #C C picks the bag from the boot; #C C closes the boot; #C C looks inside the boot; #C C puts the box in the boot"
    },
    {
        "Video Name": "1608e7ce-eefc-4aeb-94f7-0926089b6d38",
        "Start Frame": 3480,
        "End Frame": 3600,
        "Caption": "#C C picks shoes from the boot; #C C picks up the shoes from the; #C C drops shoes in boot ; #C C picks up shoes from the boot; #C C picks shoes from the boot"
    },
    {
        "Video Name": "1608e7ce-eefc-4aeb-94f7-0926089b6d38",
        "Start Frame": 3600,
        "End Frame": 3720,
        "Caption": "#C C picks shoes from the boot; #C C picks a shoe from the boot; #C C picks the bag in the boot; #C C picks a boot from the boot; #C C picks up the shoes"
    },
    {
        "Video Name": "1608e7ce-eefc-4aeb-94f7-0926089b6d38",
        "Start Frame": 3720,
        "End Frame": 3840,
        "Caption": "#C C carries the shoes.; #C C picks the boot from the car; #C C picks shoes from boot ; #C C picks up the bag in the; #C C picks the bags from the boot"
    },
    {
        "Video Name": "1608e7ce-eefc-4aeb-94f7-0926089b6d38",
        "Start Frame": 3840,
        "End Frame": 3960,
        "Caption": "#C C looks around the car boot; #C C looks around; #C C looks around; #O The man A takes out a bag from the boot of the car; #C C looks around"
    },
    {
        "Video Name": "1608e7ce-eefc-4aeb-94f7-0926089b6d38",
        "Start Frame": 3960,
        "End Frame": 4080,
        "Caption": "#C C puts shoes in the boot ; #C C closes the boot of the car with both hands; #C C looks at the boot; #C C takes a bag from the boot; #C C opens the boot of the car"
    },
    {
        "Video Name": "1608e7ce-eefc-4aeb-94f7-0926089b6d38",
        "Start Frame": 4080,
        "End Frame": 4200,
        "Caption": "#C C opens a boot; #C C closes the car boot; #C C opens the boot of the; #C C closes the boot; #C C closes the car boot"
    },
    {
        "Video Name": "1608e7ce-eefc-4aeb-94f7-0926089b6d38",
        "Start Frame": 4200,
        "End Frame": 4320,
        "Caption": "#C C looks around; #C C walks towards a camping; #C C looks around the camping; #C C walks on the ground; #C C looks around"
    },
    {
        "Video Name": "1608e7ce-eefc-4aeb-94f7-0926089b6d38",
        "Start Frame": 4320,
        "End Frame": 4440,
        "Caption": "#O A man Y walks around the; #C C walks towards man X; #O A man X walks on the; #O man X walks towards the tent; #O A man Y walks around"
    },
    {
        "Video Name": "1608e7ce-eefc-4aeb-94f7-0926089b6d38",
        "Start Frame": 4440,
        "End Frame": 4560,
        "Caption": "#O A man Y walks away from; #O Man X walks toward the car; #C C walks towards a man Z; #C C walks towards the car; #O A man W walks around"
    },
    {
        "Video Name": "1608e7ce-eefc-4aeb-94f7-0926089b6d38",
        "Start Frame": 4560,
        "End Frame": 4680,
        "Caption": "#C C looks around; #C C looks around the tent; #C C looks around; #C C walks around the camping; #C C stares at A man"
    },
    {
        "Video Name": "1608e7ce-eefc-4aeb-94f7-0926089b6d38",
        "Start Frame": 4680,
        "End Frame": 4800,
        "Caption": "#C C picks tent poles from the; #C C picks up the tent; #C C picks the tent edge; #C C picks a tent fly; #C C picks up a tent "
    },
    {
        "Video Name": "1608e7ce-eefc-4aeb-94f7-0926089b6d38",
        "Start Frame": 4800,
        "End Frame": 4920,
        "Caption": "#C C picks up the tent; #C C walks around the camp; #C C walks towards the tent; #C C picks tent poles; #C C walks towards the tent"
    },
    {
        "Video Name": "1608e7ce-eefc-4aeb-94f7-0926089b6d38",
        "Start Frame": 4920,
        "End Frame": 5040,
        "Caption": "#C C walks to the camping; #C C walks around the tent; #C C walks around the field; #C C walks around the camping; #C C walks around the field"
    },
    {
        "Video Name": "1608e7ce-eefc-4aeb-94f7-0926089b6d38",
        "Start Frame": 5040,
        "End Frame": 5160,
        "Caption": "#C C walks around the tent; #C C walks to the tent; #C C walks around the camping; #C C walks around the camping; #C C walks around the camp"
    },
    {
        "Video Name": "1608e7ce-eefc-4aeb-94f7-0926089b6d38",
        "Start Frame": 5160,
        "End Frame": 5280,
        "Caption": "#C C picks tent poles; #C C picks tent poles from the ground; #C C picks up the tent; #C C picks a hook from the ground with his right; #C C picks up a tent pole with his right hand"
    },
    {
        "Video Name": "1608e7ce-eefc-4aeb-94f7-0926089b6d38",
        "Start Frame": 5280,
        "End Frame": 5400,
        "Caption": "#C C fixes the camp tent; #C C drops the rope; #C C opens the tent; #C C takes a tent pole from the; #C C puts the rope in the tent"
    }
]