[
    {
        "Video Name": "163ee3b6-749a-49d8-aa39-377863b459db",
        "Start Frame": 0,
        "End Frame": 120,
        "Caption": "#C C looks around; #C C looks around; #C C looks around; #C C looks around; #C C looks around"
    },
    {
        "Video Name": "163ee3b6-749a-49d8-aa39-377863b459db",
        "Start Frame": 120,
        "End Frame": 240,
        "Caption": "#C C removes the gloves ; #C C adjusts the camera ; #C C adjusts the camera ; #C C moves the hand to the; #C C looks around "
    },
    {
        "Video Name": "163ee3b6-749a-49d8-aa39-377863b459db",
        "Start Frame": 240,
        "End Frame": 360,
        "Caption": "#C C takes a brush; #C C picks a metal; #C C picks a metal ; #C C picks the brush; #C C puts the metal in the dustbin"
    },
    {
        "Video Name": "163ee3b6-749a-49d8-aa39-377863b459db",
        "Start Frame": 360,
        "End Frame": 480,
        "Caption": "#C C looks around; #C C looks at the tools; #C C looks at the tools; #C C tightens the nut on the bolt; #C C places the nuts on the tools"
    },
    {
        "Video Name": "163ee3b6-749a-49d8-aa39-377863b459db",
        "Start Frame": 480,
        "End Frame": 600,
        "Caption": "#C C picks the bolt; #C C removes the screws; #C C removes the brake caliper; #C C holds the caliper; #C C removes rust from the metal"
    },
    {
        "Video Name": "163ee3b6-749a-49d8-aa39-377863b459db",
        "Start Frame": 600,
        "End Frame": 720,
        "Caption": "#C C picks a cleaning cloth; #C C picks a fabric; #C C picks a bottle of rust rem; #C C picks the lubricant; #C C picks a cloth"
    },
    {
        "Video Name": "163ee3b6-749a-49d8-aa39-377863b459db",
        "Start Frame": 720,
        "End Frame": 840,
        "Caption": "#O person X walks outside the; #C C walks in the garage; #C C walks in the garage; #O person X walks towards the; #O A man X walks towards"
    },
    {
        "Video Name": "163ee3b6-749a-49d8-aa39-377863b459db",
        "Start Frame": 840,
        "End Frame": 960,
        "Caption": "#C C walks in the garage; #C C walks around the garage; #O A man X stands in the; #C C walks towards the car; #C C walks around the garage"
    },
    {
        "Video Name": "163ee3b6-749a-49d8-aa39-377863b459db",
        "Start Frame": 960,
        "End Frame": 1080,
        "Caption": "#C C  fixes bolt on the metal; #C C removes bolts on the metal with the screw; #C C holds the screwdriver; #C C holds the screw driver; #C C opens the metal with the screw driver"
    },
    {
        "Video Name": "163ee3b6-749a-49d8-aa39-377863b459db",
        "Start Frame": 1080,
        "End Frame": 1200,
        "Caption": "#C C removes bolts from brake caliper; #C C places bolt on the brake pad; #C C removes screw with screwdriver ; #C C unscrews the screw from the; #C C removes the screw"
    },
    {
        "Video Name": "163ee3b6-749a-49d8-aa39-377863b459db",
        "Start Frame": 1200,
        "End Frame": 1320,
        "Caption": "#C C picks up a bolt; #C C removes the bolts from the dustbin; #C C picks a screw driver from the bin; #C C  removes the nuts from the tools; #C C picks a screw"
    },
    {
        "Video Name": "163ee3b6-749a-49d8-aa39-377863b459db",
        "Start Frame": 1320,
        "End Frame": 1440,
        "Caption": "#C C holds the clamp with the left; #C C fixes the brake pad on the; #C C puts the caliper on the; #C C removes a clamp from the metal; #C C removes the metal from the clamp"
    },
    {
        "Video Name": "163ee3b6-749a-49d8-aa39-377863b459db",
        "Start Frame": 1440,
        "End Frame": 1560,
        "Caption": "#C C removes a bolt from the caliper; #C C removes the bolts; #C C removes bolt from the clamp; #C C removes the clip from the metal; #C C removes a screw from the brake pad"
    },
    {
        "Video Name": "163ee3b6-749a-49d8-aa39-377863b459db",
        "Start Frame": 1560,
        "End Frame": 1680,
        "Caption": "#C C removes rust from the metal with the rust rem; #C C removes the rust on the metal with the brush; #C C removes a paper from the clamp; #C C  removes rust from the brake pad; #C C removes the rust on the clamp with the brush"
    },
    {
        "Video Name": "163ee3b6-749a-49d8-aa39-377863b459db",
        "Start Frame": 1680,
        "End Frame": 1800,
        "Caption": "#C C puts the brush on the dustbin; #C C brushes the clamp; #C C puts the grease in the container; #C C  removes the brake caliper; #C C picks a metal"
    },
    {
        "Video Name": "163ee3b6-749a-49d8-aa39-377863b459db",
        "Start Frame": 1800,
        "End Frame": 1920,
        "Caption": "#C C walks in the; #C C walks in the; #C C walks around the; #C C walks around the; #C C walks in the"
    },
    {
        "Video Name": "163ee3b6-749a-49d8-aa39-377863b459db",
        "Start Frame": 1920,
        "End Frame": 2040,
        "Caption": "#C C rubs his hands; #C C wipes hands on the; #C C walks around the garage; #C C wipes the hands; #C C walks around"
    },
    {
        "Video Name": "163ee3b6-749a-49d8-aa39-377863b459db",
        "Start Frame": 2040,
        "End Frame": 2160,
        "Caption": "#C C walks in the garage; #C C walks in the garage; #C C walks in the garage; #C C walks around the garage; #C C walks in the garage"
    },
    {
        "Video Name": "163ee3b6-749a-49d8-aa39-377863b459db",
        "Start Frame": 2160,
        "End Frame": 2280,
        "Caption": "#C C walks in the garage ; #C C walks in the garage; #C C walks around the garage; #C C puts the pipe on the; #C C walks around"
    },
    {
        "Video Name": "163ee3b6-749a-49d8-aa39-377863b459db",
        "Start Frame": 2280,
        "End Frame": 2400,
        "Caption": "#C C walks in the garage; #C C walks around; #C C walks around; #C C walks around; #C C connects the pipe to the"
    },
    {
        "Video Name": "163ee3b6-749a-49d8-aa39-377863b459db",
        "Start Frame": 2400,
        "End Frame": 2520,
        "Caption": "#C C puts the pipe in the air; #C C puts the pipe on the dustbin; #C C puts the metal on the dustbin; #C C connects the hose pipe to the gr; #C C holds the air pipe"
    },
    {
        "Video Name": "163ee3b6-749a-49d8-aa39-377863b459db",
        "Start Frame": 2520,
        "End Frame": 2640,
        "Caption": "#C C looks at the tool; #C C removes a metal from the clamp; #C C grinds the metal; #C C removes rust from the brake caliper ; #C C grinds the spare part with a gr"
    },
    {
        "Video Name": "163ee3b6-749a-49d8-aa39-377863b459db",
        "Start Frame": 2640,
        "End Frame": 2760,
        "Caption": "#C C looks around; #C C looks around; #C C looks around; #C C looks around; #C C looks around"
    },
    {
        "Video Name": "163ee3b6-749a-49d8-aa39-377863b459db",
        "Start Frame": 2760,
        "End Frame": 2880,
        "Caption": "#C C looks at man X; #C C looks at the car ; #C C looks at man X ; #C C converses to man X; #C C looks at man X "
    },
    {
        "Video Name": "163ee3b6-749a-49d8-aa39-377863b459db",
        "Start Frame": 2880,
        "End Frame": 3000,
        "Caption": "#C C grinds the metal; #C C  polishes the metal with an electric polisher; #C C holds a grinder; #C C looks at the grinder; #C C turns on the grinder "
    },
    {
        "Video Name": "163ee3b6-749a-49d8-aa39-377863b459db",
        "Start Frame": 3000,
        "End Frame": 3120,
        "Caption": "#C C grinds the metal; #C C sharpens metal sharpener; #C C polishes the clamp; #C C welds the brake cal; #C C applies rust on the metal"
    },
    {
        "Video Name": "163ee3b6-749a-49d8-aa39-377863b459db",
        "Start Frame": 3120,
        "End Frame": 3240,
        "Caption": "#C C welds the metal with the gr; #C C welds brake caliper ; #C C grinds the metal with grinder; #C C grinds the metal ; #C C brushes the metal with the brush "
    },
    {
        "Video Name": "163ee3b6-749a-49d8-aa39-377863b459db",
        "Start Frame": 3240,
        "End Frame": 3360,
        "Caption": "#C C turns the metal; #C C  polishes the caliper; #C C grinds the metal; #C C grinds the metal; #C C grinds the metal with the gr"
    },
    {
        "Video Name": "163ee3b6-749a-49d8-aa39-377863b459db",
        "Start Frame": 3360,
        "End Frame": 3480,
        "Caption": "#C C grinds a metal; #C C looks around ; #C C removes rust from the metal; #C C grinds the metal ; #C C grinds the metal with the gr"
    },
    {
        "Video Name": "163ee3b6-749a-49d8-aa39-377863b459db",
        "Start Frame": 3480,
        "End Frame": 3600,
        "Caption": "#C C looks around; #C C looks around; #C C looks around; #C C looks at the car spare; #C C welds the metal"
    },
    {
        "Video Name": "163ee3b6-749a-49d8-aa39-377863b459db",
        "Start Frame": 3600,
        "End Frame": 3720,
        "Caption": "#C C grinds the brake caliper; #C C grinds the metal; #C C grinds the brake caliper ; #C C grinds the brake caliper ; #C C holds the grinder with his right"
    },
    {
        "Video Name": "163ee3b6-749a-49d8-aa39-377863b459db",
        "Start Frame": 3720,
        "End Frame": 3840,
        "Caption": "#C C grinds the metal ; #C C turns on the grinder ; #C C sharpens the metal; #C C removes rust from the metal with rust remover machine; #C C grinds a metal"
    },
    {
        "Video Name": "163ee3b6-749a-49d8-aa39-377863b459db",
        "Start Frame": 3840,
        "End Frame": 3960,
        "Caption": "#C C turns the metal ; #C C looks around ; #C C puts the metal on the; #C C looks around; #C C looks around "
    },
    {
        "Video Name": "163ee3b6-749a-49d8-aa39-377863b459db",
        "Start Frame": 3960,
        "End Frame": 4080,
        "Caption": "#C C grinds the metal; #C C sharpens the metal with the gr; #C C sharpens the metal with the gr; #C C grinds the metal; #C C grinds metal with a grinder"
    },
    {
        "Video Name": "163ee3b6-749a-49d8-aa39-377863b459db",
        "Start Frame": 4080,
        "End Frame": 4200,
        "Caption": "#C C fixes the clamp; #C C grinds the brake caliper; #C C grinds the metal; #C C welds the metal; #C C turns the metal"
    },
    {
        "Video Name": "163ee3b6-749a-49d8-aa39-377863b459db",
        "Start Frame": 4200,
        "End Frame": 4320,
        "Caption": "#C C  rubs the metal  with the grinder; #C C polishes the metal with the grinder; #C C grinds the metal ; #C C grinds the metal; #C C grinds the metal with the grinder "
    },
    {
        "Video Name": "163ee3b6-749a-49d8-aa39-377863b459db",
        "Start Frame": 4320,
        "End Frame": 4440,
        "Caption": "#C C polishes the metal with the gr; #C C removes rust from the metal; #C C removes rust from the metal; #C C removes the rust on the metal; #C C polishes the metal with the gr"
    },
    {
        "Video Name": "163ee3b6-749a-49d8-aa39-377863b459db",
        "Start Frame": 4440,
        "End Frame": 4560,
        "Caption": "#C C holds the metal; #C C looks around; #C C grinds the; #C C looks around; #C C looks around "
    },
    {
        "Video Name": "163ee3b6-749a-49d8-aa39-377863b459db",
        "Start Frame": 4560,
        "End Frame": 4680,
        "Caption": "#C C brushes the metal; #C C removes rust from the metal; #C C grinds the metal ; #C C brushes the metal with the; #C C brushes the metal with the"
    },
    {
        "Video Name": "163ee3b6-749a-49d8-aa39-377863b459db",
        "Start Frame": 4680,
        "End Frame": 4800,
        "Caption": "#C C grinds the metal ; #C C removes rust from the metal with a rust remover; #C C grinds brake caliper; #C C removes the rust from the caliper; #C C grinds the metal"
    },
    {
        "Video Name": "163ee3b6-749a-49d8-aa39-377863b459db",
        "Start Frame": 4800,
        "End Frame": 4920,
        "Caption": "#C C removes the metal on the clamp; #C C cuts the metal; #C C turns the metal; #C C removes the metal tube with the screwdriver; #C C holds the clamp"
    },
    {
        "Video Name": "163ee3b6-749a-49d8-aa39-377863b459db",
        "Start Frame": 4920,
        "End Frame": 5040,
        "Caption": "#C C puts the grinder on the bin; #C C puts the grinder on the dust; #C C turns off the power drill; #C C puts the metal on the dustbin; #C C places the grinder on the metal"
    },
    {
        "Video Name": "163ee3b6-749a-49d8-aa39-377863b459db",
        "Start Frame": 5040,
        "End Frame": 5160,
        "Caption": "#O person X walks in the garage; #C C walks towards the car; #O A man Y walks around the; #C C walks in the garage; #C C walks around"
    },
    {
        "Video Name": "163ee3b6-749a-49d8-aa39-377863b459db",
        "Start Frame": 5160,
        "End Frame": 5280,
        "Caption": "#C C picks a bottle of; #C C walks around the garage; #C C picks lubricant; #C C walks in the garage; #C C picks a bottle of"
    },
    {
        "Video Name": "163ee3b6-749a-49d8-aa39-377863b459db",
        "Start Frame": 5280,
        "End Frame": 5400,
        "Caption": "#C C walks around the garage; #C C walks around the garage; #O Man X walks on the; #C C walks around the garage; #C C walks in the garage"
    }
]