[
    {
        "Video Name": "165ac6ef-931c-445a-af17-89a97310e80a",
        "Start Frame": 0,
        "End Frame": 120,
        "Caption": "#C C places the paper tape on the table.; #C C places the ruler on the table ; #C C pulls the ruler off the table; #C C pulls out the blade of the pen with his right; #C C removes the ruler from the table with his right hand"
    },
    {
        "Video Name": "165ac6ef-931c-445a-af17-89a97310e80a",
        "Start Frame": 120,
        "End Frame": 240,
        "Caption": "#C C places the ruler on the table; #C C adjusts the ruler with both hands; #C C measures the tape with the ruler.; #C C places the ruler on the table with both; #C C places the ruler on the table"
    },
    {
        "Video Name": "165ac6ef-931c-445a-af17-89a97310e80a",
        "Start Frame": 240,
        "End Frame": 360,
        "Caption": "#C C moves the ruler to the table with his hands; #C C places the ruler on the table ; #C C pulls the ruler off the table; #C C pulls the ruler off the table; #C C picks the ruler from the table with his right"
    },
    {
        "Video Name": "165ac6ef-931c-445a-af17-89a97310e80a",
        "Start Frame": 360,
        "End Frame": 480,
        "Caption": "#C C adjusts the ruler with both hands; #C C places the ruler on the table with his right; #C C measures the tape.; #C C measures the paper tape with the ruler; #C C measures the tape."
    },
    {
        "Video Name": "165ac6ef-931c-445a-af17-89a97310e80a",
        "Start Frame": 480,
        "End Frame": 600,
        "Caption": "#C C  moves his right hand to the right; #C C removes his right hand from the ruler; #C C adjusts the ruler with his right hand; #C C holds the ruler with his left hand; #C C places the ruler on the table with his right"
    },
    {
        "Video Name": "165ac6ef-931c-445a-af17-89a97310e80a",
        "Start Frame": 600,
        "End Frame": 720,
        "Caption": "#C C adjusts the paper tape with his hands; #C C puts the paper tape over the paper; #C C adjusts the paper tape with his hands; #C C places the paper tape on the table; #C C places his left hand on the paper"
    },
    {
        "Video Name": "165ac6ef-931c-445a-af17-89a97310e80a",
        "Start Frame": 720,
        "End Frame": 840,
        "Caption": "#C C pulls out the ruler with his right hand; #C C measures the paper tape with the ruler.; #C C moves the ruler to the right; #C C moves the ruler on the table with his; #C C lifts the ruler with both hands"
    },
    {
        "Video Name": "165ac6ef-931c-445a-af17-89a97310e80a",
        "Start Frame": 840,
        "End Frame": 960,
        "Caption": "#C C lifts the ruler with his right hand; #C C holds the ruler with both hands; #C C places the ruler on the paper tape with his left; #C C places the ruler on the table; #C C removes his right hand from the ruler"
    },
    {
        "Video Name": "165ac6ef-931c-445a-af17-89a97310e80a",
        "Start Frame": 960,
        "End Frame": 1080,
        "Caption": "#C C moves the ruler forward with his right; #C C removes his right hand from the ruler; #C C measures the table.; #C C removes his right hand from the ruler; #C C moves the ruler "
    },
    {
        "Video Name": "165ac6ef-931c-445a-af17-89a97310e80a",
        "Start Frame": 1080,
        "End Frame": 1200,
        "Caption": "#C C holds the masking tape with his left hand; #C C presses a button on the switch box; #C C opens the door of the table with his left hand; #C C turns to the left; #C C touches the paper tape on the table with his right"
    },
    {
        "Video Name": "165ac6ef-931c-445a-af17-89a97310e80a",
        "Start Frame": 1200,
        "End Frame": 1320,
        "Caption": "#C C adjusts the tape on the table with his right; #C C takes the paper tape.; #C C pulls on the masking tape with his right; #C C takes the paper tape from the table.; #C C picks the paper tape."
    },
    {
        "Video Name": "165ac6ef-931c-445a-af17-89a97310e80a",
        "Start Frame": 1320,
        "End Frame": 1440,
        "Caption": "#C C pulls the paper tape with his right; #C C cuts the paper tape with his right; #C C pulls the paper tape with his right; #C C removes the paper tape on the table; #C C picks the paper tape on the table"
    },
    {
        "Video Name": "165ac6ef-931c-445a-af17-89a97310e80a",
        "Start Frame": 1440,
        "End Frame": 1560,
        "Caption": "#C C picks the pen from the table ; #C C picks the pen from the table; #C C picks a pen with his right hand; #C C picks the ruler on the table with his right; #C C takes a pen from the table"
    },
    {
        "Video Name": "165ac6ef-931c-445a-af17-89a97310e80a",
        "Start Frame": 1560,
        "End Frame": 1680,
        "Caption": "#C C measures the ruler; #C C places the ruler on the table; #C C places the ruler on the table; #C C measures the paper tape with the ruler; #C C measures the paper tape with the ruler"
    },
    {
        "Video Name": "165ac6ef-931c-445a-af17-89a97310e80a",
        "Start Frame": 1680,
        "End Frame": 1800,
        "Caption": "#C C places the ruler on the table with his left; #C C draws a line on the table with the ruler; #C C marks the tape with the pen; #C C marks the table with the pen; #C C marks the table with the pen"
    },
    {
        "Video Name": "165ac6ef-931c-445a-af17-89a97310e80a",
        "Start Frame": 1800,
        "End Frame": 1920,
        "Caption": "#C C takes the paper tape from the table.; #C C pulls the tape.; #C C picks the paper tape on the table with his right; #C C removes the paper tape from the table with his right; #C C removes his right hand from the paper tape."
    },
    {
        "Video Name": "165ac6ef-931c-445a-af17-89a97310e80a",
        "Start Frame": 1920,
        "End Frame": 2040,
        "Caption": "#C C picks the paper tape from the table with his right; #C C removes the paper tape from the table; #C C takes the ruler off the table; #C C picks the paper tape from the table; #C C picks the paper tape from the table with his right"
    },
    {
        "Video Name": "165ac6ef-931c-445a-af17-89a97310e80a",
        "Start Frame": 2040,
        "End Frame": 2160,
        "Caption": "#C C measures the table with the ruler; #C C takes measurements on the table.; #C C measures the paper tape with the ruler.; #C C measures the tape on the table with the; #C C marks the tape with the pen."
    },
    {
        "Video Name": "165ac6ef-931c-445a-af17-89a97310e80a",
        "Start Frame": 2160,
        "End Frame": 2280,
        "Caption": "#C C Measures the sellotape; #C C places his right hand on the ruler; #C C places the ruler on the paper tape; #C C measures the tape with the ruler ; #C C measures the tape with the ruler "
    },
    {
        "Video Name": "165ac6ef-931c-445a-af17-89a97310e80a",
        "Start Frame": 2280,
        "End Frame": 2400,
        "Caption": "#C C takes the ruler from the table; #C C measures the tape.; #C C moves his right hand on the; #C C measures the tape with the ruler; #C C places the ruler on the table"
    },
    {
        "Video Name": "165ac6ef-931c-445a-af17-89a97310e80a",
        "Start Frame": 2400,
        "End Frame": 2520,
        "Caption": "#C C places the ruler on the table; #C C places his right hand on the ruler; #C C moves the paper tape on the table with his right; #C C measures the table with the ruler.; #C C puts the ruler on the table"
    },
    {
        "Video Name": "165ac6ef-931c-445a-af17-89a97310e80a",
        "Start Frame": 2520,
        "End Frame": 2640,
        "Caption": "#C C moves a ruler on the table with his left hand; #C C picks a ruler from the table.; #C C holds the ruler with his right hand; #C C picks the ruler from the table with his right hand; #C C removes the tape under the ruler"
    },
    {
        "Video Name": "165ac6ef-931c-445a-af17-89a97310e80a",
        "Start Frame": 2640,
        "End Frame": 2760,
        "Caption": "#C C measures the table ; #C C places the ruler on the table with both; #C C measures the table with the ruler; #C C places the ruler on the white tape.; #C C measures the paper tape with the ruler."
    },
    {
        "Video Name": "165ac6ef-931c-445a-af17-89a97310e80a",
        "Start Frame": 2760,
        "End Frame": 2880,
        "Caption": "#C C marks the paper tape with the pen; #C C marks the paper tape with the pen; #C C marks the paper tape with the pen; #C C marks the paper tape with the pen; #C C takes the paper tape from the table"
    },
    {
        "Video Name": "165ac6ef-931c-445a-af17-89a97310e80a",
        "Start Frame": 2880,
        "End Frame": 3000,
        "Caption": "#C C places the ruler on the table.; #C C moves the ruler on the table; #C C picks a ruler from the table with his left; #C C drops the ruler on the table; #C C places the ruler on the table"
    },
    {
        "Video Name": "165ac6ef-931c-445a-af17-89a97310e80a",
        "Start Frame": 3000,
        "End Frame": 3120,
        "Caption": "#C C removes the ruler from the table; #C C picks up the ruler; #C C picks the ruler from the table; #C C picks the ruler from the table; #C C takes the ruler from the table"
    },
    {
        "Video Name": "165ac6ef-931c-445a-af17-89a97310e80a",
        "Start Frame": 3120,
        "End Frame": 3240,
        "Caption": "#C C marks the measured part.; #C C marks the paper tape on the table with the pen; #C C marks the paper tape with the pen.; #C C marks the paper tape with the pen; #C C draws another line on the paper tape."
    },
    {
        "Video Name": "165ac6ef-931c-445a-af17-89a97310e80a",
        "Start Frame": 3240,
        "End Frame": 3360,
        "Caption": "#C C measures the paper tape with the ruler; #C C places the ruler on the white tape; #C C places the ruler on the table.; #C C measures the paper tape with the ruler; #C C marks the paper tape with the pen"
    },
    {
        "Video Name": "165ac6ef-931c-445a-af17-89a97310e80a",
        "Start Frame": 3360,
        "End Frame": 3480,
        "Caption": "#C C measures the paper tape with the ruler; #C C measures the paper tape with the ruler; #C C places his left hand on the ruler; #C C places the ruler on the table ; #C C measures the tape with the ruler "
    },
    {
        "Video Name": "165ac6ef-931c-445a-af17-89a97310e80a",
        "Start Frame": 3480,
        "End Frame": 3600,
        "Caption": "#C C marks the paper tape with the pen.; #C C takes measurements on the white tape with the ruler.; #C C marks the paper tape with the pen; #C C draws a line on the paper tape with the pen; #C C measures the paper tape."
    },
    {
        "Video Name": "165ac6ef-931c-445a-af17-89a97310e80a",
        "Start Frame": 3600,
        "End Frame": 3720,
        "Caption": "#C C adjusts the ruler with his hands; #C C places the foldable measuring tape on the white tape; #C C holds the ruler with both hands; #C C adjusts the ruler with his hands; #C C measures the paper tape with the ruler."
    },
    {
        "Video Name": "165ac6ef-931c-445a-af17-89a97310e80a",
        "Start Frame": 3720,
        "End Frame": 3840,
        "Caption": "#C C holds the ruler with both hands; #C C places his left hand on the; #C C folds the ruler; #C C folds the ruler; #C C removes the ruler from the table"
    },
    {
        "Video Name": "165ac6ef-931c-445a-af17-89a97310e80a",
        "Start Frame": 3840,
        "End Frame": 3960,
        "Caption": "#C C adjusts the ruler with his hands; #C C removes his right hand from the; #C C measures the table with the ruler; #C C measures the table with the ruler; #C C measures the table with the ruler"
    },
    {
        "Video Name": "165ac6ef-931c-445a-af17-89a97310e80a",
        "Start Frame": 3960,
        "End Frame": 4080,
        "Caption": "#C C marks the paper tape with the pen; #C C marks the paper tape with the pen; #C C marks the paper tape with the pen; #C C marks the paper tape with the pen; #C C marks the paper tape with the pen"
    },
    {
        "Video Name": "165ac6ef-931c-445a-af17-89a97310e80a",
        "Start Frame": 4080,
        "End Frame": 4200,
        "Caption": "#C C takes the ruler.; #C C adjusts the ruler with his right hand; #C C draws lines on the paper tape on the table with the pen; #C C draws the line with a pen; #C C places the ruler on the table."
    },
    {
        "Video Name": "165ac6ef-931c-445a-af17-89a97310e80a",
        "Start Frame": 4200,
        "End Frame": 4320,
        "Caption": "#C C marks the paper tape with the pen.; #C C marks the paper tape with the pen.; #C C marks the paper tape with the pen; #C C places the ruler on the table with his; #C C places his left hand on the ruler"
    },
    {
        "Video Name": "165ac6ef-931c-445a-af17-89a97310e80a",
        "Start Frame": 4320,
        "End Frame": 4440,
        "Caption": "#C C makes a mark on the white tape with the pen; #C C marks on the white tape with the pen.; #C C marks the paper tape with the pen.; #C C draws a line on the white tape.; #C C marks the paper tape with the pen"
    },
    {
        "Video Name": "165ac6ef-931c-445a-af17-89a97310e80a",
        "Start Frame": 4440,
        "End Frame": 4560,
        "Caption": "#C C places the ruler on the table; #C C takes the ruler.; #C C measures the table with the ruler; #C C takes the ruler from the table; #C C measures the paper tape."
    },
    {
        "Video Name": "165ac6ef-931c-445a-af17-89a97310e80a",
        "Start Frame": 4560,
        "End Frame": 4680,
        "Caption": "#C C marks the paper tape with the pen; #C C marks the paper tape with the pen; #C C marks the paper tape with the pen; #C C marks the white tape on the table with the; #C C marks the paper tape with the pen"
    },
    {
        "Video Name": "165ac6ef-931c-445a-af17-89a97310e80a",
        "Start Frame": 4680,
        "End Frame": 4800,
        "Caption": "#C C measures the paper tape with the ruler; #C C measures the white tape on the table.; #C C measures the tape with the ruler.; #C C measures the white tape on the table with the ruler; #C C places the ruler on the table."
    },
    {
        "Video Name": "165ac6ef-931c-445a-af17-89a97310e80a",
        "Start Frame": 4800,
        "End Frame": 4920,
        "Caption": "#C C makes a line on the paper tape with the pen; #C C makes a line on the paper tape with the pen; #C C places his left hand on the table; #C C marks the paper tape with the pen.; #C C puts a mark on the paper tape with the pen"
    },
    {
        "Video Name": "165ac6ef-931c-445a-af17-89a97310e80a",
        "Start Frame": 4920,
        "End Frame": 5040,
        "Caption": "#C C takes the ruler on the table; #C C puts the ruler on the table; #C C drops the ruler on the table; #C C moves the ruler on the table; #C C drops the ruler on the table"
    },
    {
        "Video Name": "165ac6ef-931c-445a-af17-89a97310e80a",
        "Start Frame": 5040,
        "End Frame": 5160,
        "Caption": "#C C picks the ruler from the table.; #C C picks up the ruler from the table.; #C C removes a ruler on the table; #C C places the ruler on the table; #C C removes the ruler on the table with his left"
    },
    {
        "Video Name": "165ac6ef-931c-445a-af17-89a97310e80a",
        "Start Frame": 5160,
        "End Frame": 5280,
        "Caption": "#C C places the masking tape on the table; #C C removes the paper tape from the table with his left; #C C removes the tape from the table with his left hand; #C C picks the ruler; #C C removes his left hand from the ruler"
    },
    {
        "Video Name": "165ac6ef-931c-445a-af17-89a97310e80a",
        "Start Frame": 5280,
        "End Frame": 5400,
        "Caption": "#C C cleans his hands with the masking tape; #C C drops the pen on the table; #C C rubs his hands together; #C C rubs his hands together; #C C rubs his hands"
    }
]