[
    {
        "Video Name": "166c7c0d-46e7-42d8-afbd-adf60417f0de",
        "Start Frame": 0,
        "End Frame": 120,
        "Caption": "#C C writes on the book on top of the table with the blue pen in her right hand; #C C writes in the book ; #C C writes on the book on top of the table with the red pen in her right hand; #C C writes on the book on top of the table with the blue pen in her right hand; #C C writes on the book with the pen in her right hand."
    },
    {
        "Video Name": "166c7c0d-46e7-42d8-afbd-adf60417f0de",
        "Start Frame": 120,
        "End Frame": 240,
        "Caption": "#C C writes on the book on top of the table with the red pen in her right hand; #C C writes in the book with the pen in her right hand.; #C C writes on the book on top of the table with the blue pen in her right hand; #C C writes on the book with the pen in her right hand.; #C C writes on the book with the pen in her right hand."
    },
    {
        "Video Name": "166c7c0d-46e7-42d8-afbd-adf60417f0de",
        "Start Frame": 240,
        "End Frame": 360,
        "Caption": "#C C writes on the book with the pen in her right hand.; #C C writes on the book ; #C C writes on the book; #C C writes on the book on top of the table with the blue pen in her right hand; #C C writes on the book with the pen in her right hand."
    },
    {
        "Video Name": "166c7c0d-46e7-42d8-afbd-adf60417f0de",
        "Start Frame": 360,
        "End Frame": 480,
        "Caption": "#C C writes on the book; #C C operates the phone with her left hand; #C C operates the phone with her left thumb; #C C operates the phone in her left hand; #C C operates the phone"
    },
    {
        "Video Name": "166c7c0d-46e7-42d8-afbd-adf60417f0de",
        "Start Frame": 480,
        "End Frame": 600,
        "Caption": "#C C looks at the; #C C writes on the; #C C writes on a; #C C looks at the; #C C looks at the"
    },
    {
        "Video Name": "166c7c0d-46e7-42d8-afbd-adf60417f0de",
        "Start Frame": 600,
        "End Frame": 720,
        "Caption": "#C C looks at the phone screen ; #C C writes on the book with the pen in her left hand; #C C writes on the book; #C C looks at the phone; #C C looks at the phone screen "
    },
    {
        "Video Name": "166c7c0d-46e7-42d8-afbd-adf60417f0de",
        "Start Frame": 720,
        "End Frame": 840,
        "Caption": "#C C picks the phone from the table with her right hand.; #C C touches the book; #C C operates the phone ; #C C flips a page of the book on the table with her left hand; #C C looks at the book"
    },
    {
        "Video Name": "166c7c0d-46e7-42d8-afbd-adf60417f0de",
        "Start Frame": 840,
        "End Frame": 960,
        "Caption": "#C C writes on the book; #C C writes on the book on top of the table with the blue pen in her right hand; #C C writes on the book with the pen in her right hand.; #C C writes on a book; #C C writes on the book "
    },
    {
        "Video Name": "166c7c0d-46e7-42d8-afbd-adf60417f0de",
        "Start Frame": 960,
        "End Frame": 1080,
        "Caption": "#C C writes on the book on top of the table with the blue pen in her right hand; #C C writes on a book; #C C writes on the book; #C C writes on the book on top of the table with the blue pen in her right hand; #C C writes on the book"
    },
    {
        "Video Name": "166c7c0d-46e7-42d8-afbd-adf60417f0de",
        "Start Frame": 1080,
        "End Frame": 1200,
        "Caption": "#C C writes on the book on top of the table with the pen in her right hand.; #C C writes on the book; #C C writes on the book on top of the table with the red pen in her right hand; #C C writes on the book; #C C writes on the book on top of the table with the blue pen in her right hand"
    },
    {
        "Video Name": "166c7c0d-46e7-42d8-afbd-adf60417f0de",
        "Start Frame": 1200,
        "End Frame": 1320,
        "Caption": "#C C writes on the book on top of the table with the blue pen in her left hand; #C C writes on the book on top of the table with the pen in her right hand.; #C C writes on the book; #C C writes on the book with the pen in her left hand.; #C C writes on a book"
    },
    {
        "Video Name": "166c7c0d-46e7-42d8-afbd-adf60417f0de",
        "Start Frame": 1320,
        "End Frame": 1440,
        "Caption": "#C C writes on the book with the pen in her right hand.; #C C writes on the book; #C C writes on a book with a pen ; #C C writes on the book with the pen in her right hand.; #C C writes on the book with the pen in her right hand."
    },
    {
        "Video Name": "166c7c0d-46e7-42d8-afbd-adf60417f0de",
        "Start Frame": 1440,
        "End Frame": 1560,
        "Caption": "#C C writes on a book with a pen ; #C C writes on a book with a pen in her right hand; #C C writes on a book ; #C C writes on a book; #C C writes on a book"
    },
    {
        "Video Name": "166c7c0d-46e7-42d8-afbd-adf60417f0de",
        "Start Frame": 1560,
        "End Frame": 1680,
        "Caption": "#C C writes on a book; #C C writes in the book on the table with the blue pen in her right hand.; #C C writes on the book on top of the table with the blue pen in her right hand; #C C writes on the book; #C C writes on the book with the pen in her right hand."
    },
    {
        "Video Name": "166c7c0d-46e7-42d8-afbd-adf60417f0de",
        "Start Frame": 1680,
        "End Frame": 1800,
        "Caption": "#C C writes on the book on top of the table with the blue pen in her left hand; #C C writes on the book; #C C writes on the book with the pen in her left hand.; #C C writes on the book on top of the table with the blue pen in her left hand; #C C operates the phone with her left thumb."
    },
    {
        "Video Name": "166c7c0d-46e7-42d8-afbd-adf60417f0de",
        "Start Frame": 1800,
        "End Frame": 1920,
        "Caption": "#C C writes on the book with the pen in her right hand.; #C C writes on a book; #C C writes on the book on top of the table with the pen in her right hand; #C C writes on the book ; #C C writes on the book with the pen in her right hand."
    },
    {
        "Video Name": "166c7c0d-46e7-42d8-afbd-adf60417f0de",
        "Start Frame": 1920,
        "End Frame": 2040,
        "Caption": "#C C writes on the book with the pen in her right hand; #C C writes on the book with the pen in her right hand; #C C writes on the book; #C C writes on a book; #C C writes in the book with the pen in her right hand"
    },
    {
        "Video Name": "166c7c0d-46e7-42d8-afbd-adf60417f0de",
        "Start Frame": 2040,
        "End Frame": 2160,
        "Caption": "#C C writes on the book on top of the table with the blue pen in her right hand; #C C writes on the book with the pen in her right hand.; #C C writes on the book ; #C C writes in the book with the pen in her right hand.; #C C writes on the book"
    },
    {
        "Video Name": "166c7c0d-46e7-42d8-afbd-adf60417f0de",
        "Start Frame": 2160,
        "End Frame": 2280,
        "Caption": "#C C writes on the book on top of the table with the blue pen in her right hand; #C C writes on the book on the table with the blue pen in her right hand.; #C C writes on a book; #C C writes on a book; #C C writes on the book on the table with the blue pen in her right hand."
    },
    {
        "Video Name": "166c7c0d-46e7-42d8-afbd-adf60417f0de",
        "Start Frame": 2280,
        "End Frame": 2400,
        "Caption": "#C C writes on the book on top of the table with the blue pen in her right hand; #C C writes on a book; #C C writes on the book on the table with the blue pen in her right hand.; #C C writes on a book; #C C writes on a book"
    },
    {
        "Video Name": "166c7c0d-46e7-42d8-afbd-adf60417f0de",
        "Start Frame": 2400,
        "End Frame": 2520,
        "Caption": "#C C writes on the book with the pen in her left hand.; #C C writes on the book on top of the table with the red pen in her left hand; #C C operates the phone with her left hand.; #C C writes on the book on top of the table with the pen in her right hand.; #C C operates the phone with her left thumb."
    },
    {
        "Video Name": "166c7c0d-46e7-42d8-afbd-adf60417f0de",
        "Start Frame": 2520,
        "End Frame": 2640,
        "Caption": "#C C operates the phone with her left hand; #C C operates the phone; #C C operates the phone; #C C operates the phone; #C C operates the phone"
    },
    {
        "Video Name": "166c7c0d-46e7-42d8-afbd-adf60417f0de",
        "Start Frame": 2640,
        "End Frame": 2760,
        "Caption": "#C C writes on the book on top of the table with the blue pen in her right hand; #C C writes on the book on the table with the blue pen in her right hand.; #C C writes on a book with a pen ; #C C writes on a book; #C C writes on the book on the table with the pen in her right hand."
    },
    {
        "Video Name": "166c7c0d-46e7-42d8-afbd-adf60417f0de",
        "Start Frame": 2760,
        "End Frame": 2880,
        "Caption": "#C C writes on the book; #C C writes on the book; #C C writes on the book with the pen in her right hand; #C C writes on a book; #C C writes on the book with the pen in her right hand"
    },
    {
        "Video Name": "166c7c0d-46e7-42d8-afbd-adf60417f0de",
        "Start Frame": 2880,
        "End Frame": 3000,
        "Caption": "#C C writes on the book on the table with the blue pen in her right hand; #C C writes on a book with a pen in her right hand.; #C C writes on the book; #C C writes on the book with the pen in her right hand.; #C C writes on the book"
    },
    {
        "Video Name": "166c7c0d-46e7-42d8-afbd-adf60417f0de",
        "Start Frame": 3000,
        "End Frame": 3120,
        "Caption": "#C C writes on the book; #C C writes on the book; #C C writes on the book with a pen ; #C C writes in the book on the table with the pen in her right hand.; #C C writes on the book on top of the table with the pen in her right hand"
    },
    {
        "Video Name": "166c7c0d-46e7-42d8-afbd-adf60417f0de",
        "Start Frame": 3120,
        "End Frame": 3240,
        "Caption": "#C C looks at the phone; #C C writes on the book on top of the table with the pen in her left hand; #C C writes on the book on top of the table with the pen in her left hand; #C C operates the phone with her left hand.; #C C writes on the book with the pen in her right hand."
    },
    {
        "Video Name": "166c7c0d-46e7-42d8-afbd-adf60417f0de",
        "Start Frame": 3240,
        "End Frame": 3360,
        "Caption": "#C C operates the phone with her left thumb; #C C operates the phone with her left hand; #C C operates the phone with her left hand; #C C operates the phone with her left hand; #C C writes on the book"
    },
    {
        "Video Name": "166c7c0d-46e7-42d8-afbd-adf60417f0de",
        "Start Frame": 3360,
        "End Frame": 3480,
        "Caption": "#C C types on the phone; #C C types on the phone; #C C operates the phone; #C C operates the phone with her left thumb; #C C operates the phone with her left hand"
    },
    {
        "Video Name": "166c7c0d-46e7-42d8-afbd-adf60417f0de",
        "Start Frame": 3480,
        "End Frame": 3600,
        "Caption": "#C C operates the phone; #C C operates the phone with her right hand.; #C C operates the phone with her right hand.; #C C operates the phone in her left hand with her right hand; #C C operates the phone"
    },
    {
        "Video Name": "166c7c0d-46e7-42d8-afbd-adf60417f0de",
        "Start Frame": 3600,
        "End Frame": 3720,
        "Caption": "#C C writes on the book with the pen in her left hand.; #C C presses the phone with her left hand.; #C C writes on the book on top of the table with the pen in her right hand; #C C writes on the book with the pen in her right hand.; #C C writes on a book"
    },
    {
        "Video Name": "166c7c0d-46e7-42d8-afbd-adf60417f0de",
        "Start Frame": 3720,
        "End Frame": 3840,
        "Caption": "#C C writes on a book; #C C writes on the book on the table with the pen in her right hand.; #C C writes on the book on top of the table with the blue pen in her right hand; #C C writes on a book; #C C writes on the book with the pen in her right hand."
    },
    {
        "Video Name": "166c7c0d-46e7-42d8-afbd-adf60417f0de",
        "Start Frame": 3840,
        "End Frame": 3960,
        "Caption": "#C C writes on the book; #C C writes on the book on the table with the blue pen in her right hand; #C C writes on the book; #C C writes on a book; #C C writes on the book"
    },
    {
        "Video Name": "166c7c0d-46e7-42d8-afbd-adf60417f0de",
        "Start Frame": 3960,
        "End Frame": 4080,
        "Caption": "#C C writes on a book; #C C writes on the book with the pen in her left hand.; #C C writes on the book on the table with the pen in her right hand; #C C presses the phone with her left thumb.; #C C writes on the book"
    },
    {
        "Video Name": "166c7c0d-46e7-42d8-afbd-adf60417f0de",
        "Start Frame": 4080,
        "End Frame": 4200,
        "Caption": "#C C writes on the notebook; #C C writes on the book with the pen in her right hand; #C C writes on the book; #C C writes on the book with the pen in her right hand; #C C writes on a book with a pen in her left hand"
    },
    {
        "Video Name": "166c7c0d-46e7-42d8-afbd-adf60417f0de",
        "Start Frame": 4200,
        "End Frame": 4320,
        "Caption": "#C C writes on a; #C C writes on the; #C C writes on a; #C C writes on a; #C C writes on a"
    },
    {
        "Video Name": "166c7c0d-46e7-42d8-afbd-adf60417f0de",
        "Start Frame": 4320,
        "End Frame": 4440,
        "Caption": "#C C drops the pen on the book with her right hand; #C C picks the pen from the table with her right hand; #C C drops the pen in her right hand on the table; #C C picks a pen from the table with her right hand; #C C picks the pen from the table with her right hand"
    },
    {
        "Video Name": "166c7c0d-46e7-42d8-afbd-adf60417f0de",
        "Start Frame": 4440,
        "End Frame": 4560,
        "Caption": "#C C writes on a book; #C C writes on the book on the table with the blue pen in her right hand; #C C writes on a book with a pen; #C C writes on the book with the pen in her right hand.; #C C writes on a book"
    },
    {
        "Video Name": "166c7c0d-46e7-42d8-afbd-adf60417f0de",
        "Start Frame": 4560,
        "End Frame": 4680,
        "Caption": "#C C writes on a book; #C C writes on the book; #C C operates the phone; #C C writes on a book with a pen; #C C writes in the book with the pen in her right hand"
    },
    {
        "Video Name": "166c7c0d-46e7-42d8-afbd-adf60417f0de",
        "Start Frame": 4680,
        "End Frame": 4800,
        "Caption": "#C C drops the pen on the table with her right hand.; #C C picks a pen from the table with her right hand.; #C C drops the pen on the table with her right hand.; #C C picks the pen on the notebook with her right hand.; #C C picks up the pen from the book with her right hand"
    },
    {
        "Video Name": "166c7c0d-46e7-42d8-afbd-adf60417f0de",
        "Start Frame": 4800,
        "End Frame": 4920,
        "Caption": "#C C picks the pen from the table with her right hand.; #C C picks a pen from a book on the table with her right hand; #C C picks a pen from the table with her right hand.; #C C picks the pen from the table with her right hand.; #C C drops the pen on the book on the table with her right hand"
    },
    {
        "Video Name": "166c7c0d-46e7-42d8-afbd-adf60417f0de",
        "Start Frame": 4920,
        "End Frame": 5040,
        "Caption": "#C C opens the book; #C C opens the book on the table with her right hand; #C C picks the book from the table with her left hand; #C C flips the book; #C C closes the book"
    },
    {
        "Video Name": "166c7c0d-46e7-42d8-afbd-adf60417f0de",
        "Start Frame": 5040,
        "End Frame": 5160,
        "Caption": "#C C writes on a book with a pen; #C C writes on a book with a pen ; #C C writes on a book with a pen; #C C writes on the book with the pen in her right hand; #C C writes on a book with a pen."
    },
    {
        "Video Name": "166c7c0d-46e7-42d8-afbd-adf60417f0de",
        "Start Frame": 5160,
        "End Frame": 5280,
        "Caption": "#C C writes on a book with a pen.; #C C writes on a book with a pen; #C C writes on the book with the pen in her right hand; #C C writes on the book with the pen in her right hand; #C C writes on a book with a pen."
    },
    {
        "Video Name": "166c7c0d-46e7-42d8-afbd-adf60417f0de",
        "Start Frame": 5280,
        "End Frame": 5400,
        "Caption": "#C C writes in the book with the pen in her right hand.; #C C writes on the book; #C C writes on a book with a pen in her right hand.; #C C writes on the book with a pen in her right hand.; #C C writes on the book on top of the table with the pen in her right hand"
    }
]