[
    {
        "Video Name": "16be5a25-4495-4064-96fd-658dd3863887",
        "Start Frame": 0,
        "End Frame": 120,
        "Caption": "#C C cycles along the road ; #C C cycles along the road ; #C C rides a bicycle on the; #C C moves his left hand; #C C cycles the bicycle"
    },
    {
        "Video Name": "16be5a25-4495-4064-96fd-658dd3863887",
        "Start Frame": 120,
        "End Frame": 240,
        "Caption": "#C C cycles on the; #C C rides a bicycle; #C C moves his left; #C C cycles on the; #C C rides a bicycle"
    },
    {
        "Video Name": "16be5a25-4495-4064-96fd-658dd3863887",
        "Start Frame": 240,
        "End Frame": 360,
        "Caption": "#C C cycles on the; #C C rides the bicycle; #C C cycles on the; #C C swings the right; #C C swings right hand"
    },
    {
        "Video Name": "16be5a25-4495-4064-96fd-658dd3863887",
        "Start Frame": 360,
        "End Frame": 480,
        "Caption": "#C C cycles on the road; #C C cycles along the road; #C C cycles along the road; #O person A cycles on the road; #C C rides the bicycle along the road"
    },
    {
        "Video Name": "16be5a25-4495-4064-96fd-658dd3863887",
        "Start Frame": 480,
        "End Frame": 600,
        "Caption": "#C C cycles the bicycle; #C C swings the left hand; #C C cycles along the road; #C C cycles along the road; #C C moves the left hand"
    },
    {
        "Video Name": "16be5a25-4495-4064-96fd-658dd3863887",
        "Start Frame": 600,
        "End Frame": 720,
        "Caption": "#C C cycles on the road; #C C holds the brake ; #C C rides a bicycle on the; #C C cycles along the road; #C C swings his right hand"
    },
    {
        "Video Name": "16be5a25-4495-4064-96fd-658dd3863887",
        "Start Frame": 720,
        "End Frame": 840,
        "Caption": "#C C cycles on the road; #C C cycles on the road; #C C cycles on the road; #C C cycles along the road; #C C cycles on the road"
    },
    {
        "Video Name": "16be5a25-4495-4064-96fd-658dd3863887",
        "Start Frame": 840,
        "End Frame": 960,
        "Caption": "#C C turns the bicycle right; #C C rides a bicycle; #C C rides the bicycle; #C C rides a bicycle on the; #C C cycles on the road"
    },
    {
        "Video Name": "16be5a25-4495-4064-96fd-658dd3863887",
        "Start Frame": 960,
        "End Frame": 1080,
        "Caption": "#C C cycles the bicycle ; #C C rides a bicycle; #C C turns right on the road; #C C cycles along the road; #C C rides a bicycle on the"
    },
    {
        "Video Name": "16be5a25-4495-4064-96fd-658dd3863887",
        "Start Frame": 1080,
        "End Frame": 1200,
        "Caption": "#C C turns left; #C C looks around the road ; #C C turns right; #C C turns left; #C C rides a bicycle on the"
    },
    {
        "Video Name": "16be5a25-4495-4064-96fd-658dd3863887",
        "Start Frame": 1200,
        "End Frame": 1320,
        "Caption": "#C C cycles on the road; #C C cycles along the road; #C C looks at the watch; #C C cycles along the road; #C C cycles on the road"
    },
    {
        "Video Name": "16be5a25-4495-4064-96fd-658dd3863887",
        "Start Frame": 1320,
        "End Frame": 1440,
        "Caption": "#C C rides the bicycle; #C C cycles on the; #C C rides the bicycle; #C C cycles on the; #C C cycles along the"
    },
    {
        "Video Name": "16be5a25-4495-4064-96fd-658dd3863887",
        "Start Frame": 1440,
        "End Frame": 1560,
        "Caption": "#C C rides a bicycle; #C C cycles on the road; #C C moves the left hand to the bicycle; #C C cycles along the road ; #C C rides a bicycle"
    },
    {
        "Video Name": "16be5a25-4495-4064-96fd-658dd3863887",
        "Start Frame": 1560,
        "End Frame": 1680,
        "Caption": "#C C cycles on the road; #C C rides a bicycle on the; #C C rides a bicycle ; #C C turns right ; #C C rides the bicycle"
    },
    {
        "Video Name": "16be5a25-4495-4064-96fd-658dd3863887",
        "Start Frame": 1680,
        "End Frame": 1800,
        "Caption": "#C C moves his hands; #C C rides a bicycle; #c c raises his left; #c c rides the bicycle; #C C lifts left hand"
    },
    {
        "Video Name": "16be5a25-4495-4064-96fd-658dd3863887",
        "Start Frame": 1800,
        "End Frame": 1920,
        "Caption": "#C C rides a bicycle on the; #C C swings the left hand; #C C cycles along the road; #C C swings right hand; #C C cycles on the road"
    },
    {
        "Video Name": "16be5a25-4495-4064-96fd-658dd3863887",
        "Start Frame": 1920,
        "End Frame": 2040,
        "Caption": "#C C rides a bicycle; #C C rides a bicycle on the road; #C C rides the mountain bike along the; #C C turns right; #C C looks at the left side"
    },
    {
        "Video Name": "16be5a25-4495-4064-96fd-658dd3863887",
        "Start Frame": 2040,
        "End Frame": 2160,
        "Caption": "#C C looks around the road; #C C rides a bicycle on the; #C C cycles on the road; #C C turns right side of the; #C C rides the bicycle "
    },
    {
        "Video Name": "16be5a25-4495-4064-96fd-658dd3863887",
        "Start Frame": 2160,
        "End Frame": 2280,
        "Caption": "#C C rides a bicycle; #C C looks around ; #C C lifts up the bicycle; #C C pushes a bicycle; #C C cycles a bicycle "
    },
    {
        "Video Name": "16be5a25-4495-4064-96fd-658dd3863887",
        "Start Frame": 2280,
        "End Frame": 2400,
        "Caption": "#C C cycles the bicycle on the; #C C starts to cycle; #c c moves towards the house; #C C rides a bicycle; #C C walks on the pavement"
    },
    {
        "Video Name": "16be5a25-4495-4064-96fd-658dd3863887",
        "Start Frame": 2400,
        "End Frame": 2520,
        "Caption": "#C C puts bike on the; #C C looks around; #C C stops the bicycle ; #C C takes a turn; #C C moves bicycle"
    },
    {
        "Video Name": "16be5a25-4495-4064-96fd-658dd3863887",
        "Start Frame": 2520,
        "End Frame": 2640,
        "Caption": "#C C wears the helmet; #C C wears the helmet; #C C removes the helmet; #C C wears the helmet; #C C removes helmet"
    },
    {
        "Video Name": "16be5a25-4495-4064-96fd-658dd3863887",
        "Start Frame": 2640,
        "End Frame": 2760,
        "Caption": "#C C puts helmet on; #C C walks on the; #C C looks around; #C C looks around; #C C closes the bicycle"
    },
    {
        "Video Name": "16be5a25-4495-4064-96fd-658dd3863887",
        "Start Frame": 2760,
        "End Frame": 2880,
        "Caption": "#C C raises hand; #C C looks around; #C C moves left; #C C looks around; #C C looks around"
    },
    {
        "Video Name": "16be5a25-4495-4064-96fd-658dd3863887",
        "Start Frame": 2880,
        "End Frame": 3000,
        "Caption": "#C C looks around ; #C C looks around; #C C looks around ; #C C looks around ; #C C walks around the"
    },
    {
        "Video Name": "16be5a25-4495-4064-96fd-658dd3863887",
        "Start Frame": 3000,
        "End Frame": 3120,
        "Caption": "#C C opens door; #C C opens a door ; #C C walks around the house; #C C opens door ; #C C walks out of the room"
    },
    {
        "Video Name": "16be5a25-4495-4064-96fd-658dd3863887",
        "Start Frame": 3120,
        "End Frame": 3240,
        "Caption": "#C C looks around the house; #C C walks around the house; #C C walks around the house; #C C walks around; #C C walks around the house"
    },
    {
        "Video Name": "16be5a25-4495-4064-96fd-658dd3863887",
        "Start Frame": 3240,
        "End Frame": 3360,
        "Caption": "#C C walks around the; #C C looks around; #C C walks around the; #C C walks around the; #C C walks in the"
    },
    {
        "Video Name": "16be5a25-4495-4064-96fd-658dd3863887",
        "Start Frame": 3360,
        "End Frame": 3480,
        "Caption": "#C C walks around; #c c puts the bottle down; #C C looks around the house ; #C C puts the flower on the; #C C moves around"
    },
    {
        "Video Name": "16be5a25-4495-4064-96fd-658dd3863887",
        "Start Frame": 3480,
        "End Frame": 3600,
        "Caption": "#C C walks around the; #c c walks around; #C C walks on the; #C C walks around; #C C walks around the"
    },
    {
        "Video Name": "16be5a25-4495-4064-96fd-658dd3863887",
        "Start Frame": 3600,
        "End Frame": 3720,
        "Caption": "#C C walks around; #C C walks around the house; #C C walks around the house; #C C walks towards the table; #C C walks towards the table"
    },
    {
        "Video Name": "16be5a25-4495-4064-96fd-658dd3863887",
        "Start Frame": 3720,
        "End Frame": 3840,
        "Caption": "#C C Picks a laptop; #C C picks a phone; #C C picks the phone; #C C picks a phone; #C C picks a phone from the floor with her right hand."
    },
    {
        "Video Name": "16be5a25-4495-4064-96fd-658dd3863887",
        "Start Frame": 3840,
        "End Frame": 3960,
        "Caption": "#C C puts the cable on the table; #C C picks up the charger; #C C places charger on the table; #C C places the charger on the table; #C C puts the cable on the table"
    },
    {
        "Video Name": "16be5a25-4495-4064-96fd-658dd3863887",
        "Start Frame": 3960,
        "End Frame": 4080,
        "Caption": "#C C removes charger; #C C puts the charger on the table; #C C connects the cable to the socket; #C C unplugs a charger from the socket; #C C unplugs the charger from the socket"
    },
    {
        "Video Name": "16be5a25-4495-4064-96fd-658dd3863887",
        "Start Frame": 4080,
        "End Frame": 4200,
        "Caption": "#C C connects charger to phone; #C C connects the charger on the; #C C removes the charger from the; #C C inserts charger in the phone; #C C connects the cable to the"
    },
    {
        "Video Name": "16be5a25-4495-4064-96fd-658dd3863887",
        "Start Frame": 4200,
        "End Frame": 4320,
        "Caption": "#C C connects the charger to the socket; #C C connects the charger on the cable; #C C inserts charger; #C C connects the charger to the socket; #C C plugs the charger in the socket"
    },
    {
        "Video Name": "16be5a25-4495-4064-96fd-658dd3863887",
        "Start Frame": 4320,
        "End Frame": 4440,
        "Caption": "#C C adjusts the phone; #C C puts on the phone; #C C uses a phone; #C C puts phone on the; #C C picks up a phone"
    },
    {
        "Video Name": "16be5a25-4495-4064-96fd-658dd3863887",
        "Start Frame": 4440,
        "End Frame": 4560,
        "Caption": "#C C operates the phone; #C C operates the phone; #C C scrolls the phone; #C C types on the; #c c scrolls the phone"
    },
    {
        "Video Name": "16be5a25-4495-4064-96fd-658dd3863887",
        "Start Frame": 4560,
        "End Frame": 4680,
        "Caption": "#C C holds a phone; #C C stares at the phone; #c c presses phone; #C C operates phone; #C C looks at the phone"
    },
    {
        "Video Name": "16be5a25-4495-4064-96fd-658dd3863887",
        "Start Frame": 4680,
        "End Frame": 4800,
        "Caption": "#C C uses the; #c c scrolls the; #C C operates the; #C C scrolls the; #C C uses the"
    },
    {
        "Video Name": "16be5a25-4495-4064-96fd-658dd3863887",
        "Start Frame": 4800,
        "End Frame": 4920,
        "Caption": "#C C removes the phone from the; #C C uses the phone; #c c holds phone; #C C scrolls the phone ; #C C dials phone"
    },
    {
        "Video Name": "16be5a25-4495-4064-96fd-658dd3863887",
        "Start Frame": 4920,
        "End Frame": 5040,
        "Caption": "#C C scrolls the; #C C scrolls the; #C C uses the; #C C scrolls the; #c c scrolls the"
    },
    {
        "Video Name": "16be5a25-4495-4064-96fd-658dd3863887",
        "Start Frame": 5040,
        "End Frame": 5160,
        "Caption": "#C C uses phone; #C C uses the phone; #C C sits on the; #C C scrolls the phone; #C C dials phone"
    },
    {
        "Video Name": "16be5a25-4495-4064-96fd-658dd3863887",
        "Start Frame": 5160,
        "End Frame": 5280,
        "Caption": "#C C walks in the house; #C C walks around the house; #C C walks in the house; #C C walks in the house; #C C walks around the house"
    },
    {
        "Video Name": "16be5a25-4495-4064-96fd-658dd3863887",
        "Start Frame": 5280,
        "End Frame": 5400,
        "Caption": "#C C picks a bag; #C C walks around the house; #C C walks around the house; #C C picks the bag ; #C C puts the bag down"
    }
]