[
    {
        "Video Name": "16d52a53-28f8-408a-9b18-b99f7a25c507",
        "Start Frame": 0,
        "End Frame": 120,
        "Caption": "#C C welds the metal with the welding; #C C welds the metal; #C C welds the steel rod ; #C C welds the metal; #C C welds the metal"
    },
    {
        "Video Name": "16d52a53-28f8-408a-9b18-b99f7a25c507",
        "Start Frame": 120,
        "End Frame": 240,
        "Caption": "#C C welds the metal; #C C welds the metal; #C C welds the metal rod; #C C welds metal rod; #C C welds the metal"
    },
    {
        "Video Name": "16d52a53-28f8-408a-9b18-b99f7a25c507",
        "Start Frame": 240,
        "End Frame": 360,
        "Caption": "#C C welds the metal with the welding; #C C welds the metal; #C C welds the metal; #C C welds the metal; #C C welds the metal"
    },
    {
        "Video Name": "16d52a53-28f8-408a-9b18-b99f7a25c507",
        "Start Frame": 360,
        "End Frame": 480,
        "Caption": "#C C welds the metal; #C C welds the metal; #C C welds the metal; #C C welds the metal; #C C welds the metal"
    },
    {
        "Video Name": "16d52a53-28f8-408a-9b18-b99f7a25c507",
        "Start Frame": 480,
        "End Frame": 600,
        "Caption": "#C C welds the metal rod with welding machine; #C C welds the metal with the welding machine; #C C welds the metal ; #C C welds the metal rod; #C C welds the metal"
    },
    {
        "Video Name": "16d52a53-28f8-408a-9b18-b99f7a25c507",
        "Start Frame": 600,
        "End Frame": 720,
        "Caption": "#C C welds the metal; #C C welds the metal; #C C welds the metal with the welding; #C C welds the metal; #C C welds a metal rod"
    },
    {
        "Video Name": "16d52a53-28f8-408a-9b18-b99f7a25c507",
        "Start Frame": 720,
        "End Frame": 840,
        "Caption": "#C C welds the metal; #C C welds the metal; #C C welds the metal; #C C welds the metal; #C C welds the metal"
    },
    {
        "Video Name": "16d52a53-28f8-408a-9b18-b99f7a25c507",
        "Start Frame": 840,
        "End Frame": 960,
        "Caption": "#C C welds a metal; #C C welds the metal; #C C welds the metal rod with the welding machine; #C C welds the metal; #C C welds a metal"
    },
    {
        "Video Name": "16d52a53-28f8-408a-9b18-b99f7a25c507",
        "Start Frame": 960,
        "End Frame": 1080,
        "Caption": "#C C welds the metal rod; #C C welds the metal rod; #C C welds the metal; #C C welds the metal bar ; #C C welds the metal with the welding"
    },
    {
        "Video Name": "16d52a53-28f8-408a-9b18-b99f7a25c507",
        "Start Frame": 1080,
        "End Frame": 1200,
        "Caption": "#C C welds the metal; #C C welds the metal; #C C welds the metal; #C C welds the metal; #C C welds the metal"
    },
    {
        "Video Name": "16d52a53-28f8-408a-9b18-b99f7a25c507",
        "Start Frame": 1200,
        "End Frame": 1320,
        "Caption": "#C C welds the metal ; #C C welds the metal with the welding; #C C welds the metal; #C C welds the metal; #C C welds the metal rod with welding"
    },
    {
        "Video Name": "16d52a53-28f8-408a-9b18-b99f7a25c507",
        "Start Frame": 1320,
        "End Frame": 1440,
        "Caption": "#C C welds the metal with the welding; #C C welds the metal with the welding; #C C welds the metal; #C C welds the metal; #C C welds the metal with the welding"
    },
    {
        "Video Name": "16d52a53-28f8-408a-9b18-b99f7a25c507",
        "Start Frame": 1440,
        "End Frame": 1560,
        "Caption": "#C C welds a metal; #C C welds the metal rod; #C C welds the metal rod; #C C welds the metal; #C C welds the metal"
    },
    {
        "Video Name": "16d52a53-28f8-408a-9b18-b99f7a25c507",
        "Start Frame": 1560,
        "End Frame": 1680,
        "Caption": "#C C welds the metal with the welding; #C C welds a metal; #C C welds the metal; #C C welds the metal; #C C welds the metal"
    },
    {
        "Video Name": "16d52a53-28f8-408a-9b18-b99f7a25c507",
        "Start Frame": 1680,
        "End Frame": 1800,
        "Caption": "#C C puts a metal on the floor; #C C puts the metal on the floor; #c c puts the metal rod down; #C C puts the welding machine on the; #C C puts the metal rod on the"
    },
    {
        "Video Name": "16d52a53-28f8-408a-9b18-b99f7a25c507",
        "Start Frame": 1800,
        "End Frame": 1920,
        "Caption": "#C C puts the welding gun on the floor; #C C puts the welding machine on the floor; #C C puts welding machine on the floor; #C C puts the welding gun on the floor; #O man X puts the welding gun on the"
    },
    {
        "Video Name": "16d52a53-28f8-408a-9b18-b99f7a25c507",
        "Start Frame": 1920,
        "End Frame": 2040,
        "Caption": "#O man Y adjusts a metal rod; #C C converses with A man X; #O man X touches the metal; #C C speaks to O; #C C looks around"
    },
    {
        "Video Name": "16d52a53-28f8-408a-9b18-b99f7a25c507",
        "Start Frame": 2040,
        "End Frame": 2160,
        "Caption": "#C C looks around ; #O man X talks to C; #C C converses with man Z; #C C interacts with man X; #C C looks at man X"
    },
    {
        "Video Name": "16d52a53-28f8-408a-9b18-b99f7a25c507",
        "Start Frame": 2160,
        "End Frame": 2280,
        "Caption": "#C C picks a welding machine; #C C picks welding machine ; #C C picks a welding machine; #C C picks a welding machine; #c c picks a welding machine"
    },
    {
        "Video Name": "16d52a53-28f8-408a-9b18-b99f7a25c507",
        "Start Frame": 2280,
        "End Frame": 2400,
        "Caption": "#C C welds the; #C C welds the; #C C welds the; #C C welds the; #C C welds the"
    },
    {
        "Video Name": "16d52a53-28f8-408a-9b18-b99f7a25c507",
        "Start Frame": 2400,
        "End Frame": 2520,
        "Caption": "#C C welds a metal; #C C welds the metal; #C C welds the metal; #C C welds the metal; #C C welds a metal"
    },
    {
        "Video Name": "16d52a53-28f8-408a-9b18-b99f7a25c507",
        "Start Frame": 2520,
        "End Frame": 2640,
        "Caption": "#C C picks a welding machine from the floor; #O man D puts the metal on the floor; #O person Z picks welding machine.; #O A person B picks a metal; #C C picks welding machine "
    },
    {
        "Video Name": "16d52a53-28f8-408a-9b18-b99f7a25c507",
        "Start Frame": 2640,
        "End Frame": 2760,
        "Caption": "#C C welds the metal with the welding; #C C welds the metal; #C C welds the metal rod ; #C C welds the metal; #C C welds the metal with the welding"
    },
    {
        "Video Name": "16d52a53-28f8-408a-9b18-b99f7a25c507",
        "Start Frame": 2760,
        "End Frame": 2880,
        "Caption": "#C C welds the metal with the welding machine; #C C welds the metal with the welding machine; #C C welds the metal rod with a welding; #C C welds the metal with the welding machine; #C C welds a metal"
    },
    {
        "Video Name": "16d52a53-28f8-408a-9b18-b99f7a25c507",
        "Start Frame": 2880,
        "End Frame": 3000,
        "Caption": "#C C welds the; #C C welds the; #C C welds the; #C C welds the; #C C welds the"
    },
    {
        "Video Name": "16d52a53-28f8-408a-9b18-b99f7a25c507",
        "Start Frame": 3000,
        "End Frame": 3120,
        "Caption": "#C C welds a metal; #C C welds the metal; #C C welds the metal; #C C welds the metal rod ; #C C welds the metal with the welding"
    },
    {
        "Video Name": "16d52a53-28f8-408a-9b18-b99f7a25c507",
        "Start Frame": 3120,
        "End Frame": 3240,
        "Caption": "#C C welds a metal; #C C welds the metal; #C C welds the metal rod with the welding; #C C welds a metal; #C C welds the metal rod with a welding"
    },
    {
        "Video Name": "16d52a53-28f8-408a-9b18-b99f7a25c507",
        "Start Frame": 3240,
        "End Frame": 3360,
        "Caption": "#C C welds the metal rod with a welding machine; #C C welds a metal; #C C welds the metal; #C C welds a metal; #C C welds the metal"
    },
    {
        "Video Name": "16d52a53-28f8-408a-9b18-b99f7a25c507",
        "Start Frame": 3360,
        "End Frame": 3480,
        "Caption": "#C C welds the metal rod; #C C welds a metal ; #C C welds the metal with the welding machine; #C C welds the metal rod; #C C welds the metal rod with a welding"
    },
    {
        "Video Name": "16d52a53-28f8-408a-9b18-b99f7a25c507",
        "Start Frame": 3480,
        "End Frame": 3600,
        "Caption": "#C C welds the; #C C welds the; #C C welds the; #C C welds the; #C C welds the"
    },
    {
        "Video Name": "16d52a53-28f8-408a-9b18-b99f7a25c507",
        "Start Frame": 3600,
        "End Frame": 3720,
        "Caption": "#C C welds the metal; #C C welds metal; #C C welds the metal; #C C welds the metal rod; #C C welds the metal"
    },
    {
        "Video Name": "16d52a53-28f8-408a-9b18-b99f7a25c507",
        "Start Frame": 3720,
        "End Frame": 3840,
        "Caption": "#O Person A converses with C; #C C looks around; #O A man Y holds a welding; #C C looks around; #O man X puts welding gun down"
    },
    {
        "Video Name": "16d52a53-28f8-408a-9b18-b99f7a25c507",
        "Start Frame": 3840,
        "End Frame": 3960,
        "Caption": "#c c puts the welding machine down; #c c picks a welding gun; #C C puts the welding gun on the; #C C picks welding machine ; #C C picks a welding machine "
    },
    {
        "Video Name": "16d52a53-28f8-408a-9b18-b99f7a25c507",
        "Start Frame": 3960,
        "End Frame": 4080,
        "Caption": "#C C welds a metal; #C C welds the metal with the welding; #C C welds the metal; #C C welds the metal; #C C welds the metal rod"
    },
    {
        "Video Name": "16d52a53-28f8-408a-9b18-b99f7a25c507",
        "Start Frame": 4080,
        "End Frame": 4200,
        "Caption": "#C C welds the metal bar; #C C welds a metal ; #C C welds the metal rod; #C C welds a metal; #C C welds the metal"
    },
    {
        "Video Name": "16d52a53-28f8-408a-9b18-b99f7a25c507",
        "Start Frame": 4200,
        "End Frame": 4320,
        "Caption": "#c c picks a  metal; #C C picks the electrode holder; #C C picks the welding gun; #C C picks the welding gun; #C C picks a welding gun"
    },
    {
        "Video Name": "16d52a53-28f8-408a-9b18-b99f7a25c507",
        "Start Frame": 4320,
        "End Frame": 4440,
        "Caption": "#C C welds the metal; #C C welds a steel; #C C welds the steel; #C C welds a steel; #C C welds the metal"
    },
    {
        "Video Name": "16d52a53-28f8-408a-9b18-b99f7a25c507",
        "Start Frame": 4440,
        "End Frame": 4560,
        "Caption": "#O person Y talks to C ; #O a man B talks to C; #C C looks at man A ; #C C converses with A man X; #O man S moves his hand "
    },
    {
        "Video Name": "16d52a53-28f8-408a-9b18-b99f7a25c507",
        "Start Frame": 4560,
        "End Frame": 4680,
        "Caption": "#C C points at the floor; #C C points at the floor; #C C points at a man; #C C points at the ground; #C C points at the metal"
    },
    {
        "Video Name": "16d52a53-28f8-408a-9b18-b99f7a25c507",
        "Start Frame": 4680,
        "End Frame": 4800,
        "Caption": "#C C welds the metal rod; #C C welds the steel rod with the welding; #C C welds a metal ; #C C welds the metal rod; #C C welds the metal"
    },
    {
        "Video Name": "16d52a53-28f8-408a-9b18-b99f7a25c507",
        "Start Frame": 4800,
        "End Frame": 4920,
        "Caption": "#C C welds the metal; #C C welds the metal; #C C welds the metal; #C C welds the metal; #C C welds the metal"
    },
    {
        "Video Name": "16d52a53-28f8-408a-9b18-b99f7a25c507",
        "Start Frame": 4920,
        "End Frame": 5040,
        "Caption": "#c c welds the metal; #C C welds the metal bar with a welding machine; #C C welds the metal rod with a welding machine; #C C welds the metal rod; #C C welds the metal rod"
    },
    {
        "Video Name": "16d52a53-28f8-408a-9b18-b99f7a25c507",
        "Start Frame": 5040,
        "End Frame": 5160,
        "Caption": "#C C welds a metal; #C C welds the metal; #C C welds the metal rod with a welding; #C C welds the metal with the welding machine; #C C welds the metal with the welding machine"
    },
    {
        "Video Name": "16d52a53-28f8-408a-9b18-b99f7a25c507",
        "Start Frame": 5160,
        "End Frame": 5280,
        "Caption": "#C C welds the metal rod with electrical arc; #C C welds the metal rod with the welding machine; #C C welds the metal; #C C welds the metal; #C C welds the metal"
    },
    {
        "Video Name": "16d52a53-28f8-408a-9b18-b99f7a25c507",
        "Start Frame": 5280,
        "End Frame": 5400,
        "Caption": "#C C welds a metal; #C C welds the metal with the welding; #C C welds the metal; #C C welds the metal; #C C welds the metal with the welding"
    }
]