[
    {
        "Video Name": "176564fc-6def-40f2-9e4d-2503a4b6fd36",
        "Start Frame": 0,
        "End Frame": 120,
        "Caption": "#O The woman A climbs the bouldering wall with both hands; #O The woman N climbs the bouldering wall with both hands; #O The woman P jumps down from the bouldering wall.; #O The woman B jumps down from the bouldering wall.; #O The woman G climbs the bouldering wall with both hands"
    },
    {
        "Video Name": "176564fc-6def-40f2-9e4d-2503a4b6fd36",
        "Start Frame": 120,
        "End Frame": 240,
        "Caption": "#C C looks around; #O A man A walks away; #C C looks around; #C C walks around the room ; #O A woman B claps her hands"
    },
    {
        "Video Name": "176564fc-6def-40f2-9e4d-2503a4b6fd36",
        "Start Frame": 240,
        "End Frame": 360,
        "Caption": "#O A man T walks towards the bouldering wall.; #O A woman D walks towards the bouldering wall.; #C C looks around; #O A man Z walks towards the bouldering wall.; #O A man J touches the woman X with his left hand"
    },
    {
        "Video Name": "176564fc-6def-40f2-9e4d-2503a4b6fd36",
        "Start Frame": 360,
        "End Frame": 480,
        "Caption": "#C C looks around the room ; #C C looks around; #O A woman B converses with; #C C turns to the left; #C C looks around"
    },
    {
        "Video Name": "176564fc-6def-40f2-9e4d-2503a4b6fd36",
        "Start Frame": 480,
        "End Frame": 600,
        "Caption": "#C C walks towards a man K; #C C looks around ; #C C looks around ; #C C looks around; #C C looks around"
    },
    {
        "Video Name": "176564fc-6def-40f2-9e4d-2503a4b6fd36",
        "Start Frame": 600,
        "End Frame": 720,
        "Caption": "#O The woman H adjusts a camera on her head with both hands; #C C turns around; #C C walks around ; #C C looks around; #O The woman F adjusts her camera with both hands."
    },
    {
        "Video Name": "176564fc-6def-40f2-9e4d-2503a4b6fd36",
        "Start Frame": 720,
        "End Frame": 840,
        "Caption": "#C C looks around; #C C looks around the room; #C C looks around; #C C looks around ; #C C looks around"
    },
    {
        "Video Name": "176564fc-6def-40f2-9e4d-2503a4b6fd36",
        "Start Frame": 840,
        "End Frame": 960,
        "Caption": "#O a woman B adjusts her camera; #C C looks around the room; #O A woman Y holds a camera with both hands; #C C looks around; #C C looks around"
    },
    {
        "Video Name": "176564fc-6def-40f2-9e4d-2503a4b6fd36",
        "Start Frame": 960,
        "End Frame": 1080,
        "Caption": "#C C rubs the palms of both hands together; #C C claps hands; #C C does hand movement; #C C rubs his hands ; #C C looks at his hands"
    },
    {
        "Video Name": "176564fc-6def-40f2-9e4d-2503a4b6fd36",
        "Start Frame": 1080,
        "End Frame": 1200,
        "Caption": "#C C adjusts the camera; #O a woman A points at the climbing; #C C raises his hand ; #O A woman B lifts his hand ; #C C looks around the room"
    },
    {
        "Video Name": "176564fc-6def-40f2-9e4d-2503a4b6fd36",
        "Start Frame": 1200,
        "End Frame": 1320,
        "Caption": "#C C looks around; #C C stares at lady p; #C C looks at a lady; #C C looks around the room; #O A woman X looks at"
    },
    {
        "Video Name": "176564fc-6def-40f2-9e4d-2503a4b6fd36",
        "Start Frame": 1320,
        "End Frame": 1440,
        "Caption": "#O a woman A puts on a; #O A man X looks around the; #O a person B removes shoes; #O a woman Z removes a shoe; #C C looks at the colleagues "
    },
    {
        "Video Name": "176564fc-6def-40f2-9e4d-2503a4b6fd36",
        "Start Frame": 1440,
        "End Frame": 1560,
        "Caption": "#C C adjusts his shoe; #O A woman D holds her shoe with both hands; #O A woman A sits on a chair.; #C C looks around the room; #C C sits down"
    },
    {
        "Video Name": "176564fc-6def-40f2-9e4d-2503a4b6fd36",
        "Start Frame": 1560,
        "End Frame": 1680,
        "Caption": "#C C looks around the room; #C C looks around the room ; #C C looks around the room; #C C drops the shoe on the ground with her right hand; #C C looks at the shoes "
    },
    {
        "Video Name": "176564fc-6def-40f2-9e4d-2503a4b6fd36",
        "Start Frame": 1680,
        "End Frame": 1800,
        "Caption": "#C C looks around the room ; #C C holds the shoe with his right hand; #C C adjusts the shoe with both hands.; #C C removes the shoe; #C C moves the shoes"
    },
    {
        "Video Name": "176564fc-6def-40f2-9e4d-2503a4b6fd36",
        "Start Frame": 1800,
        "End Frame": 1920,
        "Caption": "#C C drops the shoe on the floor with his left hand; #C C pulls the shoe ; #C C holds a shoe; #C C removes the shoe; #O The woman Y drops the shoe on the floor with her left hand"
    },
    {
        "Video Name": "176564fc-6def-40f2-9e4d-2503a4b6fd36",
        "Start Frame": 1920,
        "End Frame": 2040,
        "Caption": "#C C adjusts himself; #C C stretches his legs; #C C lifts his hands; #C C moves his hands; #C C moves his legs"
    },
    {
        "Video Name": "176564fc-6def-40f2-9e4d-2503a4b6fd36",
        "Start Frame": 2040,
        "End Frame": 2160,
        "Caption": "#O The man X adjusts his left leg.; #C C Looks around the room; #O A woman X adjusts herself; #C C looks around the room ; #C C looks around the room"
    },
    {
        "Video Name": "176564fc-6def-40f2-9e4d-2503a4b6fd36",
        "Start Frame": 2160,
        "End Frame": 2280,
        "Caption": "#O A woman X adjusts her shoes with both hands; #O A man Y moves his legs; #C C looks around the room ; #C C looks around the room; #O A man X stretches his hands "
    },
    {
        "Video Name": "176564fc-6def-40f2-9e4d-2503a4b6fd36",
        "Start Frame": 2280,
        "End Frame": 2400,
        "Caption": "#O A man F adjusts himself.; #O A man B adjusts himself; #O The man X raises his right hand; #C C puts his hands on his legs; #C C Lifts the hands"
    },
    {
        "Video Name": "176564fc-6def-40f2-9e4d-2503a4b6fd36",
        "Start Frame": 2400,
        "End Frame": 2520,
        "Caption": "#C C looks around the room; #C C looks around the room; #C C looks around the room; #C C looks around the room; #C C looks around the room"
    },
    {
        "Video Name": "176564fc-6def-40f2-9e4d-2503a4b6fd36",
        "Start Frame": 2520,
        "End Frame": 2640,
        "Caption": "#C C looks around the room.; #C C looks at the lady Y; #O a woman Y places her hand on her leg; #O The woman X adjusts her hair with her right hand; #C C looks around the room."
    },
    {
        "Video Name": "176564fc-6def-40f2-9e4d-2503a4b6fd36",
        "Start Frame": 2640,
        "End Frame": 2760,
        "Caption": "#C C looks around the room; #C C looks around the room; #C C looks around the room; #C C looks around the room; #C C looks around the room"
    },
    {
        "Video Name": "176564fc-6def-40f2-9e4d-2503a4b6fd36",
        "Start Frame": 2760,
        "End Frame": 2880,
        "Caption": "#C C looks around the room; #C C looks at the colleagues; #C C looks around the room; #C C looks at the floor; #C C looks around the room"
    },
    {
        "Video Name": "176564fc-6def-40f2-9e4d-2503a4b6fd36",
        "Start Frame": 2880,
        "End Frame": 3000,
        "Caption": "#C C adjusts his camera with both hands; #C C looks around the room; #C C looks around the room; #O A man Z adjusts his hands; #C C looks around the room"
    },
    {
        "Video Name": "176564fc-6def-40f2-9e4d-2503a4b6fd36",
        "Start Frame": 3000,
        "End Frame": 3120,
        "Caption": "#C C looks around the room; #C C looks around the room; #O The woman Y removes the shoe on her left leg with both hands; #C C looks around the room; #C C stares a round"
    },
    {
        "Video Name": "176564fc-6def-40f2-9e4d-2503a4b6fd36",
        "Start Frame": 3120,
        "End Frame": 3240,
        "Caption": "#C C stretches both hands forward; #C C looks around ; #C C stretches his hands ; #C C lowers his hands; #C C looks around"
    },
    {
        "Video Name": "176564fc-6def-40f2-9e4d-2503a4b6fd36",
        "Start Frame": 3240,
        "End Frame": 3360,
        "Caption": "#O A woman X adjusts the; #C C adjusts the camera; #C C shakes his head; #C C looks around the room; #O A woman W sits"
    },
    {
        "Video Name": "176564fc-6def-40f2-9e4d-2503a4b6fd36",
        "Start Frame": 3360,
        "End Frame": 3480,
        "Caption": "#C C looks around the room; #C C looks around the room; #C C looks at the colleagues; #C C adjusts camera; #C C stares at the floor"
    },
    {
        "Video Name": "176564fc-6def-40f2-9e4d-2503a4b6fd36",
        "Start Frame": 3480,
        "End Frame": 3600,
        "Caption": "#O A woman B adjusts; #C C folds his hands; #O a woman G adjusts; #C C stretches his right; #O A woman D adjusts"
    },
    {
        "Video Name": "176564fc-6def-40f2-9e4d-2503a4b6fd36",
        "Start Frame": 3600,
        "End Frame": 3720,
        "Caption": "#O A woman R adjusts her spect; #C C looks around the room ; #C C looks around the room; #C C looks around the room; #O A woman W adjusts her hand"
    },
    {
        "Video Name": "176564fc-6def-40f2-9e4d-2503a4b6fd36",
        "Start Frame": 3720,
        "End Frame": 3840,
        "Caption": "#C C moves his hand ; #O A woman Z adjusts her glasses with her right hand; #C C looks around the room; #O A man W looks at his hand; #O A woman Y adjusts her camera"
    },
    {
        "Video Name": "176564fc-6def-40f2-9e4d-2503a4b6fd36",
        "Start Frame": 3840,
        "End Frame": 3960,
        "Caption": "#C C moves his hand ; #O A woman B adjusts her camera with her left hand.; #C C stretches his hands; #O The woman V adjusts her left shoe with both hands.; #O A man Z adjusts his left sleeve with his right hand"
    },
    {
        "Video Name": "176564fc-6def-40f2-9e4d-2503a4b6fd36",
        "Start Frame": 3960,
        "End Frame": 4080,
        "Caption": "#C C raises his right hand; #C C stares at a man; #C C lifts his hands; #C C moves the hands; #C C moves his hands"
    },
    {
        "Video Name": "176564fc-6def-40f2-9e4d-2503a4b6fd36",
        "Start Frame": 4080,
        "End Frame": 4200,
        "Caption": "#O A woman W adjusts her hands; #O A man W gestures with his; #O A woman Y adjusts her hair; #O A woman X adjusts her hands; #O A man P adjusts his hair"
    },
    {
        "Video Name": "176564fc-6def-40f2-9e4d-2503a4b6fd36",
        "Start Frame": 4200,
        "End Frame": 4320,
        "Caption": "#O A woman X adjusts her hair with her left hand; #C C looks around the room; #O A man Y holds his hands together; #O A woman D adjusts her hands; #O A man Y adjusts himself"
    },
    {
        "Video Name": "176564fc-6def-40f2-9e4d-2503a4b6fd36",
        "Start Frame": 4320,
        "End Frame": 4440,
        "Caption": "#C C looks around the; #C C looks around the; #C C looks around the; #C C looks around the; #C C looks around the"
    },
    {
        "Video Name": "176564fc-6def-40f2-9e4d-2503a4b6fd36",
        "Start Frame": 4440,
        "End Frame": 4560,
        "Caption": "#O The woman X exercises with the group of people.; #C C looks at the hands; #O A woman X puts her hands together; #C C looks around the room; #O The woman X operates the mobile phone with both hands"
    },
    {
        "Video Name": "176564fc-6def-40f2-9e4d-2503a4b6fd36",
        "Start Frame": 4560,
        "End Frame": 4680,
        "Caption": "#C C looks around the room; #O A woman Y holds her hands; #C C looks around the room; #C C looks around the room; #C C stretches his hands"
    },
    {
        "Video Name": "176564fc-6def-40f2-9e4d-2503a4b6fd36",
        "Start Frame": 4680,
        "End Frame": 4800,
        "Caption": "#O A woman X adjusts; #C C looks around the; #C C holds the hands; #C C looks around the; #C C looks around the"
    },
    {
        "Video Name": "176564fc-6def-40f2-9e4d-2503a4b6fd36",
        "Start Frame": 4800,
        "End Frame": 4920,
        "Caption": "#O A woman Z adjusts her legs; #O A man X adjusts himself; #C C stretches his fingers ; #O A man G adjusts his hands; #O A man Y places his hands on his"
    },
    {
        "Video Name": "176564fc-6def-40f2-9e4d-2503a4b6fd36",
        "Start Frame": 4920,
        "End Frame": 5040,
        "Caption": "#O A man X touches his face; #O A woman X adjusts her hands; #O A woman W adjusts her hair with both hands; #O A woman W adjusts her hands; #O A woman W adjusts her hands"
    },
    {
        "Video Name": "176564fc-6def-40f2-9e4d-2503a4b6fd36",
        "Start Frame": 5040,
        "End Frame": 5160,
        "Caption": "#O A woman X adjusts her hands; #C C looks around the room; #O A woman V adjusts her hair with her right; #O A woman B adjusts herself; #O A woman Y adjusts herself"
    },
    {
        "Video Name": "176564fc-6def-40f2-9e4d-2503a4b6fd36",
        "Start Frame": 5160,
        "End Frame": 5280,
        "Caption": "#C C stretches his fingers; #O A man W adjusts himself; #C C folds his hands; #O A woman X adjusts herself; #C C places his hands on his"
    },
    {
        "Video Name": "176564fc-6def-40f2-9e4d-2503a4b6fd36",
        "Start Frame": 5280,
        "End Frame": 5400,
        "Caption": "#C C looks around the; #C C looks around; #C C looks around the; #C C looks around the; #C C looks around the"
    }
]