[
    {
        "Video Name": "1788c1ed-9440-4065-b69d-f446d17ad540",
        "Start Frame": 0,
        "End Frame": 120,
        "Caption": "#C C paints the swing; #C C paints the swing with the paint brush; #C C paints the slide with the paintbrush; #C C paints the swing; #C C paints the swing"
    },
    {
        "Video Name": "1788c1ed-9440-4065-b69d-f446d17ad540",
        "Start Frame": 120,
        "End Frame": 240,
        "Caption": "#C C paints the swing; #C C paints the slide with the paintbrush in his right hand; #C C paints the swing; #C C paints the swing; #C C paints the swing"
    },
    {
        "Video Name": "1788c1ed-9440-4065-b69d-f446d17ad540",
        "Start Frame": 240,
        "End Frame": 360,
        "Caption": "#C C paints the; #C C paints the; #C C paints the; #C C paints the; #C C paints the"
    },
    {
        "Video Name": "1788c1ed-9440-4065-b69d-f446d17ad540",
        "Start Frame": 360,
        "End Frame": 480,
        "Caption": "#C C paints a metal structure with the paint brush.; #C C paints the metal structure with the paint brush.; #C C paints the metal structure with the paint brush.; #C C paints the metal structure with the paint brush.; #C C paints the metal structure with the paint brush."
    },
    {
        "Video Name": "1788c1ed-9440-4065-b69d-f446d17ad540",
        "Start Frame": 480,
        "End Frame": 600,
        "Caption": "#C C paints the swing; #C C paints the swing; #C C paints the swing; #C C paints the swing; #C C paints the swing"
    },
    {
        "Video Name": "1788c1ed-9440-4065-b69d-f446d17ad540",
        "Start Frame": 600,
        "End Frame": 720,
        "Caption": "#C C paints the metal structure with the paint brush.; #C C paints the metal structure with the paint brush.; #C C paints the swing; #C C paints the metal structure with the paint brush.; #C C paints the metal structure with the paint brush."
    },
    {
        "Video Name": "1788c1ed-9440-4065-b69d-f446d17ad540",
        "Start Frame": 720,
        "End Frame": 840,
        "Caption": "#C C paints the swing with the paint brush in his right hand; #C C paints the swing with the paint brush; #C C paints the swing; #C C paints the swing with the paintbrush in his right hand; #C C paints the swing with the paint brush."
    },
    {
        "Video Name": "1788c1ed-9440-4065-b69d-f446d17ad540",
        "Start Frame": 840,
        "End Frame": 960,
        "Caption": "#C C dips the paint brush in the paint can; #C C dips the paint brush in the paint can; #C C dips the paintbrush in his right hand into the paint can on the ground; #C C dips the paint brush in the paint can; #C C dips the paint brush into the can of paint on the ground."
    },
    {
        "Video Name": "1788c1ed-9440-4065-b69d-f446d17ad540",
        "Start Frame": 960,
        "End Frame": 1080,
        "Caption": "#C C walks towards a fence; #C C walks around; #C C walks around the ground; #C C walks around the area; #C C walks around the ground"
    },
    {
        "Video Name": "1788c1ed-9440-4065-b69d-f446d17ad540",
        "Start Frame": 1080,
        "End Frame": 1200,
        "Caption": "#C C paints the metal structure with the paint brush; #C C paints a round swing ; #C C paints the swing; #C C paints the swing; #C C paints the swing"
    },
    {
        "Video Name": "1788c1ed-9440-4065-b69d-f446d17ad540",
        "Start Frame": 1200,
        "End Frame": 1320,
        "Caption": "#C C paints the roundabout with the paintbrush; #C C paints the swing; #C C paints the metal structure with the paint brush; #C C paints the swing with the paint brush.; #C C paints the metal stand with the paint brush"
    },
    {
        "Video Name": "1788c1ed-9440-4065-b69d-f446d17ad540",
        "Start Frame": 1320,
        "End Frame": 1440,
        "Caption": "#C C paints the slide with the paint brush; #C C paints the swing with the paint brush; #C C paints the swing; #C C paints the swing with the paint brush; #C C paints the swing"
    },
    {
        "Video Name": "1788c1ed-9440-4065-b69d-f446d17ad540",
        "Start Frame": 1440,
        "End Frame": 1560,
        "Caption": "#C C paints the swing with the paint brush; #C C paints the swing with the paint brush; #C C paints the metal structure with the paint brush.; #C C paints the swing; #C C paints the swing"
    },
    {
        "Video Name": "1788c1ed-9440-4065-b69d-f446d17ad540",
        "Start Frame": 1560,
        "End Frame": 1680,
        "Caption": "#C C paints the metal structure with the paint brush.; #C C paints the slide with the paint brush; #C C paints the swing with the paint brush; #C C paints the swing; #C C paints the swing slide "
    },
    {
        "Video Name": "1788c1ed-9440-4065-b69d-f446d17ad540",
        "Start Frame": 1680,
        "End Frame": 1800,
        "Caption": "#C C paints the swing; #C C paints the roundabout with the paintbrush; #C C paints the swing; #C C paints the swing with the paint brush; #C C paints the swing"
    },
    {
        "Video Name": "1788c1ed-9440-4065-b69d-f446d17ad540",
        "Start Frame": 1800,
        "End Frame": 1920,
        "Caption": "#C C paints the metal structure with the paint brush.; #C C paints the metal structure with the paint brush.; #C C paints the metal structure with the paint brush.; #C C paints the metal structure with the paint brush.; #C C paints the metal structure with the paintbrush."
    },
    {
        "Video Name": "1788c1ed-9440-4065-b69d-f446d17ad540",
        "Start Frame": 1920,
        "End Frame": 2040,
        "Caption": "#C C paints the swing; #C C paints the swing; #C C paints the swing; #C C paints the swing; #C C paints the metal structure with the paint brush."
    },
    {
        "Video Name": "1788c1ed-9440-4065-b69d-f446d17ad540",
        "Start Frame": 2040,
        "End Frame": 2160,
        "Caption": "#C C paints the swing; #C C paints the metal structure with the paint brush.; #C C paints the metal structure with the paint brush.; #C C paints the swing with the paint brush; #C C paints the metal structure with the paint brush."
    },
    {
        "Video Name": "1788c1ed-9440-4065-b69d-f446d17ad540",
        "Start Frame": 2160,
        "End Frame": 2280,
        "Caption": "#C C paints the metal structure with the paint brush.; #C C paints the swing ; #C C paints a metal structure with a paint brush.; #C C paints a metal structure with the paint brush.; #C C paints the metal structure with the paint brush."
    },
    {
        "Video Name": "1788c1ed-9440-4065-b69d-f446d17ad540",
        "Start Frame": 2280,
        "End Frame": 2400,
        "Caption": "#C C looks around; #C C looks around; #C C stares at the; #C C looks around; #C C looks at the"
    },
    {
        "Video Name": "1788c1ed-9440-4065-b69d-f446d17ad540",
        "Start Frame": 2400,
        "End Frame": 2520,
        "Caption": "#C C paints the swing with the paint; #C C paints the swing; #C C paints the swing with the paint; #C C paints the swing; #C C looks at the swing"
    },
    {
        "Video Name": "1788c1ed-9440-4065-b69d-f446d17ad540",
        "Start Frame": 2520,
        "End Frame": 2640,
        "Caption": "#C C paints the metal structure with the paint brush.; #C C touches the metal structure; #C C paints the metal structure with the paint brush.; #C C paints the metal structure with the paint brush.; #C C paints the metal bench"
    },
    {
        "Video Name": "1788c1ed-9440-4065-b69d-f446d17ad540",
        "Start Frame": 2640,
        "End Frame": 2760,
        "Caption": "#C C stands up; #C C looks around; #C C looks around the; #C C looks around the; #C C drops the cloth"
    },
    {
        "Video Name": "1788c1ed-9440-4065-b69d-f446d17ad540",
        "Start Frame": 2760,
        "End Frame": 2880,
        "Caption": "#C C interacts with the man X.; #C C adjusts his cloth; #C C scratches his right leg with his left hand; #C C puts his right leg into his trousers.; #C C holds the trouser with his right hand"
    },
    {
        "Video Name": "1788c1ed-9440-4065-b69d-f446d17ad540",
        "Start Frame": 2880,
        "End Frame": 3000,
        "Caption": "#C C touches the slide; #C C wipes the slide with the piece of cloth; #C C touches the slide with his left hand.; #C C cleans the slide with the cloth in his left hand; #C C touches the slide with his left hand."
    },
    {
        "Video Name": "1788c1ed-9440-4065-b69d-f446d17ad540",
        "Start Frame": 3000,
        "End Frame": 3120,
        "Caption": "#C C cleans the slide with the cloth in his left hand.; #C C paints the swing; #C C rubs the paint on the slide with his left index finger; #C C rubs his left hand on the swing.; #C C cleans the slide with the piece of cloth in his left hand"
    },
    {
        "Video Name": "1788c1ed-9440-4065-b69d-f446d17ad540",
        "Start Frame": 3120,
        "End Frame": 3240,
        "Caption": "#C C cleans the seat with the cloth in his right hand.; #C C passes the cloth from his right hand to his left hand; #C C holds the cloth with his left hand.; #C C passes the rag from his left hand to his right hand; #C C passes the rag from his right hand to his left hand"
    },
    {
        "Video Name": "1788c1ed-9440-4065-b69d-f446d17ad540",
        "Start Frame": 3240,
        "End Frame": 3360,
        "Caption": "#C C cleans the seat with the cloth in his right hand; #C C cleans the seat with the rag in his right hand; #C C cleans the swing with the rag in his right hand; #C C cleans the seat with the cloth in his right hand; #C C cleans the seat with the cloth in his right hand"
    },
    {
        "Video Name": "1788c1ed-9440-4065-b69d-f446d17ad540",
        "Start Frame": 3360,
        "End Frame": 3480,
        "Caption": "#C C cleans the pole with the rag in his right hand.; #C C passes the piece of cloth from his right hand to his left hand; #C C touches the pole of the swing set with his right hand.; #C C cleans the railing with the rag in his right hand.; #C C cleans the pole with the cloth in his right hand."
    },
    {
        "Video Name": "1788c1ed-9440-4065-b69d-f446d17ad540",
        "Start Frame": 3480,
        "End Frame": 3600,
        "Caption": "#C C looks around; #C C looks around; #C C takes paint from the paint container with the paint brush in his right hand; #C C stands up; #C C adjusts his trousers with his right hand."
    },
    {
        "Video Name": "1788c1ed-9440-4065-b69d-f446d17ad540",
        "Start Frame": 3600,
        "End Frame": 3720,
        "Caption": "#C C paints the stand with the paint brush; #C C paints the swing with the paint brush; #C C paints the swing with the paint brush; #C C paints the swing with the paint brush; #C C paints the slide with the paint brush"
    },
    {
        "Video Name": "1788c1ed-9440-4065-b69d-f446d17ad540",
        "Start Frame": 3720,
        "End Frame": 3840,
        "Caption": "#C C paints the roundabout with the paintbrush; #C C paints the metal structure with the paint brush; #C C paints a round swing ; #C C paints a metal structure with the paintbrush; #C C paints a swing stand "
    },
    {
        "Video Name": "1788c1ed-9440-4065-b69d-f446d17ad540",
        "Start Frame": 3840,
        "End Frame": 3960,
        "Caption": "#C C paints the metal structure with the paint brush. ; #C C paints the swing slide; #C C paints the roundabout with the paintbrush in his right hand; #C C paints the metal structure with the paintbrush.; #C C paints the metal structure with the paint brush."
    },
    {
        "Video Name": "1788c1ed-9440-4065-b69d-f446d17ad540",
        "Start Frame": 3960,
        "End Frame": 4080,
        "Caption": "#C C dips the paint brush in the paint can on the ground with his right hand; #C C dips the paint brush in the paint can; #C C dips the paint brush into the paint can on the ground.; #C C dips the paint brush in the paint can on the ground with his right hand; #C C dips the paint brush in his right hand into the paint container on the ground"
    },
    {
        "Video Name": "1788c1ed-9440-4065-b69d-f446d17ad540",
        "Start Frame": 4080,
        "End Frame": 4200,
        "Caption": "#C C paints the swing; #C C paints the swing; #C C paints the swing ; #C C paints the swing; #C C paints the swing with the paint"
    },
    {
        "Video Name": "1788c1ed-9440-4065-b69d-f446d17ad540",
        "Start Frame": 4200,
        "End Frame": 4320,
        "Caption": "#C C paints the swing with the paint brush ; #C C paints the metal stand with the paintbrush; #C C paints the roundabout with the paintbrush; #C C paints the swing with the paint brush ; #C C paints the roundabout with the paintbrush"
    },
    {
        "Video Name": "1788c1ed-9440-4065-b69d-f446d17ad540",
        "Start Frame": 4320,
        "End Frame": 4440,
        "Caption": "#C C paints the swing with the paint brush; #C C paints the roundabout with the paintbrush.; #C C paints the stand with the paint brush.; #C C paints the bottom part of the swing with the paint brush; #C C paints the swing with the paint brush "
    },
    {
        "Video Name": "1788c1ed-9440-4065-b69d-f446d17ad540",
        "Start Frame": 4440,
        "End Frame": 4560,
        "Caption": "#C C paints a round swing ; #C C paints the swing ; #C C paints the swing \n; #C C paints the swing with the paint; #C C paints the swing with the paint"
    },
    {
        "Video Name": "1788c1ed-9440-4065-b69d-f446d17ad540",
        "Start Frame": 4560,
        "End Frame": 4680,
        "Caption": "#C C paints the stand with the paint brush.; #C C paints the roundabout with the paintbrush.; #C C paints the bottom part of the swing with the paint brush; #C C paints the stand with the paintbrush in his right hand; #C C paints the swing slide"
    },
    {
        "Video Name": "1788c1ed-9440-4065-b69d-f446d17ad540",
        "Start Frame": 4680,
        "End Frame": 4800,
        "Caption": "#C C lifts the paint can; #C C picks the paint can from the ground with his left hand; #C C lifts the paint container; #C C picks up the paint can; #C C picks the paint can "
    },
    {
        "Video Name": "1788c1ed-9440-4065-b69d-f446d17ad540",
        "Start Frame": 4800,
        "End Frame": 4920,
        "Caption": "#C C paints the swing; #C C paints the roundabout with the paintbrush; #C C paints the roundabout with the paintbrush; #C C paints the swing with the paint brush; #C C paints the swing"
    },
    {
        "Video Name": "1788c1ed-9440-4065-b69d-f446d17ad540",
        "Start Frame": 4920,
        "End Frame": 5040,
        "Caption": "#C C paints the slide with the paint brush in his right hand; #C C paints the roundabout with the paintbrush.; #C C paints the slide with the paint brush; #C C paints the slide with the paint can in his left hand; #C C paints the swing with the paint brush"
    },
    {
        "Video Name": "1788c1ed-9440-4065-b69d-f446d17ad540",
        "Start Frame": 5040,
        "End Frame": 5160,
        "Caption": "#C C puts the paint can down; #C C drops the paint container on the ground with his left hand; #C C picks up the paint can; #C C adjusts the paint can on the ground with his left hand; #C C puts the paint brush in the paint can"
    },
    {
        "Video Name": "1788c1ed-9440-4065-b69d-f446d17ad540",
        "Start Frame": 5160,
        "End Frame": 5280,
        "Caption": "#C C paints the swing with the paint brush ; #C C paints the swing; #C C paints the roundabout with the paintbrush; #C C paints the swing slide ; #C C paints the swing with the paint brush"
    },
    {
        "Video Name": "1788c1ed-9440-4065-b69d-f446d17ad540",
        "Start Frame": 5280,
        "End Frame": 5400,
        "Caption": "#C C paints the roundabout with the paintbrush; #C C paints the swing; #C C paints the roundabout with the paintbrush; #C C paints the swing slide; #C C paints the swing with the paint brush"
    }
]