[
    {
        "Video Name": "179cb1bf-32e6-41e1-a8ee-245c4d02ebce",
        "Start Frame": 0,
        "End Frame": 120,
        "Caption": "#C C moves the hand; #C C drops pen on the table; #C C looks at the laptop; #C C holds a pen; #C C looks at the monitor"
    },
    {
        "Video Name": "179cb1bf-32e6-41e1-a8ee-245c4d02ebce",
        "Start Frame": 120,
        "End Frame": 240,
        "Caption": "#C C looks at the; #C C looks at the; #C C looks around; #C C looks at the; #C C looks at the"
    },
    {
        "Video Name": "179cb1bf-32e6-41e1-a8ee-245c4d02ebce",
        "Start Frame": 240,
        "End Frame": 360,
        "Caption": "#C C looks around the room; #C C picks the drink; #C C picks a bottle of drink; #C C picks a bottle; #C C puts the bottle on the"
    },
    {
        "Video Name": "179cb1bf-32e6-41e1-a8ee-245c4d02ebce",
        "Start Frame": 360,
        "End Frame": 480,
        "Caption": "#C C operates the laptop; #C C looks around the room; #C C presses a phone; #C C picks phone from the; #C C looks at the phone"
    },
    {
        "Video Name": "179cb1bf-32e6-41e1-a8ee-245c4d02ebce",
        "Start Frame": 480,
        "End Frame": 600,
        "Caption": "#C C operates the laptop on the table with his right hand; #C C uses the laptop; #C C operates the laptop. ; #C C operates the laptop with his right hand.; #C C uses laptop"
    },
    {
        "Video Name": "179cb1bf-32e6-41e1-a8ee-245c4d02ebce",
        "Start Frame": 600,
        "End Frame": 720,
        "Caption": "#C C moves the mouse on the table.; #C C holds mouse; #C C clicks on the desktop with the mouse; #C C operates on the computer.; #C C types on the keyboard"
    },
    {
        "Video Name": "179cb1bf-32e6-41e1-a8ee-245c4d02ebce",
        "Start Frame": 720,
        "End Frame": 840,
        "Caption": "#C C Holds the pen; #C C stares at the computer; #C C holds a mouse ; #C C  operates a computer; #C C moves the mouse"
    },
    {
        "Video Name": "179cb1bf-32e6-41e1-a8ee-245c4d02ebce",
        "Start Frame": 840,
        "End Frame": 960,
        "Caption": "#C C looks at the computer; #C C presses a button on the keyboard with his right hand; #C C holds the mouse; #C C operates a computer with a mouse ; #C C operates computer"
    },
    {
        "Video Name": "179cb1bf-32e6-41e1-a8ee-245c4d02ebce",
        "Start Frame": 960,
        "End Frame": 1080,
        "Caption": "#C C holds the pen; #C C looks at the; #C C operates the laptop; #C C looks at the; #C C looks at the"
    },
    {
        "Video Name": "179cb1bf-32e6-41e1-a8ee-245c4d02ebce",
        "Start Frame": 1080,
        "End Frame": 1200,
        "Caption": "#C C holds the laptop; #C C looks at the; #C C looks at the; #C C scrolls on the; #C C looks at the"
    },
    {
        "Video Name": "179cb1bf-32e6-41e1-a8ee-245c4d02ebce",
        "Start Frame": 1200,
        "End Frame": 1320,
        "Caption": "#C C looks at the machine; #C C scrolls the laptop; #C C looks at the laptop; #C C looks at the laptop; #C C operates the laptop."
    },
    {
        "Video Name": "179cb1bf-32e6-41e1-a8ee-245c4d02ebce",
        "Start Frame": 1320,
        "End Frame": 1440,
        "Caption": "#C C looks at the desktop; #C C stares at the laptop; #C C looks at the machine.; #C C reads the notes in the laptop; #C C looks at the machine."
    },
    {
        "Video Name": "179cb1bf-32e6-41e1-a8ee-245c4d02ebce",
        "Start Frame": 1440,
        "End Frame": 1560,
        "Caption": "#C C picks a phone on the table with his right hand; #C C operates a laptop. ; #C C operates the laptop.; #C C operates laptop.; #C C operates the laptop."
    },
    {
        "Video Name": "179cb1bf-32e6-41e1-a8ee-245c4d02ebce",
        "Start Frame": 1560,
        "End Frame": 1680,
        "Caption": "#C C looks around the room ; #C C looks at the phone; #C C operates the phone.; #C C reads the article on the phone; #C C looks at the phone"
    },
    {
        "Video Name": "179cb1bf-32e6-41e1-a8ee-245c4d02ebce",
        "Start Frame": 1680,
        "End Frame": 1800,
        "Caption": "#C C holds a bottle; #C C Picks the bottle; #C C picks a drink; #C C picks a bottle ; #C C puts the bottle on the"
    },
    {
        "Video Name": "179cb1bf-32e6-41e1-a8ee-245c4d02ebce",
        "Start Frame": 1800,
        "End Frame": 1920,
        "Caption": "#C C looks at the; #C C holds the pen; #C C stares at the; #C C looks around the; #C C stares at the"
    },
    {
        "Video Name": "179cb1bf-32e6-41e1-a8ee-245c4d02ebce",
        "Start Frame": 1920,
        "End Frame": 2040,
        "Caption": "#C C stares at the computer; #C C looks at the computer; #C C looks at the computer; #C C looks around the room; #C C operates the desktop"
    },
    {
        "Video Name": "179cb1bf-32e6-41e1-a8ee-245c4d02ebce",
        "Start Frame": 2040,
        "End Frame": 2160,
        "Caption": "#C C looks at the computer; #C C stares at the computer; #C C looks around the room; #C C looks at the computer; #C C types on the keyboard"
    },
    {
        "Video Name": "179cb1bf-32e6-41e1-a8ee-245c4d02ebce",
        "Start Frame": 2160,
        "End Frame": 2280,
        "Caption": "#C C looks at the computer; #C C looks around the room; #C C looks at the computer; #C C looks at the machine; #C C looks at the computer"
    },
    {
        "Video Name": "179cb1bf-32e6-41e1-a8ee-245c4d02ebce",
        "Start Frame": 2280,
        "End Frame": 2400,
        "Caption": "#C C looks at the computer; #C C writes on the bottle; #C C stares at the computer; #C C looks at the machine; #C C moves pen in his hand"
    },
    {
        "Video Name": "179cb1bf-32e6-41e1-a8ee-245c4d02ebce",
        "Start Frame": 2400,
        "End Frame": 2520,
        "Caption": "#C C stares at the; #C C Looks at the; #C C stares at the; #C C holds pen ; #C C reads on the"
    },
    {
        "Video Name": "179cb1bf-32e6-41e1-a8ee-245c4d02ebce",
        "Start Frame": 2520,
        "End Frame": 2640,
        "Caption": "#C C stares at the; #C C looks at the; #C C reads on the; #C C reads on the; #C C scratches the face"
    },
    {
        "Video Name": "179cb1bf-32e6-41e1-a8ee-245c4d02ebce",
        "Start Frame": 2640,
        "End Frame": 2760,
        "Caption": "#C C looks around the office; #C C looks at the computer; #C C looks around; #C C looks around; #C C looks around"
    },
    {
        "Video Name": "179cb1bf-32e6-41e1-a8ee-245c4d02ebce",
        "Start Frame": 2760,
        "End Frame": 2880,
        "Caption": "#C C looks at the computer; #C C writes on a piece of paper with a; #C C writes on a piece of paper; #C C writes on a piece of paper; #C C writes on the piece of paper"
    },
    {
        "Video Name": "179cb1bf-32e6-41e1-a8ee-245c4d02ebce",
        "Start Frame": 2880,
        "End Frame": 3000,
        "Caption": "#C C stares at the; #C C looks at the; #C C looks at the; #C C Looks at the; #C C looks at the"
    },
    {
        "Video Name": "179cb1bf-32e6-41e1-a8ee-245c4d02ebce",
        "Start Frame": 3000,
        "End Frame": 3120,
        "Caption": "#C C writes on a piece of paper; #C C writes on a piece of paper ; #C C writes on a piece of paper with a; #C C writes on the piece of paper; #C C writes on the sheet of paper"
    },
    {
        "Video Name": "179cb1bf-32e6-41e1-a8ee-245c4d02ebce",
        "Start Frame": 3120,
        "End Frame": 3240,
        "Caption": "#C C writes on the piece of paper with the pen; #C C writes on the piece of paper with the pen; #C C writes on the paper; #C C writes on a piece of paper ; #C C writes on the piece of paper"
    },
    {
        "Video Name": "179cb1bf-32e6-41e1-a8ee-245c4d02ebce",
        "Start Frame": 3240,
        "End Frame": 3360,
        "Caption": "#C C stares at the computer; #C C puts the pen on the; #C C drinks water from the glass; #C C puts the bottle on the; #C C puts the bottle on the"
    },
    {
        "Video Name": "179cb1bf-32e6-41e1-a8ee-245c4d02ebce",
        "Start Frame": 3360,
        "End Frame": 3480,
        "Caption": "#C C picks a bottle of beer; #C C picks a bottle.; #C C picks a bottle of drink; #C C picks a bottle from the; #C C picks the bottle of drink"
    },
    {
        "Video Name": "179cb1bf-32e6-41e1-a8ee-245c4d02ebce",
        "Start Frame": 3480,
        "End Frame": 3600,
        "Caption": "#C C Looks at the; #C C looks at the; #C C stares at the; #C C looks around; #C C stares at the"
    },
    {
        "Video Name": "179cb1bf-32e6-41e1-a8ee-245c4d02ebce",
        "Start Frame": 3600,
        "End Frame": 3720,
        "Caption": "#C C touches the phone; #C C operates his phone on the table with his right hand; #C C puts a hand on the table; #C C operates the phone with his right hand. ; #C C operates a phone on a table with his left hand"
    },
    {
        "Video Name": "179cb1bf-32e6-41e1-a8ee-245c4d02ebce",
        "Start Frame": 3720,
        "End Frame": 3840,
        "Caption": "#C C looks at the phone; #C C looks at the phone; #C C looks at the phone; #C C looks at the phone; #C C holds a phone"
    },
    {
        "Video Name": "179cb1bf-32e6-41e1-a8ee-245c4d02ebce",
        "Start Frame": 3840,
        "End Frame": 3960,
        "Caption": "#C C walks around the; #C C walks to the; #C C walks around the; #C C walks around the; #C C walks in the"
    },
    {
        "Video Name": "179cb1bf-32e6-41e1-a8ee-245c4d02ebce",
        "Start Frame": 3960,
        "End Frame": 4080,
        "Caption": "#C C walks in the; #C C walks in the; #C C walks around; #C C walks around the; #C C walks around"
    },
    {
        "Video Name": "179cb1bf-32e6-41e1-a8ee-245c4d02ebce",
        "Start Frame": 4080,
        "End Frame": 4200,
        "Caption": "#C C walks down the stairs; #C C walks down the stairs; #C C walks up the stairs; #C C walks on the stairs; #C C climbs up the stairs"
    },
    {
        "Video Name": "179cb1bf-32e6-41e1-a8ee-245c4d02ebce",
        "Start Frame": 4200,
        "End Frame": 4320,
        "Caption": "#C C walks around the; #C C walks in the; #C C walks around the; #C C walks in the; #C C walks around the"
    },
    {
        "Video Name": "179cb1bf-32e6-41e1-a8ee-245c4d02ebce",
        "Start Frame": 4320,
        "End Frame": 4440,
        "Caption": "#C C walks around; #C C walks to the kitchen; #C C walks around; #C C walks in the house; #C C walks in the house"
    },
    {
        "Video Name": "179cb1bf-32e6-41e1-a8ee-245c4d02ebce",
        "Start Frame": 4440,
        "End Frame": 4560,
        "Caption": "#C C opens the door; #C C opens the door; #C C opens a door; #C C walks around the; #C C opens the door"
    },
    {
        "Video Name": "179cb1bf-32e6-41e1-a8ee-245c4d02ebce",
        "Start Frame": 4560,
        "End Frame": 4680,
        "Caption": "#C C walks around; #C C walks around the; #C C picks a cap; #C C walks around; #C C walks around the"
    },
    {
        "Video Name": "179cb1bf-32e6-41e1-a8ee-245c4d02ebce",
        "Start Frame": 4680,
        "End Frame": 4800,
        "Caption": "#C C walks towards the kitchen; #C C walks in the house; #C C walks in the house; #C C walks towards the kitchen; #C C walks into the living"
    },
    {
        "Video Name": "179cb1bf-32e6-41e1-a8ee-245c4d02ebce",
        "Start Frame": 4800,
        "End Frame": 4920,
        "Caption": "#C C walks upstairs ; #C C walks downstairs; #C C walks upstairs ; #C C walks around the; #C C walks down the"
    },
    {
        "Video Name": "179cb1bf-32e6-41e1-a8ee-245c4d02ebce",
        "Start Frame": 4920,
        "End Frame": 5040,
        "Caption": "#C C walks up the; #C C walks up the; #C C walks up the; #C C walks upstairs; #C C walks upstairs"
    },
    {
        "Video Name": "179cb1bf-32e6-41e1-a8ee-245c4d02ebce",
        "Start Frame": 5040,
        "End Frame": 5160,
        "Caption": "#C C walks around ; #C C walks around; #C C walks around the; #C C walks around; #C C walks towards another"
    },
    {
        "Video Name": "179cb1bf-32e6-41e1-a8ee-245c4d02ebce",
        "Start Frame": 5160,
        "End Frame": 5280,
        "Caption": "#C C walks around the bedroom; #C C walks around the house; #C C walks around the room; #C C walks around the house; #C C walks around the house"
    },
    {
        "Video Name": "179cb1bf-32e6-41e1-a8ee-245c4d02ebce",
        "Start Frame": 5280,
        "End Frame": 5400,
        "Caption": "#C C picks a phone from the table with his right hand; #C C stands up.; #C C walks to the table; #C C sits on a chair.; #C C looks around the room"
    }
]