[
    {
        "Video Name": "1805680b-54da-4ca8-97f4-3f46435b94fd",
        "Start Frame": 0,
        "End Frame": 120,
        "Caption": "#C C throws the branch on the ground; #C C drops the twig on the ground with his left hand; #C C drops the branch on the ground with his left hand.; #C C throws branch on the ground; #C C drops the branch on the ground with his left hand."
    },
    {
        "Video Name": "1805680b-54da-4ca8-97f4-3f46435b94fd",
        "Start Frame": 120,
        "End Frame": 240,
        "Caption": "#C C holds the branch with the left hand; #C C picks the stick; #C C drops the branch on the ground with his left hand; #C C pulls the branch; #C C cuts a branch with garden shears "
    },
    {
        "Video Name": "1805680b-54da-4ca8-97f4-3f46435b94fd",
        "Start Frame": 240,
        "End Frame": 360,
        "Caption": "#C C drops the stick in his left hand on the floor.; #C C throws the twig on the ground with his left hand; #C C drops the branch on the ground with his left hand.; #C C drops the branch on the ground with his left hand.; #C C drops the branch on the ground with his left hand."
    },
    {
        "Video Name": "1805680b-54da-4ca8-97f4-3f46435b94fd",
        "Start Frame": 360,
        "End Frame": 480,
        "Caption": "#C C throws the twig; #C C pulls a branch with the left hand; #C C drops the branch on the ground with his left hand; #C C pulls the branch from the fence; #C C pulls a branch from the fence"
    },
    {
        "Video Name": "1805680b-54da-4ca8-97f4-3f46435b94fd",
        "Start Frame": 480,
        "End Frame": 600,
        "Caption": "#C C drops the twig on the ground with his left hand; #C C drops the stick on the ground with his left hand.; #C C drops the twig on the ground with his left hand; #C C drops the branch; #C C drops the twigs on the ground with his left hand"
    },
    {
        "Video Name": "1805680b-54da-4ca8-97f4-3f46435b94fd",
        "Start Frame": 600,
        "End Frame": 720,
        "Caption": "#C C pulls a branch; #C C pulls the branch with the pliers in his right hand; #C C cuts the branch; #C C cuts the branch with a pliers; #C C holds a branch with his left hand."
    },
    {
        "Video Name": "1805680b-54da-4ca8-97f4-3f46435b94fd",
        "Start Frame": 720,
        "End Frame": 840,
        "Caption": "#C C pulls branch from the fence; #C C holds a branch on the fence; #C C pulls a branch from the fence; #C C cuts a twig; #C C drops the stick on the ground with his left hand"
    },
    {
        "Video Name": "1805680b-54da-4ca8-97f4-3f46435b94fd",
        "Start Frame": 840,
        "End Frame": 960,
        "Caption": "#C C drops the branch; #C C drops the twig in his left hand on the ground; #C C drops the branch; #C C throws the branch; #C C drops the branch on the ground with his left hand."
    },
    {
        "Video Name": "1805680b-54da-4ca8-97f4-3f46435b94fd",
        "Start Frame": 960,
        "End Frame": 1080,
        "Caption": "#C C drops stick; #C C drops branch on the ground; #C C drops the branch on the ground with his left hand; #C C drops stick; #C C throws stick"
    },
    {
        "Video Name": "1805680b-54da-4ca8-97f4-3f46435b94fd",
        "Start Frame": 1080,
        "End Frame": 1200,
        "Caption": "#C C holds the branch; #C C drops the branch on the ground; #C C pulls the branch; #C C holds a branch with his left hand; #C C holds branch"
    },
    {
        "Video Name": "1805680b-54da-4ca8-97f4-3f46435b94fd",
        "Start Frame": 1200,
        "End Frame": 1320,
        "Caption": "#C C pulls branch with both hands; #C C drops the branch in his left hand on the ground; #C C holds a branch with the left hand; #C C pulls the branch; #C C removes branches from the fence"
    },
    {
        "Video Name": "1805680b-54da-4ca8-97f4-3f46435b94fd",
        "Start Frame": 1320,
        "End Frame": 1440,
        "Caption": "#C C cuts branch with shears; #C C holds the branch; #C C cuts branch with shears; #C C cuts branch with pliers; #c c cuts off the stick using the pl"
    },
    {
        "Video Name": "1805680b-54da-4ca8-97f4-3f46435b94fd",
        "Start Frame": 1440,
        "End Frame": 1560,
        "Caption": "#C C pulls a branch with both hands ; #C C pulls the branch; #C C throws branch on the ground; #C C drops the branch on the ground with his left hand.; #C C drops the branch on the ground with his left hand."
    },
    {
        "Video Name": "1805680b-54da-4ca8-97f4-3f46435b94fd",
        "Start Frame": 1560,
        "End Frame": 1680,
        "Caption": "#C C pulls the twig with both hands.; #C C pulls a twig from the barbed fence with his right hand; #C C pulls a twig from the fence with both hands.; #C C pulls a twig from the barbed wire fence with his hands; #C C holds a branch with both hands. "
    },
    {
        "Video Name": "1805680b-54da-4ca8-97f4-3f46435b94fd",
        "Start Frame": 1680,
        "End Frame": 1800,
        "Caption": "#C C drops the branch on the ground with both hands; #C C holds the branch with both hands.; #C C pulls the branch; #C C pulls the branch from the pole with his hands; #C C pulls the branches"
    },
    {
        "Video Name": "1805680b-54da-4ca8-97f4-3f46435b94fd",
        "Start Frame": 1800,
        "End Frame": 1920,
        "Caption": "#C C holds a branch on a fence; #C C puts down the stick; #C C holds the twig with his right hand.; #C C holds a branch with his left hand. ; #C C pulls a branch from the fence with his left hand."
    },
    {
        "Video Name": "1805680b-54da-4ca8-97f4-3f46435b94fd",
        "Start Frame": 1920,
        "End Frame": 2040,
        "Caption": "#C C throws the stick on the ground; #C C holds the branch with his left hand.; #C C drops the branch on the ground with his left hand; #C C drops the branch on the ground with his left hand; #C C drops the branch on the ground with his left hand"
    },
    {
        "Video Name": "1805680b-54da-4ca8-97f4-3f46435b94fd",
        "Start Frame": 2040,
        "End Frame": 2160,
        "Caption": "#C C pulls a twig from the barbed wire with both hands.; #C C pulls the twig on the barbed wire with his left hand; #C C holds the stick; #C C pulls a twig with his left hand.; #C C pulls the twig with his left hand."
    },
    {
        "Video Name": "1805680b-54da-4ca8-97f4-3f46435b94fd",
        "Start Frame": 2160,
        "End Frame": 2280,
        "Caption": "#C C drops the twig on the ground with his left hand; #C C drops the twigs on the ground with his left hand; #C C pulls a branch from the fence; #C C drops the twig on the ground with his left hand; #C C drops the branch on the ground with his left hand."
    },
    {
        "Video Name": "1805680b-54da-4ca8-97f4-3f46435b94fd",
        "Start Frame": 2280,
        "End Frame": 2400,
        "Caption": "#C C removes the twigs from the barb wire with both hands; #C C holds the branches with both hands; #C C holds a branch with both hands; #C C picks a stick; #C C pulls a branch from the fence"
    },
    {
        "Video Name": "1805680b-54da-4ca8-97f4-3f46435b94fd",
        "Start Frame": 2400,
        "End Frame": 2520,
        "Caption": "#C C picks a branch; #C C pulls a twig with his left hand.; #C C holds branch with the left hand ; #C C drops the stick on the floor with his left hand; #C C picks a branch from the fence"
    },
    {
        "Video Name": "1805680b-54da-4ca8-97f4-3f46435b94fd",
        "Start Frame": 2520,
        "End Frame": 2640,
        "Caption": "#C C drops the twig on the ground with his right hand; #C C Drops the twig on the ground; #C C puts down a stick; #C C drops the twig in his left hand on the ground; #C C throws the stick"
    },
    {
        "Video Name": "1805680b-54da-4ca8-97f4-3f46435b94fd",
        "Start Frame": 2640,
        "End Frame": 2760,
        "Caption": "#C C cuts the twig in his left hand with the pruner in his right hand; #C C cuts the branch with the secateurs in his right hand.; #C C picks a twig on the ground with the plier in his right hand.; #C C picks a twig on the ground with the pruner in his right hand.; #C C cuts a branch with the pliers in his right hand."
    },
    {
        "Video Name": "1805680b-54da-4ca8-97f4-3f46435b94fd",
        "Start Frame": 2760,
        "End Frame": 2880,
        "Caption": "#C C Drops the twig on the ground; #C C drops a branch on the ground with the left hand; #C C drops the branch on the ground with his left hand.; #C C drops the branch on the ground with his left hand.; #C C drops the twig in his left hand on the ground"
    },
    {
        "Video Name": "1805680b-54da-4ca8-97f4-3f46435b94fd",
        "Start Frame": 2880,
        "End Frame": 3000,
        "Caption": "#C C holds a branch with his left hand; #C C holds a branch with his left hand; #C C pulls the branch; #C C removes branches from the fence; #C C pulls a branch with the left hand"
    },
    {
        "Video Name": "1805680b-54da-4ca8-97f4-3f46435b94fd",
        "Start Frame": 3000,
        "End Frame": 3120,
        "Caption": "#C C pulls a branch from the fence; #C C holds a branch with his left hand.; #C C pulls a branch from the fence; #C C pulls the branch from the wire with both hands; #C C pulls a branch"
    },
    {
        "Video Name": "1805680b-54da-4ca8-97f4-3f46435b94fd",
        "Start Frame": 3120,
        "End Frame": 3240,
        "Caption": "#C C drops the branch on a ground; #C C drops the stick on the ground ; #C C drops the branch on the ground; #C C throws the stick on the ground with the left hand; #C C drops the twig on the ground with his left hand"
    },
    {
        "Video Name": "1805680b-54da-4ca8-97f4-3f46435b94fd",
        "Start Frame": 3240,
        "End Frame": 3360,
        "Caption": "#C C drops a branch on the ground; #C C drops the branch on the ground with his left hand; #C C drops the branch on the ground with his left hand; #C C drops the stick on the floor with his left hand; #C C throws stick on the ground "
    },
    {
        "Video Name": "1805680b-54da-4ca8-97f4-3f46435b94fd",
        "Start Frame": 3360,
        "End Frame": 3480,
        "Caption": "#C C picks stick; #C C holds branch with the left hand; #C C pulls the twig; #C C picks a branch; #C C pulls a branch"
    },
    {
        "Video Name": "1805680b-54da-4ca8-97f4-3f46435b94fd",
        "Start Frame": 3480,
        "End Frame": 3600,
        "Caption": "#C C pulls twigs; #C C cuts the dry branch with the cutter in his right hand.; #C C cuts branch; #C C pulls twigs; #C C cuts the twig with the plier in his right hand"
    },
    {
        "Video Name": "1805680b-54da-4ca8-97f4-3f46435b94fd",
        "Start Frame": 3600,
        "End Frame": 3720,
        "Caption": "#C C drops the branch on the ground with his left hand.; #C C picks a branch on the ground; #C C cuts shrub with plier; #C C cuts the twig in his left hand with the pruner in his right hand; #C C cuts a branch with garden shears "
    },
    {
        "Video Name": "1805680b-54da-4ca8-97f4-3f46435b94fd",
        "Start Frame": 3720,
        "End Frame": 3840,
        "Caption": "#C C picks stick; #C C holds branch; #C C throws stick on the ground ; #C C picks stick; #C C holds the branch with the left"
    },
    {
        "Video Name": "1805680b-54da-4ca8-97f4-3f46435b94fd",
        "Start Frame": 3840,
        "End Frame": 3960,
        "Caption": "#C C pulls branch; #C C removes a branch from the fence; #C C pulls branch; #C C holds a branch; #C C pulls the twig with his hands"
    },
    {
        "Video Name": "1805680b-54da-4ca8-97f4-3f46435b94fd",
        "Start Frame": 3960,
        "End Frame": 4080,
        "Caption": "#C C puts a branch on ground; #C C drops the branch on the ground with his left hand; #C C drops the branch; #C C throws stick; #C C drops branch on the ground "
    },
    {
        "Video Name": "1805680b-54da-4ca8-97f4-3f46435b94fd",
        "Start Frame": 4080,
        "End Frame": 4200,
        "Caption": "#C C drops the branch; #C C drops a branch on the ground with the left hand ; #C C throws the twig on the floor with his left hand; #C C drops a branch on the ground with the left hand; #C C throws stick away"
    },
    {
        "Video Name": "1805680b-54da-4ca8-97f4-3f46435b94fd",
        "Start Frame": 4200,
        "End Frame": 4320,
        "Caption": "#C C drops the branch on the ground with his left hand; #C C drops the branches; #C C throws dried sticks to the ground; #C C drops the branch on the ground with his left hand; #C C drops the branch on the ground with his left hand"
    },
    {
        "Video Name": "1805680b-54da-4ca8-97f4-3f46435b94fd",
        "Start Frame": 4320,
        "End Frame": 4440,
        "Caption": "#C C holds branch with the left hand; #C C pulls a branch with a secateurs; #C C pulls the branch from the ground with his left hand.; #C C picks stick; #C C holds a branch with the pliers in his right hand"
    },
    {
        "Video Name": "1805680b-54da-4ca8-97f4-3f46435b94fd",
        "Start Frame": 4440,
        "End Frame": 4560,
        "Caption": "#C C drops the branch on the ground with his right hand.; #C C drops the branch; #C C throws stick on ground ; #C C drops the twig in his left hand on the ground; #C C drops the branch on the ground with his left hand."
    },
    {
        "Video Name": "1805680b-54da-4ca8-97f4-3f46435b94fd",
        "Start Frame": 4560,
        "End Frame": 4680,
        "Caption": "#C C cuts the branch; #C C cuts a branch from the twig with the pruner in his right hand; #C C cuts a twig with the plier in his right hand.; #C C cuts a twig with the pliers in his right hand.; #C C cuts a branch with the cutter in his right hand."
    },
    {
        "Video Name": "1805680b-54da-4ca8-97f4-3f46435b94fd",
        "Start Frame": 4680,
        "End Frame": 4800,
        "Caption": "#C C cuts a branch with the prune cutter in his right hand; #C C cuts the branch with the pliers in his right hand.; #C C cuts the branch with the pliers in his right hand.; #C C holds the branch with his hands.; #C C holds a twig with the plier in both hands."
    },
    {
        "Video Name": "1805680b-54da-4ca8-97f4-3f46435b94fd",
        "Start Frame": 4800,
        "End Frame": 4920,
        "Caption": "#C C cuts the branch; #C C trims a branch on the ground with the pruner in his right hand; #C C cuts the twig with the pruner in his right hand.; #C C cuts a twig with the pruner in his right hand.; #C C cuts twig"
    },
    {
        "Video Name": "1805680b-54da-4ca8-97f4-3f46435b94fd",
        "Start Frame": 4920,
        "End Frame": 5040,
        "Caption": "#C C pulls the branch with both hands.; #C C holds a branch with both hands ; #C C passes the branch from his right hand to his left hand; #C C holds the twig with his left hand.; #C C holds the twig with both hands."
    },
    {
        "Video Name": "1805680b-54da-4ca8-97f4-3f46435b94fd",
        "Start Frame": 5040,
        "End Frame": 5160,
        "Caption": "#C C looks; #C C walks; #C C looks; #C C walks; #C C walks"
    },
    {
        "Video Name": "1805680b-54da-4ca8-97f4-3f46435b94fd",
        "Start Frame": 5160,
        "End Frame": 5280,
        "Caption": "#C C drops the twig in his left hand on the ground.; #C C drops the stick with the pliers in his right hand on the floor; #C C drops the branch on the ground with both hands.; #C C drops the twig on the ground with both hands.; #C C drops the branch on the ground with both hands."
    },
    {
        "Video Name": "1805680b-54da-4ca8-97f4-3f46435b94fd",
        "Start Frame": 5280,
        "End Frame": 5400,
        "Caption": "#C C picks a stick; #C C pulls the twigs with both hands; #C C holds the branch with his left hand; #C C holds a branch with the left hand; #C C pulls branch from the fence"
    }
]