[
    {
        "Video Name": "1857297b-347b-4f90-a5ea-4d84233d88e6",
        "Start Frame": 0,
        "End Frame": 120,
        "Caption": "#C C walks around; #C C walks around the house; #C C walks in a room; #C C walks around the house; #C C walks in the house"
    },
    {
        "Video Name": "1857297b-347b-4f90-a5ea-4d84233d88e6",
        "Start Frame": 120,
        "End Frame": 240,
        "Caption": "#C C walks around the house; #C C looks around; #C C puts the pillow on the; #C C picks a pillow ; #C C walks around the room"
    },
    {
        "Video Name": "1857297b-347b-4f90-a5ea-4d84233d88e6",
        "Start Frame": 240,
        "End Frame": 360,
        "Caption": "#C C opens the; #C C opens the; #C C opens a; #C C opens the; #C C opens the"
    },
    {
        "Video Name": "1857297b-347b-4f90-a5ea-4d84233d88e6",
        "Start Frame": 360,
        "End Frame": 480,
        "Caption": "#C C walks around the; #C C walks in the; #C C picks the broom; #C C walks in the; #C C picks the cloth"
    },
    {
        "Video Name": "1857297b-347b-4f90-a5ea-4d84233d88e6",
        "Start Frame": 480,
        "End Frame": 600,
        "Caption": "#C C picks a cloth; #C C walks around the room; #C C picks a piece of; #C C looks around ; #C C picks a bed sheet"
    },
    {
        "Video Name": "1857297b-347b-4f90-a5ea-4d84233d88e6",
        "Start Frame": 600,
        "End Frame": 720,
        "Caption": "#C C  picks a cloth; #C C puts the cloth in the; #C C picks the cloth; #C C walks in the house; #C C moves around"
    },
    {
        "Video Name": "1857297b-347b-4f90-a5ea-4d84233d88e6",
        "Start Frame": 720,
        "End Frame": 840,
        "Caption": "#C C drops the cloth on the bed; #C C throws a cloth on the bed; #C C throws the cloth on the bed; #C C picks the cloths from the bed ; #C C drops the bedding on a bed with both hands"
    },
    {
        "Video Name": "1857297b-347b-4f90-a5ea-4d84233d88e6",
        "Start Frame": 840,
        "End Frame": 960,
        "Caption": "#C C puts the phone on the; #C C walks around the room; #C C looks around the house; #C C looks around the room; #C C touches phone"
    },
    {
        "Video Name": "1857297b-347b-4f90-a5ea-4d84233d88e6",
        "Start Frame": 960,
        "End Frame": 1080,
        "Caption": "#C C takes the clothe from the; #C C picks a clothe; #C C puts a cloth on a bed; #C C picks a trouser; #C C takes a cloth"
    },
    {
        "Video Name": "1857297b-347b-4f90-a5ea-4d84233d88e6",
        "Start Frame": 1080,
        "End Frame": 1200,
        "Caption": "#C C drops the pillow on the bed; #C C puts the mattress down; #C C walks around the room; #C C moves the bed ; #C C moves the bed"
    },
    {
        "Video Name": "1857297b-347b-4f90-a5ea-4d84233d88e6",
        "Start Frame": 1200,
        "End Frame": 1320,
        "Caption": "#C C walks around the house; #C C moves around the room; #C C walks around the house; #C C walks around the house; #C C walks around the house"
    },
    {
        "Video Name": "1857297b-347b-4f90-a5ea-4d84233d88e6",
        "Start Frame": 1320,
        "End Frame": 1440,
        "Caption": "#C C picks a flower vase on the floor with his left hand; #C C picks the flower vase from the floor with her right hand; #C C carries the flower pot to another room; #C C walks around the house ; #C C walks around "
    },
    {
        "Video Name": "1857297b-347b-4f90-a5ea-4d84233d88e6",
        "Start Frame": 1440,
        "End Frame": 1560,
        "Caption": "#C C looks around; #C C stands near the table; #C C stands up; #C C walks around the house; #C C walks in the house"
    },
    {
        "Video Name": "1857297b-347b-4f90-a5ea-4d84233d88e6",
        "Start Frame": 1560,
        "End Frame": 1680,
        "Caption": "#C C puts a pillow on the bed; #C C walks in the house ; #C C picks a pillow from the floor; #C C picks a bed cover from the; #C C walks in a room"
    },
    {
        "Video Name": "1857297b-347b-4f90-a5ea-4d84233d88e6",
        "Start Frame": 1680,
        "End Frame": 1800,
        "Caption": "#C C  walks; #C C puts the carpet on the; #C C throws the mattress down; #C C puts the mattress aside ; #C C walks in the room"
    },
    {
        "Video Name": "1857297b-347b-4f90-a5ea-4d84233d88e6",
        "Start Frame": 1800,
        "End Frame": 1920,
        "Caption": "#C C walks out of the; #C C walks around; #C C walks to the bedroom; #C C walks in the house; #C C walks into the bedroom"
    },
    {
        "Video Name": "1857297b-347b-4f90-a5ea-4d84233d88e6",
        "Start Frame": 1920,
        "End Frame": 2040,
        "Caption": "#C C walks in a wash; #C C walks to the bathroom; #C C looks around the room; #C C opens the door; #C C closes the door "
    },
    {
        "Video Name": "1857297b-347b-4f90-a5ea-4d84233d88e6",
        "Start Frame": 2040,
        "End Frame": 2160,
        "Caption": "#C C walks in the house; #C C walks around ; #C C walks in the house; #C C walks to the sitting; #C C moves around"
    },
    {
        "Video Name": "1857297b-347b-4f90-a5ea-4d84233d88e6",
        "Start Frame": 2160,
        "End Frame": 2280,
        "Caption": "#C C walks around the house; #C C walks around; #C C walks around the room; #C C walks into a bedroom; #C C walks around the house"
    },
    {
        "Video Name": "1857297b-347b-4f90-a5ea-4d84233d88e6",
        "Start Frame": 2280,
        "End Frame": 2400,
        "Caption": "#C C looks around the house; #C C picks the cable; #C C picks the cable; #C C puts cable in the bag; #C C drops the cable on the"
    },
    {
        "Video Name": "1857297b-347b-4f90-a5ea-4d84233d88e6",
        "Start Frame": 2400,
        "End Frame": 2520,
        "Caption": "#C C moves around the room; #C C walks around the house; #C C moves around; #C C walks around the room; #C C walks around the house"
    },
    {
        "Video Name": "1857297b-347b-4f90-a5ea-4d84233d88e6",
        "Start Frame": 2520,
        "End Frame": 2640,
        "Caption": "#C C walks in the house ; #C C walks out of the living room; #C C walks out of the sitting room; #C C walks around the house; #C C walks in the house"
    },
    {
        "Video Name": "1857297b-347b-4f90-a5ea-4d84233d88e6",
        "Start Frame": 2640,
        "End Frame": 2760,
        "Caption": "#C C walks around the room; #C C puts the vacuum cleaner on the; #C C walks in the house; #C C stands up ; #C C puts the vacuum cleaner on the"
    },
    {
        "Video Name": "1857297b-347b-4f90-a5ea-4d84233d88e6",
        "Start Frame": 2760,
        "End Frame": 2880,
        "Caption": "#C C moves around the room; #C C looks around the house; #C C looks around the room; #C C holds a cable; #C C walks around the house"
    },
    {
        "Video Name": "1857297b-347b-4f90-a5ea-4d84233d88e6",
        "Start Frame": 2880,
        "End Frame": 3000,
        "Caption": "#C C holds the vacuum cleaner; #C C unplugs the cable from the vacuum; #C C puts the vacuum cleaner on the floor ; #C C adjusts a vacuum cleaner; #C C picks a machine"
    },
    {
        "Video Name": "1857297b-347b-4f90-a5ea-4d84233d88e6",
        "Start Frame": 3000,
        "End Frame": 3120,
        "Caption": "#C C moves vacuum cleaner; #C C fixes the vacuum cleaner ; #C C cleans the vacuum cleaner ; #C C removes dirt on the vacuum cleaner; #C C cleans the machine with the vacuum"
    },
    {
        "Video Name": "1857297b-347b-4f90-a5ea-4d84233d88e6",
        "Start Frame": 3120,
        "End Frame": 3240,
        "Caption": "#C C removes a vacuum cleaner pipe; #C C adjusts the vacuum cleaner; #C C adjusts the vacuum cleaner; #C C adjusts the vacuum cleaner; #C C removes the vacuum cleaner from the vacuum"
    },
    {
        "Video Name": "1857297b-347b-4f90-a5ea-4d84233d88e6",
        "Start Frame": 3240,
        "End Frame": 3360,
        "Caption": "#C C holds the vacuum cleaner; #C C drops the vacuum cleaner hose on the floor with his left hand.; #C C moves the vacuum cleaner; #C C removes the vacuum cleaner hose with his right hand; #C C removes a vacuum cleaner hose from the vacuum cleaner with his left hand"
    },
    {
        "Video Name": "1857297b-347b-4f90-a5ea-4d84233d88e6",
        "Start Frame": 3360,
        "End Frame": 3480,
        "Caption": "#C C drops a vacuum cleaner on the; #C C picks vacuum cleaner hose; #C C walks around the house ; #C C looks around; #C C looks around "
    },
    {
        "Video Name": "1857297b-347b-4f90-a5ea-4d84233d88e6",
        "Start Frame": 3480,
        "End Frame": 3600,
        "Caption": "#C C cleans the floor; #C C cleans the carpet with the vacuum; #C C  picks the vacuum cleaner ; #C C cleans the floor; #C C cleans the carpet "
    },
    {
        "Video Name": "1857297b-347b-4f90-a5ea-4d84233d88e6",
        "Start Frame": 3600,
        "End Frame": 3720,
        "Caption": "#C C cleans the floor with the vacuum; #C C cleans the floor with the vacuum; #C C cleans carpet with vacuum cleaner; #C C vacuums the floor ; #C C cleans the floor"
    },
    {
        "Video Name": "1857297b-347b-4f90-a5ea-4d84233d88e6",
        "Start Frame": 3720,
        "End Frame": 3840,
        "Caption": "#C C cleans the house with a vacuum cleaner; #C C cleans the floor with a vacuum cleaner; #C C cleans the house with a vacuum cleaner; #C C cleans the floor with the vacuum cleaner; #C C cleans the carpet"
    },
    {
        "Video Name": "1857297b-347b-4f90-a5ea-4d84233d88e6",
        "Start Frame": 3840,
        "End Frame": 3960,
        "Caption": "#C C cleans the house; #C C vacuum cleans the room; #C C cleans the carpet with a vacuum cleaner; #C C cleans the carpet ; #C C picks vacuum cleaner"
    },
    {
        "Video Name": "1857297b-347b-4f90-a5ea-4d84233d88e6",
        "Start Frame": 3960,
        "End Frame": 4080,
        "Caption": "#C C picks the vacuum cleaner; #C C walks around the house; #C C picks a vacuum cleaner from the; #C C picks the vacuum cleaner; #C C moves the vacuum cleaner aside"
    },
    {
        "Video Name": "1857297b-347b-4f90-a5ea-4d84233d88e6",
        "Start Frame": 4080,
        "End Frame": 4200,
        "Caption": "#C C moves the dustbin; #C C puts the carton in the closet; #C C moves a chair.; #C C picks up a container; #C C bends down "
    },
    {
        "Video Name": "1857297b-347b-4f90-a5ea-4d84233d88e6",
        "Start Frame": 4200,
        "End Frame": 4320,
        "Caption": "#C C walks in the house; #C C moves the vacuum cleaner; #C C walks out of the; #C C opens a door; #C C switches the lights on"
    },
    {
        "Video Name": "1857297b-347b-4f90-a5ea-4d84233d88e6",
        "Start Frame": 4320,
        "End Frame": 4440,
        "Caption": "#C C cleans the floor; #C C cleans the floor with a vacuum cleaner; #C C switches the vacuum cleaner on; #C C cleans the floor; #C C cleans the house with the vacuum cleaner"
    },
    {
        "Video Name": "1857297b-347b-4f90-a5ea-4d84233d88e6",
        "Start Frame": 4440,
        "End Frame": 4560,
        "Caption": "#C C cleans the carpet; #C C cleans the carpet; #C C cleans the carpet; #C C cleans the floor; #C C cleans the floor"
    },
    {
        "Video Name": "1857297b-347b-4f90-a5ea-4d84233d88e6",
        "Start Frame": 4560,
        "End Frame": 4680,
        "Caption": "#C C cleans the floor ; #C C cleans the floor; #C C cleans the room with the vacuum cleaner; #C C cleans the carpet with the vacuum cleaner; #C C cleans the room with the vacuum cleaner"
    },
    {
        "Video Name": "1857297b-347b-4f90-a5ea-4d84233d88e6",
        "Start Frame": 4680,
        "End Frame": 4800,
        "Caption": "#C C cleans the carpet with the vacuum cleaner; #C C cleans the carpet ; #C C cleans the carpet; #C C cleans the house with a vacuum cleaner; #C C cleans the floor with the vacuum cleaner"
    },
    {
        "Video Name": "1857297b-347b-4f90-a5ea-4d84233d88e6",
        "Start Frame": 4800,
        "End Frame": 4920,
        "Caption": "#C C cleans the floor; #C C cleans the bed; #C C cleans the carpet with the vacuum; #C C looks around; #C C cleans the floor with a vacuum"
    },
    {
        "Video Name": "1857297b-347b-4f90-a5ea-4d84233d88e6",
        "Start Frame": 4920,
        "End Frame": 5040,
        "Caption": "#C C cleans the room; #C C cleans the carpet with the vacuum; #C C switches the socket light on; #C C cleans the room with a vacuum; #C C puts the vacuum cleaner on the"
    },
    {
        "Video Name": "1857297b-347b-4f90-a5ea-4d84233d88e6",
        "Start Frame": 5040,
        "End Frame": 5160,
        "Caption": "#C C cleans the room with the vacuum; #C C cleans the room with the vacuum; #C C cleans the floor; #C C looks around the room; #C C cleans the carpet"
    },
    {
        "Video Name": "1857297b-347b-4f90-a5ea-4d84233d88e6",
        "Start Frame": 5160,
        "End Frame": 5280,
        "Caption": "#C C adjusts the mat; #C C walks in the room; #C C walks in the house; #C C walks around the house; #C C looks around"
    },
    {
        "Video Name": "1857297b-347b-4f90-a5ea-4d84233d88e6",
        "Start Frame": 5280,
        "End Frame": 5400,
        "Caption": "#C C cleans the carpet; #C C looks around ; #C C picks a vacuum cleaner; #C C cleans the floor ; #C C moves the vacuum cleaner on the floor"
    }
]