[
    {
        "Video Name": "1864788e-075b-40b9-8d36-fce9e95099b1",
        "Start Frame": 0,
        "End Frame": 120,
        "Caption": "#C C crochets the strip of yarn into a cloth with the crochet hook and her left; #C C continues to crochet; #C C continues to crochet; #C C continues crocheting the yarn with the crochet hook; #C C continues crocheting the yarn with the crochet hook"
    },
    {
        "Video Name": "1864788e-075b-40b9-8d36-fce9e95099b1",
        "Start Frame": 120,
        "End Frame": 240,
        "Caption": "#C C knits the crochet; #C C crochets the strip of yarn into a cloth with the crochet hook and her left; #C C crochets the strip of yarn into a cloth with the crochet hook and her left; #C C crochets the strip of yarn into a cloth with the crochet hook and her left; #C C crochets the strip of yarn into a cloth with the crochet hook and her left"
    },
    {
        "Video Name": "1864788e-075b-40b9-8d36-fce9e95099b1",
        "Start Frame": 240,
        "End Frame": 360,
        "Caption": "#C C adjusts her left hand to the left on the; #C C adjusts her left hand on the crochet cloth; #C C adjusts the crochet cloth with her left hand; #C C knits the sweater fabric; #C C adjusts her left hand on the cloth"
    },
    {
        "Video Name": "1864788e-075b-40b9-8d36-fce9e95099b1",
        "Start Frame": 360,
        "End Frame": 480,
        "Caption": "#C C crochets the strip of yarn into a cloth with the crochet hook and her left; #C C crochets the strip of yarn into a cloth with the crochet hook and her left; #C C continues to crochet.; #C C crochets the strip of yarn into a cloth with the crochet hook and her left; #C C adjusts her left hand on the crochet cloth"
    },
    {
        "Video Name": "1864788e-075b-40b9-8d36-fce9e95099b1",
        "Start Frame": 480,
        "End Frame": 600,
        "Caption": "#C C adjusts the yarn; #C C holds the crochet hook with her left hand; #C C passes the crochet hook from her left hand to her right hand; #C C holds the crochet hook with her right hand; #C C adjusts the crochet cloth with her left hand"
    },
    {
        "Video Name": "1864788e-075b-40b9-8d36-fce9e95099b1",
        "Start Frame": 600,
        "End Frame": 720,
        "Caption": "#C C crochets the strip of yarn into a cloth with the crochet hook and her left; #C C holds the crochet hook; #C C crochets the strip of yarn into a cloth with the crochet hook and her left; #C C holds the crochet hook with her left hand; #C C crochets the strip of yarn into a cloth with the crochet hook and her left"
    },
    {
        "Video Name": "1864788e-075b-40b9-8d36-fce9e95099b1",
        "Start Frame": 720,
        "End Frame": 840,
        "Caption": "#C C crochets the strip of yarn into a cloth with the crochet hook and her left; #C C adjusts her left hand to the left on the crochet cloth; #C C adjusts the crochet cloth with her left hand; #C C crochets the strip of yarn into a cloth with the crochet hook and her left; #C C crochets the strip of yarn into a cloth with the crochet hook and her left"
    },
    {
        "Video Name": "1864788e-075b-40b9-8d36-fce9e95099b1",
        "Start Frame": 840,
        "End Frame": 960,
        "Caption": "#C C continues to crochet; #C C crochets the strip of yarn into a cloth with the crochet hook and her left; #C C holds the crochet hook with her left hand; #C C crochets the strip of yarn into a cloth with the crochet hook and her left; #C C crochets the strip of yarn into a cloth with the crochet hook and her left"
    },
    {
        "Video Name": "1864788e-075b-40b9-8d36-fce9e95099b1",
        "Start Frame": 960,
        "End Frame": 1080,
        "Caption": "#C C crochets the strip of yarn into a cloth with the crochet hook and her left hand; #C C continues crocheting the strip of yarn into a cloth with the crochet hook and her left; #C C knits the cloth with the crochet hook and her left hand; #C C continues to crochet; #C C crochets the strip of yarn into a cloth with the crochet hook and her left hand"
    },
    {
        "Video Name": "1864788e-075b-40b9-8d36-fce9e95099b1",
        "Start Frame": 1080,
        "End Frame": 1200,
        "Caption": "#C C continues to crochet; #C C crochets the strip of yarn into a cloth with the crochet hook and her left; #C C crochets the strip of yarn into a cloth with the crochet hook and her left; #C C continues to crochet; #C C crochets the strip of yarn into a cloth with the crochet hook and her left"
    },
    {
        "Video Name": "1864788e-075b-40b9-8d36-fce9e95099b1",
        "Start Frame": 1200,
        "End Frame": 1320,
        "Caption": "#C C adjusts her left hand on the crochet cloth; #C C crochets the strip of yarn into a cloth with the crochet hook and her left; #C C crochets the strip of yarn into a cloth with the crochet hook and her left; #C C continues to crochet.; #C C adjusts her left hand on the crochet cloth"
    },
    {
        "Video Name": "1864788e-075b-40b9-8d36-fce9e95099b1",
        "Start Frame": 1320,
        "End Frame": 1440,
        "Caption": "#C C continues to crochet; #C C continues to crochet; #C C continues to crochet; #C C continues to crochet; #C C continues to crochet"
    },
    {
        "Video Name": "1864788e-075b-40b9-8d36-fce9e95099b1",
        "Start Frame": 1440,
        "End Frame": 1560,
        "Caption": "#C C passes the crochet hook to her left hand; #C C holds the crochet hook with her right hand; #C C continues to crochet; #C C adjusts her left hand to the left on the; #C C continues to crochet."
    },
    {
        "Video Name": "1864788e-075b-40b9-8d36-fce9e95099b1",
        "Start Frame": 1560,
        "End Frame": 1680,
        "Caption": "#C C knits the crochet; #C C continues to crochet; #C C holds the crochet hook with her right; #C C knits the crochet cloth; #C C knits the crochet"
    },
    {
        "Video Name": "1864788e-075b-40b9-8d36-fce9e95099b1",
        "Start Frame": 1680,
        "End Frame": 1800,
        "Caption": "#C C crochets the strip of yarn into a cloth with the crochet hook and her left hand; #C C continues crocheting the strip of yarn into a cloth with the crochet hook and her left; #C C moves her left hand on the cloth; #C C knits the crochet cloth; #C C crochets the strip of yarn into a cloth with the crochet hook and her left hand"
    },
    {
        "Video Name": "1864788e-075b-40b9-8d36-fce9e95099b1",
        "Start Frame": 1800,
        "End Frame": 1920,
        "Caption": "#C C crochets the strip of yarn into a cloth with the crochet hook and her left; #C C continues to crochet; #C C continues to crochet.; #C C knits the sweater fabric; #C C crochets the strip of yarn into a cloth with the crochet hook and her left"
    },
    {
        "Video Name": "1864788e-075b-40b9-8d36-fce9e95099b1",
        "Start Frame": 1920,
        "End Frame": 2040,
        "Caption": "#C C continues to crochet; #C C continues to crochet; #C C continues croche; #C C continues to crochet; #C C continues to crochet"
    },
    {
        "Video Name": "1864788e-075b-40b9-8d36-fce9e95099b1",
        "Start Frame": 2040,
        "End Frame": 2160,
        "Caption": "#C C crochets the strip of yarn into a cloth with the crochet hook and her left; #C C knits the crochet cloth; #C C crochets the strip of yarn into a cloth with the crochet hook and her left; #C C crochets the strip of yarn into a cloth with the crochet hook and her left; #C C crochets the strip of yarn into a cloth with the crochet hook and her left"
    },
    {
        "Video Name": "1864788e-075b-40b9-8d36-fce9e95099b1",
        "Start Frame": 2160,
        "End Frame": 2280,
        "Caption": "#C C crochets the strip of yarn into a cloth with the crochet hook and her left; #C C crochets the strip of yarn into a cloth with the crochet hook and her left; #C C crochets the strip of yarn into a cloth with the crochet hook and her left; #C C crochets the strip of yarn into a cloth with the crochet hook and her left; #C C continues to crochet."
    },
    {
        "Video Name": "1864788e-075b-40b9-8d36-fce9e95099b1",
        "Start Frame": 2280,
        "End Frame": 2400,
        "Caption": "#C C holds the crochet cloth with her left hand; #C C crochets the strip of yarn into a cloth with the crochet hook and her left hand; #C C crochets the strip of yarn into a cloth with the crochet hook and her left hand; #C C continues to crochet; #C C continues crocheting the strip of yarn into a cloth with the crochet hook and her left"
    },
    {
        "Video Name": "1864788e-075b-40b9-8d36-fce9e95099b1",
        "Start Frame": 2400,
        "End Frame": 2520,
        "Caption": "#C C continues crocheting the strip of yarn into a cloth with the crochet hook and her left; #C C holds the crochet hook with her right hand; #C C adjusts her left hand on the crochet cloth; #C C crochets the strip of yarn into a cloth with the crochet hook and her left hand; #C C continues to crochet."
    },
    {
        "Video Name": "1864788e-075b-40b9-8d36-fce9e95099b1",
        "Start Frame": 2520,
        "End Frame": 2640,
        "Caption": "#C C crochets the strip of yarn into a cloth with the crochet hook and her left; #C C continues to crochet; #C C crochets the strip of yarn into a cloth with the crochet hook and her left; #C C crochets the strip of yarn into a cloth with the crochet hook and her left; #C C knits the cloth "
    },
    {
        "Video Name": "1864788e-075b-40b9-8d36-fce9e95099b1",
        "Start Frame": 2640,
        "End Frame": 2760,
        "Caption": "#C C crochets the strip of yarn into a cloth with the crochet hook and her left; #C C continues to crochet; #C C crochets the strip of yarn into a cloth with the crochet hook and her left; #C C crochets the strip of yarn into a cloth with the crochet hook and her left; #C C crochets the strip of yarn into a cloth with the crochet hook and her left"
    },
    {
        "Video Name": "1864788e-075b-40b9-8d36-fce9e95099b1",
        "Start Frame": 2760,
        "End Frame": 2880,
        "Caption": "#C C continues to crochet; #C C continues to crochet; #C C crochets the strip of yarn into a cloth with the crochet hook and her left; #C C holds the crochet hook; #C C crochets the strip of yarn into a cloth with the crochet hook and her left"
    },
    {
        "Video Name": "1864788e-075b-40b9-8d36-fce9e95099b1",
        "Start Frame": 2880,
        "End Frame": 3000,
        "Caption": "#C C continues crocheting the strip of yarn into a cloth with the crochet hook and her left; #C C crochets the strip of yarn into a cloth with the crochet hook and her left hand; #C C crochets the strip of yarn into a cloth with the crochet hook and her left hand; #C C crochets the strip of yarn into a cloth with the crochet hook and her left hand; #C C crochets the strip of yarn into a cloth with the crochet hook and her left hand"
    },
    {
        "Video Name": "1864788e-075b-40b9-8d36-fce9e95099b1",
        "Start Frame": 3000,
        "End Frame": 3120,
        "Caption": "#C C crochets the strip of yarn into a cloth with the crochet hook and her left; #C C adjusts her left hand on the crochet cloth; #C C adjusts the crochet cloth with her left hand; #C C crochets the strip of yarn into a cloth with the crochet hook and her left; #C C crochets the strip of yarn into a cloth with the crochet hook and her left"
    },
    {
        "Video Name": "1864788e-075b-40b9-8d36-fce9e95099b1",
        "Start Frame": 3120,
        "End Frame": 3240,
        "Caption": "#C C continues to crochet; #C C knits the sweater fabric; #C C continues to crochet; #C C crochets the strip of yarn into a cloth with the crochet hook and her left; #C C crochets the strip of yarn into a cloth with the crochet hook and her left"
    },
    {
        "Video Name": "1864788e-075b-40b9-8d36-fce9e95099b1",
        "Start Frame": 3240,
        "End Frame": 3360,
        "Caption": "#C C crochets the strip of yarn into a cloth with the crochet hook and her left hand; #C C holds the crochet hook with her left hand; #C C knits the crochet cloth; #C C continues crocheting the yarn.; #C C continues crocheting the strip of yarn into a cloth with the crochet hook and her left"
    },
    {
        "Video Name": "1864788e-075b-40b9-8d36-fce9e95099b1",
        "Start Frame": 3360,
        "End Frame": 3480,
        "Caption": "#C C crochets the strip of yarn into a cloth with the crochet hook and her left hand; #C C crochets the strip of yarn into a cloth with the crochet hook and her left hand; #C C continues crocheting the strip of yarn into a cloth with the crochet hook and her left; #C C adjusts the crochet cloth with her left hand; #C C continues to crochet"
    },
    {
        "Video Name": "1864788e-075b-40b9-8d36-fce9e95099b1",
        "Start Frame": 3480,
        "End Frame": 3600,
        "Caption": "#C C crochets the strip of yarn into a cloth with the crochet hook and her left hand; #C C continues to crochet; #C C continues crocheting with the yarn; #C C continues to crochet; #C C continues crocheting the strip of yarn into a cloth with the crochet hook and her left"
    },
    {
        "Video Name": "1864788e-075b-40b9-8d36-fce9e95099b1",
        "Start Frame": 3600,
        "End Frame": 3720,
        "Caption": "#C C knits the cloth with the knitting needle; #C C holds the crochet hook; #C C crochets the strip of yarn into a cloth with the crochet hook and her left hand; #C C knits the crochet cloth; #C C continues crocheting the strip of yarn into a cloth with the crochet hook and her left"
    },
    {
        "Video Name": "1864788e-075b-40b9-8d36-fce9e95099b1",
        "Start Frame": 3720,
        "End Frame": 3840,
        "Caption": "#C C crochets the strip of yarn into a cloth with the crochet hook and her left; #C C crochets the strip of yarn into a cloth with the crochet hook and her left; #C C crochets the strip of yarn into a cloth with the crochet hook and her left; #C C crochets the strip of yarn into a cloth with the crochet hook and her left; #C C continues to crochet"
    },
    {
        "Video Name": "1864788e-075b-40b9-8d36-fce9e95099b1",
        "Start Frame": 3840,
        "End Frame": 3960,
        "Caption": "#C C crochets the strip of yarn into a cloth with the crochet hook and her left hand; #C C continues to crochet; #C C continues to crochet; #C C continues crocheting the strip of yarn into a cloth with the crochet hook and her left; #C C crochets the strip of yarn into a cloth with the crochet hook and her left hand"
    },
    {
        "Video Name": "1864788e-075b-40b9-8d36-fce9e95099b1",
        "Start Frame": 3960,
        "End Frame": 4080,
        "Caption": "#C C crochets the strip of yarn into a cloth with the crochet hook and her left; #C C crochets the strip of yarn into a cloth with the crochet hook and her left; #C C knits a cloth with a crochet hook; #C C continues to crochet; #C C knits the crochet"
    },
    {
        "Video Name": "1864788e-075b-40b9-8d36-fce9e95099b1",
        "Start Frame": 4080,
        "End Frame": 4200,
        "Caption": "#C C crochets the strip of yarn into a cloth with the crochet hook and her left; #C C crochets the strip of yarn into a cloth with the crochet hook and her left; #C C crochets the strip of yarn into a cloth with the crochet hook and her left; #C C continues to crochet; #C C crochets the strip of yarn into a cloth with the crochet hook and her left"
    },
    {
        "Video Name": "1864788e-075b-40b9-8d36-fce9e95099b1",
        "Start Frame": 4200,
        "End Frame": 4320,
        "Caption": "#C C adjusts the crochet cloth with her left hand; #C C crochets the strip of yarn into a cloth with the crochet hook and her left; #C C crochets the strip of yarn into a cloth with the crochet hook and her left; #C C crochets the strip of yarn into a cloth with the crochet hook and her left; #C C crochets the strip of yarn into a cloth with the crochet hook and her left"
    },
    {
        "Video Name": "1864788e-075b-40b9-8d36-fce9e95099b1",
        "Start Frame": 4320,
        "End Frame": 4440,
        "Caption": "#C C continues to crochet; #C C crochets the strip of yarn into a cloth with the crochet hook and her left; #C C continues to crochet; #C C crochets the strip of yarn into a cloth with the crochet hook and her left; #C C continues to crochet"
    },
    {
        "Video Name": "1864788e-075b-40b9-8d36-fce9e95099b1",
        "Start Frame": 4440,
        "End Frame": 4560,
        "Caption": "#C C crochets the strip of yarn into a cloth with the crochet hook and her left; #C C crochets the strip of yarn into a cloth with the crochet hook and her left; #C C crochets the strip of yarn into a cloth with the crochet hook and her left; #C C crochets the strip of yarn into a cloth with the crochet hook and her left; #C C crochets the strip of yarn into a cloth with the crochet hook and her left"
    },
    {
        "Video Name": "1864788e-075b-40b9-8d36-fce9e95099b1",
        "Start Frame": 4560,
        "End Frame": 4680,
        "Caption": "#C C knits the sweater fabric; #C C crochets the strip of yarn into a cloth with the crochet hook and her left hand; #C C continues crocheting the strip of yarn into a cloth with the crochet hook and her left; #C C crochets the strip of yarn into a cloth with the crochet hook and her left hand; #C C crochets the strip of yarn into a cloth with the crochet hook and her left hand"
    },
    {
        "Video Name": "1864788e-075b-40b9-8d36-fce9e95099b1",
        "Start Frame": 4680,
        "End Frame": 4800,
        "Caption": "#C C holds the crochet hook with her right hand; #C C knits the crochet cloth; #C C crochets the strip of yarn into a cloth with the crochet hook and her left; #C C crochets the strip of yarn into a cloth with the crochet hook and her left; #C C holds the crochet hook with her right hand"
    },
    {
        "Video Name": "1864788e-075b-40b9-8d36-fce9e95099b1",
        "Start Frame": 4800,
        "End Frame": 4920,
        "Caption": "#C C crochets the strip of yarn into a cloth with the crochet hook and her left; #C C knits the sweater fabric; #C C adjusts her left hand to the left on the cloth; #C C crochets the strip of yarn into a cloth with the crochet hook and her left; #C C crochets the strip of yarn into a cloth with the crochet hook and her left"
    },
    {
        "Video Name": "1864788e-075b-40b9-8d36-fce9e95099b1",
        "Start Frame": 4920,
        "End Frame": 5040,
        "Caption": "#C C crochets the strip of yarn into a cloth with the crochet hook and her left; #C C crochets the strip of yarn into a cloth with the crochet hook and her left; #C C continues to crochet; #C C crochets the strip of yarn into a cloth with the crochet hook and her left; #C C knits the cloth with the hook needle and thread"
    },
    {
        "Video Name": "1864788e-075b-40b9-8d36-fce9e95099b1",
        "Start Frame": 5040,
        "End Frame": 5160,
        "Caption": "#C C continues to crochet; #C C knits the crochet; #C C crochets the strip of yarn into a cloth with the crochet hook and her left hand; #C C continues crocheting the strip of yarn into a cloth with the crochet hook and her left; #C C continues to crochet"
    },
    {
        "Video Name": "1864788e-075b-40b9-8d36-fce9e95099b1",
        "Start Frame": 5160,
        "End Frame": 5280,
        "Caption": "#C C continues crocheting the strip of yarn into a cloth with the crochet hook and her left; #C C continues to crochet; #C C crochets the strip of yarn into a cloth with the crochet hook and her left hand; #C C continues crocheting the strip of yarn into a cloth with the crochet hook and her left; #C C crochets the strip of yarn into a cloth with the crochet hook and her left hand"
    },
    {
        "Video Name": "1864788e-075b-40b9-8d36-fce9e95099b1",
        "Start Frame": 5280,
        "End Frame": 5400,
        "Caption": "#C C crochets the strip of yarn into a cloth with the crochet hook and her left; #C C crochets the strip of yarn into a cloth with the crochet hook and her left; #C C moves her left hand to the left on the cloth; #C C adjusts her left hand on the crochet cloth; #C C adjusts her left hand on the crochet cloth"
    }
]