[
    {
        "Video Name": "18766ac2-04ac-423c-bef9-df5be487485c",
        "Start Frame": 0,
        "End Frame": 120,
        "Caption": "#C C picks up a stamped flange weld; #C C puts metal rod on a metal; #C C puts the metal on the metal rod; #C C drops metal rod on the ground; #C C removes metal rod from the metal"
    },
    {
        "Video Name": "18766ac2-04ac-423c-bef9-df5be487485c",
        "Start Frame": 120,
        "End Frame": 240,
        "Caption": "#C C hits a metal with a hammer; #C C hammers on the metal; #C C hammers the metal rod ; #C C hammers the metal; #C C hits a metal with a hammer"
    },
    {
        "Video Name": "18766ac2-04ac-423c-bef9-df5be487485c",
        "Start Frame": 240,
        "End Frame": 360,
        "Caption": "#C C puts the welding machine on the; #C C puts the welding machine down ; #C C puts metal rod on the floor; #C C takes a welding gun; #C C puts the metal on the floor"
    },
    {
        "Video Name": "18766ac2-04ac-423c-bef9-df5be487485c",
        "Start Frame": 360,
        "End Frame": 480,
        "Caption": "#C C welds the small bowl shaped metal on the long circular shaped metal rod; #C C welds the small bowl shaped metal on the long circular shaped metal rod; #C C welds the small bowl shaped metal on the long circular shaped metal rod; #C C welds a metal; #C C welds the small bowl shaped metal on the long circular shaped metal rod"
    },
    {
        "Video Name": "18766ac2-04ac-423c-bef9-df5be487485c",
        "Start Frame": 480,
        "End Frame": 600,
        "Caption": "#C C puts the metal rod on the ; #C C puts the metal on the floor; #C C picks a hammer; #C C puts ball peen hammer down; #C C takes a metal rod "
    },
    {
        "Video Name": "18766ac2-04ac-423c-bef9-df5be487485c",
        "Start Frame": 600,
        "End Frame": 720,
        "Caption": "#C C puts metal rod on the hammer; #C C puts ball on the metal; #C C takes hammer; #C C hits the metal rod with a; #C C picks up the hammer"
    },
    {
        "Video Name": "18766ac2-04ac-423c-bef9-df5be487485c",
        "Start Frame": 720,
        "End Frame": 840,
        "Caption": "#C C welds the small bowl shaped metal on the long circular shaped metal rod; #C C welds the metal rod; #C C welds the metal; #C C welds a metal; #C C welds a metal"
    },
    {
        "Video Name": "18766ac2-04ac-423c-bef9-df5be487485c",
        "Start Frame": 840,
        "End Frame": 960,
        "Caption": "#C C welds the metal rod; #C C welds the metal with the welding machine on the ground; #C C burns a stamped flange weld nut; #C C welds the metal rod; #C C welds the small bowl shaped metal on the long circular shaped metal rod"
    },
    {
        "Video Name": "18766ac2-04ac-423c-bef9-df5be487485c",
        "Start Frame": 960,
        "End Frame": 1080,
        "Caption": "#C C welds the metal; #C C welds the small bowl shaped metal on the long circular shaped metal rod; #C C welds the metal with the welding machine; #C C welds the small bowl shaped metal on the long circular shaped metal rod; #C C welds the small bowl shaped metal on the long circular shaped metal rod"
    },
    {
        "Video Name": "18766ac2-04ac-423c-bef9-df5be487485c",
        "Start Frame": 1080,
        "End Frame": 1200,
        "Caption": "#C C welds the metal rod; #C C welds the small bowl shaped metal on the long circular shaped metal rod; #C C welds the metal; #C C welds a metal; #C C welds the small bowl shaped metal on the long circular shaped metal rod"
    },
    {
        "Video Name": "18766ac2-04ac-423c-bef9-df5be487485c",
        "Start Frame": 1200,
        "End Frame": 1320,
        "Caption": "#C C removes the welding rod holder; #C C looks around; #C C turns the metal rod; #C C puts welding gun down ; #C C puts the welding gun down"
    },
    {
        "Video Name": "18766ac2-04ac-423c-bef9-df5be487485c",
        "Start Frame": 1320,
        "End Frame": 1440,
        "Caption": "#C C picks a metal part; #C C removes the metal lid; #C C fixes the metal part; #C C fixes the metal rod on the other metal; #C C removes the metal cap from the metal"
    },
    {
        "Video Name": "18766ac2-04ac-423c-bef9-df5be487485c",
        "Start Frame": 1440,
        "End Frame": 1560,
        "Caption": "#C C puts a stamped flange weld nut on a; #C C places the metal on the metal ; #C C puts a metal rod on a concave metal; #C C puts the metal on the welding surface; #C C puts the metal on the holder"
    },
    {
        "Video Name": "18766ac2-04ac-423c-bef9-df5be487485c",
        "Start Frame": 1560,
        "End Frame": 1680,
        "Caption": "#C C puts the metal rod down ; #C C looks at the metal; #C C puts metal rod down ; #C C holds the metal rod with the right; #C C puts the metal down"
    },
    {
        "Video Name": "18766ac2-04ac-423c-bef9-df5be487485c",
        "Start Frame": 1680,
        "End Frame": 1800,
        "Caption": "#C C welds the metal ; #C C welds the metal; #C C welds the metal ; #C C welds the small bowl shaped metal on the long circular shaped metal rod; #C C fixes metal rod on the welding machine"
    },
    {
        "Video Name": "18766ac2-04ac-423c-bef9-df5be487485c",
        "Start Frame": 1800,
        "End Frame": 1920,
        "Caption": "#C C welds the metal; #C C welds the metal rod ; #C C welds the metal rod ; #C C welds the metal; #C C welds the small bowl shaped metal on the long circular shaped metal rod"
    },
    {
        "Video Name": "18766ac2-04ac-423c-bef9-df5be487485c",
        "Start Frame": 1920,
        "End Frame": 2040,
        "Caption": "#C C stops burning a stamped flange weld; #C C welds metal; #C C welds a metal; #C C welds metal rod; #C C welds the rod"
    },
    {
        "Video Name": "18766ac2-04ac-423c-bef9-df5be487485c",
        "Start Frame": 2040,
        "End Frame": 2160,
        "Caption": "#C C welds metal; #C C stops burning a stamped flange weld; #C C welds a metal; #C C turns metal rod; #C C stops burning a stamped flange weld"
    },
    {
        "Video Name": "18766ac2-04ac-423c-bef9-df5be487485c",
        "Start Frame": 2160,
        "End Frame": 2280,
        "Caption": "#C C welds the metal rod; #C C welds the metal; #C C welds the metal ; #C C burns a stamped flange weld; #C C welds a metal"
    },
    {
        "Video Name": "18766ac2-04ac-423c-bef9-df5be487485c",
        "Start Frame": 2280,
        "End Frame": 2400,
        "Caption": "#C C welds a; #C C welds a; #C C turns metal rod; #C C welds the; #C C welds the"
    },
    {
        "Video Name": "18766ac2-04ac-423c-bef9-df5be487485c",
        "Start Frame": 2400,
        "End Frame": 2520,
        "Caption": "#C C picks up the metal was; #C C arranges metal; #C C picks up metal pieces; #C C looks at the metal rods; #C C looks at the metals "
    },
    {
        "Video Name": "18766ac2-04ac-423c-bef9-df5be487485c",
        "Start Frame": 2520,
        "End Frame": 2640,
        "Caption": "#C C picks metal rod; #C C takes a metal; #C C puts metal bars on floor; #C C picks a metal ; #C C looks around"
    },
    {
        "Video Name": "18766ac2-04ac-423c-bef9-df5be487485c",
        "Start Frame": 2640,
        "End Frame": 2760,
        "Caption": "#O a man X talks to C; #C C looks around; #C C looks around; #C C talks to a man Y; #C C looks around"
    },
    {
        "Video Name": "18766ac2-04ac-423c-bef9-df5be487485c",
        "Start Frame": 2760,
        "End Frame": 2880,
        "Caption": "#C C puts a steel rode on the floor; #C C picks the metal tube.; #C C looks around ; #C C puts a metal on a stand; #C C puts a metal on a grinder"
    },
    {
        "Video Name": "18766ac2-04ac-423c-bef9-df5be487485c",
        "Start Frame": 2880,
        "End Frame": 3000,
        "Caption": "#C C picks a stamped flange weld; #C C picks a metal; #C C picks a metal; #C C picks metal cap; #C C picks a stamped flange weld"
    },
    {
        "Video Name": "18766ac2-04ac-423c-bef9-df5be487485c",
        "Start Frame": 3000,
        "End Frame": 3120,
        "Caption": "#C C picks a metal rod on the; #C C picks a metal rod; #C C takes a metal piece ; #C C places metal part on the floor; #C C puts the metal rod on the"
    },
    {
        "Video Name": "18766ac2-04ac-423c-bef9-df5be487485c",
        "Start Frame": 3120,
        "End Frame": 3240,
        "Caption": "#C C picks a metal ; #C C picks the metal lid; #C C picks the metal rod on the; #C C puts metal cap on the metal; #C C puts a metal on the ground"
    },
    {
        "Video Name": "18766ac2-04ac-423c-bef9-df5be487485c",
        "Start Frame": 3240,
        "End Frame": 3360,
        "Caption": "#C C places the metal on the metal; #C C takes a metal rod ; #C C picks a metal ; #C C puts the metal rod on the; #C C  puts metal cap on the"
    },
    {
        "Video Name": "18766ac2-04ac-423c-bef9-df5be487485c",
        "Start Frame": 3360,
        "End Frame": 3480,
        "Caption": "#C C hits on the metal; #C C removes metal from the hammer; #C C hits a metal with a; #C C hammers the metal rod; #C C hits the metal with the"
    },
    {
        "Video Name": "18766ac2-04ac-423c-bef9-df5be487485c",
        "Start Frame": 3480,
        "End Frame": 3600,
        "Caption": "#C C interacts with man X; #C C looks at his fingers; #C C fixes the metal; #O person X talks to C; #C C holds the metal"
    },
    {
        "Video Name": "18766ac2-04ac-423c-bef9-df5be487485c",
        "Start Frame": 3600,
        "End Frame": 3720,
        "Caption": "#C C looks at person X; #C C looks around; #C C looks around ; #C C looks around; #C C looks at the steel bolt"
    },
    {
        "Video Name": "18766ac2-04ac-423c-bef9-df5be487485c",
        "Start Frame": 3720,
        "End Frame": 3840,
        "Caption": "#C C looks around; #C C puts the metal tube on the; #O man Y converses with C ; #O man S moves hands; #C C holds a steel rode "
    },
    {
        "Video Name": "18766ac2-04ac-423c-bef9-df5be487485c",
        "Start Frame": 3840,
        "End Frame": 3960,
        "Caption": "#C C welds metal; #C C welds the metal with the welding; #C C welds the metal; #C C welds the metal ; #C C welds the metal"
    },
    {
        "Video Name": "18766ac2-04ac-423c-bef9-df5be487485c",
        "Start Frame": 3960,
        "End Frame": 4080,
        "Caption": "#C C turns metal rod; #C C welds the metal; #C C welds a metal; #C C welds the metal; #C C turns metal rod"
    },
    {
        "Video Name": "18766ac2-04ac-423c-bef9-df5be487485c",
        "Start Frame": 4080,
        "End Frame": 4200,
        "Caption": "#C C welds the small bowl shaped metal on the long circular shaped metal rod; #C C turns metal rod; #C C turns metal rod; #C C stops burning a stamped flange weld nut; #C C turns metal rod"
    },
    {
        "Video Name": "18766ac2-04ac-423c-bef9-df5be487485c",
        "Start Frame": 4200,
        "End Frame": 4320,
        "Caption": "#C C welds the small bowl shaped metal on the long circular shaped metal rod; #C C turns metal rod; #C C welds the metal rod; #C C welds the metal rod; #C C burns a stamped flange weld nut"
    },
    {
        "Video Name": "18766ac2-04ac-423c-bef9-df5be487485c",
        "Start Frame": 4320,
        "End Frame": 4440,
        "Caption": "#C C turns metal rod; #C C stops burning a stamped flange weld; #C C turns metal rod; #C C stops burning a stamped flange weld; #C C stops burning a stamped flange weld"
    },
    {
        "Video Name": "18766ac2-04ac-423c-bef9-df5be487485c",
        "Start Frame": 4440,
        "End Frame": 4560,
        "Caption": "#C C puts metal down ; #C C takes the welding machine ; #C C puts the welding machine part on the; #C C drops a stamped flange weld nut; #C C puts the metal rod on the floor"
    },
    {
        "Video Name": "18766ac2-04ac-423c-bef9-df5be487485c",
        "Start Frame": 4560,
        "End Frame": 4680,
        "Caption": "#C C picks the metal rod; #C C hits the metal with hammer; #C C fixes the metal with the hammer; #C C picks the metal from the ground; #C C hits the metal with a hammer"
    },
    {
        "Video Name": "18766ac2-04ac-423c-bef9-df5be487485c",
        "Start Frame": 4680,
        "End Frame": 4800,
        "Caption": "#C C places the metal rod on the welding surface; #C C puts the metal on the holder; #C C fixes metal rod on the other metal rod; #C C places the long circular shaped metal rod on the small bowl shaped; #C C puts a stamped flange weld nut on the metal"
    },
    {
        "Video Name": "18766ac2-04ac-423c-bef9-df5be487485c",
        "Start Frame": 4800,
        "End Frame": 4920,
        "Caption": "#C C looks around; #C C turns metal rod; #C C looks around; #C C holds a stamped flange weld; #C C looks around "
    },
    {
        "Video Name": "18766ac2-04ac-423c-bef9-df5be487485c",
        "Start Frame": 4920,
        "End Frame": 5040,
        "Caption": "#C C looks at the metal ; #C C looks at the metal; #C C looks at the metal piece; #C C fixes the metal rod; #C C fixes the metal "
    },
    {
        "Video Name": "18766ac2-04ac-423c-bef9-df5be487485c",
        "Start Frame": 5040,
        "End Frame": 5160,
        "Caption": "#C C holds metal ; #C C hammers the metal; #C C hammers metal; #C C picks a hammer; #C C picks metal"
    },
    {
        "Video Name": "18766ac2-04ac-423c-bef9-df5be487485c",
        "Start Frame": 5160,
        "End Frame": 5280,
        "Caption": "#C C puts the metal on the floor; #C C picks the welding machine on the floor; #C C puts a metal on the metal stick; #C C looks at the metal; #C C picks a metal "
    },
    {
        "Video Name": "18766ac2-04ac-423c-bef9-df5be487485c",
        "Start Frame": 5280,
        "End Frame": 5400,
        "Caption": "#C C welds the metal ; #C C welds a metal; #C C welds the small bowl shaped metal on the long circular shaped metal rod; #C C welds the metal ; #C C welds the metal rod"
    }
]