[
    {
        "Video Name": "187b85bc-de27-48e5-a068-278763017d57",
        "Start Frame": 0,
        "End Frame": 120,
        "Caption": "#C C paints the sketch; #C C paints a picture; #C C paints on the; #C C paints on the; #C C paints the sketch"
    },
    {
        "Video Name": "187b85bc-de27-48e5-a068-278763017d57",
        "Start Frame": 120,
        "End Frame": 240,
        "Caption": "#C C paints on the; #C C paints a picture; #C C paints the sketch; #C C paints on the; #C C paints on the"
    },
    {
        "Video Name": "187b85bc-de27-48e5-a068-278763017d57",
        "Start Frame": 240,
        "End Frame": 360,
        "Caption": "#C C paints the sketch; #C C paints on the; #C C paints the sketch; #C C paints a picture; #C C paints the sketch"
    },
    {
        "Video Name": "187b85bc-de27-48e5-a068-278763017d57",
        "Start Frame": 360,
        "End Frame": 480,
        "Caption": "#C C paints the sketch; #C C paints a picture; #C C paints the sketch; #C C paints on the; #C C paints on the"
    },
    {
        "Video Name": "187b85bc-de27-48e5-a068-278763017d57",
        "Start Frame": 480,
        "End Frame": 600,
        "Caption": "#c c paints a piece of paper using a paint brush; #C C paints on a piece of paper with a paint; #C C draws on the piece of paper with the painting; #C C paints the sketch; #c c draws on a piece of paper"
    },
    {
        "Video Name": "187b85bc-de27-48e5-a068-278763017d57",
        "Start Frame": 600,
        "End Frame": 720,
        "Caption": "#C C dips the painting brush in the bottle of; #C C dips the brush in the jar ; #C C dips the paintbrush in water; #C C dips the paint brush in water.; #C C dips the painting brush in the bottle of"
    },
    {
        "Video Name": "187b85bc-de27-48e5-a068-278763017d57",
        "Start Frame": 720,
        "End Frame": 840,
        "Caption": "#C C paints a drawing; #C C paints the sketch; #C C paints the sketch; #C C rubs the brush on the; #C C paints the sketch"
    },
    {
        "Video Name": "187b85bc-de27-48e5-a068-278763017d57",
        "Start Frame": 840,
        "End Frame": 960,
        "Caption": "#C C paints a; #C C paints the; #C C paints the; #C C paints the; #c c continues to"
    },
    {
        "Video Name": "187b85bc-de27-48e5-a068-278763017d57",
        "Start Frame": 960,
        "End Frame": 1080,
        "Caption": "#C C wipes the drawing; #C C wipes the table ; #C C picks a tissue from the; #C C puts the paint on the; #C C wipes the drawing"
    },
    {
        "Video Name": "187b85bc-de27-48e5-a068-278763017d57",
        "Start Frame": 1080,
        "End Frame": 1200,
        "Caption": "#C C takes a picture of the; #c c picks a picture; #c c picks a picture from the; #C C takes a picture of the; #C C picks the picture"
    },
    {
        "Video Name": "187b85bc-de27-48e5-a068-278763017d57",
        "Start Frame": 1200,
        "End Frame": 1320,
        "Caption": "#C C puts the phone on the table; #C C picks a painting brush from the; #C C stares at the sketch; #C C looks around the table; #C C looks around"
    },
    {
        "Video Name": "187b85bc-de27-48e5-a068-278763017d57",
        "Start Frame": 1320,
        "End Frame": 1440,
        "Caption": "#C C closes the paint; #C C opens the paint; #C C closes the paint; #C C opens the palette; #C C opens the paint"
    },
    {
        "Video Name": "187b85bc-de27-48e5-a068-278763017d57",
        "Start Frame": 1440,
        "End Frame": 1560,
        "Caption": "#C C dips the paint brush in water.; #C C dips the paint brush in water.; #C C dips the paint brush in water.; #C C picks up a paint brush; #C C puts the paint brush on the table"
    },
    {
        "Video Name": "187b85bc-de27-48e5-a068-278763017d57",
        "Start Frame": 1560,
        "End Frame": 1680,
        "Caption": "#C C rubs the paint brush on the paint; #C C scoops color with the painting brush.; #C C rubs the paint brush on the paint; #C C rubs the paint brush on the paint; #C C rubs the paint brush on the paint"
    },
    {
        "Video Name": "187b85bc-de27-48e5-a068-278763017d57",
        "Start Frame": 1680,
        "End Frame": 1800,
        "Caption": "#C C deeps the painting brush into the paint; #C C rubs the brush on the paint.; #C C deeps the painting brush into the paint; #C C rubs the paint brush on the paint; #C C deeps the brush into the paint."
    },
    {
        "Video Name": "187b85bc-de27-48e5-a068-278763017d57",
        "Start Frame": 1800,
        "End Frame": 1920,
        "Caption": "#C C scoops the the color with the painting; #C C rubs the paint brush on the paint; #C C rubs the paint brush on the paint; #C C rubs the paint brush on the paint; #C C scoops the the color with the painting"
    },
    {
        "Video Name": "187b85bc-de27-48e5-a068-278763017d57",
        "Start Frame": 1920,
        "End Frame": 2040,
        "Caption": "#C C paints on the art; #C C paints the drawing.; #C C paints the drawing.; #C C paints the sketch; #C C paints the drawing."
    },
    {
        "Video Name": "187b85bc-de27-48e5-a068-278763017d57",
        "Start Frame": 2040,
        "End Frame": 2160,
        "Caption": "#C C paints the sketch; #C C paints the sketch; #C C paints on the; #C C paints the sketch; #C C paints the sketch"
    },
    {
        "Video Name": "187b85bc-de27-48e5-a068-278763017d57",
        "Start Frame": 2160,
        "End Frame": 2280,
        "Caption": "#C C rubs the paint brush on the paint.; #C C paints the drawing.; #C C rubs the paint brush on the paint.; #C C deeps the painting brush into the paint pallet; #C C rubs the paint brush on the paint."
    },
    {
        "Video Name": "187b85bc-de27-48e5-a068-278763017d57",
        "Start Frame": 2280,
        "End Frame": 2400,
        "Caption": "#C C paints the sketch; #C C paints the sketch; #C C paints with a paintbrush; #C C paints the sketch; #C C paints the sketch"
    },
    {
        "Video Name": "187b85bc-de27-48e5-a068-278763017d57",
        "Start Frame": 2400,
        "End Frame": 2520,
        "Caption": "#C C paints with the paintbrush.; #C C paints with the paint brush.; #C C rubs the paint brush on the paint; #C C paints the sketch; #C C paints with the paint brush."
    },
    {
        "Video Name": "187b85bc-de27-48e5-a068-278763017d57",
        "Start Frame": 2520,
        "End Frame": 2640,
        "Caption": "#C C deeps the painting brush in water; #C C deeps the painting brush into the water; #C C paints the drawing.; #C C dips the paint brush in water.; #C C rubs the paint brush on the table"
    },
    {
        "Video Name": "187b85bc-de27-48e5-a068-278763017d57",
        "Start Frame": 2640,
        "End Frame": 2760,
        "Caption": "#C C paints on the drawing; #C C paints on the art; #C C paints on the art; #C C paints on the table; #C C paints the sketch"
    },
    {
        "Video Name": "187b85bc-de27-48e5-a068-278763017d57",
        "Start Frame": 2760,
        "End Frame": 2880,
        "Caption": "#C C paints with a brush.; #C C paints the drawing.; #C C paints with a paintbrush.; #C C draws on the piece of paper using the painting; #C C paints on the drawing book"
    },
    {
        "Video Name": "187b85bc-de27-48e5-a068-278763017d57",
        "Start Frame": 2880,
        "End Frame": 3000,
        "Caption": "#C C paints the sketch; #C C paints the sketch; #C C paints the sketch; #C C paints the sketch; #C C paints with a brush"
    },
    {
        "Video Name": "187b85bc-de27-48e5-a068-278763017d57",
        "Start Frame": 3000,
        "End Frame": 3120,
        "Caption": "#C C rubs the paint brush on the paint; #C C rubs the paint brush on the paint; #C C rubs the paint brush on the paint; #C C rubs the paint brush on the paint; #C C rubs the paint brush on the paint"
    },
    {
        "Video Name": "187b85bc-de27-48e5-a068-278763017d57",
        "Start Frame": 3120,
        "End Frame": 3240,
        "Caption": "#C C paints on the; #C C paints the sketch; #C C paints the sketch; #C C paints the sketch; #C C paints on the"
    },
    {
        "Video Name": "187b85bc-de27-48e5-a068-278763017d57",
        "Start Frame": 3240,
        "End Frame": 3360,
        "Caption": "#C C paints with a paintbrush; #C C paints with the paintbrush; #C C paints with the paint brush; #C C paints with the paint brush; #C C paints with the paint brush"
    },
    {
        "Video Name": "187b85bc-de27-48e5-a068-278763017d57",
        "Start Frame": 3360,
        "End Frame": 3480,
        "Caption": "#C C paints with a brush.; #C C paints the drawing.; #C C paints with a painting brush.; #C C paints with the paint brush.; #C C dips the painting brush in water"
    },
    {
        "Video Name": "187b85bc-de27-48e5-a068-278763017d57",
        "Start Frame": 3480,
        "End Frame": 3600,
        "Caption": "#C C rubs the brush on the paint.; #C C rubs the paint brush on the paint; #C C scoops the the color with the painting; #C C scoops paint with the painting brush; #C C scoops the the color with the painting"
    },
    {
        "Video Name": "187b85bc-de27-48e5-a068-278763017d57",
        "Start Frame": 3600,
        "End Frame": 3720,
        "Caption": "#C C paints with a brush.; #C C paints with a brush.; #C C paints the sketch; #C C paints with the paint brush; #C C paints with a paintbrush"
    },
    {
        "Video Name": "187b85bc-de27-48e5-a068-278763017d57",
        "Start Frame": 3720,
        "End Frame": 3840,
        "Caption": "#C C paints the sketch; #C C paints with a paintbrush.; #C C paints with a brush.; #C C paints the picture with the painting; #C C paints the sketch"
    },
    {
        "Video Name": "187b85bc-de27-48e5-a068-278763017d57",
        "Start Frame": 3840,
        "End Frame": 3960,
        "Caption": "#C C dips paintbrush in water; #C C rubs the paintbrush on the paper; #C C paints the drawing.; #c c paints the drawing; #C C paints on the drawing."
    },
    {
        "Video Name": "187b85bc-de27-48e5-a068-278763017d57",
        "Start Frame": 3960,
        "End Frame": 4080,
        "Caption": "#C C rubs the paint brush on the paint; #C C scoops the the color with the painting; #C C scoops the the color with the painting; #C C rubs the paint brush on the paint; #C C rubs the paint brush on the paint"
    },
    {
        "Video Name": "187b85bc-de27-48e5-a068-278763017d57",
        "Start Frame": 4080,
        "End Frame": 4200,
        "Caption": "#C C rubs the paint brush on the paper; #C C dips the paintbrush in water.; #C C deeps the painting brush into the paint; #C C dips the paint brush in water.; #C C rubs the paint brush on the paper"
    },
    {
        "Video Name": "187b85bc-de27-48e5-a068-278763017d57",
        "Start Frame": 4200,
        "End Frame": 4320,
        "Caption": "#C C scoops color with the painting brush; #C C dips the paint brush in the paint.; #C C scoops the the color with the painting; #C C scoops the the color with the painting; #C C scoops the the color with the painting"
    },
    {
        "Video Name": "187b85bc-de27-48e5-a068-278763017d57",
        "Start Frame": 4320,
        "End Frame": 4440,
        "Caption": "#C C paints the drawing.; #C C paints with a paintbrush; #C C paints with the paintbrush; #C C paints the drawing.; #C C paints the sketch"
    },
    {
        "Video Name": "187b85bc-de27-48e5-a068-278763017d57",
        "Start Frame": 4440,
        "End Frame": 4560,
        "Caption": "#C C scoops the the color with the painting; #C C scoops the the color with the painting; #C C scoops the the color with the painting; #C C dips the paintbrush in the paint.; #C C scoops the the color with the painting"
    },
    {
        "Video Name": "187b85bc-de27-48e5-a068-278763017d57",
        "Start Frame": 4560,
        "End Frame": 4680,
        "Caption": "#C C paints on the; #C C paints on the; #C C paints the sketch; #C C paints the sketch; #C C paints the sketch"
    },
    {
        "Video Name": "187b85bc-de27-48e5-a068-278763017d57",
        "Start Frame": 4680,
        "End Frame": 4800,
        "Caption": "#C C paints with the paint brush; #C C paints with a paintbrush; #C C paints with the paint brush; #C C paints the drawing. ; #C C paints the drawing."
    },
    {
        "Video Name": "187b85bc-de27-48e5-a068-278763017d57",
        "Start Frame": 4800,
        "End Frame": 4920,
        "Caption": "#C C rubs the paint brush on the table; #C C rubs the paint brush on the table; #C C rubs the paint brush on the table; #C C rubs the paint brush on the table; #C C cleans the paint brush."
    },
    {
        "Video Name": "187b85bc-de27-48e5-a068-278763017d57",
        "Start Frame": 4920,
        "End Frame": 5040,
        "Caption": "#C C paints the sketch; #C C paints with the paint brush; #C C paints the drawing. ; #C C paints the sketch; #C C paints the drawing. "
    },
    {
        "Video Name": "187b85bc-de27-48e5-a068-278763017d57",
        "Start Frame": 5040,
        "End Frame": 5160,
        "Caption": "#C C rubs the paint brush on the paper; #C C rubs the paint brush on the paper; #C C rubs the paint brush on the paper; #C C dips the paint brush in water.; #C C rubs the paint brush on the paper"
    },
    {
        "Video Name": "187b85bc-de27-48e5-a068-278763017d57",
        "Start Frame": 5160,
        "End Frame": 5280,
        "Caption": "#C C paints on the table with the paint brush in his right hand; #C C paints the sketch; #C C paints with a brush.; #C C paints with the paint brush.; #C C paints with the paint brush."
    },
    {
        "Video Name": "187b85bc-de27-48e5-a068-278763017d57",
        "Start Frame": 5280,
        "End Frame": 5400,
        "Caption": "#C C paints the sketch; #C C paints the sketch; #C C paints the sketch; #C C paints the sketch; #C C paints on the"
    }
]