[
    {
        "Video Name": "189ac557-49a7-47cc-8434-0a40a4276aca",
        "Start Frame": 0,
        "End Frame": 120,
        "Caption": "#C C adjusts the clay pot with his left hand.; #C C drops the clay paddle on the floor with his right hand.; #C C touches the pot with the log; #C C adjusts the clay mold on the floor with his left hand.; #C C molds the pot with the wood plank in his right hand"
    },
    {
        "Video Name": "189ac557-49a7-47cc-8434-0a40a4276aca",
        "Start Frame": 120,
        "End Frame": 240,
        "Caption": "#C C molds the pot with the wood ; #C C turns the pottery with his left hand.; #C C hits the pot with the pot shaper; #C C hits the pot with the pot shaper; #C C places the pottery on the floor with his left hand"
    },
    {
        "Video Name": "189ac557-49a7-47cc-8434-0a40a4276aca",
        "Start Frame": 240,
        "End Frame": 360,
        "Caption": "#C C hits the pot with the wood plank in his right hand; #C C molds the pot with the wood ; #C C taps the wood on the wet cloth; #C C places the pot shaper on the pot; #C C touches the pot with the wood plank in his right hand"
    },
    {
        "Video Name": "189ac557-49a7-47cc-8434-0a40a4276aca",
        "Start Frame": 360,
        "End Frame": 480,
        "Caption": "#C C rolls the pot with the left hand; #C C turns the pottery with his left hand.; #C C hits the pottery clay with the wood plank in his right hand; #C C turns the pottery with his left hand.; #C C molds the clay pot with the wood plank "
    },
    {
        "Video Name": "189ac557-49a7-47cc-8434-0a40a4276aca",
        "Start Frame": 480,
        "End Frame": 600,
        "Caption": "#C C beats the pottery clay with the paddle in his right hand.; #C C shapes the pot ; #C C adjusts the pottery with his right hand. ; #C C hits the pot with the pot shaper; #C C hits the pottery clay with the wooden paddle in his right hand"
    },
    {
        "Video Name": "189ac557-49a7-47cc-8434-0a40a4276aca",
        "Start Frame": 600,
        "End Frame": 720,
        "Caption": "#C C beats the pottery with the paddle in his right hand.; #C C hits the pot with the pot shaper; #C C beats the pottery clay with the paddle in his right hand; #C C beats the pottery clay with the paddle in his right hand; #C C hits the pot with the pot shaper"
    },
    {
        "Video Name": "189ac557-49a7-47cc-8434-0a40a4276aca",
        "Start Frame": 720,
        "End Frame": 840,
        "Caption": "#C C beats the pottery clay with the paddle in his right hand; #C C spins the pottery with his left hand.; #C C molds the pot with the wood; #C C turns the pot with his left hand.; #C C hits the pot with the pot shaper"
    },
    {
        "Video Name": "189ac557-49a7-47cc-8434-0a40a4276aca",
        "Start Frame": 840,
        "End Frame": 960,
        "Caption": "#C C hits the pot with the wood plank in his right hand.; #C C removes a part of the clay pot with the wooden paddle in his right hand; #C C turns the pottery with his left hand.; #C C adjusts the clay pot on his left hand with his right hand.; #C C turns the pottery with his left hand."
    },
    {
        "Video Name": "189ac557-49a7-47cc-8434-0a40a4276aca",
        "Start Frame": 960,
        "End Frame": 1080,
        "Caption": "#C C hits the clay pot with the wood plank in his right hand.; #C C hits the pottery clay with the wood plank in his right hand.; #C C beats the pottery clay with the paddle in his right hand.; #C C shapes the pot; #C C molds the clay pot with the molding stick in his right hand"
    },
    {
        "Video Name": "189ac557-49a7-47cc-8434-0a40a4276aca",
        "Start Frame": 1080,
        "End Frame": 1200,
        "Caption": "#C C molds the pot with his right hand.; #C C adjusts the clay pot on his left hand with his right hand.; #C C shapes the pot ; #C C molds the pot with the left hand; #C C hits the pottery clay with the wood plank in his right hand."
    },
    {
        "Video Name": "189ac557-49a7-47cc-8434-0a40a4276aca",
        "Start Frame": 1200,
        "End Frame": 1320,
        "Caption": "#C C hits the pottery clay with the wood plank in his right hand.; #C C beats the pottery clay with the pottery paddle in his right hand; #C C molds the pot with the wood ; #C C hits the pottery clay with the log in his right hand. ; #C C molds the pot with the wood"
    },
    {
        "Video Name": "189ac557-49a7-47cc-8434-0a40a4276aca",
        "Start Frame": 1320,
        "End Frame": 1440,
        "Caption": "#C C turns the pottery with his left hand; #C C hits the pot with the pot shaper; #C C adjusts the clay pot in his left hand; #C C turns the pottery with his left hand; #C C shapes the pot with the wood"
    },
    {
        "Video Name": "189ac557-49a7-47cc-8434-0a40a4276aca",
        "Start Frame": 1440,
        "End Frame": 1560,
        "Caption": "#C C drops the wood plank on the floor with his right hand; #C C holds the mold with his right hand.; #C C puts the wood down; #C C drops the wooden paddle on the floor with his right hand; #C C puts the wood down"
    },
    {
        "Video Name": "189ac557-49a7-47cc-8434-0a40a4276aca",
        "Start Frame": 1560,
        "End Frame": 1680,
        "Caption": "#C C hits the pottery clay with the wooden paddle in his right hand; #C C rotates the pot ; #C C molds the pot with the left hand; #C C hits the pottery clay with the log in his right hand.; #C C shapes the pot "
    },
    {
        "Video Name": "189ac557-49a7-47cc-8434-0a40a4276aca",
        "Start Frame": 1680,
        "End Frame": 1800,
        "Caption": "#C C shapes the pot with the wood; #C C hits the pot with the pot shaper; #C C hits the pottery clay with the wood plank in his right hand; #C C hits the pot with the pot shaper; #C C  shapes the pot with the wood"
    },
    {
        "Video Name": "189ac557-49a7-47cc-8434-0a40a4276aca",
        "Start Frame": 1800,
        "End Frame": 1920,
        "Caption": "#C C shapes the pot with the wood; #C C hits the pottery clay with the wood plank in his right hand; #C C models clay pot.; #C C molds the pot with the wood; #C C beats the pottery with the paddle in his right hand."
    },
    {
        "Video Name": "189ac557-49a7-47cc-8434-0a40a4276aca",
        "Start Frame": 1920,
        "End Frame": 2040,
        "Caption": "#C C hits the pot with the pot shaper; #C C hits the pottery clay with the wooden paddle in his right hand; #C C hits the pot with the pot shaper; #C C hits the pot with the pot shaper; #C C shapes the pot "
    },
    {
        "Video Name": "189ac557-49a7-47cc-8434-0a40a4276aca",
        "Start Frame": 2040,
        "End Frame": 2160,
        "Caption": "#C C beats the pottery with the paddle in his right hand; #C C molds the pot with the wood ; #C C turns the pottery with his left hand. ; #C C beats the pottery with the paddle in his right hand; #C C hits the pot with the pot shaper"
    },
    {
        "Video Name": "189ac557-49a7-47cc-8434-0a40a4276aca",
        "Start Frame": 2160,
        "End Frame": 2280,
        "Caption": "#C C turns the pottery with his left hand.; #C C turns the pottery with his left hand.; #C C molds the pot with the wood; #C C  molds the pot with the wood; #C C adjusts the clay pot on the ground with his left hand"
    },
    {
        "Video Name": "189ac557-49a7-47cc-8434-0a40a4276aca",
        "Start Frame": 2280,
        "End Frame": 2400,
        "Caption": "#C C hits the pot with the wood plank in his right hand.; #C C puts stick on water; #C C hits the pottery clay with the wood plank in his right hand; #C C hits the pot with the wood plank in his right hand.; #C C hits the pot with the log"
    },
    {
        "Video Name": "189ac557-49a7-47cc-8434-0a40a4276aca",
        "Start Frame": 2400,
        "End Frame": 2520,
        "Caption": "#C C  shapes the pot with the wood; #C C hits the pottery clay with the wood plank in his right hand; #C C  puts the wood down; #C C hits the pot with the wood plank in his right hand.; #C C hits the pottery clay with the wooden paddle in his right hand"
    },
    {
        "Video Name": "189ac557-49a7-47cc-8434-0a40a4276aca",
        "Start Frame": 2520,
        "End Frame": 2640,
        "Caption": "#C C hits the log on the piece of cloth; #C C hits the pottery clay with the wood plank in his right hand.; #C C hits the pot with the wood plank in his right hand.; #C C places the wooden paddle in his right hand on his right leg.; #C C touches the piece of wood in the mortar with the sculpting wood in his right hand"
    },
    {
        "Video Name": "189ac557-49a7-47cc-8434-0a40a4276aca",
        "Start Frame": 2640,
        "End Frame": 2760,
        "Caption": "#C C beats the pottery clay with the paddle in his right hand.; #C C hits the pot with the pot shaper; #C C hits the pottery clay with the wood plank in his right hand; #C C hits the pottery clay with the wooden paddle in his right hand; #C C hits the pottery clay with the wood plank in his right hand"
    },
    {
        "Video Name": "189ac557-49a7-47cc-8434-0a40a4276aca",
        "Start Frame": 2760,
        "End Frame": 2880,
        "Caption": "#C C holds the pottery with both hands.; #C C holds the pot with his right hand.; #C C holds the clay pot with both hands.; #C C holds the pot; #C C turns the pottery with his left hand"
    },
    {
        "Video Name": "189ac557-49a7-47cc-8434-0a40a4276aca",
        "Start Frame": 2880,
        "End Frame": 3000,
        "Caption": "#C C turns the pot with his left hand; #C C holds the pot with his right hand; #C C adjusts the pot with his left hand; #C C holds the pot with both hands.; #C C looks at the pot"
    },
    {
        "Video Name": "189ac557-49a7-47cc-8434-0a40a4276aca",
        "Start Frame": 3000,
        "End Frame": 3120,
        "Caption": "#C C adjusts the clay pot on the floor with his left hand.; #C C picks up a clay pot foot from the floor with his left hand.; #C C puts the wood on the floor; #C C puts the clay on the floor; #C C picks a clay pot foot from the floor with his left hand."
    },
    {
        "Video Name": "189ac557-49a7-47cc-8434-0a40a4276aca",
        "Start Frame": 3120,
        "End Frame": 3240,
        "Caption": "#C C adjusts the pottery clay with his left hand.; #C C holds the clay mold with his right hand. ; #C C holds the clay pot with both hands. ; #C C holds the clay pot foot in his right hand with his left hand.; #C C puts the clay mold in his right hand on his left hand."
    },
    {
        "Video Name": "189ac557-49a7-47cc-8434-0a40a4276aca",
        "Start Frame": 3240,
        "End Frame": 3360,
        "Caption": "#C C puts the pot on the floor; #C C places the pottery clay on the pottery clay with his right hand.; #C C touches the clay gum in the pot with the wooden paddle in his right hand; #C C drops the wood plank on the floor with his right hand.; #C C puts the wood on the wet piece of clothe"
    },
    {
        "Video Name": "189ac557-49a7-47cc-8434-0a40a4276aca",
        "Start Frame": 3360,
        "End Frame": 3480,
        "Caption": "#C C molds the pot with the wood plank in his right hand.; #C C hits the pottery clay with the wood plank in his right hand; #C C adjusts the pot ; #C C molds the clay with the wood ; #C C hits the pot with the pot shaper"
    },
    {
        "Video Name": "189ac557-49a7-47cc-8434-0a40a4276aca",
        "Start Frame": 3480,
        "End Frame": 3600,
        "Caption": "#C C hits the pot with the pot shaper; #C C beats the pottery clay with the paddle in his right hand; #C C hits the pot; #C C hits the pot with the pot shaper; #C C hits the pot"
    },
    {
        "Video Name": "189ac557-49a7-47cc-8434-0a40a4276aca",
        "Start Frame": 3600,
        "End Frame": 3720,
        "Caption": "#C C beats the pottery clay with the paddle in his right hand.; #C C molds the pot with the wood ; #C C removes a clay particle from the clay pot in his left hand with the sculpting wood in his right hand; #C C molds the pot with the wood ; #C C rotates the pottery with his left hand."
    },
    {
        "Video Name": "189ac557-49a7-47cc-8434-0a40a4276aca",
        "Start Frame": 3720,
        "End Frame": 3840,
        "Caption": "#C C beats the pottery clay with the paddle in his right hand.; #C C beats the pottery clay with the wooden paddle in his right hand; #C C puts the wood on the floor ; #C C hits the pot with the pot shaper; #C C removes the wood from the wet clay with his right hand."
    },
    {
        "Video Name": "189ac557-49a7-47cc-8434-0a40a4276aca",
        "Start Frame": 3840,
        "End Frame": 3960,
        "Caption": "#C C beats the pottery clay with the wooden paddle in his right hand.; #C C beats the clay pot on his left hand with the wooden bat in his right hand; #C C hits the pot; #C C hits the pot with the pot shaper; #C C turns the pottery with his left hand."
    },
    {
        "Video Name": "189ac557-49a7-47cc-8434-0a40a4276aca",
        "Start Frame": 3960,
        "End Frame": 4080,
        "Caption": "#C C models clay pot.; #C C  shapes the pot with the wood; #C C rotates the pot ; #C C turns the pottery with his left hand; #C C hits the pot with the pot shaper"
    },
    {
        "Video Name": "189ac557-49a7-47cc-8434-0a40a4276aca",
        "Start Frame": 4080,
        "End Frame": 4200,
        "Caption": "#C C removes excess clay in the clay pot with the wooden paddle in his right hand; #C C hits the pottery clay with the wood plank in his right hand.; #C C molds the pot with the wood; #C C beats the pottery clay with the paddle in his right hand.; #C C hits the pottery clay with the wooden paddle in his right hand."
    },
    {
        "Video Name": "189ac557-49a7-47cc-8434-0a40a4276aca",
        "Start Frame": 4200,
        "End Frame": 4320,
        "Caption": "#C C puts the wood on the floor; #C C puts down the wood; #C C puts the wood on the floor; #C C puts the wood down; #C C picks a wooden stick on the floor with his right hand"
    },
    {
        "Video Name": "189ac557-49a7-47cc-8434-0a40a4276aca",
        "Start Frame": 4320,
        "End Frame": 4440,
        "Caption": "#C C hits the pot with the pot shaper; #C C beats the pottery clay with the paddle in his right hand.; #C C molds the pot with the wood; #C C hits the pot with the pot shaper; #C C molds the clay pot with the wood plank in his right hand"
    },
    {
        "Video Name": "189ac557-49a7-47cc-8434-0a40a4276aca",
        "Start Frame": 4440,
        "End Frame": 4560,
        "Caption": "#C C hits the pottery clay pot with the wood plank in his right hand; #C C hits the pot; #C C turns the pottery with his left hand.; #C C molds the pot with the wood; #C C  shapes the pot with the wood"
    },
    {
        "Video Name": "189ac557-49a7-47cc-8434-0a40a4276aca",
        "Start Frame": 4560,
        "End Frame": 4680,
        "Caption": "#C C hits the pottery clay with the wood plank in his right hand; #C C hits the pot with the pot shaper; #C C turns the pottery with his left hand.; #C C molds the pot with the wood plank in his left hand.; #C C turns the pottery with his left hand."
    },
    {
        "Video Name": "189ac557-49a7-47cc-8434-0a40a4276aca",
        "Start Frame": 4680,
        "End Frame": 4800,
        "Caption": "#C C spins the pot ; #C C hits the pot with the pot shaper; #CC levels a clay pot with a piece of wooden ; #C C hits the pot with the log; #C C hits the pottery clay with the log in his right hand."
    },
    {
        "Video Name": "189ac557-49a7-47cc-8434-0a40a4276aca",
        "Start Frame": 4800,
        "End Frame": 4920,
        "Caption": "#C C Adjusts the pottery; #C C turns the pottery with his left hand.; #C C touches the pottery clay with his left hand.; #C C hits the pottery clay with the wood plank in his right hand; #C C hits the pottery clay with the wood plank in his right hand"
    },
    {
        "Video Name": "189ac557-49a7-47cc-8434-0a40a4276aca",
        "Start Frame": 4920,
        "End Frame": 5040,
        "Caption": "#C C places the wood on the floor; #C C turns the pottery with his left hand.; #C C puts the wood on the floor; #C C turns the clay pot on his left hand with his right hand; #C C holds the pot with his right hand."
    },
    {
        "Video Name": "189ac557-49a7-47cc-8434-0a40a4276aca",
        "Start Frame": 5040,
        "End Frame": 5160,
        "Caption": "#C C picks a rag from the bowl of water on the floor with his right hand.; #C C picks a cloth; #C C picks a sponge from the bowl of water on the floor with his right hand.; #C C picks a rag from the top of the bowl of water with his right hand.; #C C picks the rag on the edge of the bowl of water with his right hand."
    },
    {
        "Video Name": "189ac557-49a7-47cc-8434-0a40a4276aca",
        "Start Frame": 5160,
        "End Frame": 5280,
        "Caption": "#C C puts the piece of wood down; #C C puts the wood down; #C C puts the piece of wood on the; #C C puts the wood on the floor; #C C puts wood down"
    },
    {
        "Video Name": "189ac557-49a7-47cc-8434-0a40a4276aca",
        "Start Frame": 5280,
        "End Frame": 5400,
        "Caption": "#C C hits the pot with the pot shaper; #C C molds the pot with the wood ; #C C shapes the pot with the wood; #C C hits the pot with the pot shaper; #C C hits the clay pot with the log in his right hand"
    }
]