[
    {
        "Video Name": "189b34d6-64cb-4c2d-8aa9-073e6b52294e",
        "Start Frame": 0,
        "End Frame": 120,
        "Caption": "#C C counts the steps; #C C looks at the fabric.; #C C counts the spaces on the fabric; #C C counts the beads on the fabric; #C C looks at the fabric."
    },
    {
        "Video Name": "189b34d6-64cb-4c2d-8aa9-073e6b52294e",
        "Start Frame": 120,
        "End Frame": 240,
        "Caption": "#C C presses sock; #C C presses sock; #C C looks at the fabric.; #C C counts the knots of the fabric; #C C counts the spaces on the fabric"
    },
    {
        "Video Name": "189b34d6-64cb-4c2d-8aa9-073e6b52294e",
        "Start Frame": 240,
        "End Frame": 360,
        "Caption": "#C C stretches the fabric; #C C straightens sock; #C C presses sock; #C C presses sock; #C C presses sock"
    },
    {
        "Video Name": "189b34d6-64cb-4c2d-8aa9-073e6b52294e",
        "Start Frame": 360,
        "End Frame": 480,
        "Caption": "#C C presses sock; #C C counts the spaces on the fabric; #C C straightens sock; #C C straightens sock; #C C presses sock"
    },
    {
        "Video Name": "189b34d6-64cb-4c2d-8aa9-073e6b52294e",
        "Start Frame": 480,
        "End Frame": 600,
        "Caption": "#C C straightens sock; #C C looks at the fabric; #C C straightens garment; #C C straightens sock; #C C straightens sock"
    },
    {
        "Video Name": "189b34d6-64cb-4c2d-8aa9-073e6b52294e",
        "Start Frame": 600,
        "End Frame": 720,
        "Caption": "#C C presses sock; #C C presses sock; #C C counts the knots on the fabric; #C C looks at the fabric.; #C C presses sock"
    },
    {
        "Video Name": "189b34d6-64cb-4c2d-8aa9-073e6b52294e",
        "Start Frame": 720,
        "End Frame": 840,
        "Caption": "#C C stretches the fabric.; #C C presses sock; #C C presses sock; #C C counts the knots on the fabric; #C C presses sock"
    },
    {
        "Video Name": "189b34d6-64cb-4c2d-8aa9-073e6b52294e",
        "Start Frame": 840,
        "End Frame": 960,
        "Caption": "#C C counts the knitted wool on the crochet; #C C counts the knots on the fabric.; #C C counts the knots on the fabric.; #C C looks at the fabric.; #C C straightens sock"
    },
    {
        "Video Name": "189b34d6-64cb-4c2d-8aa9-073e6b52294e",
        "Start Frame": 960,
        "End Frame": 1080,
        "Caption": "#C C stretches the fabric.; #C C presses sock; #C C looks at the fabric.; #C C counts the knots of the fabric; #C C presses sock"
    },
    {
        "Video Name": "189b34d6-64cb-4c2d-8aa9-073e6b52294e",
        "Start Frame": 1080,
        "End Frame": 1200,
        "Caption": "#C C straightens the scarf; #C C touches the face.; #C C touches face.; #C C raises the hand.; #C C touches the face."
    },
    {
        "Video Name": "189b34d6-64cb-4c2d-8aa9-073e6b52294e",
        "Start Frame": 1200,
        "End Frame": 1320,
        "Caption": "#C C looks at the chart.; #C C scratches her face; #C C stretches the hand.; #C C scratches the stomach ; #C C rubs hand on the face"
    },
    {
        "Video Name": "189b34d6-64cb-4c2d-8aa9-073e6b52294e",
        "Start Frame": 1320,
        "End Frame": 1440,
        "Caption": "#C C puts the hand; #C C adjusts the camera; #C C touches face; #C C adjusts the camera; #C C raises the hand"
    },
    {
        "Video Name": "189b34d6-64cb-4c2d-8aa9-073e6b52294e",
        "Start Frame": 1440,
        "End Frame": 1560,
        "Caption": "#C C touches the knitting wool; #C C looks at the tablet; #C C looks at the fabric; #C C looks around; #C C looks at the fabric"
    },
    {
        "Video Name": "189b34d6-64cb-4c2d-8aa9-073e6b52294e",
        "Start Frame": 1560,
        "End Frame": 1680,
        "Caption": "#C C counts the holes on the fabric; #C C counts the spaces on the fabric; #C C counts the holes on the fabric; #C C looks at the fabric.; #C C looks at the fabric."
    },
    {
        "Video Name": "189b34d6-64cb-4c2d-8aa9-073e6b52294e",
        "Start Frame": 1680,
        "End Frame": 1800,
        "Caption": "#C C holds knitting needle; #C C holds knitting needle; #C C touches the fabric.; #C C holds the crotchet hook.; #C C holds the crotchet hook with her right hand"
    },
    {
        "Video Name": "189b34d6-64cb-4c2d-8aa9-073e6b52294e",
        "Start Frame": 1800,
        "End Frame": 1920,
        "Caption": "#C C stretches the fabric.; #C C counts the spaces on the fabric; #C C counts the spaces on the fabric; #C C stretches the fabric.; #C C straightens sock"
    },
    {
        "Video Name": "189b34d6-64cb-4c2d-8aa9-073e6b52294e",
        "Start Frame": 1920,
        "End Frame": 2040,
        "Caption": "#C C stretches the fabric.; #C C looks at the fabric; #C C stretches the fabric.; #C C looks at the fabric; #C C looks at the fabric"
    },
    {
        "Video Name": "189b34d6-64cb-4c2d-8aa9-073e6b52294e",
        "Start Frame": 2040,
        "End Frame": 2160,
        "Caption": "#C C presses sock; #C C presses sock; #C C looks at the fabric.; #C C counts the spaces on the fabric; #C C counts the spaces on the fabric"
    },
    {
        "Video Name": "189b34d6-64cb-4c2d-8aa9-073e6b52294e",
        "Start Frame": 2160,
        "End Frame": 2280,
        "Caption": "#C C looks at the garment ; #C C looks at the garment ; #C C stretches the fabric.; #C C counts the spaces on the fabric; #C C looks at the fabric."
    },
    {
        "Video Name": "189b34d6-64cb-4c2d-8aa9-073e6b52294e",
        "Start Frame": 2280,
        "End Frame": 2400,
        "Caption": "#C C looks at the tablet.; #C C looks at the tablet.; #C C looks at the tablet.; #C C looks at the tablet.; #C C holds the crotchet hook"
    },
    {
        "Video Name": "189b34d6-64cb-4c2d-8aa9-073e6b52294e",
        "Start Frame": 2400,
        "End Frame": 2520,
        "Caption": "#C C touches the nose; #C C scratches the face; #C C touches the nose; #C C touches nose ; #C C touches the face"
    },
    {
        "Video Name": "189b34d6-64cb-4c2d-8aa9-073e6b52294e",
        "Start Frame": 2520,
        "End Frame": 2640,
        "Caption": "#C C holds sock; #C C holds the sock; #C C looks at the fabric; #C C looks at the fabric; #C C holds sock"
    },
    {
        "Video Name": "189b34d6-64cb-4c2d-8aa9-073e6b52294e",
        "Start Frame": 2640,
        "End Frame": 2760,
        "Caption": "#C C looks around the room; #C C looks around the fabric; #C C straightens sock; #C C straightens garment; #C C looks at the fabric"
    },
    {
        "Video Name": "189b34d6-64cb-4c2d-8aa9-073e6b52294e",
        "Start Frame": 2760,
        "End Frame": 2880,
        "Caption": "#C C looks around; #C C looks at the fabric; #C C holds the fabric.; #C C folds the fabric.; #C C stretches the fabric."
    },
    {
        "Video Name": "189b34d6-64cb-4c2d-8aa9-073e6b52294e",
        "Start Frame": 2880,
        "End Frame": 3000,
        "Caption": "#C C looks at the garment ; #C C straightens sock; #C C straightens garment; #C C counts the lines on the; #C C straightens sock"
    },
    {
        "Video Name": "189b34d6-64cb-4c2d-8aa9-073e6b52294e",
        "Start Frame": 3000,
        "End Frame": 3120,
        "Caption": "#C C presses sock; #C C straightens sock; #C C counts the spaces on the fabric; #C C straightens sock; #C C straightens sock"
    },
    {
        "Video Name": "189b34d6-64cb-4c2d-8aa9-073e6b52294e",
        "Start Frame": 3120,
        "End Frame": 3240,
        "Caption": "#C C stares at the tablet.; #C C watches video on the tablet; #C C holds the crotchet hook; #C C looks at the tablet.; #C C adjusts the camera."
    },
    {
        "Video Name": "189b34d6-64cb-4c2d-8aa9-073e6b52294e",
        "Start Frame": 3240,
        "End Frame": 3360,
        "Caption": "#C C looks at the tablet; #C C straightens sock; #C C adjusts the fabric.; #C C watches video on the; #C C aligns the yarn"
    },
    {
        "Video Name": "189b34d6-64cb-4c2d-8aa9-073e6b52294e",
        "Start Frame": 3360,
        "End Frame": 3480,
        "Caption": "#C C looks at the fabric.; #C C counts the holes on the fabric; #C C straightens the fabric.; #C C looks at the fabric.; #C C counts the stitches on the fabric"
    },
    {
        "Video Name": "189b34d6-64cb-4c2d-8aa9-073e6b52294e",
        "Start Frame": 3480,
        "End Frame": 3600,
        "Caption": "#C C looks at the fabric; #C C straightens the fabric; #C C straightens garment; #C C adjusts the fabric.; #C C stretches the fabric."
    },
    {
        "Video Name": "189b34d6-64cb-4c2d-8aa9-073e6b52294e",
        "Start Frame": 3600,
        "End Frame": 3720,
        "Caption": "#C C holds the fabric.; #C C counts the spaces on the fabric; #C C counts the spaces on the fabric; #C C looks at the fabric.; #C C presses sock"
    },
    {
        "Video Name": "189b34d6-64cb-4c2d-8aa9-073e6b52294e",
        "Start Frame": 3720,
        "End Frame": 3840,
        "Caption": "#C C presses sock; #C C presses sock; #C C straightens the fabric; #C C presses sock; #C C presses sock"
    },
    {
        "Video Name": "189b34d6-64cb-4c2d-8aa9-073e6b52294e",
        "Start Frame": 3840,
        "End Frame": 3960,
        "Caption": "#C C looks at the fabric; #C C presses sock; #C C looks at the fabric; #C C looks at the fabric; #C C looks at the fabric"
    },
    {
        "Video Name": "189b34d6-64cb-4c2d-8aa9-073e6b52294e",
        "Start Frame": 3960,
        "End Frame": 4080,
        "Caption": "#C C straightens garment; #C C presses sock; #C C presses sock; #C C counts the spaces on the fabric; #C C presses sock"
    },
    {
        "Video Name": "189b34d6-64cb-4c2d-8aa9-073e6b52294e",
        "Start Frame": 4080,
        "End Frame": 4200,
        "Caption": "#C C presses sock; #C C counts the knots on the fabric; #C C presses sock; #C C holds sock; #C C presses sock"
    },
    {
        "Video Name": "189b34d6-64cb-4c2d-8aa9-073e6b52294e",
        "Start Frame": 4200,
        "End Frame": 4320,
        "Caption": "#C C straightens sock; #C C looks at the fabric; #C C presses sock; #C C presses sock; #C C presses sock"
    },
    {
        "Video Name": "189b34d6-64cb-4c2d-8aa9-073e6b52294e",
        "Start Frame": 4320,
        "End Frame": 4440,
        "Caption": "#C C looks at the fabric; #C C presses sock; #C C looks at the fabric; #C C presses sock; #C C presses sock"
    },
    {
        "Video Name": "189b34d6-64cb-4c2d-8aa9-073e6b52294e",
        "Start Frame": 4440,
        "End Frame": 4560,
        "Caption": "#C C presses sock; #C C looks at the fabric.; #C C counts the knots of the fabric; #C C counts the spaces on the fabric; #C C counts the knots of the fabric"
    },
    {
        "Video Name": "189b34d6-64cb-4c2d-8aa9-073e6b52294e",
        "Start Frame": 4560,
        "End Frame": 4680,
        "Caption": "#C C presses sock; #C C presses sock; #C C presses sock; #C C counts the spaces on the garment; #C C counts the knots on the fabric"
    },
    {
        "Video Name": "189b34d6-64cb-4c2d-8aa9-073e6b52294e",
        "Start Frame": 4680,
        "End Frame": 4800,
        "Caption": "#C C presses sock; #C C presses sock; #C C presses sock; #C C looks at the fabric; #C C presses sock"
    },
    {
        "Video Name": "189b34d6-64cb-4c2d-8aa9-073e6b52294e",
        "Start Frame": 4800,
        "End Frame": 4920,
        "Caption": "#C C looks at the tablet.; #C C looks at the tablet.; #C C looks at the tablet.; #C C looks around; #C C looks at the tablet."
    },
    {
        "Video Name": "189b34d6-64cb-4c2d-8aa9-073e6b52294e",
        "Start Frame": 4920,
        "End Frame": 5040,
        "Caption": "#C C looks at the fabric; #C C looks at the fabric; #C C looks at the tablet; #C C looks at the fabric; #C C looks at the fabric"
    },
    {
        "Video Name": "189b34d6-64cb-4c2d-8aa9-073e6b52294e",
        "Start Frame": 5040,
        "End Frame": 5160,
        "Caption": "#C C looks at the fabric; #C C looks at the fabric; #C C stretches the fabric.; #C C looks at the fabric; #C C looks at the fabric"
    },
    {
        "Video Name": "189b34d6-64cb-4c2d-8aa9-073e6b52294e",
        "Start Frame": 5160,
        "End Frame": 5280,
        "Caption": "#C C looks at the fabric; #C C stretches the fabric.; #C C looks around; #C C presses sock; #C C counts the folds"
    },
    {
        "Video Name": "189b34d6-64cb-4c2d-8aa9-073e6b52294e",
        "Start Frame": 5280,
        "End Frame": 5400,
        "Caption": "#C C looks around; #C C looks at the fabric.; #C C looks at the fabric.; #C C counts the knots of the fabric; #C C looks at the fabric."
    }
]