[
    {
        "Video Name": "197a639d-2e1f-4b59-9e5b-40408f546507",
        "Start Frame": 0,
        "End Frame": 120,
        "Caption": "#C C weaves the cloth with the loom with both hands.; #C C Adjusts a thread on a piece of cloth; #C C weaves the fabric on the loom machine with both hands; #C C weaves the cloth with the loom machine.; #C C adjusts the shaft bar with her right hand."
    },
    {
        "Video Name": "197a639d-2e1f-4b59-9e5b-40408f546507",
        "Start Frame": 120,
        "End Frame": 240,
        "Caption": "#C C sews with the machine; #C C sews with the textile machine; #C C weaves the fabric with the loom; #C C pulls the rope; #C C weaves the fabric with the weaving machine"
    },
    {
        "Video Name": "197a639d-2e1f-4b59-9e5b-40408f546507",
        "Start Frame": 240,
        "End Frame": 360,
        "Caption": "#C C converses with a woman X ; #C C operates the mat weaving machine with both hands; #C C adjusts the beam with both hands.; #C C touches the weaving yarn; #C C Adjusts the thread"
    },
    {
        "Video Name": "197a639d-2e1f-4b59-9e5b-40408f546507",
        "Start Frame": 360,
        "End Frame": 480,
        "Caption": "#C C interacts with a woman X.; #C C operates the loom with both hands.; #C C operates the mat weaving machine with both hands.; #C C weaves a cloth; #C C adjusts the weaving yarn on the hand loom with her right hand"
    },
    {
        "Video Name": "197a639d-2e1f-4b59-9e5b-40408f546507",
        "Start Frame": 480,
        "End Frame": 600,
        "Caption": "#C C talks to a woman X; #C C adjusts the machine; #C C converses with the man X.; #C C Looks at the weaving loom; #C C adjusts the weaving loom with both hands"
    },
    {
        "Video Name": "197a639d-2e1f-4b59-9e5b-40408f546507",
        "Start Frame": 600,
        "End Frame": 720,
        "Caption": "#C C moves the loom machine ; #C C weaves the cloth on the handloom with both hands; #C C adjusts the handloom with both hands. ; #C C Adjusts the weaving machine; #C C weaves the cloth with the hand loom with both hands"
    },
    {
        "Video Name": "197a639d-2e1f-4b59-9e5b-40408f546507",
        "Start Frame": 720,
        "End Frame": 840,
        "Caption": "#C C weaves the cloth with the textile machine.; #C C weaves the fabric with the loom with both hands.; #C C interacts with woman X; #C C Adjusts a thread on a piece of cloth; #C C adjusts the yarn on the handloom with her right hand."
    },
    {
        "Video Name": "197a639d-2e1f-4b59-9e5b-40408f546507",
        "Start Frame": 840,
        "End Frame": 960,
        "Caption": "#C C pulls the pull cord with her right hand.; #C C Adjusts a thread on a piece of cloth; #C C weaves the fabric with the loom with both hands.; #C C looks at the clothing material ; #C C Adjusts a thread on a piece of cloth"
    },
    {
        "Video Name": "197a639d-2e1f-4b59-9e5b-40408f546507",
        "Start Frame": 960,
        "End Frame": 1080,
        "Caption": "#C C adjusts the heddles with both hands.; #C C weaves the cloth on the handloom with both hands; #C C Adjusts the weaving machine; #C C weaves the fabric with the loom with both hands.; #C C adjusts the shafts of the loom with her right hand"
    },
    {
        "Video Name": "197a639d-2e1f-4b59-9e5b-40408f546507",
        "Start Frame": 1080,
        "End Frame": 1200,
        "Caption": "#C C Adjusts the weaving thread; #C C talks to a woman X; #C C adjusts the rope on the handloom with both hands; #C C Weaves the fabric with the weaving machine; #C C operates the machine"
    },
    {
        "Video Name": "197a639d-2e1f-4b59-9e5b-40408f546507",
        "Start Frame": 1200,
        "End Frame": 1320,
        "Caption": "#C C switches the radio; #C C adjusts a knob on a control board with her left hand; #C C presses a button on the radio with her left hand.; #C C operates the radio with her left hand.; #C C adjusts the knob on the radio with her left hand."
    },
    {
        "Video Name": "197a639d-2e1f-4b59-9e5b-40408f546507",
        "Start Frame": 1320,
        "End Frame": 1440,
        "Caption": "#C C picks a phone; #C C moves hand; #C C picks up a phone from a wooden stool with her left hand; #C C picks a phone from the chair with her left hand.; #C C picks a cord from a stool with her left hand."
    },
    {
        "Video Name": "197a639d-2e1f-4b59-9e5b-40408f546507",
        "Start Frame": 1440,
        "End Frame": 1560,
        "Caption": "#C C drops the phone on a stool with her left hand; #C C puts phone on the table; #C C puts the phone on the stool; #C C drops the phone on the table with her left hand; #C C puts a phone on a table"
    },
    {
        "Video Name": "197a639d-2e1f-4b59-9e5b-40408f546507",
        "Start Frame": 1560,
        "End Frame": 1680,
        "Caption": "#C C looks around; #C C looks around; #C C looks around; #C C stares around the; #C C looks around "
    },
    {
        "Video Name": "197a639d-2e1f-4b59-9e5b-40408f546507",
        "Start Frame": 1680,
        "End Frame": 1800,
        "Caption": "#C C Adjusts a camera; #C C moves his hand ; #C C touches the face; #C C touches her face with her left hand; #C C looks around"
    },
    {
        "Video Name": "197a639d-2e1f-4b59-9e5b-40408f546507",
        "Start Frame": 1800,
        "End Frame": 1920,
        "Caption": "#C C looks up; #C C converses with a man X; #C C Looks around a room; #C C looks at the garment ; #C C looks at the roof"
    },
    {
        "Video Name": "197a639d-2e1f-4b59-9e5b-40408f546507",
        "Start Frame": 1920,
        "End Frame": 2040,
        "Caption": "#C C looks at her right hand; #C C raises her left hand; #C C looks around; #C C looks around; #C C looks at hand"
    },
    {
        "Video Name": "197a639d-2e1f-4b59-9e5b-40408f546507",
        "Start Frame": 2040,
        "End Frame": 2160,
        "Caption": "#C C puts the piece of paper on the garment ; #C C puts the mask on the garment; #C C holds a tag on her cloth with her right hand; #C C puts the tag on the garment ; #C C holds a paper"
    },
    {
        "Video Name": "197a639d-2e1f-4b59-9e5b-40408f546507",
        "Start Frame": 2160,
        "End Frame": 2280,
        "Caption": "#C C picks a needle from the mat with her right hand.; #C C picks a needle; #C C picks the pin with her right hand.; #C C drops the needle in her right hand on the mat on the handloom; #C C picks a pin from the sack with her right hand."
    },
    {
        "Video Name": "197a639d-2e1f-4b59-9e5b-40408f546507",
        "Start Frame": 2280,
        "End Frame": 2400,
        "Caption": "#C C removes the cash from the pocket; #C C picks a piece of paper; #C C puts the money on the floor; #C C hands the man B the money with her left hand; #C C picks the tag"
    },
    {
        "Video Name": "197a639d-2e1f-4b59-9e5b-40408f546507",
        "Start Frame": 2400,
        "End Frame": 2520,
        "Caption": "#C C puts the plastic bag on the mat; #C C puts the paper in the container; #C C puts the scissors in her right hand on a basket on the floor; #C C drops the plastic on the floor with her right hand.; #C C picks a thread from a bucket with her right hand."
    },
    {
        "Video Name": "197a639d-2e1f-4b59-9e5b-40408f546507",
        "Start Frame": 2520,
        "End Frame": 2640,
        "Caption": "#C C touches the textile plotter; #C C touches the fabric with her left hand.; #C C touches the beam with her left hand.; #C C touches the fabric with her right hand.; #C C drops the stick on the floor with her right hand"
    },
    {
        "Video Name": "197a639d-2e1f-4b59-9e5b-40408f546507",
        "Start Frame": 2640,
        "End Frame": 2760,
        "Caption": "#C C Adjusts a thread on a piece of cloth; #C C adjusts the fabric ; #C C Adjusts a thread on a piece of cloth; #C C pulls the pulley with her right hand.; #C C adjusts the warp thread on the loom machine with her right hand"
    },
    {
        "Video Name": "197a639d-2e1f-4b59-9e5b-40408f546507",
        "Start Frame": 2760,
        "End Frame": 2880,
        "Caption": "#C C Adjusts a thread on a piece of cloth; #C C sews with the machine; #C C operates the handloom with both hands.; #C C weaves the cloth with the loom with both hands.; #C C weaves the cloth with the handloom with both hands"
    },
    {
        "Video Name": "197a639d-2e1f-4b59-9e5b-40408f546507",
        "Start Frame": 2880,
        "End Frame": 3000,
        "Caption": "#C C weaves the loom with both hands.; #C C adjusts the weaved thread with her right hand.; #C C weaves the fabric with the hand loom with both hands; #C C operates the handloom with both hands.; #C C weaves the cloth on the loom with both hands."
    },
    {
        "Video Name": "197a639d-2e1f-4b59-9e5b-40408f546507",
        "Start Frame": 3000,
        "End Frame": 3120,
        "Caption": "#C C converses with a child X.; #C C weaves the fabric with the weaving machine; #C C adjusts a thread; #C C weaves the fabric with the loom with both hands; #C C Adjusts a thread on a piece of cloth"
    },
    {
        "Video Name": "197a639d-2e1f-4b59-9e5b-40408f546507",
        "Start Frame": 3120,
        "End Frame": 3240,
        "Caption": "#C C Adjusts a thread on a piece of cloth; #C C adjusts the thread with her right hand.; #C C Adjusts a thread on a piece of cloth; #C C operates the mat weaving machine with both hands. ; #C C pulls the rope of the loom with her right hand"
    },
    {
        "Video Name": "197a639d-2e1f-4b59-9e5b-40408f546507",
        "Start Frame": 3240,
        "End Frame": 3360,
        "Caption": "#C C adjusts the loom with both hands.; #C C holds the loom machine with her left hand.; #C C Adjusts a thread on a piece of cloth; #C C talks to a woman X; #C C weaves the fabric with the weaving loom with both hands"
    },
    {
        "Video Name": "197a639d-2e1f-4b59-9e5b-40408f546507",
        "Start Frame": 3360,
        "End Frame": 3480,
        "Caption": "#C C weaves the cloth on the loom with both hands; #C C Adjusts a thread on a piece of cloth; #C C Adjusts a thread on a piece of cloth; #C C holds the beam with her right hand.; #C C pulls the pulley with her right hand."
    },
    {
        "Video Name": "197a639d-2e1f-4b59-9e5b-40408f546507",
        "Start Frame": 3480,
        "End Frame": 3600,
        "Caption": "#C C Adjusts a thread on a piece of; #C C Adjusts a thread on a piece of; #C C weaves the fabric with the loom; #C C Adjusts the weaving thread; #C C Adjusts a thread on a piece of"
    },
    {
        "Video Name": "197a639d-2e1f-4b59-9e5b-40408f546507",
        "Start Frame": 3600,
        "End Frame": 3720,
        "Caption": "#C C operates the handloom with both hands.; #C C picks the needle; #C C weaves the fabric with the loom with both hands.; #C C Adjusts a thread on a piece of cloth; #C C picks a metal"
    },
    {
        "Video Name": "197a639d-2e1f-4b59-9e5b-40408f546507",
        "Start Frame": 3720,
        "End Frame": 3840,
        "Caption": "#C C holds the metal with her right hand.; #C C Adjusts a thread on a piece of cloth; #C C adjusts the warp on the handloom with her right hand; #C C adjusts the rope on the loom machine with her right hand; #C C Adjusts a thread on a piece of cloth"
    },
    {
        "Video Name": "197a639d-2e1f-4b59-9e5b-40408f546507",
        "Start Frame": 3840,
        "End Frame": 3960,
        "Caption": "#C C adjusts the loom machine.; #C C moves the shaft on the handloom with her right hand; #C C sews the fabric with the handloom with both hands; #C C weaves the cloth on the loom with both hands.; #C C sews with the sewing machine"
    },
    {
        "Video Name": "197a639d-2e1f-4b59-9e5b-40408f546507",
        "Start Frame": 3960,
        "End Frame": 4080,
        "Caption": "#C C adjusts the shaft bar with her right hand.; #C C weaves the fabric with the loom with both hands; #C C weaves the fabric on the loom with both hands; #C C Adjusts a thread on a piece of cloth; #C C Adjusts a thread on a piece of cloth"
    },
    {
        "Video Name": "197a639d-2e1f-4b59-9e5b-40408f546507",
        "Start Frame": 4080,
        "End Frame": 4200,
        "Caption": "#C C converses with a woman X; #C C weaves the cloth on the loom machine with both hands; #C C Adjusts a thread on a piece of cloth; #C C operates the textile plotter with her right hand. ; #C C weaves the cloth with the loom."
    },
    {
        "Video Name": "197a639d-2e1f-4b59-9e5b-40408f546507",
        "Start Frame": 4200,
        "End Frame": 4320,
        "Caption": "#C C operates the mat weaving machine with both hands.; #C C Adjusts a thread on a piece of wood; #C C weaves the cloth with the hand loom with both hands; #C C weaves the cloth with the textile machine. ; #C C moves the hand on the loom"
    },
    {
        "Video Name": "197a639d-2e1f-4b59-9e5b-40408f546507",
        "Start Frame": 4320,
        "End Frame": 4440,
        "Caption": "#C C converses with the man X.; #C C Adjusts a thread on a piece of cloth; #C C operates the handloom with her right hand; #C C Adjusts a thread on a piece of cloth; #C C Adjusts a thread on a piece of cloth"
    },
    {
        "Video Name": "197a639d-2e1f-4b59-9e5b-40408f546507",
        "Start Frame": 4440,
        "End Frame": 4560,
        "Caption": "#C C weaves the fabric with the loom with both hands; #C C weaves the cloth with the loom with both hands; #C C operates the loom with both hands.; #C C inserts the shuttle into the beam with her right hand.; #C C Adjusts a thread on a piece of cloth"
    },
    {
        "Video Name": "197a639d-2e1f-4b59-9e5b-40408f546507",
        "Start Frame": 4560,
        "End Frame": 4680,
        "Caption": "#C C touches the textile machine. ; #C C pulls a thread with her left hand.; #C C pulls a thread from the cloth roller with her left hand.; #C C adjusts the warp thread on the cloth roller with her left hand; #C C adjusts the thread with her left hand."
    },
    {
        "Video Name": "197a639d-2e1f-4b59-9e5b-40408f546507",
        "Start Frame": 4680,
        "End Frame": 4800,
        "Caption": "#C C drops the loom shuttle on the cloth roller with her right hand; #C C picks the shuttle from the loom machine with her left hand.; #C C holds the loom shuttle with her right hand.; #C C holds the shuttle with her right hand.; #C C passes the shuttle from her right hand to her left hand."
    },
    {
        "Video Name": "197a639d-2e1f-4b59-9e5b-40408f546507",
        "Start Frame": 4800,
        "End Frame": 4920,
        "Caption": "#C C places the shuttle on the handloom machine with her left hand; #C C removes the loom shuttle from the beam with her left hand.; #C C pulls a rope on the loom with her left hand.; #C C adjusts the warp thread with her right hand.; #C C picks the shuttle from the cloth roller with her left hand."
    },
    {
        "Video Name": "197a639d-2e1f-4b59-9e5b-40408f546507",
        "Start Frame": 4920,
        "End Frame": 5040,
        "Caption": "#C C holds the beam with both hands.; #C C Looks at the weaving machine; #C C weaves the fabric with the loom.; #C C Adjusts a thread on a piece of wood; #C C weaves the cloth on the loom with both hands"
    },
    {
        "Video Name": "197a639d-2e1f-4b59-9e5b-40408f546507",
        "Start Frame": 5040,
        "End Frame": 5160,
        "Caption": "#C C Adjusts a thread on a piece of cloth; #C C picks the loom shuttle from the handloom with her left hand; #C C places her right hand on the loom machine.; #C C moves a loom shuttle with her right hand.; #C C adjusts a stick on the loom machine with her left hand."
    },
    {
        "Video Name": "197a639d-2e1f-4b59-9e5b-40408f546507",
        "Start Frame": 5160,
        "End Frame": 5280,
        "Caption": "#C C puts the thread roll on the floor; #C C drops the thread in her right hand on the floor.; #C C drops the thread roll on the floor with her right hand; #C C drops the spool on the floor with her right hand; #C C puts the peg in her right hand on the floor."
    },
    {
        "Video Name": "197a639d-2e1f-4b59-9e5b-40408f546507",
        "Start Frame": 5280,
        "End Frame": 5400,
        "Caption": "#C C removes a thread from the yarn with her right hand; #C C drops the thread in her right hand on her lap; #C C puts the thread on the textile machine. ; #C C holds the shuttle with both hands.; #C C drops the needle on the floor with her right hand"
    }
]