[
    {
        "Video Name": "1999483a-5ee9-40a2-9554-b8c83560a3fb",
        "Start Frame": 0,
        "End Frame": 120,
        "Caption": "#C C picks a branch; #C C cuts the twig with the plier in his right hand; #C C cuts the twig with the plier in his right hand; #C C cuts branch with shear; #C C touches the twig with his left hand."
    },
    {
        "Video Name": "1999483a-5ee9-40a2-9554-b8c83560a3fb",
        "Start Frame": 120,
        "End Frame": 240,
        "Caption": "#C C drops a branch on the ground; #C C throws the stick on the floor with his left hand.; #C C drops the twig on the ground with his left hand; #C C drops the twig on the ground with his left hand; #C C drops the twig on the ground with his left hand"
    },
    {
        "Video Name": "1999483a-5ee9-40a2-9554-b8c83560a3fb",
        "Start Frame": 240,
        "End Frame": 360,
        "Caption": "#C C picks a branch; #C C throws the branch on the; #C C picks a stick; #C C picks stick; #C C picks a stick"
    },
    {
        "Video Name": "1999483a-5ee9-40a2-9554-b8c83560a3fb",
        "Start Frame": 360,
        "End Frame": 480,
        "Caption": "#C C cuts the branch with pliers; #C C touches the branch; #C C pulls a branch from the fence; #C C pulls a twig with his left hand; #C C picks the branch"
    },
    {
        "Video Name": "1999483a-5ee9-40a2-9554-b8c83560a3fb",
        "Start Frame": 480,
        "End Frame": 600,
        "Caption": "#C C picks a stick; #C C puts the stick on the ground.; #C C holds the branch; #C C drops the twig on the ground with his left hand; #C C picks a twig."
    },
    {
        "Video Name": "1999483a-5ee9-40a2-9554-b8c83560a3fb",
        "Start Frame": 600,
        "End Frame": 720,
        "Caption": "#C C holds the branch with his left hand.; #C C removes the branches from the wire with both hands; #C C pulls the branch from the fence; #C C holds the twig with his left hand.; #C C pulls the branch"
    },
    {
        "Video Name": "1999483a-5ee9-40a2-9554-b8c83560a3fb",
        "Start Frame": 720,
        "End Frame": 840,
        "Caption": "#C C removes piece of wood from the fence; #C C drops a branch on the ground with the left hand; #C C drops twigs; #C C drops the twig on the ground with his left hand; #C C drops a branch on the ground"
    },
    {
        "Video Name": "1999483a-5ee9-40a2-9554-b8c83560a3fb",
        "Start Frame": 840,
        "End Frame": 960,
        "Caption": "#C C drops the branch on the ground with his left hand.; #C C picks a twig; #C C holds the twig with his left hand.; #C C drops the twig in his left hand on the ground; #C C picks a stick"
    },
    {
        "Video Name": "1999483a-5ee9-40a2-9554-b8c83560a3fb",
        "Start Frame": 960,
        "End Frame": 1080,
        "Caption": "#C C throws the branch on the ground; #C C drops the twig on the ground with his left hand; #C C throws the branch on the ground; #C C throws the branch on the ground; #C C throws the branch on the ground"
    },
    {
        "Video Name": "1999483a-5ee9-40a2-9554-b8c83560a3fb",
        "Start Frame": 1080,
        "End Frame": 1200,
        "Caption": "#C C drops the branch on the ground with his left hand.; #C C drops the branch on the ground with his left hand.; #C C throws branch down; #C C drops the twig on the ground with his left hand; #C C drops the branch on the ground"
    },
    {
        "Video Name": "1999483a-5ee9-40a2-9554-b8c83560a3fb",
        "Start Frame": 1200,
        "End Frame": 1320,
        "Caption": "#C C holds the stick with both hands.; #C C pulls the twig on the barbed wire with both hands; #C C pulls the branch; #C C picks a branch; #C C pulls the branch from the pole with his left hand."
    },
    {
        "Video Name": "1999483a-5ee9-40a2-9554-b8c83560a3fb",
        "Start Frame": 1320,
        "End Frame": 1440,
        "Caption": "#C C pulls the branch; #C C picks a branch; #C C holds a branch on the; #C C holds a branch on the; #C C picks a branch from the"
    },
    {
        "Video Name": "1999483a-5ee9-40a2-9554-b8c83560a3fb",
        "Start Frame": 1440,
        "End Frame": 1560,
        "Caption": "#C C picks a stick; #C C moves around; #C C walks around; #C C holds the branch; #C C drops the twig in his left hand on the ground"
    },
    {
        "Video Name": "1999483a-5ee9-40a2-9554-b8c83560a3fb",
        "Start Frame": 1560,
        "End Frame": 1680,
        "Caption": "#C C drops the branch on the ground with his left hand.; #C C drops the branch on the ground with his left hand.; #C C drops the branch on the ground with his left hand.; #C C drops the branch on the ground with his left hand.; #C C drops the twig on the ground with his left hand"
    },
    {
        "Video Name": "1999483a-5ee9-40a2-9554-b8c83560a3fb",
        "Start Frame": 1680,
        "End Frame": 1800,
        "Caption": "#C C pulls the twig with his left hand.; #C C removes the branch from the fence; #C C pulls a twig with his left hand.; #C C holds the twig with his left hand.; #C C cuts the branch with the pliers with his right hand"
    },
    {
        "Video Name": "1999483a-5ee9-40a2-9554-b8c83560a3fb",
        "Start Frame": 1800,
        "End Frame": 1920,
        "Caption": "#C C throws the twig to the ground with his left hand; #C C drops the twig on the ground with his left hand; #C C cuts the branch with pliers; #C C drops the branch on the ground with his left hand.; #C C cuts branch with a secateurs"
    },
    {
        "Video Name": "1999483a-5ee9-40a2-9554-b8c83560a3fb",
        "Start Frame": 1920,
        "End Frame": 2040,
        "Caption": "#C C drops the twig on the ground with his left hand; #C C cuts branch with pliers; #C C cuts the branch with the pliers in his right hand; #C C picks a branch; #C C cuts the branch with pliers"
    },
    {
        "Video Name": "1999483a-5ee9-40a2-9554-b8c83560a3fb",
        "Start Frame": 2040,
        "End Frame": 2160,
        "Caption": "#C C picks the branch; #C C cuts the branch with she; #C C pulls the branch from the; #C C picks the branch; #C C throws the branch on the"
    },
    {
        "Video Name": "1999483a-5ee9-40a2-9554-b8c83560a3fb",
        "Start Frame": 2160,
        "End Frame": 2280,
        "Caption": "#C C pulls a twig with his right hand from the barb wire.; #C C cuts the branch; #C C cuts the branch with shears; #C C pulls a branch from the fence; #C C pulls the twig on the barbed wire with his left hand"
    },
    {
        "Video Name": "1999483a-5ee9-40a2-9554-b8c83560a3fb",
        "Start Frame": 2280,
        "End Frame": 2400,
        "Caption": "#C C throws the branch on the ground; #C C drops the piece of wood on the floor with his left hand; #C C drops the branch on the ground with his left hand.; #C C drops the branch on the ground with his left hand.; #C C throws the branch on the ground"
    },
    {
        "Video Name": "1999483a-5ee9-40a2-9554-b8c83560a3fb",
        "Start Frame": 2400,
        "End Frame": 2520,
        "Caption": "#C C holds a twig with his left hand; #C C holds the branch; #C C holds a branch on the fence; #C C picks a stick; #C C picks a stick"
    },
    {
        "Video Name": "1999483a-5ee9-40a2-9554-b8c83560a3fb",
        "Start Frame": 2520,
        "End Frame": 2640,
        "Caption": "#C C picks the branch; #C C pulls the branch from the fence; #C C pulls the branch from the pole; #C C drops the branch on the ground with his left hand; #C C pulls branch from the fence"
    },
    {
        "Video Name": "1999483a-5ee9-40a2-9554-b8c83560a3fb",
        "Start Frame": 2640,
        "End Frame": 2760,
        "Caption": "#C C holds the branch; #C C cuts the branch with the pl; #C C pulls the twig.; #C C pulls firewood.; #C C cuts the branch"
    },
    {
        "Video Name": "1999483a-5ee9-40a2-9554-b8c83560a3fb",
        "Start Frame": 2760,
        "End Frame": 2880,
        "Caption": "#C C drops the stick; #C C drops the branch on the ground with his left hand.; #C C drops the twig on the ground with his left hand; #C C drops the branch on the ground with his left hand.; #C C throws the stick in his left hand on the floor."
    },
    {
        "Video Name": "1999483a-5ee9-40a2-9554-b8c83560a3fb",
        "Start Frame": 2880,
        "End Frame": 3000,
        "Caption": "#C C throws the piece of wood on the floor with his left hand; #C C drops the branch on the ground with his left hand.; #C C drops the branch on the ground with his left hand.; #C C drops the branch on the ground with his left hand.; #C C drops the branch on the ground with his left hand."
    },
    {
        "Video Name": "1999483a-5ee9-40a2-9554-b8c83560a3fb",
        "Start Frame": 3000,
        "End Frame": 3120,
        "Caption": "#C C throws the branch on the ground; #C C drops the branch on the ground with his left hand.; #C C drops the twig on the ground with his left hand; #C C throws the branch on the ground; #C C drops the branch on the ground with his left hand."
    },
    {
        "Video Name": "1999483a-5ee9-40a2-9554-b8c83560a3fb",
        "Start Frame": 3120,
        "End Frame": 3240,
        "Caption": "#C C cuts a branch with the sec; #C C picks a stick; #C C picks the branch; #C C picks the branch; #C C cuts the stick."
    },
    {
        "Video Name": "1999483a-5ee9-40a2-9554-b8c83560a3fb",
        "Start Frame": 3240,
        "End Frame": 3360,
        "Caption": "#C C cuts the branch; #C C holds the piece of wood on the fence with his left hand.; #C C cuts the branch with shears; #C C cuts the branch with the pair of secateurs with his right hand; #C C cuts the branch"
    },
    {
        "Video Name": "1999483a-5ee9-40a2-9554-b8c83560a3fb",
        "Start Frame": 3360,
        "End Frame": 3480,
        "Caption": "#C C moves around; #C C throws the stick on the ground; #C C walks around; #C C walks around the area; #C C walks around"
    },
    {
        "Video Name": "1999483a-5ee9-40a2-9554-b8c83560a3fb",
        "Start Frame": 3480,
        "End Frame": 3600,
        "Caption": "#C C walks around the; #C C walks around; #C C looks around; #C C throws the stick; #C C walks around."
    },
    {
        "Video Name": "1999483a-5ee9-40a2-9554-b8c83560a3fb",
        "Start Frame": 3600,
        "End Frame": 3720,
        "Caption": "#C C pulls a twig with both hands.; #C C pulls the twig on the barb wire with both hands; #C C holds a twig with his left hand.; #C C holds the twig with his left hand.; #C C pulls the twig with his left hand."
    },
    {
        "Video Name": "1999483a-5ee9-40a2-9554-b8c83560a3fb",
        "Start Frame": 3720,
        "End Frame": 3840,
        "Caption": "#C C holds the piece of wood with both hands.; #C C holds the branch; #C C pulls a branch from the pole with both hands; #C C picks a stick; #C C picks the branch"
    },
    {
        "Video Name": "1999483a-5ee9-40a2-9554-b8c83560a3fb",
        "Start Frame": 3840,
        "End Frame": 3960,
        "Caption": "#C C drops the branch on the ground with his left hand; #C C drops the branch on the ground; #C C drops the branch on the ground with his left hand; #C C puts down the stick; #C C puts down a branch"
    },
    {
        "Video Name": "1999483a-5ee9-40a2-9554-b8c83560a3fb",
        "Start Frame": 3960,
        "End Frame": 4080,
        "Caption": "#C C picks the branch; #C C picks a branch; #C C pulls a twig with his left hand; #C C holds a branch with his left hand.; #C C holds the stick with his left hand."
    },
    {
        "Video Name": "1999483a-5ee9-40a2-9554-b8c83560a3fb",
        "Start Frame": 4080,
        "End Frame": 4200,
        "Caption": "#C C passes the stick to the right hand.; #C C pulls the branch; #C C drops the twig on the ground with both hands.; #C C removes the piece of wood from the barb wire with his right hand; #C C holds the twig with both hands."
    },
    {
        "Video Name": "1999483a-5ee9-40a2-9554-b8c83560a3fb",
        "Start Frame": 4200,
        "End Frame": 4320,
        "Caption": "#C C throws the piece of wood on the floor with his right hand; #C C throws the piece of wood on the floor with his left hand; #C C throws the branch on the ground; #C C drops the branch on the ground with his left hand.; #C C throws the piece of wood on the floor with his right hand"
    },
    {
        "Video Name": "1999483a-5ee9-40a2-9554-b8c83560a3fb",
        "Start Frame": 4320,
        "End Frame": 4440,
        "Caption": "#C C cuts the branch; #C C picks the branch; #C C pulls the twig.; #C C holds a stick on the barbed wire fence with his left hand; #C C cuts the branch"
    },
    {
        "Video Name": "1999483a-5ee9-40a2-9554-b8c83560a3fb",
        "Start Frame": 4440,
        "End Frame": 4560,
        "Caption": "#C C cuts a branch with garden shears; #C C throws the branch on the ground; #C C holds a branch with both hands.; #C C holds the stick with his left hand; #C C cuts the branch"
    },
    {
        "Video Name": "1999483a-5ee9-40a2-9554-b8c83560a3fb",
        "Start Frame": 4560,
        "End Frame": 4680,
        "Caption": "#C C throws the piece of wood.; #C C throws the piece of wood on the floor with his left hand; #C C drops the branch on the ground with his left hand.; #C C puts the piece of wood on the floor with his left hand; #C C throws the branch on the ground"
    },
    {
        "Video Name": "1999483a-5ee9-40a2-9554-b8c83560a3fb",
        "Start Frame": 4680,
        "End Frame": 4800,
        "Caption": "#C C cuts branch with shears; #C C drops the stick on the ground with his left hand; #C C drops the branch; #C C cuts the branch; #C C throws the stick."
    },
    {
        "Video Name": "1999483a-5ee9-40a2-9554-b8c83560a3fb",
        "Start Frame": 4800,
        "End Frame": 4920,
        "Caption": "#C C pulls a twig.; #C C pulls a twig with his left hand.; #C C pulls a twig.; #C C picks a branch; #C C drops the twig in his left hand on the ground"
    },
    {
        "Video Name": "1999483a-5ee9-40a2-9554-b8c83560a3fb",
        "Start Frame": 4920,
        "End Frame": 5040,
        "Caption": "#C C cuts the branch; #C C cuts branch with shears; #C C cuts the branch; #C C cuts branch with shears; #C C cuts a twig with the plier in his right hand"
    },
    {
        "Video Name": "1999483a-5ee9-40a2-9554-b8c83560a3fb",
        "Start Frame": 5040,
        "End Frame": 5160,
        "Caption": "#C C pulls a twig with his left hand.; #C C pulls a branch; #C C holds a branch; #C C drops the branch on the ground with his left hand; #C C pulls the branch from the fence"
    },
    {
        "Video Name": "1999483a-5ee9-40a2-9554-b8c83560a3fb",
        "Start Frame": 5160,
        "End Frame": 5280,
        "Caption": "#C C cuts the branch with the pruning shears in his right hand; #C C drops the branch on the ground with his left hand.; #C C drops the twig in his left hand on the ground.; #C C drops the twig in his left hand on the ground.; #C C drops the twig on the ground with his right hand."
    },
    {
        "Video Name": "1999483a-5ee9-40a2-9554-b8c83560a3fb",
        "Start Frame": 5280,
        "End Frame": 5400,
        "Caption": "#C C drops the branch on the ground with his left hand.; #C C throws the twig on the ground with his left hand; #C C drops the branch; #C C drops the stick; #C C drops the branch on the ground with his left hand."
    }
]