[
    {
        "Video Name": "19d68a5d-1ed2-415c-85ec-571a7cb94053",
        "Start Frame": 0,
        "End Frame": 120,
        "Caption": "#C C adjusts the camera; #C C adjusts the camera; #C C adjusts the camera ; #C C adjusts camera on the head; #C C adjusts camera"
    },
    {
        "Video Name": "19d68a5d-1ed2-415c-85ec-571a7cb94053",
        "Start Frame": 120,
        "End Frame": 240,
        "Caption": "#C C adjusts the camera; #C C adjusts the camera; #C C touches the camera with the; #C C adjusts camera ; #C C adjusts the camera on the"
    },
    {
        "Video Name": "19d68a5d-1ed2-415c-85ec-571a7cb94053",
        "Start Frame": 240,
        "End Frame": 360,
        "Caption": "#C C looks around.; #C C stares at the cloth on the; #C C looks around the room; #C C looks around the room.; #C C looks around."
    },
    {
        "Video Name": "19d68a5d-1ed2-415c-85ec-571a7cb94053",
        "Start Frame": 360,
        "End Frame": 480,
        "Caption": "#C C adjusts the camera; #C C adjusts camera; #C C adjusts camera; #C C adjusts the camera; #C C adjusts the camera"
    },
    {
        "Video Name": "19d68a5d-1ed2-415c-85ec-571a7cb94053",
        "Start Frame": 480,
        "End Frame": 600,
        "Caption": "#C C looks at the room.; #C C looks around.; #C C looks around ; #C C moves the hand on the table; #C C moves the camera around"
    },
    {
        "Video Name": "19d68a5d-1ed2-415c-85ec-571a7cb94053",
        "Start Frame": 600,
        "End Frame": 720,
        "Caption": "#C C looks around.; #C C looks at the room; #C C looks around the room; #C C looks around. ; #C C looks around."
    },
    {
        "Video Name": "19d68a5d-1ed2-415c-85ec-571a7cb94053",
        "Start Frame": 720,
        "End Frame": 840,
        "Caption": "#C C looks around; #C C looks around; #C C looks around; #C C looks around; #C C looks around"
    },
    {
        "Video Name": "19d68a5d-1ed2-415c-85ec-571a7cb94053",
        "Start Frame": 840,
        "End Frame": 960,
        "Caption": "#C C adjusts iron box.; #C C turns the iron on.; #C C puts off the iron.; #C C places the iron box on the table.; #C C puts the iron box on top of the table"
    },
    {
        "Video Name": "19d68a5d-1ed2-415c-85ec-571a7cb94053",
        "Start Frame": 960,
        "End Frame": 1080,
        "Caption": "#C C adjusts the camera on the head; #C C adjust the camera.; #C C  adjusts camera; #C C looks around.; #C C adjusts camera on the head"
    },
    {
        "Video Name": "19d68a5d-1ed2-415c-85ec-571a7cb94053",
        "Start Frame": 1080,
        "End Frame": 1200,
        "Caption": "#C C moves the hands on the; #C C presses the table.; #C C looks around ; #C C holds the table; #C C looks around. "
    },
    {
        "Video Name": "19d68a5d-1ed2-415c-85ec-571a7cb94053",
        "Start Frame": 1200,
        "End Frame": 1320,
        "Caption": "#C C wipes hands on the table; #C C removes hands from the table; #C C holds the table.; #C C holds the table; #C C looks around."
    },
    {
        "Video Name": "19d68a5d-1ed2-415c-85ec-571a7cb94053",
        "Start Frame": 1320,
        "End Frame": 1440,
        "Caption": "#C C interacts with X.; #O person X puts left hand on the table; #C C moves the hand.; #C C walks around the house; #C C looks around"
    },
    {
        "Video Name": "19d68a5d-1ed2-415c-85ec-571a7cb94053",
        "Start Frame": 1440,
        "End Frame": 1560,
        "Caption": "#C C picks the iron box; #C C takes the iron box from the; #C C takes the iron box.; #C C picks the iron box; #C C picks the iron box"
    },
    {
        "Video Name": "19d68a5d-1ed2-415c-85ec-571a7cb94053",
        "Start Frame": 1560,
        "End Frame": 1680,
        "Caption": "#C C picks the dress; #C C adjusts the blouse; #C C folds the dress; #C C straightens the clot; #C C straightens the cloth"
    },
    {
        "Video Name": "19d68a5d-1ed2-415c-85ec-571a7cb94053",
        "Start Frame": 1680,
        "End Frame": 1800,
        "Caption": "#C C turns the clothes.; #C C turns the cloth; #C C folds the dress.; #C C adjusts the dress; #C C picks up the clothes from the table"
    },
    {
        "Video Name": "19d68a5d-1ed2-415c-85ec-571a7cb94053",
        "Start Frame": 1800,
        "End Frame": 1920,
        "Caption": "#C C folds the dress; #C C turns the dress; #C C picks the dress from the iron; #C C holds the dress; #C C folds the cloth"
    },
    {
        "Video Name": "19d68a5d-1ed2-415c-85ec-571a7cb94053",
        "Start Frame": 1920,
        "End Frame": 2040,
        "Caption": "#C C spreads out the dress; #C C straightens the dress; #C C straightens the cloth with both; #C C turns the dress; #C C unfolds the dress"
    },
    {
        "Video Name": "19d68a5d-1ed2-415c-85ec-571a7cb94053",
        "Start Frame": 2040,
        "End Frame": 2160,
        "Caption": "#C C lifts the cloth.; #C C picks a blouse; #C C holds the dress; #C C lifts the cloth.; #C C spreads the dress on the iron"
    },
    {
        "Video Name": "19d68a5d-1ed2-415c-85ec-571a7cb94053",
        "Start Frame": 2160,
        "End Frame": 2280,
        "Caption": "#C C adjusts the hem of the clothe with her hands; #C C buttons up the cloth.; #C C folds the cloth.; #C C folds the cloth with her hands; #C C adjusts the dress"
    },
    {
        "Video Name": "19d68a5d-1ed2-415c-85ec-571a7cb94053",
        "Start Frame": 2280,
        "End Frame": 2400,
        "Caption": "#C C pins the blouse; #C C straightens the shirt.; #C C  buttons the cloth; #C C fixes the button of the; #C C touches the cloth buttons"
    },
    {
        "Video Name": "19d68a5d-1ed2-415c-85ec-571a7cb94053",
        "Start Frame": 2400,
        "End Frame": 2520,
        "Caption": "#C C ties the cloth.; #C C puts the handkerchief on the cloth; #C C adjusts the cloth; #C C buttons the cloth ; #C C removes a thread from the cloth"
    },
    {
        "Video Name": "19d68a5d-1ed2-415c-85ec-571a7cb94053",
        "Start Frame": 2520,
        "End Frame": 2640,
        "Caption": "#C C holds the button of the shirt with her right hand; #C C folds the clothe; #C C buttons the cloth ; #C C buttons the shirt; #C C buttons up the clothe"
    },
    {
        "Video Name": "19d68a5d-1ed2-415c-85ec-571a7cb94053",
        "Start Frame": 2640,
        "End Frame": 2760,
        "Caption": "#C C adjusts the clothes.; #C C folds the dress; #C C  aligns a clot; #C C adjusts the blouse; #C C folds the cloth."
    },
    {
        "Video Name": "19d68a5d-1ed2-415c-85ec-571a7cb94053",
        "Start Frame": 2760,
        "End Frame": 2880,
        "Caption": "#C C puts the cloth on the iron board; #C C puts the clothe on the iron; #C C folds the dress; #C C folds the cloth on the table.; #C C puts the clothe on the iron"
    },
    {
        "Video Name": "19d68a5d-1ed2-415c-85ec-571a7cb94053",
        "Start Frame": 2880,
        "End Frame": 3000,
        "Caption": "#C C irons the dress with the iron box.; #C C irons the cloth with the iron box.; #C C irons the dress.; #C C irons the clothes with iron box on the table.; #C C irons the cloth on the table with the iron box"
    },
    {
        "Video Name": "19d68a5d-1ed2-415c-85ec-571a7cb94053",
        "Start Frame": 3000,
        "End Frame": 3120,
        "Caption": "#C C irons the clothes with iron box on the table; #C C irons the dress.; #C C irons the dress with the iron box.; #C C irons a blouse; #C C irons the clothes with iron box on the table"
    },
    {
        "Video Name": "19d68a5d-1ed2-415c-85ec-571a7cb94053",
        "Start Frame": 3120,
        "End Frame": 3240,
        "Caption": "#C C straightens the dress; #C C adjusts the dress.; #C C adjusts the dress; #C C adjusts the blouse; #C C adjusts the cloth on the iron"
    },
    {
        "Video Name": "19d68a5d-1ed2-415c-85ec-571a7cb94053",
        "Start Frame": 3240,
        "End Frame": 3360,
        "Caption": "#C C irons the cloth with the iron box.; #C C irons the clothes with iron box on the table; #C C irons the clothes with iron box on the table; #C C irons the clothes with iron box on the table; #C C irons a blouse"
    },
    {
        "Video Name": "19d68a5d-1ed2-415c-85ec-571a7cb94053",
        "Start Frame": 3360,
        "End Frame": 3480,
        "Caption": "#C C irons the dress.; #C C irons the dress with the iron box; #C C irons the dress; #C C irons the dress.; #C C irons the blouse"
    },
    {
        "Video Name": "19d68a5d-1ed2-415c-85ec-571a7cb94053",
        "Start Frame": 3480,
        "End Frame": 3600,
        "Caption": "#C C irons the dress.; #C C irons the clothes with iron box; #C C irons the cloth with an iron; #C C irons the dress; #C C irons the dress with an iron"
    },
    {
        "Video Name": "19d68a5d-1ed2-415c-85ec-571a7cb94053",
        "Start Frame": 3600,
        "End Frame": 3720,
        "Caption": "#C C irons the dress with the iron; #C C irons the cloth with the iron; #C C irons a blouse; #C C irons the dress.; #C C irons the dress"
    },
    {
        "Video Name": "19d68a5d-1ed2-415c-85ec-571a7cb94053",
        "Start Frame": 3720,
        "End Frame": 3840,
        "Caption": "#C C irons the dress; #C C irons the cloth.; #C C irons the dress with the iron; #C C irons the cloth.; #C C irons the cloth on the table"
    },
    {
        "Video Name": "19d68a5d-1ed2-415c-85ec-571a7cb94053",
        "Start Frame": 3840,
        "End Frame": 3960,
        "Caption": "#C C folds the cloth.; #C C adjusts the dress; #C C drops the blouse on the table; #C C adjusts the dress; #C C picks a blouse"
    },
    {
        "Video Name": "19d68a5d-1ed2-415c-85ec-571a7cb94053",
        "Start Frame": 3960,
        "End Frame": 4080,
        "Caption": "#C C irons the clothes with iron box on the table; #C C irons the cloth with iron box on the table; #C C irons the dress with the iron box.; #C C irons the clothes with iron box on the table; #C C irons the cloth with the iron box."
    },
    {
        "Video Name": "19d68a5d-1ed2-415c-85ec-571a7cb94053",
        "Start Frame": 4080,
        "End Frame": 4200,
        "Caption": "#C C irons the clothes with iron box on the table; #C C irons the clothes with iron box on the table; #C C irons the cloth with iron box.; #C C irons the clothes with iron box on the table; #C C irons the clothes with iron box on the table"
    },
    {
        "Video Name": "19d68a5d-1ed2-415c-85ec-571a7cb94053",
        "Start Frame": 4200,
        "End Frame": 4320,
        "Caption": "#C C irons the cloth.; #C C irons the dress with the iron box.; #C C irons the dress.; #C C irons the clothes with iron box on the table; #C C irons the cloth with the iron box."
    },
    {
        "Video Name": "19d68a5d-1ed2-415c-85ec-571a7cb94053",
        "Start Frame": 4320,
        "End Frame": 4440,
        "Caption": "#C C adjusts the cloth on the table.; #C C picks the iron box.; #C C straightens the dress.; #C C straightens the clothes with her hand; #C C adjusts the cloth on the table."
    },
    {
        "Video Name": "19d68a5d-1ed2-415c-85ec-571a7cb94053",
        "Start Frame": 4440,
        "End Frame": 4560,
        "Caption": "#C C irons the dress; #C C irons the blouse with iron box; #C C irons the cloth with iron box on the table; #C C irons the dress.; #C C irons the cloth on the table."
    },
    {
        "Video Name": "19d68a5d-1ed2-415c-85ec-571a7cb94053",
        "Start Frame": 4560,
        "End Frame": 4680,
        "Caption": "#C C drops the iron box on the iron; #C C picks the iron box.; #C C puts down the iron box; #C C irons the dress.; #C C adjusts the dress."
    },
    {
        "Video Name": "19d68a5d-1ed2-415c-85ec-571a7cb94053",
        "Start Frame": 4680,
        "End Frame": 4800,
        "Caption": "#C C irons the clothes with iron box.; #C C irons the dress with the iron box; #C C irons the dress.; #C C irons the cloth on the table.; #C C irons the dress with an iron box"
    },
    {
        "Video Name": "19d68a5d-1ed2-415c-85ec-571a7cb94053",
        "Start Frame": 4800,
        "End Frame": 4920,
        "Caption": "#C C picks iron box.; #C C takes iron box.; #C C picks the iron box.; #C C takes iron box.; #C C takes iron box from the clothes"
    },
    {
        "Video Name": "19d68a5d-1ed2-415c-85ec-571a7cb94053",
        "Start Frame": 4920,
        "End Frame": 5040,
        "Caption": "#C C picks iron box from the table.; #C C picks the iron box.; #C C takes iron box.; #C C takes iron box.; #C C picks the iron box on the table"
    },
    {
        "Video Name": "19d68a5d-1ed2-415c-85ec-571a7cb94053",
        "Start Frame": 5040,
        "End Frame": 5160,
        "Caption": "#C C irons the dress with an iron box; #C C irons the clothes with iron box on the table; #C C irons the dress on the iron board; #C C irons the clothes with iron box on the table; #C C irons the clothes with iron box on the table"
    },
    {
        "Video Name": "19d68a5d-1ed2-415c-85ec-571a7cb94053",
        "Start Frame": 5160,
        "End Frame": 5280,
        "Caption": "#C C irons the cloth.; #C C irons the dress with an iron box; #C C irons a blouse; #C C irons the dress.; #C C irons the dress with the iron box"
    },
    {
        "Video Name": "19d68a5d-1ed2-415c-85ec-571a7cb94053",
        "Start Frame": 5280,
        "End Frame": 5400,
        "Caption": "#C C puts iron box on the table; #C C puts iron box on ironing table; #C C picks the iron box.; #C C puts the iron box on the table; #C C puts the iron box on the iron"
    }
]