[
    {
        "Video Name": "1a4a1e09-62d0-4714-9c40-95663fd9e5f0",
        "Start Frame": 0,
        "End Frame": 120,
        "Caption": "#C C puts paint can on the wall; #C C puts the paint can down; #C C places the container on the wall; #C C drops the paint bucket on the slab with his left hand; #C C places the paint container on the slab"
    },
    {
        "Video Name": "1a4a1e09-62d0-4714-9c40-95663fd9e5f0",
        "Start Frame": 120,
        "End Frame": 240,
        "Caption": "#C C looks around; #C C looks around; #C C closes the paint; #C C holds paint brush; #C C looks around"
    },
    {
        "Video Name": "1a4a1e09-62d0-4714-9c40-95663fd9e5f0",
        "Start Frame": 240,
        "End Frame": 360,
        "Caption": "#C C looks; #C C looks; #C C looks; #C C looks; #C C looks"
    },
    {
        "Video Name": "1a4a1e09-62d0-4714-9c40-95663fd9e5f0",
        "Start Frame": 360,
        "End Frame": 480,
        "Caption": "#C C looks around; #C C looks around the compound; #C C looks around ; #C C looks around; #C C looks around"
    },
    {
        "Video Name": "1a4a1e09-62d0-4714-9c40-95663fd9e5f0",
        "Start Frame": 480,
        "End Frame": 600,
        "Caption": "#C C looks around; #C C stares at the; #C C walks around; #C C looks around ; #C C looks around"
    },
    {
        "Video Name": "1a4a1e09-62d0-4714-9c40-95663fd9e5f0",
        "Start Frame": 600,
        "End Frame": 720,
        "Caption": "#C C touches the gate; #C C touches the rail with his left hand; #C C looks around the park ; #C C touches the railing with his left hand; #C C looks around"
    },
    {
        "Video Name": "1a4a1e09-62d0-4714-9c40-95663fd9e5f0",
        "Start Frame": 720,
        "End Frame": 840,
        "Caption": "#C C looks around; #C C looks around; #C C looks around; #C C looks around; #C C looks around"
    },
    {
        "Video Name": "1a4a1e09-62d0-4714-9c40-95663fd9e5f0",
        "Start Frame": 840,
        "End Frame": 960,
        "Caption": "#C C looks; #C C looks; #C C looks; #C C looks; #C C looks"
    },
    {
        "Video Name": "1a4a1e09-62d0-4714-9c40-95663fd9e5f0",
        "Start Frame": 960,
        "End Frame": 1080,
        "Caption": "#C C stares a round; #C C looks around the; #C C looks around; #C C looks around; #C C stares around"
    },
    {
        "Video Name": "1a4a1e09-62d0-4714-9c40-95663fd9e5f0",
        "Start Frame": 1080,
        "End Frame": 1200,
        "Caption": "#C C looks; #C C walks; #C C walks; #C C looks; #C C looks"
    },
    {
        "Video Name": "1a4a1e09-62d0-4714-9c40-95663fd9e5f0",
        "Start Frame": 1200,
        "End Frame": 1320,
        "Caption": "#C C holds paint tin; #C C picks paint bowl from the window ; #C C shifts the paint bowl to his right hand.; #C C adjusts a paint bowl on the scaffold with his right hand; #C C picks up the paint tray"
    },
    {
        "Video Name": "1a4a1e09-62d0-4714-9c40-95663fd9e5f0",
        "Start Frame": 1320,
        "End Frame": 1440,
        "Caption": "#C C paints the wall with the paint brush.; #C C paints the wall; #C C paints the wall; #C C paints the wall with the paint brush in his right hand; #C C paints the wall with the paint brush in his right hand"
    },
    {
        "Video Name": "1a4a1e09-62d0-4714-9c40-95663fd9e5f0",
        "Start Frame": 1440,
        "End Frame": 1560,
        "Caption": "#C C dips the paint brush in the; #C C wipes the brush on the bowl; #C C wipes the brush on the bowl; #C C wipes the brush on the bowl; #C C wipes the brush with a container"
    },
    {
        "Video Name": "1a4a1e09-62d0-4714-9c40-95663fd9e5f0",
        "Start Frame": 1560,
        "End Frame": 1680,
        "Caption": "#C C wipes paint brush on the edge of the; #C C stirs paint; #C C stirs paint with paint brush; #C C walks towards a paint tray.; #C C   walks around a verandah"
    },
    {
        "Video Name": "1a4a1e09-62d0-4714-9c40-95663fd9e5f0",
        "Start Frame": 1680,
        "End Frame": 1800,
        "Caption": "#C C walks towards the wall; #C C walks forward; #C C walks to the other side of the; #C C walks around; #C C walks towards the bowl of paint."
    },
    {
        "Video Name": "1a4a1e09-62d0-4714-9c40-95663fd9e5f0",
        "Start Frame": 1800,
        "End Frame": 1920,
        "Caption": "#C C walks around; #C C paints the gate; #C C walks around; #C C walks around; #C C walks to the"
    },
    {
        "Video Name": "1a4a1e09-62d0-4714-9c40-95663fd9e5f0",
        "Start Frame": 1920,
        "End Frame": 2040,
        "Caption": "#C C walks around; #C C walks towards the metallic; #C C walks around; #C C walks towards the metal; #C C walks around"
    },
    {
        "Video Name": "1a4a1e09-62d0-4714-9c40-95663fd9e5f0",
        "Start Frame": 2040,
        "End Frame": 2160,
        "Caption": "#C C walks forward; #C C walks towards the paint container; #C C walks towards the paint bowl; #C C walks towards the paint bowl; #C C walks around"
    },
    {
        "Video Name": "1a4a1e09-62d0-4714-9c40-95663fd9e5f0",
        "Start Frame": 2160,
        "End Frame": 2280,
        "Caption": "#C C walks forward; #C C walks around; #C C walks forward; #C C walks around; #C C walks towards the"
    },
    {
        "Video Name": "1a4a1e09-62d0-4714-9c40-95663fd9e5f0",
        "Start Frame": 2280,
        "End Frame": 2400,
        "Caption": "#C C paints the swing with the paint brush in his right hand; #C C paints the swing; #C C paints the swing with the paint brush in his right hand; #C C paints the swing with the brush; #C C paints the swing"
    },
    {
        "Video Name": "1a4a1e09-62d0-4714-9c40-95663fd9e5f0",
        "Start Frame": 2400,
        "End Frame": 2520,
        "Caption": "#C C paints the swing; #C C paints the swing; #C C paints the swing; #C C paints the swing; #C C paints the seat with the paintbrush in his right hand"
    },
    {
        "Video Name": "1a4a1e09-62d0-4714-9c40-95663fd9e5f0",
        "Start Frame": 2520,
        "End Frame": 2640,
        "Caption": "#C C paints the; #C C paints the; #C C paints the; #C C paints the; #C C paints the"
    },
    {
        "Video Name": "1a4a1e09-62d0-4714-9c40-95663fd9e5f0",
        "Start Frame": 2640,
        "End Frame": 2760,
        "Caption": "#C C paints the swing; #C C paints the swing; #C C paints the swing; #C C paints the swing; #C C paints the chair with the paintbrush in his right hand"
    },
    {
        "Video Name": "1a4a1e09-62d0-4714-9c40-95663fd9e5f0",
        "Start Frame": 2760,
        "End Frame": 2880,
        "Caption": "#C C cleans the swing with the white cloth; #C C drops the can of paint in his right hand on the ground; #C C bends towards the ground; #C C moves towards the swing; #C C stands up"
    },
    {
        "Video Name": "1a4a1e09-62d0-4714-9c40-95663fd9e5f0",
        "Start Frame": 2880,
        "End Frame": 3000,
        "Caption": "#C C picks the paintbrush from the playground carpark with his right hand.; #C C picks a paint brush from a bench with his right hand.; #C C drops the scraper on a bench with his right hand.; #C C picks up the paint brush from the playground roundabout with his right hand; #C C picks the scraper from the bench with his right hand"
    },
    {
        "Video Name": "1a4a1e09-62d0-4714-9c40-95663fd9e5f0",
        "Start Frame": 3000,
        "End Frame": 3120,
        "Caption": "#C C paints the; #C C paints the; #C C paints the; #C C paints the; #C C paints the"
    },
    {
        "Video Name": "1a4a1e09-62d0-4714-9c40-95663fd9e5f0",
        "Start Frame": 3120,
        "End Frame": 3240,
        "Caption": "#C C turns around; #C C looks around; #C C walks away from the; #C C walks to the bench; #C C walks in the garden"
    },
    {
        "Video Name": "1a4a1e09-62d0-4714-9c40-95663fd9e5f0",
        "Start Frame": 3240,
        "End Frame": 3360,
        "Caption": "#C C passes the bowl from his left hand to his right hand; #C C passes the bowl from his left hand to his right hand; #C C walks forward; #C C walks around the compound; #C C walks in the compound"
    },
    {
        "Video Name": "1a4a1e09-62d0-4714-9c40-95663fd9e5f0",
        "Start Frame": 3360,
        "End Frame": 3480,
        "Caption": "#C C puts the paint bowl on the wall; #C C drops the bowl on the ground with his right hand.; #C C places bowl on the wall; #C C drops the bowl on the floor with his right hand.; #C C drops the paint bowl on the ground with his right hand"
    },
    {
        "Video Name": "1a4a1e09-62d0-4714-9c40-95663fd9e5f0",
        "Start Frame": 3480,
        "End Frame": 3600,
        "Caption": "#C C looks around; #C C looks around; #C C looks around; #C C looks around; #C C looks around the compound"
    },
    {
        "Video Name": "1a4a1e09-62d0-4714-9c40-95663fd9e5f0",
        "Start Frame": 3600,
        "End Frame": 3720,
        "Caption": "#C C walks around; #C C walks around; #C C turns around; #C C walks around; #C C turns around"
    },
    {
        "Video Name": "1a4a1e09-62d0-4714-9c40-95663fd9e5f0",
        "Start Frame": 3720,
        "End Frame": 3840,
        "Caption": "#C C climbs down the wall; #C C steps on the wall; #C C sits on the wooden; #C C holds a wall; #C C touches wall"
    },
    {
        "Video Name": "1a4a1e09-62d0-4714-9c40-95663fd9e5f0",
        "Start Frame": 3840,
        "End Frame": 3960,
        "Caption": "#C C looks around; #C C looks around; #C C stands up; #C C looks around ; #C C sits on the"
    },
    {
        "Video Name": "1a4a1e09-62d0-4714-9c40-95663fd9e5f0",
        "Start Frame": 3960,
        "End Frame": 4080,
        "Caption": "#C C looks around ; #C C looks around; #C C looks around; #C C looks around; #C C places the paint brush on the"
    },
    {
        "Video Name": "1a4a1e09-62d0-4714-9c40-95663fd9e5f0",
        "Start Frame": 4080,
        "End Frame": 4200,
        "Caption": "#C C stirs the paint in the; #C C dips the paintbrush in the; #C C dips brush in the basin; #C C dips the paint brush in the; #C C deeps the brush in the"
    },
    {
        "Video Name": "1a4a1e09-62d0-4714-9c40-95663fd9e5f0",
        "Start Frame": 4200,
        "End Frame": 4320,
        "Caption": "#C C dips the paint brush in the paint; #C C touches the paint; #C C dips the paint brush in the green; #C C dips the paint brush in the container; #C C dips the brush in the container"
    },
    {
        "Video Name": "1a4a1e09-62d0-4714-9c40-95663fd9e5f0",
        "Start Frame": 4320,
        "End Frame": 4440,
        "Caption": "#C C drops the rag; #C C picks a paint brush; #C C puts the paint brush in the container; #C C puts down the paint brush; #C C touches the bucket of paint with his left"
    },
    {
        "Video Name": "1a4a1e09-62d0-4714-9c40-95663fd9e5f0",
        "Start Frame": 4440,
        "End Frame": 4560,
        "Caption": "#C C puts the plate on the window; #C C drops the plate on the container; #C C puts the paint container down; #C C puts the paint container down; #C C places the paint bowl on a"
    },
    {
        "Video Name": "1a4a1e09-62d0-4714-9c40-95663fd9e5f0",
        "Start Frame": 4560,
        "End Frame": 4680,
        "Caption": "#C C closes the paint tin ; #C C takes the paint can lid; #C C covers the can of paint with the lid in his left hand; #C C opens the lid of the paint can with his right hand.; #C C covers the paint can with the lid."
    },
    {
        "Video Name": "1a4a1e09-62d0-4714-9c40-95663fd9e5f0",
        "Start Frame": 4680,
        "End Frame": 4800,
        "Caption": "#C C removes the lid from the container; #C C covers the paint container.; #C C opens the container ; #C C covers the paint container; #C C drops the cover in his right hand on the"
    },
    {
        "Video Name": "1a4a1e09-62d0-4714-9c40-95663fd9e5f0",
        "Start Frame": 4800,
        "End Frame": 4920,
        "Caption": "#C C drops the paint container on the pavement; #C C puts the paint can on the wall; #C C places paint can on the window; #C C drops the paint can on the bench; #C C puts down the paint tin."
    },
    {
        "Video Name": "1a4a1e09-62d0-4714-9c40-95663fd9e5f0",
        "Start Frame": 4920,
        "End Frame": 5040,
        "Caption": "#C C looks around; #C C stares at the paint; #C C looks around the compound; #C C looks around; #C C looks around"
    },
    {
        "Video Name": "1a4a1e09-62d0-4714-9c40-95663fd9e5f0",
        "Start Frame": 5040,
        "End Frame": 5160,
        "Caption": "#C C puts down paint brush; #C C picks a paint brush ; #C C picks the paint brush; #C C takes paint brush; #C C puts the paint brush on top of a paint"
    },
    {
        "Video Name": "1a4a1e09-62d0-4714-9c40-95663fd9e5f0",
        "Start Frame": 5160,
        "End Frame": 5280,
        "Caption": "#C C picks a paint can; #C C picks the paint can; #C C picks the paint tin.; #C C picks a paint can; #C C puts paint can on the"
    },
    {
        "Video Name": "1a4a1e09-62d0-4714-9c40-95663fd9e5f0",
        "Start Frame": 5280,
        "End Frame": 5400,
        "Caption": "#C C drops the paint container on the pavement with his right hand; #C C puts the paint can down; #C C places the paint can on the fence; #C C closes the paint can with a lid; #C C places the paint can lid on a wall"
    }
]