[
    {
        "Video Name": "1a8d74bf-954f-4dd5-8df2-cf5f8212e65b",
        "Start Frame": 0,
        "End Frame": 120,
        "Caption": "#C C walks around the workshop; #C C walks around the workshop; #C C puts the impact wrench on the lawn m; #C C walks around the workshop; #C C drops the spanner on the floor."
    },
    {
        "Video Name": "1a8d74bf-954f-4dd5-8df2-cf5f8212e65b",
        "Start Frame": 120,
        "End Frame": 240,
        "Caption": "#C C holds the engine of the lawn mower with his left; #C C holds the engine part with his left hand.; #C C fixes the lawn mower; #C C touches a lawn mower part with his left hand.; #C C fixes the lawn mower"
    },
    {
        "Video Name": "1a8d74bf-954f-4dd5-8df2-cf5f8212e65b",
        "Start Frame": 240,
        "End Frame": 360,
        "Caption": "#C C drops the hammer on the lawn mower.; #C C puts down a screw driver ; #C C places his right hand on the lawn mower.; #C C drops the hammer on the lawn mower.; #C C picks up the first bolt from the lawn mower with his right hand"
    },
    {
        "Video Name": "1a8d74bf-954f-4dd5-8df2-cf5f8212e65b",
        "Start Frame": 360,
        "End Frame": 480,
        "Caption": "#C C looks around; #C C looks at the lawn m; #C C looks around; #C C looks at the lawn m; #C C removes the torch from his"
    },
    {
        "Video Name": "1a8d74bf-954f-4dd5-8df2-cf5f8212e65b",
        "Start Frame": 480,
        "End Frame": 600,
        "Caption": "#C C takes the nut ; #C C looks around; #C C removes his right hand from the lawn mower.; #C C drops the spanner on the crane with his right hand; #C C puts the bolt on the lawn mower"
    },
    {
        "Video Name": "1a8d74bf-954f-4dd5-8df2-cf5f8212e65b",
        "Start Frame": 600,
        "End Frame": 720,
        "Caption": "#C C loosens the bolt; #C C fixes the lawn mower; #C C touches the lawn mower; #C C fixes the lawn mower; #C C fixes the lawn mower"
    },
    {
        "Video Name": "1a8d74bf-954f-4dd5-8df2-cf5f8212e65b",
        "Start Frame": 720,
        "End Frame": 840,
        "Caption": "#C C  fixes the lawn mower; #C C fixes lawn mower engine with spanner; #C C fixes the lawn mower; #C C unscrews the nut in the lawn mower with the span; #C C adjusts the lawn mower"
    },
    {
        "Video Name": "1a8d74bf-954f-4dd5-8df2-cf5f8212e65b",
        "Start Frame": 840,
        "End Frame": 960,
        "Caption": "#C C uses a torque wrench on the engine; #C C tightens the bolt on the lawn mower with the wrench in his right; #C C fixes lawn mower with drilling machine; #C C fixes the lawn mower; #C C fixes the lawn mower"
    },
    {
        "Video Name": "1a8d74bf-954f-4dd5-8df2-cf5f8212e65b",
        "Start Frame": 960,
        "End Frame": 1080,
        "Caption": "#C C fixes the lawn mower.; #C C fixes the lawn mower ; #C C fixes the engine; #C C holds the lawn mower with both hands.; #C C fixes a part of the lawn mower with his right hand"
    },
    {
        "Video Name": "1a8d74bf-954f-4dd5-8df2-cf5f8212e65b",
        "Start Frame": 1080,
        "End Frame": 1200,
        "Caption": "#O A man Y walks around the workshop ; #C C touches the engine with his left hand.; #C C fixes the lawn mower; #C C puts his right hand under the lawn mower; #O man A walks in the workshop."
    },
    {
        "Video Name": "1a8d74bf-954f-4dd5-8df2-cf5f8212e65b",
        "Start Frame": 1200,
        "End Frame": 1320,
        "Caption": "#C C looks at the lawn mower; #C C fixes the lawn mower with the screw; #C C fixes the lawn mower; #C C repairs the lawn mower; #C C fixes the lawn mower"
    },
    {
        "Video Name": "1a8d74bf-954f-4dd5-8df2-cf5f8212e65b",
        "Start Frame": 1320,
        "End Frame": 1440,
        "Caption": "#C C fixes the lawn mower.; #C C inserts his left hand into the lawn mower; #C C holds the lawn mower; #C C touches the engine; #C C loosens the bolt with his right hand."
    },
    {
        "Video Name": "1a8d74bf-954f-4dd5-8df2-cf5f8212e65b",
        "Start Frame": 1440,
        "End Frame": 1560,
        "Caption": "#C C looks at the lawn mower.; #C C holds a nut on the lawn mower with his right hand; #C C holds the lawn mower engine with his right hand.; #C C fixes the lawn mower; #C C holds the lawnmower engine with his left hand"
    },
    {
        "Video Name": "1a8d74bf-954f-4dd5-8df2-cf5f8212e65b",
        "Start Frame": 1560,
        "End Frame": 1680,
        "Caption": "#C C examines the engine; #C C inspects the lawn m; #C C repairs the lawn mower; #C C stares at the engine; #C C fixes the lawn mower"
    },
    {
        "Video Name": "1a8d74bf-954f-4dd5-8df2-cf5f8212e65b",
        "Start Frame": 1680,
        "End Frame": 1800,
        "Caption": "#C C fixes the engine; #C C looks at the engine; #C C looks at the engine ; #C C inspects the lawn mower; #C C fixes a part of the lawn m"
    },
    {
        "Video Name": "1a8d74bf-954f-4dd5-8df2-cf5f8212e65b",
        "Start Frame": 1800,
        "End Frame": 1920,
        "Caption": "#C C holds the nut with both hands. ; #C C holds the spanner with his left hand; #C C puts the spanner in the lawn mower ; #C C transfers the part of the lawn mower to his right hand; #C C removes the bolt from the lawn mower with his right hand"
    },
    {
        "Video Name": "1a8d74bf-954f-4dd5-8df2-cf5f8212e65b",
        "Start Frame": 1920,
        "End Frame": 2040,
        "Caption": "#C C adjusts the lawn mower with both hands.; #C C inserts the bolt into the lawn mower with his right hand; #C C takes the spanner from his left hand with his right hand; #C C puts the spanner in the lawn mower; #C C fixes the lawn mower with both hands."
    },
    {
        "Video Name": "1a8d74bf-954f-4dd5-8df2-cf5f8212e65b",
        "Start Frame": 2040,
        "End Frame": 2160,
        "Caption": "#C C holds the engine; #C C fixes the engine; #C C holds the engine with his right hand; #C C loosens a bolt on the lawn mower with the spanner in his right hand; #C C fixes the lawn mower"
    },
    {
        "Video Name": "1a8d74bf-954f-4dd5-8df2-cf5f8212e65b",
        "Start Frame": 2160,
        "End Frame": 2280,
        "Caption": "#C C removes the screw from the engine; #C C puts his right hand on the lawn mower; #C C removes his left hand from the lawn mower; #C C adjusts a metal plate; #C C looks at the lawn mower"
    },
    {
        "Video Name": "1a8d74bf-954f-4dd5-8df2-cf5f8212e65b",
        "Start Frame": 2280,
        "End Frame": 2400,
        "Caption": "#C C touches the nut with his right hand ; #C C fixes the lawn mower; #O a man X fixes the lawn mower ; #C C fixes the lawn mower; #C C unscrews the bolt on the lawn mower with the spanner in his right"
    },
    {
        "Video Name": "1a8d74bf-954f-4dd5-8df2-cf5f8212e65b",
        "Start Frame": 2400,
        "End Frame": 2520,
        "Caption": "#C C fixes the lawn mower; #C C fixes the engine; #C C fixes the lawn mower with the span; #C C fixes the lawn mower; #C C fixes the engine"
    },
    {
        "Video Name": "1a8d74bf-954f-4dd5-8df2-cf5f8212e65b",
        "Start Frame": 2520,
        "End Frame": 2640,
        "Caption": "#C C fixes the lawn mower; #C C fixes the lawn mower; #C C fixes the engine; #C C fixes the lawn mower; #C C fixes the engine"
    },
    {
        "Video Name": "1a8d74bf-954f-4dd5-8df2-cf5f8212e65b",
        "Start Frame": 2640,
        "End Frame": 2760,
        "Caption": "#C C looks at the lawn mower ; #C C fixes the lawn mower ; #C C looks around the garage.; #C C fixes the lawn mower with the span; #C C fixes lawn mower"
    },
    {
        "Video Name": "1a8d74bf-954f-4dd5-8df2-cf5f8212e65b",
        "Start Frame": 2760,
        "End Frame": 2880,
        "Caption": "#C C fixes the lawn mower; #C C looks at the lawn mower; #C C fixes lawn mower engine with the spanner; #C C looks around; #C C fixes the lawn mower"
    },
    {
        "Video Name": "1a8d74bf-954f-4dd5-8df2-cf5f8212e65b",
        "Start Frame": 2880,
        "End Frame": 3000,
        "Caption": "#C C fixes the lawn mower; #C C  touches the spare ; #C C fixes the lawn mower; #C C fixes the lawn mower; #C C fixes lawn mower engine"
    },
    {
        "Video Name": "1a8d74bf-954f-4dd5-8df2-cf5f8212e65b",
        "Start Frame": 3000,
        "End Frame": 3120,
        "Caption": "#C C adjusts the part of the lawn mower with his right hand; #C C removes his right hand from the engine compartment. ; #C C fixes the lawn mower; #C C removes his right hand from the lawn mower; #C C fixes the part of the lawn mower with his right hand"
    },
    {
        "Video Name": "1a8d74bf-954f-4dd5-8df2-cf5f8212e65b",
        "Start Frame": 3120,
        "End Frame": 3240,
        "Caption": "#C C fixes the lawn mower with his right hand.; #C C holds the lawn mower with his right hand; #C C screws the bolt into the lawn mower with his right hand; #C C repairs the lawn mower.; #C C fixes the lawn mower with both hands. "
    },
    {
        "Video Name": "1a8d74bf-954f-4dd5-8df2-cf5f8212e65b",
        "Start Frame": 3240,
        "End Frame": 3360,
        "Caption": "#C C holds the lawn mower; #C C fixes lawn mower spare with the right hand; #C C fixes lawn mower part; #C C fixes the spare ; #C C fixes the lawn mower"
    },
    {
        "Video Name": "1a8d74bf-954f-4dd5-8df2-cf5f8212e65b",
        "Start Frame": 3360,
        "End Frame": 3480,
        "Caption": "#C C screws the bolt on the lawn mower with the screw; #C C Fixes the part of lawn mower; #C C adjusts the part of the lawn mower with both hands; #C C holds the lawn mower; #C C tightens bolt"
    },
    {
        "Video Name": "1a8d74bf-954f-4dd5-8df2-cf5f8212e65b",
        "Start Frame": 3480,
        "End Frame": 3600,
        "Caption": "#C C fixes the lawn mower ; #C C repairs the lawn mower; #C C fixes the spare on the lawn m; #C C fixes the lawn mower; #C C fixes the lawn mower"
    },
    {
        "Video Name": "1a8d74bf-954f-4dd5-8df2-cf5f8212e65b",
        "Start Frame": 3600,
        "End Frame": 3720,
        "Caption": "#C C unscrews the nut on the mower with the spanner; #C C fixes the bolt into the lawn mower with his right hand; #C C looks at the lawn mower ; #C C tightens the bolt with his right hand.; #C C tightens the screw into the lawn mower with the wrench in his right hand"
    },
    {
        "Video Name": "1a8d74bf-954f-4dd5-8df2-cf5f8212e65b",
        "Start Frame": 3720,
        "End Frame": 3840,
        "Caption": "#C C repairs the lawn mower; #C C looks at the lawn m; #C C looks at a spare ; #C C looks at the lawn m; #C C fixes lawn mower"
    },
    {
        "Video Name": "1a8d74bf-954f-4dd5-8df2-cf5f8212e65b",
        "Start Frame": 3840,
        "End Frame": 3960,
        "Caption": "#C C fixes the lawn mower; #C C looks at the lawn mower ; #C C fixes the lawn mower; #C C fixes the lawn mower; #C C fixes lawn mower with a span"
    },
    {
        "Video Name": "1a8d74bf-954f-4dd5-8df2-cf5f8212e65b",
        "Start Frame": 3960,
        "End Frame": 4080,
        "Caption": "#C C tightens the bolt with the wrench; #C C looks at the lawn mower; #O A man X walks around the workshop ; #C C fixes the lawn mower; #C C screws the bolt into the lawn mower with the wrench in his right hand"
    },
    {
        "Video Name": "1a8d74bf-954f-4dd5-8df2-cf5f8212e65b",
        "Start Frame": 4080,
        "End Frame": 4200,
        "Caption": "#C C touches the lawn mower; #C C pulls a nut on the lawn mower; #C C touches the lawn mower; #C C touches the wire under the lawn mower with his left hand; #C C holds the wire with his left hand"
    },
    {
        "Video Name": "1a8d74bf-954f-4dd5-8df2-cf5f8212e65b",
        "Start Frame": 4200,
        "End Frame": 4320,
        "Caption": "#C C loosens bolt with a spanner; #O a man X walks around the workshop; #O A man X walks around the workshop; #C C repairs the lawn mower ; #C C adjusts the other part of the machine with his left"
    },
    {
        "Video Name": "1a8d74bf-954f-4dd5-8df2-cf5f8212e65b",
        "Start Frame": 4320,
        "End Frame": 4440,
        "Caption": "#C C touches the lawn mower; #C C looks at the lawn mower; #C C fixes the lawn mower; #C C fixes the lawn mower; #C C fixes the lawn mower"
    },
    {
        "Video Name": "1a8d74bf-954f-4dd5-8df2-cf5f8212e65b",
        "Start Frame": 4440,
        "End Frame": 4560,
        "Caption": "#C C holds the engine; #C C fixes the lawn mower with his hand ; #C C fixes the lawn mower; #C C fixes the lawn mower with the pliers ; #C C fixes the part of the lawn mower with his left"
    },
    {
        "Video Name": "1a8d74bf-954f-4dd5-8df2-cf5f8212e65b",
        "Start Frame": 4560,
        "End Frame": 4680,
        "Caption": "#C C pulls the wire with his left hand; #C C repairs the lawn mower with both hands; #C C fixes the engine ; #C C repairs the lawn mower; #C C fixes the lawn mower"
    },
    {
        "Video Name": "1a8d74bf-954f-4dd5-8df2-cf5f8212e65b",
        "Start Frame": 4680,
        "End Frame": 4800,
        "Caption": "#C C fixes the lawn mower with the spanner; #C C fixes the nut with the spanner; #C C fixes the lawn mower.; #C C puts his right hand on the lawn mower; #C C fixes the lawn mower "
    },
    {
        "Video Name": "1a8d74bf-954f-4dd5-8df2-cf5f8212e65b",
        "Start Frame": 4800,
        "End Frame": 4920,
        "Caption": "#C C fixes the lawn mower; #C C fixes the lawn mower.; #C C works on the lawn mower with the spanner in his right hand; #C C adjusts the lawnmower with his right hand.; #C C fixes the lawn mower"
    },
    {
        "Video Name": "1a8d74bf-954f-4dd5-8df2-cf5f8212e65b",
        "Start Frame": 4920,
        "End Frame": 5040,
        "Caption": "#C C fixes the lawn mower; #C C touches the engine; #C C fixes the lawn mower; #C C holds the engine part.; #C C fixes lawn mower engine with"
    },
    {
        "Video Name": "1a8d74bf-954f-4dd5-8df2-cf5f8212e65b",
        "Start Frame": 5040,
        "End Frame": 5160,
        "Caption": "#C C removes the spanner in the lawnmower with his right hand; #C C fixes the lawn mower; #C C touches the lawn mower; #C C inserts the bolt into the lawn mower with his right hand.; #C C fixes the lawn mower"
    },
    {
        "Video Name": "1a8d74bf-954f-4dd5-8df2-cf5f8212e65b",
        "Start Frame": 5160,
        "End Frame": 5280,
        "Caption": "#C C places the spanner on the lawn mower; #C C puts the engine part in the lawn mower; #C C adjusts the part of the lawn mower with his right hand; #C C tightens the nut ; #C C fixes the lawn mower"
    },
    {
        "Video Name": "1a8d74bf-954f-4dd5-8df2-cf5f8212e65b",
        "Start Frame": 5280,
        "End Frame": 5400,
        "Caption": "#C C fixes the lawn mower; #C C fixes the part of the lawn mower; #C C fixes the lawn mower with his right hand; #C C inspects the lawn mower; #C C screws the part of the lawn mower with his right"
    }
]