[
    {
        "Video Name": "1ad6a5b0-eaf0-490a-abec-9043940c5458",
        "Start Frame": 0,
        "End Frame": 120,
        "Caption": "#C C puts the dough on the table; #C C puts dough balls on the dough she; #C C puts the dough on the dough she; #C C puts dough rolls on the table; #C C puts the doughs on the tray"
    },
    {
        "Video Name": "1ad6a5b0-eaf0-490a-abec-9043940c5458",
        "Start Frame": 120,
        "End Frame": 240,
        "Caption": "#C C puts dough in the dough sheeter; #C C puts the doughs on the dough sheeter with his right hand; #C C removes dough from the dough sheeter with his right hand.; #C C removes the dough from the dough sheeter; #C C removes the dough from the dough sheeter with his right hand."
    },
    {
        "Video Name": "1ad6a5b0-eaf0-490a-abec-9043940c5458",
        "Start Frame": 240,
        "End Frame": 360,
        "Caption": "#C C puts the doughs on the conveyor; #C C arranges the dough on the dough sheeter with both hands; #C C puts dough on the dough roller; #C C puts the dough on the dough roller; #C C places dough on the dough sheeter"
    },
    {
        "Video Name": "1ad6a5b0-eaf0-490a-abec-9043940c5458",
        "Start Frame": 360,
        "End Frame": 480,
        "Caption": "#C C puts dough on the dough roller; #C C picks up a dough from the machine; #C C puts the dough on the table; #C C puts the dough on the dough she; #C C puts the dough on the dough she"
    },
    {
        "Video Name": "1ad6a5b0-eaf0-490a-abec-9043940c5458",
        "Start Frame": 480,
        "End Frame": 600,
        "Caption": "#C C puts the dough on the dough roller; #C C puts the dough on the machine; #C C puts the dough in the dough she; #C C puts the dough on the table.; #C C puts dough on the dough sheeter"
    },
    {
        "Video Name": "1ad6a5b0-eaf0-490a-abec-9043940c5458",
        "Start Frame": 600,
        "End Frame": 720,
        "Caption": "#C C puts dough on dough press machine; #C C picks up the dough; #C C puts the dough on the dough sheeter; #C  C puts the dough in the machine.; #C  C puts the dough on the machine"
    },
    {
        "Video Name": "1ad6a5b0-eaf0-490a-abec-9043940c5458",
        "Start Frame": 720,
        "End Frame": 840,
        "Caption": "#C C puts the dough in a baking tray; #C C puts the rolled dough on the tray; #C C puts dough on the table; #C C drops the dough on the tray.; #C C puts dough on the table"
    },
    {
        "Video Name": "1ad6a5b0-eaf0-490a-abec-9043940c5458",
        "Start Frame": 840,
        "End Frame": 960,
        "Caption": "#C C puts the dough on the tray; #C C puts the dough on the tray; #C C puts the dough on the tray; #C C puts dough on the tray; #C C puts the dough on the tray"
    },
    {
        "Video Name": "1ad6a5b0-eaf0-490a-abec-9043940c5458",
        "Start Frame": 960,
        "End Frame": 1080,
        "Caption": "#C C puts the dough on the pal; #C C puts the dough on the tray; #C C puts the dough on the tray; #C C puts the wheat dough down; #C C puts the dough on the table"
    },
    {
        "Video Name": "1ad6a5b0-eaf0-490a-abec-9043940c5458",
        "Start Frame": 1080,
        "End Frame": 1200,
        "Caption": "#C C rolls the wheat flour ; #C C puts the wheat dough down on the table; #C C places the rolled dough on the baking table; #C C folds the dough; #C C places the dough on the table"
    },
    {
        "Video Name": "1ad6a5b0-eaf0-490a-abec-9043940c5458",
        "Start Frame": 1200,
        "End Frame": 1320,
        "Caption": "#C C puts the wheat grains on the table; #C C puts the rolled wheat on the table; #C C touches the wheat flour; #C C adjusts the fillings on the sheet; #C C arranges the shapes on the sheet"
    },
    {
        "Video Name": "1ad6a5b0-eaf0-490a-abec-9043940c5458",
        "Start Frame": 1320,
        "End Frame": 1440,
        "Caption": "#C C arranges doughs on the tray with both hands; #C C places the shapes on the sheet pan; #C C removes another dough from the tray.; #C C picks up the shapes; #C C arranges the doughs on the sheet pan."
    },
    {
        "Video Name": "1ad6a5b0-eaf0-490a-abec-9043940c5458",
        "Start Frame": 1440,
        "End Frame": 1560,
        "Caption": "#C C puts wheat balls on the tray; #C C puts the wheat flour on the dough; #C C places the roll of dough on the baking tray; #C C arranges the rolls on the tray.; #C C puts the rolls on the tray"
    },
    {
        "Video Name": "1ad6a5b0-eaf0-490a-abec-9043940c5458",
        "Start Frame": 1560,
        "End Frame": 1680,
        "Caption": "#C C puts the dough on the tray; #C C puts the dough on the tray; #C C puts the dough on the table; #C C puts the rolled dough on the; #C C puts dough roll on the tray"
    },
    {
        "Video Name": "1ad6a5b0-eaf0-490a-abec-9043940c5458",
        "Start Frame": 1680,
        "End Frame": 1800,
        "Caption": "#C C puts the rolled wheat on the; #C C puts the wheat flour down; #C C puts the rolls on the tray; #C C puts the rolled dough on the; #C C puts the rolled dough on the"
    },
    {
        "Video Name": "1ad6a5b0-eaf0-490a-abec-9043940c5458",
        "Start Frame": 1800,
        "End Frame": 1920,
        "Caption": "#C C  picks dough roll; #C C picks the dough roll ; #C C picks the wheat dough; #C C puts dough down ; #C C puts the rolled dough on the"
    },
    {
        "Video Name": "1ad6a5b0-eaf0-490a-abec-9043940c5458",
        "Start Frame": 1920,
        "End Frame": 2040,
        "Caption": "#C C takes a baking tray; #C C picks a dough roller; #C C puts the dough on the; #C C takes a dough; #C C picks up the tray"
    },
    {
        "Video Name": "1ad6a5b0-eaf0-490a-abec-9043940c5458",
        "Start Frame": 2040,
        "End Frame": 2160,
        "Caption": "#C C puts the sheet pan on the sheet pan rack ; #C C moves the tray from the shelf to the table with his hands.; #C C takes the sheet pan from the sheet pan rack with both hands.; #C C puts the tray in the shelf; #C C puts the tray of dough in the shelf"
    },
    {
        "Video Name": "1ad6a5b0-eaf0-490a-abec-9043940c5458",
        "Start Frame": 2160,
        "End Frame": 2280,
        "Caption": "#C C puts the tray on the table.; #C C puts the tray with doughs on the table; #C C puts the dough on the tray; #C C places the tray on the table.; #C C places the tray of doughs on the baking table"
    },
    {
        "Video Name": "1ad6a5b0-eaf0-490a-abec-9043940c5458",
        "Start Frame": 2280,
        "End Frame": 2400,
        "Caption": "#C C puts the dough in the tray of dough; #C C puts the doughs on the tray; #C C picks the dough; #C C folds the dough; #C C cuts the dough roll"
    },
    {
        "Video Name": "1ad6a5b0-eaf0-490a-abec-9043940c5458",
        "Start Frame": 2400,
        "End Frame": 2520,
        "Caption": "#C C arranges the doughs on the sheet pan; #C C places the rolls on the tray.; #C C puts the dough on the tray; #C C puts the rolled dough on the tray.; #C C puts the dough roll on the tray."
    },
    {
        "Video Name": "1ad6a5b0-eaf0-490a-abec-9043940c5458",
        "Start Frame": 2520,
        "End Frame": 2640,
        "Caption": "#C C puts the rolled dough on the baking tray; #C C arranges the doughs on the sheet pan; #C C puts the dough on the tray; #C C places the roll on the tray.; #C C puts the dough in the tray"
    },
    {
        "Video Name": "1ad6a5b0-eaf0-490a-abec-9043940c5458",
        "Start Frame": 2640,
        "End Frame": 2760,
        "Caption": "#C C folds the; #C C folds the; #C C folds the; #C C folds the; #C C folds the"
    },
    {
        "Video Name": "1ad6a5b0-eaf0-490a-abec-9043940c5458",
        "Start Frame": 2760,
        "End Frame": 2880,
        "Caption": "#C C puts the rolled doughs in the tray; #C C puts the rolled doughs on the tray; #C C puts the dough on the tray; #C C puts the rolled dough on the tray; #C C arranges the doughs on the sheet"
    },
    {
        "Video Name": "1ad6a5b0-eaf0-490a-abec-9043940c5458",
        "Start Frame": 2880,
        "End Frame": 3000,
        "Caption": "#C C puts the dough on the tray; #C C places the dough on the baking; #C C puts the dough on the tray; #C C puts the rolled dough on the; #C C puts the dough on the tray"
    },
    {
        "Video Name": "1ad6a5b0-eaf0-490a-abec-9043940c5458",
        "Start Frame": 3000,
        "End Frame": 3120,
        "Caption": "#C C puts the dough on the tray.; #C C puts the rolled dough on the tray; #C C puts the dough on the tray; #C C puts the dough on the tray; #C C sets the dough in the sheet pan"
    },
    {
        "Video Name": "1ad6a5b0-eaf0-490a-abec-9043940c5458",
        "Start Frame": 3120,
        "End Frame": 3240,
        "Caption": "#C C picks a dough from the tray; #C C puts the dough on the tray.; #C C arranges the dough on the tray; #C C puts the dough on the tray; #C C touches wheat flour"
    },
    {
        "Video Name": "1ad6a5b0-eaf0-490a-abec-9043940c5458",
        "Start Frame": 3240,
        "End Frame": 3360,
        "Caption": "#C C puts the dough on the tray; #C C puts the dough on the tray; #C C puts the dough on the tray; #C C puts the dough on the tray; #C C puts the dough on the tray"
    },
    {
        "Video Name": "1ad6a5b0-eaf0-490a-abec-9043940c5458",
        "Start Frame": 3360,
        "End Frame": 3480,
        "Caption": "#C C puts the rolled dough on the; #C C places the rolls on the tray; #C C puts the dough on the tray; #C C puts the dough on the tray; #C C puts the doughs on the"
    },
    {
        "Video Name": "1ad6a5b0-eaf0-490a-abec-9043940c5458",
        "Start Frame": 3480,
        "End Frame": 3600,
        "Caption": "#C C picks the dough; #C C puts the doughs on the table.; #C C picks up the dough from the table.; #C C puts the dough on the table; #C C picks up another dough from the kneading"
    },
    {
        "Video Name": "1ad6a5b0-eaf0-490a-abec-9043940c5458",
        "Start Frame": 3600,
        "End Frame": 3720,
        "Caption": "#C C picks up the dough; #C C puts the dough on the tray; #C C places the rolled dough on the baking; #C C puts the dough on the table; #C C holds the dough"
    },
    {
        "Video Name": "1ad6a5b0-eaf0-490a-abec-9043940c5458",
        "Start Frame": 3720,
        "End Frame": 3840,
        "Caption": "#C C arranges the doughs in the sheet pan; #C C picks the dough roll; #C C picks up doughs from the sheet pan; #C C puts the dough on the sheet pan; #C C arranges the doughs in the sheet pan"
    },
    {
        "Video Name": "1ad6a5b0-eaf0-490a-abec-9043940c5458",
        "Start Frame": 3840,
        "End Frame": 3960,
        "Caption": "#C C puts the rolled doughs on the tray; #C C puts the dough on the tray; #C C places the rolled dough on the baking table; #C C puts the dough on the tray; #C C puts the dough on the tray"
    },
    {
        "Video Name": "1ad6a5b0-eaf0-490a-abec-9043940c5458",
        "Start Frame": 3960,
        "End Frame": 4080,
        "Caption": "#C C puts the dough on the table; #C C puts the dough on the tray; #C C puts the dough in the tray; #C C puts the doughs on the tray with his; #C C puts the rolled dough on the tray"
    },
    {
        "Video Name": "1ad6a5b0-eaf0-490a-abec-9043940c5458",
        "Start Frame": 4080,
        "End Frame": 4200,
        "Caption": "#C C puts the dough on the table; #C C puts dough on the table; #C C puts the dough on the table; #C C puts the dough on the table; #C C puts the dough on the tray"
    },
    {
        "Video Name": "1ad6a5b0-eaf0-490a-abec-9043940c5458",
        "Start Frame": 4200,
        "End Frame": 4320,
        "Caption": "#C C puts the roll on the; #C C puts the roll on the; #C C puts the dough down; #C C puts dough on the tray; #C C puts the dough on the"
    },
    {
        "Video Name": "1ad6a5b0-eaf0-490a-abec-9043940c5458",
        "Start Frame": 4320,
        "End Frame": 4440,
        "Caption": "#C C puts the shaped doughs in the sheet; #C C puts the dough on the tray ; #C C touches the dough; #C C puts the dough on the tray; #C C puts the dough on the table"
    },
    {
        "Video Name": "1ad6a5b0-eaf0-490a-abec-9043940c5458",
        "Start Frame": 4440,
        "End Frame": 4560,
        "Caption": "#C C puts the rolled dough on the wheat flour on the table; #C C picks the wheat flour; #C C sets the wheat flour on the sheet pan; #C C puts the wheat flour down; #C C puts the wheat on the table"
    },
    {
        "Video Name": "1ad6a5b0-eaf0-490a-abec-9043940c5458",
        "Start Frame": 4560,
        "End Frame": 4680,
        "Caption": "#C C puts the rolled dough on the baking; #C C puts the dough on the table; #C C puts the dough on the table; #C C puts the dough on the table; #C C puts the dough on the table"
    },
    {
        "Video Name": "1ad6a5b0-eaf0-490a-abec-9043940c5458",
        "Start Frame": 4680,
        "End Frame": 4800,
        "Caption": "#C C puts the dough on the sheet pan; #C C puts the dough on the tray; #C C adjusts the doughs on the tray with both; #C C puts the dough on the tray; #C C picks up the dough"
    },
    {
        "Video Name": "1ad6a5b0-eaf0-490a-abec-9043940c5458",
        "Start Frame": 4800,
        "End Frame": 4920,
        "Caption": "#C C puts the dough on the table; #C C adjusts the doughs on the; #C C puts the dough down; #C C puts the rolled dough on the; #C C holds the dough"
    },
    {
        "Video Name": "1ad6a5b0-eaf0-490a-abec-9043940c5458",
        "Start Frame": 4920,
        "End Frame": 5040,
        "Caption": "#C C puts the dough down; #C C puts the dough on the tray; #C C places the dough on the table; #C C puts the dough on the table; #C C puts doughs in sheet pan"
    },
    {
        "Video Name": "1ad6a5b0-eaf0-490a-abec-9043940c5458",
        "Start Frame": 5040,
        "End Frame": 5160,
        "Caption": "#C C places the scraper on the table; #C C picks up the tray from the table; #C C picks up the scraper.; #C C picks a scrapper from the table; #C C puts the baking tray aside"
    },
    {
        "Video Name": "1ad6a5b0-eaf0-490a-abec-9043940c5458",
        "Start Frame": 5160,
        "End Frame": 5280,
        "Caption": "#C C places the tray in the shelf ; #C C picks up the tray of bread from the table; #C C puts the tray on the table.; #C C puts the tray on the shelf; #C C puts the tray on the table"
    },
    {
        "Video Name": "1ad6a5b0-eaf0-490a-abec-9043940c5458",
        "Start Frame": 5280,
        "End Frame": 5400,
        "Caption": "#C C picks up another dough on the kneading; #C C picks up the dough.; #C C carries the doughs from the table.; #C C picks up a flat dough on the baking table; #C C puts the dough on the table."
    }
]