[
    {
        "Video Name": "1af0e207-76b8-4b90-8c58-20719ada0482",
        "Start Frame": 0,
        "End Frame": 120,
        "Caption": "#C C sews the cloth ; #C C sews the piece of cloth with a needle; #C C sews on the piece of cloth with a needle; #C C inserts needle through the cloth ; #C C sews the piece of cloth."
    },
    {
        "Video Name": "1af0e207-76b8-4b90-8c58-20719ada0482",
        "Start Frame": 120,
        "End Frame": 240,
        "Caption": "#C C cuts the thread with the scissors.; #C C holds the thread with her left hand.; #C C cuts the thread with the scissors in her right hand.; #C C cuts thread from the piece of cloth with the scissors in her right hand.; #C C cuts the thread in the fabric with the pair of scissors in her right hand"
    },
    {
        "Video Name": "1af0e207-76b8-4b90-8c58-20719ada0482",
        "Start Frame": 240,
        "End Frame": 360,
        "Caption": "#C C picks the needle on the piece of cloth with her right hand; #C C pulls the thread in the needle with her left hand.; #C C touches the needle; #C C passes the needle to her left hand.; #C C looks at the piece of cloth."
    },
    {
        "Video Name": "1af0e207-76b8-4b90-8c58-20719ada0482",
        "Start Frame": 360,
        "End Frame": 480,
        "Caption": "#C C touches the fabric with her right hand.; #C C picks the fabric from the table with her right hand; #C C holds the embroidery with her right hand.; #C C moves the hand on the cloth ; #C C looks at the pattern on the piece of cloth."
    },
    {
        "Video Name": "1af0e207-76b8-4b90-8c58-20719ada0482",
        "Start Frame": 480,
        "End Frame": 600,
        "Caption": "#C C inserts the needle into the piece of cloth; #C C sews flower on the cloth ; #C C stitches on the cloth ; #C C sews cloth with needle and thread; #C C sews the piece of cloth "
    },
    {
        "Video Name": "1af0e207-76b8-4b90-8c58-20719ada0482",
        "Start Frame": 600,
        "End Frame": 720,
        "Caption": "#C C stitches a pattern on the fabric with the needle and thread in her right hand; #C C sews the piece of cloth with the needle and thread in her right hand; #C C stitches the piece of cloth with the needle and thread in her right hand.; #C C stitches the piece of cloth with the needle and thread in her right hand.; #C C sews a piece of cloth "
    },
    {
        "Video Name": "1af0e207-76b8-4b90-8c58-20719ada0482",
        "Start Frame": 720,
        "End Frame": 840,
        "Caption": "#C C sews cloth; #C C sews fabric; #C C sews the piece of cloth with the needle and thread in her right hand; #C C sews the cloth ; #C C stitches on the cloth "
    },
    {
        "Video Name": "1af0e207-76b8-4b90-8c58-20719ada0482",
        "Start Frame": 840,
        "End Frame": 960,
        "Caption": "#C C sews the piece of cloth with the needle and thread in her right hand; #C C sews the piece of cloth with the needle in her right hand.; #C C sews the piece of cloth.; #C C sews cloth; #C C sews the piece of cloth "
    },
    {
        "Video Name": "1af0e207-76b8-4b90-8c58-20719ada0482",
        "Start Frame": 960,
        "End Frame": 1080,
        "Caption": "#C C sews the piece of cloth with the needle and thread in her right hand; #C C stitches a cloth; #C C sews ; #C C sews the clothing; #C C sews the piece of cloth with a needle and thread in her right hand"
    },
    {
        "Video Name": "1af0e207-76b8-4b90-8c58-20719ada0482",
        "Start Frame": 1080,
        "End Frame": 1200,
        "Caption": "#C C sews the piece of cloth with the needle in her right hand; #C C sews the cloth; #C C sews ; #C C stitches a piece of thread on the cloth with both hands.; #C C pulls the needle"
    },
    {
        "Video Name": "1af0e207-76b8-4b90-8c58-20719ada0482",
        "Start Frame": 1200,
        "End Frame": 1320,
        "Caption": "#C C inserts the needle in her right hand into the piece of fabric in her left hand; #C C inserts the needle into the clothing material with her right hand.; #C C sews the piece of cloth with the needle with thread in her right hand.; #C C inserts needle in the clothe; #C C sews the piece of cloth with the needle in her right hand."
    },
    {
        "Video Name": "1af0e207-76b8-4b90-8c58-20719ada0482",
        "Start Frame": 1320,
        "End Frame": 1440,
        "Caption": "#C C stitches on the clothing; #C C sews the cloth ; #C C pulls out the needle from the clothing; #C C stitches the cloth ; #C C sews cloth with needle "
    },
    {
        "Video Name": "1af0e207-76b8-4b90-8c58-20719ada0482",
        "Start Frame": 1440,
        "End Frame": 1560,
        "Caption": "#C C sews cloth ; #C C sews the piece of cloth with the needle and thread in her right hand; #C C sews the piece of cloth with the needle and thread with both hands.; #C C sews cloth ; #C C sews the piece of cloth with the needle"
    },
    {
        "Video Name": "1af0e207-76b8-4b90-8c58-20719ada0482",
        "Start Frame": 1560,
        "End Frame": 1680,
        "Caption": "#C C inserts the needle in her right hand into the needle pad on the table; #C C holds the needle and thread with her right hand.; #C C inserts the needle in the cloth; #C C drops the needle on the fabric with her right hand.; #C C inserts the needle into the piece of cloth with her right hand."
    },
    {
        "Video Name": "1af0e207-76b8-4b90-8c58-20719ada0482",
        "Start Frame": 1680,
        "End Frame": 1800,
        "Caption": "#C C cuts the thread with the pair of scissors in her right hand; #C C cuts the thread; #C C cuts the thread with the scissors.; #C C cuts the thread; #C C cuts the thread "
    },
    {
        "Video Name": "1af0e207-76b8-4b90-8c58-20719ada0482",
        "Start Frame": 1800,
        "End Frame": 1920,
        "Caption": "#C C drops the thread on the table with her left hand; #C C drops the thread on the table with her left hand; #C C picks a thread from the table with her left hand; #C C puts the thread on the table; #C C drops the scissors on the table with her right hand"
    },
    {
        "Video Name": "1af0e207-76b8-4b90-8c58-20719ada0482",
        "Start Frame": 1920,
        "End Frame": 2040,
        "Caption": "#C C looks at the cloth ; #C C stitches the piece of cloth with a needle and thread in her right hand.; #C C touches the fabric with her left hand.; #C C sews the piece of cloth with the needle and thread in her right hand; #C C places her left hand on the napkin."
    },
    {
        "Video Name": "1af0e207-76b8-4b90-8c58-20719ada0482",
        "Start Frame": 2040,
        "End Frame": 2160,
        "Caption": "#C C looks at the pattern; #C C looks at the cloth; #C C looks at the needle; #C C looks at the cloth; #C C looks at the cloth"
    },
    {
        "Video Name": "1af0e207-76b8-4b90-8c58-20719ada0482",
        "Start Frame": 2160,
        "End Frame": 2280,
        "Caption": "#C C sews a pattern on the fabric with the needle in her right hand.; #C C touches the cloth.; #C C touches the cloth ; #C C touches the cloth with her left hand.; #C C places the needle on the piece of cloth on the table with her right hand"
    },
    {
        "Video Name": "1af0e207-76b8-4b90-8c58-20719ada0482",
        "Start Frame": 2280,
        "End Frame": 2400,
        "Caption": "#C C looks at the fabric ; #C C looks at the fabric ; #C C sews the piece of cloth with the needle in her right hand; #C C touches the fabric; #C C looks at the cloth "
    },
    {
        "Video Name": "1af0e207-76b8-4b90-8c58-20719ada0482",
        "Start Frame": 2400,
        "End Frame": 2520,
        "Caption": "#C C sews cloth; #C C sews the cloth ; #C C sews the piece of cloth with the needle in her right hand; #C C sews the cloth; #C C sews cloth with needle "
    },
    {
        "Video Name": "1af0e207-76b8-4b90-8c58-20719ada0482",
        "Start Frame": 2520,
        "End Frame": 2640,
        "Caption": "#C C sews the cloth with the needle ; #C C sews the piece of cloth with the needle and thread in her right hand.; #C C sews the cloth ; #C C embroiders the piece of cloth with the needle and thread in her right hand; #C C sews the clothing "
    },
    {
        "Video Name": "1af0e207-76b8-4b90-8c58-20719ada0482",
        "Start Frame": 2640,
        "End Frame": 2760,
        "Caption": "#C C sews a pattern on the piece of cloth with the needle in her right hand; #C C inserts needle on the clothe; #C C sews the piece of cloth with the needle and thread in her right hand.; #C C sews a piece of cloth; #C C sews a piece of cloth with a needle and thread "
    },
    {
        "Video Name": "1af0e207-76b8-4b90-8c58-20719ada0482",
        "Start Frame": 2760,
        "End Frame": 2880,
        "Caption": "#C C holds the threaded needle with her right hand.; #C C stitches the cloth ; #C C sews cloth ; #C C sews cloth ; #C C sews the piece of cloth with both hands"
    },
    {
        "Video Name": "1af0e207-76b8-4b90-8c58-20719ada0482",
        "Start Frame": 2880,
        "End Frame": 3000,
        "Caption": "#C C sews a piece of thread in the fabric with the needle and thread in her right hand; #C C sews the piece of cloth with a needle; #C C inserts the needle in her right hand into the piece of cloth.; #C C inserts the needle on the piece of cloth ; #C C inserts the needle in the piece of cloth with her right hand."
    },
    {
        "Video Name": "1af0e207-76b8-4b90-8c58-20719ada0482",
        "Start Frame": 3000,
        "End Frame": 3120,
        "Caption": "#C C inserts the needle in the clothe; #C C sews the piece of cloth with the needle and thread in her right hand; #C C sews the cloth ; #C C sews ; #C C sews the piece of cloth with the needle with thread "
    },
    {
        "Video Name": "1af0e207-76b8-4b90-8c58-20719ada0482",
        "Start Frame": 3120,
        "End Frame": 3240,
        "Caption": "#C C puts the thread in the needle; #C C puts the thread into the needle with her right hand.; #C C inserts the needle into the piece of clothe; #C C inserts the thread in the needle ; #C C sews the piece of cloth with the needle and thread in her right hand"
    },
    {
        "Video Name": "1af0e207-76b8-4b90-8c58-20719ada0482",
        "Start Frame": 3240,
        "End Frame": 3360,
        "Caption": "#C C pulls the needle with thread through the clothing; #C C pulls the thread; #C C sews the cloth ; #C C pulls thread; #C C pulls thread"
    },
    {
        "Video Name": "1af0e207-76b8-4b90-8c58-20719ada0482",
        "Start Frame": 3360,
        "End Frame": 3480,
        "Caption": "#C C sews the cloth ; #C C sews ; #C C inserts the needle in the clothe; #C C sews the piece of cloth with the needle and thread in her right hand; #C C sews the cloth"
    },
    {
        "Video Name": "1af0e207-76b8-4b90-8c58-20719ada0482",
        "Start Frame": 3480,
        "End Frame": 3600,
        "Caption": "#C C inserts the needle in the cloth ; #C C sews the piece of cloth with the needle and thread in her right hand; #C C sews the cloth ; #C C inserts the needle in the clothing material with her right hand.; #C C inserts the needle and thread into the piece of cloth with her right hand."
    },
    {
        "Video Name": "1af0e207-76b8-4b90-8c58-20719ada0482",
        "Start Frame": 3600,
        "End Frame": 3720,
        "Caption": "#C C sews the cloth ; #C C sews the piece of cloth in her left hand with the needle in her right hand; #C C inserts the needle on the clothe; #C C inserts the needle in her right hand into the piece of cloth in her left hand.; #C C inserts the needle into the piece of cloth with her right hand."
    },
    {
        "Video Name": "1af0e207-76b8-4b90-8c58-20719ada0482",
        "Start Frame": 3720,
        "End Frame": 3840,
        "Caption": "#C C sews the piece of cloth with the needle and thread in her right hand; #C C sews cloth ; #C C sews the cloth ; #C C sews the clothing ; #C C sews cloth"
    },
    {
        "Video Name": "1af0e207-76b8-4b90-8c58-20719ada0482",
        "Start Frame": 3840,
        "End Frame": 3960,
        "Caption": "#C C cuts the thread with the scissors in her right hand; #C C cuts the thread with the pair of scissors.; #C C cuts the thread with the scissors in her right hand; #C C cuts the thread ; #C C cuts the thread"
    },
    {
        "Video Name": "1af0e207-76b8-4b90-8c58-20719ada0482",
        "Start Frame": 3960,
        "End Frame": 4080,
        "Caption": "#C C cuts the thread with the scissors; #C C cuts the thread.; #C C cuts the thread with the scissors in her right hand; #C C cuts thread; #C C cuts thread with scissors"
    },
    {
        "Video Name": "1af0e207-76b8-4b90-8c58-20719ada0482",
        "Start Frame": 4080,
        "End Frame": 4200,
        "Caption": "#C C places both hands on the fabric; #C C touches the fabric; #C C holds the cloth; #C C holds the cloth ; #C C touches a fabric"
    },
    {
        "Video Name": "1af0e207-76b8-4b90-8c58-20719ada0482",
        "Start Frame": 4200,
        "End Frame": 4320,
        "Caption": "#C C touches a fabric on the table with her right hand; #C C looks at the pattern on the cloth; #C C touches the cloth ; #C C touches the fabric with her right index finger.; #C C counts the holes on the fabric "
    },
    {
        "Video Name": "1af0e207-76b8-4b90-8c58-20719ada0482",
        "Start Frame": 4320,
        "End Frame": 4440,
        "Caption": "#C C picks the thread from the table; #C C pulls the thread with both hands; #C C picks a needle; #C C picks the thread from the table; #C C pulls the thread with both hands"
    },
    {
        "Video Name": "1af0e207-76b8-4b90-8c58-20719ada0482",
        "Start Frame": 4440,
        "End Frame": 4560,
        "Caption": "#C C adjusts the thread with her left hand.; #C C drops the bundle of embroidery thread on the table with her left hand; #C C drops the thread on the table with her left hand.; #C C drops the thread on the table with her left hand.; #C C lifts up the fabric from the table with her left hand."
    },
    {
        "Video Name": "1af0e207-76b8-4b90-8c58-20719ada0482",
        "Start Frame": 4560,
        "End Frame": 4680,
        "Caption": "#C C pulls the thread; #C C ties thread with both hands; #C C holds the thread with both hands; #C C pulls the thread with both hands; #C C puts the thread on the table"
    },
    {
        "Video Name": "1af0e207-76b8-4b90-8c58-20719ada0482",
        "Start Frame": 4680,
        "End Frame": 4800,
        "Caption": "#C C moves a thread on the table with her right hand.; #C C drops the bundle of embroidery floss on the table with her right hand; #C C drops the piece of thread on the table with her right hand.; #C C drops the thread on the table with her left hand.; #C C places the thread on the table with her right hand."
    },
    {
        "Video Name": "1af0e207-76b8-4b90-8c58-20719ada0482",
        "Start Frame": 4800,
        "End Frame": 4920,
        "Caption": "#C C moves the book on the table with her left hand.; #C C moves the paper; #C C puts the paper on the table; #C C moves the paper; #C C adjusts the piece of fabric on the table with her left hand"
    },
    {
        "Video Name": "1af0e207-76b8-4b90-8c58-20719ada0482",
        "Start Frame": 4920,
        "End Frame": 5040,
        "Caption": "#C C moves a paper on the table with her right hand.; #C C moves the piece of cloth; #C C picks up the piece of paper from the table with her left hand; #C C puts the embroidery on the table; #C C lifts the paper "
    },
    {
        "Video Name": "1af0e207-76b8-4b90-8c58-20719ada0482",
        "Start Frame": 5040,
        "End Frame": 5160,
        "Caption": "#C C holds thread ; #C C pulls thread from the bundle of thread with her right hand; #C C holds the thread with both hands.; #C C straightens the yarn; #C C holds the thread with her left hand."
    },
    {
        "Video Name": "1af0e207-76b8-4b90-8c58-20719ada0482",
        "Start Frame": 5160,
        "End Frame": 5280,
        "Caption": "#C C pulls the thread.; #C C rolls thread with hand ; #C C unties thread; #C C straightens the thread with both hands; #C C holds the thread with both hands."
    },
    {
        "Video Name": "1af0e207-76b8-4b90-8c58-20719ada0482",
        "Start Frame": 5280,
        "End Frame": 5400,
        "Caption": "#C C drops the bundle of embroidery threads on the table with her left hand; #C C drops the thread on the table.; #C C drops the thread on the table with her left hand.; #C C passes the thread to her right hand.; #C C drops the thread on the table with her left hand."
    }
]