[
    {
        "Video Name": "1b12faa5-2a04-484d-a323-f75ddc5d88e5",
        "Start Frame": 0,
        "End Frame": 120,
        "Caption": "#C C moves the wood ; #C C places the wood on a wooden structure.; #C C places the plank on the wooden structure with his left hand; #C C places the wood on the wooden structure; #C C puts the piece of wood on the shelf"
    },
    {
        "Video Name": "1b12faa5-2a04-484d-a323-f75ddc5d88e5",
        "Start Frame": 120,
        "End Frame": 240,
        "Caption": "#C C puts the wood on the floor; #C C adjusts the wood on the floor with both hands.; #C C places the plank on the floor with his right hand; #C C touches wood with left hand; #C C sits on the floor."
    },
    {
        "Video Name": "1b12faa5-2a04-484d-a323-f75ddc5d88e5",
        "Start Frame": 240,
        "End Frame": 360,
        "Caption": "#C C carries the wood; #C C carries the wood; #C C takes the wood; #C C picks the wood; #C C picks a wood"
    },
    {
        "Video Name": "1b12faa5-2a04-484d-a323-f75ddc5d88e5",
        "Start Frame": 360,
        "End Frame": 480,
        "Caption": "#C C holds the wood with his left hand; #C C holds the wood with both hands; #C C holds the wood with his right hand; #C C holds the plank with his right hand; #C C holds the wood with his hands."
    },
    {
        "Video Name": "1b12faa5-2a04-484d-a323-f75ddc5d88e5",
        "Start Frame": 480,
        "End Frame": 600,
        "Caption": "#C C picks wood with both hands; #C C puts the wood on the floor; #C C holds the plank with both hands.; #C C carries the plank to the wall with both hands; #C C holds the plank with his right hand."
    },
    {
        "Video Name": "1b12faa5-2a04-484d-a323-f75ddc5d88e5",
        "Start Frame": 600,
        "End Frame": 720,
        "Caption": "#C C lifts the wood ; #C C picks a wood on the table with his right hand.; #C C picks a wood from the bench with his right hand.; #C C picks a plank on the work bench with his right hand.; #C C moves a piece of wood on the table with his right hand"
    },
    {
        "Video Name": "1b12faa5-2a04-484d-a323-f75ddc5d88e5",
        "Start Frame": 720,
        "End Frame": 840,
        "Caption": "#C C moves the piece of wood on the work bench; #C C takes the woods ; #C C holds the wood with both hands.; #C C holds the wood with both hands.; #C C lifts the wood "
    },
    {
        "Video Name": "1b12faa5-2a04-484d-a323-f75ddc5d88e5",
        "Start Frame": 840,
        "End Frame": 960,
        "Caption": "#C C places the wood on the table with both hands.; #C C puts the wood down; #C C puts wood on the table; #C C drops the plank on the wooden structure with both hands; #C C puts the wood on the bench"
    },
    {
        "Video Name": "1b12faa5-2a04-484d-a323-f75ddc5d88e5",
        "Start Frame": 960,
        "End Frame": 1080,
        "Caption": "#C C holds wood with both hands ; #C C holds the wood with both hands; #C C lifts the plank; #C C touches the wood; #C C holds a wood "
    },
    {
        "Video Name": "1b12faa5-2a04-484d-a323-f75ddc5d88e5",
        "Start Frame": 1080,
        "End Frame": 1200,
        "Caption": "#C C picks the wood from the bench with his right hand; #C C puts wood down ; #C C adjusts the plank on the wooden structure with his hands; #C C moves wood with both hands ; #C C drops the plank on a wooden table with both hands"
    },
    {
        "Video Name": "1b12faa5-2a04-484d-a323-f75ddc5d88e5",
        "Start Frame": 1200,
        "End Frame": 1320,
        "Caption": "#C C touches the wood ; #C C walks around the workshop; #C C picks a wood from the wooden structure with his left hand.; #C C places the piece of wood on the wooden frame; #C C picks a piece of wood from the wooden board with his right hand"
    },
    {
        "Video Name": "1b12faa5-2a04-484d-a323-f75ddc5d88e5",
        "Start Frame": 1320,
        "End Frame": 1440,
        "Caption": "#C C adjusts the wood ; #C C adjusts the wood on the bench with his right hand.; #C C fixes the wood on the wooden structure; #C C holds the piece of wood on the bench with his left hand; #C C puts the screw on the wood"
    },
    {
        "Video Name": "1b12faa5-2a04-484d-a323-f75ddc5d88e5",
        "Start Frame": 1440,
        "End Frame": 1560,
        "Caption": "#C C touches the wood on the bench with both hands.; #C C holds the wood with both hands; #C C pushes a wood on the bench with his left hand; #C C moves a plank on the wooden structure with his hands; #C C adjusts the wood with both hands."
    },
    {
        "Video Name": "1b12faa5-2a04-484d-a323-f75ddc5d88e5",
        "Start Frame": 1560,
        "End Frame": 1680,
        "Caption": "#C C places his left hand on the wooden plank.; #C C picks a piece of wood; #C C picks a piece of wood; #C C adjusts the wood with his right hand.; #C C picks a plank from the wooden platform with his right hand"
    },
    {
        "Video Name": "1b12faa5-2a04-484d-a323-f75ddc5d88e5",
        "Start Frame": 1680,
        "End Frame": 1800,
        "Caption": "#C C picks the wood; #C C picks a wood; #C C Adjusts a piece of wood on a wood; #C C adjusts the wooden structure with both hands.; #C C aligns a piece of wood on the wood"
    },
    {
        "Video Name": "1b12faa5-2a04-484d-a323-f75ddc5d88e5",
        "Start Frame": 1800,
        "End Frame": 1920,
        "Caption": "#C C picks a wood from the table with his left hand.; #C C picks the wood from the bench with his left hand.; #C C adjusts the plank on the wooden board with his left hand; #C C takes the wood from the wooden structure with his left hand; #C C holds a wood"
    },
    {
        "Video Name": "1b12faa5-2a04-484d-a323-f75ddc5d88e5",
        "Start Frame": 1920,
        "End Frame": 2040,
        "Caption": "#C C puts the wood down.; #C C looks at the wood ; #C C turns the wood; #C C looks around; #C C adjusts the wood on the wooden"
    },
    {
        "Video Name": "1b12faa5-2a04-484d-a323-f75ddc5d88e5",
        "Start Frame": 2040,
        "End Frame": 2160,
        "Caption": "#C C looks around ; #C C carries a plank with his left hand; #C C examines the plank with both hands.; #C C looks at the wood; #C C looks around the workshop "
    },
    {
        "Video Name": "1b12faa5-2a04-484d-a323-f75ddc5d88e5",
        "Start Frame": 2160,
        "End Frame": 2280,
        "Caption": "#C C places the piece of wood on the ground with both hands; #C C holds wood with both hands ; #C C holds the wood with both hands.; #C C holds the plank with both hands.; #C C holds the plank with both hands."
    },
    {
        "Video Name": "1b12faa5-2a04-484d-a323-f75ddc5d88e5",
        "Start Frame": 2280,
        "End Frame": 2400,
        "Caption": "#C C looks around the workshop ; #C C places the woods on the plank; #C C puts the wood on the floor; #C C holds wood with both hands; #C C moves the wood"
    },
    {
        "Video Name": "1b12faa5-2a04-484d-a323-f75ddc5d88e5",
        "Start Frame": 2400,
        "End Frame": 2520,
        "Caption": "#C C puts the piece of wood on the table.; #C C places the plank on the wooden chair with his left hand; #C C puts the wood on top of the wood.; #C C puts the wood on the shelf ; #C C lifts the piece of wood."
    },
    {
        "Video Name": "1b12faa5-2a04-484d-a323-f75ddc5d88e5",
        "Start Frame": 2520,
        "End Frame": 2640,
        "Caption": "#C C adjusts the piece of wood.; #C C places the wood on the wood on the bench with both hands; #C C adjusts the wood ; #C C removes the piece of wood from the plank with his hands.; #C C fixes the wood on the wood structure"
    },
    {
        "Video Name": "1b12faa5-2a04-484d-a323-f75ddc5d88e5",
        "Start Frame": 2640,
        "End Frame": 2760,
        "Caption": "#C C turns the plank on the wooden structure with his left hand; #C C moves the wood; #C C adjusts the wood on the wooden structure with both hands.; #C C drops the wood on the wooden platform with both hands.; #C C puts the piece of wood on the floor"
    },
    {
        "Video Name": "1b12faa5-2a04-484d-a323-f75ddc5d88e5",
        "Start Frame": 2760,
        "End Frame": 2880,
        "Caption": "#C C places his left hand on the wood; #C C looks around; #C C adjusts the wood on the wooden structure; #C C raises his left hand; #C C raises his left hand."
    },
    {
        "Video Name": "1b12faa5-2a04-484d-a323-f75ddc5d88e5",
        "Start Frame": 2880,
        "End Frame": 3000,
        "Caption": "#C C puts the piece of wood down; #C C looks around; #C C moves the wood on the bench with his left hand.; #C C places his left hand on the wooden plank.; #C C adjusts the wooden plank on the wooden board with his left hand"
    },
    {
        "Video Name": "1b12faa5-2a04-484d-a323-f75ddc5d88e5",
        "Start Frame": 3000,
        "End Frame": 3120,
        "Caption": "#C C adjusts the wood on the plank with his left hand; #C C stares at the wood; #C C touches the wood; #C C stares around.; #C C stares around the room"
    },
    {
        "Video Name": "1b12faa5-2a04-484d-a323-f75ddc5d88e5",
        "Start Frame": 3120,
        "End Frame": 3240,
        "Caption": "#C C touches the timber; #C C touches a wooden plank on a bench with his left hand.; #C C moves the planks on the wooden structure with his left hand; #C C touches the plank with his left hand.; #C C touches the wood"
    },
    {
        "Video Name": "1b12faa5-2a04-484d-a323-f75ddc5d88e5",
        "Start Frame": 3240,
        "End Frame": 3360,
        "Caption": "#C C adjusts the plank with both hands.; #C C fixes the wood together with the wood in his right hand.; #C C adjusts a piece of wood with his right hand.; #C C adjusts the small piece of wood on the wooden structure with his right hand; #C C adjusts the wood on the wooden structure with his right hand."
    },
    {
        "Video Name": "1b12faa5-2a04-484d-a323-f75ddc5d88e5",
        "Start Frame": 3360,
        "End Frame": 3480,
        "Caption": "#C C looks; #C C looks; #C C looks; #C C looks; #C C looks"
    },
    {
        "Video Name": "1b12faa5-2a04-484d-a323-f75ddc5d88e5",
        "Start Frame": 3480,
        "End Frame": 3600,
        "Caption": "#C C picks a clamp from the shelf with his left hand.; #C C drops the hacksaw on a wooden shelf with his left hand; #C C picks a folding ruler from a table with his left hand.; #C C stares at the shelf; #C C picks a sand paper "
    },
    {
        "Video Name": "1b12faa5-2a04-484d-a323-f75ddc5d88e5",
        "Start Frame": 3600,
        "End Frame": 3720,
        "Caption": "#C C holds the F-shaped ruler with both hands; #C C removes his right hand from the clamp.; #C C looks at the ruler; #C C holds the drill bit with his right hand.; #C C holds the level with his left hand."
    },
    {
        "Video Name": "1b12faa5-2a04-484d-a323-f75ddc5d88e5",
        "Start Frame": 3720,
        "End Frame": 3840,
        "Caption": "#C C places clamp on stand ; #C C places clamp on stand ; #C C puts the clamp on the wood; #C C places the clamp on the wood; #C C places the clamp on the table with both hands"
    },
    {
        "Video Name": "1b12faa5-2a04-484d-a323-f75ddc5d88e5",
        "Start Frame": 3840,
        "End Frame": 3960,
        "Caption": "#C C removes a clamp from the wooden structure; #C C holds the clamp with his left hand; #C C touches the clamp on the wooden structure; #C C holds clamp; #C C adjusts a clamp on the wood"
    },
    {
        "Video Name": "1b12faa5-2a04-484d-a323-f75ddc5d88e5",
        "Start Frame": 3960,
        "End Frame": 4080,
        "Caption": "#C C picks a hammer; #C C holds the clamp with his left hand.; #C C drops the hammer on the plank with his left hand.; #C C places the clamp on the woodwork with his left hand; #C C drops the clamp on the wooden structure"
    },
    {
        "Video Name": "1b12faa5-2a04-484d-a323-f75ddc5d88e5",
        "Start Frame": 4080,
        "End Frame": 4200,
        "Caption": "#C C picks the hammer from the wooden structure; #C C holds the wood; #C C holds the wood clamp with both hands.; #C C touches the wood on top of the wood pallet with both hands; #C C holds the wood"
    },
    {
        "Video Name": "1b12faa5-2a04-484d-a323-f75ddc5d88e5",
        "Start Frame": 4200,
        "End Frame": 4320,
        "Caption": "#C C hooks clamp on the wood ; #C C tightens the clamp with his hands.; #C C places a clamp on the wood; #C C removes a clamp from the wood with both hands.; #C C inserts the clamp into the wood with his right hand"
    },
    {
        "Video Name": "1b12faa5-2a04-484d-a323-f75ddc5d88e5",
        "Start Frame": 4320,
        "End Frame": 4440,
        "Caption": "#C C adjusts the bar clamp on the wooden structure; #C C places the wood clamp on the woodwork with his left hand.; #C C adjusts the clamp; #C C hits the bar clamp on the piece of wood with the hammer in his right hand; #C C picks the clamp"
    },
    {
        "Video Name": "1b12faa5-2a04-484d-a323-f75ddc5d88e5",
        "Start Frame": 4440,
        "End Frame": 4560,
        "Caption": "#C C tightens the F-clamp on the wood with his right hand; #C C removes a clamp from the wood with his right hand.; #C C tightens clamp; #C C fixes the clamp on the wood; #C C tightens the clamp on the wood with both hands."
    },
    {
        "Video Name": "1b12faa5-2a04-484d-a323-f75ddc5d88e5",
        "Start Frame": 4560,
        "End Frame": 4680,
        "Caption": "#C C adjusts the clamp on the piece of wood with both hands.; #C C tightens the clamp; #C C fixes the bar clamp on the piece of wood on the bench with both hands; #C C adjusts the clamp on the plank with his right hand.; #C C adjusts the clamp on the wood on the bench with both hands."
    },
    {
        "Video Name": "1b12faa5-2a04-484d-a323-f75ddc5d88e5",
        "Start Frame": 4680,
        "End Frame": 4800,
        "Caption": "#C C adjusts the clamp on the wood with his left hand; #C C adjusts the clamp; #C C fastens the clamp; #C C adjusts the clamp; #C C removes the clamp from the wood"
    },
    {
        "Video Name": "1b12faa5-2a04-484d-a323-f75ddc5d88e5",
        "Start Frame": 4800,
        "End Frame": 4920,
        "Caption": "#C C adjusts the clamp on the piece of wood with his left hand; #C C tightens the clamp; #C C adjusts the clamp on the piece of wood with his left hand; #C C touches the wood clamp; #C C touches the wood "
    },
    {
        "Video Name": "1b12faa5-2a04-484d-a323-f75ddc5d88e5",
        "Start Frame": 4920,
        "End Frame": 5040,
        "Caption": "#C C adjusts the clamp on the wood ; #C C holds the clamp; #C C adjusts the clamp; #C C loosens the clamp from the piece of wood with his left hand; #C C holds the wood "
    },
    {
        "Video Name": "1b12faa5-2a04-484d-a323-f75ddc5d88e5",
        "Start Frame": 5040,
        "End Frame": 5160,
        "Caption": "#C C holds a wood; #C C touches a wood on the bench with his right hand.; #C C holds the plank with both hands.; #C C picks a clamp from the table with his right hand.; #C C picks up a F-shaped clamp from the table with his right hand"
    },
    {
        "Video Name": "1b12faa5-2a04-484d-a323-f75ddc5d88e5",
        "Start Frame": 5160,
        "End Frame": 5280,
        "Caption": "#C C touches wood; #C C looks around the; #C C turns around; #C C looks around; #C C turns around"
    },
    {
        "Video Name": "1b12faa5-2a04-484d-a323-f75ddc5d88e5",
        "Start Frame": 5280,
        "End Frame": 5400,
        "Caption": "#C C looks around the workshop; #C C looks around; #C C looks around ; #C C looks around; #C C stares at the wooden"
    }
]