[
    {
        "Video Name": "1b336a2e-b3cf-4e6e-a733-bd28093ecd13",
        "Start Frame": 0,
        "End Frame": 120,
        "Caption": "#C C paints the; #C C paints the; #C C paints the; #C C paints the; #C C paints the"
    },
    {
        "Video Name": "1b336a2e-b3cf-4e6e-a733-bd28093ecd13",
        "Start Frame": 120,
        "End Frame": 240,
        "Caption": "#C C paints the wall with the brush; #C C paints wall; #C C paints the wall with the paint; #C C paints the wall with the paint; #C C paints the wall"
    },
    {
        "Video Name": "1b336a2e-b3cf-4e6e-a733-bd28093ecd13",
        "Start Frame": 240,
        "End Frame": 360,
        "Caption": "#C C paints the wall with the paint roller in both; #C C paints the wall with the paint roller; #C C paints the wall with a paint roller brush; #C C paints the wall with the paint roller; #C C paints the wall with the paint roller"
    },
    {
        "Video Name": "1b336a2e-b3cf-4e6e-a733-bd28093ecd13",
        "Start Frame": 360,
        "End Frame": 480,
        "Caption": "#C C paints the wall with the paint; #C C paints the wall with the paint; #C C paints the wall; #C C paints wall with the long paint; #C C paints the wall with the paint"
    },
    {
        "Video Name": "1b336a2e-b3cf-4e6e-a733-bd28093ecd13",
        "Start Frame": 480,
        "End Frame": 600,
        "Caption": "#C C paints the wall with a paint roller brush; #C C paints the wall with the roller; #C C paints the wall with the brush in both; #C C paints the wall with the paint roller; #C C paints the wall with the roller"
    },
    {
        "Video Name": "1b336a2e-b3cf-4e6e-a733-bd28093ecd13",
        "Start Frame": 600,
        "End Frame": 720,
        "Caption": "#C C wipes the paint with his hand; #C C touches the cloth on the floor with his right; #C C wipes paint off the wall with his right hand; #C C wipes the paint on the floor; #C C touches the cloth on the floor with his right"
    },
    {
        "Video Name": "1b336a2e-b3cf-4e6e-a733-bd28093ecd13",
        "Start Frame": 720,
        "End Frame": 840,
        "Caption": "#C C paints the wall with the paint; #C C paints the wall with the paint; #C C paints the wall with the roller; #C C paints the wall with the paint; #C C paints the wall"
    },
    {
        "Video Name": "1b336a2e-b3cf-4e6e-a733-bd28093ecd13",
        "Start Frame": 840,
        "End Frame": 960,
        "Caption": "#C C paints the wall; #C C paints the wall with the paint; #C C paints the wall with the paint; #C C paints the wall with the paint; #C C paints the wall with the brush"
    },
    {
        "Video Name": "1b336a2e-b3cf-4e6e-a733-bd28093ecd13",
        "Start Frame": 960,
        "End Frame": 1080,
        "Caption": "#C C continues painting the wall in the room with the paint; #C C moves towards the wall; #C C paints the wall with the paint roller in his hands; #C C paints the wall with the paint roller; #C C paints the wall with the brush"
    },
    {
        "Video Name": "1b336a2e-b3cf-4e6e-a733-bd28093ecd13",
        "Start Frame": 1080,
        "End Frame": 1200,
        "Caption": "#C C dips the paint roller into a paint bucket; #C C dips the paint roller in the paint; #C C dips the roller paint brush inside the paint bucket; #C C dips the paint roller in the paint bucket.; #C C dips the paint roller into a paint container on the"
    },
    {
        "Video Name": "1b336a2e-b3cf-4e6e-a733-bd28093ecd13",
        "Start Frame": 1200,
        "End Frame": 1320,
        "Caption": "#C C drops the paint roller in the paint tray; #C C stops painting; #C C dips the roller into the paint container; #C C rolls the paint roller on the paint bucket; #C C dips the paint roller into a paint bucket"
    },
    {
        "Video Name": "1b336a2e-b3cf-4e6e-a733-bd28093ecd13",
        "Start Frame": 1320,
        "End Frame": 1440,
        "Caption": "#C C paints the wall with the paint roller; #C C paints the wall with a paint roller; #C C paints the wall with the brush in both; #C C paints the wall with the paint roller; #C C paints the wall"
    },
    {
        "Video Name": "1b336a2e-b3cf-4e6e-a733-bd28093ecd13",
        "Start Frame": 1440,
        "End Frame": 1560,
        "Caption": "#C C paints the wall with the paint roller; #C C paints the wall with the paint roller in his; #C C paints the wall with the paint roller; #C C paints the wall; #C C paints the wall with the paint roller in his"
    },
    {
        "Video Name": "1b336a2e-b3cf-4e6e-a733-bd28093ecd13",
        "Start Frame": 1560,
        "End Frame": 1680,
        "Caption": "#C C paints the wall; #C C paints the wall with the paint roller; #C C paints the wall; #C C paints the wall with the paint roller; #C C paints the wall with the brush in his right"
    },
    {
        "Video Name": "1b336a2e-b3cf-4e6e-a733-bd28093ecd13",
        "Start Frame": 1680,
        "End Frame": 1800,
        "Caption": "#C C paints the wall with the roller; #C C paints the wall with the brush; #C C paints the wall; #C C paints the wall with the paint; #C C paints the wall"
    },
    {
        "Video Name": "1b336a2e-b3cf-4e6e-a733-bd28093ecd13",
        "Start Frame": 1800,
        "End Frame": 1920,
        "Caption": "#C C paints the wall with the paint roller; #C C paints the wall; #C C paints the wall with the paint roller in his; #C C paints the wall with the brush in both hands; #C C paints the wall"
    },
    {
        "Video Name": "1b336a2e-b3cf-4e6e-a733-bd28093ecd13",
        "Start Frame": 1920,
        "End Frame": 2040,
        "Caption": "#C C paints the wall with the paint roller; #C C lifts the paint roller brush from the wall; #C C paints the wall with the paint roller; #C C paints the wall with the paint roller in his hands; #C C paints the wall with the paint roller in his right"
    },
    {
        "Video Name": "1b336a2e-b3cf-4e6e-a733-bd28093ecd13",
        "Start Frame": 2040,
        "End Frame": 2160,
        "Caption": "#C C paints the wall with the roller; #C C paints the wall with the roller brush; #C C paints the wall with the paint roller; #C C paints the wall with the paint roller in both; #C C paints the wall with the paint roller in both"
    },
    {
        "Video Name": "1b336a2e-b3cf-4e6e-a733-bd28093ecd13",
        "Start Frame": 2160,
        "End Frame": 2280,
        "Caption": "#C C paints the wall; #C C paints the wall; #C C paints the wall with the paint roller; #C C paints the wall with the paint roller in his; #C C paints the wall with the paint roller"
    },
    {
        "Video Name": "1b336a2e-b3cf-4e6e-a733-bd28093ecd13",
        "Start Frame": 2280,
        "End Frame": 2400,
        "Caption": "#C C paints the wall with the paint roller; #C C paints the wall; #C C paints the wall with the paint roller; #C C paints the wall with the paint roller in his; #C C paints the wall"
    },
    {
        "Video Name": "1b336a2e-b3cf-4e6e-a733-bd28093ecd13",
        "Start Frame": 2400,
        "End Frame": 2520,
        "Caption": "#C C paints the wall with the paint roller; #C C paints the wall with the paint roller; #C C paints the wall with the paint roller; #C C paints the wall with the paint roller; #C C paints the wall with the paint roller"
    },
    {
        "Video Name": "1b336a2e-b3cf-4e6e-a733-bd28093ecd13",
        "Start Frame": 2520,
        "End Frame": 2640,
        "Caption": "#C C moves to the right; #C C stops painting the wall; #C C stops painting; #C C paints the wall with the paint roller; #C C stops painting the wall with the paint roller"
    },
    {
        "Video Name": "1b336a2e-b3cf-4e6e-a733-bd28093ecd13",
        "Start Frame": 2640,
        "End Frame": 2760,
        "Caption": "#C C puts the roller brush in the paint bucket; #C C drops the paint roller in the paint bucket with his right; #C C places the roller on top of the paint container; #C C puts the paint roller on the floor; #C C puts the paint roller in the bucket"
    },
    {
        "Video Name": "1b336a2e-b3cf-4e6e-a733-bd28093ecd13",
        "Start Frame": 2760,
        "End Frame": 2880,
        "Caption": "#C C picks up the paint container from the floor with his left; #C C picks the paint can on the floor; #C C picks up the paint container; #C C bends down ; #C C picks the paint can"
    },
    {
        "Video Name": "1b336a2e-b3cf-4e6e-a733-bd28093ecd13",
        "Start Frame": 2880,
        "End Frame": 3000,
        "Caption": "#C C dips the paint brush into the paint; #C C walks to his right; #C C steps forward.; #C C walks towards the bucket of paint; #C C walks forward"
    },
    {
        "Video Name": "1b336a2e-b3cf-4e6e-a733-bd28093ecd13",
        "Start Frame": 3000,
        "End Frame": 3120,
        "Caption": "#C C paints the wall; #C C paints the wall; #C C paints the wall; #C C paints the wall with a paint; #C C paints the wall with the paint"
    },
    {
        "Video Name": "1b336a2e-b3cf-4e6e-a733-bd28093ecd13",
        "Start Frame": 3120,
        "End Frame": 3240,
        "Caption": "#C C paints the wall with the paint brush; #C C paints the wall; #C C paints the wall; #C C paints the wall; #C C paints the wall with the paint brush"
    },
    {
        "Video Name": "1b336a2e-b3cf-4e6e-a733-bd28093ecd13",
        "Start Frame": 3240,
        "End Frame": 3360,
        "Caption": "#C C dips the brush in his right hand into the paint bucket in his left; #C C dips the brush in his right hand into the paint container in his left; #C C bends down to the ground; #C C dips the brush in his right hand into the paint container in his left; #C C dips the brush in his right hand into the paint bucket in his left"
    },
    {
        "Video Name": "1b336a2e-b3cf-4e6e-a733-bd28093ecd13",
        "Start Frame": 3360,
        "End Frame": 3480,
        "Caption": "#C C paints the wall; #C C paints the wall with a brush; #C C paints the wall with a paint; #C C paints the wall with the paint; #C C paints the wall with the paint"
    },
    {
        "Video Name": "1b336a2e-b3cf-4e6e-a733-bd28093ecd13",
        "Start Frame": 3480,
        "End Frame": 3600,
        "Caption": "#C C dips the paint brush into the paint bucket again; #C C dips the paint brush into the paint bucket.; #C C paints the wall with a paint brush; #C C  dips the paint brush into the paint can; #C C dips the paint brush in the paint bucket "
    },
    {
        "Video Name": "1b336a2e-b3cf-4e6e-a733-bd28093ecd13",
        "Start Frame": 3600,
        "End Frame": 3720,
        "Caption": "#C C paints the wall.; #C C paints the wall.; #C C paints the wall with the paint; #C C paints the wall with the paint; #C C paints the wall with a paint"
    },
    {
        "Video Name": "1b336a2e-b3cf-4e6e-a733-bd28093ecd13",
        "Start Frame": 3720,
        "End Frame": 3840,
        "Caption": "#C C paints the wall ; #C C paints the wall; #C C paints the wall; #C C paints the wall with the paint; #C C paints the wall with the paint"
    },
    {
        "Video Name": "1b336a2e-b3cf-4e6e-a733-bd28093ecd13",
        "Start Frame": 3840,
        "End Frame": 3960,
        "Caption": "#C C paints the wall; #C C paints the wall with a paint brush; #C C paints the wall with the paint brush; #C C paints the wall; #C C paints the wall"
    },
    {
        "Video Name": "1b336a2e-b3cf-4e6e-a733-bd28093ecd13",
        "Start Frame": 3960,
        "End Frame": 4080,
        "Caption": "#C C paints the wall; #C C continues to paint the wall.; #C C paints the wall; #C C paints the wall with the paint; #C C paints the wall with the paint"
    },
    {
        "Video Name": "1b336a2e-b3cf-4e6e-a733-bd28093ecd13",
        "Start Frame": 4080,
        "End Frame": 4200,
        "Caption": "#C C paints the wall.; #C C paints the wall with a paint; #C C paints the wall with the paint; #C C paints the wall with the paint; #C C paints the wall with a paint"
    },
    {
        "Video Name": "1b336a2e-b3cf-4e6e-a733-bd28093ecd13",
        "Start Frame": 4200,
        "End Frame": 4320,
        "Caption": "#C C paints the wall ; #C C paints the wall with the paint brush; #C C paints the wall; #C C paints the wall with the paint brush; #C C paints the wall with a paint brush"
    },
    {
        "Video Name": "1b336a2e-b3cf-4e6e-a733-bd28093ecd13",
        "Start Frame": 4320,
        "End Frame": 4440,
        "Caption": "#C C paints the wall with a paint brush; #C C paints the wall.; #C C paints the wall.; #C C paints the wall with the brush; #C C paints the wall with the paint brush"
    },
    {
        "Video Name": "1b336a2e-b3cf-4e6e-a733-bd28093ecd13",
        "Start Frame": 4440,
        "End Frame": 4560,
        "Caption": "#C C paints the wall; #C C paints the wall; #C C paints the wall; #C C paints the wall; #C C paints the wall with the paint"
    },
    {
        "Video Name": "1b336a2e-b3cf-4e6e-a733-bd28093ecd13",
        "Start Frame": 4560,
        "End Frame": 4680,
        "Caption": "#C C paints the wall; #C C paints the wall.; #C C paints the wall with the paint brush; #C  C paints the wall with the paint brush.; #C C paints the wall with the paint brush "
    },
    {
        "Video Name": "1b336a2e-b3cf-4e6e-a733-bd28093ecd13",
        "Start Frame": 4680,
        "End Frame": 4800,
        "Caption": "#C C paints the wall with the paint brush; #C C paints the wall with a paint brush; #C C paints the wall with a paint brush; #C C dips the paint brush in the paint; #C C dips the paint brush in the paint"
    },
    {
        "Video Name": "1b336a2e-b3cf-4e6e-a733-bd28093ecd13",
        "Start Frame": 4800,
        "End Frame": 4920,
        "Caption": "#C C paints the wall.; #C C paints the wall with the paint brush.; #C  C paints the wall with the paint brush.; #C C paints the wall with a paint brush; #C C paints the wall."
    },
    {
        "Video Name": "1b336a2e-b3cf-4e6e-a733-bd28093ecd13",
        "Start Frame": 4920,
        "End Frame": 5040,
        "Caption": "#C C paints the wall with the paint brush; #C C paints the wall with a paint brush; #C C paints the wall with the paint brush; #C C paints the wall with a paint brush; #C C paints the wall with a paintbrush"
    },
    {
        "Video Name": "1b336a2e-b3cf-4e6e-a733-bd28093ecd13",
        "Start Frame": 5040,
        "End Frame": 5160,
        "Caption": "#C C paints the wall with the paint brush; #C C paints the wall.; #C C paints the wall of the room with the paint; #C C paints the wall; #C C paints the wall"
    },
    {
        "Video Name": "1b336a2e-b3cf-4e6e-a733-bd28093ecd13",
        "Start Frame": 5160,
        "End Frame": 5280,
        "Caption": "#C C dips the paint brush into the paint bucket; #C C dips the paint brush into the paint bucket; #C C  dips the paint brush into the paint bucket ; #C C dips the paint brush into the paint bucket ; #C C dips the paint brush in the paint"
    },
    {
        "Video Name": "1b336a2e-b3cf-4e6e-a733-bd28093ecd13",
        "Start Frame": 5280,
        "End Frame": 5400,
        "Caption": "#C C paints the wall.; #C C paints the wall; #C C paints the wall of the room with the paint; #C C paints the wall with the paint brush; #C C paints the wall with a paint brush"
    }
]