[
    {
        "Video Name": "1b497756-b004-4cfe-8203-d1b8edd3b472",
        "Start Frame": 0,
        "End Frame": 120,
        "Caption": "#C C puts on the water tap; #C C picks a pipe; #C C removes the pipe from the bucket; #C C touches the hose pipe; #C C picks a water can"
    },
    {
        "Video Name": "1b497756-b004-4cfe-8203-d1b8edd3b472",
        "Start Frame": 120,
        "End Frame": 240,
        "Caption": "#C C walks around ; #C C walks around; #C C walks ; #C C walks to the; #C C walks around the"
    },
    {
        "Video Name": "1b497756-b004-4cfe-8203-d1b8edd3b472",
        "Start Frame": 240,
        "End Frame": 360,
        "Caption": "#C C walks along the garden; #C C walks around the compound; #C C walks around the compound; #C C walks on the garden; #C C walks to the garden"
    },
    {
        "Video Name": "1b497756-b004-4cfe-8203-d1b8edd3b472",
        "Start Frame": 360,
        "End Frame": 480,
        "Caption": "#C C walks in the garden; #C C walks on the lawn; #C C walks around ; #C C walks on the grass; # C C walks"
    },
    {
        "Video Name": "1b497756-b004-4cfe-8203-d1b8edd3b472",
        "Start Frame": 480,
        "End Frame": 600,
        "Caption": "#C C walks around ; #C C walks around; #C C walks on the grass; #C C walks in the garden; #C C walks on the grass"
    },
    {
        "Video Name": "1b497756-b004-4cfe-8203-d1b8edd3b472",
        "Start Frame": 600,
        "End Frame": 720,
        "Caption": "#C C pumps the fertilizer into the soil; #C C waters the plants; #C C waters the plants; #C C holds the bucket with both hands; #C C fetches water with the bucket"
    },
    {
        "Video Name": "1b497756-b004-4cfe-8203-d1b8edd3b472",
        "Start Frame": 720,
        "End Frame": 840,
        "Caption": "#C C waters the plants; #C C waters the plant; #C C waters the plants; #C C waters the plants; #C C waters the plants"
    },
    {
        "Video Name": "1b497756-b004-4cfe-8203-d1b8edd3b472",
        "Start Frame": 840,
        "End Frame": 960,
        "Caption": "#C C waters the plants; #C C waters the flowers; #C C waters the flowers; #C C waters the flower; #C C waters the plants"
    },
    {
        "Video Name": "1b497756-b004-4cfe-8203-d1b8edd3b472",
        "Start Frame": 960,
        "End Frame": 1080,
        "Caption": "#C C waters plants; #C C waters the plants; #C C waters plants; #C C waters plants; #C C waters the flowers"
    },
    {
        "Video Name": "1b497756-b004-4cfe-8203-d1b8edd3b472",
        "Start Frame": 1080,
        "End Frame": 1200,
        "Caption": "#C C waters plants; #C C waters the flowers; #C C waters plants ; #C C waters the flower; #C C waters the flowers"
    },
    {
        "Video Name": "1b497756-b004-4cfe-8203-d1b8edd3b472",
        "Start Frame": 1200,
        "End Frame": 1320,
        "Caption": "#C C waters the flowers; #C C waters the plants; #C C waters the flowers; #C C waters the plants with a hose; #C C waters the plants"
    },
    {
        "Video Name": "1b497756-b004-4cfe-8203-d1b8edd3b472",
        "Start Frame": 1320,
        "End Frame": 1440,
        "Caption": "#C C stops walking ; #C C waters the flowers; #C C waters plants; #C C waters the plants; #C C waters the flowers with water in the"
    },
    {
        "Video Name": "1b497756-b004-4cfe-8203-d1b8edd3b472",
        "Start Frame": 1440,
        "End Frame": 1560,
        "Caption": "#C C walks around the flower; #C C walks around the flower; #C C walks ahead; #C C walks around; #C C walks around the compound"
    },
    {
        "Video Name": "1b497756-b004-4cfe-8203-d1b8edd3b472",
        "Start Frame": 1560,
        "End Frame": 1680,
        "Caption": "#C C walks around the; #C C walks around the; #C C walks around the; #C C walks around; #C C walks in the"
    },
    {
        "Video Name": "1b497756-b004-4cfe-8203-d1b8edd3b472",
        "Start Frame": 1680,
        "End Frame": 1800,
        "Caption": "#C C walks around the garden; #C C walks on the grass; #C C walks around; #C C walks on the grass; #C C walks with the watering"
    },
    {
        "Video Name": "1b497756-b004-4cfe-8203-d1b8edd3b472",
        "Start Frame": 1800,
        "End Frame": 1920,
        "Caption": "#C C walks around the; #C C walks around; #c c walks around; #C C walks in the; #C C walks towards the"
    },
    {
        "Video Name": "1b497756-b004-4cfe-8203-d1b8edd3b472",
        "Start Frame": 1920,
        "End Frame": 2040,
        "Caption": "#C C walks around the compound; #C C walks around the compound; #C C walks around. ; #C C walks around; #C C walks in the garden"
    },
    {
        "Video Name": "1b497756-b004-4cfe-8203-d1b8edd3b472",
        "Start Frame": 2040,
        "End Frame": 2160,
        "Caption": "#C C puts the jerrycan on the; #C C puts the container on the wall; #C C puts the sprayer on the wall; #C C drops the container; #C C puts the bucket on the window"
    },
    {
        "Video Name": "1b497756-b004-4cfe-8203-d1b8edd3b472",
        "Start Frame": 2160,
        "End Frame": 2280,
        "Caption": "#C C scoops the container's contents; #C C scoops more paint from the container; #C C scoops the paint from the container; #C C stirs the content in the container; #C C scoops paint from the container."
    },
    {
        "Video Name": "1b497756-b004-4cfe-8203-d1b8edd3b472",
        "Start Frame": 2280,
        "End Frame": 2400,
        "Caption": "#C C scoops the oil with a spoon; #C C adds the paint in the can.; #C C scoops water from the container.; #C C pours the varnish on the paint brush; #C C scoops the substance in the tin"
    },
    {
        "Video Name": "1b497756-b004-4cfe-8203-d1b8edd3b472",
        "Start Frame": 2400,
        "End Frame": 2520,
        "Caption": "#C C scoops the fluid from the tin. ; #C C holds the container; #C C scoops the paint from the bucket; #C C scoops a liquid from the container with a; #C C opens the container"
    },
    {
        "Video Name": "1b497756-b004-4cfe-8203-d1b8edd3b472",
        "Start Frame": 2520,
        "End Frame": 2640,
        "Caption": "#C C closes the pipe.; #C C opens the pipe.; #C C opens a pipe.; #C C opens the pipe; #C C connects the pipe to the nozzle."
    },
    {
        "Video Name": "1b497756-b004-4cfe-8203-d1b8edd3b472",
        "Start Frame": 2640,
        "End Frame": 2760,
        "Caption": "#C C puts some water in the sprayer; #C C opens the pipe ; #C C puts the hose pipe in the bucket; #C C puts the sprayer on the hose; #C C pours the liquid in the pipe"
    },
    {
        "Video Name": "1b497756-b004-4cfe-8203-d1b8edd3b472",
        "Start Frame": 2760,
        "End Frame": 2880,
        "Caption": "#C C places the hosepipe on the other side of the hose; #C C puts sprayer on the pipe; #C C puts the sprayer on the pipe; #C C puts the sprayer on the hose pipe.; #C C puts sprayer pump in the bucket"
    },
    {
        "Video Name": "1b497756-b004-4cfe-8203-d1b8edd3b472",
        "Start Frame": 2880,
        "End Frame": 3000,
        "Caption": "#C C puts the hose in the bucket; #C C pours the water in the other jerrycan; #C C opens the hosepipe.; #C C hangs the hose pipe on a water tap.; #C C puts the bucket on the wall."
    },
    {
        "Video Name": "1b497756-b004-4cfe-8203-d1b8edd3b472",
        "Start Frame": 3000,
        "End Frame": 3120,
        "Caption": "#C C takes pipe ; #C C touches a pipe ; #C C connects hose pipe to the hose pipe on the; #C C takes hose pipe.; #C C removes the pipe from the hose."
    },
    {
        "Video Name": "1b497756-b004-4cfe-8203-d1b8edd3b472",
        "Start Frame": 3120,
        "End Frame": 3240,
        "Caption": "#C C looks around; #C C puts hose pipe on the tiled; #C C puts the pipe on the surface ; #C C hangs the hose pipe on the pipe; #C C connects the pipe to the hose."
    },
    {
        "Video Name": "1b497756-b004-4cfe-8203-d1b8edd3b472",
        "Start Frame": 3240,
        "End Frame": 3360,
        "Caption": "#C C puts the pipe in the garden hose; #C C puts the pipe on the flower pot; #C C puts pipe in the pipe; #C C puts the pipe on the wall; #C C puts the pipe down."
    },
    {
        "Video Name": "1b497756-b004-4cfe-8203-d1b8edd3b472",
        "Start Frame": 3360,
        "End Frame": 3480,
        "Caption": "#C C waters the flower; #C C holds pipe; #C C waters the flower; #C C fixes the pipe to the; #C C fixes the pipe on the"
    },
    {
        "Video Name": "1b497756-b004-4cfe-8203-d1b8edd3b472",
        "Start Frame": 3480,
        "End Frame": 3600,
        "Caption": "#C C puts the pipe in the pot.; #C C presses the button on the hose pipe; #C C fixes the pipe ; #C C fills the hose with water; #C C connects the pipe to another hose"
    },
    {
        "Video Name": "1b497756-b004-4cfe-8203-d1b8edd3b472",
        "Start Frame": 3600,
        "End Frame": 3720,
        "Caption": "#C C connects the pipe  to the; #C C puts water in the pipe; #C C puts water in the pipe ; #C C puts water in the pipe.; #C C pours water into the pipe"
    },
    {
        "Video Name": "1b497756-b004-4cfe-8203-d1b8edd3b472",
        "Start Frame": 3720,
        "End Frame": 3840,
        "Caption": "#C C picks the pipe from the; #C C puts pipe on the wall; #C C hangs the pipe on the; #C C puts the pipe on the; #C C puts pipe on the window"
    },
    {
        "Video Name": "1b497756-b004-4cfe-8203-d1b8edd3b472",
        "Start Frame": 3840,
        "End Frame": 3960,
        "Caption": "#C C walks around; #C C walks around.; #C C walks on the ground; #C C walks to a garden; #C C walks around"
    },
    {
        "Video Name": "1b497756-b004-4cfe-8203-d1b8edd3b472",
        "Start Frame": 3960,
        "End Frame": 4080,
        "Caption": "#C C walks around; #C C walks around the; #C C walks around; #C C walks around; #C C walks around"
    },
    {
        "Video Name": "1b497756-b004-4cfe-8203-d1b8edd3b472",
        "Start Frame": 4080,
        "End Frame": 4200,
        "Caption": "#C C waters the flower; #C C pours water in the flower; #C C waters the plants; #C C waters the flowers; #C C waters the plants"
    },
    {
        "Video Name": "1b497756-b004-4cfe-8203-d1b8edd3b472",
        "Start Frame": 4200,
        "End Frame": 4320,
        "Caption": "#C C waters the plants; #C C waters the plants; #C C pours water from the water jug; #C C waters the flower; #C C waters the plants"
    },
    {
        "Video Name": "1b497756-b004-4cfe-8203-d1b8edd3b472",
        "Start Frame": 4320,
        "End Frame": 4440,
        "Caption": "#C C pours water on the plant; #C C pours water into the flower pot ; #C C pours water from the jug into the flower; #C C pours water on the plants; #C C pours water in the flower pot "
    },
    {
        "Video Name": "1b497756-b004-4cfe-8203-d1b8edd3b472",
        "Start Frame": 4440,
        "End Frame": 4560,
        "Caption": "#C C walks around the compound; #C C walks around; #C C walks around; #C C walks around the compound; #C C walks around the compound"
    },
    {
        "Video Name": "1b497756-b004-4cfe-8203-d1b8edd3b472",
        "Start Frame": 4560,
        "End Frame": 4680,
        "Caption": "#C C pours water in the flower pot; #C C pours water into the flower pot; #C C waters the plants; #C C pours the water in the flower; #C C pours the water in the flower"
    },
    {
        "Video Name": "1b497756-b004-4cfe-8203-d1b8edd3b472",
        "Start Frame": 4680,
        "End Frame": 4800,
        "Caption": "#C C pours water in the flower pot; #C C pours water on the flower pot; #C C pours water on the flower pot; #C C pours water in the flower pot; #C C puts the soil in the flower pot"
    },
    {
        "Video Name": "1b497756-b004-4cfe-8203-d1b8edd3b472",
        "Start Frame": 4800,
        "End Frame": 4920,
        "Caption": "#C C looks at the flower pot; #C C walks on the pavement; #C C waters the flowers in the flower pot; #C C pours the manure in the bucket; #C C pours the leaves into the flower"
    },
    {
        "Video Name": "1b497756-b004-4cfe-8203-d1b8edd3b472",
        "Start Frame": 4920,
        "End Frame": 5040,
        "Caption": "#C C holds the tree.; #C C leans on a tree.; #C C bends down ; #C C pours the dirt in the spade on the; #C C bends downwards."
    },
    {
        "Video Name": "1b497756-b004-4cfe-8203-d1b8edd3b472",
        "Start Frame": 5040,
        "End Frame": 5160,
        "Caption": "#C C holds the bucket with both hands; #C C removes a plant from the bucket; #C C puts the lid on the bucket; #C C hangs the bucket on the rack; #C C hangs the bucket on a pole"
    },
    {
        "Video Name": "1b497756-b004-4cfe-8203-d1b8edd3b472",
        "Start Frame": 5160,
        "End Frame": 5280,
        "Caption": "#C C moves the pipe.; #C C pours water from the bucket.; #C C pours water in the garden; #C C pours water in the flower pot; #C C pours water in the flower pot"
    },
    {
        "Video Name": "1b497756-b004-4cfe-8203-d1b8edd3b472",
        "Start Frame": 5280,
        "End Frame": 5400,
        "Caption": "#C C walks around; #C C holds leaf rake; #C C walks around; #C C walks around ; #C C walks around"
    }
]