[
    {
        "Video Name": "1b6f8cd2-1624-4169-b3c8-ac25afb3fced",
        "Start Frame": 0,
        "End Frame": 120,
        "Caption": "#C C stirs the porridge with the; #C C stirs the milk; #C C stirs the milk; #C C stirs the milk; #C C stirs tea"
    },
    {
        "Video Name": "1b6f8cd2-1624-4169-b3c8-ac25afb3fced",
        "Start Frame": 120,
        "End Frame": 240,
        "Caption": "#C C holds the can; #C C picks the spoon from the; #C C talks to person W; #C C holds the spoon; #C C holds the spoon"
    },
    {
        "Video Name": "1b6f8cd2-1624-4169-b3c8-ac25afb3fced",
        "Start Frame": 240,
        "End Frame": 360,
        "Caption": "#C C stares at the milk can; #C C pours milk in the; #C C turns the milk can; #C C opens the milk can ; #C C holds the tin"
    },
    {
        "Video Name": "1b6f8cd2-1624-4169-b3c8-ac25afb3fced",
        "Start Frame": 360,
        "End Frame": 480,
        "Caption": "#C C stirs the milk with the; #C C stirs the milk; #C C stirs the milk ; #C C stirs the milk ; #C C stirs the milk"
    },
    {
        "Video Name": "1b6f8cd2-1624-4169-b3c8-ac25afb3fced",
        "Start Frame": 480,
        "End Frame": 600,
        "Caption": "#C C stirs the; #C C stirs the; #C C stirs the; #C C stirs the; #C C stirs the"
    },
    {
        "Video Name": "1b6f8cd2-1624-4169-b3c8-ac25afb3fced",
        "Start Frame": 600,
        "End Frame": 720,
        "Caption": "#C C stirs the milk; #C C stirs the milk; #C C stirs the milk; #C C stirs the milk; #C C stirs the milk"
    },
    {
        "Video Name": "1b6f8cd2-1624-4169-b3c8-ac25afb3fced",
        "Start Frame": 720,
        "End Frame": 840,
        "Caption": "#C C stirs the milk; #C C stirs the milk; #C C stirs the milk with the cooking; #C C stirs the milk ; #C C stirs the milk"
    },
    {
        "Video Name": "1b6f8cd2-1624-4169-b3c8-ac25afb3fced",
        "Start Frame": 840,
        "End Frame": 960,
        "Caption": "#C C stirs the milk; #C C stirs the milk; #C C stirs the milk; #C C talks to person W; #C C stirs the milk"
    },
    {
        "Video Name": "1b6f8cd2-1624-4169-b3c8-ac25afb3fced",
        "Start Frame": 960,
        "End Frame": 1080,
        "Caption": "#C C places the can on the cooker; #C C picks the spoon from the cooking; #C C talks to person W; #C C stares around; #C C talks to person W"
    },
    {
        "Video Name": "1b6f8cd2-1624-4169-b3c8-ac25afb3fced",
        "Start Frame": 1080,
        "End Frame": 1200,
        "Caption": "#C C stirs the milk ; #C C touches the gas cooker; #C C adjusts the knob of the gas; #C C puts the can on the gas; #C C puts the spoon down"
    },
    {
        "Video Name": "1b6f8cd2-1624-4169-b3c8-ac25afb3fced",
        "Start Frame": 1200,
        "End Frame": 1320,
        "Caption": "#C C stirs tea; #C C stirs the milk ; #C C stirs the milk; #C C stirs the milk; #C C stirs the food with the cooking"
    },
    {
        "Video Name": "1b6f8cd2-1624-4169-b3c8-ac25afb3fced",
        "Start Frame": 1320,
        "End Frame": 1440,
        "Caption": "#C C stirs the milk; #C C stirs the milk; #C C stirs the milk; #C C talks to person W; #C C stirs the milk"
    },
    {
        "Video Name": "1b6f8cd2-1624-4169-b3c8-ac25afb3fced",
        "Start Frame": 1440,
        "End Frame": 1560,
        "Caption": "#C C stirs the milk; #C C stirs the milk; #C C stirs the milk; #C C stirs the milk; #C C stirs the milk"
    },
    {
        "Video Name": "1b6f8cd2-1624-4169-b3c8-ac25afb3fced",
        "Start Frame": 1560,
        "End Frame": 1680,
        "Caption": "#C C stirs the milk; #C C stirs the milk; #C C stirs the milk; #C C stirs the milk; #C C stirs the milk"
    },
    {
        "Video Name": "1b6f8cd2-1624-4169-b3c8-ac25afb3fced",
        "Start Frame": 1680,
        "End Frame": 1800,
        "Caption": "#C C picks the spoon; #C C picks the cooking spoon; #C C stirs the soup; #C C stirs the milk; #C C pours food into the cooking"
    },
    {
        "Video Name": "1b6f8cd2-1624-4169-b3c8-ac25afb3fced",
        "Start Frame": 1800,
        "End Frame": 1920,
        "Caption": "#C C stirs the milk; #C C stirs the milk; #C C stirs the milk; #C C stirs the milk; #C C talks to person X"
    },
    {
        "Video Name": "1b6f8cd2-1624-4169-b3c8-ac25afb3fced",
        "Start Frame": 1920,
        "End Frame": 2040,
        "Caption": "#C C stirs food with a spoon; #C C stirs porridge with a; #C C stirs porridge with a; #C C stirs the milk ; #C C talks to person X"
    },
    {
        "Video Name": "1b6f8cd2-1624-4169-b3c8-ac25afb3fced",
        "Start Frame": 2040,
        "End Frame": 2160,
        "Caption": "#C C stirs the milk ; #C C stirs the milk ; #C C stirs the milk with the right; #C C talks to person W; #C C stirs the milk "
    },
    {
        "Video Name": "1b6f8cd2-1624-4169-b3c8-ac25afb3fced",
        "Start Frame": 2160,
        "End Frame": 2280,
        "Caption": "#C C stirs the milk with the cooking; #C C stirs the food; #C C talks to person W; #C C talks to person Y ; #C C talks to person W"
    },
    {
        "Video Name": "1b6f8cd2-1624-4169-b3c8-ac25afb3fced",
        "Start Frame": 2280,
        "End Frame": 2400,
        "Caption": "#C C picks a spoon ; #C C looks around ; #C C puts down the spoon; #C C looks around; #C C picks a spoon from the cooking"
    },
    {
        "Video Name": "1b6f8cd2-1624-4169-b3c8-ac25afb3fced",
        "Start Frame": 2400,
        "End Frame": 2520,
        "Caption": "#C C stirs the milk ; #C C stirs the food with the cooking; #C C stirs the soup ; #C C stirs the milk; #C C stirs the milk "
    },
    {
        "Video Name": "1b6f8cd2-1624-4169-b3c8-ac25afb3fced",
        "Start Frame": 2520,
        "End Frame": 2640,
        "Caption": "#C C stirs the milk; #C C stirs the milk ; #C C stirs the food with the cooking; #C C stirs the milk; #C C stirs the milk "
    },
    {
        "Video Name": "1b6f8cd2-1624-4169-b3c8-ac25afb3fced",
        "Start Frame": 2640,
        "End Frame": 2760,
        "Caption": "#C C stirs the milk; #C C stirs the milk; #C C stirs the milk; #C C stirs the milk; #C C stirs the milk"
    },
    {
        "Video Name": "1b6f8cd2-1624-4169-b3c8-ac25afb3fced",
        "Start Frame": 2760,
        "End Frame": 2880,
        "Caption": "#C C stirs the milk; #C C stirs the milk; #C C stirs the milk; #C C stirs the milk; #C C stirs the milk"
    },
    {
        "Video Name": "1b6f8cd2-1624-4169-b3c8-ac25afb3fced",
        "Start Frame": 2880,
        "End Frame": 3000,
        "Caption": "#C C puts hand down; #C C talks to person X; #C C puts the spoon in the cooking; #C C stares at the food on the; #C C looks around "
    },
    {
        "Video Name": "1b6f8cd2-1624-4169-b3c8-ac25afb3fced",
        "Start Frame": 3000,
        "End Frame": 3120,
        "Caption": "#C C picks the tin from the counter; #C C talks to person X; #C C picks the tumbler; #C C talks to person X; #C C talks to man X"
    },
    {
        "Video Name": "1b6f8cd2-1624-4169-b3c8-ac25afb3fced",
        "Start Frame": 3120,
        "End Frame": 3240,
        "Caption": "#C C looks at the can; #C C  closes the can with the; #C C covers the milk can; #C C opens the bottle of milk ; #C C holds the can with both hands"
    },
    {
        "Video Name": "1b6f8cd2-1624-4169-b3c8-ac25afb3fced",
        "Start Frame": 3240,
        "End Frame": 3360,
        "Caption": "#C C puts milk in the cooking pot; #C C pours milk in the soup; #C C adds the milk into the cooking; #C C pours milk in the soup; #C C pours the milk into the"
    },
    {
        "Video Name": "1b6f8cd2-1624-4169-b3c8-ac25afb3fced",
        "Start Frame": 3360,
        "End Frame": 3480,
        "Caption": "#C C holds the can with her left hand; #C C talks to person W; #C C pours the food in the cooking; #C C looks around; #C C puts the milk in the spoon"
    },
    {
        "Video Name": "1b6f8cd2-1624-4169-b3c8-ac25afb3fced",
        "Start Frame": 3480,
        "End Frame": 3600,
        "Caption": "#C C places the tin on the counter; #C C puts down the milk can ; #C C places the can on the counter; #C C looks around ; #C C places the can on the counter"
    },
    {
        "Video Name": "1b6f8cd2-1624-4169-b3c8-ac25afb3fced",
        "Start Frame": 3600,
        "End Frame": 3720,
        "Caption": "#C C stirs the milk; #C C stirs the milk; #C C stirs the milk; #C C stirs the milk; #C C talks to person W"
    },
    {
        "Video Name": "1b6f8cd2-1624-4169-b3c8-ac25afb3fced",
        "Start Frame": 3720,
        "End Frame": 3840,
        "Caption": "#C C stirs the milk; #C C talks to person W; #C C talks to person W; #C C looks at the milk; #C C looks down"
    },
    {
        "Video Name": "1b6f8cd2-1624-4169-b3c8-ac25afb3fced",
        "Start Frame": 3840,
        "End Frame": 3960,
        "Caption": "#C C stirs the milk; #C C stirs the milk ; #C C scoops milk from the pot; #C C talks to person W; #C C stirs the milk "
    },
    {
        "Video Name": "1b6f8cd2-1624-4169-b3c8-ac25afb3fced",
        "Start Frame": 3960,
        "End Frame": 4080,
        "Caption": "#C C stirs the milk; #C C stirs the milk; #C C stirs the milk; #C C stirs the milk; #C C stirs the milk"
    },
    {
        "Video Name": "1b6f8cd2-1624-4169-b3c8-ac25afb3fced",
        "Start Frame": 4080,
        "End Frame": 4200,
        "Caption": "#C C picks up the milk; #C C stirs the milk; #C C talks to person W; #C C stirs the milk; #C C picks the spoon"
    },
    {
        "Video Name": "1b6f8cd2-1624-4169-b3c8-ac25afb3fced",
        "Start Frame": 4200,
        "End Frame": 4320,
        "Caption": "#C C stirs the milk; #C C stirs the milk; #C C stirs the milk; #C C stirs the milk; #C C stirs the milk"
    },
    {
        "Video Name": "1b6f8cd2-1624-4169-b3c8-ac25afb3fced",
        "Start Frame": 4320,
        "End Frame": 4440,
        "Caption": "#C C stirs the milk; #C C stirs the milk; #C C stirs the milk; #C C stirs the milk; #C C talks to person W"
    },
    {
        "Video Name": "1b6f8cd2-1624-4169-b3c8-ac25afb3fced",
        "Start Frame": 4440,
        "End Frame": 4560,
        "Caption": "#C C stirs the milk; #C C stirs the milk ; #C C puts the milk in the pot ; #C C talks to person W; #C C looks at the milk in the cooking"
    },
    {
        "Video Name": "1b6f8cd2-1624-4169-b3c8-ac25afb3fced",
        "Start Frame": 4560,
        "End Frame": 4680,
        "Caption": "#C C adjusts the knob on the cooker; #C C turns the knob; #C C looks at the milk ; #C C holds the spoon; #C C adjusts the control knob of the"
    },
    {
        "Video Name": "1b6f8cd2-1624-4169-b3c8-ac25afb3fced",
        "Start Frame": 4680,
        "End Frame": 4800,
        "Caption": "#C C stirs the milk; #C C stirs the milk; #C C stirs the milk; #C C stirs the milk; #C C stirs the milk"
    },
    {
        "Video Name": "1b6f8cd2-1624-4169-b3c8-ac25afb3fced",
        "Start Frame": 4800,
        "End Frame": 4920,
        "Caption": "#C C stirs the milk; #C C stirs the milk; #C C stirs the milk; #C C talks to person W; #C C stirs the milk"
    },
    {
        "Video Name": "1b6f8cd2-1624-4169-b3c8-ac25afb3fced",
        "Start Frame": 4920,
        "End Frame": 5040,
        "Caption": "#C C talks to person W; #C C stirs the milk ; #C C lights the cooker; #C C stirs the milk ; #C C pours the milk into the soup"
    },
    {
        "Video Name": "1b6f8cd2-1624-4169-b3c8-ac25afb3fced",
        "Start Frame": 5040,
        "End Frame": 5160,
        "Caption": "#C C places the can on the table; #C C picks up the can; #C C puts the can on the table; #C C puts down the can of milk; #C C puts the milk can on the cooker"
    },
    {
        "Video Name": "1b6f8cd2-1624-4169-b3c8-ac25afb3fced",
        "Start Frame": 5160,
        "End Frame": 5280,
        "Caption": "#C C holds the spoon; #C C picks the spoon; #C C looks around; #C C picks up the; #C C picks the spoon"
    },
    {
        "Video Name": "1b6f8cd2-1624-4169-b3c8-ac25afb3fced",
        "Start Frame": 5280,
        "End Frame": 5400,
        "Caption": "#C C scoops milk from the cooking; #C C scoops milk from the pot; #C C scoops milk from the pot; #C C dips the spoon in the cooking; #C C picks up the spoon"
    }
]