[
    {
        "Video Name": "1b8c9a3f-9fc1-4321-83d3-c294983d9374",
        "Start Frame": 0,
        "End Frame": 120,
        "Caption": "#C C picks the book; #C C picks a book; #C C takes the book; #C C takes the book; #C C picks the books"
    },
    {
        "Video Name": "1b8c9a3f-9fc1-4321-83d3-c294983d9374",
        "Start Frame": 120,
        "End Frame": 240,
        "Caption": "#C C holds the paper with both; #C C folds the piece of paper; #C C picks a paper; #C C holds a piece of paper; #C C turns the piece of paper"
    },
    {
        "Video Name": "1b8c9a3f-9fc1-4321-83d3-c294983d9374",
        "Start Frame": 240,
        "End Frame": 360,
        "Caption": "#C C opens the book; #C C flips the pages of the; #C C flips the page of the; #C C holds the book with both; #C C opens the book"
    },
    {
        "Video Name": "1b8c9a3f-9fc1-4321-83d3-c294983d9374",
        "Start Frame": 360,
        "End Frame": 480,
        "Caption": "#C C closes the book; #C C opens the book; #C C flips the pages of the; #C C opens the book; #C C adjusts the book "
    },
    {
        "Video Name": "1b8c9a3f-9fc1-4321-83d3-c294983d9374",
        "Start Frame": 480,
        "End Frame": 600,
        "Caption": "#C C removes a piece of paper from the book; #C C removes the paper from the book; #C C removes a piece of paper from the book; #C C  removes a piece of paper from the; #C C wipes the book with the piece of cloth"
    },
    {
        "Video Name": "1b8c9a3f-9fc1-4321-83d3-c294983d9374",
        "Start Frame": 600,
        "End Frame": 720,
        "Caption": "#C C peruses the pages; #C C opens the book ; #C C flips the pages of the; #C C opens the page of the; #C C turns a book"
    },
    {
        "Video Name": "1b8c9a3f-9fc1-4321-83d3-c294983d9374",
        "Start Frame": 720,
        "End Frame": 840,
        "Caption": "#C C folds the paper; #C C opens the note ; #C C opens the book with her right hand; #C C flips the paper; #C C flips the page of the book"
    },
    {
        "Video Name": "1b8c9a3f-9fc1-4321-83d3-c294983d9374",
        "Start Frame": 840,
        "End Frame": 960,
        "Caption": "#C C reads the paper; #C C places the card in between the pages of the; #C C opens the paper with the right hand; #C C holds the paper; #C C reads the paper"
    },
    {
        "Video Name": "1b8c9a3f-9fc1-4321-83d3-c294983d9374",
        "Start Frame": 960,
        "End Frame": 1080,
        "Caption": "#C C turns the paper; #C C puts the piece of paper on the; #C C picks the paper; #C C picks a paper from the book; #C C picks the paper"
    },
    {
        "Video Name": "1b8c9a3f-9fc1-4321-83d3-c294983d9374",
        "Start Frame": 1080,
        "End Frame": 1200,
        "Caption": "#C C puts the paper on the; #C C touches a paper; #C C picks the paper; #C C holds the paper; #C C removes a paper from the"
    },
    {
        "Video Name": "1b8c9a3f-9fc1-4321-83d3-c294983d9374",
        "Start Frame": 1200,
        "End Frame": 1320,
        "Caption": "#C C takes the paper ; #C C puts the paper on the book; #C C picks a piece of paper; #C C flips the piece of paper; #C C looks at the piece of paper"
    },
    {
        "Video Name": "1b8c9a3f-9fc1-4321-83d3-c294983d9374",
        "Start Frame": 1320,
        "End Frame": 1440,
        "Caption": "#C C reads the sheet of paper; #C C reads the book; #C C reads the piece of paper; #C C flips the page; #C C reads the card"
    },
    {
        "Video Name": "1b8c9a3f-9fc1-4321-83d3-c294983d9374",
        "Start Frame": 1440,
        "End Frame": 1560,
        "Caption": "#C C picks a piece of paper on the; #C C picks a paper; #C C takes another piece of paper; #C C takes a piece of paper; #C C takes the paper"
    },
    {
        "Video Name": "1b8c9a3f-9fc1-4321-83d3-c294983d9374",
        "Start Frame": 1560,
        "End Frame": 1680,
        "Caption": "#C C removes a piece of paper from the; #C C looks at the piece of paper; #C C takes a paper; #C C removes the paper from the book; #C C removes the paper from the book"
    },
    {
        "Video Name": "1b8c9a3f-9fc1-4321-83d3-c294983d9374",
        "Start Frame": 1680,
        "End Frame": 1800,
        "Caption": "#C C picks up the book; #C C puts the books on top of the pile of; #C C puts the books on the floor; #C C puts the book on top of another book; #C C puts the book on top of the pile of"
    },
    {
        "Video Name": "1b8c9a3f-9fc1-4321-83d3-c294983d9374",
        "Start Frame": 1800,
        "End Frame": 1920,
        "Caption": "#C C opens the; #C C opens the; #C C opens the; #C C opens the; #C C opens the"
    },
    {
        "Video Name": "1b8c9a3f-9fc1-4321-83d3-c294983d9374",
        "Start Frame": 1920,
        "End Frame": 2040,
        "Caption": "#C C opens the pages; #C C opens the pages of the; #C C opens the book; #C C peruses a book; #C C flips the pages of the"
    },
    {
        "Video Name": "1b8c9a3f-9fc1-4321-83d3-c294983d9374",
        "Start Frame": 2040,
        "End Frame": 2160,
        "Caption": "#C C flips the pages of the; #C C opens the book; #C C opens the page of the; #C C opens the book; #C C opens the pages of the"
    },
    {
        "Video Name": "1b8c9a3f-9fc1-4321-83d3-c294983d9374",
        "Start Frame": 2160,
        "End Frame": 2280,
        "Caption": "#C C picks the book; #C C puts the cloth on the floor; #C C puts the clothe on the; #C C picks up the towel; #C C places the book on the floor"
    },
    {
        "Video Name": "1b8c9a3f-9fc1-4321-83d3-c294983d9374",
        "Start Frame": 2280,
        "End Frame": 2400,
        "Caption": "#C C peruses a book; #C C holds the book with both; #C C holds the book with both; #C C adjusts the book; #C C holds the book"
    },
    {
        "Video Name": "1b8c9a3f-9fc1-4321-83d3-c294983d9374",
        "Start Frame": 2400,
        "End Frame": 2520,
        "Caption": "#C C holds the; #C C folds the; #C C folds the; #C C turns the; #C C opens the"
    },
    {
        "Video Name": "1b8c9a3f-9fc1-4321-83d3-c294983d9374",
        "Start Frame": 2520,
        "End Frame": 2640,
        "Caption": "#C C picks a; #C C takes a; #C C picks a; #C C picks a; #C C takes the"
    },
    {
        "Video Name": "1b8c9a3f-9fc1-4321-83d3-c294983d9374",
        "Start Frame": 2640,
        "End Frame": 2760,
        "Caption": "#c c opens the book; #C C flips the pages of the; #C C flips the pages of the; #C C opens the pages; #C C opens the pages of the"
    },
    {
        "Video Name": "1b8c9a3f-9fc1-4321-83d3-c294983d9374",
        "Start Frame": 2760,
        "End Frame": 2880,
        "Caption": "#C C opens the pages of the; #C C peruses a book ; #C C opens the pages; #C C flips pages of the book; #C C flips the pages of the"
    },
    {
        "Video Name": "1b8c9a3f-9fc1-4321-83d3-c294983d9374",
        "Start Frame": 2880,
        "End Frame": 3000,
        "Caption": "#C C opens the; #C C opens a; #C C closes the; #C C opens the; #C C opens the"
    },
    {
        "Video Name": "1b8c9a3f-9fc1-4321-83d3-c294983d9374",
        "Start Frame": 3000,
        "End Frame": 3120,
        "Caption": "#C C wipes the book with the cloth; #C C wipes the book with the clot; #C C wipes the book ; #C C wipes the book; #C C wipes the book "
    },
    {
        "Video Name": "1b8c9a3f-9fc1-4321-83d3-c294983d9374",
        "Start Frame": 3120,
        "End Frame": 3240,
        "Caption": "#C C takes a book; #C C picks a book; #C C picks the book; #C C picks a book; #C C picks a book from the"
    },
    {
        "Video Name": "1b8c9a3f-9fc1-4321-83d3-c294983d9374",
        "Start Frame": 3240,
        "End Frame": 3360,
        "Caption": "#C C flips the pages of the; #C C flips a page of the; #C C opens the page; #C C flips a page; #C C opens the page"
    },
    {
        "Video Name": "1b8c9a3f-9fc1-4321-83d3-c294983d9374",
        "Start Frame": 3360,
        "End Frame": 3480,
        "Caption": "#C C opens the page of the; #C C closes the book; #C C puts the book down; #C C opens the book; #C C puts the paper in the"
    },
    {
        "Video Name": "1b8c9a3f-9fc1-4321-83d3-c294983d9374",
        "Start Frame": 3480,
        "End Frame": 3600,
        "Caption": "#C C closes the book; #C C peruses through the book; #C C flips the page; #C C opens the pages of the; #C C opens the book"
    },
    {
        "Video Name": "1b8c9a3f-9fc1-4321-83d3-c294983d9374",
        "Start Frame": 3600,
        "End Frame": 3720,
        "Caption": "#C C picks the book; #C C picks the book; #C C picks the book; #C C picks a book on the; #C C picks a book "
    },
    {
        "Video Name": "1b8c9a3f-9fc1-4321-83d3-c294983d9374",
        "Start Frame": 3720,
        "End Frame": 3840,
        "Caption": "#C C flips the pages of the; #C C peruses through the book; #C C opens the book ; #C C flips the pages of the; #C C opens the book"
    },
    {
        "Video Name": "1b8c9a3f-9fc1-4321-83d3-c294983d9374",
        "Start Frame": 3840,
        "End Frame": 3960,
        "Caption": "#C C picks the book; #C C picks the book; #C C picks a book; #C C picks a book; #C C takes a book"
    },
    {
        "Video Name": "1b8c9a3f-9fc1-4321-83d3-c294983d9374",
        "Start Frame": 3960,
        "End Frame": 4080,
        "Caption": "#C C opens a book; #C C opens a book; #C C opens the book; #C C opens the book; #C C opens the book"
    },
    {
        "Video Name": "1b8c9a3f-9fc1-4321-83d3-c294983d9374",
        "Start Frame": 4080,
        "End Frame": 4200,
        "Caption": "#C C picks a book; #C C picks a piece of; #C C picks a book ; #C C picks a book; #C C takes the cloth"
    },
    {
        "Video Name": "1b8c9a3f-9fc1-4321-83d3-c294983d9374",
        "Start Frame": 4200,
        "End Frame": 4320,
        "Caption": "#C C opens the pages of the; #C C opens pages of a book; #C C opens pages on book; #C C peruses a book; #C C opens the pages of the"
    },
    {
        "Video Name": "1b8c9a3f-9fc1-4321-83d3-c294983d9374",
        "Start Frame": 4320,
        "End Frame": 4440,
        "Caption": "#C C puts the cloth on the; #C C cleans the book with the; #C C wipes the book with the; #C C wipes book with a cloth; #C C wipes the book with the"
    },
    {
        "Video Name": "1b8c9a3f-9fc1-4321-83d3-c294983d9374",
        "Start Frame": 4440,
        "End Frame": 4560,
        "Caption": "#C C flips a page of the book; #C C closes the book with her right; #C C opens the book; #C C closes the book; #C C opens the pages of the book"
    },
    {
        "Video Name": "1b8c9a3f-9fc1-4321-83d3-c294983d9374",
        "Start Frame": 4560,
        "End Frame": 4680,
        "Caption": "#C C flips the pages of the; #C C closes the book; #C C flips the pages of the; #C C opens the pages in the; #C C flips the pages of the"
    },
    {
        "Video Name": "1b8c9a3f-9fc1-4321-83d3-c294983d9374",
        "Start Frame": 4680,
        "End Frame": 4800,
        "Caption": "#C C flips the pages of the; #C C opens a book; #C C opens the book; #C C wipes a book; #C C opens the book"
    },
    {
        "Video Name": "1b8c9a3f-9fc1-4321-83d3-c294983d9374",
        "Start Frame": 4800,
        "End Frame": 4920,
        "Caption": "#C C puts the book aside; #C C puts the book on the; #C C puts the book on the; #C C places book on the floor; #C C puts book on the floor"
    },
    {
        "Video Name": "1b8c9a3f-9fc1-4321-83d3-c294983d9374",
        "Start Frame": 4920,
        "End Frame": 5040,
        "Caption": "#C C opens the pages of the; #C C opens the pages of the; #C C flips the pages of the; #C C opens the pages of the; #C C opens the pages of the"
    },
    {
        "Video Name": "1b8c9a3f-9fc1-4321-83d3-c294983d9374",
        "Start Frame": 5040,
        "End Frame": 5160,
        "Caption": "#C C opens the; #C C opens the; #C C opens the; #C C opens the; #C C opens the"
    },
    {
        "Video Name": "1b8c9a3f-9fc1-4321-83d3-c294983d9374",
        "Start Frame": 5160,
        "End Frame": 5280,
        "Caption": "#C C looks at the; #C C reads the book; #C C looks at the; #C C stares at the; #C C looks at the"
    },
    {
        "Video Name": "1b8c9a3f-9fc1-4321-83d3-c294983d9374",
        "Start Frame": 5280,
        "End Frame": 5400,
        "Caption": "#C C looks at the; #C C reads the book; #C C reads the book; #C C reads the book; #C C reads the book"
    }
]