[
    {
        "Video Name": "1bc859f0-0516-40b8-af3e-84210bc2281b",
        "Start Frame": 0,
        "End Frame": 120,
        "Caption": "#C C measures the wood using a tape; #C C measures the wood using the tape; #C C measures a timber; #C C measures the wood; #C C measures the wood with a tape"
    },
    {
        "Video Name": "1bc859f0-0516-40b8-af3e-84210bc2281b",
        "Start Frame": 120,
        "End Frame": 240,
        "Caption": "#C C measures a wood with a tape; #C C measures the wood ; #C C looks around; #C C measures the wood; #C C measures the lumber"
    },
    {
        "Video Name": "1bc859f0-0516-40b8-af3e-84210bc2281b",
        "Start Frame": 240,
        "End Frame": 360,
        "Caption": "#c c picks the pencil; #C C puts the pencil on the; #c c raises hand; #C C removes the hand from the; #c c drops pencil"
    },
    {
        "Video Name": "1bc859f0-0516-40b8-af3e-84210bc2281b",
        "Start Frame": 360,
        "End Frame": 480,
        "Caption": "#C C puts phone in the pocket; #C C puts the phone in the pocket; #C C puts the phone in the pocket; #C C puts phone in the pocket; #C C puts the phone in the pocket"
    },
    {
        "Video Name": "1bc859f0-0516-40b8-af3e-84210bc2281b",
        "Start Frame": 480,
        "End Frame": 600,
        "Caption": "#C C walks around the compound; #C C walks outside; #C C walks on the compound; #C C walks around the compound; #C C scratches the face"
    },
    {
        "Video Name": "1bc859f0-0516-40b8-af3e-84210bc2281b",
        "Start Frame": 600,
        "End Frame": 720,
        "Caption": "#C C walks in the compound; #C C walks on the compound; #C C walks around the compound; #C C walks around the compound; #C C walks towards the store"
    },
    {
        "Video Name": "1bc859f0-0516-40b8-af3e-84210bc2281b",
        "Start Frame": 720,
        "End Frame": 840,
        "Caption": "#C C walks to the compound; #C C walks towards the work; #C C walks in the compound; #C C walks around the compound; #C C walks outside "
    },
    {
        "Video Name": "1bc859f0-0516-40b8-af3e-84210bc2281b",
        "Start Frame": 840,
        "End Frame": 960,
        "Caption": "#C C picks a piece of timber; #C C picks up the timber; #C C picks the woods; #C C picks up the lumber; #C C picks the wood from the"
    },
    {
        "Video Name": "1bc859f0-0516-40b8-af3e-84210bc2281b",
        "Start Frame": 960,
        "End Frame": 1080,
        "Caption": "#C C carries wood to garage; #C C moves the wood with; #C C walks on the ground; #C C turns around ; #C C carries a piece of"
    },
    {
        "Video Name": "1bc859f0-0516-40b8-af3e-84210bc2281b",
        "Start Frame": 1080,
        "End Frame": 1200,
        "Caption": "#C C lifts up the; #C C walks around; #C C looks around; #C C carries wood ; #C C looks around"
    },
    {
        "Video Name": "1bc859f0-0516-40b8-af3e-84210bc2281b",
        "Start Frame": 1200,
        "End Frame": 1320,
        "Caption": "#C C walks around the construction; #C C carries the wood ; #C C walks around; #C C carries a wood ; #C C moves a wood "
    },
    {
        "Video Name": "1bc859f0-0516-40b8-af3e-84210bc2281b",
        "Start Frame": 1320,
        "End Frame": 1440,
        "Caption": "#C C walks around the compound; #C C walks on the wood; #C C walks around the compound; #C C walks around the compound; #C C walks around the compound"
    },
    {
        "Video Name": "1bc859f0-0516-40b8-af3e-84210bc2281b",
        "Start Frame": 1440,
        "End Frame": 1560,
        "Caption": "#C C walks around the compound; #C C walks around the compound; #C C walks around the compound; #C C walks on the compound; #C C walks on the compound"
    },
    {
        "Video Name": "1bc859f0-0516-40b8-af3e-84210bc2281b",
        "Start Frame": 1560,
        "End Frame": 1680,
        "Caption": "#C C picks a piece of wood; #C C picks up the woods; #C C picks a piece of wood from the floor; #C C picks a piece of wood from a truck; #C C picks the wood"
    },
    {
        "Video Name": "1bc859f0-0516-40b8-af3e-84210bc2281b",
        "Start Frame": 1680,
        "End Frame": 1800,
        "Caption": "#C C walks outside ; #C C walks on the floor; #C C walks outside ; #C C walks on the ground; #C C walks around the compound"
    },
    {
        "Video Name": "1bc859f0-0516-40b8-af3e-84210bc2281b",
        "Start Frame": 1800,
        "End Frame": 1920,
        "Caption": "#C C holds the wood; #C C holds the wood; #C C adjusts the camera ; #C C lifts up the wood; #C C adjusts the camera"
    },
    {
        "Video Name": "1bc859f0-0516-40b8-af3e-84210bc2281b",
        "Start Frame": 1920,
        "End Frame": 2040,
        "Caption": "#C C places the plank on the ground; #C C puts the wood on the ground; #C C puts down the wood; #C C puts the wood down; #C C puts the wood on the ground"
    },
    {
        "Video Name": "1bc859f0-0516-40b8-af3e-84210bc2281b",
        "Start Frame": 2040,
        "End Frame": 2160,
        "Caption": "#C C puts the wood on the floor; #C C looks at the wood ; #C C moves the wood ; #C C moves timber; #C C drops wood "
    },
    {
        "Video Name": "1bc859f0-0516-40b8-af3e-84210bc2281b",
        "Start Frame": 2160,
        "End Frame": 2280,
        "Caption": "#C C walks on the ground; #C C walks to the store; #C C walks around the compound; #C C walks around the compound; #C C walks around the compound"
    },
    {
        "Video Name": "1bc859f0-0516-40b8-af3e-84210bc2281b",
        "Start Frame": 2280,
        "End Frame": 2400,
        "Caption": "#C C walks around the compound; #C C walks around the compound; #C C walks towards a workshop; #C C walks around the compound; #C C walks around"
    },
    {
        "Video Name": "1bc859f0-0516-40b8-af3e-84210bc2281b",
        "Start Frame": 2400,
        "End Frame": 2520,
        "Caption": "#C C picks timber; #C C takes a timber; #C C picks up a timber; #C C picks timber; #C C picks a piece of"
    },
    {
        "Video Name": "1bc859f0-0516-40b8-af3e-84210bc2281b",
        "Start Frame": 2520,
        "End Frame": 2640,
        "Caption": "#C C walks towards the store; #C C walks on the ground; #C C walks on the floor; #C C walks towards a workshop; #C C walks on the ground"
    },
    {
        "Video Name": "1bc859f0-0516-40b8-af3e-84210bc2281b",
        "Start Frame": 2640,
        "End Frame": 2760,
        "Caption": "#C C picks the wood; #C C places the wood on the ground ; #C C adjusts the timber; #C C puts the wood on the scaffold; #C C picks the wood "
    },
    {
        "Video Name": "1bc859f0-0516-40b8-af3e-84210bc2281b",
        "Start Frame": 2760,
        "End Frame": 2880,
        "Caption": "#C C picks up wood from the ground; #C C puts the wood on the table; #C C drops wood ; #C C puts the timber on top of the other; #C C puts the wood on the floor"
    },
    {
        "Video Name": "1bc859f0-0516-40b8-af3e-84210bc2281b",
        "Start Frame": 2880,
        "End Frame": 3000,
        "Caption": "#C C walks on the; #C C looks at the; #C C walks on the; #C C walks at the; #C C operates a phone"
    },
    {
        "Video Name": "1bc859f0-0516-40b8-af3e-84210bc2281b",
        "Start Frame": 3000,
        "End Frame": 3120,
        "Caption": "#C C puts phone back to his; #C C walks around the compound ; #C C puts phone in the pocket; #C C walks on the pavement; #C C walks in the compound"
    },
    {
        "Video Name": "1bc859f0-0516-40b8-af3e-84210bc2281b",
        "Start Frame": 3120,
        "End Frame": 3240,
        "Caption": "#C C picks a timber; #C C picks up pieces of wood; #C C picks up the wood; #C C carries a piece of wood; #C C picks up a piece of"
    },
    {
        "Video Name": "1bc859f0-0516-40b8-af3e-84210bc2281b",
        "Start Frame": 3240,
        "End Frame": 3360,
        "Caption": "#C C walks on the verand; #C C walks around; #C C walks around; #C C carries the timber; #C C carries the timber"
    },
    {
        "Video Name": "1bc859f0-0516-40b8-af3e-84210bc2281b",
        "Start Frame": 3360,
        "End Frame": 3480,
        "Caption": "#C C  picks up a wood ; #C C lifts the wood; #C C puts the wood down; #C C holds the wood; #C C puts the wood on the other"
    },
    {
        "Video Name": "1bc859f0-0516-40b8-af3e-84210bc2281b",
        "Start Frame": 3480,
        "End Frame": 3600,
        "Caption": "#C C removes the wood from the wall.; #C C places the wood on the wall; #C C puts the wood on the floor ; #C C puts the wood on the wall ; #C C removes the piece of wood on the floor"
    },
    {
        "Video Name": "1bc859f0-0516-40b8-af3e-84210bc2281b",
        "Start Frame": 3600,
        "End Frame": 3720,
        "Caption": "#C C walks around the compound; #C C walks around; #C C walks towards the woods on the; #C C walks around the compound; #C C drops the wood on the ground"
    },
    {
        "Video Name": "1bc859f0-0516-40b8-af3e-84210bc2281b",
        "Start Frame": 3720,
        "End Frame": 3840,
        "Caption": "#C C walks in the; #C C walks around the; #C C walks around the; #C C walks in the; #C C walks on the"
    },
    {
        "Video Name": "1bc859f0-0516-40b8-af3e-84210bc2281b",
        "Start Frame": 3840,
        "End Frame": 3960,
        "Caption": "#C C takes the wood; #C C picks a piece of wood from the; #C C picks the wood; #C C picks a wood ; #C C picks timber"
    },
    {
        "Video Name": "1bc859f0-0516-40b8-af3e-84210bc2281b",
        "Start Frame": 3960,
        "End Frame": 4080,
        "Caption": "#C C walks around the compound; #C C walks on the ground; #C C walks around the compound; #C C walks around the compound; #C C walks around the compound"
    },
    {
        "Video Name": "1bc859f0-0516-40b8-af3e-84210bc2281b",
        "Start Frame": 4080,
        "End Frame": 4200,
        "Caption": "#C C holds a wood; #C C turns the wood upside; #C C lifts the timber; #C C turns around; #C C lifts up the timber"
    },
    {
        "Video Name": "1bc859f0-0516-40b8-af3e-84210bc2281b",
        "Start Frame": 4200,
        "End Frame": 4320,
        "Caption": "#C C puts the wooden pole on the ground; #C C puts the wood on the ground; #C C puts a timber on the ground; #C C puts the woods on the ground.; #C C drops the plank of wood on the ground"
    },
    {
        "Video Name": "1bc859f0-0516-40b8-af3e-84210bc2281b",
        "Start Frame": 4320,
        "End Frame": 4440,
        "Caption": "#C C walks around the construction; #C C walks towards the wood; #C C walks around the compound; #C C walks around the compound; #C C walks around the compound"
    },
    {
        "Video Name": "1bc859f0-0516-40b8-af3e-84210bc2281b",
        "Start Frame": 4440,
        "End Frame": 4560,
        "Caption": "#C C walks around the; #C C walks around the; #C C walks around the; #C C walks around the; #C C walks around the"
    },
    {
        "Video Name": "1bc859f0-0516-40b8-af3e-84210bc2281b",
        "Start Frame": 4560,
        "End Frame": 4680,
        "Caption": "#C C climbs down the ladder; #C C climbs up the ladder; #C C climbs up the ladder; #C C climbs the ladder; #C C climbs up the ladder"
    },
    {
        "Video Name": "1bc859f0-0516-40b8-af3e-84210bc2281b",
        "Start Frame": 4680,
        "End Frame": 4800,
        "Caption": "#C C climbs up the; #C C climbs up the; #C C climbs down the; #C C climbs up the; #C C climbs up the"
    },
    {
        "Video Name": "1bc859f0-0516-40b8-af3e-84210bc2281b",
        "Start Frame": 4800,
        "End Frame": 4920,
        "Caption": "#C C walks on the wooden; #C C walks on the wooden; #C C walks around; #C C walks around; #C C walks on the wooden"
    },
    {
        "Video Name": "1bc859f0-0516-40b8-af3e-84210bc2281b",
        "Start Frame": 4920,
        "End Frame": 5040,
        "Caption": "#C C carries a piece of; #C C holds a timber; #C C picks a piece of; #C C picks a piece of; #C C carries a piece of"
    },
    {
        "Video Name": "1bc859f0-0516-40b8-af3e-84210bc2281b",
        "Start Frame": 5040,
        "End Frame": 5160,
        "Caption": "#C C turns around ; #C C holds a wood; #C C puts the plank on the wooden; #C C walks on the roof ; #C C turns around"
    },
    {
        "Video Name": "1bc859f0-0516-40b8-af3e-84210bc2281b",
        "Start Frame": 5160,
        "End Frame": 5280,
        "Caption": "#C C puts the wood on the roof; #C C puts a wood on a roof; #C C puts a wood on the roof; #C C moves the wood.; #C C removes the wood on the wood"
    },
    {
        "Video Name": "1bc859f0-0516-40b8-af3e-84210bc2281b",
        "Start Frame": 5280,
        "End Frame": 5400,
        "Caption": "#C C walks on the wooden surface; #C C walks on the wooden surface; #C C walks on top of the pieces of; #C C walks around; #C C looks around"
    }
]