[
    {
        "Video Name": "1c162481-9412-40fa-a19f-e67fb776e1d6",
        "Start Frame": 0,
        "End Frame": 120,
        "Caption": "#C C turns the metal bar; #C C looks at the metal; #C C turns the metal bar; #C C holds the metal bar; #C C turns the metal bar"
    },
    {
        "Video Name": "1c162481-9412-40fa-a19f-e67fb776e1d6",
        "Start Frame": 120,
        "End Frame": 240,
        "Caption": "#C C turns the metal ; #C C smoothens the metal; #C C turns the metal; #C C grinds the metal; #C C turns the metal"
    },
    {
        "Video Name": "1c162481-9412-40fa-a19f-e67fb776e1d6",
        "Start Frame": 240,
        "End Frame": 360,
        "Caption": "#C C smoothens the metal bar; #C C smoothens the metal bar with the grinder; #C C polishes the metal ; #C C smoothens the metal bar; #C C smoothens the metal bar with the grinder"
    },
    {
        "Video Name": "1c162481-9412-40fa-a19f-e67fb776e1d6",
        "Start Frame": 360,
        "End Frame": 480,
        "Caption": "#C C turns the metal bar; #C C adjusts the metal bar; #C C turns the metal bar; #C C smoothens the metal bar with the gr; #C C looks at the metal bar"
    },
    {
        "Video Name": "1c162481-9412-40fa-a19f-e67fb776e1d6",
        "Start Frame": 480,
        "End Frame": 600,
        "Caption": "#C C smoothens the metal; #C C smoothens the metal bar with the gr; #C C smoothens the metal; #C C grinds the metal ; #C C grinds the metal "
    },
    {
        "Video Name": "1c162481-9412-40fa-a19f-e67fb776e1d6",
        "Start Frame": 600,
        "End Frame": 720,
        "Caption": "#C C smoothens metal bar with a grinder; #C C smoothens metal with a grinder; #C C grinds the metal ; #C C grinds the metal ; #C C smoothens the metal bar with the gr"
    },
    {
        "Video Name": "1c162481-9412-40fa-a19f-e67fb776e1d6",
        "Start Frame": 720,
        "End Frame": 840,
        "Caption": "#C C polishes the metal ; #C C smoothens the metal rod using the gr; #C C touches the metal bar; #C C holds the metal bar with the left hand; #C C sands the metal bar"
    },
    {
        "Video Name": "1c162481-9412-40fa-a19f-e67fb776e1d6",
        "Start Frame": 840,
        "End Frame": 960,
        "Caption": "#C C polishes the metal ; #C C grinds the metal ; #C C smoothens metal bar ; #C C smoothens the metal bar with the gr; #C C grinds the metal "
    },
    {
        "Video Name": "1c162481-9412-40fa-a19f-e67fb776e1d6",
        "Start Frame": 960,
        "End Frame": 1080,
        "Caption": "#C C smoothens the metal with the gr; #C C smoothens metal with a grinder; #C C smoothens the metal ; #C C polishes the metal ; #C C smoothens the metal "
    },
    {
        "Video Name": "1c162481-9412-40fa-a19f-e67fb776e1d6",
        "Start Frame": 1080,
        "End Frame": 1200,
        "Caption": "#C C adjusts his cloth; #C C holds the waist; #C C turns the metal bar; #C C touches his face; #C C places the right hand on the"
    },
    {
        "Video Name": "1c162481-9412-40fa-a19f-e67fb776e1d6",
        "Start Frame": 1200,
        "End Frame": 1320,
        "Caption": "#C C looks at the metal ; #C C holds a phone in his pocket with his left hand; #C C looks at the metal ; #C C looks at the metal ; #C C puts the phone in the pocket"
    },
    {
        "Video Name": "1c162481-9412-40fa-a19f-e67fb776e1d6",
        "Start Frame": 1320,
        "End Frame": 1440,
        "Caption": "#C C smoothens metal rod; #C C smoothens metal with the gr; #C C smoothens the metal; #C C smoothens metal bar ; #C C polishes metal bar "
    },
    {
        "Video Name": "1c162481-9412-40fa-a19f-e67fb776e1d6",
        "Start Frame": 1440,
        "End Frame": 1560,
        "Caption": "#C C holds the metal with both hands; #C C grinds the metal bar; #C C polishes the metal; #C C turns the metal; #C C smoothens the metal bar with the gr"
    },
    {
        "Video Name": "1c162481-9412-40fa-a19f-e67fb776e1d6",
        "Start Frame": 1560,
        "End Frame": 1680,
        "Caption": "#C C smoothens metal bar with metal smoothening machine; #C C holds the metal bar; #C C smoothens metal bar ; #C C grinds the metal bar; #C C grinds the metal bar"
    },
    {
        "Video Name": "1c162481-9412-40fa-a19f-e67fb776e1d6",
        "Start Frame": 1680,
        "End Frame": 1800,
        "Caption": "#C C looks at the metal; #C C grinds the metal; #C C adjusts the metal; #C C polishes the metal; #C C grinds the metal"
    },
    {
        "Video Name": "1c162481-9412-40fa-a19f-e67fb776e1d6",
        "Start Frame": 1800,
        "End Frame": 1920,
        "Caption": "#C C holds the metal bar; #C C polishes the metal; #C C adjusts the metal; #C C holds the metal ; #C C polishes the metal"
    },
    {
        "Video Name": "1c162481-9412-40fa-a19f-e67fb776e1d6",
        "Start Frame": 1920,
        "End Frame": 2040,
        "Caption": "#C C turns the metal; #C C smoothens metal bar with a gr; #C C grinds the metal ; #C C grinds the metal ; #C C smoothens the metal bar"
    },
    {
        "Video Name": "1c162481-9412-40fa-a19f-e67fb776e1d6",
        "Start Frame": 2040,
        "End Frame": 2160,
        "Caption": "#C C turns the metal ; #C C grinds the metal; #C C grinds the metal; #C C grinds the metal; #C C turns metal bar round"
    },
    {
        "Video Name": "1c162481-9412-40fa-a19f-e67fb776e1d6",
        "Start Frame": 2160,
        "End Frame": 2280,
        "Caption": "#C C holds the metal; #C C looks at the metal; #C C looks at the metal; #C C turns the metal bar; #C C grinds the metal"
    },
    {
        "Video Name": "1c162481-9412-40fa-a19f-e67fb776e1d6",
        "Start Frame": 2280,
        "End Frame": 2400,
        "Caption": "#C C holds the metal bar; #C C holds the metal bar; #C C holds the metal ; #C C puts the metal bar on the; #C C holds the metal bar"
    },
    {
        "Video Name": "1c162481-9412-40fa-a19f-e67fb776e1d6",
        "Start Frame": 2400,
        "End Frame": 2520,
        "Caption": "#C C moves the metal bars on the floor with his left hand; #C C looks around; #C C Moves the metal; #C C places the metal bars on the floor ; #C C moves the metal bars"
    },
    {
        "Video Name": "1c162481-9412-40fa-a19f-e67fb776e1d6",
        "Start Frame": 2520,
        "End Frame": 2640,
        "Caption": "#C C drops the metal; #C C moves metal bars; #C C looks around; #C C holds the metal; #C C looks around"
    },
    {
        "Video Name": "1c162481-9412-40fa-a19f-e67fb776e1d6",
        "Start Frame": 2640,
        "End Frame": 2760,
        "Caption": "#C C looks at the metal ; #C C holds the metal rod; #C C lifts the metal rod ; #C C picks a metal rod from the floor with his right hand; #C C holds a metal"
    },
    {
        "Video Name": "1c162481-9412-40fa-a19f-e67fb776e1d6",
        "Start Frame": 2760,
        "End Frame": 2880,
        "Caption": "#C C grinds the metal; #C C holds the metal bar; #C C holds the metal ; #C C smoothens the metal; #C C looks at the metal"
    },
    {
        "Video Name": "1c162481-9412-40fa-a19f-e67fb776e1d6",
        "Start Frame": 2880,
        "End Frame": 3000,
        "Caption": "#C C holds the metal ; #C C holds the metal ; #C C polishes the metal; #C C grinds the metal; #C C holds the metal bar"
    },
    {
        "Video Name": "1c162481-9412-40fa-a19f-e67fb776e1d6",
        "Start Frame": 3000,
        "End Frame": 3120,
        "Caption": "#C C smoothens the metal bar with the sand; #C C smoothens the metal bar; #C C grinds the metal ; #C C smoothens the metal bar; #C C smoothens the metal bar"
    },
    {
        "Video Name": "1c162481-9412-40fa-a19f-e67fb776e1d6",
        "Start Frame": 3120,
        "End Frame": 3240,
        "Caption": "#C C polishes metal bar ; #C C smoothens metal with the gr; #C C grinds the metal ; #C C polishes metal bar ; #C C polishes the metal "
    },
    {
        "Video Name": "1c162481-9412-40fa-a19f-e67fb776e1d6",
        "Start Frame": 3240,
        "End Frame": 3360,
        "Caption": "#C C smoothens the metal bar with the gr; #C C smoothens metal rod; #C C sands the metal ; #C C polishes the metal ; #C C grinds the metal bar"
    },
    {
        "Video Name": "1c162481-9412-40fa-a19f-e67fb776e1d6",
        "Start Frame": 3360,
        "End Frame": 3480,
        "Caption": "#C C grinds the metal bar; #C C polishes the metal ; #C C grinds the metal bar; #C C grinds the metal ; #C C smoothens metal bar with a gr"
    },
    {
        "Video Name": "1c162481-9412-40fa-a19f-e67fb776e1d6",
        "Start Frame": 3480,
        "End Frame": 3600,
        "Caption": "#C C polishes the metal ; #C C grinds the metal ; #C C smoothens the metal bar; #C C smoothens metal with the gr; #C C grinds the metal bar"
    },
    {
        "Video Name": "1c162481-9412-40fa-a19f-e67fb776e1d6",
        "Start Frame": 3600,
        "End Frame": 3720,
        "Caption": "#C C smoothens the metal rod using the grinding; #C C grinds the metal ; #C C grinds the metal ; #C C smoothens the metal bar; #C C holds the metal bar"
    },
    {
        "Video Name": "1c162481-9412-40fa-a19f-e67fb776e1d6",
        "Start Frame": 3720,
        "End Frame": 3840,
        "Caption": "#C C smoothens the metal; #C C grinds the metal; #C C polishes metal; #C C grinds the metal; #C C smoothens the metal"
    },
    {
        "Video Name": "1c162481-9412-40fa-a19f-e67fb776e1d6",
        "Start Frame": 3840,
        "End Frame": 3960,
        "Caption": "#C C smoothens metal with a grinder; #C C smoothens metal with the grinder; #C C sands the metal ; #C C smoothens the metal bar; #C C smoothens metal with metal smoothening"
    },
    {
        "Video Name": "1c162481-9412-40fa-a19f-e67fb776e1d6",
        "Start Frame": 3960,
        "End Frame": 4080,
        "Caption": "#C C grinds the metal; #C C smoothens metal bar; #C C grinds the metal; #C C smoothens the metal; #C C polishes metal"
    },
    {
        "Video Name": "1c162481-9412-40fa-a19f-e67fb776e1d6",
        "Start Frame": 4080,
        "End Frame": 4200,
        "Caption": "#C C polishes metal bar; #C C polishes the metal ; #C C smoothens metal with a gr; #C C polishes metal; #C C polishes metal"
    },
    {
        "Video Name": "1c162481-9412-40fa-a19f-e67fb776e1d6",
        "Start Frame": 4200,
        "End Frame": 4320,
        "Caption": "#C C holds the metal bar; #C C looks at the metal ; #C C looks at the metal ; #C C turns the metal rod; #C C smoothens metal with the gr"
    },
    {
        "Video Name": "1c162481-9412-40fa-a19f-e67fb776e1d6",
        "Start Frame": 4320,
        "End Frame": 4440,
        "Caption": "#C C looks at the metal; #C C holds the metal bar; #C C holds the metal bar; #C C looks at the metal; #C C turns the metal rod"
    },
    {
        "Video Name": "1c162481-9412-40fa-a19f-e67fb776e1d6",
        "Start Frame": 4440,
        "End Frame": 4560,
        "Caption": "#C C holds the metal bar; #C C grinds the metal ; #C C grinds the metal ; #C C grinds the metal bar; #C C grinds the metal "
    },
    {
        "Video Name": "1c162481-9412-40fa-a19f-e67fb776e1d6",
        "Start Frame": 4560,
        "End Frame": 4680,
        "Caption": "#C C grinds the metal; #C C grinds the metal; #C C grinds the metal; #C C smoothens the metal; #C C polishes the metal"
    },
    {
        "Video Name": "1c162481-9412-40fa-a19f-e67fb776e1d6",
        "Start Frame": 4680,
        "End Frame": 4800,
        "Caption": "#C C grinds the metal; #C C grinds the metal; #C C grinds the metal; #C C looks at the metal; #C C smoothens the metal"
    },
    {
        "Video Name": "1c162481-9412-40fa-a19f-e67fb776e1d6",
        "Start Frame": 4800,
        "End Frame": 4920,
        "Caption": "#C C grinds the metal; #C C grinds the metal; #C C grinds the metal; #C C grinds the metal; #C C smoothens metal bar"
    },
    {
        "Video Name": "1c162481-9412-40fa-a19f-e67fb776e1d6",
        "Start Frame": 4920,
        "End Frame": 5040,
        "Caption": "#C C holds the metal bar; #C C smoothens metal with a gr; #C C holds the metal ; #C C smoothens metal bar ; #C C holds the metal bar"
    },
    {
        "Video Name": "1c162481-9412-40fa-a19f-e67fb776e1d6",
        "Start Frame": 5040,
        "End Frame": 5160,
        "Caption": "#C C smoothens the metal bar; #C C smoothens metal bar with a gr; #C C grinds the metal bar; #C C grinds the metal bar; #C C polishes the metal "
    },
    {
        "Video Name": "1c162481-9412-40fa-a19f-e67fb776e1d6",
        "Start Frame": 5160,
        "End Frame": 5280,
        "Caption": "#C C removes a metal rod from the; #C C holds the metal; #C C looks at the metal ; #C C looks around; #C C looks at the metal "
    },
    {
        "Video Name": "1c162481-9412-40fa-a19f-e67fb776e1d6",
        "Start Frame": 5280,
        "End Frame": 5400,
        "Caption": "#C C puts metal down ; #C C puts the metal on the floor; #C C picks metal; #C C looks at the metal; #C C holds the metal bar with the right"
    }
]