[
    {
        "Video Name": "1c22e48f-96ee-4ffc-9caf-07235b586eb6",
        "Start Frame": 0,
        "End Frame": 120,
        "Caption": "#C C drops the towel on the kitchen counter; #C C places the towel on the counter; #C C wipes the counter top ; #C C wipes the counter top; #C C puts a kitchen towel on the counter"
    },
    {
        "Video Name": "1c22e48f-96ee-4ffc-9caf-07235b586eb6",
        "Start Frame": 120,
        "End Frame": 240,
        "Caption": "#C C picks up the knife; #C C picks up the knife; #C C picks the knife; #C C picks up the knife; #C C holds the chicken"
    },
    {
        "Video Name": "1c22e48f-96ee-4ffc-9caf-07235b586eb6",
        "Start Frame": 240,
        "End Frame": 360,
        "Caption": "#C C picks a knife; #C C picks up a knife; #C C picks up a knife; #C C picks a knife.; #C C picks up a knife"
    },
    {
        "Video Name": "1c22e48f-96ee-4ffc-9caf-07235b586eb6",
        "Start Frame": 360,
        "End Frame": 480,
        "Caption": "#C C picks a piece of meat; #C C cuts chicken; #C C cuts the piece of meat; #C C picks meat ; #C C holds a piece of chicken"
    },
    {
        "Video Name": "1c22e48f-96ee-4ffc-9caf-07235b586eb6",
        "Start Frame": 480,
        "End Frame": 600,
        "Caption": "#C C turns chicken; #C C picks a piece of meat.; #C C holds a piece of meat.; #C C holds meat; #C C puts the meat on the plate"
    },
    {
        "Video Name": "1c22e48f-96ee-4ffc-9caf-07235b586eb6",
        "Start Frame": 600,
        "End Frame": 720,
        "Caption": "#C C cuts the meat ; #C C cuts a chicken ; #C C cuts a chicken ; #C C cuts chicken with a; #C C holds the chicken "
    },
    {
        "Video Name": "1c22e48f-96ee-4ffc-9caf-07235b586eb6",
        "Start Frame": 720,
        "End Frame": 840,
        "Caption": "#C C picks a piece of chicken meat; #C C cuts meat ; #C C cuts the meat ; #C C holds the piece of meat.; #C C cuts meat "
    },
    {
        "Video Name": "1c22e48f-96ee-4ffc-9caf-07235b586eb6",
        "Start Frame": 840,
        "End Frame": 960,
        "Caption": "#C C puts the chicken on the plate; #C C picks a chicken ; #C C holds the meat; #C C picks up a chicken; #C C holds chicken with both hands"
    },
    {
        "Video Name": "1c22e48f-96ee-4ffc-9caf-07235b586eb6",
        "Start Frame": 960,
        "End Frame": 1080,
        "Caption": "#C C cuts the meat.; #C C cuts the meat with the knife; #C C cuts chicken; #C C cuts the meat with the knife; #C C chops chicken"
    },
    {
        "Video Name": "1c22e48f-96ee-4ffc-9caf-07235b586eb6",
        "Start Frame": 1080,
        "End Frame": 1200,
        "Caption": "#C C holds the chicken; #C C picks chicken with left hand; #C C drops piece of chicken meat in the plate; #C C drops a piece of meat in the plate; #C C puts the chicken on the plate"
    },
    {
        "Video Name": "1c22e48f-96ee-4ffc-9caf-07235b586eb6",
        "Start Frame": 1200,
        "End Frame": 1320,
        "Caption": "#C C picks a piece of meat; #C C picks the meat ; #C C picks a piece of meat; #C C picks a piece of meat; #C C holds a chicken"
    },
    {
        "Video Name": "1c22e48f-96ee-4ffc-9caf-07235b586eb6",
        "Start Frame": 1320,
        "End Frame": 1440,
        "Caption": "#C C touches the meat; #C C cuts meat ; #C C picks a chicken ; #C C holds a piece of; #C C holds chicken"
    },
    {
        "Video Name": "1c22e48f-96ee-4ffc-9caf-07235b586eb6",
        "Start Frame": 1440,
        "End Frame": 1560,
        "Caption": "#C C cuts chicken with a knife; #C C holds the chicken; #C C cuts the meat ; #C C cuts chicken; #C C holds a chicken"
    },
    {
        "Video Name": "1c22e48f-96ee-4ffc-9caf-07235b586eb6",
        "Start Frame": 1560,
        "End Frame": 1680,
        "Caption": "#C C holds chicken with left hand; #C C cuts a chicken with a knife; #C C cuts the meat.; #C C drops piece of meat in the plate; #C C holds a piece of chicken meat"
    },
    {
        "Video Name": "1c22e48f-96ee-4ffc-9caf-07235b586eb6",
        "Start Frame": 1680,
        "End Frame": 1800,
        "Caption": "#C C picks up the piece of chicken meat; #C C picks a piece of meat.; #C C carries a chicken; #C C picks a piece of meat.; #C C takes a piece of meat"
    },
    {
        "Video Name": "1c22e48f-96ee-4ffc-9caf-07235b586eb6",
        "Start Frame": 1800,
        "End Frame": 1920,
        "Caption": "#C C picks up a piece of meat; #C C picks chicken ; #C C puts chicken on the plate; #C C picks a piece of chicken meat; #C C puts chicken on plate"
    },
    {
        "Video Name": "1c22e48f-96ee-4ffc-9caf-07235b586eb6",
        "Start Frame": 1920,
        "End Frame": 2040,
        "Caption": "#C C picks a piece of chicken; #C C Cuts chicken with a knife; #C C separates chicken with both hands; #C C cuts a chicken with a knife; #C C cuts chicken with knife "
    },
    {
        "Video Name": "1c22e48f-96ee-4ffc-9caf-07235b586eb6",
        "Start Frame": 2040,
        "End Frame": 2160,
        "Caption": "#C C holds a chicken; #C C cuts a chicken; #C C cuts the meat; #C C cuts the meat; #C C holds the chicken"
    },
    {
        "Video Name": "1c22e48f-96ee-4ffc-9caf-07235b586eb6",
        "Start Frame": 2160,
        "End Frame": 2280,
        "Caption": "#C C cuts meat ; #C C cuts the meat.; #C C holds a chicken; #C C holds a piece of meat; #C C rotates the piece of chicken"
    },
    {
        "Video Name": "1c22e48f-96ee-4ffc-9caf-07235b586eb6",
        "Start Frame": 2280,
        "End Frame": 2400,
        "Caption": "#C C holds a chicken with both; #C C holds a chicken; #C C cuts the meat ; #C C holds a chicken with both; #C C holds the chicken with both"
    },
    {
        "Video Name": "1c22e48f-96ee-4ffc-9caf-07235b586eb6",
        "Start Frame": 2400,
        "End Frame": 2520,
        "Caption": "#C C chops chicken; #C C cuts the meat.; #C C picks a chicken ; #C C holds a piece of meat; #C C cuts a piece of meat"
    },
    {
        "Video Name": "1c22e48f-96ee-4ffc-9caf-07235b586eb6",
        "Start Frame": 2520,
        "End Frame": 2640,
        "Caption": "#C C picks a piece of meat.; #C C drops piece of meat in the plate; #C C puts  chicken meat in a plate; #C C picks a piece of meat.; #C C holds a piece of meat "
    },
    {
        "Video Name": "1c22e48f-96ee-4ffc-9caf-07235b586eb6",
        "Start Frame": 2640,
        "End Frame": 2760,
        "Caption": "#C C drops the piece of chicken on the plate; #C C Picks a piece of chicken meat; #C C picks a knife; #C C puts chicken on the plate.; #C C picks a piece of chicken meat."
    },
    {
        "Video Name": "1c22e48f-96ee-4ffc-9caf-07235b586eb6",
        "Start Frame": 2760,
        "End Frame": 2880,
        "Caption": "#C C places the chicken on the plate.; #C C turns a chicken; #C C puts the chicken meat on the plate; #C C picks a chicken; #C C cuts the chicken "
    },
    {
        "Video Name": "1c22e48f-96ee-4ffc-9caf-07235b586eb6",
        "Start Frame": 2880,
        "End Frame": 3000,
        "Caption": "#C C holds the chicken; #C C cuts the chicken ; #C C cuts the chicken; #C C picks chicken with his right; #C C cuts chicken"
    },
    {
        "Video Name": "1c22e48f-96ee-4ffc-9caf-07235b586eb6",
        "Start Frame": 3000,
        "End Frame": 3120,
        "Caption": "#C C cuts the chicken; #C C turns the chicken; #C C holds the chicken; #C C chops chicken; #C C removes a bone from the"
    },
    {
        "Video Name": "1c22e48f-96ee-4ffc-9caf-07235b586eb6",
        "Start Frame": 3120,
        "End Frame": 3240,
        "Caption": "#C C puts the meat on the plate.; #C C touches the chicken with his right hand; #C C takes a piece of chicken meat.; #C C places the chicken on the table ; #C C picks a piece of chicken."
    },
    {
        "Video Name": "1c22e48f-96ee-4ffc-9caf-07235b586eb6",
        "Start Frame": 3240,
        "End Frame": 3360,
        "Caption": "#C C cuts a chicken with a knife; #C C cuts chicken; #C C chops chicken; #C C cuts the meat; #C C cuts the meat with the knife"
    },
    {
        "Video Name": "1c22e48f-96ee-4ffc-9caf-07235b586eb6",
        "Start Frame": 3360,
        "End Frame": 3480,
        "Caption": "#C C cuts the chicken with a knife; #C C chops chicken with knife ; #C C cuts the meat with a knife; #C C cuts meat with the knife.; #C C cuts a chicken"
    },
    {
        "Video Name": "1c22e48f-96ee-4ffc-9caf-07235b586eb6",
        "Start Frame": 3480,
        "End Frame": 3600,
        "Caption": "#C C cuts the meat.; #C C cuts the meat with a knife; #C C cuts a chicken with a knife; #C C cuts a chicken with a knife; #C C holds a chicken"
    },
    {
        "Video Name": "1c22e48f-96ee-4ffc-9caf-07235b586eb6",
        "Start Frame": 3600,
        "End Frame": 3720,
        "Caption": "#C C cuts the meat; #C C adjusts the chicken; #C C holds chicken; #C C holds the chicken; #C C eats meat."
    },
    {
        "Video Name": "1c22e48f-96ee-4ffc-9caf-07235b586eb6",
        "Start Frame": 3720,
        "End Frame": 3840,
        "Caption": "#C C picks a piece of meat; #C C Picks a piece of meat; #C C picks up the meat.; #C C holds a piece of chicken; #C C carries chicken from bowl "
    },
    {
        "Video Name": "1c22e48f-96ee-4ffc-9caf-07235b586eb6",
        "Start Frame": 3840,
        "End Frame": 3960,
        "Caption": "#C C moves the knife ; #C C drops a knife on the; #C C cuts chicken; #C C chops chicken ; #C C cuts a chicken "
    },
    {
        "Video Name": "1c22e48f-96ee-4ffc-9caf-07235b586eb6",
        "Start Frame": 3960,
        "End Frame": 4080,
        "Caption": "#C C washes hands in the sink; #C C rinses the hands; #C C washes the hands; #C C washes her hands ; #C C washes her hands"
    },
    {
        "Video Name": "1c22e48f-96ee-4ffc-9caf-07235b586eb6",
        "Start Frame": 4080,
        "End Frame": 4200,
        "Caption": "#C C washes the hands.; #C C washes the hands ; #C C removes dirt from the sink; #C C shakes the hands ; #C C cleans his hands "
    },
    {
        "Video Name": "1c22e48f-96ee-4ffc-9caf-07235b586eb6",
        "Start Frame": 4200,
        "End Frame": 4320,
        "Caption": "#C C puts the sponge in the sink; #C C cleans the sink; #C C rinses the sink ; #C C cleans the sink ; #C C cleans the sink with water "
    },
    {
        "Video Name": "1c22e48f-96ee-4ffc-9caf-07235b586eb6",
        "Start Frame": 4320,
        "End Frame": 4440,
        "Caption": "#C C rinses hands; #C C rinses the hands; #C C rinses her hands; #C C rinses the hands; #C C rinses the hands"
    },
    {
        "Video Name": "1c22e48f-96ee-4ffc-9caf-07235b586eb6",
        "Start Frame": 4440,
        "End Frame": 4560,
        "Caption": "#C C cleans the hand; #C C cleans the sink; #C C washes the sink; #C C cleans the sink with; #C C rinses the"
    },
    {
        "Video Name": "1c22e48f-96ee-4ffc-9caf-07235b586eb6",
        "Start Frame": 4560,
        "End Frame": 4680,
        "Caption": "#C C puts the sponge on the sink; #C C puts the sponge aside; #C C puts the sponge on the sink; #C C washes the spoons ; #C C picks a sponge "
    },
    {
        "Video Name": "1c22e48f-96ee-4ffc-9caf-07235b586eb6",
        "Start Frame": 4680,
        "End Frame": 4800,
        "Caption": "#C C cleans the hands.; #C C wipes the sink; #C C washes hands ; #C C cleans the sink; #C C rinses the"
    },
    {
        "Video Name": "1c22e48f-96ee-4ffc-9caf-07235b586eb6",
        "Start Frame": 4800,
        "End Frame": 4920,
        "Caption": "#C C turns off the tap.; #C C puts the knife on the sink; #C C throws the knife in the sink; #C C turns off the tap. ; #C C puts the knife on the sink"
    },
    {
        "Video Name": "1c22e48f-96ee-4ffc-9caf-07235b586eb6",
        "Start Frame": 4920,
        "End Frame": 5040,
        "Caption": "#C C picks up the plate.; #C C picks up the plate; #C C picks up the plate.; #C C moves a plate of meat on the kitchen countertop; #C C picks up the plate."
    },
    {
        "Video Name": "1c22e48f-96ee-4ffc-9caf-07235b586eb6",
        "Start Frame": 5040,
        "End Frame": 5160,
        "Caption": "#C C pulls the drawer; #C C opens the drawer; #C C opens the drawer; #C C opens a drawer; #C C pulls a drawer"
    },
    {
        "Video Name": "1c22e48f-96ee-4ffc-9caf-07235b586eb6",
        "Start Frame": 5160,
        "End Frame": 5280,
        "Caption": "#C C puts chicken in the s; #C C puts chicken on the plate; #C C puts chicken in the plate; #C C puts the chicken in the; #C C drops chicken in the plate"
    },
    {
        "Video Name": "1c22e48f-96ee-4ffc-9caf-07235b586eb6",
        "Start Frame": 5280,
        "End Frame": 5400,
        "Caption": "#C C touches the chicken; #C C picks chicken ; #C C puts  chicken in a plate; #C C puts the chicken meat on the; #C C picks meat"
    }
]