[
    {
        "Video Name": "1c677082-953b-433d-ac32-1ba22576dda4",
        "Start Frame": 0,
        "End Frame": 120,
        "Caption": "#C C arranges books on the floor ; #C C arranges the books on the floor; #C C puts the book on the shelf; #C C arranges the books on the shelf; #C C arranges books on the shelf"
    },
    {
        "Video Name": "1c677082-953b-433d-ac32-1ba22576dda4",
        "Start Frame": 120,
        "End Frame": 240,
        "Caption": "#C C puts the book in the shelf; #C C arranges books on the floor; #C C puts the books on the shelf; #C C arranges books on the floor; #C C arranges the books on the"
    },
    {
        "Video Name": "1c677082-953b-433d-ac32-1ba22576dda4",
        "Start Frame": 240,
        "End Frame": 360,
        "Caption": "#C C arranges books on the floor; #C C arranges books on the shelf; #C C arranges books on the shelf; #C C arranges the books on the; #C C picks books on the floor "
    },
    {
        "Video Name": "1c677082-953b-433d-ac32-1ba22576dda4",
        "Start Frame": 360,
        "End Frame": 480,
        "Caption": "#C C arranges books on shelf; #C C arranges books on shelf; #C C puts the book on the shelf; #C C arranges the book on the; #C C puts the books on the shelf"
    },
    {
        "Video Name": "1c677082-953b-433d-ac32-1ba22576dda4",
        "Start Frame": 480,
        "End Frame": 600,
        "Caption": "#C C arranges the books on the shelf; #C C arranges books on the shelf; #C C arranges book on the shelf; #C C puts the books on the shelf ; #C C moves a bookend in the shelf with his right hand"
    },
    {
        "Video Name": "1c677082-953b-433d-ac32-1ba22576dda4",
        "Start Frame": 600,
        "End Frame": 720,
        "Caption": "#C C puts the book on the book shelf; #C C arranges the book in the shelf; #C C arranges book on the shelf; #C C moves a bookend on the bookshelf; #C C puts the book on the shelf "
    },
    {
        "Video Name": "1c677082-953b-433d-ac32-1ba22576dda4",
        "Start Frame": 720,
        "End Frame": 840,
        "Caption": "#C C puts book on shelf; #C C arranges books on the shelf; #C C arranges books on the book; #C C arranges book on the shelf; #C C moves the books on the shelf"
    },
    {
        "Video Name": "1c677082-953b-433d-ac32-1ba22576dda4",
        "Start Frame": 840,
        "End Frame": 960,
        "Caption": "#C C puts the books on the shelf; #C C places the book in his right hand in the shelf; #C C picks a book; #C C puts the book on the floor ; #C C places the books on the floor "
    },
    {
        "Video Name": "1c677082-953b-433d-ac32-1ba22576dda4",
        "Start Frame": 960,
        "End Frame": 1080,
        "Caption": "#C C picks a book from the floor with his left hand; #C C picks the books from the floor; #C C picks books from the floor ; #C C picks books from the floor ; #C C places the book on the floor"
    },
    {
        "Video Name": "1c677082-953b-433d-ac32-1ba22576dda4",
        "Start Frame": 1080,
        "End Frame": 1200,
        "Caption": "#C C puts a book on the; #C C looks at the book; #C C picks the book from the; #C C looks at the book; #C C holds the books on the"
    },
    {
        "Video Name": "1c677082-953b-433d-ac32-1ba22576dda4",
        "Start Frame": 1200,
        "End Frame": 1320,
        "Caption": "#C C arranges the books on the book; #C C arranges books on the shelf; #C C arranges books on shelf; #C C arranges the books on the shelf; #C C arranges the books on the shelf"
    },
    {
        "Video Name": "1c677082-953b-433d-ac32-1ba22576dda4",
        "Start Frame": 1320,
        "End Frame": 1440,
        "Caption": "#C C arranges the books on the; #C C arranges the book on the; #C C puts the book in the shelf; #C C arranges the books on the; #C C arranges books on the shelf"
    },
    {
        "Video Name": "1c677082-953b-433d-ac32-1ba22576dda4",
        "Start Frame": 1440,
        "End Frame": 1560,
        "Caption": "#C C arranges the books in the shelf; #C C puts the book on the shelf ; #C C arranges books on the shelf; #C C arranges books in the shelf; #C C arranges books in the shelf "
    },
    {
        "Video Name": "1c677082-953b-433d-ac32-1ba22576dda4",
        "Start Frame": 1560,
        "End Frame": 1680,
        "Caption": "#C C arranges the books on the shelf; #C C puts the books on the shelf; #C C puts the book on the shelf ; #C C puts the books on the shelf; #C C arranges books on the shelf"
    },
    {
        "Video Name": "1c677082-953b-433d-ac32-1ba22576dda4",
        "Start Frame": 1680,
        "End Frame": 1800,
        "Caption": "#C C takes a bookend ; #C C picks up the bookend; #C C moves the book holder ; #C C picks the book holder from the; #C C picks a bookend "
    },
    {
        "Video Name": "1c677082-953b-433d-ac32-1ba22576dda4",
        "Start Frame": 1800,
        "End Frame": 1920,
        "Caption": "#C C arranges books on a shelf; #C C arranges the books; #C C closes a book; #C C puts the book holder on the shelf; #C C picks the book organizer "
    },
    {
        "Video Name": "1c677082-953b-433d-ac32-1ba22576dda4",
        "Start Frame": 1920,
        "End Frame": 2040,
        "Caption": "#C C picks a book from the; #C C looks around; #C C picks books from the floor; #C C looks around the room; #C C picks the books from the"
    },
    {
        "Video Name": "1c677082-953b-433d-ac32-1ba22576dda4",
        "Start Frame": 2040,
        "End Frame": 2160,
        "Caption": "#C C arranges books on the shelf; #C C holds a book; #C C arranges books in the bookshelf; #C C puts the books on the floor; #C C looks at the book"
    },
    {
        "Video Name": "1c677082-953b-433d-ac32-1ba22576dda4",
        "Start Frame": 2160,
        "End Frame": 2280,
        "Caption": "#C C picks books from the floor ; #C C picks a book on the floor; #C C holds a book ; #C C picks a book ; #C C picks a book from the floor with her right hand"
    },
    {
        "Video Name": "1c677082-953b-433d-ac32-1ba22576dda4",
        "Start Frame": 2280,
        "End Frame": 2400,
        "Caption": "#C C picks books from the floor ; #C C picks a book from the floor; #C C picks books on the floor; #C C arranges the books on the; #C C holds the books"
    },
    {
        "Video Name": "1c677082-953b-433d-ac32-1ba22576dda4",
        "Start Frame": 2400,
        "End Frame": 2520,
        "Caption": "#C C arranges books in the; #C C reads the book cover ; #C C arranges the book; #C C places a book on the; #C C holds the books with both"
    },
    {
        "Video Name": "1c677082-953b-433d-ac32-1ba22576dda4",
        "Start Frame": 2520,
        "End Frame": 2640,
        "Caption": "#C C opens a book; #C C opens a book; #C C opens book; #C C Opens the; #C C opens the book"
    },
    {
        "Video Name": "1c677082-953b-433d-ac32-1ba22576dda4",
        "Start Frame": 2640,
        "End Frame": 2760,
        "Caption": "#C C peruses the book ; #C C peruses the pages of the book; #c c peruses the pages; #C C flips the pages of the book; #C C peruses through the pages "
    },
    {
        "Video Name": "1c677082-953b-433d-ac32-1ba22576dda4",
        "Start Frame": 2760,
        "End Frame": 2880,
        "Caption": "#C C peruses a book; #C C peruses book; #C C peruses the pages; #C C peruses the pages; #C C peruses a book"
    },
    {
        "Video Name": "1c677082-953b-433d-ac32-1ba22576dda4",
        "Start Frame": 2880,
        "End Frame": 3000,
        "Caption": "#C C peruses the pages; #C C peruses the pages; #C C peruses through the book; #C C opens the book ; #C C peruses through the pages"
    },
    {
        "Video Name": "1c677082-953b-433d-ac32-1ba22576dda4",
        "Start Frame": 3000,
        "End Frame": 3120,
        "Caption": "#C C reads the book; #C C flips pages ; #C C flips the pages; #C C flips the pages; #C C peruses the"
    },
    {
        "Video Name": "1c677082-953b-433d-ac32-1ba22576dda4",
        "Start Frame": 3120,
        "End Frame": 3240,
        "Caption": "#C C opens the book; #C C opens the book; #C C opens the book; #C C peruses a book; #C C flips pages of a book"
    },
    {
        "Video Name": "1c677082-953b-433d-ac32-1ba22576dda4",
        "Start Frame": 3240,
        "End Frame": 3360,
        "Caption": "#C C looks at the; #C C reads book cover; #C C peruses the; #C C looks at the; #C C looks at the"
    },
    {
        "Video Name": "1c677082-953b-433d-ac32-1ba22576dda4",
        "Start Frame": 3360,
        "End Frame": 3480,
        "Caption": "#C C stares at the; #C C opens the book; #C C reads the book; #C C opens a book; #C C opens the book"
    },
    {
        "Video Name": "1c677082-953b-433d-ac32-1ba22576dda4",
        "Start Frame": 3480,
        "End Frame": 3600,
        "Caption": "#C C holds books; #C C arranges books on the shelf; #C C arranges the books on the; #C C puts books on the shelf; #C C picks a book from the floor"
    },
    {
        "Video Name": "1c677082-953b-433d-ac32-1ba22576dda4",
        "Start Frame": 3600,
        "End Frame": 3720,
        "Caption": "#C C places the book on the shelf ; #C C puts the book holder on the shelf; #C C arranges the books in the shelf; #C C arranges the books on the shelf; #C C puts the bookend on the shelf"
    },
    {
        "Video Name": "1c677082-953b-433d-ac32-1ba22576dda4",
        "Start Frame": 3720,
        "End Frame": 3840,
        "Caption": "#C C puts the book on the shelf; #C C arranges the books on the bookshelf; #C C arranges the books on the shelf with both hands; #C C arranges the books on the shelf; #C C holds a bookshelf"
    },
    {
        "Video Name": "1c677082-953b-433d-ac32-1ba22576dda4",
        "Start Frame": 3840,
        "End Frame": 3960,
        "Caption": "#C C picks the books on the floor; #C C picks a book from the floor with his right hand; #C C arranges books on the floor; #C C picks books from the floor ; #C C picks a book"
    },
    {
        "Video Name": "1c677082-953b-433d-ac32-1ba22576dda4",
        "Start Frame": 3960,
        "End Frame": 4080,
        "Caption": "#C C puts the book on the shelf; #C C picks book from the floor; #C C arranges the books on the shelf; #C C puts the book in the shelf; #C C picks a book from the floor "
    },
    {
        "Video Name": "1c677082-953b-433d-ac32-1ba22576dda4",
        "Start Frame": 4080,
        "End Frame": 4200,
        "Caption": "#C C puts the books on the bookshelf; #C C puts the book on the floor; #C C arranges the books on the floor ; #C C holds a book ; #C C arranges the books on the bookshelf"
    },
    {
        "Video Name": "1c677082-953b-433d-ac32-1ba22576dda4",
        "Start Frame": 4200,
        "End Frame": 4320,
        "Caption": "#C C takes the books on the floor; #C C arranges the books on the; #C C picks a book; #C C puts the book on the shelf; #C C arranges book on the shelf"
    },
    {
        "Video Name": "1c677082-953b-433d-ac32-1ba22576dda4",
        "Start Frame": 4320,
        "End Frame": 4440,
        "Caption": "#C C puts books on the shelf; #C C arranges the books on the shelf; #C C picks a book from the floor ; #C C arranges the book on the bookshe; #C C puts the book on the shelf"
    },
    {
        "Video Name": "1c677082-953b-433d-ac32-1ba22576dda4",
        "Start Frame": 4440,
        "End Frame": 4560,
        "Caption": "#C C puts the books on the shelf; #C C arranges the books in the shelf; #C C puts the books on the shelf; #C C puts the books in the shelf ; #C C arranges the books on the shelf"
    },
    {
        "Video Name": "1c677082-953b-433d-ac32-1ba22576dda4",
        "Start Frame": 4560,
        "End Frame": 4680,
        "Caption": "#C C holds the books with his left hand; #C C picks the book from the floor ; #C C arranges the books in the shelf; #C C looks around the house; #C C picks a book from the floor "
    },
    {
        "Video Name": "1c677082-953b-433d-ac32-1ba22576dda4",
        "Start Frame": 4680,
        "End Frame": 4800,
        "Caption": "#C C picks the book from the floor; #C C picks a book from the pile of books on the floor with his left hand; #C C picks the book from the floor with his left hand.; #C C picks a book on the floor with his left hand.; #C C picks a book from the floor with his left hand."
    },
    {
        "Video Name": "1c677082-953b-433d-ac32-1ba22576dda4",
        "Start Frame": 4800,
        "End Frame": 4920,
        "Caption": "#C C picks a book from the floor with his left hand; #C C looks at the book; #C C looks around the house ; #C C looks at the books on the floor; #C C looks around"
    },
    {
        "Video Name": "1c677082-953b-433d-ac32-1ba22576dda4",
        "Start Frame": 4920,
        "End Frame": 5040,
        "Caption": "#C C picks a book from the floor; #C C picks the books from the floor; #C C picks book; #C C picks up a book; #C C moves the books on the floor"
    },
    {
        "Video Name": "1c677082-953b-433d-ac32-1ba22576dda4",
        "Start Frame": 5040,
        "End Frame": 5160,
        "Caption": "#C C opens the; #C C opens the; #C C opens book; #C C picks a; #C C opens the"
    },
    {
        "Video Name": "1c677082-953b-433d-ac32-1ba22576dda4",
        "Start Frame": 5160,
        "End Frame": 5280,
        "Caption": "#C C picks book from the floor; #C C removes book cover; #C C puts the book in the shelf; #C C arranges books in the shelf; #C C arranges books on the floor"
    },
    {
        "Video Name": "1c677082-953b-433d-ac32-1ba22576dda4",
        "Start Frame": 5280,
        "End Frame": 5400,
        "Caption": "#C C picks a book ; #C C looks at the book; #C C picks the book from the floor ; #C C arranges the books on the floor; #C C moves the book "
    }
]