[
    {
        "Video Name": "1c681083-a32d-46b6-b183-48bcaccd2d8f",
        "Start Frame": 0,
        "End Frame": 120,
        "Caption": "#O man D places card on the table ; #O man D picks card on the table ; #O a man X picks play cards from the table; #O a man X places cards on the table; #O a man X picks a play card from the"
    },
    {
        "Video Name": "1c681083-a32d-46b6-b183-48bcaccd2d8f",
        "Start Frame": 120,
        "End Frame": 240,
        "Caption": "#O man D touches the play cards ; #O a man X picks card from the; #O a man X  plays poker; #O a man X places card on the; #O man D places card on the table"
    },
    {
        "Video Name": "1c681083-a32d-46b6-b183-48bcaccd2d8f",
        "Start Frame": 240,
        "End Frame": 360,
        "Caption": "#C C stares at a man X; #C C looks around ; #C C stares at a man X; #O man D removes hand from the table; #C C stares at a man X"
    },
    {
        "Video Name": "1c681083-a32d-46b6-b183-48bcaccd2d8f",
        "Start Frame": 360,
        "End Frame": 480,
        "Caption": "#O man D adjusts his shirt ; #O A man X looks at the cards on the; #C C looks around the room; #C C looks around; #C C converses with X"
    },
    {
        "Video Name": "1c681083-a32d-46b6-b183-48bcaccd2d8f",
        "Start Frame": 480,
        "End Frame": 600,
        "Caption": "#C C stares at a man; #C C looks at the table; #C C looks around the house; #C C stares at a man; #C C looks around"
    },
    {
        "Video Name": "1c681083-a32d-46b6-b183-48bcaccd2d8f",
        "Start Frame": 600,
        "End Frame": 720,
        "Caption": "#O a man X shuffles the cards; #O a man X talks to a man C; #C C stares at a man X; #O man D hits the table with the cards; #O man D holds card "
    },
    {
        "Video Name": "1c681083-a32d-46b6-b183-48bcaccd2d8f",
        "Start Frame": 720,
        "End Frame": 840,
        "Caption": "#C C looks around ; #O a man X picks cards; #C C looks around; #O man D looks around ; #C C looks around the apartment"
    },
    {
        "Video Name": "1c681083-a32d-46b6-b183-48bcaccd2d8f",
        "Start Frame": 840,
        "End Frame": 960,
        "Caption": "#O a man X picks card from the; #O man D shuffles card ; #O man D places card on the table; #O a man X selects cards; #O man D touches card "
    },
    {
        "Video Name": "1c681083-a32d-46b6-b183-48bcaccd2d8f",
        "Start Frame": 960,
        "End Frame": 1080,
        "Caption": "#O man D shuffles cards; #O man D shuffles card; #O a man X arranges; #O man D touches the cards; #O man D shuffles card"
    },
    {
        "Video Name": "1c681083-a32d-46b6-b183-48bcaccd2d8f",
        "Start Frame": 1080,
        "End Frame": 1200,
        "Caption": "#O a man X places card on the; #O a man X moves the play cards; #O man D places card on the table; #O a man X arranges the cards; #O man D shuffles the card "
    },
    {
        "Video Name": "1c681083-a32d-46b6-b183-48bcaccd2d8f",
        "Start Frame": 1200,
        "End Frame": 1320,
        "Caption": "#O man D shuffles card ; #O man D places card on the table; #O man D shuffles card ; #C C stares at a man X; #O a man X spreads the cards"
    },
    {
        "Video Name": "1c681083-a32d-46b6-b183-48bcaccd2d8f",
        "Start Frame": 1320,
        "End Frame": 1440,
        "Caption": "#O man D puts card down ; #O man D places card on the table; #C C plays cards with a man X; #O man D places card on the table; #O man D places card on the table"
    },
    {
        "Video Name": "1c681083-a32d-46b6-b183-48bcaccd2d8f",
        "Start Frame": 1440,
        "End Frame": 1560,
        "Caption": "#C C stares at the table; #C C looks at the table; #C C stares at the table; #O a man X places his hands on the; #C C stares at the table"
    },
    {
        "Video Name": "1c681083-a32d-46b6-b183-48bcaccd2d8f",
        "Start Frame": 1560,
        "End Frame": 1680,
        "Caption": "#C C looks around the house; #O man D touches his nose; #C C looks around; #C C stares at a man; #C C stares at a man"
    },
    {
        "Video Name": "1c681083-a32d-46b6-b183-48bcaccd2d8f",
        "Start Frame": 1680,
        "End Frame": 1800,
        "Caption": "#O a man X picks cards from the; #O a man X places card on the; #O man D places card on the table; #O man D places card on the table; #O man D places card on the table"
    },
    {
        "Video Name": "1c681083-a32d-46b6-b183-48bcaccd2d8f",
        "Start Frame": 1800,
        "End Frame": 1920,
        "Caption": "#O man D places card on the table; #O man D places card on the table; #O a man X picks card; #O man D places card on the table; #O man D places card on the table"
    },
    {
        "Video Name": "1c681083-a32d-46b6-b183-48bcaccd2d8f",
        "Start Frame": 1920,
        "End Frame": 2040,
        "Caption": "#O a man X places card on the; #O a man X places card on the; #O a man X picks cards from the; #C C stares at a man X; #O a man X picks cards from the"
    },
    {
        "Video Name": "1c681083-a32d-46b6-b183-48bcaccd2d8f",
        "Start Frame": 2040,
        "End Frame": 2160,
        "Caption": "#C C stares at the table; #C C looks around ; #C C stares at the table; #C C stares at the table; #C C looks at the play"
    },
    {
        "Video Name": "1c681083-a32d-46b6-b183-48bcaccd2d8f",
        "Start Frame": 2160,
        "End Frame": 2280,
        "Caption": "#C C looks at the cards on the; #C C adjusts the camera; #C C adjusts the camera; #C C looks at the cards on the; #C C looks around the table"
    },
    {
        "Video Name": "1c681083-a32d-46b6-b183-48bcaccd2d8f",
        "Start Frame": 2280,
        "End Frame": 2400,
        "Caption": "#O man D places card on the table ; #O Person A puts the card on the table; #O Person A moves the cards on the table; #O A man X puts down the play card; #C C looks at the cards on the table"
    },
    {
        "Video Name": "1c681083-a32d-46b6-b183-48bcaccd2d8f",
        "Start Frame": 2400,
        "End Frame": 2520,
        "Caption": "#C C looks at the cards; #O a man X picks card from the; #C C puts cards on the table; #C C plays cards with man X; #C C looks at the cards"
    },
    {
        "Video Name": "1c681083-a32d-46b6-b183-48bcaccd2d8f",
        "Start Frame": 2520,
        "End Frame": 2640,
        "Caption": "#C C looks around the; #C C looks around the; #C C looks around the; #C C looks around the; #C C looks around the"
    },
    {
        "Video Name": "1c681083-a32d-46b6-b183-48bcaccd2d8f",
        "Start Frame": 2640,
        "End Frame": 2760,
        "Caption": "#C C looks around the house; #C C looks around the house; #C C looks around ; #C C looks around ; #C C stares at a man"
    },
    {
        "Video Name": "1c681083-a32d-46b6-b183-48bcaccd2d8f",
        "Start Frame": 2760,
        "End Frame": 2880,
        "Caption": "#C C stares at a man X; #C C stares at the table; #C C looks around ; #C C stares at a man X; #C C looks at the cards on the"
    },
    {
        "Video Name": "1c681083-a32d-46b6-b183-48bcaccd2d8f",
        "Start Frame": 2880,
        "End Frame": 3000,
        "Caption": "#C C looks at the play cards on the; #C C stares at the table; #C C stares at the table; #C C stares at the table; #C C stares at the table"
    },
    {
        "Video Name": "1c681083-a32d-46b6-b183-48bcaccd2d8f",
        "Start Frame": 3000,
        "End Frame": 3120,
        "Caption": "#C C stares at the; #C C stares at the; #C C looks at the; #C C stares at the; #C C stares at the"
    },
    {
        "Video Name": "1c681083-a32d-46b6-b183-48bcaccd2d8f",
        "Start Frame": 3120,
        "End Frame": 3240,
        "Caption": "#C C stares at the; #C C stares at the; #C C stares at the; #C C stares at the; #C C stares at the"
    },
    {
        "Video Name": "1c681083-a32d-46b6-b183-48bcaccd2d8f",
        "Start Frame": 3240,
        "End Frame": 3360,
        "Caption": "#O man D picks a card on the table; #O a man X picks a card from the; #O man D picks up card from the table; #O a man X picks a card from the; #O man D picks a card "
    },
    {
        "Video Name": "1c681083-a32d-46b6-b183-48bcaccd2d8f",
        "Start Frame": 3360,
        "End Frame": 3480,
        "Caption": "#C C looks around; #C C looks around; #C C looks around; #C C looks around; #C C looks around"
    },
    {
        "Video Name": "1c681083-a32d-46b6-b183-48bcaccd2d8f",
        "Start Frame": 3480,
        "End Frame": 3600,
        "Caption": "#C C looks around the; #C C looks around; #C C looks around the; #C C looks around; #C C looks around "
    },
    {
        "Video Name": "1c681083-a32d-46b6-b183-48bcaccd2d8f",
        "Start Frame": 3600,
        "End Frame": 3720,
        "Caption": "#C C looks up; #C C looks around; #C C looks around; #C C looks around the; #C C looks around"
    },
    {
        "Video Name": "1c681083-a32d-46b6-b183-48bcaccd2d8f",
        "Start Frame": 3720,
        "End Frame": 3840,
        "Caption": "#O man D picks paper on the table ; #O A man X picks a serviette from the; #O man D places card on the table ; #O A man X picks a serviette on the; #O A man X puts the serviette on the"
    },
    {
        "Video Name": "1c681083-a32d-46b6-b183-48bcaccd2d8f",
        "Start Frame": 3840,
        "End Frame": 3960,
        "Caption": "#O man D places card on the table; #O man D places card on the table; #O man D touches card on the table; #O a man X moves cards on the; #O man D places card on the table"
    },
    {
        "Video Name": "1c681083-a32d-46b6-b183-48bcaccd2d8f",
        "Start Frame": 3960,
        "End Frame": 4080,
        "Caption": "#O a man X moves his hand; #O man D gesture converses ; #O man D gesture moves hands ; #O man D points at the table; #O man D gesture moves hand "
    },
    {
        "Video Name": "1c681083-a32d-46b6-b183-48bcaccd2d8f",
        "Start Frame": 4080,
        "End Frame": 4200,
        "Caption": "#O man D places card on the table; #O man D shuffles card ; #O a man X looks at the card; #O man D places card on the table; #O man D picks card "
    },
    {
        "Video Name": "1c681083-a32d-46b6-b183-48bcaccd2d8f",
        "Start Frame": 4200,
        "End Frame": 4320,
        "Caption": "#O a man X places card on the; #O a man X places card on the; #O man D places card on the table; #O man D places card on the table; #O man D places card on the table"
    },
    {
        "Video Name": "1c681083-a32d-46b6-b183-48bcaccd2d8f",
        "Start Frame": 4320,
        "End Frame": 4440,
        "Caption": "#O a man X places card on the table; #O man D picks card ; #O a man X puts the card on the; #O man D picks card ; #O a man X drops card on the table"
    },
    {
        "Video Name": "1c681083-a32d-46b6-b183-48bcaccd2d8f",
        "Start Frame": 4440,
        "End Frame": 4560,
        "Caption": "#O man D points ; #O A man X uses gestures; #O A man X gestures with his; #O man F points ahead ; #O A man X moves his hands"
    },
    {
        "Video Name": "1c681083-a32d-46b6-b183-48bcaccd2d8f",
        "Start Frame": 4560,
        "End Frame": 4680,
        "Caption": "#O a man X picks cards from the; #C C stares at a man X; #O man D shuffles cards ; #O man D picks card from the table; #C C looks around "
    },
    {
        "Video Name": "1c681083-a32d-46b6-b183-48bcaccd2d8f",
        "Start Frame": 4680,
        "End Frame": 4800,
        "Caption": "#O man D looks at card ; #C C looks around; #O man D spreads out cards ; #O man D places card on the table; #O man D places card on the table"
    },
    {
        "Video Name": "1c681083-a32d-46b6-b183-48bcaccd2d8f",
        "Start Frame": 4800,
        "End Frame": 4920,
        "Caption": "#O man D places card on the table ; #O man D places card on the table ; #O a man X places the card on the; #O A man X puts down the card; #O man D places card on the table "
    },
    {
        "Video Name": "1c681083-a32d-46b6-b183-48bcaccd2d8f",
        "Start Frame": 4920,
        "End Frame": 5040,
        "Caption": "#O man D places card on the table; #C C looks at a man X; #O man D places card on the table; #O man D shuffles cards ; #C C stares at a man X"
    },
    {
        "Video Name": "1c681083-a32d-46b6-b183-48bcaccd2d8f",
        "Start Frame": 5040,
        "End Frame": 5160,
        "Caption": "#O man D places card on the table; #O man D places card on the table; #O man D shuffles card ; #O man D shuffles card ; #O man D arranges cards "
    },
    {
        "Video Name": "1c681083-a32d-46b6-b183-48bcaccd2d8f",
        "Start Frame": 5160,
        "End Frame": 5280,
        "Caption": "#C C looks around ; #C C looks around; #C C looks around; #O man D moves a card on the; #O a man X picks the cards"
    },
    {
        "Video Name": "1c681083-a32d-46b6-b183-48bcaccd2d8f",
        "Start Frame": 5280,
        "End Frame": 5400,
        "Caption": "#C C looks around; #C C walks around the; #C C looks around the; #C C looks around; #C C walks around the"
    }
]