[
    {
        "Video Name": "1d210b8a-b6f6-4f27-906c-4092e294b78d",
        "Start Frame": 0,
        "End Frame": 120,
        "Caption": "#C C holds spade with both hands; #C C holds spade with both hands; #C C picks spade with the right; #C C moves on the field ; #C C moves back"
    },
    {
        "Video Name": "1d210b8a-b6f6-4f27-906c-4092e294b78d",
        "Start Frame": 120,
        "End Frame": 240,
        "Caption": "#C C moves the spade; #C C picks spade with his right; #C C walks ahead; #C C  looks around ; #C C walks ahead"
    },
    {
        "Video Name": "1d210b8a-b6f6-4f27-906c-4092e294b78d",
        "Start Frame": 240,
        "End Frame": 360,
        "Caption": "#C C looks around; #C C looks ahead; #C C looks around ; #O man Q holds a sp; #C C looks around"
    },
    {
        "Video Name": "1d210b8a-b6f6-4f27-906c-4092e294b78d",
        "Start Frame": 360,
        "End Frame": 480,
        "Caption": "#C C holds spade with both hands ; #C C holds spade with both hands; #C C looks around; #C C holds the spade with the right; #C C looks around"
    },
    {
        "Video Name": "1d210b8a-b6f6-4f27-906c-4092e294b78d",
        "Start Frame": 480,
        "End Frame": 600,
        "Caption": "#C C looks; #C C walks; #C C looks; #C C looks; #C C walks"
    },
    {
        "Video Name": "1d210b8a-b6f6-4f27-906c-4092e294b78d",
        "Start Frame": 600,
        "End Frame": 720,
        "Caption": "#C C stands ; #C C walks ahead; #C C walks ahead; #C C walks around the; #C C looks ahead"
    },
    {
        "Video Name": "1d210b8a-b6f6-4f27-906c-4092e294b78d",
        "Start Frame": 720,
        "End Frame": 840,
        "Caption": "#C C walks ahead; #C C walks ahead; #O A man B walks around the; #C C moves backwards; #O man A walks"
    },
    {
        "Video Name": "1d210b8a-b6f6-4f27-906c-4092e294b78d",
        "Start Frame": 840,
        "End Frame": 960,
        "Caption": "#C C holds spade with both hands; #O man X holds spade with right; #C C looks around; #C C scratches his hand; #C C looks around"
    },
    {
        "Video Name": "1d210b8a-b6f6-4f27-906c-4092e294b78d",
        "Start Frame": 960,
        "End Frame": 1080,
        "Caption": "#C C looks down; #C C looks around; #C C looks around; #C C holds spade with both hands; #C C holds the spade with the right"
    },
    {
        "Video Name": "1d210b8a-b6f6-4f27-906c-4092e294b78d",
        "Start Frame": 1080,
        "End Frame": 1200,
        "Caption": "#O man X walks ahead of C; #C C puts spade in the; #C C walks ahead; #C C lifts up the spade; #C C looks down"
    },
    {
        "Video Name": "1d210b8a-b6f6-4f27-906c-4092e294b78d",
        "Start Frame": 1200,
        "End Frame": 1320,
        "Caption": "#C C smokes cigarette; #C C lights the vape ; #C C removes the vape from the; #C C  puts bottle down; #C C looks down"
    },
    {
        "Video Name": "1d210b8a-b6f6-4f27-906c-4092e294b78d",
        "Start Frame": 1320,
        "End Frame": 1440,
        "Caption": "#C C holds the bottle with the right; #C C smokes the vape; #C C smokes vape; #C C smokes vape; #C C smokes bottle "
    },
    {
        "Video Name": "1d210b8a-b6f6-4f27-906c-4092e294b78d",
        "Start Frame": 1440,
        "End Frame": 1560,
        "Caption": "#C C smokes vape; #C C puts vape pen in the; #C C smokes vape; #C C smokes vape; #C C smokes the vape"
    },
    {
        "Video Name": "1d210b8a-b6f6-4f27-906c-4092e294b78d",
        "Start Frame": 1560,
        "End Frame": 1680,
        "Caption": "#C C looks down; #C C moves the spade on the hand; #C C looks around ; #C C looks around; #C C holds the spade with the right"
    },
    {
        "Video Name": "1d210b8a-b6f6-4f27-906c-4092e294b78d",
        "Start Frame": 1680,
        "End Frame": 1800,
        "Caption": "#C C moves the bottle; #C C  moves the bottle ; #C C holds the bottle with the left; #C C looks down; #C C stands on the ground"
    },
    {
        "Video Name": "1d210b8a-b6f6-4f27-906c-4092e294b78d",
        "Start Frame": 1800,
        "End Frame": 1920,
        "Caption": "#C C looks around ; #C C smokes vape; #C C smokes vape pen; #C C smokes vape; #C C looks around"
    },
    {
        "Video Name": "1d210b8a-b6f6-4f27-906c-4092e294b78d",
        "Start Frame": 1920,
        "End Frame": 2040,
        "Caption": "#C C smokes vape; #C C blows the; #C C smokes with; #C C smokes a; #C C smokes "
    },
    {
        "Video Name": "1d210b8a-b6f6-4f27-906c-4092e294b78d",
        "Start Frame": 2040,
        "End Frame": 2160,
        "Caption": "#C C smokes the; #C C looks around; #C C smokes a; #C C smokes vape; #C C smokes vape"
    },
    {
        "Video Name": "1d210b8a-b6f6-4f27-906c-4092e294b78d",
        "Start Frame": 2160,
        "End Frame": 2280,
        "Caption": "#C C moves bottle to the; #C C smokes a vape; #C C smokes a vape; #C C smokes a vape ; #C C smokes vape"
    },
    {
        "Video Name": "1d210b8a-b6f6-4f27-906c-4092e294b78d",
        "Start Frame": 2280,
        "End Frame": 2400,
        "Caption": "#C C holds the spade with the right; #C C looks around ; #C C holds the spade with his left; #C C looks down; #C C moves spade"
    },
    {
        "Video Name": "1d210b8a-b6f6-4f27-906c-4092e294b78d",
        "Start Frame": 2400,
        "End Frame": 2520,
        "Caption": "#C C walks ahead; #C C walks on the road; #C C looks around ; #C C smokes vape; #C C walks "
    },
    {
        "Video Name": "1d210b8a-b6f6-4f27-906c-4092e294b78d",
        "Start Frame": 2520,
        "End Frame": 2640,
        "Caption": "#C C smokes vape ; #C C lifts the vape; #C C looks down; #C C lowers bottle; #C C exhales smoke"
    },
    {
        "Video Name": "1d210b8a-b6f6-4f27-906c-4092e294b78d",
        "Start Frame": 2640,
        "End Frame": 2760,
        "Caption": "#C C walks around the; #C C looks around ; #C C walks ahead; #C C walks ahead; #C C walks ahead"
    },
    {
        "Video Name": "1d210b8a-b6f6-4f27-906c-4092e294b78d",
        "Start Frame": 2760,
        "End Frame": 2880,
        "Caption": "#C C looks around; #C C walks around; #C C rubs face with hand; #C C rubs face with hand; #C C touches the face"
    },
    {
        "Video Name": "1d210b8a-b6f6-4f27-906c-4092e294b78d",
        "Start Frame": 2880,
        "End Frame": 3000,
        "Caption": "#C C points with right hand; #C C looks at the tractor; #C C moves hand; #C C looks around; #C C looks around"
    },
    {
        "Video Name": "1d210b8a-b6f6-4f27-906c-4092e294b78d",
        "Start Frame": 3000,
        "End Frame": 3120,
        "Caption": "#C C looks ahead; #C C moves the right hand; #C C points finger; #C C points with his right; #C C points with right hand"
    },
    {
        "Video Name": "1d210b8a-b6f6-4f27-906c-4092e294b78d",
        "Start Frame": 3120,
        "End Frame": 3240,
        "Caption": "#C C moves around; #C C throws the tree; #C C looks around; #C C moves the hands; #C C lifts right hand"
    },
    {
        "Video Name": "1d210b8a-b6f6-4f27-906c-4092e294b78d",
        "Start Frame": 3240,
        "End Frame": 3360,
        "Caption": "#C C pulls the tree with the right; #C C holds the tree with the right; #C C pulls a tree with both hands; #C C holds the tree with both hands; #C C holds the tree with both hands"
    },
    {
        "Video Name": "1d210b8a-b6f6-4f27-906c-4092e294b78d",
        "Start Frame": 3360,
        "End Frame": 3480,
        "Caption": "#C C moves with the tree; #C C moves a tree with both hands; #C C moves hand up; #C C moves the tree; #C C touches the plant"
    },
    {
        "Video Name": "1d210b8a-b6f6-4f27-906c-4092e294b78d",
        "Start Frame": 3480,
        "End Frame": 3600,
        "Caption": "#C C holds the tree; #C C lifts the tree; #C C lifts the tree; #C C touches the tree; #C C holds the tree"
    },
    {
        "Video Name": "1d210b8a-b6f6-4f27-906c-4092e294b78d",
        "Start Frame": 3600,
        "End Frame": 3720,
        "Caption": "#C C touches the; #C C touches the; #C C holds the; #C C holds the; #C C touches the"
    },
    {
        "Video Name": "1d210b8a-b6f6-4f27-906c-4092e294b78d",
        "Start Frame": 3720,
        "End Frame": 3840,
        "Caption": "#C C touches the tree; #C C holds the plant; #C C holds the plant; #C C touches tree; #C C touches the plant"
    },
    {
        "Video Name": "1d210b8a-b6f6-4f27-906c-4092e294b78d",
        "Start Frame": 3840,
        "End Frame": 3960,
        "Caption": "#C C moves hand; #C C looks around; #C C moves the hand; #C C pushes the plant; #C C  touches the"
    },
    {
        "Video Name": "1d210b8a-b6f6-4f27-906c-4092e294b78d",
        "Start Frame": 3960,
        "End Frame": 4080,
        "Caption": "#C C looks around; #C C raises the; #C C lifts hand; #C C moves hand; #C C moves hand"
    },
    {
        "Video Name": "1d210b8a-b6f6-4f27-906c-4092e294b78d",
        "Start Frame": 4080,
        "End Frame": 4200,
        "Caption": "#C C looks around; #C C looks around; #C C holds pocket; #C C looks around; #C C puts hand"
    },
    {
        "Video Name": "1d210b8a-b6f6-4f27-906c-4092e294b78d",
        "Start Frame": 4200,
        "End Frame": 4320,
        "Caption": "#C C moves the sack; #C C touches the sack; #C C touches the sack; #C C holds the sack; #C C touches the sack"
    },
    {
        "Video Name": "1d210b8a-b6f6-4f27-906c-4092e294b78d",
        "Start Frame": 4320,
        "End Frame": 4440,
        "Caption": "#C C holds the sack; #C C pulls the sack; #C C pulls a sack; #C C puts down the; #C C removes the sack"
    },
    {
        "Video Name": "1d210b8a-b6f6-4f27-906c-4092e294b78d",
        "Start Frame": 4440,
        "End Frame": 4560,
        "Caption": "#C C holds the sack with the right; #C C holds the sack; #C C holds the sack; #C C holds the sack; #C C holds the sack"
    },
    {
        "Video Name": "1d210b8a-b6f6-4f27-906c-4092e294b78d",
        "Start Frame": 4560,
        "End Frame": 4680,
        "Caption": "#C C pulls sack; #C C holds the sack with the left; #C C pulls the sack with the left; #C C pulls sack; #C C opens up the sack"
    },
    {
        "Video Name": "1d210b8a-b6f6-4f27-906c-4092e294b78d",
        "Start Frame": 4680,
        "End Frame": 4800,
        "Caption": "#C C pulls a sack; #C C holds the sack with both; #C C touches a sack; #C C holds the sack; #C C holds the sack"
    },
    {
        "Video Name": "1d210b8a-b6f6-4f27-906c-4092e294b78d",
        "Start Frame": 4800,
        "End Frame": 4920,
        "Caption": "# C C holds the sack ; #C C moves the sack; #C C removes sack from the; #C C pulls a sack ; #C C moves the sack "
    },
    {
        "Video Name": "1d210b8a-b6f6-4f27-906c-4092e294b78d",
        "Start Frame": 4920,
        "End Frame": 5040,
        "Caption": "#C C removes the sack ; #C C pulls the sack ; #C C pulls the sack with the left; #C C picks the sack ; #C C pulls the sack"
    },
    {
        "Video Name": "1d210b8a-b6f6-4f27-906c-4092e294b78d",
        "Start Frame": 5040,
        "End Frame": 5160,
        "Caption": "#C C pulls the sack; #C C   pulls the sack ; #C C pulls a sack ; #C C puts the sack on top of the; #C C pulls the sack"
    },
    {
        "Video Name": "1d210b8a-b6f6-4f27-906c-4092e294b78d",
        "Start Frame": 5160,
        "End Frame": 5280,
        "Caption": "#C C opens the sack; #C C holds sack ; # C C opens sack; #C C cuts the sack with a crow; #C C holds the sack with his right"
    },
    {
        "Video Name": "1d210b8a-b6f6-4f27-906c-4092e294b78d",
        "Start Frame": 5280,
        "End Frame": 5400,
        "Caption": "#C C pulls the sack; #C C holds the sack with the left; #C C pulls the sack; #C C pulls up the sack; #C C pulls the sack"
    }
]