[
    {
        "Video Name": "1d321887-838b-4e39-874d-980e1a7fb25e",
        "Start Frame": 0,
        "End Frame": 120,
        "Caption": "#C C fixes the chain saw; #C C fixes the chainsaw engine with his right hand ; #C C attaches the chain to the chainsaw engine with his left hand; #C C picks a bolt; #C C removes a nut from the chainsaw engine with his right hand"
    },
    {
        "Video Name": "1d321887-838b-4e39-874d-980e1a7fb25e",
        "Start Frame": 120,
        "End Frame": 240,
        "Caption": "#C C loosens a screw in the chainsaw engine with the screw driver in his right hand.; #C C removes the bolt from the chainsaw engine with the spark plug spanner in his right hand; #C C removes the bolt; #C C touches the hedge trimmer lid with his left hand.; #C C touches the blade on the hedge trimmer engine with his left hand."
    },
    {
        "Video Name": "1d321887-838b-4e39-874d-980e1a7fb25e",
        "Start Frame": 240,
        "End Frame": 360,
        "Caption": "#C C picks the chainsaw blade from the worktable with his right hand; #C C picks the bolt from the worktable with his right hand.; #C C picks the bolt from the worktable with his right hand.; #C C picks up a bolt from the table with his right hand.; #C C picks the bolts"
    },
    {
        "Video Name": "1d321887-838b-4e39-874d-980e1a7fb25e",
        "Start Frame": 360,
        "End Frame": 480,
        "Caption": "#C C looks at the chainsaw sprocket; #C C holds the blade on the hedge trimmer engine with his left hand; #C C places the blade in his left hand on the hedge trimmer engine; #C C places the blade on the hedge trimmer engine with his left hand; #C C puts the blade on the power saw "
    },
    {
        "Video Name": "1d321887-838b-4e39-874d-980e1a7fb25e",
        "Start Frame": 480,
        "End Frame": 600,
        "Caption": "#C C places the blade on the hedge trimmer engine with his left hand.; #C C holds the blade of the hedge trimmer in his left hand with his right hand; #C C removes the screw in the chainsaw blade with his left hand.; #C C picks the power saw; #C C removes the bolt from the hedge trimmer blade with his left hand."
    },
    {
        "Video Name": "1d321887-838b-4e39-874d-980e1a7fb25e",
        "Start Frame": 600,
        "End Frame": 720,
        "Caption": "#C C removes a blade from the hedge trimmer engine with his right hand; #C C picks a blade on the table with his right hand.; #C C picks the blade from the table with his right hand.; #C C picks a bolt from the table with his right hand.; #C C picks a bolt from the worktable with his right hand."
    },
    {
        "Video Name": "1d321887-838b-4e39-874d-980e1a7fb25e",
        "Start Frame": 720,
        "End Frame": 840,
        "Caption": "#C C picks the ring spanner ; #C C picks the screw from the work table with his right hand; #C C holds the hedge trimmer engine with both hands.; #C C takes the bolt ; #C C picks the screw from the table with his right hand."
    },
    {
        "Video Name": "1d321887-838b-4e39-874d-980e1a7fb25e",
        "Start Frame": 840,
        "End Frame": 960,
        "Caption": "#C C removes the blade of the chainsaw with his right hand.; #C C puts the pliers on top of the chain brake; #C C adjusts the gear plate ; #C C tightens the bolt on the chainsaw engine with the blade in his right hand; #C C holds the clutch lever with his left hand."
    },
    {
        "Video Name": "1d321887-838b-4e39-874d-980e1a7fb25e",
        "Start Frame": 960,
        "End Frame": 1080,
        "Caption": "#C C holds the clutch levers on the left handle of the mini dumper with his left hand; #C C adjusts the chainsaw blade in the chainsaw engine with his right hand.; #C C fixes the chainsaw blade to the chainsaw with his right hand.; #C C removes a clip on the hedge trimmer engine with the blade in his right hand.; #C C cuts the wire in the blade with the pair of pliers in his right hand."
    },
    {
        "Video Name": "1d321887-838b-4e39-874d-980e1a7fb25e",
        "Start Frame": 1080,
        "End Frame": 1200,
        "Caption": "#C C fixes the blade on the hedge trimmer engine with his left hand; #C C touches the chainsaw engine with his left hand.; #C C fixes the blade on the hedge trimmer engine with both hands.; #C C moves the chain saw on the hedge trimmer with his left hand; #C C touches the chainsaw engine with his left hand."
    },
    {
        "Video Name": "1d321887-838b-4e39-874d-980e1a7fb25e",
        "Start Frame": 1200,
        "End Frame": 1320,
        "Caption": "#C C adjusts the blade on the hedge trimmer engine with his right hand; #C C fixes the nut with hand; #C C removes the bolt with the hand ; #C C places the chain bar on the chainsaw engine with his right hand; #C C removes a nut from the hedge trimmer lid with his left hand"
    },
    {
        "Video Name": "1d321887-838b-4e39-874d-980e1a7fb25e",
        "Start Frame": 1320,
        "End Frame": 1440,
        "Caption": "#C C removes the screw from the chainsaw engine with the plier in his right hand.; #C C drives the screw into the chainsaw engine with the pair of pliers in his right hand.; #C C holds the pair of pliers with his right hand.; #C C puts the screw in the clutch lever with his left hand.; #C C places the pair of pliers on the handle of the hedge trimmer engine with his right hand"
    },
    {
        "Video Name": "1d321887-838b-4e39-874d-980e1a7fb25e",
        "Start Frame": 1440,
        "End Frame": 1560,
        "Caption": "#C C places the screw driver on the hedge trimmer engine with his right hand; #C C fits the blade on the hedge trimmer engine with his right hand.; #C C removes the bolt with the spark plug spanner; #C C fixes the bolt ; #C C fixes the blade on the hedge trimmer engine with his left hand."
    },
    {
        "Video Name": "1d321887-838b-4e39-874d-980e1a7fb25e",
        "Start Frame": 1560,
        "End Frame": 1680,
        "Caption": "#C C fixes the blade on the hedge trimmer engine with his left hand.; #C C fixes the clutch levers; #C C places the blade in the clutch lever on the left handle of the lawn mower with his right hand; #C C places the bolt and nut in the blade on the hedge trimmer engine with his right hand.; #C C tightens the bolt with the wrench "
    },
    {
        "Video Name": "1d321887-838b-4e39-874d-980e1a7fb25e",
        "Start Frame": 1680,
        "End Frame": 1800,
        "Caption": "#C C touches the carburetor on the lawn mower with the pair of pliers in his right hand.; #C C fixes the brake disc on the clutch lever on the scooter engine with both hands.; #C C fixes the clutch cable on the clutch lever; #C C puts the bolt on the chainsaw blade with the plier in his right hand.; #C C fits the blade in the chainsaw with his right hand."
    },
    {
        "Video Name": "1d321887-838b-4e39-874d-980e1a7fb25e",
        "Start Frame": 1800,
        "End Frame": 1920,
        "Caption": "#C C holds the chainsaw blade with his right hand.; #C C fixes the bolt with the impact wrench; #C C uses the screw driver in his right hand on the clutch lever on the left handle of the mini dumper. ; #C C places the blade in the clutch lever on the left handle of the mini dumper with his right hand.; #C C screws the bolt into the clutch lever on the left handle of the mini dumper with the pair of pliers in his right hand"
    },
    {
        "Video Name": "1d321887-838b-4e39-874d-980e1a7fb25e",
        "Start Frame": 1920,
        "End Frame": 2040,
        "Caption": "#C C places his left hand on the pair of hedge trimmer blades.; #C C holds the brake lever on the pair of hedge trimmer blades with his left hand.; #C C places the pair of pliers on the gear plate of the chainsaw engine with his right hand.; #C C adjusts the brake lever on the hedge trimmer engine with his left hand.; #C C holds the gear teeth on the clutch lever with his left hand."
    },
    {
        "Video Name": "1d321887-838b-4e39-874d-980e1a7fb25e",
        "Start Frame": 2040,
        "End Frame": 2160,
        "Caption": "#C C  fixes the disc brake ; #C C fixes the gear plate on the chainsaw; #C C holds the chainsaw frame with his left hand.; #C C unscrews the bolt on the hedge trimmer with the spark plug spanner in his left hand; #C C adjusts the gear plate on the hedge trimmer engine with his left hand."
    },
    {
        "Video Name": "1d321887-838b-4e39-874d-980e1a7fb25e",
        "Start Frame": 2160,
        "End Frame": 2280,
        "Caption": "#C C places the spark plug spanner in his left hand on the carburetor in the engine block on the table; #C C removes the spark plug spanner from the engine with his left hand.; #C C touches the handle of the hedge trimmer with his left hand.; #C C places the t shaped screw driver in his right hand on the table.; #C C picks a screw driver"
    },
    {
        "Video Name": "1d321887-838b-4e39-874d-980e1a7fb25e",
        "Start Frame": 2280,
        "End Frame": 2400,
        "Caption": "#C C puts the blade on the table; #C C picks the t-screw driver from the worktable with his right hand; #C C places the saw on the table with his right hand.; #C C drops the pair of pliers on the table with his right hand.; #C C puts the t shaped screw driver in the table"
    },
    {
        "Video Name": "1d321887-838b-4e39-874d-980e1a7fb25e",
        "Start Frame": 2400,
        "End Frame": 2520,
        "Caption": "#C C picks the ring spanner from the worktable with his right hand; #C C puts the hammer down; #C C picks the impact wrench ; #C C picks up the bolt from the table with his right hand.; #C C picks the spark plug from the worktable with his right hand."
    },
    {
        "Video Name": "1d321887-838b-4e39-874d-980e1a7fb25e",
        "Start Frame": 2520,
        "End Frame": 2640,
        "Caption": "#C C fixes the blade on the bolt; #C C fixes the bolt on the chainsaw engine with his right hand.; #C C fixes the bolt on the hedge trimmer blade with his right hand; #C C fixes the bolt on the blade; #C C fixes the bolt on the machine"
    },
    {
        "Video Name": "1d321887-838b-4e39-874d-980e1a7fb25e",
        "Start Frame": 2640,
        "End Frame": 2760,
        "Caption": "#C C adjusts the chainsaw engine on the table with both hands.; #C C fixes the blade in the chainsaw engine with his right hand; #C C places the screw in his right hand on the table.; #C C fixes the blades on the machine; #C C fixes the bolt in the machine"
    },
    {
        "Video Name": "1d321887-838b-4e39-874d-980e1a7fb25e",
        "Start Frame": 2760,
        "End Frame": 2880,
        "Caption": "#C C pulls the blade; #C C fixes the disc brake with his right hand.; #C C places the chainsaw blade on the worktable with his right hand; #C C holds the chainsaw frame with his left hand.; #C C puts the chain saw on the table"
    },
    {
        "Video Name": "1d321887-838b-4e39-874d-980e1a7fb25e",
        "Start Frame": 2880,
        "End Frame": 3000,
        "Caption": "#C C touches the chainsaw engine with his right hand.; #C C fixes the blade to the hedge trimmer engine with his right hand.; #C C touches the gear plate; #C C adjusts the gearshift on the hedge trimmer engine with his right hand; #C C fixes the blade in the hedge trimmer engine with his right hand."
    },
    {
        "Video Name": "1d321887-838b-4e39-874d-980e1a7fb25e",
        "Start Frame": 3000,
        "End Frame": 3120,
        "Caption": "#C C fixes the blade on the hedge trimmer engine; #C C removes the bolt from the blade on the hedge trimmer engine with the pair of pliers in his left hand; #C C fixes the blade on the hedge trimmer engine with his left hand.; #C C fixes the screw on the blade on the hedge trimmer engine with the screwdriver in his right hand.; #C C picks the spark plug spanner from the table with his right hand."
    },
    {
        "Video Name": "1d321887-838b-4e39-874d-980e1a7fb25e",
        "Start Frame": 3120,
        "End Frame": 3240,
        "Caption": "#C C fixes the chain saw; #C C places the spanner in his right hand on the hedge trimmer on the table; #C C removes the bolt from the hedge trimmer blade with his left hand.; #C C picks the bolt from the hedge trimmer lid with his right hand.; #C C picks the spark plug spanner from the table with his right hand."
    },
    {
        "Video Name": "1d321887-838b-4e39-874d-980e1a7fb25e",
        "Start Frame": 3240,
        "End Frame": 3360,
        "Caption": "#C C places the bolt and nut in his right hand on the chainsaw blade on the table.; #C C fixes the bolt on the chainsaw ; #C C picks the blade from the hedge trimmer engine with his right hand.; #C C adjusts the bolt on the blade on the hedge trimmer engine with the nut driver in his right hand.; #C C fixes the blade on the hedge trimmer engine with his right hand."
    },
    {
        "Video Name": "1d321887-838b-4e39-874d-980e1a7fb25e",
        "Start Frame": 3360,
        "End Frame": 3480,
        "Caption": "#C C picks a bolt from the box on the worktable with his right hand; #C C takes a screw; #C C takes a nut ; #C C picks a bolt from the tools rack with his right hand.; #C C fixes the bolt in the chain bar with his right hand."
    },
    {
        "Video Name": "1d321887-838b-4e39-874d-980e1a7fb25e",
        "Start Frame": 3480,
        "End Frame": 3600,
        "Caption": "#C C picks the bolt from the worktable with his right hand.; #C C picks the bolt and nut from the table with his right hand; #C C picks a spanner from the worktable with his right hand; #C C picks a bolt from the table with his right hand.; #C C picks a bolt from the table with his right hand."
    },
    {
        "Video Name": "1d321887-838b-4e39-874d-980e1a7fb25e",
        "Start Frame": 3600,
        "End Frame": 3720,
        "Caption": "#C C touches the blade on the hedge trimmer engine with his left hand.; #C C places his right hand on the hedge trimmer lid.; #C C touches the chainsaw engine with the ring spanner in his right hand; #C C looks at the chain bar; #C C places the screw driver on the chain break with his right hand."
    },
    {
        "Video Name": "1d321887-838b-4e39-874d-980e1a7fb25e",
        "Start Frame": 3720,
        "End Frame": 3840,
        "Caption": "#C C fixes the nut on the hedge trimmer blade with his left hand; #C C fixes the bolt on the hedge trimmer blade with both hands.; #C C fixes the chainsaw sprocket with both hands.; #C C fixes the bolt on the hedge trimmer blade with both hands.; #C C holds the chainsaw with both hands."
    },
    {
        "Video Name": "1d321887-838b-4e39-874d-980e1a7fb25e",
        "Start Frame": 3840,
        "End Frame": 3960,
        "Caption": "#C C holds the blade of the chainsaw with his left hand.; #C C removes the bolt from the chainsaw engine with the plier in his right hand.; #C C loosens the screw; #C C fixes the chain bar in the blade of the hedge trimmer engine with his left hand; #C C tightens the screw in the chainsaw blade with the chisel in his right hand"
    },
    {
        "Video Name": "1d321887-838b-4e39-874d-980e1a7fb25e",
        "Start Frame": 3960,
        "End Frame": 4080,
        "Caption": "#C C unscrews the bolt with the hand wrench in his right hand.; #C C tightens the nut in the blade with the spanner in his right hand.; #C C tightens the bolt on the hedge trimmer lid with the spanner in his right hand.; #C C loosens a screw in the hedge trimmer engine with the spanner in his right hand.; #C C places the nut and bolt in his right hand on the bolt in the pair of hedge trimmer blades"
    },
    {
        "Video Name": "1d321887-838b-4e39-874d-980e1a7fb25e",
        "Start Frame": 4080,
        "End Frame": 4200,
        "Caption": "#C C tightens the bolt with the hand saw ; #C C tightens the bolt on the hedge trimmer lid with the t-wrench in his right hand; #C C holds the chainsaw with his right hand.; #C C tightens the bolt on the hedge trimmer engine with the t-wrench in his right hand; #C C fixes the bolt with the bolt tightener"
    },
    {
        "Video Name": "1d321887-838b-4e39-874d-980e1a7fb25e",
        "Start Frame": 4200,
        "End Frame": 4320,
        "Caption": "#C C places the t-wrench on the bolt on the hedge trimmer engine with his right hand.; #C C tightens the bolt on the hedge trimmer lid with the t-wrench in his right hand.; #C C tightens the bolt on the hedge trimmer lid with the bolt and nut tightener in his right hand; #C C fixes the hedge trimmer engine with the spanner in his right hand.; #C C tightens the bolt in the chainsaw frame with the spark plug spanner in his right hand."
    },
    {
        "Video Name": "1d321887-838b-4e39-874d-980e1a7fb25e",
        "Start Frame": 4320,
        "End Frame": 4440,
        "Caption": "#C C picks the screw from the table with his left hand.; #C C takes a screw from the steel bowl on the worktable with his left hand; #C C picks a nut from the cover of the bolt with his left hand.; #C C picks the bolt ; #C C picks a bolt from the table with his left hand."
    },
    {
        "Video Name": "1d321887-838b-4e39-874d-980e1a7fb25e",
        "Start Frame": 4440,
        "End Frame": 4560,
        "Caption": "#C C removes the bolt from the spark plug with his right hand; #C C fixes the screw into the clutch drum with his right hand; #C C holds the bolt with his left hand.; #C C fixes the bolt on the blade with his right hand.; #C C fixes the bolt on the bolt with the nut"
    },
    {
        "Video Name": "1d321887-838b-4e39-874d-980e1a7fb25e",
        "Start Frame": 4560,
        "End Frame": 4680,
        "Caption": "#C C touches the bolt; #C C places the bolt on the blade on the hedge trimmer engine with his left hand. ; #C C fixes the bolt and nut on the blade on the hedge trimmer engine with his left hand; #C C puts the bolt on the nut; #C C fixes the bolt on the hedge trimmer lid"
    },
    {
        "Video Name": "1d321887-838b-4e39-874d-980e1a7fb25e",
        "Start Frame": 4680,
        "End Frame": 4800,
        "Caption": "#C C fixes the blade on the chainsaw engine; #C C places the bolt on the blade on the table with his right hand.; #C C places the bolt on the blade on the table with his right hand. ; #C C inserts the bolt into the blade on the hedge trimmer engine with his right hand; #C C adjusts the blade on the hedge trimmer engine with his right hand."
    },
    {
        "Video Name": "1d321887-838b-4e39-874d-980e1a7fb25e",
        "Start Frame": 4800,
        "End Frame": 4920,
        "Caption": "#C C picks a bolt from the tin can on the worktable with his left hand; #C C picks up the bolt; #C C puts the bolt on the table; #C C drops the bolt; #C C removes the bolt from the chain bar with his left hand."
    },
    {
        "Video Name": "1d321887-838b-4e39-874d-980e1a7fb25e",
        "Start Frame": 4920,
        "End Frame": 5040,
        "Caption": "#C C holds the bolt with his right hand.; #C C fixes the bolt on the nut ; #C C fixes the screw in his right hand on the spark plug spanner in his left hand.; #C C fixes the bolt in the spark plug with his right hand.; #C C holds the nut"
    },
    {
        "Video Name": "1d321887-838b-4e39-874d-980e1a7fb25e",
        "Start Frame": 5040,
        "End Frame": 5160,
        "Caption": "#C C takes a screw from the chain bar with his left hand.; #C C attaches the bolt to the blade with his left hand.; #C C inserts the screw into the nut in the blade with his right hand.; #C C puts the bolt into the blade on the hedge trimmer engine with his right hand; #C C puts the nut on the screw"
    },
    {
        "Video Name": "1d321887-838b-4e39-874d-980e1a7fb25e",
        "Start Frame": 5160,
        "End Frame": 5280,
        "Caption": "#C C tightens the blade on the hedge trimmer engine with the t shaped screwdriver in his right hand; #C C removes the bolt from the blade with his right hand. ; #C C fixes the blade on the chain saw ; #C C fixes the blade on the hedge trimmer engine with his right hand.; #C C fixes the blade on the hedge trimmer engine with his right hand."
    },
    {
        "Video Name": "1d321887-838b-4e39-874d-980e1a7fb25e",
        "Start Frame": 5280,
        "End Frame": 5400,
        "Caption": "#C C places the bolt in his left hand on the cover in the tin of grease oil on the worktable; #C C puts the screw in the spanner ; #C C removes the screw from the bolt ; #C C picks a bolt from the bowl on the workshop table with his left hand.; #C C puts the screw in the bolt "
    }
]