[
    {
        "Video Name": "1d371a76-89bc-4738-82d5-e88430accf3c",
        "Start Frame": 0,
        "End Frame": 120,
        "Caption": "#C C removes the glasses; #C C touches his glasses; #C C wears the eye glasses; #C C removes the eye glasses; #C C wears glasses"
    },
    {
        "Video Name": "1d371a76-89bc-4738-82d5-e88430accf3c",
        "Start Frame": 120,
        "End Frame": 240,
        "Caption": "#C C Picks up a screw driver; #C C picks a pen from the; #C C picks up the wood; #C C picks the pen.; #C C Picks the piece of wood"
    },
    {
        "Video Name": "1d371a76-89bc-4738-82d5-e88430accf3c",
        "Start Frame": 240,
        "End Frame": 360,
        "Caption": "#C C Measures the table; #C C holds the cable hider firmly; #C C measures the table ; #C C Fixes the piece of wood under the; #C C holds the table "
    },
    {
        "Video Name": "1d371a76-89bc-4738-82d5-e88430accf3c",
        "Start Frame": 360,
        "End Frame": 480,
        "Caption": "#C C stares at the table; #C C Picks a wire; #C C puts the pen down; #C C Holds the pen; #C C drops the pen on the"
    },
    {
        "Video Name": "1d371a76-89bc-4738-82d5-e88430accf3c",
        "Start Frame": 480,
        "End Frame": 600,
        "Caption": "#C C removes the clip from the soldering; #C C removes the wire from the wire holder; #C C fixes the wire on the cable pass; #C C puts the cable tie on the table; #C C fixes the cable tie."
    },
    {
        "Video Name": "1d371a76-89bc-4738-82d5-e88430accf3c",
        "Start Frame": 600,
        "End Frame": 720,
        "Caption": "#C C walks around the room; #C C walks in the room; #C C walks in the room; #C C walks around the room; #C C walks towards a work"
    },
    {
        "Video Name": "1d371a76-89bc-4738-82d5-e88430accf3c",
        "Start Frame": 720,
        "End Frame": 840,
        "Caption": "#C C cuts the wire ; #C C cuts the cable tie with the pl; #C C cuts the wire ; #C C cuts the cable ; #C C cuts the wire"
    },
    {
        "Video Name": "1d371a76-89bc-4738-82d5-e88430accf3c",
        "Start Frame": 840,
        "End Frame": 960,
        "Caption": "#C C cuts the cable tie; #C C cuts the cable ; #C C cuts the cable tie.; #C C cuts the cable tie with the pliers; #C C cuts the cable with the pliers."
    },
    {
        "Video Name": "1d371a76-89bc-4738-82d5-e88430accf3c",
        "Start Frame": 960,
        "End Frame": 1080,
        "Caption": "#C C drops the scissors.; #C C cuts the wire; #C C drops the scissors on the table.; #C C drops the pliers on the table; #C C drops the scissors on the table."
    },
    {
        "Video Name": "1d371a76-89bc-4738-82d5-e88430accf3c",
        "Start Frame": 1080,
        "End Frame": 1200,
        "Caption": "#C C puts the phone on the window; #C C puts the phone on the window ; #C C puts the phone on the window; #C C looks around the room; #C C moves the socket to the wall with his left"
    },
    {
        "Video Name": "1d371a76-89bc-4738-82d5-e88430accf3c",
        "Start Frame": 1200,
        "End Frame": 1320,
        "Caption": "#C C cuts the cables; #C C cuts the pipe with the cutter; #C C cuts the steel bar with the pliers; #C C cuts the cable tie with a pliers; #C C cuts the seal tape"
    },
    {
        "Video Name": "1d371a76-89bc-4738-82d5-e88430accf3c",
        "Start Frame": 1320,
        "End Frame": 1440,
        "Caption": "#C C cuts the pipe with the knife; #C C cuts the plastic conduit with the; #C C pulls the wire with the pl; #C C cuts the wire with the cutter; #C C pulls the tape off the wall"
    },
    {
        "Video Name": "1d371a76-89bc-4738-82d5-e88430accf3c",
        "Start Frame": 1440,
        "End Frame": 1560,
        "Caption": "#C C Looks at the wood; #C C Looks at the table; #C C holds the long piece of wood with both hands; #C C Holds the wood with hands; #C C Looks at the wood"
    },
    {
        "Video Name": "1d371a76-89bc-4738-82d5-e88430accf3c",
        "Start Frame": 1560,
        "End Frame": 1680,
        "Caption": "#C C places the screw driver on the table; #C C fixes the wires; #C C fits the cable channel under the table; #C C fixes the bolt ; #C C fixes the screw on the table "
    },
    {
        "Video Name": "1d371a76-89bc-4738-82d5-e88430accf3c",
        "Start Frame": 1680,
        "End Frame": 1800,
        "Caption": "#C C fixes the piece of wood ; #C C fixes the rail on the table; #C C fixes the part of the table; #C C holds the table ; #C C adjusts the wooden rail"
    },
    {
        "Video Name": "1d371a76-89bc-4738-82d5-e88430accf3c",
        "Start Frame": 1800,
        "End Frame": 1920,
        "Caption": "#C C touches the fixture ; #C C places his right hand under the; #C C pushes the screw ; #C C adjusts the table stand ; #C C holds the metal pole"
    },
    {
        "Video Name": "1d371a76-89bc-4738-82d5-e88430accf3c",
        "Start Frame": 1920,
        "End Frame": 2040,
        "Caption": "#C C takes the table stand; #C C moves the table ; #C C moves the table ; #C C carries the table; #C C adjusts the table with his"
    },
    {
        "Video Name": "1d371a76-89bc-4738-82d5-e88430accf3c",
        "Start Frame": 2040,
        "End Frame": 2160,
        "Caption": "#C C holds the cable grip of the cable channel with his right hand; #C C holds the cable grip ; #C C adjusts the cable tie; #C C holds the cable channel with his left hand.; #C C holds the wire with both hands"
    },
    {
        "Video Name": "1d371a76-89bc-4738-82d5-e88430accf3c",
        "Start Frame": 2160,
        "End Frame": 2280,
        "Caption": "#C C touches the wire; #C C touches the cable ; #C C puts his finger through the screw hole; #C C adjusts the cable tie.; #C C fits the wire to the metal pole"
    },
    {
        "Video Name": "1d371a76-89bc-4738-82d5-e88430accf3c",
        "Start Frame": 2280,
        "End Frame": 2400,
        "Caption": "#C C Holds the table with; #C C Holds the table with; #C C Holds the table; #C C touches the table ; #C C moves the table"
    },
    {
        "Video Name": "1d371a76-89bc-4738-82d5-e88430accf3c",
        "Start Frame": 2400,
        "End Frame": 2520,
        "Caption": "#C C holds the screw with his left hand; #C C holds the cable hider; #C C moves his left hand ; #C C Holds the screw; #C C holds the cable channel with both hands"
    },
    {
        "Video Name": "1d371a76-89bc-4738-82d5-e88430accf3c",
        "Start Frame": 2520,
        "End Frame": 2640,
        "Caption": "#C C Holds the table; #C C looks under the table; #C C holds the cable hider with both hands; #C C looks around ; #C C Looks at the table"
    },
    {
        "Video Name": "1d371a76-89bc-4738-82d5-e88430accf3c",
        "Start Frame": 2640,
        "End Frame": 2760,
        "Caption": "#C C stares at the table; #C C moves the table ; #C C Looks under the table; #C C Looks at the table; #C C stands up"
    },
    {
        "Video Name": "1d371a76-89bc-4738-82d5-e88430accf3c",
        "Start Frame": 2760,
        "End Frame": 2880,
        "Caption": "#C C picks a socket box from the table.; #C C picks up the battery from the table; #C C picks the electric screwdriver on the table; #C C takes some screws from the table.; #C C picks up a fuse box."
    },
    {
        "Video Name": "1d371a76-89bc-4738-82d5-e88430accf3c",
        "Start Frame": 2880,
        "End Frame": 3000,
        "Caption": "#C C opens the screw; #C C places the socket box on the; #C C picks a screw ; #C C bends down ; #C C opens the screw "
    },
    {
        "Video Name": "1d371a76-89bc-4738-82d5-e88430accf3c",
        "Start Frame": 3000,
        "End Frame": 3120,
        "Caption": "#C C opens the screw; #C C fixes the screw in the fuse; #C C opens the screw; #C C fits the screw on the socket; #C C inserts the screw into the cable"
    },
    {
        "Video Name": "1d371a76-89bc-4738-82d5-e88430accf3c",
        "Start Frame": 3120,
        "End Frame": 3240,
        "Caption": "#C C pushes the screw ; #C C screws in the screw ; #C C looks in the socket; #C C fixes the cable tie; #C C inserts the cables in the socket"
    },
    {
        "Video Name": "1d371a76-89bc-4738-82d5-e88430accf3c",
        "Start Frame": 3240,
        "End Frame": 3360,
        "Caption": "#C C loosens a screw in the cable grip with his hand; #C C fits the screw on the panel light.; #C C loosens the screw; #C C removes the screw from the socket box; #C C tightens the screw with his hand"
    },
    {
        "Video Name": "1d371a76-89bc-4738-82d5-e88430accf3c",
        "Start Frame": 3360,
        "End Frame": 3480,
        "Caption": "#C C connects the cables in the; #C C fixes the cable wire; #C C fixes the cables with the; #C C ties cable tie; #C C removes the black tape."
    },
    {
        "Video Name": "1d371a76-89bc-4738-82d5-e88430accf3c",
        "Start Frame": 3480,
        "End Frame": 3600,
        "Caption": "#C C picks the drilling machine from the floor; #C C picks the cable pass; #C C picks a drill machine on the floor; #C C drops the drill on the floor; #C C drops the driller on the floor"
    },
    {
        "Video Name": "1d371a76-89bc-4738-82d5-e88430accf3c",
        "Start Frame": 3600,
        "End Frame": 3720,
        "Caption": "#C C stands up from the floor; #C C kneels down on the; #C C stands up ; #C C stands up; #C C kneels on the floor"
    },
    {
        "Video Name": "1d371a76-89bc-4738-82d5-e88430accf3c",
        "Start Frame": 3720,
        "End Frame": 3840,
        "Caption": "#C C kneels down; #C C stands up.; #C C sits down on the chair; #C C stands up.; #C C kneels down."
    },
    {
        "Video Name": "1d371a76-89bc-4738-82d5-e88430accf3c",
        "Start Frame": 3840,
        "End Frame": 3960,
        "Caption": "#C C holds the cable hider with both hands; #C C holds the cable channel.; #C C presses the cable channel with his right index finger; #C C measures the table with the tape measure; #C C touches the cable channel"
    },
    {
        "Video Name": "1d371a76-89bc-4738-82d5-e88430accf3c",
        "Start Frame": 3960,
        "End Frame": 4080,
        "Caption": "#C C Holds the screw with hand; #C C drills the screw on the table with the drill; #C C fixes the cable channel on the table with both hands; #C C places the screw driver on the table ; #C C unscrews the screw with the screwdriver"
    },
    {
        "Video Name": "1d371a76-89bc-4738-82d5-e88430accf3c",
        "Start Frame": 4080,
        "End Frame": 4200,
        "Caption": "#C C inserts the screw into the table with his right hand; #C C holds the adjustable arm of the table with his left; #C C loosens the screw; #C C fixes the screw on the table ; #C C looks under the table"
    },
    {
        "Video Name": "1d371a76-89bc-4738-82d5-e88430accf3c",
        "Start Frame": 4200,
        "End Frame": 4320,
        "Caption": "#C C takes the monitor ; #C C picks up the multimeter from the floor; #C C picks up the device ; #C C picks a remote control from the table; #C C picks the stand"
    },
    {
        "Video Name": "1d371a76-89bc-4738-82d5-e88430accf3c",
        "Start Frame": 4320,
        "End Frame": 4440,
        "Caption": "#C C holds the cable hider with his both; #C C Looks at the monitor; #C C fixes the meter rule on the table.; #C C looks at the meter gauge ; #C C looks at the meter gauge"
    },
    {
        "Video Name": "1d371a76-89bc-4738-82d5-e88430accf3c",
        "Start Frame": 4440,
        "End Frame": 4560,
        "Caption": "#C C picks a drill bit on the floor; #C C Holds the screw driver; #C C looks under the table ; #C C looks at the floor; #C C looks under the table "
    },
    {
        "Video Name": "1d371a76-89bc-4738-82d5-e88430accf3c",
        "Start Frame": 4560,
        "End Frame": 4680,
        "Caption": "#C C drills the screw ; #C C drills the nail into the plastic conduit; #C C drills the screw on the plastic conduit; #C C drills the nail on the wall with the driller.; #C C drills through the hole "
    },
    {
        "Video Name": "1d371a76-89bc-4738-82d5-e88430accf3c",
        "Start Frame": 4680,
        "End Frame": 4800,
        "Caption": "#C C removes the drilling machine from the pipe; #C C drills the screw in the driller on the table with his left hand; #C C drills the screw in the socket box with the driller.; #C C drills the screw into the table with the cordless driver; #C C removes the drilling machine "
    },
    {
        "Video Name": "1d371a76-89bc-4738-82d5-e88430accf3c",
        "Start Frame": 4800,
        "End Frame": 4920,
        "Caption": "#C C holds the drill; #C C drills the screw into the socket; #C C holds the drilling machine; #C C drills the screw into the hole on the cordless drill machine with his left hand; #C C drills a hole with the driller."
    },
    {
        "Video Name": "1d371a76-89bc-4738-82d5-e88430accf3c",
        "Start Frame": 4920,
        "End Frame": 5040,
        "Caption": "#C C holds the drilling machine; #C C Holds the drill machine; #C C drills the screw into the table.; #C C fixes the driller in the hole on the bottle; #C C drives the screw into the driller."
    },
    {
        "Video Name": "1d371a76-89bc-4738-82d5-e88430accf3c",
        "Start Frame": 5040,
        "End Frame": 5160,
        "Caption": "#C C drills the screw into the hole with the driller; #C C Holds the drill machine with the right hand; #C C drills the nail on the driller.; #C C removes the drilling machine ; #C C drills the wood "
    },
    {
        "Video Name": "1d371a76-89bc-4738-82d5-e88430accf3c",
        "Start Frame": 5160,
        "End Frame": 5280,
        "Caption": "#C C drills on the wood; #C C drills the screw in the screw on the table; #C C drills the screw into the table with the drill; #C C holds the drill with both hands; #C C holds the drill "
    },
    {
        "Video Name": "1d371a76-89bc-4738-82d5-e88430accf3c",
        "Start Frame": 5280,
        "End Frame": 5400,
        "Caption": "#C C drills the screw into the wood; #C C drills the screw into the table with the driller; #C C drills the nail into the table with the driller; #C C holds the hole; #C C holds the drilling machine"
    }
]